iteration,instance_id,instance_name,instance_selection,transitions,episode_count,episode_transition_mean,episode_transition_std,episode_seconds_mean,episode_seconds_std,reward,mean_return,fulfillment_rate_mean,fulfillment_rate_std,fulfillment_rate_min,fulfillment_rate_max,loss,policy_loss,value_loss,entropy,approx_kl,clip_fraction,learning_rate,discard_count,completion_count,steps_per_second,rollout_seconds,update_seconds,elapsed_seconds,fluid_solve_count,fluid_solve_seconds,fluid_cache_hit_count,fluid_fallback_count,sparse_attention_enabled,sparse_attention_scope,policy_forward_count,policy_forward_seconds,avg_action_tokens,max_action_tokens,padding_ratio,actor_batch_size_mean,policy_act_seconds,simulator_step_seconds,obs_build_seconds,rollout_device,update_device,cpu_memory_mb,gpu_memory_mb,gpu_temperature
0,1,DDT500_num100.txt,fixed,1793,8,224.125,18.771238327026367,7.5755486488342285,9.775161743164062e-06,-4.78,-0.346510287,0.20124998688697815,0.041963521391153336,0.15000000596046448,0.25999999046325684,-0.224227168,-0.219547316,0.0026695131964515895,0.6014617085456848,0.010854673950234428,0.03965173428878188,0.0003,639,161,147.05194258425598,7.595914602279663,4.597055912017822,12.192970514297485,871,0.26789050071965903,0,0,TRUE,pair,255,2.7526318004820496,6.072504183332547,40,0,7.031372549019608,2.7526318004820496,0.32381660130340606,4.33800049778074,cpu,cuda:0,0,670.44384765625,41
1,1,DDT500_num100.txt,fixed,1758,8,219.75,18.403465270996094,7.758401393890381,1.0563315299805254e-05,-4.72,-0.342194091,0.20499999821186066,0.0430116280913353,0.12999999523162842,0.27000001072883606,-0.28913978,-0.284820771,0.003106019087135792,0.5872021675109863,0.011682633589953185,0.050700878351926805,0.0003,636,164,133.50796986251567,7.7785046100616455,5.389248609542847,13.167753219604492,821,0.26459629903547466,0,0,TRUE,pair,253,3.1155148992547765,6.060864613460328,45,0,6.948616600790514,3.1155148992547765,0.3253442993154749,4.154640299966559,cpu,cuda:0,0,670.44189453125,41
2,1,DDT500_num100.txt,fixed,1792,8,224,8.732124328613281,7.193423748016357,6.370729806803865e-06,-4.7,-0.345059459,0.20625001192092896,0.02595067396759987,0.1599999964237213,0.23999999463558197,-0.024417592,-0.020441518,0.0038942026698754895,0.592318101061715,0.011004628354890479,0.05129494983702898,0.0003,635,165,91.83564168117863,7.213290214538574,12.299830913543701,19.513121128082275,843,0.24903619778342545,0,0,TRUE,pair,240,2.688390301191248,5.834263389131853,45,0,7.466666666666667,2.688390301191248,0.31591470050625503,4.031566902762279,cpu,cuda:0,0,670.44189453125,42
3,1,DDT500_num100.txt,fixed,1763,8,220.375,10.3433256149292,7.289064407348633,6.967372428334784e-06,-4.92,-0.411333177,0.19249999523162842,0.027271779254078865,0.14000000059604645,0.23000000417232513,-0.239216026,-0.235823851,0.004625272616976872,0.5704809203743935,0.01758583889750298,0.043093047104775906,0.0003,646,154,111.41879397999986,7.3081395626068115,8.51504373550415,15.823183298110962,849,0.2692776002222672,0,0,TRUE,pair,232,2.718719400349073,6.131026658698096,40,0,7.599137931034483,2.718719400349073,0.3103336014319211,4.101259998278692,cpu,cuda:0,0,670.44189453125,43
4,1,DDT500_num100.txt,fixed,1788,8,223.5,11.412712097167969,7.377880096435547,7.364008524746168e-06,-4.68,-0.366504509,0.20749999582767487,0.0386490635573864,0.14000000059604645,0.25,1.484308049082756,1.4880672097206116,0.006304222391918302,0.6911174654960632,3.945431724190712,0.029371995478868484,0.0003,634,166,121.14925831005714,7.398237705230713,7.360416412353516,14.758654117584229,837,0.2639491988811642,0,0,TRUE,pair,242,2.74584249954205,6.073825502288955,70,0,7.3884297520661155,2.74584249954205,0.32409880228806287,4.148315096623264,cpu,cuda:0,0,670.44189453125,43
5,1,DDT500_num100.txt,fixed,1823,8,227.875,20.318941116333008,20.974546432495117,1.5333112969528884e-05,-4.82,-0.347275615,0.19874998927116394,0.026663411408662796,0.1599999964237213,0.25,-0.131022194,-0.127235545,0.0042112521228513545,0.5892268632139478,0.009494373125822417,0.03977668158976095,0.0003,641,159,47.130691709948195,21.016506671905518,17.663171768188477,38.679678440093994,852,0.5001160013489425,0,0,TRUE,pair,269,6.555130200693384,5.798134942271849,40,0,6.776951672862453,6.555130200693384,0.8350479979999363,13.170128300203942,cpu,cuda:0,0,670.44384765625,43
6,1,DDT500_num100.txt,fixed,1854,8,231.75,13.699909210205078,21.103084564208984,1.3453231986204628e-05,-4.56,-0.375471607,0.2150000035762787,0.024494897574186325,0.18000000715255737,0.25,-0.341848914,-0.338432372,0.003346167446579784,0.5089611038565636,0.028053470523445867,0.022128723794594407,0.0003,628,172,62.53113235140233,21.136489152908325,8.512742042541504,29.64923119544983,833,0.47462499944958836,0,0,TRUE,pair,258,6.748461100738496,5.783171521035599,40,0,7.186046511627907,6.748461100738496,0.8504741943906993,13.090176998986863,cpu,cuda:0,0,547.4619141,44
7,1,DDT500_num100.txt,fixed,1787,8,223.375,15.16523551940918,20.387922286987305,1.3470122212311253e-05,-4.52,-0.359465577,0.2175000160932541,0.023318445309996605,0.1899999976158142,0.25999999046325684,-0.192957286,-0.190033887,0.005003047495847568,0.5424927957355976,0.012988684509764425,0.04120222001802176,0.0003,626,174,42.304712862147284,20.429139852523804,21.81201672554016,42.241156578063965,806,0.45982849947176874,0,0,TRUE,pair,246,6.483270200318657,5.773922775067893,40,0,7.264227642276423,6.483270200318657,0.8279690999770537,12.678477199864574,cpu,cuda:0,0,670.44189453125,44
8,1,DDT500_num100.txt,fixed,1861,8,232.625,16.9184627532959,21.207969665527344,1.350383990939008e-05,-4.64,-0.361063579,0.21000000834465027,0.03278719261288643,0.18000000715255737,0.27000001072883606,-0.084874569,-0.082044102,0.004858864544075914,0.525989968329668,0.011771986319217831,0.06583895743824542,0.0003,632,168,40.59412091994448,21.246610164642334,24.597466707229614,45.84407687187195,862,0.4987878989195451,0,0,TRUE,pair,255,6.740721401874907,5.674905965560101,40,0,7.298039215686274,6.740721401874907,0.8518325971672311,13.200908591388725,cpu,cuda:0,0,670.4443359,45
9,1,DDT500_num100.txt,fixed,1726,8,215.75,10.709224700927734,19.87318229675293,1.0249225852021482e-05,-4.84,-0.431956935,0.19750002026557922,0.023848477751016617,0.1599999964237213,0.23999999463558197,-0.107328882,-0.106037175,0.008688202438255152,0.5635810792446136,0.012115491136986142,0.0394903930524985,0.0003,642,158,48.11760255046064,19.91499090194702,15.955457925796509,35.87044882774353,791,0.4590234002098441,0,0,TRUE,pair,228,6.216087000211701,6.168018537628554,45,0,7.5701754385964914,6.216087000211701,0.8223187036346644,12.43901860108599,cpu,cuda:0,0,670.4414063,45
10,1,DDT500_num100.txt,fixed,1893,8,236.625,26.560955047607422,21.844135284423828,1.8331893443246372e-05,-4.38,-0.376199794,0.22625002264976501,0.03237958252429962,0.18000000715255737,0.2800000011920929,-0.076610385,-0.075561785,0.008026201277971268,0.5061698474667289,0.011729227717627178,0.04248120534149083,0.0003,619,181,35.65763112360129,21.885571718215942,31.202643632888794,53.088215351104736,833,0.6205494013847783,0,0,TRUE,pair,268,6.991130700102076,5.666138402129756,45,0,7.063432835820896,6.991130700102076,0.8684303992195055,13.559469201019965,cpu,cuda:0,0,670.4443359,46
11,1,DDT500_num100.txt,fixed,1747,8,218.375,16.94799041748047,20.229509353637695,1.2777100891980808e-05,-4.84,-0.422021299,0.19750000536441803,0.04145780950784683,0.11999999731779099,0.23999999463558197,-0.090053794,-0.088002176,0.006211147007221977,0.5157190521558126,0.010658016614615917,0.0288554680844148,0.0003,642,158,28.767256706994605,20.271085262298584,40.45768070220947,60.72876596450806,793,0.46633419883437455,0,0,TRUE,pair,248,6.408693299628794,6.0108757902024195,45,0,7.044354838709677,6.408693299628794,0.8151768010575324,12.607670896337368,cpu,cuda:0,0,670.44189453125,47
12,1,DDT500_num100.txt,fixed,1887,8,235.875,15.390235900878906,21.548608779907227,1.4463186744251288e-05,-4.66,-0.416069114,0.20875000953674316,0.02712816745042801,0.17000000178813934,0.25,-0.029023371,-0.026244553,0.0064970530155632235,0.6027343041367001,0.012853843244051354,0.036852208276589714,0.0003,633,167,43.02723231028863,21.591875553131104,22.264070987701416,43.85594654083252,870,0.49978049856144935,0,0,TRUE,pair,254,6.823146200622432,5.731849497439814,40,0,7.429133858267717,6.823146200622432,0.8384221005253494,13.466199401882477,cpu,cuda:0,0,670.4443359,47
13,1,DDT500_num100.txt,fixed,1871,8,233.875,14.666607856750488,21.357080459594727,1.3197281077736989e-05,-4.36,-0.42671923,0.22750000655651093,0.02436698228120804,0.20000000298023224,0.25999999046325684,-0.021298373,-0.019171548,0.006469087590548125,0.536136272278699,0.012853622010549192,0.05965886176140471,0.0003,618,182,37.34379799749347,21.39864230155945,28.70338535308838,50.10202765464783,858,0.4947653010021895,0,0,TRUE,pair,254,6.792219599476084,5.778193481079338,70,0,7.366141732283465,6.792219599476084,0.8339163007913157,13.319506303058006,cpu,cuda:0,0,670.4443359,48
14,1,DDT500_num100.txt,fixed,1770,8,221.25,12.803808212280273,20.244186401367188,1.2138292731833644e-05,-4.88,-0.438544006,0.19499999284744263,0.03640054911375046,0.12999999523162842,0.25,-0.153124225,-0.151343736,0.006922448429072069,0.5241704285144806,0.009689727503832223,0.044100531635599,0.0003,644,156,25.6344968114084,20.28602433204651,48.76155686378479,69.0475811958313,809,0.4704130026511848,0,0,TRUE,pair,246,6.447547300020233,5.725423725850164,40,0,7.195121951219512,6.447547300020233,0.8208620009245351,12.576256999513134,cpu,cuda:0,0,670.44189453125,49
15,1,DDT500_num100.txt,fixed,1791,8,223.875,16.442607879638672,20.639188766479492,1.307612365053501e-05,-4.84,-0.425198297,0.19749999046325684,0.03455068916082382,0.11999999731779099,0.25,-0.11086103,-0.108395252,0.0066373395837015575,0.5784446762667762,0.013945131873091062,0.025744829326868057,0.0003,642,158,38.17385113225586,20.6789288520813,26.238003730773926,46.916932582855225,819,0.47826880018692464,0,0,TRUE,pair,249,6.557950699934736,6.129536574276914,45,0,7.192771084337349,6.557950699934736,0.8155746031552553,12.868394699180499,cpu,cuda:0,0,670.44189453125,49
16,1,DDT500_num100.txt,fixed,1846,8,230.75,16.02927017211914,21.027809143066406,1.1162471309944522e-05,-4.94,-0.425642878,0.1912499964237213,0.028034577146172523,0.1599999964237213,0.23999999463558197,-0.131426544,-0.129147421,0.00633367631388338,0.544596038366619,0.007917132528841887,0.039211453771904894,0.0003,647,153,27.373830084007487,21.070536613464355,46.366135358810425,67.43667197227478,839,0.48740370047744364,0,0,TRUE,pair,256,6.7032612999901175,5.739436615585377,45,0,7.2109375,6.7032612999901175,0.8269804971059784,13.086177398916334,cpu,cuda:0,0,670.44384765625,51
17,1,DDT500_num100.txt,fixed,1823,8,227.875,15.767351150512695,20.954248428344727,1.2633935511985328e-05,-4.76,-0.426543051,0.20250001549720764,0.021065371111035347,0.18000000715255737,0.23999999463558197,-0.132127459,-0.129688972,0.006768014412955381,0.5822494886815548,0.0077301844394241925,0.022283962578512728,0.0003,638,162,28.935287302836294,20.997865915298462,42.00479173660278,63.002657651901245,823,0.4845546002034098,0,0,TRUE,pair,254,6.643519501551054,5.897421829267576,45,0,7.177165354330708,6.643519501551054,0.8324225008254871,13.070782697410323,cpu,cuda:0,0,670.44384765625,50
18,1,DDT500_num100.txt,fixed,1859,8,232.375,19.754350662231445,21.321598052978516,1.5018477824924048e-05,-4.72,-0.37284962,0.20500001311302185,0.04663689434528351,0.12999999523162842,0.2800000011920929,-0.084051493,-0.080206512,0.004306241903187973,0.5998105917658124,0.01185583823826164,0.027107637907777513,0.0003,636,164,47.154019538483084,21.363675594329834,18.060322999954224,39.42399859428406,848,0.4930043026106432,0,0,TRUE,pair,258,6.767725501325913,5.655190958522737,44,0,7.205426356589148,6.767725501325913,0.8255804998334497,13.313537001959048,cpu,cuda:0,0,670.4443359,50
19,1,DDT500_num100.txt,fixed,1866,8,233.25,31.031234741210938,21.575881958007812,2.0904837583657354e-05,-4.48,-0.361505631,0.2199999988079071,0.04582575708627701,0.12999999523162842,0.2800000011920929,-0.171159375,-0.167555592,0.005261757244755115,0.623465529509953,0.01352766044978385,0.03573724115267396,0.0003,624,176,33.33578867187594,21.617844104766846,34.35803270339966,55.975876808166504,834,0.4933596017071977,0,0,TRUE,pair,268,7.045606900355779,5.590568057593809,42,0,6.962686567164179,7.045606900355779,0.8419965008506551,13.273370602517389,cpu,cuda:0,0,670.4443359,50
20,1,DDT500_num100.txt,fixed,1869,8,233.625,22.868850708007812,21.46492576599121,1.7726546502672136e-05,-4.88,-0.47482646,0.19499999284744263,0.04500000178813934,0.12999999523162842,0.27000001072883606,-0.065312825,-0.061921602,0.005444242216816003,0.6113337007435885,0.01951675251422619,0.04497921297496015,0.0003,644,156,34.73818673289259,21.507421255111694,32.29504156112671,53.8024628162384,878,0.5034658994991332,0,0,TRUE,pair,261,6.856480699265376,5.413055104454167,35,0,7.160919540229885,6.856480699265376,0.8274567001499236,13.369452101411298,cpu,cuda:0,0,670.4443359,50
21,1,DDT500_num100.txt,fixed,1816,8,227,15.29705810546875,20.6995906829834,1.3214498721936252e-05,-4.84,-0.483439752,0.19749999046325684,0.04293891042470932,0.12999999523162842,0.25999999046325684,-0.006954791,-0.004782276,0.008014686532657255,0.6179857985539869,0.010125117349988695,0.0388278720731085,0.0003,642,158,37.116757071092685,20.74215340614319,28.184534788131714,48.9266881942749,844,0.49500150163657963,0,0,TRUE,pair,250,6.5757805006578565,5.523127751597224,40,0,7.264,6.5757805006578565,0.8259147013304755,12.894341197563335,cpu,cuda:0,0,670.44384765625,50
22,1,DDT500_num100.txt,fixed,1897,8,237.125,20.386499404907227,21.703369140625,1.509398589405464e-05,-4.7,-0.499909184,0.20625001192092896,0.027357585728168488,0.17000000178813934,0.25,-0.035408601,-0.034143385,0.010016113726629151,0.6273275514443716,0.007889661213590039,0.05562003360440334,0.0003,635,165,57.74579632624694,21.748557329177856,11.10231876373291,32.85087609291077,892,0.5361773991025984,0,0,TRUE,pair,258,6.865754101308994,5.326831838867196,36,0,7.352713178294573,6.865754101308994,0.8530664035351947,13.555904197739437,cpu,cuda:0,0,670.4443359,50
23,1,DDT500_num100.txt,fixed,1885,8,235.625,18.999588012695312,7.804488658905029,9.935220077750273e-06,-4.86,-0.406569672,0.19624999165534973,0.029127949848771095,0.14000000059604645,0.25,-0.436372414,-0.432716072,0.002648305264301598,0.49805063009262085,0.02803837973624468,0.028149173129349947,0.0003,643,157,206.34234014912005,7.827363729476929,1.3079402446746826,9.135303974151611,865,0.2907386999577284,0,0,TRUE,pair,251,2.929754000506364,5.558620690919993,50,0,7.50996015936255,2.929754000506364,0.32265690120402724,4.3822146016173065,cpu,cuda:0,0,294.6298828,50
24,1,DDT500_num100.txt,fixed,1846,8,230.75,20.944868087768555,7.526406288146973,1.1076846021751408e-05,-4.74,-0.372211764,0.20374999940395355,0.04357106611132622,0.12999999523162842,0.27000001072883606,-0.078550241,-0.075095544,0.004180860909400508,0.5545131079852581,0.009137060485954862,0.03191350225824863,0.0003,637,163,117.48433734910509,7.547871828079224,8.164860963821411,15.712732791900635,827,0.26903229753952473,0,0,TRUE,pair,259,2.823181100655347,5.439328276581522,40,0,7.127413127413128,2.823181100655347,0.3160602013813332,4.2235327935777605,cpu,cuda:0,0,670.44384765625,50
25,1,DDT500_num100.txt,fixed,1834,8,229.25,19.109880447387695,7.49575138092041,1.0407456102257129e-05,-4.84,-0.410046576,0.19749999046325684,0.05018715187907219,0.12999999523162842,0.2800000011920929,-0.076770996,-0.072952466,0.004250579443760216,0.5943815231323242,0.016539362631738184,0.05159192075952888,0.0003,642,158,87.44900916311404,7.5177576541900635,13.454463958740234,20.972221612930298,847,0.27123769966419786,0,0,TRUE,pair,266,2.8061180979711935,5.445474372955289,50,0,6.894736842105263,2.8061180979711935,0.3146732033928856,4.212864798726514,cpu,cuda:0,0,670.44384765625,50
26,1,DDT500_num100.txt,fixed,1862,8,232.75,25.26732063293457,9.665457725524902,1.366702144878218e-05,-4.8,-0.405415074,0.19999998807907104,0.04716990515589714,0.12999999523162842,0.25999999046325684,-0.035360807,-0.032586711,0.005696432232590658,0.562230680670057,0.009472206667331713,0.03966647466378553,0.0003,640,160,106.98376149153708,9.686859846115112,7.717650651931763,17.404510498046875,836,0.309982898295857,0,0,TRUE,pair,280,3.6390769003191963,5.368958106742638,40,0,6.65,3.6390769003191963,0.38826280180364847,5.437900401069783,cpu,cuda:0,0,670.4443359,50
27,1,DDT500_num100.txt,fixed,1833,8,229.125,20.008981704711914,9.762584686279297,1.0343080248276237e-05,-5.14,-0.500245669,0.17874999344348907,0.03756244480609894,0.10999999940395355,0.23999999463558197,-0.041756719,-0.038757159,0.005709335301071405,0.5854226410388946,0.010123348329216242,0.06267789416015149,0.0003,657,143,109.90325200389519,9.782952070236206,6.895353317260742,16.67830538749695,852,0.32356109959073365,0,0,TRUE,pair,263,3.5162844002479687,5.408074195308238,55,0,6.969581749049429,3.5162844002479687,0.4296292021172121,5.604814201244153,cpu,cuda:0,0,670.44384765625,50
28,1,DDT500_num100.txt,fixed,1806,8,225.75,20.819162368774414,7.235424518585205,9.92090645013377e-06,-5.06,-0.521506149,0.1837499886751175,0.049733664840459824,0.14000000059604645,0.2800000011920929,-0.028610674,-0.0258033,0.006005641026422382,0.5810192743937175,0.012964640594630813,0.035638162043566506,0.0003,653,147,68.73500418870934,7.259361267089844,19.015460729599,26.274821996688843,845,0.2626541026402265,0,0,TRUE,pair,262,2.71454530057963,5.599114064758402,40,0,6.893129770992366,2.71454530057963,0.3094789016759023,4.055126097053289,cpu,cuda:0,0,670.44384765625,50
29,1,DDT500_num100.txt,fixed,1839,8,229.875,12.5741548538208,7.423993110656738,6.808510079281405e-06,-5.04,-0.559230316,0.1849999874830246,0.03708099201321602,0.14000000059604645,0.25,0.015820653843028203,0.0189520785851138,0.005634532908775977,0.5948691751275744,0.013869721450776393,0.047376462524490695,0.0003,652,148,69.10096539826064,7.444992780685425,19.168238878250122,26.613231658935547,867,0.26872910012025386,0,0,TRUE,pair,254,2.759425799595192,5.646003262383449,40,0,7.24015748031496,2.759425799595192,0.31189899728633463,4.194601401919499,cpu,cuda:0,0,670.44384765625,51
30,1,DDT500_num100.txt,fixed,1823,8,227.875,20.251157760620117,7.430537700653076,9.97376446321141e-06,-5.04,-0.572272077,0.1850000023841858,0.04663689061999321,0.10999999940395355,0.23999999463558197,-0.001409369,0.0002924685499497822,0.009000957344791718,0.6202315773282733,0.007161555570616786,0.03100942607436861,0.0003,652,148,67.78702638390448,7.452187776565552,19.440863847732544,26.893051624298096,840,0.26922150037717074,0,0,TRUE,pair,264,2.7751021997537464,5.606143721890724,40,0,6.90530303030303,2.7751021997537464,0.31183710251934826,4.183386700344272,cpu,cuda:0,0,670.44384765625,51
31,1,DDT500_num100.txt,fixed,1848,8,231,20.98809242248535,7.366991996765137,1.1320489647914656e-05,-4.76,-0.536047784,0.20249998569488525,0.046569835394620895,0.15000000596046448,0.2800000011920929,0.03174925067772468,0.03408235735777351,0.007526615763910943,0.6096414824326833,0.00860702465999768,0.04317181184887886,0.0003,638,162,61.91250460535268,7.387807130813599,22.46076726913452,29.84857439994812,837,0.25868790049571544,0,0,TRUE,pair,262,2.7637711005518213,5.4285714292165,40,0,7.0534351145038165,2.7637711005518213,0.31528359989169985,4.128610098967329,cpu,cuda:0,0,670.44384765625,52
32,1,DDT500_num100.txt,fixed,1824,8,228,15.08310317993164,7.4673895835876465,9.17369470698759e-06,-5.2,-0.611443378,0.17500001192092896,0.022912874817848206,0.15000000596046448,0.20999999344348907,0.06024491018615663,0.06334255379624665,0.00622409678180702,0.6209690198302269,0.016109826385218184,0.045617215655511245,0.0003,660,140,70.8084692492218,7.488012313842773,18.271618127822876,25.75963044166565,853,0.26970439951401204,0,0,TRUE,pair,255,2.852121200063266,5.656798242215524,40,0,7.152941176470589,2.852121200063266,0.3180224021198228,4.133625900838524,cpu,cuda:0,0,670.44384765625,52
33,1,DDT500_num100.txt,fixed,1883,8,235.375,16.784944534301758,7.745880603790283,9.666983714851085e-06,-4.86,-0.600347158,0.19625000655651093,0.025464436039328575,0.1599999964237213,0.23000000417232513,0.009233618155121803,0.01216844552093082,0.007522715359098381,0.669618739022149,0.00672397645232397,0.040141682942501374,0.0003,643,157,59.05442236424288,7.767196416854858,24.118645906448364,31.885842323303223,862,0.2887472992297262,0,0,TRUE,pair,258,2.8830397982383147,5.777482739168472,40,0,7.2984496124031,2.8830397982383147,0.3290152020053938,4.363530297065154,cpu,cuda:0,0,670.4443359,52
34,1,DDT500_num100.txt,fixed,1926,8,240.75,11.797775268554688,9.091028213500977,7.659138645976782e-06,-4.58,-0.617569509,0.21375000476837158,0.03497767075896263,0.15000000596046448,0.27000001072883606,0.020908673378554257,0.023945857178081165,0.005915967154909264,0.5995169065215371,0.01609186493442394,0.057105112143538216,0.0003,629,171,72.56772116511488,9.111528396606445,17.429197549819946,26.54072594642639,867,0.3470050006872043,0,0,TRUE,pair,257,3.8877768001984805,5.5867082027878965,42,0,7.494163424124514,3.8877768001984805,0.3723922008648515,4.636635801289231,cpu,cuda:0,0,670.4462891,48
35,1,DDT500_num100.txt,fixed,1809,8,226.125,23.491687774658203,8.625523567199707,1.1126768185931724e-05,-5.02,-0.609397299,0.1862500011920929,0.04820204898715019,0.11999999731779099,0.2800000011920929,-0.021942071,-0.0200537,0.007835526019334793,0.580613796200071,0.016268248096041913,0.027046474362058297,0.0003,651,149,78.0089631961174,8.65483283996582,14.534810066223145,23.189642906188965,843,0.33794920158106834,0,0,TRUE,pair,266,3.6994573995471,5.761194027478422,40,0,6.8007518796992485,3.6994573995471,0.3424700009636581,4.401784798479639,cpu,cuda:0,0,670.44384765625,45
36,1,DDT500_num100.txt,fixed,1803,8,225.375,19.16988182067871,12.43625545501709,1.579331910761539e-05,-5.12,-0.649919572,0.18000000715255737,0.026457512751221657,0.15000000596046448,0.23000000417232513,-0.023591616,-0.021697971,0.008662034705695178,0.6224662396642897,0.010735624405141506,0.025261144878135786,0.0003,656,144,73.39221948133259,12.472511768341064,12.094125032424927,24.56663680076599,830,0.3961749979062006,0,0,TRUE,pair,263,4.356668999302201,5.8602329423145925,40,0,6.855513307984791,4.356668999302201,0.47841059882193804,7.344710098346695,cpu,cuda:0,0,670.44384765625,44
37,1,DDT500_num100.txt,fixed,1802,8,225.25,23.51993751525879,7.901235580444336,1.3364207006816287e-05,-4.88,-0.580749049,0.19499999284744263,0.038405727595090866,0.14000000059604645,0.23999999463558197,-0.013954064,-0.012393444,0.008279953928043446,0.5700594857335091,0.012679260835284367,0.041194094733024635,0.0003,644,156,74.71974231543798,7.927308082580566,16.18947744369507,24.116785526275635,845,0.31368490017484874,0,0,TRUE,pair,259,3.1341954997042194,5.862930078088377,50,0,6.957528957528957,3.1341954997042194,0.32462489942554384,4.273843303672038,cpu,cuda:0,0,670.44384765625,43
38,1,DDT500_num100.txt,fixed,1817,8,227.125,13.541025161743164,8.6583833694458,9.147322998614982e-06,-4.8,-0.519007428,0.20000000298023224,0.02121320180594921,0.17000000178813934,0.23000000417232513,-0.012726302,-0.009136128,0.004752714948898012,0.5966530577702955,0.00848079480717636,0.023438746956261722,0.0003,640,160,74.27595667794037,8.684875965118408,15.777952671051025,24.462828636169434,837,0.33016939950175583,0,0,TRUE,pair,252,3.650516199762933,5.733626855882761,45,0,7.2103174603174605,3.650516199762933,0.36268010060302913,4.460014101117849,cpu,cuda:0,0,670.44384765625,42
39,1,DDT500_num100.txt,fixed,1789,8,223.625,22.48297882080078,8.721698760986328,1.3223098903836217e-05,-5.04,-0.547508147,0.1849999874830246,0.042720019817352295,0.12999999523162842,0.23999999463558197,0.006149644101969898,0.009094392508268356,0.0055720588658005,0.5730778187513351,0.010871212257188744,0.029298404324799777,0.0003,652,148,75.5838783574588,8.743024587631226,14.92604398727417,23.669068574905396,829,0.32841390324756503,0,0,TRUE,pair,249,3.517172301071696,5.937395195110741,64,0,7.184738955823293,3.517172301071696,0.38083460251800716,4.633346198010258,cpu,cuda:0,0,670.44189453125,43
40,1,DDT500_num100.txt,fixed,1718,8,214.75,16.887495040893555,7.584959506988525,1.0153104994969908e-05,-5,-0.548432312,0.1874999850988388,0.033819373697042465,0.11999999731779099,0.23000000417232513,-0.080827265,-0.077540441,0.004921188703379952,0.5747416936434232,0.011738097254867451,0.05084439066167061,0.0003,650,150,71.81201780079046,7.606368064880371,16.317204236984253,23.923572301864624,795,0.2946670998353511,0,0,TRUE,pair,249,3.1394567997194827,5.894062863933887,45,0,6.899598393574297,3.1394567997194827,0.31519169942475855,3.968643595580943,cpu,cuda:0,0,670.4414063,40
41,1,DDT500_num100.txt,fixed,1751,8,218.875,16.848127365112305,8.223515510559082,8.536583663953934e-06,-4.98,-0.546648772,0.1887499988079071,0.022603927180171013,0.1599999964237213,0.23000000417232513,-0.06430344,-0.061453144,0.006765114742198161,0.6232850977352687,0.039307063000576035,0.04036590111042772,0.0003,649,151,110.0426480635593,8.243612289428711,7.668400287628174,15.912012577056885,821,0.37556599907111377,0,0,TRUE,pair,241,3.461121599539183,5.944603083135059,60,0,7.265560165975104,3.461121599539183,0.34986889734864235,4.235237798071466,cpu,cuda:0,0,670.44189453125,42
42,1,DDT500_num100.txt,fixed,1848,8,231,16.97792625427246,8.737686157226562,8.064048415690195e-06,-4.72,-0.502330878,0.20499999821186066,0.029999999329447746,0.17000000178813934,0.25,0.030305678231848612,0.032519612875249654,0.006445520505723026,0.5436695449882083,0.016968356578015827,0.04658782621845603,0.0003,636,164,93.44929783666633,8.758832216262817,11.016597270965576,19.775429487228394,856,0.3353879995411262,0,0,TRUE,pair,249,3.660191899864003,6.023268397107269,64,0,7.421686746987952,3.660191899864003,0.3739602998830378,4.51423249905929,cpu,cuda:0,0,670.44384765625,41
43,1,DDT500_num100.txt,fixed,1772,8,221.5,16.867128372192383,8.235614776611328,3.361617564223707e-05,-4.9,-0.469909014,0.1937500238418579,0.01494782418012619,0.17000000178813934,0.2199999988079071,-0.018542502,-0.014953542,0.003630656882056168,0.540428659745625,0.011769743846213845,0.037611616509301324,0.0003,645,155,107.6000408608482,8.257401704788208,8.210993528366089,16.468395233154297,819,0.3060726998373866,0,0,TRUE,pair,251,3.4532707002945244,5.8453724613039,50,0,7.059760956175299,3.4532707002945244,0.33865140040870756,4.270792999421246,cpu,cuda:0,0,670.44189453125,41
44,1,DDT500_num100.txt,fixed,1847,8,230.875,17.807565689086914,8.814934730529785,7.893059773778077e-06,-4.8,-0.431957737,0.20000001788139343,0.03500000014901161,0.17000000178813934,0.2800000011920929,-0.068914821,-0.065977546,0.004395475411521537,0.5135007798671722,0.007400163856800646,0.026425566790359362,0.0003,640,160,104.48128071469706,8.836230754852295,8.841577053070068,17.677807807922363,828,0.39243979938328266,0,0,TRUE,pair,258,3.6502194004133344,5.678938819062213,48,0,7.158914728682171,3.6502194004133344,0.369876598357223,4.608304700115696,cpu,cuda:0,0,670.44384765625,41
45,1,DDT500_num100.txt,fixed,1825,8,228.125,17.098520278930664,8.080964088439941,9.141106602328364e-06,-4.6,-0.443025056,0.21250000596046448,0.03269173949956894,0.18000000715255737,0.2800000011920929,-0.068003089,-0.064767842,0.004062070976942778,0.5266280555062823,0.008020404461098628,0.038132951646629304,0.0003,630,170,54.47838195449602,8.102476358413696,25.397050142288208,33.499526500701904,844,0.4161278996616602,0,0,TRUE,pair,258,3.2405748004093766,5.811506848400586,40,0,7.073643410852713,3.2405748004093766,0.32782540190964937,4.343650897382759,cpu,cuda:0,0,670.44384765625,41
46,1,DDT500_num100.txt,fixed,1770,8,221.25,20.968727111816406,7.916571617126465,9.007995686260983e-06,-5,-0.546403822,0.1875,0.02989565022289753,0.15000000596046448,0.23999999463558197,-0.113556035,-0.110526359,0.00392418746681263,0.4991769641637802,0.0054826464523406076,0.02700631509328054,0.0003,650,150,56.89161317711662,7.939136266708374,23.17265510559082,31.111791372299194,829,0.2993123990017921,0,0,TRUE,pair,253,3.3234954004874453,5.628813557705636,36,0,6.996047430830039,3.3234954004874453,0.3162257078802213,4.113016198389232,cpu,cuda:0,0,670.44189453125,42
47,1,DDT500_num100.txt,fixed,1803,8,225.375,13.855842590332031,8.489121437072754,1.2683330169238616e-05,-4.74,-0.467475813,0.20374999940395355,0.022325711324810982,0.17000000178813934,0.23999999463558197,-0.045091473,-0.041721192,0.004346405233566959,0.5543480788667997,0.017162488264148124,0.044026708618427314,0.0003,637,163,73.39907642912523,8.512908458709717,16.051433324813843,24.56434178352356,839,0.33502139896154404,0,0,TRUE,pair,245,3.5359193993499503,5.936217415683215,50,0,7.359183673469388,3.5359193993499503,0.36015160370152444,4.411150899482891,cpu,cuda:0,0,670.44384765625,43
48,1,DDT500_num100.txt,fixed,1824,8,228,12.328827857971191,8.098423957824707,7.936151632748079e-06,-4.48,-0.469699182,0.2199999988079071,0.030413812026381493,0.17000000178813934,0.25999999046325684,-0.070392153,-0.067356537,0.0045513481134548785,0.5311284840106965,0.0123160315095447,0.030221507931128145,0.0003,624,176,77.80164817151226,8.119279623031616,15.32495379447937,23.444233417510986,836,0.3091728010913357,0,0,TRUE,pair,244,3.272483899258077,5.7127192970692064,50,0,7.475409836065574,3.272483899258077,0.32396969897672534,4.3335152042564005,cpu,cuda:0,0,670.44384765625,43
49,1,DDT500_num100.txt,fixed,1852,8,231.5,8.602325439453125,8.598325729370117,6.35285960015608e-06,-4.74,-0.524940234,0.20375001430511475,0.018666481599211693,0.1599999964237213,0.23000000417232513,-0.055192175,-0.051395552,0.003206685800770564,0.5399964579514095,0.009379278918329095,0.037159759418240616,0.0003,637,163,93.11274676340093,8.620630979537964,11.269234418869019,19.889865398406982,859,0.3223579010227695,0,0,TRUE,pair,247,3.617711800383404,5.7661987012714855,45,0,7.497975708502024,3.617711800383404,0.3677951992722228,4.426422299584374,cpu,cuda:0,0,670.44384765625,44
50,1,DDT500_num100.txt,fixed,1931,8,241.375,11.246527671813965,9.416346549987793,6.743495760019869e-06,-4.1,-0.464969664,0.24375002086162567,0.027357591316103935,0.20999999344348907,0.30000001192092896,-0.02677696,-0.022713465,0.0028651555573257306,0.5496073116858801,0.006974055561133557,0.03479783971690469,0.0003,605,195,54.46200432778949,9.436950445175171,26.01896095275879,35.45591139793396,854,0.4143491986906156,0,0,TRUE,pair,262,3.796476000454277,5.679958569454072,40,0,7.370229007633588,3.796476000454277,0.40410599671304226,5.01411960227415,cpu,cuda:0,0,670.4462891,47
51,1,DDT500_num100.txt,fixed,1746,8,218.25,13.543910026550293,7.697824954986572,7.211915544758085e-06,-4.86,-0.544623014,0.19625000655651093,0.022878753021359444,0.1599999964237213,0.23999999463558197,-0.037363621,-0.033420663,0.00307372651462044,0.5479822414261954,0.013918306562118232,0.03110895418961133,0.0003,643,157,104.92220136857173,7.720960855484009,8.91994047164917,16.64090132713318,816,0.3084777002222836,0,0,TRUE,pair,235,3.0817083998117596,5.785223368107248,40,0,7.4297872340425535,3.0817083998117596,0.32314420270267874,4.128221102291718,cpu,cuda:0,0,670.44189453125,46
52,1,DDT500_num100.txt,fixed,1847,8,230.875,10.670491218566895,8.267267227172852,6.743495760019869e-06,-4.7,-0.537692609,0.20624999701976776,0.025464434176683426,0.17000000178813934,0.25,0.003059701787100898,0.0065529437528716195,0.003546351127119528,0.526641782787111,0.006661452883337107,0.03892647143867281,0.0003,635,165,92.50900625069447,8.290297031402588,11.675326585769653,19.96562361717224,849,0.31354489841032773,0,0,TRUE,pair,241,3.303098200005479,5.423930694299191,40,0,7.66390041493776,3.303098200005479,0.34680059808306396,4.442229802487418,cpu,cuda:0,0,670.44384765625,48
53,1,DDT500_num100.txt,fixed,1745,8,218.125,3.295356512069702,7.805279731750488,4.221422841510503e-06,-5.06,-0.501512406,0.1837500035762787,0.02117634005844593,0.15000000596046448,0.2199999988079071,-0.027233408,-0.024768116,0.00661821011453867,0.5774398777219985,0.010257286886270676,0.0354257611454361,0.0003,653,147,81.08252417837848,7.826257228851318,13.695026397705078,21.521283626556396,830,0.3061785000609234,0,0,TRUE,pair,222,3.1529344998998567,5.896848136989298,45,0,7.86036036036036,3.1529344998998567,0.31814429885707796,4.171940398635343,cpu,cuda:0,0,670.44189453125,47
54,1,DDT500_num100.txt,fixed,1736,8,217,13.509256362915039,8.624683380126953,8.529922524758149e-06,-4.88,-0.496419251,0.19500000774860382,0.026925820857286453,0.15000000596046448,0.2199999988079071,-0.034385359,-0.031015121,0.004879168467596173,0.580982451637586,0.011177650832299454,0.04695162068431576,0.0003,644,156,71.92863688651579,8.650206089019775,15.484826564788818,24.135032653808594,822,0.3315537996822968,0,0,TRUE,pair,234,3.5294642001390457,6.049539169270871,48,0,7.418803418803419,3.5294642001390457,0.37138159561436623,4.540233201114461,cpu,cuda:0,0,670.44189453125,48
55,1,DDT500_num100.txt,fixed,1850,8,231.25,18.518571853637695,8.524669647216797,1.099830842576921e-05,-4.56,-0.440655217,0.2150000035762787,0.03605550900101662,0.17000000178813934,0.28999999165534973,-0.033978336,-0.030561249,0.004237150579380493,0.5535666594902674,0.02274799259127273,0.04531239733720819,0.0003,628,172,109.45168663898683,8.54428219795227,8.358152627944946,16.902434825897217,841,0.3199664008570835,0,0,TRUE,pair,259,3.606823700829409,5.570810807588938,52,0,7.142857142857143,3.606823700829409,0.3657939999829978,4.370433397591114,cpu,cuda:0,0,670.44384765625,49
56,1,DDT500_num100.txt,fixed,1767,8,220.875,19.354827880859375,7.6966423988342285,1.0802756150951609e-05,-5.08,-0.519567642,0.18250000476837158,0.04293891042470932,0.12999999523162842,0.25,-0.021080271,-0.017441257,0.00412326636724174,0.5700644463300705,0.007936615479411557,0.029764828737825155,0.0003,654,146,78.82587713008631,7.722386121749878,14.69411039352417,22.416496515274048,813,0.3133474001660943,0,0,TRUE,pair,253,3.085493100108579,5.603848327940038,45,0,6.984189723320158,3.085493100108579,0.31612189789302647,4.128727799514309,cpu,cuda:0,0,670.44189453125,50
57,1,DDT500_num100.txt,fixed,1731,8,216.375,21.005578994750977,7.9107866287231445,1.0903578186116647e-05,-5,-0.484436186,0.1875,0.03799670934677124,0.12999999523162842,0.25,-0.048815645,-0.045539973,0.004999153413033734,0.5775247911612192,0.010097532397291312,0.04571169250023862,0.0003,650,150,74.16850075105368,7.931732416152954,15.407016277313232,23.338748693466187,809,0.36963240057229996,0,0,TRUE,pair,250,3.2941164009971544,5.727902943243669,40,0,6.924,3.2941164009971544,0.31534329848363996,4.1391306958394125,cpu,cuda:0,0,670.44189453125,49
58,1,DDT500_num100.txt,fixed,1807,8,225.875,16.320520401000977,8.46475601196289,7.112710136425449e-06,-4.48,-0.475110041,0.2199999988079071,0.025495097041130066,0.17000000178813934,0.25,0.008063904009759426,0.011822842806577683,0.003538130084052682,0.5528003454208374,0.008960841756197624,0.04764083828777075,0.0003,624,176,83.60405165596057,8.490608215332031,13.12317681312561,21.61378502845764,842,0.3240209997165948,0,0,TRUE,pair,246,3.5013306990731508,5.576092964387692,70,0,7.345528455284553,3.5013306990731508,0.35763019882142544,4.427405297756195,cpu,cuda:0,0,670.44384765625,49
59,1,DDT500_num100.txt,fixed,1810,8,226.25,14.489219665527344,8.411067962646484,8.76654485182371e-06,-4.56,-0.495148696,0.2150000035762787,0.029999997466802597,0.17000000178813934,0.25999999046325684,0.04318084754049778,0.047728605568408966,0.0028367997147142887,0.5966161042451859,0.040593441037344746,0.04940672172233462,0.0003,628,172,126.25598800771962,8.432135343551636,5.903818368911743,14.335953712463379,833,0.31046899931970984,0,0,TRUE,pair,248,3.52811360033229,5.396132596685083,45,0,7.298387096774194,3.52811360033229,0.3631223993143067,4.341630902374163,cpu,cuda:0,0,670.44384765625,50
60,1,DDT500_num100.txt,fixed,1833,8,229.125,22.200435638427734,8.17940616607666,1.3325870895641856e-05,-4.78,-0.484832698,0.20125000178813934,0.03789376839995384,0.14000000059604645,0.23999999463558197,-0.020228634,-0.01621206,0.0041457879124209285,0.6089467207590739,0.012085927921968201,0.028290136445624132,0.0003,639,161,108.63640902948252,8.200236082077026,8.672560214996338,16.872796297073364,856,0.32834439910948277,0,0,TRUE,pair,254,3.3452912002103403,5.61047463370228,70,0,7.216535433070866,3.3452912002103403,0.3368227978935465,4.322635298362002,cpu,cuda:0,0,670.44384765625,50
61,1,DDT500_num100.txt,fixed,1788,8,223.5,16.800296783447266,8.077469825744629,9.590236913936678e-06,-4.84,-0.496499173,0.19750000536441803,0.044087979942560196,0.10999999940395355,0.25,-0.042675545,-0.03823626,0.003206649297763678,0.6042611057108099,0.01265952914466404,0.05040590774098581,0.0003,642,158,78.73203278455769,8.102579116821289,14.607364177703857,22.709943294525146,850,0.32040850061457604,0,0,TRUE,pair,246,3.227720799506642,5.8434004475606365,45,0,7.2682926829268295,3.227720799506642,0.33122600172646344,4.347818798618391,cpu,cuda:0,0,670.44189453125,51
62,1,DDT500_num100.txt,fixed,1953,8,244.125,11.773248672485352,8.652620315551758,8.824708856991492e-06,-4.3,-0.421126841,0.23125001788139343,0.019645292311906815,0.20999999344348907,0.25999999046325684,-0.021064626,-0.017016986,0.002538264280052057,0.5316774674824306,0.008817568720717515,0.03972537669220141,0.0003,615,185,109.4802683935148,8.678385496139526,9.16044545173645,17.838830947875977,880,0.3359877011971548,0,0,TRUE,pair,261,3.4667239986592904,5.5791090599280775,45,0,7.482758620689655,3.4667239986592904,0.35092559771146625,4.651526503497735,cpu,cuda:0,0,670.4462891,50
63,1,DDT500_num100.txt,fixed,1845,8,230.625,13.50867748260498,8.51707649230957,8.252176485257223e-06,-4.46,-0.422011895,0.2212499976158142,0.029764700680971146,0.18000000715255737,0.2800000011920929,-0.00499035,5.769950803369284e-05,0.0024291289591928944,0.6262614205479622,0.026492310615140013,0.041698699293192476,0.0003,623,177,84.75550982927952,8.538585901260376,13.228867769241333,21.76849627494812,838,0.37654809711966664,0,0,TRUE,pair,254,3.5710812986362725,5.957181569618907,40,0,7.2637795275590555,3.5710812986362725,0.36793080205097795,4.399840498925187,cpu,cuda:0,0,670.44384765625,50
64,1,DDT500_num100.txt,fixed,1796,8,224.5,9.797959327697754,8.293804168701172,1.0930913049378432e-05,-4.84,-0.433363529,0.19750002026557922,0.023318445309996605,0.17000000178813934,0.23999999463558197,-0.01968032,-0.014972941,0.0024600863628285495,0.593742078856418,0.010074617794567817,0.06383112416063484,0.0003,642,158,57.17942745076762,8.317795515060425,23.092102766036987,31.409898281097412,845,0.32030739763285965,0,0,TRUE,pair,248,3.3244502001907676,5.76503340956363,44,0,7.241935483870968,3.3244502001907676,0.34628079924732447,4.446082400507294,cpu,cuda:0,0,670.44384765625,51
65,1,DDT500_num100.txt,fixed,1868,8,233.5,6.184658527374268,8.333847045898438,5.331201464287005e-06,-4.5,-0.415763452,0.21875,0.024206142872571945,0.18000000715255737,0.25999999046325684,-0.179316047,-0.174161644,0.002274506271351129,0.6291659653186799,0.015981518023181707,0.04383521946147084,0.0003,625,175,97.64226400557088,8.354116201400757,10.776943683624268,19.131059885025024,869,0.3173420997336507,0,0,TRUE,pair,247,3.39209819980897,5.578158457988845,44,0,7.562753036437247,3.39209819980897,0.33690439723432064,4.432957100099884,cpu,cuda:0,0,670.4443359,51
66,1,DDT500_num100.txt,fixed,1927,8,240.875,11.439377784729004,8.646888732910156,8.54324025567621e-06,-4.28,-0.361978207,0.23250001668930054,0.029474565759301186,0.20000000298023224,0.28999999165534973,-0.057192868,-0.052482471,0.002207793015986681,0.5814294457435608,0.012701035803183913,0.03595136646181345,0.0003,614,186,131.16677599362956,8.669161081314087,6.022059202194214,14.6912202835083,876,0.31817440094891936,0,0,TRUE,pair,257,3.522032499779016,5.488323815820374,48,0,7.498054474708171,3.522032499779016,0.3556416986975819,4.58921249746345,cpu,cuda:0,0,670.4462891,51
67,1,DDT500_num100.txt,fixed,1924,8,240.5,6.873863697052002,8.566974639892578,4.33108834840823e-06,-4.18,-0.35403798,0.23875001072883606,0.023684121668338776,0.20000000298023224,0.27000001072883606,-0.144032764,-0.139438688,0.00234724339356439,0.5767696301142374,0.01879483561626532,0.04908228096448713,0.0003,609,191,104.00086181942386,8.590098142623901,9.909748554229736,18.499846696853638,883,0.33162960095796734,0,0,TRUE,pair,249,3.5140975997783244,5.502598750120389,72,0,7.7269076305220885,3.5140975997783244,0.34011399967130274,4.534900200902484,cpu,cuda:0,0,670.4462891,51
68,1,DDT500_num100.txt,fixed,1848,8,231,12.216792106628418,8.066856384277344,7.38712969905464e-06,-4.46,-0.356959543,0.2212499976158142,0.01615356095135212,0.1899999976158142,0.23999999463558197,-0.168760635,-0.164001774,0.0017456614295952022,0.5631701052188873,0.015831655073270667,0.03578075463883579,0.0003,623,177,135.28065209435704,8.086920738220215,5.573569297790527,13.660490036010742,840,0.311242000432685,0,0,TRUE,pair,247,3.2409802994225174,5.553030301740159,40,0,7.481781376518219,3.2409802994225174,0.33381749829277396,4.318970100139268,cpu,cuda:0,0,670.44384765625,51
69,1,DDT500_num100.txt,fixed,1870,8,233.75,10.461237907409668,8.799732208251953,7.325311344175134e-06,-4.4,-0.348078672,0.22499999403953552,0.024494893848896027,0.1899999976158142,0.25999999046325684,-0.172678216,-0.168597044,0.00215534495914148,0.5158844358391232,0.01116379768225468,0.05321419477048847,0.0003,620,180,103.58566634062998,8.821538209915161,9.231152534484863,18.052690744400024,848,0.3202420009765774,0,0,TRUE,pair,250,3.6853060006396845,5.6855614949037685,45,0,7.48,3.6853060006396845,0.39041099918540567,4.534741602372378,cpu,cuda:0,0,670.4443359,52
70,1,DDT500_num100.txt,fixed,1841,8,230.125,21.79700469970703,8.19814395904541,8.602914022048935e-06,-4.4,-0.358737384,0.22500000894069672,0.044158805161714554,0.1599999964237213,0.2800000011920929,-0.141516544,-0.138726529,0.0037110636158930984,0.4645545861937783,0.007702104228718037,0.04762015385891904,0.0003,620,180,76.5022150253445,8.219027280807495,15.845635414123535,24.06466269493103,822,0.3104256995720789,0,0,TRUE,pair,266,3.4248034994816408,5.554589894852646,36,0,6.921052631578948,3.4248034994816408,0.3360328993294388,4.267006002366543,cpu,cuda:0,0,670.44384765625,52
71,1,DDT500_num100.txt,fixed,1890,8,236.25,16.467771530151367,8.60932731628418,1.0365039997850545e-05,-4.28,-0.360978796,0.23250001668930054,0.029047373682260513,0.18000000715255737,0.27000001072883606,-0.199931748,-0.19741542,0.0038398086374703175,0.4436234061916669,0.010558660011156462,0.04894200654234737,0.0003,614,186,75.32877929680883,8.63188886642456,16.458123445510864,25.090012311935425,835,0.3285970985889435,0,0,TRUE,pair,256,3.5030343000544235,5.6190476213182725,45,0,7.3828125,3.5030343000544235,0.3500146981095895,4.577713697217405,cpu,cuda:0,0,670.4443359,48
72,1,DDT500_num100.txt,fixed,1906,8,238.25,16.498106002807617,8.67356014251709,8.70146141096484e-06,-4.34,-0.348801577,0.22875000536441803,0.041963525116443634,0.14000000059604645,0.27000001072883606,-0.102748029,-0.099934098,0.0030549821139384922,0.43414265605119556,0.018913192761829123,0.047707583755254745,0.0003,617,183,76.24614433211904,8.694610357284546,16.303375005722046,24.997985363006592,863,0.3913033007411286,0,0,TRUE,pair,260,3.5587130005005747,5.430745013,50,0,7.3307692307692305,3.5587130005005747,0.3503151999320835,4.583693996886723,cpu,cuda:0,0,670.4443359,46
73,1,DDT500_num100.txt,fixed,1913,8,239.125,8.161457061767578,8.774502754211426,6.564092473126948e-06,-4.34,-0.39305077,0.22874999046325684,0.020879114046692848,0.18000000715255737,0.25,-0.054543971,-0.050750375,0.0024511115356849935,0.5019152164459229,0.01100276295059862,0.0560694826910129,0.0003,617,183,74.86984470604965,8.794929027557373,16.756078958511353,25.551007986068726,874,0.3312956014415249,0,0,TRUE,pair,252,3.622644401155412,5.437009933539478,35,0,7.591269841269841,3.622644401155412,0.3662114997860044,4.598789500305429,cpu,cuda:0,0,670.4443359,44
74,1,DDT500_num100.txt,fixed,1825,8,228.125,13.042598724365234,8.106671333312988,8.134232302836608e-06,-4.24,-0.385298295,0.23500001430511475,0.03500000014901161,0.18000000715255737,0.2800000011920929,-0.070936301,-0.067280527,0.0030118783470243216,0.5161716739336649,0.012407402595272288,0.046335844012598194,0.0003,612,188,110.57633860832573,8.128926753997803,8.375508308410645,16.504435062408447,824,0.30970020103268325,0,0,TRUE,pair,242,3.3523757004877552,5.639999999608079,45,0,7.541322314049586,3.3523757004877552,0.33005600015167147,4.256023898487911,cpu,cuda:0,0,670.44384765625,42
75,1,DDT500_num100.txt,fixed,1899,8,237.375,17.283933639526367,8.559085845947266,8.429369700024836e-06,-4.28,-0.401669732,0.23250000178813934,0.027726339176297188,0.20000000298023224,0.28999999165534973,-0.187504121,-0.183940689,0.002761673984221286,0.49442685974968803,0.013869861697053744,0.034512624248034425,0.0003,614,186,106.59506304164357,8.579452991485596,9.235630989074707,17.815083980560303,863,0.32605339970905334,0,0,TRUE,pair,264,3.4514417006867006,5.549236439603953,36,0,7.193181818181818,3.4514417006867006,0.352399198920466,4.49567309662234,cpu,cuda:0,0,670.4443359,42
76,1,DDT500_num100.txt,fixed,1883,8,235.375,12.205915451049805,8.728001594543457,7.885854756750632e-06,-4.42,-0.375123785,0.22374999523162842,0.022878754884004593,0.17000000178813934,0.23999999463558197,-0.064072551,-0.060360468,0.002488245503627695,0.4956212639808655,0.012208137020934373,0.06540899001993239,0.0003,621,179,95.60214813138346,8.74869155883789,10.947518587112427,19.696210145950317,855,0.3924718986963853,0,0,TRUE,pair,255,3.6365445005940273,5.543813060840519,64,0,7.3843137254901965,3.6365445005940273,0.3641616012901068,4.542169198626652,cpu,cuda:0,0,670.4443359,41
77,1,DDT500_num100.txt,fixed,1909,8,238.625,11.736028671264648,9.001455307006836,9.116198270930909e-06,-4.16,-0.351165623,0.23999999463558197,0.030413812026381493,0.20000000298023224,0.2800000011920929,-0.059166437,-0.055782421,0.001970128098037094,0.4369082450866699,0.012166789500042796,0.03187599196098745,0.0003,608,192,136.3523361795989,9.022709369659424,4.977784156799316,14.00049352645874,880,0.32782430096995085,0,0,TRUE,pair,250,3.806339499191381,5.32268203135371,36,0,7.636,3.806339499191381,0.40094340092036873,4.603549193707295,cpu,cuda:0,0,670.4443359,42
78,1,DDT500_num100.txt,fixed,1932,8,241.5,8.8034086227417,8.923524856567383,5.45765078641125e-06,-4.14,-0.348851336,0.24124999344348907,0.023150326684117317,0.20999999344348907,0.2800000011920929,-0.116374996,-0.112974536,0.001961013219053192,0.4380963785307748,0.022242139804542864,0.03976390031831605,0.0003,607,193,108.07111156324885,8.946658849716187,8.930459022521973,17.87711787223816,885,0.35549960331991315,0,0,TRUE,pair,252,3.687734299339354,5.295031054296356,35,0,7.666666666666667,3.687734299339354,0.3732930977130309,4.6730925992596895,cpu,cuda:0,0,670.4462891,41
79,1,DDT500_num100.txt,fixed,1922,8,240.25,11.06514835357666,8.431113243103027,6.701216534565901e-06,-4.42,-0.342720112,0.2237500250339508,0.02825663797557354,0.1899999976158142,0.2800000011920929,-0.162129139,-0.158770911,0.0024019317416888145,0.4559192657470703,0.010608622257778835,0.03168600704520941,0.0003,621,179,103.32530507901322,8.462303876876831,10.139141321182251,18.601445198059082,876,0.332273700973019,0,0,TRUE,pair,258,3.3490102001233026,5.418834545609855,64,0,7.449612403100775,3.3490102001233026,0.33938389841932803,4.5647811979288235,cpu,cuda:0,0,670.4462891,40
80,1,DDT500_num100.txt,fixed,1946,8,243.25,11.420924186706543,8.85771369934082,7.1921840572031215e-06,-4.02,-0.332440084,0.2487500011920929,0.02146945707499981,0.20000000298023224,0.27000001072883606,-0.192421979,-0.189052405,0.001755782961845398,0.4247456043958664,0.027326584645197726,0.04474830022081733,0.0003,601,199,95.40742917849137,8.880932569503784,11.515801906585693,20.396734476089478,862,0.41979289962910116,0,0,TRUE,pair,266,3.6507473995443434,5.309866393335309,36,0,7.315789473684211,3.6507473995443434,0.36833549721632153,4.649605002254248,cpu,cuda:0,0,670.4462891,40
81,1,DDT500_num100.txt,fixed,1938,8,242.25,12.949420928955078,8.88969898223877,8.616118975623976e-06,-4.06,-0.331288168,0.2462500035762787,0.020577600225806236,0.20999999344348907,0.27000001072883606,-0.138904355,-0.135408369,0.0015452186635229737,0.42686010897159576,0.01326698896009475,0.045574313029646873,0.0003,603,197,92.14884330123476,8.913192987442017,12.117998838424683,21.0311918258667,864,0.3304051000159234,0,0,TRUE,pair,258,3.57200029946398,5.540247678510668,40,0,7.511627906976744,3.57200029946398,0.38325960328802466,4.743763199774548,cpu,cuda:0,0,670.4462891,41
82,1,DDT500_num100.txt,fixed,1987,8,248.375,11.778555870056152,8.824461936950684,8.203816832974553e-06,-4.1,-0.312108544,0.24375000596046448,0.024462983012199402,0.20000000298023224,0.2800000011920929,-0.079545144,-0.075912841,0.0018225827807327732,0.45435892790555954,0.01092726961360313,0.033784596947953105,0.0003,605,195,98.67430059298835,8.8529691696167,11.283986330032349,20.136955499649048,890,0.3385291986633092,0,0,TRUE,pair,266,3.6247652999591082,5.315551081313281,36,0,7.469924812030075,3.6247652999591082,0.3559290977427736,4.657485700212419,cpu,cuda:0,0,670.44677734375,40
83,1,DDT500_num100.txt,fixed,1994,8,249.25,5.9947896003723145,9.176682472229004,5.83029714107397e-06,-4.12,-0.315826707,0.24250000715255737,0.011989576742053032,0.2199999988079071,0.25999999046325684,-0.125152541,-0.12089245,0.0012461410305048856,0.4883161683877309,0.011368640168156061,0.04702064824394054,0.0003,606,194,97.14858454573306,9.197893142700195,11.327367305755615,20.52526044845581,883,0.3417849016841501,0,0,TRUE,pair,256,3.8076149000553414,5.258776328747825,45,0,7.7890625,3.8076149000553414,0.3870520043419674,4.786465996992774,cpu,cuda:0,0,670.44677734375,40
84,1,DDT500_num100.txt,fixed,1971,8,246.375,7.210019111633301,8.689498901367188,6.9182483457552735e-06,-4.14,-0.318715506,0.24124999344348907,0.028912585228681564,0.1899999976158142,0.27000001072883606,-0.270525482,-0.266601536,0.0015870864037424326,0.4717481195926666,0.022359425947070122,0.05813548220321536,0.0003,607,193,93.16723130489532,8.711454153060913,12.444052696228027,21.15550684928894,895,0.3264055006438866,0,0,TRUE,pair,258,3.536653699236922,5.621511920704447,46,0,7.6395348837209305,3.536653699236922,0.3557702985126525,4.618203798425384,cpu,cuda:0,0,670.4462891,42
85,1,DDT500_num100.txt,fixed,2016,8,252,9.300538063049316,8.921354293823242,6.097179266362218e-06,-4.08,-0.301840658,0.24500000476837158,0.02121320553123951,0.2199999988079071,0.2800000011920929,0.11344598233699799,0.11724801361560822,0.0022183373221196234,0.49111998081207275,0.017174107488244772,0.03732459247112274,0.0003,604,196,134.3296011033443,8.942286491394043,6.065574645996094,15.007861137390137,887,0.343172799795866,0,0,TRUE,pair,266,3.5904386015608907,5.536210317223791,50,0,7.578947368421052,3.5904386015608907,0.3469298993004486,4.799090797547251,cpu,cuda:0,0,670.44677734375,42
86,1,DDT500_num100.txt,fixed,1998,8,249.75,8.613216400146484,9.337444305419922,6.106495220592478e-06,-4.1,-0.331453895,0.24375000596046448,0.015761900693178177,0.2199999988079071,0.27000001072883606,-0.045081859,-0.040806323,0.001907247002236545,0.5229151447614034,0.011299390345811844,0.02584084418291847,0.0003,605,195,120.21804216128592,9.359109163284302,7.260692358016968,16.61980152130127,883,0.3391207995591685,0,0,TRUE,pair,262,3.9791905991733074,5.5465465438019885,35,0,7.625954198473282,3.9791905991733074,0.40356309863273054,4.7572571015916765,cpu,cuda:0,0,670.44677734375,43
87,1,DDT500_num100.txt,fixed,1944,8,243,9.68245792388916,8.63575553894043,7.176359758886974e-06,-4.26,-0.3614404,0.23375000059604645,0.029127947986125946,0.18000000715255737,0.2800000011920929,-0.223835789,-0.219381467,0.0017736569134285673,0.5341141074895859,0.014107919727393892,0.018835423281416297,0.0003,613,187,136.31384449861181,8.65723466873169,5.603972673416138,14.261207342147827,882,0.33075069985352457,0,0,TRUE,pair,257,3.525110799819231,5.881172839506172,54,0,7.56420233463035,3.525110799819231,0.35218080366030335,4.57923880033195,cpu,cuda:0,0,670.4462891,44
88,1,DDT500_num100.txt,fixed,2007,8,250.875,6.808772087097168,8.963563919067383,5.601568318525096e-06,-4.12,-0.345606069,0.24249999225139618,0.01984313875436783,0.2199999988079071,0.27000001072883606,-0.040505389,-0.036059802,0.0018010670028161258,0.5346126655737559,0.009629848063923419,0.028632233384996653,0.0003,606,194,114.43912710593159,8.985760927200317,8.551947116851807,17.537708044052124,899,0.3413588998373598,0,0,TRUE,pair,260,3.635178299737163,5.338315893419358,35,0,7.719230769230769,3.635178299737163,0.35921630228403956,4.782238896121271,cpu,cuda:0,0,670.44677734375,48
89,1,DDT500_num100.txt,fixed,2006,8,250.75,9.588404655456543,8.971813201904297,7.262967301358003e-06,-4.1,-0.344519274,0.24375000596046448,0.02175862342119217,0.20999999344348907,0.2800000011920929,-0.211429117,-0.207264197,0.002100846371225392,0.5215338468551636,0.014723686501383781,0.046415190833310284,0.0003,605,195,118.60184853011936,8.992929220199585,7.920803785324097,16.91373300552368,891,0.33280379965435714,0,0,TRUE,pair,270,3.663091900292784,5.445663010729393,35,0,7.42962962962963,3.663091900292784,0.3578084020409733,4.762550800223835,cpu,cuda:0,0,670.44677734375,45
90,1,DDT500_num100.txt,fixed,1979,8,247.375,7.515608787536621,8.901845932006836,6.298944754234981e-06,-4.1,-0.360414662,0.24375000596046448,0.02117634192109108,0.20000000298023224,0.27000001072883606,-0.129260974,-0.125881506,0.003383423401308911,0.5071170202323368,0.013220849147598659,0.02457964699715376,0.0003,605,195,107.54079583862749,8.922992467880249,9.479326248168945,18.402318716049194,920,0.4074647972593084,0,0,TRUE,pair,260,3.7065038009313866,5.393633148175048,36,0,7.611538461538461,3.7065038009313866,0.3508737002266571,4.661568001261912,cpu,cuda:0,0,670.4462891,45
91,1,DDT500_num100.txt,fixed,1976,8,247,11.575837135314941,9.234209060668945,8.327602699864656e-06,-4.16,-0.344159672,0.23999999463558197,0.02692582458257675,0.20999999344348907,0.28999999165534973,-0.160051772,-0.156614214,0.002850504542168762,0.4862807435648782,0.010477696196176112,0.02871441382116505,0.0003,608,192,111.42679308995469,9.258223056793213,8.475393295288086,17.7336163520813,884,0.34732300136238337,0,0,TRUE,pair,265,3.8685835991054773,5.487348176327794,36,0,7.456603773584906,3.8685835991054773,0.39271289797034115,4.776496797450818,cpu,cuda:0,0,670.4462891,47
92,1,DDT500_num100.txt,fixed,2042,8,255.25,8.24242115020752,9.077080726623535,7.152557373046875e-06,-3.92,-0.343541429,0.2549999952316284,0.011180338449776173,0.23000000417232513,0.27000001072883606,-0.075326012,-0.071320169,0.002457506430801004,0.5234593942761421,0.00903591536625754,0.04223582551348955,0.0003,596,204,57.10778720073186,9.099009037017822,26.657935857772827,35.75694489479065,906,0.33813479938544333,0,0,TRUE,pair,267,3.7429898992413655,5.182664054381158,35,0,7.647940074906367,3.7429898992413655,0.34876680048182607,4.801994097884744,cpu,cuda:0,0,670.44677734375,46
93,1,DDT500_num100.txt,fixed,2024,8,253,7.106335163116455,9.492188453674316,6.520650003949413e-06,-4.06,-0.323921813,0.2462499886751175,0.02496873028576374,0.20999999344348907,0.28999999165534973,-0.093203785,-0.089345288,0.0026805037050507963,0.5198754854500294,0.013150254409993067,0.029405687120743096,0.0003,603,197,95.66467601700674,9.515063047409058,11.642171621322632,21.15723466873169,914,0.4441963004646823,0,0,TRUE,pair,263,3.9227619013981894,5.609189722142201,35,0,7.695817490494297,3.9227619013981894,0.3799256995553151,4.993031801190227,cpu,cuda:0,0,670.44677734375,47
94,1,DDT500_num100.txt,fixed,2009,8,251.125,15.07844066619873,9.10999584197998,9.184532245853916e-06,-4.08,-0.339700538,0.24500000476837158,0.022912880405783653,0.20000000298023224,0.27000001072883606,-0.063776146,-0.060093808,0.0026214356417767703,0.4993057757616043,0.013197341376508121,0.03881381722167134,0.0003,604,196,86.21267207145874,9.134083032608032,14.168755769729614,23.302838802337646,903,0.33483119984157383,0,0,TRUE,pair,268,3.8088830986525863,5.382777499108245,32,0,7.496268656716418,3.8088830986525863,0.3650211013155058,4.7480889016296715,cpu,cuda:0,0,670.44677734375,48
95,1,DDT500_num100.txt,fixed,2021,8,252.625,8.425222396850586,8.852289199829102,7.160500445024809e-06,-3.94,-0.30803412,0.2537499964237213,0.01798436976969242,0.23000000417232513,0.2800000011920929,-0.108088195,-0.103818425,0.0017450400960764714,0.514229314667838,0.01261998840241826,0.016368191024022444,0.0003,597,203,113.89961016200313,8.873441457748413,8.870254039764404,17.743695497512817,888,0.3186476012924686,0,0,TRUE,pair,262,3.5845837998203933,5.454725383473528,35,0,7.713740458015267,3.5845837998203933,0.35422379756346345,4.7309914965881035,cpu,cuda:0,0,670.44677734375,49
96,1,DDT500_num100.txt,fixed,1976,8,247,11.640446662902832,8.605978965759277,6.951036539248889e-06,-4.18,-0.310918303,0.23874999582767487,0.024206144735217094,0.1899999976158142,0.25999999046325684,-0.199077909,-0.195018482,0.0023740913285027173,0.5246471058238636,0.008788949047977274,0.027190084145827728,0.0003,609,191,86.94267377465532,8.626869440078735,14.099745035171509,22.727619409561157,906,0.33706170122604817,0,0,TRUE,pair,266,3.5045689991675317,5.403340081212974,54,0,7.428571428571429,3.5045689991675317,0.35210339806508273,4.568642096943222,cpu,cuda:0,0,670.4462891,48
97,1,DDT500_num100.txt,fixed,2023,8,252.875,9.66226577758789,9.29112434387207,8.46973398438422e-06,-3.88,-0.299811308,0.2574999928474426,0.024366984143853188,0.20999999344348907,0.28999999165534973,-0.000187353,0.003913925809320063,0.0019715348607860506,0.5087046146392822,0.01047262906213291,0.026587922777980565,0.0003,594,206,87.3007637116746,9.311983108520508,13.860780954360962,23.17276406288147,894,0.3456491023534909,0,0,TRUE,pair,263,3.824088799767196,5.348986654545609,40,0,7.692015209125476,3.824088799767196,0.3755765969399363,4.899163398542441,cpu,cuda:0,0,670.44677734375,49
98,1,DDT500_num100.txt,fixed,2016,8,252,10.198039054870605,9.194890022277832,6.843900791864144e-06,-4.12,-0.30896545,0.24250000715255737,0.023848477751016617,0.20000000298023224,0.27000001072883606,-0.11206404,-0.10760726,0.0021573096164502203,0.5535421456609454,0.01311379998722779,0.02850204799324274,0.0003,606,194,109.4952351079066,9.216500043869019,9.195260047912598,18.411760091781616,905,0.42060109763406217,0,0,TRUE,pair,265,3.8074794996064156,5.511904761313446,60,0,7.607547169811321,3.8074794996064156,0.3712065975414589,4.825910500250757,cpu,cuda:0,0,670.44677734375,50
99,1,DDT500_num100.txt,fixed,2048,8,256,8.411301612854004,8.914918899536133,5.201679414312821e-06,-3.98,-0.327041565,0.2512499988079071,0.01899835281074047,0.23000000417232513,0.28999999165534973,0.027004701395829517,0.03183891624212265,0.0015477897929182898,0.560811440149943,0.012868204328697175,0.043276867674042784,0.0003,599,201,119.73478434597533,8.935574293136597,8.168895483016968,17.104469776153564,923,0.34486780036240816,0,0,TRUE,pair,265,3.654020899790339,5.372558591654524,50,0,7.728301886792453,3.654020899790339,0.3489150998648256,4.726540099363774,cpu,cuda:0,0,670.44677734375,49
100,1,DDT500_num100.txt,fixed,2029,8,253.625,10.885052680969238,9.353960037231445,8.489843821735121e-06,-4.18,-0.352998021,0.23874999582767487,0.02027159556746483,0.20999999344348907,0.27000001072883606,-0.185422757,-0.180896252,0.001961055752711699,0.5507037937641144,0.01326451830648105,0.043491598698036635,0.0003,609,191,65.13490041085173,9.375325679779053,21.77540898323059,31.150734663009644,913,0.34022980043664575,0,0,TRUE,pair,270,3.931911599705927,5.3701330700080465,42,0,7.514814814814815,3.931911599705927,0.3876807981869206,4.841651203227229,cpu,cuda:0,0,670.44677734375,51
101,1,DDT500_num100.txt,fixed,2040,8,255,7.968688488006592,8.928364753723145,6.684229902020888e-06,-4,-0.343188767,0.25,0.02121320180594921,0.2199999988079071,0.28999999165534973,-0.016638851,-0.012126684,0.002137578697875142,0.558094584941864,0.020459918910637497,0.020905697718262672,0.0003,600,200,123.64158042871377,8.950868606567383,7.548435211181641,16.499303817749023,911,0.34255930001381785,0,0,TRUE,pair,265,3.6196854014415294,5.2495098008829,30,0,7.69811320754717,3.6196854014415294,0.34659379650838673,4.779214996378869,cpu,cuda:0,0,670.44677734375,50
102,1,DDT500_num100.txt,fixed,2029,8,253.625,10.246188163757324,9.124374389648438,6.75191995469504e-06,-4.22,-0.369023582,0.23625001311302185,0.029973948374390602,0.18000000715255737,0.27000001072883606,-0.304715237,-0.300714028,0.0021390036679804327,0.5070720314979553,0.015627145033795385,0.043185387179255484,0.0003,611,189,137.13587340828227,9.146278619766235,5.649266481399536,14.795545101165771,910,0.3460938005009666,0,0,TRUE,pair,267,3.7290033005410805,5.417939870095476,42,0,7.599250936329588,3.7290033005410805,0.35320079990196973,4.856803199858405,cpu,cuda:0,0,670.44677734375,50
103,1,DDT500_num100.txt,fixed,2039,8,254.875,7.849164009094238,9.612208366394043,6.031566044839565e-06,-3.76,-0.338241275,0.26499998569488525,0.01802775450050831,0.23000000417232513,0.28999999165534973,-0.116121398,-0.11157948,0.0022280905924906783,0.5655960576100783,0.010341045362028208,0.05540897290815006,0.0003,588,212,79.02617926475556,9.634735822677612,16.16684055328369,25.801576375961304,921,0.3632367009995505,0,0,TRUE,pair,266,4.053345898981206,5.545855812373963,35,0,7.665413533834586,4.053345898981206,0.39810220268554986,4.961191000766121,cpu,cuda:0,0,670.44677734375,51
104,1,DDT500_num100.txt,fixed,1987,8,248.375,11.778555870056152,8.895052909851074,8.422623068327084e-06,-4.26,-0.371825871,0.23375000059604645,0.019960904493927956,0.20999999344348907,0.27000001072883606,-0.125099084,-0.121748728,0.0033139867358841003,0.5007342219352722,0.010513888974674045,0.04067991026677191,0.0003,613,187,89.8902152724345,8.919337749481201,13.185404062271118,22.10474181175232,890,0.3375632002716884,0,0,TRUE,pair,262,3.6600868995301425,5.46854554604932,35,0,7.583969465648855,3.6600868995301425,0.35758289927616715,4.692945697461255,cpu,cuda:0,0,670.44677734375,50
105,1,DDT500_num100.txt,fixed,1922,8,240.25,13.122023582458496,9.238761901855469,6.485686753876507e-06,-4.3,-0.335127808,0.23124998807907104,0.02315032295882702,0.1899999976158142,0.25999999046325684,-0.200376799,-0.196927989,0.0036334290052764118,0.5265536941587925,0.010442281280120369,0.027610522927716374,0.0003,615,185,101.01659507663892,9.261168956756592,9.765407800674438,19.02657675743103,883,0.3510641992324963,0,0,TRUE,pair,258,3.91233549953904,5.721123828228008,54,0,7.449612403100775,3.91233549953904,0.38852780358865857,4.7419977992540225,cpu,cuda:0,0,670.4462891,51
106,1,DDT500_num100.txt,fixed,2057,8,257.125,8.130766868591309,9.08604621887207,6.012687663314864e-06,-3.82,-0.330125108,0.26124998927116394,0.024206148460507393,0.2199999988079071,0.30000001192092896,-0.18089947,-0.177719554,0.0037188045292471847,0.5039315985308753,0.023314813274838444,0.036800921325468354,0.0003,591,209,105.77575229911018,9.107948303222656,10.338852643966675,19.44680094718933,913,0.33914000168442726,0,0,TRUE,pair,272,3.693923199782148,5.410792414401421,42,0,7.5625,3.693923199782148,0.3546299980953336,4.854022796149366,cpu,cuda:0,0,670.44873046875,52
107,1,DDT500_num100.txt,fixed,2025,8,253.125,8.069038391113281,8.79745864868164,6.9182483457552735e-06,-4.06,-0.357227762,0.2462500035762787,0.01932453364133835,0.2199999988079071,0.27000001072883606,-0.093829043,-0.0900578,0.002929531139670871,0.5236012823879719,0.01120260963216424,0.03606253769248724,0.0003,603,197,100.25328472037553,8.818835496902466,11.380003929138184,20.19883942604065,916,0.3386329021304846,0,0,TRUE,pair,263,3.511262099724263,5.624197529569084,48,0,7.699619771863118,3.511262099724263,0.3476411993615329,4.757070902502164,cpu,cuda:0,0,670.44677734375,51
108,1,DDT500_num100.txt,fixed,1944,8,243,9.899495124816895,8.689336776733398,7.80616028350778e-06,-4.16,-0.369631146,0.24000000953674316,0.013228753581643105,0.2199999988079071,0.25999999046325684,-0.137614088,-0.133811389,0.0023976703939427224,0.500153545822416,0.010242538460131203,0.031097740467105593,0.0003,608,192,110.05137084950113,8.71033787727356,8.954139947891235,17.664477825164795,886,0.32952000049408525,0,0,TRUE,pair,255,3.635680000530556,5.862139915242607,48,0,7.623529411764705,3.635680000530556,0.3591211956227198,4.514912903308868,cpu,cuda:0,0,670.4462891,52
109,1,DDT500_num100.txt,fixed,1963,8,245.375,17.449480056762695,8.7315092086792,8.59630381455645e-06,-4.06,-0.355752948,0.2462500035762787,0.03805834427475929,0.18000000715255737,0.30000001192092896,-0.026436097,-0.022952334,0.0029372411210917765,0.49523815843794083,0.012231170639602674,0.03681236174371508,0.0003,603,197,88.32554886151391,8.752522230148315,13.4720778465271,22.224600076675415,877,0.3388980992604047,0,0,TRUE,pair,272,3.610521799768321,5.707081003572888,40,0,7.216911764705882,3.610521799768321,0.3555382997728884,4.581359605072066,cpu,cuda:0,0,670.4462891,52
110,1,DDT500_num100.txt,fixed,2025,8,253.125,9.102712631225586,9.247663497924805,6.520650003949413e-06,-4.02,-0.344774292,0.2487500011920929,0.028912590816617012,0.20999999344348907,0.30000001192092896,-0.122073495,-0.118161049,0.002267402441551288,0.5046145849757724,0.007517005575613843,0.025663099769088957,0.0003,601,199,96.47661017428152,9.26991057395935,11.719632863998413,20.989543437957764,899,0.34629530156962574,0,0,TRUE,pair,266,3.8223815003875643,5.722469137097582,45,0,7.612781954887218,3.8223815003875643,0.37989149999339134,4.852010898990557,cpu,cuda:0,0,670.44677734375,51
111,1,DDT500_num100.txt,fixed,1936,8,242,20.79062271118164,8.735980033874512,7.747687050141394e-06,-4.36,-0.37260461,0.22749999165534973,0.031917862594127655,0.17000000178813934,0.27000001072883606,-0.068101223,-0.064227191,0.002764370625040361,0.5256208011082241,0.007484426838345826,0.03502302610182336,0.0003,618,182,111.45182634230922,8.757599353790283,8.613134384155273,17.370733737945557,878,0.3250379021046683,0,0,TRUE,pair,272,3.628002200042829,5.867252071780607,40,0,7.117647058823529,3.628002200042829,0.35963039950001985,4.567459301557392,cpu,cuda:0,0,670.4462891,50
112,1,DDT500_num100.txt,fixed,2012,8,251.5,19.013153076171875,9.008935928344727,1.3415150533546694e-05,-3.98,-0.358956819,0.2512499988079071,0.033330727368593216,0.1899999976158142,0.28999999165534973,-0.006701453,-0.002950523,0.002387894768617116,0.4944877550005913,0.012235366768436506,0.047097091330215335,0.0003,599,201,99.21150038687354,9.041188478469849,11.238718509674072,20.27990698814392,899,0.3525830981088802,0,0,TRUE,pair,281,3.6615515996236354,5.488568586217717,35,0,7.160142348754448,3.6615515996236354,0.3574765018420294,4.8013160025002435,cpu,cuda:0,0,670.44677734375,46
113,1,DDT500_num100.txt,fixed,2053,8,256.625,13.161852836608887,9.830438613891602,7.820711289241444e-06,-3.74,-0.345175221,0.26624998450279236,0.02232571505010128,0.23000000417232513,0.30000001192092896,-0.070607263,-0.067042985,0.002441435703076422,0.47849972475142705,0.010765844306054836,0.04890545503058959,0.0003,587,213,54.595425995933255,9.853228569030762,27.750654220581055,37.603882789611816,898,0.3481371017405763,0,0,TRUE,pair,285,4.157961499295197,5.494398442002198,60,0,7.203508771929824,4.157961499295197,0.40955230174586177,5.059424101607874,cpu,cuda:0,0,670.44873046875,43
114,1,DDT500_num100.txt,fixed,1931,8,241.375,17.327272415161133,8.997905731201172,8.616118975623976e-06,-4.5,-0.399714015,0.21875,0.037562448531389236,0.1599999964237213,0.2800000011920929,-0.133559908,-0.130444196,0.003764771413989365,0.49980981051921847,0.0074783026648219675,0.03260995736345649,0.0003,625,175,84.96923489238026,9.022544384002686,13.703328132629395,22.72587251663208,868,0.3396805990487337,0,0,TRUE,pair,260,3.738186998059973,5.757638526172727,64,0,7.426923076923077,3.738186998059973,0.36968889692798257,4.704810202936642,cpu,cuda:0,0,670.4462891,42
115,1,DDT500_num100.txt,fixed,1992,8,249,18.26882553100586,9.335476875305176,1.1728643585229293e-05,-4.18,-0.35430214,0.23875001072883606,0.03139964118599892,0.1899999976158142,0.2800000011920929,-0.087557426,-0.084023085,0.002857811050489545,0.49632447270246655,0.010005901746738415,0.039170168626766935,0.0003,609,191,75.69800124944842,9.356574773788452,16.958518981933594,26.315093755722046,903,0.3549959999509156,0,0,TRUE,pair,269,3.877572099911049,5.637048192412021,44,0,7.405204460966543,3.877572099911049,0.3834533996414393,4.870294596767053,cpu,cuda:0,0,670.44677734375,42
116,1,DDT500_num100.txt,fixed,1951,8,243.875,9.72673511505127,8.854207038879395,7.356285550486064e-06,-4.02,-0.352061381,0.2487500011920929,0.01763341948390007,0.2199999988079071,0.2800000011920929,-0.181972845,-0.17878669,0.002601657201012131,0.4486989304423332,0.009255852364731254,0.03465663964743726,0.0003,601,199,66.82144206453601,8.877328872680664,20.319885969161987,29.19721484184265,905,0.34174029901623726,0,0,TRUE,pair,254,3.6223253990756348,5.642747307728035,39,0,7.681102362204724,3.6223253990756348,0.35641279944684356,4.692141999606974,cpu,cuda:0,0,670.4462891,41
117,1,DDT500_num100.txt,fixed,1909,8,238.625,18.900644302368164,8.612804412841797,2.717553434194997e-05,-4.64,-0.387468914,0.21000000834465027,0.02692582458257675,0.17000000178813934,0.25,-0.191259882,-0.187534329,0.0028317831456661224,0.5141443252563477,0.012323711637873203,0.02759970650076866,0.0003,632,168,128.79018237578202,8.635727882385254,6.186830520629883,14.822558403015137,880,0.32985060126520693,0,0,TRUE,pair,269,3.514893500832841,5.626506023971493,40,0,7.096654275092937,3.514893500832841,0.345502701587975,4.574266799958423,cpu,cuda:0,0,670.4443359,41
118,1,DDT500_num100.txt,fixed,1968,8,246,15.65247631072998,8.741214752197266,7.893059773778077e-06,-3.98,-0.352743068,0.2512499988079071,0.040446724742650986,0.20000000298023224,0.3100000023841858,-0.067211529,-0.063183698,0.0023698503500781953,0.5212757537762324,0.010287516245928904,0.04272517282515764,0.0003,599,201,115.82633965126273,8.762061834335327,8.228892087936401,16.99095392227173,875,0.3151950001483783,0,0,TRUE,pair,265,3.6258243010379374,5.8831300800893365,50,0,7.426415094339623,3.6258243010379374,0.34806130186188966,4.5896157989045605,cpu,cuda:0,0,670.4462891,42
119,1,DDT500_num100.txt,fixed,1980,8,247.5,23.441415786743164,8.934739112854004,1.325744506175397e-05,-4.04,-0.368634491,0.2474999874830246,0.0476313941180706,0.15000000596046448,0.28999999165534973,-0.096162502,-0.09239205,0.0029846203833585605,0.5262764282524586,0.0065730617789085954,0.03484605927951634,0.0003,602,198,103.65852348548297,8.96110725402832,10.140071630477905,19.101178884506226,881,0.33928730012848973,0,0,TRUE,pair,270,3.7007790997158736,5.540909089945783,40,0,7.333333333333333,3.7007790997158736,0.37477680284064263,4.668514600140043,cpu,cuda:0,0,670.4462891,40
120,1,DDT500_num100.txt,fixed,1961,8,245.125,21.81420135498047,9.164623260498047,1.11879044197849e-05,-4.14,-0.344250389,0.24124997854232788,0.04728569835424423,0.15000000596046448,0.28999999165534973,-0.129373245,-0.125876928,0.002762244112091139,0.4877436235547066,0.007708119330345653,0.022200290113687515,0.0003,607,193,103.68196887164821,9.186873197555542,9.726733684539795,18.913606882095337,859,0.3255841985810548,0,0,TRUE,pair,264,3.8321433004457504,5.5441101460600315,42,0,7.428030303030303,3.8321433004457504,0.3988813989562914,4.7397003944497555,cpu,cuda:0,0,670.4462891,41
121,1,DDT500_num100.txt,fixed,2063,8,257.875,4.985917568206787,9.07059383392334,5.309833795763552e-06,-3.78,-0.323003206,0.26374998688697815,0.02735758386552334,0.2199999988079071,0.28999999165534973,0.007920016379406055,0.012535064170757929,0.002156162867322564,0.5693130667010943,0.012094861980585847,0.03497117152437568,0.0003,589,211,78.86114925199766,9.09387731552124,17.066025495529175,26.159902811050415,896,0.3392311956267804,0,0,TRUE,pair,265,3.70329729875084,5.398933590238555,36,0,7.784905660377358,3.70329729875084,0.3599316000472754,4.817670698626898,cpu,cuda:0,0,670.44873046875,40
122,1,DDT500_num100.txt,fixed,1983,8,247.875,15.398356437683105,8.636944770812988,9.772254088602494e-06,-4.16,-0.333636336,0.23999999463558197,0.04153311997652054,0.18000000715255737,0.30000001192092896,-0.081046367,-0.077096975,0.0024094783933833242,0.515412563085556,0.01873072881717235,0.018687411583960055,0.0003,608,192,115.64357024180786,8.65834379196167,8.489172458648682,17.14751625061035,863,0.32407919922843575,0,0,TRUE,pair,265,3.515248098759912,5.56732223710807,35,0,7.483018867924528,3.515248098759912,0.34606830100528896,4.594454898615368,cpu,cuda:0,0,670.4462891,40
123,1,DDT500_num100.txt,fixed,1826,8,228.25,15.41711711883545,8.907837867736816,1.0506661055842414e-05,-4.72,-0.357043312,0.20500001311302185,0.02179449237883091,0.17000000178813934,0.23999999463558197,-0.160013924,-0.157147611,0.0036940539721399546,0.47133348882198334,0.01660767135520776,0.027852874870101612,0.0003,636,164,105.89688279461392,8.929517030715942,8.313672304153442,17.243189334869385,823,0.3244731023442,0,0,TRUE,pair,250,3.752466201549396,5.8959474241093766,45,0,7.304,3.752466201549396,0.4200411989586428,4.544634000281803,cpu,cuda:0,0,670.44384765625,41
124,1,DDT500_num100.txt,fixed,1951,8,243.875,15.292461395263672,8.548830032348633,7.92898572399281e-06,-4.16,-0.33473854,0.24000000953674316,0.0353553406894207,0.1899999976158142,0.2800000011920929,-0.03676585,-0.033948534,0.0031021560571389273,0.43683984503149986,0.021793719297420466,0.020723840687423944,0.0003,608,192,106.51197777764415,8.571376085281372,9.74581265449524,18.31718873977661,874,0.3302055010572076,0,0,TRUE,pair,264,3.422636799630709,5.558687847495262,36,0,7.390151515151516,3.422636799630709,0.33974379883147776,4.609251198009588,cpu,cuda:0,0,670.4462891,41
125,1,DDT500_num100.txt,fixed,1976,8,247,24.1867733001709,8.901525497436523,1.328742473560851e-05,-4.32,-0.366335976,0.22999998927116394,0.05454356223344803,0.1599999964237213,0.30000001192092896,-0.072365459,-0.068966089,0.0027652903060827938,0.478201299905777,0.014590039899173592,0.03664948259081159,0.0003,616,184,111.86924708592367,8.923620223999023,8.739857912063599,17.663478136062622,872,0.32205020112451166,0,0,TRUE,pair,272,3.6973942004842684,5.62095141736602,45,0,7.264705882352941,3.6973942004842684,0.3573212025221437,4.66436040122062,cpu,cuda:0,0,670.4462891,43
126,1,DDT500_num100.txt,fixed,1912,8,239,15.435349464416504,8.409038543701172,8.901669389160816e-06,-4.58,-0.370579743,0.21375000476837158,0.029973944649100304,0.17000000178813934,0.25999999046325684,-0.093045967,-0.090172697,0.003770751995034516,0.4758650561173757,0.011155754065839574,0.022799212213916082,0.0003,629,171,108.98510149084026,8.431965589523315,9.111716747283936,17.54368233680725,849,0.32186259899754077,0,0,TRUE,pair,260,3.3639042013091967,5.66370292986786,40,0,7.3538461538461535,3.3639042013091967,0.33930279803462327,4.529493900714442,cpu,cuda:0,0,670.4443359,43
127,1,DDT500_num100.txt,fixed,2014,8,251.75,11.913752555847168,9.333218574523926,7.964750693645328e-06,-4.2,-0.367947601,0.23749998211860657,0.042646802961826324,0.1599999964237213,0.28999999165534973,-0.092143417,-0.089356968,0.0036684220789798667,0.46206587978771757,0.01900140371539497,0.03081196945692812,0.0003,610,190,110.53860943828784,9.355865478515625,8.864012718200684,18.21987819671631,898,0.4143374018603936,0,0,TRUE,pair,271,3.7683404001872987,5.498013902917992,45,0,7.431734317343174,3.7683404001872987,0.39543379901442677,4.973012997303158,cpu,cuda:0,0,670.44677734375,45
128,1,DDT500_num100.txt,fixed,1819,8,227.375,18.275239944458008,8.349187850952148,9.847582077782135e-06,-4.84,-0.388715197,0.19749999046325684,0.028613807633519173,0.1599999964237213,0.23999999463558197,-0.129762895,-0.127308814,0.005106016605471571,0.5007086768746376,0.011586096632527187,0.048032811687638365,0.0003,642,158,72.42001869921766,8.370159387588501,16.747205018997192,25.117364406585693,847,0.32276080059818923,0,0,TRUE,pair,258,3.408613399369642,5.918086865893296,44,0,7.050387596899225,3.408613399369642,0.3384727992815897,4.427973898593336,cpu,cuda:0,0,670.44384765625,46
129,1,DDT500_num100.txt,fixed,1927,8,240.875,18.168912887573242,8.597583770751953,1.1309186447761022e-05,-4.2,-0.363572147,0.23749998211860657,0.04175823554396629,0.1599999964237213,0.2800000011920929,-0.11130889,-0.109814764,0.0059114607450153145,0.4449857345649174,0.0262336893439559,0.04610619946782078,0.0003,610,190,107.51864031623455,8.626413345336914,9.29606032371521,17.922473669052124,862,0.32431509846355766,0,0,TRUE,pair,260,3.5136147004086524,5.542293715736813,35,0,7.411538461538462,3.5136147004086524,0.350919297314249,4.554218599339947,cpu,cuda:0,0,670.4462891,45
130,1,DDT500_num100.txt,fixed,2070,8,258.75,10.674151420593262,9.201802253723145,5.731971214117948e-06,-3.9,-0.378906383,0.2562499940395355,0.02232571691274643,0.23000000417232513,0.30000001192092896,-0.14532179,-0.142518736,0.004928545840084553,0.5267334103584289,0.024043867457658054,0.03319448754191399,0.0003,595,205,137.06607492764815,9.227924585342407,5.874280691146851,15.102205276489258,900,0.33126490097492933,0,0,TRUE,pair,284,3.8195138999726623,5.38743961410246,40,0,7.288732394366197,3.8195138999726623,0.3781921995105222,4.812272499199025,cpu,cuda:0,0,670.44873046875,45
131,1,DDT500_num100.txt,fixed,2020,8,252.5,12.369317054748535,9.232714653015137,7.820711289241444e-06,-4.12,-0.409839706,0.24249999225139618,0.031917862594127655,0.17000000178813934,0.2800000011920929,-0.075783037,-0.073861664,0.00416407675947994,0.40034180879592896,0.012748240114888176,0.02907744562253356,0.0003,606,194,140.23718796872834,9.254089593887329,5.150078296661377,14.404167890548706,897,0.35778459976427257,0,0,TRUE,pair,268,3.8573781000450253,5.4366336647826845,50,0,7.537313432835821,3.8573781000450253,0.3652130012633279,4.819543503341265,cpu,cuda:0,0,670.44677734375,47
132,1,DDT500_num100.txt,fixed,1999,8,249.875,19.270687103271484,8.654789924621582,1.251186495210277e-05,-4.1,-0.36612149,0.24374999105930328,0.03672108054161072,0.1599999964237213,0.27000001072883606,-0.223986947,-0.221119697,0.00231677662814036,0.4025636583566666,0.01338565613841638,0.03360174959525466,0.0003,605,195,95.15259572699902,8.676460981369019,12.331899166107178,21.008360147476196,878,0.32175590086262673,0,0,TRUE,pair,271,3.482351599726826,5.2516258162459835,36,0,7.376383763837638,3.482351599726826,0.34202420187648386,4.65358119783923,cpu,cuda:0,0,670.44677734375,46
133,1,DDT500_num100.txt,fixed,1935,8,241.875,21.27461814880371,8.812068939208984,1.2287234312680084e-05,-4.16,-0.338103003,0.24000000953674316,0.032015617936849594,0.18000000715255737,0.2800000011920929,-0.157297887,-0.15427373,0.0020287908488311446,0.40385504640065706,0.015618444689048024,0.03908645687624812,0.0003,608,192,76.23904672529542,8.833785772323608,16.54690933227539,25.380695104599,874,0.32981229887809604,0,0,TRUE,pair,268,3.6706475000828505,5.73333333025299,75,0,7.220149253731344,3.6706475000828505,0.3495471974601969,4.612216396839358,cpu,cuda:0,0,670.4462891,47
134,1,DDT500_num100.txt,fixed,2042,8,255.25,7.119515419006348,9.41176986694336,5.309833795763552e-06,-3.86,-0.330355092,0.25874999165534973,0.023684116080403328,0.23000000417232513,0.28999999165534973,0.2249081333478292,0.22888883451620737,0.0021316155713672438,0.5046513080596924,0.022320563516890008,0.04151562601327896,0.0003,593,207,136.64841338133766,9.433944940567017,5.509514331817627,14.943459272384644,906,0.3398770015919581,0,0,TRUE,pair,270,3.968640100909397,5.735553376938523,72,0,7.562962962962963,3.968640100909397,0.37823590205516666,4.871882999199443,cpu,cuda:0,0,670.44677734375,49
135,1,DDT500_num100.txt,fixed,2012,8,251.5,23.648468017578125,8.906314849853516,1.1147184522997122e-05,-4,-0.356920623,0.25,0.0502493791282177,0.15000000596046448,0.33000001311302185,-0.177213564,-0.173886841,0.002381530895945616,0.4517488405108452,0.007242440478876233,0.029524420388042927,0.0003,600,200,104.47103768905986,8.927165269851685,10.331760883331299,19.258926153182983,875,0.32931249926332384,0,0,TRUE,pair,288,3.6302832999499515,5.507952289600259,35,0,6.986111111111111,3.6302832999499515,0.3573272036155686,4.732977797975764,cpu,cuda:0,0,670.44677734375,47
136,1,DDT500_num100.txt,fixed,2025,8,253.125,10.821708679199219,9.141135215759277,6.67572021484375e-06,-3.98,-0.363848223,0.2512499988079071,0.023150324821472168,0.20000000298023224,0.27000001072883606,-0.149565695,-0.146617739,0.002246101081254892,0.4071001634001732,0.014135380130028352,0.03488859720528126,0.0003,599,201,104.4881556810564,9.163423776626587,10.216763257980347,19.380187034606934,901,0.3398229980375618,0,0,TRUE,pair,270,3.7977034997893497,5.410864196588964,40,0,7.5,3.7977034997893497,0.35993519762996584,4.796184302889742,cpu,cuda:0,0,670.44677734375,48
137,1,DDT500_num100.txt,fixed,1983,8,247.875,14.216517448425293,8.80111312866211,9.270774171454832e-06,-4.14,-0.362961955,0.24125002324581146,0.03179524838924408,0.20999999344348907,0.30000001192092896,-0.021117989,-0.017717799,0.0020177548603070054,0.4409067820418965,0.02447212402793494,0.03781160509044474,0.0003,607,193,84.0933440126045,8.823257207870483,14.757681608200073,23.580938816070557,881,0.3345955995609984,0,0,TRUE,pair,266,3.566256299149245,5.49823499675718,56,0,7.454887218045113,3.566256299149245,0.34587659942917526,4.7072556999046355,cpu,cuda:0,0,670.4462891,50
138,1,DDT500_num100.txt,fixed,2027,8,253.375,13.50867748260498,9.3417387008667,8.785975296632387e-06,-3.9,-0.371576614,0.2562499940395355,0.01653594896197319,0.23000000417232513,0.27000001072883606,-0.051755002,-0.048870867,0.0020820050433810267,0.3925133432660784,0.008670389036914068,0.03366361332259008,0.0003,595,205,108.99305431068832,9.363471508026123,9.234043836593628,18.59751534461975,904,0.3511371008353308,0,0,TRUE,pair,268,3.7555019001010805,5.548100640518535,55,0,7.563432835820896,3.7555019001010805,0.36771609843708575,5.0223255002638325,cpu,cuda:0,0,670.44677734375,48
139,1,DDT500_num100.txt,fixed,1982,8,247.75,11.442792892456055,8.941726684570312,6.280870366026647e-06,-4.26,-0.375299348,0.23375001549720764,0.03119996376335621,0.18000000715255737,0.27000001072883606,-0.038115227,-0.035082844,0.0024769982400660714,0.4270885248978933,0.010482589264089863,0.036472302737335364,0.0003,613,187,68.52784201885598,8.965452909469604,19.95709800720215,28.922550916671753,893,0.33524330088403076,0,0,TRUE,pair,266,3.7806845012819394,5.615539861134395,40,0,7.451127819548872,3.7806845012819394,0.37162240024190396,4.605260600452311,cpu,cuda:0,0,670.4462891,51
140,1,DDT500_num100.txt,fixed,1881,8,235.125,16.646602630615234,8.164932250976562,9.5367431640625e-06,-4.5,-0.398082012,0.21875,0.026663413271307945,0.18000000715255737,0.27000001072883606,-0.009091897,-0.00570244,0.003065414581215009,0.4922158420085907,0.013084360311040655,0.06999494606861845,0.0003,625,175,97.96635809722926,8.188403367996216,11.012065410614014,19.20046877861023,846,0.38976410077884793,0,0,TRUE,pair,259,3.24881310085766,5.907496014660436,64,0,7.262548262548263,3.24881310085766,0.32869670120999217,4.418778798892163,cpu,cuda:0,0,670.4443359,54
141,1,DDT500_num100.txt,fixed,1941,8,242.625,9.873417854309082,8.77045726776123,6.726615993102314e-06,-4.12,-0.391199332,0.24250000715255737,0.030720513314008713,0.20000000298023224,0.28999999165534973,-0.040986244,-0.038042042,0.0029197827097959816,0.4404093027114868,0.04077310770905266,0.03753092636664709,0.0003,606,194,113.01880996200492,8.79334020614624,8.380792140960693,17.174132347106934,874,0.32412609993480146,0,0,TRUE,pair,260,3.6193769987439737,5.574446161526617,40,0,7.4653846153846155,3.6193769987439737,0.37356670037843287,4.5928287031129,cpu,cuda:0,0,670.4462891,51
142,1,DDT500_num100.txt,fixed,1882,8,235.25,14.54089069366455,8.251708984,9.778068488230929e-06,-4.38,-0.409479329,0.22624999284744263,0.03966657817363739,0.18000000715255737,0.3100000023841858,-0.165270329,-0.162274867,0.003143985173664987,0.456744983792305,0.0168146847281605,0.01955039845779538,0.0003,619,181,156.280949653321,8.27320384979248,3.7692108154296875,12.042414665222168,837,0.3237474005436525,0,0,TRUE,pair,256,3.3308651006082073,5.743358129522625,64,0,7.3515625,3.3308651006082073,0.33516610076185316,4.4111780998064205,cpu,cuda:0,0,670.4443359,51
143,1,DDT500_num100.txt,fixed,1876,8,234.5,17.24094009399414,8.187472343444824,1.0930913049378432e-05,-4.36,-0.411483017,0.22749999165534973,0.04437059909105301,0.18000000715255737,0.30000001192092896,0.01060590147972107,0.013281737764676413,0.0047607445158064365,0.5056210160255432,0.01633707876317203,0.02771551286180814,0.0003,618,182,135.3673215570429,8.212557554244995,5.646030902862549,13.858588457107544,831,0.31943480111658573,0,0,TRUE,pair,267,3.2981858984567225,5.689232409254575,45,0,7.02621722846442,3.2981858984567225,0.3398974019801244,4.373811898985878,cpu,cuda:0,0,670.4443359,51
144,1,DDT500_num100.txt,fixed,1894,8,236.75,15.105875968933105,9.481830596923828,1.3758219211013056e-05,-4.26,-0.428589937,0.23375001549720764,0.03533323481678963,0.18000000715255737,0.2800000011920929,-0.077267984,-0.07506842,0.004850980340658377,0.4625055243571599,0.015896989294560626,0.049120076621572174,0.0003,613,187,67.0956353196813,9.51978850364685,18.70857524871826,28.228363752365112,848,0.3798596996348351,0,0,TRUE,pair,259,4.01654760108795,5.630411827576828,56,0,7.312741312741313,4.01654760108795,0.37054810335393995,4.890500193461776,cpu,cuda:0,0,670.4443359,50
145,1,DDT500_num100.txt,fixed,1929,8,241.125,14.936845779418945,14.747811317443848,3.4715907531790435e-05,-4.2,-0.470187074,0.23749999701976776,0.029474565759301186,0.20000000298023224,0.28999999165534973,-0.07938459,-0.076955755,0.004996684467187151,0.492718119174242,0.014521366654662415,0.0427217303076759,0.0003,610,190,73.57754480945448,14.774741172790527,11.44249677658081,26.217237949371338,843,0.5986347990110517,0,0,TRUE,pair,263,5.033302901312709,5.508035249818849,64,0,7.334600760456274,5.033302901312709,0.592340798699297,8.818774698767811,cpu,cuda:0,0,670.4462891,51
146,1,DDT500_num100.txt,fixed,1866,8,233.25,22.387216567993164,9.155389785766602,1.333866202912759e-05,-4.28,-0.519981317,0.23249998688697815,0.03596873581409454,0.17000000178813934,0.2800000011920929,-0.091520388,-0.088894651,0.005247979276728901,0.5249725986610759,0.012165494485419582,0.028284403410824863,0.0003,614,186,67.07672928601356,9.177666902542114,18.641220808029175,27.81888771057129,843,0.3590795994969085,0,0,TRUE,pair,264,3.9881885019131005,5.707931405733891,50,0,7.068181818181818,3.9881885019131005,0.3662937987828627,4.610543698770925,cpu,cuda:0,0,670.4443359,52
147,1,DDT500_num100.txt,fixed,1826,8,228.25,16.738801956176758,9.158130645751953,7.286408617801499e-06,-4.8,-0.539902146,0.20000001788139343,0.03500000014901161,0.12999999523162842,0.23999999463558197,-0.098433145,-0.0966955,0.0069492001618657795,0.5212248010294778,0.011016351470191563,0.048471392797572274,0.0003,640,160,64.17115169065633,9.181232690811157,19.273921251296997,28.455153942108154,846,0.37950649799313396,0,0,TRUE,pair,248,3.876537800533697,5.607338444557273,65,0,7.362903225806452,3.876537800533697,0.3663017002400011,4.718015596852638,cpu,cuda:0,0,670.44384765625,51
148,1,DDT500_num100.txt,fixed,1890,8,236.25,16.33822250366211,11.415192604064941,1.1359337804606184e-05,-4.3,-0.479075648,0.23125000298023224,0.03689088672399521,0.1599999964237213,0.27000001072883606,-0.071344069,-0.068601359,0.00559048021498781,0.5537954179140238,0.015527973954494182,0.052267237638051696,0.0003,615,185,66.93628426781767,11.45121717453003,16.784589767456055,28.235806941986084,838,0.46581589768175036,0,0,TRUE,pair,253,4.43834220035933,5.611111111363406,45,0,7.470355731225297,4.43834220035933,0.43521729996427894,6.308245400083251,cpu,cuda:0,0,670.4443359,51
149,1,DDT500_num100.txt,fixed,1837,8,229.625,18.068878173828125,8.51997184753418,9.61982732405886e-06,-4.58,-0.463702814,0.21375000476837158,0.03276335820555687,0.18000000715255737,0.27000001072883606,-0.18828066,-0.18467071,0.0033840713357286794,0.5301984846876004,0.008072491014554354,0.03945681984935488,0.0003,629,171,53.93781346537363,8.541974067687988,25.51576542854309,34.05773949623108,832,0.3292273001279682,0,0,TRUE,pair,257,3.5941395008703694,5.665215021770936,60,0,7.147859922178989,3.5941395008703694,0.3407735018990934,4.408400100073777,cpu,cuda:0,0,670.44384765625,46
150,1,DDT500_num100.txt,fixed,1863,8,232.875,11.666592597961426,9.20524787902832,8.272815648524556e-06,-4.34,-0.464563865,0.22875000536441803,0.024717150256037712,0.20000000298023224,0.27000001072883606,-0.041352221,-0.037298219,0.0029428063296816414,0.5525409016344283,0.011965731999629902,0.044253267244332366,0.0003,617,183,87.9855808825942,9.226438760757446,11.947485208511353,21.1739239692688,845,0.3313507989514619,0,0,TRUE,pair,257,3.9025658996542916,5.7294685974981086,52,0,7.249027237354086,3.9025658996542916,0.4161516011226922,4.691432101535611,cpu,cuda:0,0,670.4443359,45
151,1,DDT500_num100.txt,fixed,1840,8,230,15.882380485534668,8.478527069091797,3.439182910369709e-05,-4.64,-0.442312346,0.21000000834465027,0.025495098903775215,0.1599999964237213,0.23999999463558197,-0.124337735,-0.121442348,0.0031718154670670627,0.448129203915596,0.00585462674498558,0.017483686562627554,0.0003,632,168,85.1924939303467,8.500643730163574,13.097503185272217,21.59814691543579,812,0.41046150238253176,0,0,TRUE,pair,253,3.376908699865453,5.597826085790344,64,0,7.2727272727272725,3.376908699865453,0.33650680002756417,4.5867432004306465,cpu,cuda:0,0,670.44384765625,44
152,1,DDT500_num100.txt,fixed,1855,8,231.875,23.76677131652832,8.435457229614258,1.1278988495178055e-05,-4.3,-0.441138291,0.23125001788139343,0.034798525273799896,0.18000000715255737,0.27000001072883606,-0.094369395,-0.091861678,0.003908205544576049,0.44618212431669235,0.009900790503403792,0.031561638383815684,0.0003,615,185,72.2478468835187,8.457452297210693,17.218053340911865,25.67550563812256,824,0.4117282001534477,0,0,TRUE,pair,262,3.448854699730873,5.59245283173101,34,0,7.080152671755725,3.448854699730873,0.342866197694093,4.468743700534105,cpu,cuda:0,0,670.44384765625,43
153,1,DDT500_num100.txt,fixed,1982,8,247.75,14.660746574401855,8.845641136169434,6.827269317000173e-06,-4.04,-0.393848672,0.2475000023841858,0.0386490598320961,0.20000000298023224,0.28999999165534973,-0.045465338,-0.042508904,0.002704564520778755,0.4308716489209069,0.009482289276396235,0.047026255892382726,0.0003,602,198,96.3707424170896,8.867639541625977,11.698768377304077,20.566407918930054,869,0.326719299540855,0,0,TRUE,pair,265,3.705522599397227,5.423814325111304,45,0,7.479245283018868,3.705522599397227,0.3540485984412953,4.601417601574212,cpu,cuda:0,0,670.4462891,42
154,1,DDT500_num100.txt,fixed,1914,8,239.25,16.909687042236328,8.90582275390625,1.028797578328522e-05,-4.22,-0.423789173,0.23624999821186066,0.02446298487484455,0.20000000298023224,0.27000001072883606,-0.016107457,-0.013239348,0.002889856168379386,0.43130363523960114,0.013246304541826247,0.04690067845707138,0.0003,611,189,68.40889957934041,8.929222345352173,19.049593448638916,27.97881579399109,839,0.32774629769846797,0,0,TRUE,pair,258,3.8358145002275705,5.444096133751306,40,0,7.4186046511627906,3.8358145002275705,0.3577277949079871,4.528567098081112,cpu,cuda:0,0,670.4443359,42
155,1,DDT500_num100.txt,fixed,1962,8,245.25,18.012147903442383,8.643345832824707,6.2718136177863926e-06,-4.34,-0.45757439,0.22874999046325684,0.03295356407761574,0.1599999964237213,0.25999999046325684,0.02587733060742418,0.02875401669492324,0.004550584087458749,0.5151975750923157,0.019914273114409298,0.042553602484986186,0.0003,617,183,120.60518214417826,8.667662620544434,7.600295066833496,16.26795768737793,873,0.3327527982182801,0,0,TRUE,pair,263,3.5450184994842857,5.435779814204917,64,0,7.4600760456273765,3.5450184994842857,0.33998150064144284,4.580862598493695,cpu,cuda:0,0,670.4462891,41
156,1,DDT500_num100.txt,fixed,1911,8,238.875,17.316448211669922,8.678479194641113,9.990848411689512e-06,-4.36,-0.449785867,0.22750000655651093,0.03766629844903946,0.17000000178813934,0.28999999165534973,0.04846818662352032,0.051521709395779505,0.004302638789845837,0.5204844805929396,0.012098102235338755,0.05612365699683627,0.0003,618,182,87.9379573650088,8.699748992919922,13.031481266021729,21.73123025894165,871,0.34626070014201105,0,0,TRUE,pair,264,3.559295600745827,5.738356880215934,64,0,7.238636363636363,3.559295600745827,0.3437792033655569,4.593831300502643,cpu,cuda:0,0,670.4443359,42
157,1,DDT500_num100.txt,fixed,1884,8,235.5,18.967077255249023,8.531512260437012,1.0566005585133098e-05,-4.52,-0.442744522,0.2175000011920929,0.027726342901587486,0.17000000178813934,0.27000001072883606,0.008683940706153711,0.012522567063570023,0.003038683731574565,0.5357969676454862,0.009998692568236342,0.042151653207838535,0.0003,626,174,77.07154189963488,8.553888082504272,15.890932321548462,24.444820404052734,851,0.32855629874393344,0,0,TRUE,pair,262,3.56988870119676,5.658704883227176,84,0,7.190839694656488,3.56988870119676,0.3420658017275855,4.443683301680721,cpu,cuda:0,0,670.4443359,42
158,1,DDT500_num100.txt,fixed,1849,8,231.125,19.40642547607422,8.724843978881836,9.08496804186143e-06,-4.68,-0.455446136,0.20749999582767487,0.023318445309996605,0.15000000596046448,0.23000000417232513,-0.018055917,-0.014507702,0.003127144882455468,0.5111785464816623,0.012411181032398922,0.04283157756759061,0.0003,634,166,97.23308401860436,8.745448589324951,10.270712614059448,19.0161612033844,846,0.3378275001887232,0,0,TRUE,pair,260,3.691343300975859,5.741481879390594,64,0,7.111538461538461,3.691343300975859,0.3533314997330308,4.501622103853151,cpu,cuda:0,0,670.44384765625,41
159,1,DDT500_num100.txt,fixed,1907,8,238.375,11.85261058807373,8.77896499633789,7.4712943387567066e-06,-4.58,-0.459868784,0.2137499898672104,0.03870965540409088,0.1599999964237213,0.27000001072883606,-0.042638138,-0.038566662,0.0028118047397583724,0.547737917304039,0.017602090910077094,0.05789146171882749,0.0003,629,171,87.66883723972694,8.80098843574524,12.951324701309204,21.752313137054443,868,0.39751430123578757,0,0,TRUE,pair,255,3.6633327999152243,5.563712634650212,72,0,7.47843137254902,3.6633327999152243,0.35504509950987995,4.5805959001882,cpu,cuda:0,0,670.4443359,41
160,1,DDT500_num100.txt,fixed,1969,8,246.125,13.176091194152832,8.713055610656738,8.58306884765625e-06,-4.26,-0.454359401,0.23374998569488525,0.023946557193994522,0.1899999976158142,0.27000001072883606,-0.032419777,-0.028138621,0.002660260768607259,0.5611284822225571,0.02594596368726343,0.025790201034396887,0.0003,613,187,128.65222415818673,8.734906435012817,6.569920301437378,15.304826736450195,863,0.3293963019968942,0,0,TRUE,pair,260,3.590787101536989,5.586084308328817,64,0,7.573076923076923,3.590787101536989,0.3469977988861501,4.591293596662581,cpu,cuda:0,0,670.4462891,40
161,1,DDT500_num100.txt,fixed,1880,8,235,12.922847747802734,8.758353233337402,7.893059773778077e-06,-4.54,-0.466261437,0.2162500023841858,0.022325709462165833,0.1899999976158142,0.25999999046325684,0.022118522209070977,0.025578957982361317,0.004137008755822622,0.5528940828073592,0.014211457147861697,0.054739330451758134,0.0003,627,173,53.90925827301673,8.780460834503174,26.092955350875854,34.87341618537903,840,0.32956890028435737,0,0,TRUE,pair,250,3.605970000382513,5.487765956939535,55,0,7.52,3.605970000382513,0.363942300202325,4.604953600442968,cpu,cuda:0,0,670.4443359,41
162,1,DDT500_num100.txt,fixed,1915,8,239.375,10.804368019104004,9.183006286621094,1.839380456658546e-05,-4.52,-0.413044107,0.2175000160932541,0.028613807633519173,0.15000000596046448,0.25,0.038313789293169975,0.042810384184122086,0.002573831341578625,0.5783518999814987,0.013026828703004867,0.0348979183472693,0.0003,626,174,93.74744687908911,9.2080557346344,11.219167232513428,20.427222967147827,873,0.35387060104403645,0,0,TRUE,pair,257,3.7569098990643397,5.579634462759949,64,0,7.45136186770428,3.7569098990643397,0.3595192034263164,4.874775897478685,cpu,cuda:0,0,670.4443359,42
163,1,DDT500_num100.txt,fixed,1883,8,235.375,18.953479766845703,8.746028900146484,1.1354332855262328e-05,-4.5,-0.393539914,0.21875,0.03443744033575058,0.17000000178813934,0.2800000011920929,-0.02974423,-0.02487154,0.0021784285199828446,0.5961905494332314,0.012691081210505217,0.032666699262335896,0.0003,625,175,96.71301346818086,8.767980575561523,10.701994895935059,19.469975471496582,845,0.3447635004995391,0,0,TRUE,pair,262,3.5953948997193947,5.513011150517111,40,0,7.187022900763359,3.5953948997193947,0.3535149989183992,4.615028300439008,cpu,cuda:0,0,670.4443359,43
164,1,DDT500_num100.txt,fixed,1893,8,236.625,7.515608787536621,8.879286766052246,1.3951052096672356e-05,-4.58,-0.416046327,0.21375000476837158,0.02117634005844593,0.18000000715255737,0.23999999463558197,0.0035673268139362335,0.00849740207195282,0.0017424173711333424,0.5801285654306412,0.010487074847333133,0.039118765853345394,0.0003,629,171,147.7829217757334,8.900834798812866,3.908493757247925,12.809328556060791,861,0.3487749000778422,0,0,TRUE,pair,251,3.6756008012453094,5.753301637738203,52,0,7.54183266932271,3.6756008012453094,0.37373449956066906,4.642276098253205,cpu,cuda:0,0,536.4160156,43
165,1,DDT500_num100.txt,fixed,1933,8,241.625,9.642840385437012,8.92508602142334,7.696157808823045e-06,-4.36,-0.40015168,0.22750000655651093,0.017853569239377975,0.20000000298023224,0.25999999046325684,-0.048486937,-0.043758646,0.001927010391631888,0.5691794587506188,0.009959663988815414,0.045715519020126924,0.0003,618,182,99.67126771771659,8.952621936798096,10.441131591796875,19.39375352859497,855,0.34111179900355637,0,0,TRUE,pair,254,3.791536700562574,5.468701498901912,76,0,7.610236220472441,3.791536700562574,0.35390570119488984,4.595764297875576,cpu,cuda:0,0,670.4462891,46
166,1,DDT500_num100.txt,fixed,1963,8,245.375,7.936269760131836,8.921113014221191,6.633008979406441e-06,-4.36,-0.40118739,0.22749999165534973,0.027271777391433716,0.17000000178813934,0.25999999046325684,0.11013287082314491,0.1153275191783905,0.0016286760568618775,0.6008985579013825,0.01084101558662951,0.04630744867026806,0.0003,618,182,120.7982329759117,8.94452714920044,7.305710554122925,16.250237703323364,867,0.35672359878662974,0,0,TRUE,pair,255,3.61955160042271,5.4156902698734495,45,0,7.698039215686275,3.61955160042271,0.3458277996396646,4.769398500095122,cpu,cuda:0,0,670.4462891,45
167,1,DDT500_num100.txt,fixed,1962,8,245.25,12.40715503692627,8.988027572631836,8.320774213643745e-06,-4.14,-0.40222353,0.24125000834465027,0.02570870704948902,0.20999999344348907,0.2800000011920929,0.06397204163173835,0.06842047488316894,0.0024722630720740804,0.5684569627046585,0.009096121719873432,0.035253540612757206,0.0003,607,193,117.90963127344087,9.011490821838379,7.628371238708496,16.639862060546875,877,0.358959901612252,0,0,TRUE,pair,261,3.7555726002901793,5.482161057833867,40,0,7.517241379310345,3.7555726002901793,0.35517190233804286,4.690801701392047,cpu,cuda:0,0,670.4462891,45
168,1,DDT500_num100.txt,fixed,1996,8,249.5,15.937376976013184,9.531569480895996,5.731971214117948e-06,-4.2,-0.376071115,0.23749999701976776,0.034910596907138824,0.1599999964237213,0.28999999165534973,-0.002279675,0.0013183176517486573,0.004222752177156508,0.570936781167984,0.012016876414418221,0.046480941399931905,0.0003,610,190,116.87755637651645,9.552994728088379,7.524706602096558,17.077701330184937,868,0.3485715016722679,0,0,TRUE,pair,262,4.086718700360507,5.312124245749685,45,0,7.6183206106870225,4.086718700360507,0.4157176030566916,4.828396801603958,cpu,cuda:0,0,670.44677734375,47
169,1,DDT500_num100.txt,fixed,1963,8,245.375,16.469194412231445,8.768951416015625,1.137933668360347e-05,-4.16,-0.368600915,0.23999999463558197,0.044158805161714554,0.14000000059604645,0.2800000011920929,0.1410803437232971,0.1447329580783844,0.003753304434940219,0.5529266357421875,0.02120437389239669,0.02660706825554371,0.0003,608,192,122.64027602415175,8.793338537216187,7.212822437286377,16.006160974502563,870,0.3448546010768041,0,0,TRUE,pair,264,3.553180600865744,5.442689756198131,40,0,7.4356060606060606,3.553180600865744,0.34174630139023066,4.691852001938969,cpu,cuda:0,0,670.4462891,46
170,1,DDT500_num100.txt,fixed,1951,8,243.875,17.025257110595703,9.029685974121094,7.950464350869879e-06,-4.44,-0.396920135,0.2225000113248825,0.03929058834910393,0.1599999964237213,0.27000001072883606,-0.076368461,-0.071791948,0.0022682954440824687,0.571065915748477,0.010933926270809025,0.036600506922695786,0.0003,622,178,62.03466520536394,9.052804708480835,22.397352933883667,31.450157642364502,867,0.35509470175020397,0,0,TRUE,pair,263,3.6888174996711314,5.388006148492294,40,0,7.418250950570342,3.6888174996711314,0.3638591031776741,4.789965300238691,cpu,cuda:0,0,670.4462891,49
171,1,DDT500_num100.txt,fixed,1939,8,242.375,13.536409378051758,8.932061195373535,6.503191798401531e-06,-4.46,-0.413659743,0.2212500125169754,0.036206867545843124,0.14000000059604645,0.25999999046325684,0.05943037414302429,0.06452461497651206,0.0031992239334310093,0.6693848835097419,0.014338405492405096,0.03632819890562031,0.0003,623,177,83.39272194769256,8.952699899673462,14.298729658126831,23.251429557800293,872,0.33602279832120985,0,0,TRUE,pair,260,3.7277199998497963,5.4404332128734305,35,0,7.457692307692308,3.7277199998497963,0.36581710260361433,4.651845897547901,cpu,cuda:0,0,670.4462891,49
172,1,DDT500_num100.txt,fixed,1928,8,241,11.895377159118652,8.89919662475586,7.144605660869274e-06,-4.64,-0.472813407,0.21000000834465027,0.024494893848896027,0.18000000715255737,0.25999999046325684,0.04371394217014313,0.048929768800735476,0.003411262575536966,0.6921460032463074,0.00951251566875726,0.03521644957363605,0.0003,632,168,114.77931314246166,8.921509265899658,7.875942707061768,16.797451972961426,893,0.34228079742752016,0,0,TRUE,pair,256,3.671752200461924,5.641597508642189,40,0,7.53125,3.671752200461924,0.380887100007385,4.6559437977848575,cpu,cuda:0,0,670.4462891,48
173,1,DDT500_num100.txt,fixed,1860,8,232.5,16.6433162689209,8.457061767578125,6.942853815417038e-06,-5.04,-0.514083023,0.1849999874830246,0.03201562166213989,0.14000000059604645,0.23000000417232513,-0.134628694,-0.130040734,0.004891195722545187,0.703354901737637,0.012391573516651988,0.07573611703183916,0.0003,652,148,90.05475624104686,8.47837233543396,12.17572832107544,20.6541006565094,872,0.3487081993371248,0,0,TRUE,pair,264,3.423820200492628,5.660215052609803,42,0,7.045454545454546,3.423820200492628,0.3421340020140633,4.510398397687823,cpu,cuda:0,0,670.4443359,50
174,1,DDT500_num100.txt,fixed,1943,8,242.875,16.04242515563965,8.737234115600586,7.936151632748079e-06,-4.44,-0.468592645,0.22249998152256012,0.036996617913246155,0.17000000178813934,0.27000001072883606,-0.026800975,-0.023796979,0.006507682741026987,0.6257830207998102,0.010514138763855126,0.04500239579515024,0.0003,622,178,78.30112774117462,8.758219003677368,16.056238412857056,24.814457416534424,878,0.3389147996203974,0,0,TRUE,pair,264,3.5467444008681923,5.5280494050640945,40,0,7.359848484848484,3.5467444008681923,0.34004119993187487,4.586248898296617,cpu,cuda:0,0,670.4462891,50
175,1,DDT500_num100.txt,fixed,1809,8,226.125,13.494791030883789,8.583873748779297,8.01455280452501e-06,-4.84,-0.509030586,0.19749999046325684,0.03455068916082382,0.1599999964237213,0.25,-0.057217334,-0.0537506,0.0050051316114452975,0.5969299475351969,0.01072272964908431,0.06011123194669684,0.0003,642,158,71.49191717369342,8.605350732803345,16.698209047317505,25.30355978012085,840,0.3302855002693832,0,0,TRUE,pair,254,3.5921792006120086,5.838584849424557,52,0,7.122047244094488,3.5921792006120086,0.3602417006623,4.449322800617665,cpu,cuda:0,0,670.44384765625,51
176,1,DDT500_num100.txt,fixed,1877,8,234.625,16.13178062438965,8.676591873168945,7.835234100639354e-06,-4.64,-0.498454164,0.21000000834465027,0.023452075198292732,0.18000000715255737,0.25999999046325684,-0.137506286,-0.134469398,0.005352642775202791,0.5713210966851976,0.022996606389319316,0.058572379044360585,0.0003,632,168,90.27361701931994,8.697665929794312,12.094676971435547,20.79234290122986,840,0.3286982993595302,0,0,TRUE,pair,257,3.6271909998031333,5.7570591383178495,45,0,7.303501945525292,3.6271909998031333,0.3613101978553459,4.50673669797834,cpu,cuda:0,0,670.4443359,50
177,1,DDT500_num100.txt,fixed,1810,8,226.25,16.850444793701172,8.500936508178711,9.590236913936678e-06,-4.88,-0.527872287,0.19500000774860382,0.031224986538290977,0.17000000178813934,0.25999999046325684,-0.057292556,-0.05429612,0.006035029396621717,0.6013951765166389,0.013101645460766222,0.05203493878555795,0.0003,644,156,86.7568715914369,8.521114587783813,12.34178614616394,20.862900733947754,834,0.32329490047413856,0,0,TRUE,pair,259,3.5831246996531263,5.75690607616256,40,0,6.988416988416988,3.5831246996531263,0.34987590450327843,4.389563896693289,cpu,cuda:0,0,670.44384765625,50
178,1,DDT500_num100.txt,fixed,1883,8,235.375,14.308542251586914,8.814179420471191,7.993246981641278e-06,-4.58,-0.542240301,0.21375000476837158,0.02175861783325672,0.18000000715255737,0.25,0.004737420007586479,0.00890758198996385,0.006031471847866972,0.7185896833737692,0.0134244568956395,0.07652096698681514,0.0003,629,171,109.8584692454755,8.834141492843628,8.306093692779541,17.14023518562317,840,0.3355169976130128,0,0,TRUE,pair,257,3.636612798902206,5.7408390860575285,60,0,7.326848249027237,3.636612798902206,0.36263110069558024,4.627849200740457,cpu,cuda:0,0,670.4443359,50
179,1,DDT500_num100.txt,fixed,1806,8,225.75,17.837810516357422,8.758506774902344,1.0587503311398905e-05,-4.82,-0.557663579,0.19875000417232513,0.024717146530747414,0.15000000596046448,0.23999999463558197,-0.034555538,-0.030506341,0.0046975981967989355,0.6397996842861176,0.008168817061232403,0.042477670358493924,0.0003,641,159,92.32495510396129,8.781562566757202,10.779779195785522,19.561341762542725,835,0.3344551007030532,0,0,TRUE,pair,253,3.845945699024014,5.802325577830952,72,0,7.138339920948616,3.845945699024014,0.37799269845709205,4.353629399323836,cpu,cuda:0,0,670.44384765625,51
180,1,DDT500_num100.txt,fixed,1928,8,241,15.386682510375977,8.744930267333984,7.286408617801499e-06,-4.66,-0.533468724,0.20875000953674316,0.037562448531389236,0.15000000596046448,0.27000001072883606,-0.039035884,-0.03471052,0.004650825005955994,0.6650773301720619,0.009784513677004725,0.0502019802108407,0.0003,633,167,55.42509219885795,8.765658855438232,26.0200297832489,34.785688638687134,893,0.34501269937027246,0,0,TRUE,pair,259,3.5665600993670523,5.559647298205443,40,0,7.444015444015444,3.5665600993670523,0.34562290040776134,4.654820102383383,cpu,cuda:0,0,670.4462891,52
181,1,DDT500_num100.txt,fixed,1949,8,243.625,15.386175155639648,8.570634841918945,1.0232573913526721e-05,-4.64,-0.512515558,0.21000000834465027,0.033166248351335526,0.15000000596046448,0.25,-0.062115745,-0.05839136,0.006217055604793131,0.6832920983433723,0.008955351668798054,0.05295240832492709,0.0003,632,168,78.664530286966,8.592525243759155,16.183571338653564,24.77609658241272,890,0.3420390000101179,0,0,TRUE,pair,259,3.497985599329695,5.575679835935566,56,0,7.525096525096525,3.497985599329695,0.3375136988470331,4.556487200548872,cpu,cuda:0,0,670.4462891,50
182,1,DDT500_num100.txt,fixed,1913,8,239.125,17.989145278930664,8.585601806640625,1.0630367796693463e-05,-4.72,-0.530512446,0.20500001311302185,0.025980763137340546,0.1599999964237213,0.23000000417232513,-0.01755233,-0.012596286,0.0036486417520791292,0.6780361771583557,0.009383342060027644,0.04355640411376953,0.0003,636,164,116.17356740565863,8.61401629447937,7.852724313735962,16.466740608215332,874,0.33889899810310453,0,0,TRUE,pair,255,3.4796420002821833,5.61996863041632,64,0,7.5019607843137255,3.4796420002821833,0.34566030162386596,4.580683997250162,cpu,cuda:0,0,670.4443359,46
183,1,DDT500_num100.txt,fixed,1883,8,235.375,16.178207397460938,8.50317096710205,1.5572219126624987e-05,-4.82,-0.51629661,0.19874998927116394,0.02146945521235466,0.17000000178813934,0.23000000417232513,0.028298552458484966,0.03439690669377645,0.003029584108541409,0.761314312616984,0.0076515696321924525,0.03723905918498834,0.0003,641,159,113.50148392831231,8.524475574493408,8.065615892410278,16.590091466903687,848,0.33014069870114326,0,0,TRUE,pair,261,3.4484089988982305,5.483802445189344,56,0,7.21455938697318,3.4484089988982305,0.3356484982650727,4.545341301127337,cpu,cuda:0,0,670.4443359,44
184,1,DDT500_num100.txt,fixed,1881,8,235.125,11.569761276245117,8.687591552734375,7.016152721917024e-06,-5.04,-0.52496138,0.1850000023841858,0.022912876680493355,0.15000000596046448,0.2199999988079071,0.040530735227678506,0.04585632109748466,0.0034572213688599212,0.7054196894168854,0.016089278240022913,0.0781718525769455,0.0003,652,148,61.162604978906245,8.707899570465088,22.046186208724976,30.754085779190063,859,0.3472611999604851,0,0,TRUE,pair,246,3.5863731988938525,5.5869218479249785,64,0,7.646341463414634,3.5863731988938525,0.35152559948619455,4.570861503249034,cpu,cuda:0,0,670.4443359,44
185,1,DDT500_num100.txt,fixed,1867,8,233.375,17.881118774414062,8.159425735473633,7.168434422055725e-06,-4.98,-0.530814341,0.1887499988079071,0.024206142872571945,0.14000000059604645,0.2199999988079071,-0.001528793,0.004104159772396088,0.003776144701987505,0.7521020259175982,0.010824025409030063,0.05696560176355498,0.0003,649,151,107.21764294144356,8.183590412139893,9.229588508605957,17.41317892074585,864,0.34222410223446786,0,0,TRUE,pair,254,3.292174299596809,5.486341724819721,39,0,7.350393700787402,3.292174299596809,0.3256714013405144,4.368850402068347,cpu,cuda:0,0,670.4443359,42
186,1,DDT500_num100.txt,fixed,1814,8,226.75,12.735285758972168,8.37805461883545,6.180515811138321e-06,-5.28,-0.560577477,0.17000001668930054,0.02345207706093788,0.14000000059604645,0.20999999344348907,-0.307322696,-0.301464468,0.003182044136337936,0.7449261844158173,0.022521558683365583,0.03503402695059776,0.0003,664,136,174.5880385261471,8.400513410568237,1.9896600246429443,10.390173435211182,856,0.3382551996037364,0,0,TRUE,pair,246,3.5153066992061213,5.525909590090254,56,0,7.373983739837398,3.5153066992061213,0.35428630094975233,4.331293100607581,cpu,cuda:0,0,507.18408203125,42
187,1,DDT500_num100.txt,fixed,1835,8,229.375,14.585416793823242,8.61867618560791,1.0512069820833858e-05,-5.36,-0.53629365,0.16499999165534973,0.036055516451597214,0.12999999523162842,0.23000000417232513,0.11755917047743093,0.12429448098621586,0.0037422508890317245,0.8606432567943226,0.015128821494396438,0.11249055984345349,0.0003,668,132,78.0057869768595,8.639502048492432,14.884393692016602,23.523895740509033,864,0.3358383995946497,0,0,TRUE,pair,249,3.650751501088962,5.550408717007338,48,0,7.3694779116465865,3.650751501088962,0.3831673957174644,4.397128002601676,cpu,cuda:0,0,670.44384765625,42
188,1,DDT500_num100.txt,fixed,1766,8,220.75,9.601431846618652,7.925576686859131,2.6591422283672728e-05,-5.6,-0.556765738,0.14999999105930328,0.019364917650818825,0.10999999940395355,0.18000000715255737,0.016570927420010168,0.02079207046578328,0.006462825462222099,0.745255688826243,0.02569297656494503,0.10622141230851412,0.0003,680,120,112.8361234,7.946722507476807,7.704293727874756,15.651016235351562,847,0.3264412001008168,0,0,TRUE,pair,231,3.19573689927347,5.54360136129848,76,0,7.645021645021645,3.19573689927347,0.31928020052146167,4.24592570355162,cpu,cuda:0,0,670.44189453125,41
189,1,DDT500_num100.txt,fixed,1836,8,229.5,17.56416893005371,8.450374603271484,8.56981296237791e-06,-5.08,-0.540852281,0.1824999898672104,0.019202861934900284,0.15000000596046448,0.2199999988079071,0.018291105262257835,0.022531788457523693,0.005774705353277651,0.7128037051721052,0.011063781545751473,0.05972620099782944,0.0003,654,146,80.04035790556898,8.474510908126831,14.463917255401611,22.938428163528442,863,0.3355521004414186,0,0,TRUE,pair,260,3.587453201180324,5.501089325527739,64,0,7.061538461538461,3.587453201180324,0.3273908020928502,4.362516600405797,cpu,cuda:0,0,670.44384765625,41
190,1,DDT500_num100.txt,fixed,1771,8,221.375,12.398966789245605,8.206178665161133,7.509238912462024e-06,-5.12,-0.467809052,0.17999999225139618,0.018708286806941032,0.1599999964237213,0.20999999344348907,-0.039603257,-0.034491158,0.003851167531684041,0.7037683129310608,0.010336185549385845,0.046486796438694,0.0003,656,144,116.20209710637691,8.232794523239136,7.007894277572632,15.240688800811768,834,0.31983060319907963,0,0,TRUE,pair,236,3.410015398520045,5.637492939821413,64,0,7.504237288135593,3.410015398520045,0.3401904001366347,4.287217301898636,cpu,cuda:0,0,670.44189453125,41
191,1,DDT500_num100.txt,fixed,1915,8,239.375,15.874015808105469,9.227542877197266,9.625734492146876e-06,-4.72,-0.468074058,0.20499998331069946,0.025980759412050247,0.17000000178813934,0.25,0.006478827860620286,0.011494675444232093,0.0035566368735291893,0.679416749212477,0.014247185809330808,0.05164013596044646,0.0003,636,164,81.89871174763789,9.253072023391724,14.129469156265259,23.382541179656982,878,0.36187099991366267,0,0,TRUE,pair,260,3.9260411007562652,5.353524801936535,40,0,7.365384615384615,3.9260411007562652,0.37950709741562605,4.726689795847051,cpu,cuda:0,0,670.4443359,41
192,1,DDT500_num100.txt,fixed,1835,8,229.375,11.201980590820312,8.638936996459961,7.921813448774628e-06,-5.26,-0.451268461,0.17125000059604645,0.020879115909337997,0.15000000596046448,0.20000000298023224,0.08414500281214714,0.08991833329200745,0.002739149931585416,0.7142908096313476,0.009492823274013063,0.05613242913968861,0.0003,663,137,84.66424732186424,8.662766695022583,13.011080980300903,21.673847675323486,841,0.32764850242529064,0,0,TRUE,pair,246,3.6294064994435757,5.44087193499469,64,0,7.459349593495935,3.6294064994435757,0.3506575988139957,4.478156798402779,cpu,cuda:0,0,670.44384765625,41
193,1,DDT500_num100.txt,fixed,1854,8,231.75,14.956186294555664,8.50049877166748,8.231485480791889e-06,-4.88,-0.431039212,0.19499999284744263,0.020615525543689728,0.17000000178813934,0.23999999463558197,-0.030880431,-0.02669539,0.005092363455332816,0.6731221630023076,0.011257382270951685,0.06230273255361961,0.0003,644,156,74.83935073474271,8.527620792388916,16.245442867279053,24.77306365966797,858,0.4036594022763893,0,0,TRUE,pair,249,3.4888812009012327,5.531283710766765,40,0,7.445783132530121,3.4888812009012327,0.34179179824423045,4.495117299142294,cpu,cuda:0,0,670.44384765625,40
194,1,DDT500_num100.txt,fixed,1887,8,235.875,9.967917442321777,8.786704063415527,7.309775355679449e-06,-4.64,-0.346277458,0.20999999344348907,0.030822066590189934,0.17000000178813934,0.25999999046325684,0.04380438768897544,0.04954515116035261,0.0020743677583099766,0.6777945052493702,0.014974249939603562,0.06252996877513149,0.0003,632,168,80.93834659394965,8.894482374191284,14.419559478759766,23.31404185295105,871,0.3355766012100503,0,0,TRUE,pair,249,3.7633352999109775,5.33492315971605,64,0,7.578313253012048,3.7633352999109775,0.3712680002208799,4.47130510234274,cpu,cuda:0,0,670.4443359,40
195,1,DDT500_num100.txt,fixed,1845,8,230.625,10.652904510498047,8.523686408996582,6.503191798401531e-06,-5.14,-0.355488047,0.17875000834465027,0.023684119805693626,0.14000000059604645,0.20000000298023224,-0.497102608,-0.490309954,0.0011402631838185091,0.7362791498502096,0.014479009240555266,0.032017254581054054,0.0003,657,143,159.35302410635094,8.546923875808716,3.0311431884765625,11.578067064285278,866,0.33522059896495193,0,0,TRUE,pair,248,3.550637600128539,5.730081301200681,64,0,7.439516129032258,3.550637600128539,0.34691540023777634,4.449044196284376,cpu,cuda:0,0,473.7167969,40
196,1,DDT500_num100.txt,fixed,1839,8,229.875,9.399967193603516,8.357101440429688,6.975526048336178e-06,-5.14,-0.341394947,0.17875000834465027,0.03059309348464012,0.14000000059604645,0.23999999463558197,-0.090569412,-0.083968234,0.00242978541387452,0.7816065748532613,0.01964238589991712,0.08714941350950135,0.0003,657,143,88.27993510479307,8.381609678268433,12.449851036071777,20.83146071434021,876,0.3286164994351566,0,0,TRUE,pair,247,3.492474499740638,5.541054919597051,56,0,7.445344129554656,3.492474499740638,0.3404694015625864,4.351899802219123,cpu,cuda:0,0,670.44384765625,43
197,1,DDT500_num100.txt,fixed,1897,8,237.125,14.101750373840332,8.416019439697266,8.71451720740879e-06,-4.66,-0.363200935,0.20875000953674316,0.019645290449261665,0.18000000715255737,0.23999999463558197,-0.119728867,-0.113573584,0.0013573316749758446,0.6833949226599473,0.016708436162354283,0.0685021999077155,0.0003,633,167,71.89819232303074,8.440243482589722,17.944286346435547,26.38452982902527,871,0.34591969987377524,0,0,TRUE,pair,257,3.3315515001304448,5.4211913543936445,40,0,7.381322957198444,3.3315515001304448,0.33117629995103925,4.576785800862126,cpu,cuda:0,0,670.4443359,44
198,1,DDT500_num100.txt,fixed,1784,8,223,21.40093421936035,8.021285057067871,1.3679493349627592e-05,-5.3,-0.392811001,0.16874998807907104,0.03515590354800224,0.12999999523162842,0.23999999463558197,-0.187695874,-0.182087206,0.0023785176665776157,0.6797921332446012,0.007081185732121495,0.04939853027462959,0.0003,665,135,81.00918764156859,8.047451257705688,13.97474217414856,22.022193431854248,847,0.33368449832778424,0,0,TRUE,pair,252,3.3136243019253016,5.683295959448066,36,0,7.079365079365079,3.3136243019253016,0.3181817022850737,4.221350700012408,cpu,cuda:0,0,670.44189453125,44
199,1,DDT500_num100.txt,fixed,1877,8,234.625,12.16488265991211,8.673627853393555,7.008046395640122e-06,-4.74,-0.385284988,0.20375001430511475,0.02781074307858944,0.1599999964237213,0.23999999463558197,-0.092168995,-0.086655025,0.001961270632984286,0.6494599797508933,0.013086187229915098,0.07205221903595058,0.0003,637,163,85.80912980152713,8.695454120635986,13.178675174713135,21.87412929534912,839,0.3398562002694234,0,0,TRUE,pair,250,3.6055426003877074,5.621204050665659,52,0,7.508,3.6055426003877074,0.3484695040388033,4.539385801414028,cpu,cuda:0,0,670.4443359,47
200,1,DDT500_num100.txt,fixed,1835,8,229.375,15.01613712310791,9.15587329864502,1.2759292985720094e-05,-4.9,-0.382626688,0.1937500238418579,0.023418741300702095,0.1599999964237213,0.23000000417232513,-0.135709134,-0.129519177,0.001877378607686195,0.7128638823827108,0.01588198273546166,0.05268040982385477,0.0003,645,155,87.73186936409739,9.182519435882568,11.733483076095581,20.91600251197815,833,0.3468102994374931,0,0,TRUE,pair,249,3.9896181013900787,5.698637600230911,45,0,7.3694779116465865,3.9896181013900787,0.37378640042152256,4.603279002942145,cpu,cuda:0,0,670.44384765625,46
201,1,DDT500_num100.txt,fixed,1961,8,245.125,9.333240509033203,10.165210723876953,7.38712969905464e-06,-4.56,-0.384217663,0.2150000035762787,0.022912876680493355,0.17000000178813934,0.25,-0.02859211,-0.023048326,0.0026432297891005874,0.6865397947175162,0.016520176515249268,0.09175482773709864,0.0003,628,172,49.987180198006975,10.187037229537964,29.043021202087402,39.230058431625366,878,0.43503069947473705,0,0,TRUE,pair,257,4.468310499563813,5.4966853641235724,48,0,7.63035019455253,4.468310499563813,0.41159840137697756,5.076584999100305,cpu,cuda:0,0,670.4462891,47
202,1,DDT500_num100.txt,fixed,1822,8,227.75,6.923691272735596,20.54222297668457,6.607249360968126e-06,-4.98,-0.45254578,0.1887500137090683,0.027585096657276154,0.1599999964237213,0.25,-0.039705655,-0.034036204,0.002557483094278723,0.6948192864656448,0.013346164167160168,0.04944946663454175,0.0003,649,151,68.72562937662049,20.57278299331665,5.938432931900024,26.511215925216675,859,0.5877939994679764,0,0,TRUE,pair,238,6.147197201149538,5.634467618002195,64,0,7.65546218487395,6.147197201149538,0.8365737972781062,13.130565400002524,cpu,cuda:0,0,670.44384765625,47
203,1,DDT500_num100.txt,fixed,1869,8,233.625,19.006166458129883,10.25922679901123,1.0826408470165916e-05,-4.92,-0.466577169,0.19249999523162842,0.021065372973680496,0.17000000178813934,0.23999999463558197,-0.010323246,-0.00470021,0.00345304903263847,0.7349560459454855,0.023003356725287933,0.11471239477396011,0.0003,646,154,72.09732423111863,10.290404796600342,15.632887363433838,25.92329216003418,864,0.38056649861391634,0,0,TRUE,pair,261,4.709344301489182,5.75334403583747,40,0,7.160919540229885,4.709344301489182,0.40427979885134846,4.939523501088843,cpu,cuda:0,0,670.4443359,48
204,1,DDT500_num100.txt,fixed,1782,8,222.75,16.169029235839844,20.71453094482422,1.4927364645700436e-05,-5.3,-0.48057476,0.16875000298023224,0.018328595906496048,0.15000000596046448,0.20999999344348907,0.0054061075672507284,0.010613874811679126,0.004022635729052126,0.7219086527824402,0.020807683141902088,0.08924967031925916,0.0003,665,135,34.6764868334429,20.76109480857849,30.628194093704224,51.389288902282715,855,0.6027169978478923,0,0,TRUE,pair,250,6.182892300654203,5.751402920879231,40,0,7.128,6.182892300654203,0.8373285995330662,13.267264402937144,cpu,cuda:0,0,670.44189453125,50
205,1,DDT500_num100.txt,fixed,1869,8,233.625,14.781216621398926,21.56349754333496,1.4712571100972127e-05,-4.78,-0.467416009,0.20125001668930054,0.029764700680971146,0.1599999964237213,0.23999999463558197,-0.005158858,0.0014284583739936352,0.0028855463315267116,0.8030088692903519,0.012508132960647345,0.06749745376873761,0.0003,639,161,44.73167917555094,21.609349250793457,20.17311978340149,41.782469034194946,857,0.5858472008258104,0,0,TRUE,pair,255,6.425076600629836,5.609416798897259,64,0,7.329411764705882,6.425076600629836,0.859496901393868,13.834095199825242,cpu,cuda:0,0,670.4443359,50
206,1,DDT500_num100.txt,fixed,1796,8,224.5,15.256146430969238,20.721206665039062,1.3704402590519749e-05,-5.2,-0.473687039,0.17499999701976776,0.013228758238255978,0.1599999964237213,0.20000000298023224,-0.017537784,-0.011877088,0.002905263041611761,0.7113325993220011,0.01062588052203258,0.059815321738521256,0.0003,660,140,46.52157072962022,20.766713857650757,17.839033365249634,38.60574722290039,828,0.5668307003797963,0,0,TRUE,pair,256,6.186477300710976,6.0439866380330445,48,0,7.015625,6.186477300710976,0.8488635034300387,13.262449899804778,cpu,cuda:0,0,670.44384765625,50
207,1,DDT500_num100.txt,fixed,1886,8,235.75,10.485108375549316,21.748533248901367,1.1324254955979995e-05,-4.72,-0.444351726,0.20500001311302185,0.019999997690320015,0.18000000715255737,0.23999999463558197,0.014109445114930471,0.01981896348297596,0.0024582570767961442,0.6938647230466207,0.025218732155432615,0.037996976946791015,0.0003,636,164,47.63602343376195,21.794105052947998,17.797780752182007,39.591885805130005,895,0.6090752987656742,0,0,TRUE,pair,254,6.581344799604267,5.6648992588259635,48,0,7.425196850393701,6.581344799604267,0.8893651022808626,13.833100999589078,cpu,cuda:0,0,670.4443359,51
208,1,DDT500_num100.txt,fixed,1929,8,241.125,11.962833404541016,21.92612648010254,1.2194358532724436e-05,-4.52,-0.436700753,0.2175000160932541,0.029047375544905663,0.1599999964237213,0.25,0.10813422501087189,0.113527175411582,0.002745326142758131,0.6765612602233887,0.011368411686271429,0.03995582386851311,0.0003,626,174,54.73075120817163,21.97204089164734,13.273227214813232,35.24526810646057,848,0.5695174995344132,0,0,TRUE,pair,252,6.670083599979989,5.491964746720436,50,0,7.654761904761905,6.670083599979989,0.8722595010185614,13.940748500172049,cpu,cuda:0,0,670.4462891,51
209,1,DDT500_num100.txt,fixed,1805,8,225.625,15.874015808105469,20.804969787597656,1.5303427062463015e-05,-4.98,-0.474569964,0.1887499988079071,0.024206144735217094,0.15000000596046448,0.2199999988079071,0.03979991376399994,0.04533719377858298,0.002593847773303943,0.6834196278027126,0.02748019507687007,0.034808385585035594,0.0003,649,151,41.10796483134259,20.851590871810913,23.057174921035767,43.90876579284668,845,0.7028304988052696,0,0,TRUE,pair,250,6.238205699366517,5.77229916712584,40,0,7.22,6.238205699366517,0.8374808009248227,13.298995097517036,cpu,cuda:0,0,670.44384765625,51
210,1,DDT500_num100.txt,fixed,1887,8,235.875,6.808772087097168,21.464527130126953,9.956652320397552e-06,-4.88,-0.465989503,0.19499999284744263,0.016583122313022614,0.17000000178813934,0.2199999988079071,-0.054313046,-0.048521475,0.0018836058540424954,0.6733372658491135,0.00874849603860639,0.04214705619961023,0.0003,644,156,35.29431365342512,21.511635780334473,31.953067302703857,53.46470308303833,893,0.5906113010132685,0,0,TRUE,pair,247,6.5282675988273695,5.499205086682294,45,0,7.6396761133603235,6.5282675988273695,0.8489019031403586,13.655153299565427,cpu,cuda:0,0,670.4443359,44
211,1,DDT500_num100.txt,fixed,1891,8,236.375,13.774410247802734,21.722820281982422,1.1562686268007383e-05,-4.52,-0.455676115,0.2175000011920929,0.02487468533217907,0.1899999976158142,0.25999999046325684,0.050601660998331174,0.055430357506136514,0.0026448975808711517,0.6151144769456651,0.013030676843805445,0.07217232862280475,0.0003,626,174,43.99831336529417,21.7683265209198,21.210593700408936,42.978920221328735,860,0.5840051972772926,0,0,TRUE,pair,258,6.472844899981283,5.709148595220888,50,0,7.329457364341085,6.472844899981283,0.8806409008102491,13.926876499550417,cpu,cuda:0,0,670.4443359,42
212,1,DDT500_num100.txt,fixed,1801,8,225.125,12.927079200744629,20.713329315185547,1.0726186701504048e-05,-4.72,-0.484955433,0.20499998331069946,0.033166248351335526,0.17000000178813934,0.25,-0.058958355,-0.053560681,0.0026929953368380667,0.674416983127594,0.008051111878012307,0.0443902563303709,0.0003,636,164,35.73530010140408,20.757859468460083,29.640486001968384,50.39834547042847,839,0.7155812000855803,0,0,TRUE,pair,240,6.174995402339846,5.931149360671565,64,0,7.504166666666666,6.174995402339846,0.8344284001505002,13.281320897396654,cpu,cuda:0,0,670.44384765625,41
213,1,DDT500_num100.txt,fixed,1818,8,227.25,15.562374114990234,21.026443481445312,1.4400166037376039e-05,-5.14,-0.510658418,0.17875000834465027,0.033330731093883514,0.12999999523162842,0.23000000417232513,0.02533207895855109,0.030515530250138707,0.0033660142669557696,0.6866457396083407,0.015389363255558742,0.07071737306089038,0.0003,657,143,26.434297311822228,21.070977449417114,47.70331144332886,68.77428889274597,842,0.5690247002057731,0,0,TRUE,pair,245,6.411962500307709,5.710671066713281,45,0,7.420408163265306,6.411962500307709,0.8622441957704723,13.322929201531224,cpu,cuda:0,0,670.44384765625,42
214,1,DDT500_num100.txt,fixed,1864,8,233,14.124446868896484,21.319181442260742,1.3836496691510547e-05,-4.78,-0.50996801,0.20124998688697815,0.026663411408662796,0.1599999964237213,0.23999999463558197,0.06925080033640067,0.07370462206502755,0.0030846634084203592,0.5996154993772507,0.010433797617830956,0.06125957642992338,0.0003,639,161,35.289552344657466,21.36348605155945,31.456679582595825,52.82016563415527,879,0.7157718993257731,0,0,TRUE,pair,259,6.392402301891707,5.497317592985128,64,0,7.196911196911197,6.392402301891707,0.8428092992398888,13.655826800270006,cpu,cuda:0,0,670.4443359,40
215,1,DDT500_num100.txt,fixed,1826,8,228.25,14.015616416931152,21.258583068847656,1.3637875781569164e-05,-4.82,-0.484838845,0.19875000417232513,0.020879114046692848,0.17000000178813934,0.2199999988079071,-0.012160663,-0.008073834,0.004786629365601887,0.6480145454406738,0.01728145868401043,0.08446915339057644,0.0003,641,159,33.31696864497813,21.302815198898315,33.50409173965454,54.806906938552856,856,0.593456600792706,0,0,TRUE,pair,254,6.495774499257095,5.734939756424769,64,0,7.188976377952756,6.495774499257095,0.8446280008647591,13.452305597253144,cpu,cuda:0,0,670.44384765625,43
216,1,DDT500_num100.txt,fixed,1801,8,225.125,9.992966651916504,20.87259292602539,1.160194915428292e-05,-4.82,-0.476392516,0.19874998927116394,0.032185982912778854,0.14000000059604645,0.25,-0.042515415,-0.037398838,0.003554456343408674,0.689380332827568,0.011115751573621916,0.08579738445890446,0.0003,641,159,33.31506622734953,20.918362140655518,33.141263246536255,54.05962538719177,837,0.5895752985961735,0,0,TRUE,pair,247,6.375464797602035,5.666851748234031,50,0,7.291497975708502,6.375464797602035,0.8422762016998604,13.18963260075543,cpu,cuda:0,0,670.44384765625,45
217,1,DDT500_num100.txt,fixed,1837,8,229.625,18.350322723388672,21.624664306640625,1.7584885426913388e-05,-5,-0.466964899,0.1875,0.042646802961826324,0.12999999523162842,0.25,-0.109270525,-0.10326077,0.0034511724287377937,0.7735341106142316,0.009946714425625811,0.05198200685637338,0.0003,650,150,31.583295587123818,21.667402744293213,36.49625515937805,58.163657903671265,849,0.5777805999387056,0,0,TRUE,pair,258,6.6798543992917985,5.394665213986201,36,0,7.12015503875969,6.6798543992917985,0.8456460974412039,13.622113202000037,cpu,cuda:0,0,670.44384765625,47
218,1,DDT500_num100.txt,fixed,1846,8,230.75,5.889609336853027,21.327917098999023,8.231485480791889e-06,-5.16,-0.450432382,0.17749997973442078,0.01854049414396286,0.15000000596046448,0.20999999344348907,-0.021335976,-0.014699833,0.001903081825003028,0.7587684094905853,0.007980983552988619,0.07247598618268966,0.0003,658,142,41.09105220260206,21.37612509727478,23.548497200012207,44.92462229728699,871,0.5880532016744837,0,0,TRUE,pair,238,6.4615960001247,5.29252437612734,35,0,7.756302521008403,6.4615960001247,0.8433769022813067,13.54828479862772,cpu,cuda:0,0,670.44384765625,48
219,1,DDT500_num100.txt,fixed,1789,8,223.625,17.356103897094727,20.777042388916016,2.846681854862254e-05,-5.14,-0.441332201,0.17875000834465027,0.041963521391153336,0.09000000357627869,0.23999999463558197,-0.066693429,-0.060724439,0.00268377236271691,0.7310881581571367,0.014296757998333002,0.08034285090656744,0.0003,657,143,26.071008632791177,20.824448823928833,47.7958345413208,68.62028336524963,851,0.591046001878567,0,0,TRUE,pair,243,6.421530700637959,5.60648406678035,45,0,7.362139917695473,6.421530700637959,0.822638001292944,13.069228298729286,cpu,cuda:0,0,670.44189453125,50
220,1,DDT500_num100.txt,fixed,1814,8,226.75,11.132721900939941,21.172391891479492,9.725607924337965e-06,-4.76,-0.414198428,0.20250001549720764,0.02487468346953392,0.17000000178813934,0.23999999463558197,-0.100592617,-0.094877101,0.002471086018396398,0.6951057635820829,0.012123475393029647,0.060738457151903555,0.0003,638,162,33.47569730756523,21.216281175613403,32.97228384017944,54.18856501579285,841,0.5778704010881484,0,0,TRUE,pair,238,6.386488500400446,5.789415654037333,52,0,7.621848739495798,6.386488500400446,0.8588924970244989,13.450764297391288,cpu,cuda:0,0,670.44384765625,52
221,1,DDT500_num100.txt,fixed,1747,8,218.375,12.579124450683594,20.42816925048828,1.3704402590519749e-05,-5.24,-0.424029805,0.17249998450279236,0.039921797811985016,0.11999999731779099,0.23999999463558197,-0.06109164,-0.054088249,0.00205266628126126,0.802972416083018,0.008829082589640859,0.06871132900760997,0.0003,662,138,24.147912894816383,20.472599506378174,51.87319731712341,72.34579682350159,861,0.5858485985081643,0,0,TRUE,pair,240,6.322095900424756,5.795649683946326,45,0,7.279166666666667,6.322095900424756,0.8066751003498212,12.847514098975807,cpu,cuda:0,0,670.44189453125,48
222,1,DDT500_num100.txt,fixed,1836,8,229.5,13.028814315795898,11.488821983337402,9.506894457445014e-06,-4.74,-0.385148118,0.20375001430511475,0.022878756746649742,0.1599999964237213,0.23000000417232513,-0.058420197,-0.052533706,0.0016508540675903743,0.6711915593880874,0.01740136674981421,0.09951686171384957,0.0003,637,163,64.45375894337359,11.52501106262207,16.960526943206787,28.485538005828857,873,0.4025842003757134,0,0,TRUE,pair,250,4.2315676003927365,5.471132896045194,39,0,7.344,4.2315676003927365,0.4315658997511491,6.566863599582575,cpu,cuda:0,0,670.44384765625,46
223,1,DDT500_num100.txt,fixed,1844,8,230.5,13.693063735961914,8.403837203979492,9.337976734968834e-06,-4.78,-0.373821218,0.20124998688697815,0.026190409436821938,0.1599999964237213,0.25,0.0342777187211646,0.04043669584724638,0.00242909155268636,0.7373528281847636,0.013988798645894147,0.064930805315574,0.0003,639,161,95.35377249085042,8.42797327041626,10.910537958145142,19.3385112285614,878,0.4193136002868414,0,0,TRUE,pair,254,3.4437943008961156,5.476681126560409,48,0,7.25984251968504,3.4437943008961156,0.32690770155750215,4.438335200306028,cpu,cuda:0,0,670.44384765625,43
224,1,DDT500_num100.txt,fixed,1861,8,232.625,16.522239685058594,8.954015731811523,9.95094160316512e-06,-4.62,-0.381696196,0.21124999225139618,0.03179524093866348,0.14000000059604645,0.25,-0.087899133,-0.081639206,0.0019795236820798544,0.7249688676425389,0.00916499463519791,0.06306898243547905,0.0003,631,169,53.418522731017276,8.97569227218628,25.8624107837677,34.83810305595398,859,0.34392650064546615,0,0,TRUE,pair,263,3.832163400715217,5.525523907647602,35,0,7.076045627376426,3.832163400715217,0.3751185000874102,4.536214199499227,cpu,cuda:0,0,670.4443359,43
225,1,DDT500_num100.txt,fixed,1855,8,231.875,13.242332458496094,8.515910148620605,9.034774848259985e-06,-4.58,-0.3899099,0.2137499898672104,0.03903123736381531,0.14000000059604645,0.2800000011920929,-0.054849997,-0.049393584,0.0015440612332895398,0.622843990723292,0.020969489046062034,0.07885558158159256,0.0003,629,171,111.98231480471452,8.539945363998413,8.02517032623291,16.565115690231323,870,0.3372787985717878,0,0,TRUE,pair,249,3.5537318005226552,5.389218323828397,40,0,7.449799196787149,3.5537318005226552,0.3429544036043808,4.4195641005644575,cpu,cuda:0,0,670.44384765625,42
226,1,DDT500_num100.txt,fixed,1853,8,231.625,9.525459289550781,9.283079147338867,7.769665899104439e-06,-4.48,-0.383316436,0.2199999988079071,0.02179449424147606,0.18000000715255737,0.25,-0.084290684,-0.078454164,0.0013962005854409655,0.6534617125988007,0.009664387465454638,0.06472310582175851,0.0003,624,176,53.201907626378485,9.30377984046936,25.525798320770264,34.829578161239624,864,0.3588504994986579,0,0,TRUE,pair,249,4.135596701642498,5.5806799776413865,36,0,7.4417670682730925,4.135596701642498,0.3885598996421322,4.539814799325541,cpu,cuda:0,0,670.44384765625,41
227,1,DDT500_num100.txt,fixed,1846,8,230.75,20.154094696044922,8.337270736694336,1.11879044197849e-05,-4.62,-0.362348424,0.21125000715255737,0.03689088672399521,0.11999999731779099,0.25,-0.045813661,-0.040652521,0.001837404935421156,0.6079849515642438,0.015591643185221724,0.07751653715968132,0.0003,631,169,112.96593498686899,8.357735395431519,7.983474016189575,16.341209411621094,882,0.3372581989970058,0,0,TRUE,pair,248,3.4282539983978495,5.484290356496561,36,0,7.443548387096774,3.4282539983978495,0.3379465981852263,4.3954649032093585,cpu,cuda:0,0,670.44384765625,42
228,1,DDT500_num100.txt,fixed,1861,8,232.625,12.082399368286133,8.500004768371582,8.078133760136552e-06,-4.88,-0.383592014,0.19500000774860382,0.038405731320381165,0.12999999523162842,0.27000001072883606,-0.255184612,-0.249701525,0.001935388385650835,0.6450794764927456,0.009733268874697387,0.0652070234396628,0.0003,644,156,95.92617233667836,8.521076440811157,10.879259824752808,19.400336265563965,870,0.3398011011304334,0,0,TRUE,pair,257,3.549887699424289,5.672219235432014,54,0,7.2412451361867705,3.549887699424289,0.34400409762747586,4.430064998450689,cpu,cuda:0,0,670.4443359,41
229,1,DDT500_num100.txt,fixed,1955,8,244.375,12.569183349609375,8.953756332397461,7.835234100639354e-06,-4.42,-0.385654094,0.22374999523162842,0.035685256123542786,0.17000000178813934,0.27000001072883606,0.07985935807228088,0.08489235639572143,0.0017738046823069452,0.5919899225234986,0.008022487838752567,0.03286643177270889,0.0003,621,179,132.66749200155488,8.976210594177246,5.759878635406494,14.73608922958374,889,0.34407220070715994,0,0,TRUE,pair,266,3.7043153011472896,5.332480817804556,36,0,7.349624060150376,3.7043153011472896,0.353684998000972,4.712260600295849,cpu,cuda:0,0,670.4462891,41
230,1,DDT500_num100.txt,fixed,1862,8,232.75,10.389297485351562,9.05471134185791,7.286408617801499e-06,-4.4,-0.366531108,0.22499999403953552,0.02645750902593136,0.18000000715255737,0.25999999046325684,-0.050430567,-0.044320846,0.002084675921651069,0.7152058184146881,0.01694184262305498,0.052872199565172195,0.0003,620,180,91.7090856602593,9.078356981277466,11.224974870681763,20.30333185195923,858,0.35511420178227127,0,0,TRUE,pair,242,3.856531700468622,5.61117078423116,36,0,7.694214876033058,3.856531700468622,0.39228679868392646,4.6146523982752115,cpu,cuda:0,0,670.4443359,41
231,1,DDT500_num100.txt,fixed,1833,8,229.125,13.760790824890137,9.054757118225098,9.512871656625066e-06,-4.8,-0.407460948,0.19999998807907104,0.014999997802078724,0.17000000178813934,0.2199999988079071,-0.066129971,-0.059961872,0.001922604993784002,0.7129403480461666,0.008813418728615423,0.0411476893350482,0.0003,640,160,70.76509159273542,9.07720947265625,16.825392484664917,25.902601957321167,858,0.4357276982627809,0,0,TRUE,pair,247,3.663992300746031,5.6852154945065525,45,0,7.421052631578948,3.663992300746031,0.39276389696169645,4.813234200119041,cpu,cuda:0,0,670.44384765625,41
232,1,DDT500_num100.txt,fixed,1889,8,236.125,20.539215087890625,8.848978042602539,7.59953354645404e-06,-4.58,-0.4190338,0.2137499898672104,0.03672107309103012,0.15000000596046448,0.25999999046325684,-0.08301672,-0.077809808,0.0021161075520257536,0.6264965304961572,0.007803652462406227,0.04138639601520621,0.0003,629,171,72.76617234198751,8.86971402168274,17.090150833129883,25.959864854812622,865,0.3435829017544165,0,0,TRUE,pair,265,3.6723191995406523,5.4748544213379295,48,0,7.128301886792453,3.6723191995406523,0.3644490010337904,4.627112498041242,cpu,cuda:0,0,670.4443359,41
233,1,DDT500_num100.txt,fixed,1943,8,242.875,8.130766868591309,9.023857116699219,5.6721578403085005e-06,-4.58,-0.4012953,0.21375000476837158,0.025464436039328575,0.1599999964237213,0.23999999463558197,0.005862293144067128,0.011671192530128691,0.001866908187771009,0.674235549237993,0.006961085468194344,0.04377414146438241,0.0003,629,171,85.62339588896087,9.047672033309937,13.644723892211914,22.69239592552185,923,0.35493750066962093,0,0,TRUE,pair,253,3.7401757000479847,5.476067936058457,40,0,7.679841897233201,3.7401757000479847,0.3687105989083648,4.728763398365118,cpu,cuda:0,0,670.4462891,41
234,1,DDT500_num100.txt,fixed,1930,8,241.25,9.588404655456543,8.778790473937988,6.598640538868494e-06,-4.44,-0.400376583,0.2225000113248825,0.03561951965093613,0.17000000178813934,0.30000001192092896,-0.165459855,-0.160453953,0.0023424169921781868,0.6177104488015175,0.00857642885603127,0.019541222078260034,0.0003,622,178,100.95069939821087,8.803466081619263,10.31477689743042,19.118242979049683,912,0.34491269930731505,0,0,TRUE,pair,261,3.665699499892071,5.388082900442607,40,0,7.394636015325671,3.665699499892071,0.3570462971692905,4.575599299627356,cpu,cuda:0,0,670.4462891,42
235,1,DDT500_num100.txt,fixed,1846,8,230.75,21.94738006591797,8.340014457702637,1.1611743502726313e-05,-4.56,-0.401662773,0.2149999886751175,0.0502493754029274,0.12999999523162842,0.2800000011920929,-0.099017761,-0.09413373,0.002568193295571421,0.6168120588575091,0.007792793796397746,0.038865154209945886,0.0003,628,172,105.90736806028903,8.36173963546753,9.068586826324463,17.430326461791992,839,0.3300098009640351,0,0,TRUE,pair,260,3.4532681992277503,5.518418201516793,40,0,7.1,3.4532681992277503,0.3408017009496689,4.371060399804264,cpu,cuda:0,0,670.44384765625,42
236,1,DDT500_num100.txt,fixed,1876,8,234.5,12.308533668518066,8.600370407104492,8.056996193772648e-06,-4.52,-0.40793201,0.21750003099441528,0.029047373682260513,0.18000000715255737,0.2800000011920929,-0.087801533,-0.082932521,0.0030496587045490743,0.6393840909004211,0.010979605915781575,0.049687905982136724,0.0003,626,174,86.1172870992675,8.621030330657959,13.163213729858398,21.784244060516357,881,0.3464864002307877,0,0,TRUE,pair,257,3.5597273006569594,5.448827293890117,42,0,7.299610894941634,3.5597273006569594,0.3519139006966725,4.510533602675423,cpu,cuda:0,0,670.4443359,44
237,1,DDT500_num100.txt,fixed,1844,8,230.5,16.76305389404297,20.568979263305664,1.633819738344755e-05,-4.68,-0.413794918,0.20750001072883606,0.0396074540913105,0.1599999964237213,0.30000001192092896,0.0701670527458191,0.07476385831832885,0.0031288672238588334,0.6161231756210327,0.011209797713672743,0.029704952705651523,0.0003,634,166,54.39305940232056,20.60235357284546,13.299030542373657,33.901384115219116,859,0.5899051995947957,0,0,TRUE,pair,256,6.20092920132447,5.643167029492509,36,0,7.203125,6.20092920132447,0.8314265012741089,13.10773429647088,cpu,cuda:0,0,670.44384765625,45
238,1,DDT500_num100.txt,fixed,1979,8,247.375,10.699737548828125,22.715927124023438,1.0576759450486861e-05,-4,-0.384346526,0.25,0.015811385586857796,0.23000000417232513,0.2800000011920929,0.0005509033799171448,0.005305469036102295,0.002416856383206323,0.5962994620203972,0.023320424705161713,0.035116735845804214,0.0003,600,200,63.24854218519714,22.76254963874817,8.526709079742432,31.2892587184906,880,0.7439466986106709,0,0,TRUE,pair,263,6.774792399839498,5.24557857479695,36,0,7.524714828897339,6.774792399839498,0.8857391990022734,14.596119500230998,cpu,cuda:0,0,670.4462891,45
239,1,DDT500_num100.txt,fixed,1880,8,235,20.062402725219727,8.750862121582031,1.21007706184173e-05,-4.62,-0.397927971,0.21125000715255737,0.041963525116443634,0.11999999731779099,0.25999999046325684,-0.075830095,-0.072719225,0.00570586250562753,0.5963803231716156,0.009617187465274972,0.03964794307414975,0.0003,631,169,56.208437731508184,8.776866912841797,24.670068740844727,33.44693565368652,861,0.4369425978511572,0,0,TRUE,pair,257,3.639455898082815,5.462234040650916,40,0,7.315175097276264,3.639455898082815,0.34121050068642944,4.589254494640045,cpu,cuda:0,0,670.4443359,48
240,1,DDT500_num100.txt,fixed,1853,8,231.625,16.687850952148438,8.337568283081055,9.482947461947333e-06,-4.4,-0.427122295,0.22499999403953552,0.04092676565051079,0.17000000178813934,0.27000001072883606,-0.025433829,-0.021892944,0.0025724529841681942,0.482711598277092,0.012665155434660846,0.0319604508113116,0.0003,620,180,92.96053305354434,8.358778238296509,11.574412107467651,19.93319034576416,838,0.32915059907827526,0,0,TRUE,pair,254,3.3683874998241663,5.535348086117797,45,0,7.2952755905511815,3.3683874998241663,0.3314596004784107,4.465659999055788,cpu,cuda:0,0,670.44384765625,47
241,1,DDT500_num100.txt,fixed,1904,8,238,18.15213394165039,8.561147689819336,1.0282448783982545e-05,-4.2,-0.405758713,0.23750001192092896,0.023848485201597214,0.20999999344348907,0.27000001072883606,-0.094196402,-0.089666936,0.0022225407661781425,0.5640742182731628,0.006693539090476753,0.04074664398406943,0.0003,610,190,54.35398370332298,8.582036256790161,26.44759488105774,35.0296311378479,877,0.32164489827118814,0,0,TRUE,pair,264,3.602286301087588,5.413340335508354,36,0,7.212121212121212,3.602286301087588,0.3490318002877757,4.431546601699665,cpu,cuda:0,0,670.4443359,48
242,1,DDT500_num100.txt,fixed,1949,8,243.625,15.531721115112305,8.811544418334961,8.300254194182344e-06,-4.38,-0.412117474,0.22625000774860382,0.02781074307858944,0.17000000178813934,0.25,-0.016827253,-0.012410435,0.002014089123501132,0.5423853645722071,0.007295555740711279,0.012174675473943353,0.0003,619,181,115.26587002017037,8.83653473854065,8.072199821472168,16.908734560012817,867,0.33710090024396777,0,0,TRUE,pair,268,3.7105532998684794,5.50025654144933,50,0,7.272388059701493,3.7105532998684794,0.3452271973947063,4.574309101095423,cpu,cuda:0,0,670.4462891,48
243,1,DDT500_num100.txt,fixed,1976,8,247,12.489995956420898,9.617259979248047,7.907449798949528e-06,-4.4,-0.436188435,0.22500000894069672,0.023979157209396362,0.1899999976158142,0.25,-0.020785417,-0.015184584,0.0020579201518557966,0.662979376812776,0.009495756637382632,0.04259018549540391,0.0003,620,180,74.87984387303831,9.643511056900024,16.74543285369873,26.388943910598755,885,0.4380724993534386,0,0,TRUE,pair,258,3.960678598843515,5.406882591817061,45,0,7.658914728682171,3.960678598843515,0.37549930077511817,5.084609097568318,cpu,cuda:0,0,670.4462891,50
244,1,DDT500_num100.txt,fixed,2008,8,251,9.797959327697754,9.359320640563965,7.278603334270883e-06,-4.08,-0.424431994,0.24500000476837158,0.03162277489900589,0.1899999976158142,0.28999999165534973,-0.089384415,-0.084236351,0.0019439034097428834,0.6120018150125232,0.009426124773675664,0.05238128422449032,0.0003,604,196,53.58848019803864,9.382827281951904,28.087912559509277,37.47073984146118,920,0.4340314014116302,0,0,TRUE,pair,262,3.920874899136834,5.509462150444548,40,0,7.66412213740458,3.920874899136834,0.38006280129775405,4.866118299774826,cpu,cuda:0,0,670.44677734375,51
245,1,DDT500_num100.txt,fixed,1969,8,246.125,12.771428108215332,8.927523612976074,7.614478818140924e-06,-4.16,-0.43161384,0.23999999463558197,0.0353553369641304,0.1899999976158142,0.28999999165534973,-0.026510544,-0.021758139,0.0024700641399249433,0.5987433910369873,0.007177700410829857,0.04001291892491281,0.0003,608,192,80.03346181390046,8.949945211410522,15.65226435661316,24.60220956802368,877,0.42107129900250584,0,0,TRUE,pair,273,3.670072599314153,5.437277804903115,45,0,7.212454212454213,3.670072599314153,0.35665420012082905,4.718049895833246,cpu,cuda:0,0,670.4462891,51
246,1,DDT500_num100.txt,fixed,2039,8,254.875,8.00683307647705,9.261445045471191,5.266838343231939e-06,-4.14,-0.407130661,0.24125000834465027,0.01899835653603077,0.20999999344348907,0.27000001072883606,0.08750464469194412,0.09268074631690978,0.0015560005325824023,0.5954103231430053,0.010076398658566178,0.02568904310464859,0.0003,607,193,119.09538957397113,9.284423112869263,7.836306810379028,17.12072992324829,887,0.33865770150441676,0,0,TRUE,pair,267,3.8580834004096687,5.169691024778403,36,0,7.6367041198501875,3.8580834004096687,0.3672475969651714,4.8456458006985486,cpu,cuda:0,0,670.44677734375,50
247,1,DDT500_num100.txt,fixed,1956,8,244.5,9.708244323730469,9.172839164733887,3.1724903237773106e-05,-4.24,-0.42974118,0.23499999940395355,0.0269258264452219,0.20000000298023224,0.2800000011920929,-0.025854793,-0.021324995,0.0022508585160332067,0.5655226792607989,0.009991794292415892,0.0274473614658096,0.0003,612,188,109.39436933710006,9.202728748321533,8.677533388137817,17.88026213645935,864,0.3402870998252183,0,0,TRUE,pair,257,3.9232308998471126,5.51022494534042,36,0,7.610894941634241,3.9232308998471126,0.38806699903216213,4.666695899795741,cpu,cuda:0,0,670.4462891,50
248,1,DDT500_num100.txt,fixed,1915,8,239.375,12.815396308898926,8.8026762008667,7.75502030592179e-06,-4.42,-0.427760049,0.22374999523162842,0.026427967473864555,0.17000000178813934,0.25999999046325684,-0.013541943,-0.008498296,0.0018994676315092615,0.5993379056453705,0.010865609710370856,0.05494267500138709,0.0003,621,179,72.40692245146221,8.826808214187622,17.620939254760742,26.447747468948364,857,0.34825829952023923,0,0,TRUE,pair,256,3.5750838994281366,5.455874667902217,35,0,7.48046875,3.5750838994281366,0.34726400044746697,4.698000598116778,cpu,cuda:0,0,670.4443359,52
249,1,DDT500_num100.txt,fixed,1950,8,243.75,8.771402359008789,8.776313781738281,6.468133960879641e-06,-4.28,-0.441784178,0.23250001668930054,0.031124752014875412,0.1899999976158142,0.27000001072883606,-0.13143316,-0.127463489,0.0030602300798313487,0.5499787330627441,0.007543772730665903,0.02905794657352898,0.0003,614,186,94.36745481696501,8.800514459609985,11.863389253616333,20.66390371322632,877,0.34155929810367525,0,0,TRUE,pair,259,3.6069028975907713,5.350769232358688,33,0,7.528957528957529,3.6069028975907713,0.3433672017417848,4.646696901880205,cpu,cuda:0,0,670.4462891,51
250,1,DDT500_num100.txt,fixed,2023,8,252.875,10.397565841674805,9.429248809814453,8.238388545578346e-06,-3.92,-0.403319945,0.2549999952316284,0.023452075198292732,0.2199999988079071,0.28999999165534973,-0.028949811,-0.023972207,0.0019232973214597083,0.5939252078533173,0.012683786380176362,0.06350044440478086,0.0003,596,204,77.57388705818107,9.450531005859375,16.627832174301147,26.078363180160522,885,0.35117939952760935,0,0,TRUE,pair,268,3.983540100045502,5.394957986493188,35,0,7.548507462686567,3.983540100045502,0.38760559365618974,4.86302900291048,cpu,cuda:0,0,670.44677734375,51
251,1,DDT500_num100.txt,fixed,1923,8,240.375,13.774410247802734,8.897372245788574,9.542702173348516e-06,-4.34,-0.426342612,0.22875002026557922,0.027128169313073158,0.1899999976158142,0.2800000011920929,-0.078736652,-0.074004171,0.002268093450066562,0.5866528359743265,0.013989005721389102,0.04738401062786579,0.0003,617,183,77.95250779402181,8.918893337249756,15.749973058700562,24.668866395950317,869,0.3359389998950064,0,0,TRUE,pair,257,3.697011800832115,5.43889755466241,36,0,7.482490272373541,3.697011800832115,0.355894606676884,4.660931800026447,cpu,cuda:0,0,670.4462891,49
252,1,DDT500_num100.txt,fixed,1980,8,247.5,10.58300495147705,9.313409805297852,7.979011570569128e-06,-4.24,-0.433154543,0.23500001430511475,0.0269258264452219,0.1899999976158142,0.2800000011920929,-0.071723297,-0.066839896,0.0021895488070395705,0.5978174392993634,0.00999132803050228,0.05303511646791147,0.0003,612,188,73.69768606897242,9.334585189819336,17.531929969787598,26.866515159606934,880,0.34772860107477754,0,0,TRUE,pair,266,3.8487129994900897,5.4585858560571765,45,0,7.443609022556391,3.8487129994900897,0.3804304947843775,4.8884631029795855,cpu,cuda:0,0,670.4462891,46
253,1,DDT500_num100.txt,fixed,1919,8,239.875,8.866192817687988,8.777792930603027,6.633008979406441e-06,-4.64,-0.452341221,0.21000002324581146,0.03674234822392464,0.12999999523162842,0.27000001072883606,-0.010880196,-0.006006027,0.0025837701202059784,0.6166053598835355,0.009835063291358807,0.07098402074050336,0.0003,632,168,54.0567264872359,8.80040454864502,26.699340343475342,35.49974489212036,873,0.3470516010420397,0,0,TRUE,pair,254,3.5809083010535687,5.391349661157677,36,0,7.55511811023622,3.5809083010535687,0.34291240375023335,4.673544398858212,cpu,cuda:0,0,670.4443359,43
254,1,DDT500_num100.txt,fixed,1916,8,239.5,12.349088668823242,8.620706558227539,7.184276000771206e-06,-4.62,-0.462701499,0.21125000715255737,0.028912581503391266,0.1599999964237213,0.25999999046325684,0.0024516284465789795,0.006820401549339295,0.00307455996517092,0.5906054019927979,0.009719813874107785,0.04851449001580477,0.0003,631,169,92.49494995115069,8.652653217315674,12.060994386672974,20.71464443206787,859,0.42118149751331657,0,0,TRUE,pair,258,3.5246970002772287,5.408663882840899,42,0,7.426356589147287,3.5246970002772287,0.3427316014422104,4.575284100137651,cpu,cuda:0,0,670.4443359,42
255,1,DDT500_num100.txt,fixed,1919,8,239.875,9.545123100280762,8.74947738647461,5.8981499932997394e-06,-4.68,-0.469803942,0.20750001072883606,0.023318445309996605,0.18000000715255737,0.25,-0.086284116,-0.081417317,0.003592751782641492,0.6663174710490487,0.007021036491178992,0.03570022383196787,0.0003,634,166,82.03446759214953,8.77140212059021,14.621204137802124,23.392606258392334,860,0.33243800001218915,0,0,TRUE,pair,259,3.5930349993286654,5.494528400208442,30,0,7.409266409266409,3.5930349993286654,0.3447972988942638,4.6337266974151134,cpu,cuda:0,0,670.4443359,42
256,1,DDT500_num100.txt,fixed,1913,8,239.125,13.457688331604004,8.770405769348145,9.08496804186143e-06,-4.32,-0.450477055,0.23000000417232513,0.02958039753139019,0.20000000298023224,0.2800000011920929,-0.027089348,-0.02201778,0.0027438888625640956,0.6443508302881604,0.008041423974819259,0.04274546758582195,0.0003,616,184,53.88173593758631,8.79149079322815,26.712190866470337,35.503681659698486,873,0.3443585019558668,0,0,TRUE,pair,258,3.6604148995829746,5.5703084172220425,42,0,7.4147286821705425,3.6604148995829746,0.35603050130885094,4.56910800060723,cpu,cuda:0,0,670.4443359,43
257,1,DDT500_num100.txt,fixed,1867,8,233.375,11.62903118133545,8.39533519744873,8.863273251336068e-06,-4.76,-0.440841381,0.20249998569488525,0.02487468533217907,0.17000000178813934,0.25,0.03624184615910053,0.04179162883924113,0.0024310071021318436,0.6765284405814277,0.008754998186810149,0.05180340881148974,0.0003,638,162,53.96108750936733,8.421025037765503,26.17798113822937,34.59900617599487,845,0.3986702013062313,0,0,TRUE,pair,252,3.39175940095447,5.612747722726872,40,0,7.408730158730159,3.39175940095447,0.3374980997759849,4.490539199439809,cpu,cuda:0,0,670.4443359,41
258,1,DDT500_num100.txt,fixed,1828,8,228.5,14.456831932067871,8.4844388961792,8.727552994969301e-06,-4.72,-0.441831835,0.20499998331069946,0.03162277489900589,0.14000000059604645,0.23999999463558197,-0.097292848,-0.092012219,0.003328295909644415,0.6944780424237251,0.011655106597269574,0.05054793677603205,0.0003,636,164,72.50555151779615,8.505231380462646,16.706631183624268,25.211862564086914,822,0.32783119997475296,0,0,TRUE,pair,253,3.532596099888906,5.946936541626177,52,0,7.225296442687747,3.532596099888906,0.3311383966356516,4.446529503446072,cpu,cuda:0,0,670.44384765625,41
259,1,DDT500_num100.txt,fixed,1866,8,233.25,19.34392738342285,8.66148567199707,1.0863100214919541e-05,-4.64,-0.452490951,0.20999999344348907,0.0482182539999485,0.14000000059604645,0.2800000011920929,-0.009846448,-0.005171696,0.0034253989246540834,0.6387450808570498,0.009580757083659549,0.05041066406383401,0.0003,632,168,53.93473043951095,8.683424711227417,25.91394853591919,34.597373247146606,859,0.3369617983698845,0,0,TRUE,pair,272,3.574869000352919,5.652197212268302,64,0,6.860294117647059,3.574869000352919,0.3437363982666284,4.5652549006044865,cpu,cuda:0,0,670.4443359,41
260,1,DDT500_num100.txt,fixed,1796,8,224.5,15.049917221069336,8.237689971923828,8.681841791258194e-06,-4.9,-0.459398441,0.1937500238418579,0.02232571318745613,0.1599999964237213,0.23000000417232513,-0.115632569,-0.110119952,0.002353073221456725,0.6689154654741287,0.012094581234123325,0.06506692350376397,0.0003,645,155,69.72202499964297,8.261264562606812,17.498170852661133,25.759435415267944,859,0.3213652024278417,0,0,TRUE,pair,253,3.4579296994488686,5.700445436953436,40,0,7.098814229249012,3.4579296994488686,0.3270548980217427,4.281850699451752,cpu,cuda:0,0,670.44384765625,41
261,1,DDT500_num100.txt,fixed,1813,8,226.625,10.197273254394531,8.472919464111328,7.096708486642456e-06,-4.8,-0.456639967,0.20000000298023224,0.027386127039790154,0.14000000059604645,0.23000000417232513,-0.068534898,-0.063325443,0.0027888759763704408,0.6603891981972588,0.010659811733704474,0.03545937863075071,0.0003,640,160,101.35187336023851,8.493546485900879,9.394628047943115,17.888174533843994,862,0.3366799011128023,0,0,TRUE,pair,248,3.548303298652172,5.733590732407189,40,0,7.310483870967742,3.548303298652172,0.34943249716889113,4.395588599843904,cpu,cuda:0,0,670.44384765625,42
262,1,DDT500_num100.txt,fixed,1737,8,217.125,6.697714328765869,7.725730895996094,6.546750228153542e-06,-5.1,-0.459857163,0.18124999105930328,0.026190409436821938,0.14000000059604645,0.23000000417232513,-0.00186519,0.0038128020241856575,0.0035346842002278813,0.744533471763134,0.007827267829270568,0.029363269452005625,0.0003,655,145,81.15269104238777,7.7508838176727295,13.653212308883667,21.404096126556396,855,0.3317620020825416,0,0,TRUE,pair,226,3.130817498662509,5.951065053868445,45,0,7.685840707964601,3.130817498662509,0.31465199985541403,4.118080702144653,cpu,cuda:0,0,670.44189453125,41
263,1,DDT500_num100.txt,fixed,1756,8,219.5,17.342145919799805,8.136019706726074,9.325794053438585e-06,-5.14,-0.443864464,0.17874999344348907,0.03059309534728527,0.12999999523162842,0.2199999988079071,-0.032652231,-0.026977242,0.003562347918179714,0.745616195930375,0.008366107856596096,0.05366462774367796,0.0003,657,143,53.105959962541725,8.162610530853271,24.903357982635498,33.06596851348877,828,0.39221759932115674,0,0,TRUE,pair,249,3.368651999742724,6.002277902970281,45,0,7.052208835341365,3.368651999742724,0.33344720024615526,4.2642314995173365,cpu,cuda:0,0,670.44189453125,43
264,1,DDT500_num100.txt,fixed,1826,8,228.25,14.660746574401855,8.124910354614258,8.07109427114483e-06,-4.58,-0.407300053,0.21375000476837158,0.022325711324810982,0.18000000715255737,0.25,0.07110936939716339,0.0767288235326608,0.003546551257992784,0.7392732779184977,0.011242671543732286,0.08080329764634371,0.0003,629,171,62.65559116258278,8.146082162857056,20.997366428375244,29.1434485912323,848,0.31694490218069404,0,0,TRUE,pair,251,3.2845563006121665,5.803395398344685,70,0,7.274900398406374,3.2845563006121665,0.3228780966019258,4.3513195011764765,cpu,cuda:0,0,670.44384765625,46
265,1,DDT500_num100.txt,fixed,1756,8,219.5,11.937335968017578,8.041082382202148,6.768736511730822e-06,-5.2,-0.444949351,0.17499999701976776,0.03278719261288643,0.12999999523162842,0.2199999988079071,-0.03972593,-0.032946658,0.0026791695823990985,0.8118857113938582,0.010695204417539858,0.05855082720518112,0.0003,660,140,54.41354811161764,8.064784049987793,24.20659065246582,32.27137470245361,864,0.3370510987006128,0,0,TRUE,pair,235,3.286220500129275,5.873006832491021,40,0,7.472340425531915,3.286220500129275,0.3338903022231534,4.250250799115747,cpu,cuda:0,0,670.44189453125,46
266,1,DDT500_num100.txt,fixed,1773,8,221.625,11.0785551071167,8.003573417663574,7.621940312674269e-06,-5.06,-0.447568865,0.1837500035762787,0.01494782418012619,0.1599999964237213,0.20999999344348907,-0.095392883,-0.088598517,0.001811934169381857,0.7700332254171371,0.020234813098795712,0.0770517885684967,0.0003,653,147,156.41858124190512,8.025850057601929,3.3091204166412354,11.334970474243164,846,0.3174089990789071,0,0,TRUE,pair,236,3.331118301139213,5.830231244995711,40,0,7.512711864406779,3.331118301139213,0.32858310046140105,4.1797655979171395,cpu,cuda:0,0,471.90478515625,46
267,1,DDT500_num100.txt,fixed,1809,8,226.125,14.425996780395508,8.590047836303711,8.563177289033774e-06,-4.82,-0.474213895,0.19875000417232513,0.027128169313073158,0.1599999964237213,0.23999999463558197,0.12167468247935176,0.1280624265782535,0.002121796569554135,0.7448641657829285,0.011567978144739754,0.04216848639771342,0.0003,641,159,155.52704543489085,8.610370874404907,3.0210466384887695,11.631417512893677,853,0.3334206991130486,0,0,TRUE,pair,251,3.600231801276095,5.62133775329379,40,0,7.207171314741036,3.600231801276095,0.36730620032176375,4.4419915995094925,cpu,cuda:0,0,433.97314453125,46
268,1,DDT500_num100.txt,fixed,1813,8,226.625,14.88235092163086,8.617453575134277,9.979462447518017e-06,-4.98,-0.476737157,0.1887499988079071,0.02027159184217453,0.15000000596046448,0.2199999988079071,-0.008619989,-0.002105656,0.002400200747485672,0.7714429923466274,0.011039537178086383,0.03676498734525272,0.0003,649,151,108.17090525667248,8.638885736465454,8.121628522872925,16.76051425933838,866,0.34344650141429156,0,0,TRUE,pair,244,3.612459000432864,5.733039161742095,40,0,7.430327868852459,3.612459000432864,0.352925201295875,4.472118495963514,cpu,cuda:0,0,670.44384765625,48
269,1,DDT500_num100.txt,fixed,1871,8,233.875,16.050214767456055,8.965736389160156,1.0468720574863255e-05,-4.56,-0.451873816,0.2150000035762787,0.028284266591072083,0.17000000178813934,0.25999999046325684,-0.036293424,-0.030136316,0.002491573936172894,0.740289432661874,0.016715286798509105,0.05668133616979633,0.0003,628,172,103.03663536059396,8.986875534057617,9.171714305877686,18.158589839935303,867,0.3491959006059915,0,0,TRUE,pair,255,3.863093600491993,5.703367181540427,56,0,7.337254901960784,3.863093600491993,0.3690290995873511,4.523118502344005,cpu,cuda:0,0,670.4443359,47
270,1,DDT500_num100.txt,fixed,1818,8,227.25,13.543910026550293,8.742317199707031,6.003226644679671e-06,-4.7,-0.455393053,0.20624999701976776,0.030796710401773453,0.1599999964237213,0.25999999046325684,0.010632329853251576,0.016690511566897232,0.001885466743260622,0.7000918785730997,0.011725239222869277,0.05448854761198163,0.0003,635,165,109.21585321585322,8.763261079788208,7.882673978805542,16.64593505859375,836,0.33328130049631,0,0,TRUE,pair,253,3.786180199822411,5.508250823771075,50,0,7.1857707509881426,3.786180199822411,0.3591698018135503,4.394641799852252,cpu,cuda:0,0,670.44384765625,47
271,1,DDT500_num100.txt,fixed,1803,8,225.375,19.56998634338379,8.629796028137207,1.1844389518955722e-05,-4.76,-0.462296586,0.20249998569488525,0.038324274122714996,0.14000000059604645,0.25999999046325684,-0.021002652,-0.014989904,0.0024615276294449964,0.7243512372175852,0.010230932695170244,0.04521900291244189,0.0003,638,162,108.70460033828913,8.651893615722656,7.934340953826904,16.58623456954956,853,0.34288500086404383,0,0,TRUE,pair,254,3.6300096998456866,5.766500277315585,40,0,7.0984251968503935,3.6300096998456866,0.3357407011790201,4.466070301481523,cpu,cuda:0,0,670.44384765625,49
272,1,DDT500_num100.txt,fixed,1797,8,224.625,17.080232620239258,8.25103759765625,1.1944746802328154e-05,-4.86,-0.457922972,0.19625000655651093,0.039980463683605194,0.12999999523162842,0.25,-0.011270832,-0.00522802,0.002062152838334441,0.7073888182640076,0.017875967784285813,0.05579500685312918,0.0003,643,157,71.75219660035089,8.27455472946167,16.76997470855713,25.0445294380188,850,0.34164479933679104,0,0,TRUE,pair,245,3.4839635003590956,5.67668335969805,45,0,7.33469387755102,3.4839635003590956,0.31992499774787575,4.256886597955599,cpu,cuda:0,0,670.44384765625,49
273,1,DDT500_num100.txt,fixed,1843,8,230.375,10.463478088378906,8.293359756469727,6.991805094003212e-06,-4.78,-0.424307091,0.20124998688697815,0.019645288586616516,0.18000000715255737,0.23999999463558197,-0.061040086,-0.054864502,0.0013131935775163583,0.6832182928919792,0.010798138770041987,0.044099551741965115,0.0003,639,161,104.4892979029816,8.315244436264038,9.322925567626953,17.63817000389099,863,0.34139130054973066,0,0,TRUE,pair,248,3.387700500898063,5.533912101518959,55,0,7.431451612903226,3.387700500898063,0.3240301983896643,4.3872263978701085,cpu,cuda:0,0,670.44384765625,48
274,1,DDT500_num100.txt,fixed,1870,8,233.75,16.075990676879883,8.528162002563477,1.1273947166046128e-05,-4.78,-0.442732524,0.20124998688697815,0.025217797607183456,0.17000000178813934,0.23999999463558197,-0.020941281,-0.014909915,0.00160705468733795,0.6834892988204956,0.011890667327679693,0.05838438645005226,0.0003,639,161,94.5929451921735,8.551977396011353,11.216938734054565,19.768916130065918,879,0.33388229843694717,0,0,TRUE,pair,260,3.486961599672213,5.470053475170849,40,0,7.1923076923076925,3.486961599672213,0.3515914947493002,4.513148499070667,cpu,cuda:0,0,670.4443359,51
275,1,DDT500_num100.txt,fixed,1927,8,240.875,11.461212158203125,8.548980712890625,1.1085822734457906e-05,-4.38,-0.420074283,0.22625002264976501,0.02232571505010128,0.1899999976158142,0.25,0.008642799407243728,0.01349552944302559,0.0018102475441992283,0.5757855176925659,0.04016058226116002,0.050883898884058,0.0003,619,181,93.44411859543351,8.582301378250122,12.039649248123169,20.62195062637329,885,0.3489870995981619,0,0,TRUE,pair,255,3.511662700562738,5.2501297315044235,30,0,7.556862745098039,3.511662700562738,0.3380651008337736,4.52047909644898,cpu,cuda:0,0,670.4462891,49
276,1,DDT500_num100.txt,fixed,1981,8,247.625,7.631145000457764,8.946121215820312,6.793883585487492e-06,-4.44,-0.417561167,0.2224999964237213,0.024366984143853188,0.18000000715255737,0.25,-0.152355423,-0.147220649,0.001413088946719654,0.5841319561004639,0.02170345903141424,0.030759448767639697,0.0003,622,178,103.60647855136607,8.967630863189697,10.15279507637024,19.120425939559937,901,0.35137900174595416,0,0,TRUE,pair,260,3.666418299311772,5.213528522272894,40,0,7.619230769230769,3.666418299311772,0.3452604035846889,4.749657997163013,cpu,cuda:0,0,670.4462891,50
277,1,DDT500_num100.txt,fixed,1872,8,234,10.356157302856445,8.394396781921387,6.106495220592478e-06,-4.48,-0.420304262,0.2200000137090683,0.013228755444288254,0.20000000298023224,0.23999999463558197,-0.105244527,-0.099977036,0.0015132874897163776,0.6024131377538046,0.009106565874794291,0.043782941065728664,0.0003,624,176,95.29105508400627,8.415461301803589,11.229614496231079,19.645075798034668,861,0.3370278989896178,0,0,TRUE,pair,251,3.333679399336688,5.325854701491503,36,0,7.45816733067729,3.333679399336688,0.3341980976983905,4.5523039972176775,cpu,cuda:0,0,670.4443359,51
278,1,DDT500_num100.txt,fixed,1933,8,241.625,16.32434844970703,8.994592666625977,9.748958291311283e-06,-4.44,-0.383656061,0.2224999964237213,0.03561951592564583,0.1599999964237213,0.28999999165534973,-0.032902389,-0.028335628,0.0021546966662364347,0.5644109696149826,0.011452690702364115,0.053344337668802054,0.0003,622,178,71.78271127000987,9.016547203063965,17.91194248199463,26.928489685058594,882,0.34372510050889105,0,0,TRUE,pair,261,3.756613299716264,5.331091568375029,35,0,7.406130268199234,3.756613299716264,0.3647897974587977,4.686656800331548,cpu,cuda:0,0,670.4462891,51
279,1,DDT500_num100.txt,fixed,1861,8,232.625,21.55769920349121,8.40396499633789,1.4404113244381733e-05,-4.62,-0.423971845,0.21125000715255737,0.041963525116443634,0.12999999523162842,0.25999999046325684,-0.015915248,-0.011737843,0.003119586805243873,0.5737195710341135,0.01492433277113984,0.05769104200104872,0.0003,631,169,92.53553288825877,8.434560775756836,11.676632642745972,20.111193418502808,863,0.34414190030656755,0,0,TRUE,pair,260,3.4587591002928093,5.473938741202255,44,0,7.157692307692308,3.4587591002928093,0.33268999645952135,4.436345000052825,cpu,cuda:0,0,670.4443359,50
280,1,DDT500_num100.txt,fixed,1907,8,238.375,13.31294059753418,8.80875015258789,9.344062164018396e-06,-4.72,-0.386172374,0.20500001311302185,0.03240370377898216,0.15000000596046448,0.27000001072883606,-0.131831126,-0.128165043,0.0025973238283768297,0.4964737415313721,0.015679936920059846,0.05686765462160111,0.0003,636,164,97.18641908792777,8.829569578170776,10.792513608932495,19.62208318710327,881,0.4261645972728729,0,0,TRUE,pair,256,3.6777511994587258,5.404824328910135,35,0,7.44921875,3.6777511994587258,0.3564416980370879,4.595255000749603,cpu,cuda:0,0,670.4443359,51
281,1,DDT500_num100.txt,fixed,1864,8,233,20.657928466796875,8.403226852416992,1.2194358532724436e-05,-4.66,-0.375931493,0.20874999463558197,0.03950870409607887,0.12999999523162842,0.27000001072883606,-0.025516283,-0.021251232,0.0029726384673267603,0.5751370117068291,0.009272033916204236,0.03477443446172401,0.0003,633,167,107.65658160030895,8.424132823944092,8.890182495117188,17.31431531906128,869,0.33597409853246063,0,0,TRUE,pair,264,3.4042903013760224,5.429184547949246,44,0,7.0606060606060606,3.4042903013760224,0.33187590166926384,4.494722001836635,cpu,cuda:0,0,670.4443359,51
282,1,DDT500_num100.txt,fixed,1877,8,234.625,16.567569732666016,8.885515213012695,1.066240292857401e-05,-4.6,-0.407505194,0.21249999105930328,0.02817356586456299,0.17000000178813934,0.25999999046325684,-0.036965145,-0.033660084,0.002828686170025983,0.47194021940231323,0.00929245227334005,0.055949049747802994,0.0003,630,170,82.41571083114322,8.90618371963501,13.868600130081177,22.774783849716187,867,0.337714598281309,0,0,TRUE,pair,257,3.73856120032724,5.402770377119996,50,0,7.303501945525292,3.73856120032724,0.3619066998362541,4.600061398581602,cpu,cuda:0,0,670.4443359,51
283,1,DDT500_num100.txt,fixed,1894,8,236.75,16.55860710144043,8.966625213623047,1.0925711649178993e-05,-4.5,-0.374351879,0.21875,0.02204398810863495,0.18000000715255737,0.25,-0.014966817,-0.011489397,0.001991109379256765,0.4472974869940016,0.010403888507021798,0.025607862199346226,0.0003,625,175,93.21049031824988,8.987152099609375,11.332449197769165,20.31960129737854,857,0.34696049778722227,0,0,TRUE,pair,258,3.8174918001750484,5.593453009755458,60,0,7.341085271317829,3.8174918001750484,0.37146389728877693,4.592048198450357,cpu,cuda:0,0,670.4443359,52
284,1,DDT500_num100.txt,fixed,1886,8,235.75,17.661752700805664,8.689449310302734,1.064639764081221e-05,-4.44,-0.369935106,0.2225000113248825,0.0171391349285841,0.20000000298023224,0.25999999046325684,-0.10784743,-0.10428249,0.0021051041985629126,0.4617493351300557,0.006232160677124436,0.03476158653696378,0.0003,622,178,79.49101823021601,8.7109375,15.015013456344604,23.725950956344604,878,0.4245678992010653,0,0,TRUE,pair,260,3.546394000761211,5.417815481617747,35,0,7.253846153846154,3.546394000761211,0.3331374025437981,4.605616098851897,cpu,cuda:0,0,670.4443359,49
285,1,DDT500_num100.txt,fixed,2020,8,252.5,12.175795555114746,9.437417030334473,1.0930913049378432e-05,-4,-0.328703131,0.25,0.015000001527369022,0.23000000417232513,0.27000001072883606,-0.060047629,-0.056408806,0.0018306909478269517,0.4554174921729348,0.011488920268179341,0.03324523517353968,0.0003,600,200,75.32126803570023,9.466580629348755,17.351873874664307,26.81845450401306,886,0.36424039979465306,0,0,TRUE,pair,266,3.979949699016288,5.309405939295741,40,0,7.593984962406015,3.979949699016288,0.35814469947945327,4.879623097367585,cpu,cuda:0,0,670.44677734375,46
286,1,DDT500_num100.txt,fixed,2012,8,251.5,18.56744384765625,9.236364364624023,7.2472971623938065e-06,-4.14,-0.33300816,0.24125000834465027,0.030998993664979935,0.20000000298023224,0.2800000011920929,-0.155151173,-0.150985472,0.0015824704363088433,0.4956935594479243,0.012255574115746034,0.0627492497054239,0.0003,607,193,78.3794535769684,9.261466026306152,16.40852665901184,25.669992685317993,884,0.3546152990311384,0,0,TRUE,pair,270,3.8311570013174787,5.412027833238985,36,0,7.451851851851852,3.8311570013174787,0.3497919983929023,4.842198503785767,cpu,cuda:0,0,670.44677734375,45
287,1,DDT500_num100.txt,fixed,1961,8,245.125,16.66911506652832,9.236211776733398,1.2110162060707808e-05,-4.32,-0.30991145,0.22999998927116394,0.029999999329447746,0.1899999976158142,0.2800000011920929,-0.085238376,-0.0811799,0.0017132278257382236,0.491509667464665,0.015334837321591164,0.0502168415779514,0.0003,616,184,105.91152635488255,9.25936222076416,9.256091833114624,18.515454053878784,879,0.3503953996114433,0,0,TRUE,pair,260,3.823750299285166,5.353901069058502,40,0,7.542307692307692,3.823750299285166,0.3475516022881493,4.763195698498748,cpu,cuda:0,0,670.4462891,42
288,1,DDT500_num100.txt,fixed,2021,8,252.625,13.378503799438477,9.617462158203125,6.66719961373019e-06,-4.06,-0.297917672,0.2462500035762787,0.03276335448026657,0.1899999976158142,0.28999999165534973,-0.197685931,-0.194093283,0.0014105880763963796,0.4297940246760845,0.011596195385209285,0.026682547526434064,0.0003,603,197,100.01137701025449,9.638989686965942,10.568711280822754,20.207700967788696,890,0.35448600130621344,0,0,TRUE,pair,268,4.250360200181603,5.409203363963131,64,0,7.541044776119403,4.250360200181603,0.38313760282471776,4.765239096712321,cpu,cuda:0,0,670.44677734375,42
289,1,DDT500_num100.txt,fixed,1965,8,245.625,12.040946006774902,8.813651084899902,7.921813448774628e-06,-4.22,-0.302767935,0.23624999821186066,0.01932452991604805,0.20999999344348907,0.25999999046325684,-0.125719914,-0.122173318,0.001664199068909511,0.4378711372613907,0.04217386464588344,0.03981923162937164,0.0003,611,189,76.8716968799612,8.84070348739624,16.721370458602905,25.562073945999146,877,0.4217510004527867,0,0,TRUE,pair,263,3.6128028995590284,5.345547074883342,40,0,7.47148288973384,3.6128028995590284,0.33521150262095034,4.663786101038568,cpu,cuda:0,0,670.4462891,42
290,1,DDT500_num100.txt,fixed,1969,8,246.125,19.04230499267578,9.271981239318848,8.162137419276405e-06,-4.34,-0.309756453,0.22875000536441803,0.02934173494577408,0.18000000715255737,0.2800000011920929,-0.26280314,-0.259151464,0.0012849566516127777,0.4294156784361059,0.01842747439249334,0.0301995130086487,0.0003,617,183,87.8501668598886,9.292531728744507,13.120630025863647,22.413161754608154,874,0.3577380006900057,0,0,TRUE,pair,275,3.8930793015751988,5.468257993656467,44,0,7.16,3.8930793015751988,0.3522560008568689,4.811324898619205,cpu,cuda:0,0,670.4462891,43
291,1,DDT500_num100.txt,fixed,1995,8,249.375,12.529340744018555,9.154618263244629,9.097473594010808e-06,-4.22,-0.308534581,0.23625001311302185,0.01798437163233757,0.20999999344348907,0.27000001072883606,0.01283774050799283,0.016962253911928696,0.0015772780329412358,0.49131492322141473,0.008403929357882589,0.026637808081101288,0.0003,611,189,80.33452411141769,9.176297664642334,15.65735912322998,24.833656787872314,893,0.35202990018296987,0,0,TRUE,pair,270,3.9102919017896056,5.430576442297838,44,0,7.388888888888889,3.9102919017896056,0.3538621022598818,4.677063801791519,cpu,cuda:0,0,670.44677734375,43
292,1,DDT500_num100.txt,fixed,2018,8,252.25,9.679230690002441,9.413716316223145,8.259062269644346e-06,-4.18,-0.344518738,0.23875001072883606,0.02315032295882702,0.20000000298023224,0.27000001072883606,-0.076360381,-0.072867304,0.0017759433960438603,0.43810514940155876,0.014956816410024961,0.04185113124549389,0.0003,609,191,92.17461906786833,9.438600063323975,12.454628467559814,21.89322853088379,898,0.3525830010185018,0,0,TRUE,pair,264,4.0698217989411205,5.292368680209187,40,0,7.643939393939394,4.0698217989411205,0.35060089686885476,4.779192300862633,cpu,cuda:0,0,670.44677734375,40
293,1,DDT500_num100.txt,fixed,2073,8,259.125,11.240968704223633,9.47549057006836,8.422623068327084e-06,-3.84,-0.323166953,0.25999999046325684,0.022360678762197495,0.23000000417232513,0.28999999165534973,-0.27798183,-0.274912503,0.0016332220169715584,0.3885943591594696,0.010401808680035174,0.037038639187812805,0.0003,592,208,91.50119332194335,9.496053457260132,13.159388780593872,22.655442237854004,892,0.35698820010293275,0,0,TRUE,pair,271,3.9421384988818318,5.21997105206951,44,0,7.649446494464945,3.9421384988818318,0.35345160018187016,4.961762198363431,cpu,cuda:0,0,670.44873046875,40
294,1,DDT500_num100.txt,fixed,2009,8,251.125,12.51436710357666,9.623787879943848,6.546750228153542e-06,-4.1,-0.344392892,0.24375000596046448,0.02394656091928482,0.20999999344348907,0.27000001072883606,-0.049923318,-0.046292318,0.001742697750160005,0.45023479126393795,0.009402704317835742,0.0413479583512526,0.0003,605,195,61.1439328996313,9.650331735610962,23.20656681060791,32.85689854621887,896,0.3489504997851327,0,0,TRUE,pair,268,4.093944500666112,5.353907415082408,44,0,7.496268656716418,4.093944500666112,0.3756742982659489,4.939713599625975,cpu,cuda:0,0,670.44677734375,41
295,1,DDT500_num100.txt,fixed,2065,8,258.125,6.734936714172363,9.601188659667969,5.560828867601231e-06,-3.68,-0.332954091,0.27000001072883606,0.012247448787093163,0.25,0.28999999165534973,-0.122854843,-0.11900129,0.0014123812010935085,0.4559746411713687,0.010603058427064256,0.04004623055119406,0.0003,584,216,80.25810579983397,9.627144813537598,16.10133957862854,25.729488372802734,884,0.43006530043203384,0,0,TRUE,pair,271,4.0274457993218675,5.23680387559295,44,0,7.619926199261992,4.0274457993218675,0.3631621969398111,4.989870097953826,cpu,cuda:0,0,670.44873046875,41
296,1,DDT500_num100.txt,fixed,1930,8,241.25,19.427751541137695,8.732836723327637,1.0956883670587558e-05,-4.5,-0.348909356,0.2187500149011612,0.028476962819695473,0.1599999964237213,0.25999999046325684,-0.184797563,-0.180820598,0.0018038791075179522,0.48789070682092145,0.009233420889358968,0.04251526196656579,0.0003,625,175,77.06393047005703,8.831707239151001,16.21243453025818,25.04414176940918,866,0.3411320011364296,0,0,TRUE,pair,265,3.599579500150867,5.480310877740692,45,0,7.283018867924528,3.599579500150867,0.33650749712251127,4.593855599756353,cpu,cuda:0,0,670.4462891,43
297,1,DDT500_num100.txt,fixed,2014,8,251.75,12.437342643737793,9.216954231262207,7.410178113786969e-06,-4.3,-0.349361804,0.23125000298023224,0.025217803195118904,0.1899999976158142,0.27000001072883606,0.09965562149882316,0.10360519289970398,0.002144169376697391,0.5021650075912476,0.01159818321466446,0.026244287565350532,0.0003,615,185,125.09479492003662,9.237891435623169,6.861899137496948,16.099790573120117,890,0.4344532013637945,0,0,TRUE,pair,268,3.806369599304162,5.304369416587284,45,0,7.514925373134329,3.806369599304162,0.35494299966376275,4.838937099091709,cpu,cuda:0,0,670.44677734375,42
298,1,DDT500_num100.txt,fixed,1989,8,248.625,17.427976608276367,9.314719200134277,9.910873814078514e-06,-4.1,-0.383904862,0.24375000596046448,0.03276335448026657,0.18000000715255737,0.2800000011920929,0.1861887350678444,0.19046036899089813,0.002295827362104319,0.5419534295797348,0.04392367880791426,0.04524602834135294,0.0003,605,195,132.8955131895577,9.338410377502441,5.62823486328125,14.966645240783691,886,0.4278227989561856,0,0,TRUE,pair,262,3.9270914003718644,5.31774761342355,40,0,7.591603053435114,3.9270914003718644,0.3603233986068517,4.820993296336383,cpu,cuda:0,0,670.44677734375,43
299,1,DDT500_num100.txt,fixed,1982,8,247.75,15.70628833770752,9.488505363464355,1.0463289072504267e-05,-4.18,-0.404302359,0.23874999582767487,0.028912585228681564,0.20000000298023224,0.2800000011920929,0.23756949106852213,0.24169001976648966,0.002097825131689509,0.5169443289438883,0.013974382930124799,0.0347048615415891,0.0003,609,191,135.328854642138,9.511072397232056,5.134732484817505,14.64580488204956,882,0.4389707969967276,0,0,TRUE,pair,277,3.9689725999487564,5.408678100640791,52,0,7.155234657039712,3.9689725999487564,0.38413499866146594,4.934813701431267,cpu,cuda:0,0,670.4462891,45
300,1,DDT500_num100.txt,fixed,2024,8,253,13.583077430725098,9.166197776794434,1.1263859050814062e-05,-3.9,-0.411317973,0.2562500238418579,0.03461845591664314,0.20000000298023224,0.30000001192092896,-0.092038438,-0.088398296,0.0020519155950751156,0.4666104018688202,0.01401289482600987,0.030032433879872162,0.0003,595,205,107.66520562122506,9.192893505096436,9.606123208999634,18.79901671409607,871,0.42347269761376083,0,0,TRUE,pair,269,3.7806060996372253,5.285573123236419,40,0,7.5241635687732344,3.7806060996372253,0.36541279614903033,4.828122099046595,cpu,cuda:0,0,670.44677734375,44
301,1,DDT500_num100.txt,fixed,1977,8,247.125,10.104918479919434,9.420540809631348,8.000355592230335e-06,-4.16,-0.404329889,0.24000000953674316,0.03041381761431694,0.1899999976158142,0.2800000011920929,0.0053360313177108765,0.009357936680316925,0.0022847564791196157,0.5164281257561275,0.017260831855570098,0.020951136081878628,0.0003,608,192,106.8439407281192,9.443419456481934,9.060203552246094,18.503623008728027,866,0.3436762043274939,0,0,TRUE,pair,260,3.974351299344562,5.258472429120185,40,0,7.6038461538461535,3.974351299344562,0.40276129788253456,4.847706998581998,cpu,cuda:0,0,670.4462891,46
302,1,DDT500_num100.txt,fixed,2008,8,251,19.824228286743164,8.948817253112793,9.996535482059699e-06,-3.86,-0.407263879,0.25874999165534973,0.03407253324985504,0.18000000715255737,0.30000001192092896,-0.042474303,-0.039055156,0.002676628563287003,0.4757456566606249,0.009401457567167069,0.025250027754477093,0.0003,593,207,107.68218192675226,8.972554206848145,9.67491340637207,18.647467613220215,874,0.34239690261892974,0,0,TRUE,pair,263,3.6645987015217543,5.275896416479847,36,0,7.634980988593156,3.6645987015217543,0.3417786993086338,4.760935102356598,cpu,cuda:0,0,670.44677734375,45
303,1,DDT500_num100.txt,fixed,2007,8,250.875,22.740039825439453,9.249079704284668,1.0592870239634067e-05,-4.4,-0.445903069,0.22500000894069672,0.036055512726306915,0.17000000178813934,0.27000001072883606,-0.017900279,-0.014014417,0.003157266894251936,0.5464496231741376,0.012290173533579541,0.06853182738025983,0.0003,620,180,59.64643254987162,9.275587797164917,24.372694492340088,33.648282289505005,880,0.3410920000169426,0,0,TRUE,pair,269,3.8147108996054158,5.164424512180809,30,0,7.4609665427509295,3.8147108996054158,0.3677129989955574,4.877621501334943,cpu,cuda:0,0,670.44677734375,48
304,1,DDT500_num100.txt,fixed,2013,8,251.625,8.615937232971191,9.264431953430176,7.286408617801499e-06,-4.16,-0.451164876,0.24000000953674316,0.031224988400936127,0.18000000715255737,0.28999999165534973,0.015882425010204315,0.019167793293793995,0.0046924584118338926,0.5631599624951681,0.013861272076610476,0.04135815900129577,0.0003,608,192,114.55234476097064,9.29789924621582,8.274853229522705,17.572752475738525,883,0.3498549988726154,0,0,TRUE,pair,262,3.729502700502053,5.173373074538661,35,0,7.683206106870229,3.729502700502053,0.3599230994004756,4.982516499585472,cpu,cuda:0,0,670.44677734375,47
305,1,DDT500_num100.txt,fixed,2030,8,253.75,4.736824035644531,9.650518417358398,5.331201464287005e-06,-4.2,-0.428513267,0.23749999701976776,0.020463382825255394,0.20999999344348907,0.2800000011920929,-0.163714385,-0.159766945,0.002354833413846791,0.5124860823154449,0.016431962326169013,0.025300166569650173,0.0003,610,190,127.72953859165476,9.671889066696167,6.221067428588867,15.892956495285034,882,0.44375659991055727,0,0,TRUE,pair,260,4.0788567995186895,5.161083741258518,35,0,7.8076923076923075,4.0788567995186895,0.4188905981136486,4.954109195852652,cpu,cuda:0,0,670.44677734375,49
306,1,DDT500_num100.txt,fixed,2002,8,250.25,11.121488571166992,8.889954566955566,7.936151632748079e-06,-4.2,-0.453840863,0.23749999701976776,0.026339136064052582,0.20000000298023224,0.2800000011920929,-0.019411218,-0.015440442,0.0025993692189721124,0.5270456927163261,0.013891000333907349,0.03252571741385119,0.0003,610,190,108.38321895115102,8.912988662719727,9.558505535125732,18.47149419784546,857,0.32637199957389385,0,0,TRUE,pair,264,3.6597319988068193,5.263736262902633,36,0,7.583333333333333,3.6597319988068193,0.35662759956903756,4.6888827020302415,cpu,cuda:0,0,670.44677734375,48
307,1,DDT500_num100.txt,fixed,1881,8,235.125,16.320520401000977,8.543654441833496,1.1868361070810352e-05,-4.54,-0.457154168,0.2162500023841858,0.026427965611219406,0.18000000715255737,0.25999999046325684,0.01455481413921172,0.01877966777167537,0.0031058595367622647,0.5777783962813291,0.008252808210355315,0.03844776952808553,0.0003,627,173,77.76504642999049,8.565659523010254,15.622585535049438,24.188245058059692,850,0.39623429987113923,0,0,TRUE,pair,256,3.5608021006919444,5.377458796990418,40,0,7.34765625,3.5608021006919444,0.33704530156683177,4.472226599697024,cpu,cuda:0,0,670.4443359,48
308,1,DDT500_num100.txt,fixed,1967,8,245.875,14.894944190979004,8.971920013427734,1.0254771041218191e-05,-4.42,-0.473522082,0.22374999523162842,0.02232571318745613,0.1899999976158142,0.25,0.04983519939705729,0.05512306243181229,0.003379630157724023,0.6977677822113038,0.12565593528561295,0.07785321772098541,0.0003,621,179,134.02834669564209,8.994409561157227,5.68159031867981,14.675999879837036,872,0.3320771992439404,0,0,TRUE,pair,259,3.7342312993714586,5.386375188706306,32,0,7.594594594594595,3.7342312993714586,0.35845319810323417,4.693727903417312,cpu,cuda:0,0,670.4462891,48
309,1,DDT500_num100.txt,fixed,1866,8,233.25,19.708818435668945,8.71325969696045,1.4052545338927303e-05,-4.96,-0.536206557,0.1899999976158142,0.030822066590189934,0.14000000059604645,0.23999999463558197,-0.033655087,-0.028590407,0.004113761649932712,0.7121557941039404,0.012559588474687189,0.04018722396964828,0.0003,648,152,113.77709135951942,8.73577880859375,7.664710760116577,16.400489568710327,854,0.3339936985867098,0,0,TRUE,pair,260,3.6310898994561285,5.2931404111214135,42,0,7.176923076923077,3.6310898994561285,0.3544565023621544,4.548728694790043,cpu,cuda:0,0,670.4443359,50
310,1,DDT500_num100.txt,fixed,1872,8,234,23.73288917541504,8.468984603881836,1.290547243115725e-05,-4.84,-0.519219395,0.19749999046325684,0.030310887843370438,0.1599999964237213,0.25,0.0006375838071107865,0.004579048976302147,0.004608714859932661,0.6245819389820099,0.01048316372325644,0.0441150913015008,0.0003,642,158,83.97369255256318,8.491738319396973,13.800957679748535,22.292695999145508,839,0.3400844995630905,0,0,TRUE,pair,260,3.4827090993057936,5.360576920784437,40,0,7.2,3.4827090993057936,0.34132760390639305,4.464321099803783,cpu,cuda:0,0,670.4443359,49
311,1,DDT500_num100.txt,fixed,1909,8,238.625,20.633331298828125,9.278578758239746,1.2212990441184957e-05,-4.94,-0.516347236,0.1912499964237213,0.03139964118599892,0.15000000596046448,0.23000000417232513,-0.054760321,-0.050059161,0.00319077140011359,0.629655085504055,0.011073546396801248,0.041269282170105726,0.0003,647,153,104.08783528954052,9.300535917282104,9.039743661880493,18.340279579162598,893,0.42428450018633157,0,0,TRUE,pair,260,4.023805798497051,5.228391827058267,35,0,7.342307692307692,4.023805798497051,0.41263519460335374,4.6498849000781775,cpu,cuda:0,0,670.4443359,50
312,1,DDT500_num100.txt,fixed,1769,8,221.125,12.683034896850586,8.231891632080078,7.813438969606068e-06,-5.16,-0.468914832,0.17749999463558197,0.017853571102023125,0.15000000596046448,0.20000000298023224,0.010181286268764071,0.013529267576005723,0.006516271865823203,0.6606117222044203,0.006781958780872325,0.03874671438501941,0.0003,658,142,86.58029329991194,8.252875328063965,12.179025888442993,20.431901216506958,841,0.42288500105496496,0,0,TRUE,pair,244,3.4023019993910566,5.556811760211813,36,0,7.25,3.4023019993910566,0.3309123987564817,4.329261400154792,cpu,cuda:0,0,670.44189453125,50
313,1,DDT500_num100.txt,fixed,1889,8,236.125,12.653433799743652,8.352178573608398,1.2588861864060163e-05,-4.86,-0.506349085,0.19624999165534973,0.014086783863604069,0.17000000178813934,0.2199999988079071,0.02199555840343237,0.02610721276141703,0.004562059722957201,0.6392685696482658,0.01073053698928561,0.03934259561356157,0.0003,643,157,103.55679454203701,8.380171060562134,9.861027002334595,18.24119806289673,884,0.3414997002109885,0,0,TRUE,pair,257,3.3377088985871524,5.368448911361937,40,0,7.3501945525291825,3.3377088985871524,0.3279408001108095,4.513797899475321,cpu,cuda:0,0,670.4443359,50
314,1,DDT500_num100.txt,fixed,1896,8,237,16.248077392578125,9.308858871459961,1.0354066034778953e-05,-4.8,-0.53368707,0.20000000298023224,0.02345207892358303,0.1599999964237213,0.23000000417232513,0.10362077669964896,0.10800738865509629,0.0041809102339256145,0.6477063430680169,0.008400217009087404,0.05074555551012357,0.0003,640,160,95.22814481311333,9.32945990562439,10.580620288848877,19.910080194473267,857,0.4134146007709205,0,0,TRUE,pair,256,3.8265952992951497,5.239451475661515,35,0,7.40625,3.8265952992951497,0.39670080062933266,4.891764104599133,cpu,cuda:0,0,670.4443359,51
315,1,DDT500_num100.txt,fixed,1956,8,244.5,16.733200073242188,8.838258743286133,1.076849912351463e-05,-4.62,-0.54594768,0.21125000715255737,0.03018173947930336,0.1599999964237213,0.25999999046325684,0.04662052635103464,0.05159020284190774,0.003263665101258084,0.6601511090993881,0.010034919527242891,0.04212739958893508,0.0003,631,169,103.28610794023655,8.859565019607544,10.07812213897705,18.937687158584595,886,0.34590619953814894,0,0,TRUE,pair,261,3.646194599336013,5.222392634136301,36,0,7.494252873563219,3.646194599336013,0.3434329043375328,4.6689361981116235,cpu,cuda:0,0,670.4462891,50
316,1,DDT500_num100.txt,fixed,1794,8,224.25,19.575176239013672,7.798288822174072,1.1435396118031349e-05,-5.18,-0.523878156,0.17624999582767487,0.03838538005948067,0.11999999731779099,0.23000000417232513,-0.011677595,-0.006479771,0.004026802938564548,0.7211224607058934,0.009082513246020036,0.06949266649427868,0.0003,659,141,54.062932754744665,7.821110248565674,25.362439155578613,33.18354940414429,811,0.3149528994690627,0,0,TRUE,pair,260,3.160251900437288,5.324414714655881,32,0,6.9,3.160251900437288,0.3111134965438396,4.164177999016829,cpu,cuda:0,0,670.44384765625,51
317,1,DDT500_num100.txt,fixed,1992,8,249,6.164413928985596,8.964916229248047,5.331201464287005e-06,-4.5,-0.484638458,0.21875,0.016909684985876083,0.20000000298023224,0.25,0.0759953074157238,0.0804583067074418,0.0050507458508946,0.6988373026251793,0.013055718532996252,0.038693083450198174,0.0003,625,175,106.43778432273594,8.986177206039429,9.727983713150024,18.715158462524414,900,0.34545359713956714,0,0,TRUE,pair,260,3.624573801178485,5.300702811604044,36,0,7.661538461538462,3.624573801178485,0.35515159752685577,4.8019641019636765,cpu,cuda:0,0,670.44677734375,51
318,1,DDT500_num100.txt,fixed,1824,8,228,16.71077537536621,8.89604663848877,1.0533676686463878e-05,-5.34,-0.564522098,0.16624999046325684,0.030796712264418602,0.10000000149011612,0.20000000298023224,0.05170013941824436,0.05706688329916109,0.0033366609237749467,0.7035072933543812,0.01436544776978818,0.08878012797371908,0.0003,667,133,75.7358600866051,8.917112588882446,15.166590929031372,24.08370351791382,845,0.3451596994418651,0,0,TRUE,pair,254,3.8968604997498915,5.31249999529437,36,0,7.181102362204724,3.8968604997498915,0.3795051984488964,4.435198899009265,cpu,cuda:0,0,670.44384765625,51
319,1,DDT500_num100.txt,fixed,1834,8,229.25,22.442983627319336,8.706555366516113,1.1177738088008482e-05,-5.06,-0.563365779,0.1837500035762787,0.039980463683605194,0.12999999523162842,0.23000000417232513,0.06552751700986516,0.0695753192359751,0.005138724407350475,0.6617165587165139,0.011812902637757361,0.08066246620464054,0.0003,653,147,79.26736839588747,8.728408098220825,14.408477067947388,23.136885166168213,831,0.32024990068748593,0,0,TRUE,pair,264,3.761999099631794,5.534896400918617,36,0,6.946969696969697,3.761999099631794,0.3566212997538969,4.410562399192713,cpu,cuda:0,0,670.44384765625,49
320,1,DDT500_num100.txt,fixed,1896,8,237,20.736440658569336,8.255529403686523,1.0506661055842414e-05,-4.66,-0.617487756,0.20875000953674316,0.04136348515748978,0.12999999523162842,0.27000001072883606,0.05790003451208273,0.061624632527430855,0.005630582615378357,0.6539886593818665,0.0070399623308774265,0.05057181941256637,0.0003,633,167,54.12078162099614,8.276678323745728,26.756075143814087,35.032753467559814,870,0.335048699635081,0,0,TRUE,pair,260,3.3111881026998162,5.402953581593711,36,0,7.292307692307692,3.3111881026998162,0.3304528007283807,4.438305100891739,cpu,cuda:0,0,670.4443359,44
321,1,DDT500_num100.txt,fixed,1925,8,240.625,15.426742553710938,8.639795303344727,9.554607458994724e-06,-4.6,-0.567051366,0.21250000596046448,0.021065372973680496,0.17000000178813934,0.23999999463558197,0.07309938482940197,0.07722990475594997,0.0043424110859632496,0.6301729083061218,0.015877055283635855,0.04729203954339027,0.0003,630,170,126.34802773998446,8.660893678665161,6.574801206588745,15.235694885253906,872,0.3324174986919388,0,0,TRUE,pair,268,3.612732100649737,5.30857142795216,52,0,7.182835820895522,3.612732100649737,0.3483916014665738,4.49961910105776,cpu,cuda:0,0,670.4462891,43
322,1,DDT500_num100.txt,fixed,1837,8,229.625,20.235719680786133,8.467415809631348,9.141106602328364e-06,-4.72,-0.547105083,0.20499998331069946,0.0342782698571682,0.1599999964237213,0.25999999046325684,0.017146231098608536,0.021295690739696675,0.004353416385129094,0.6326167420907454,0.019953117901671,0.056136043996296146,0.0003,636,164,77.51238315050186,8.489458560943604,15.209980487823486,23.69943904876709,840,0.3276924006640911,0,0,TRUE,pair,263,3.5442729006754234,5.559063686517249,40,0,6.984790874524715,3.5442729006754234,0.3379787006415427,4.41051039902959,cpu,cuda:0,0,670.44384765625,43
323,1,DDT500_num100.txt,fixed,1906,8,238.25,14.660746574401855,9.887246131896973,5.9556941778282635e-06,-4.48,-0.524094721,0.2200000137090683,0.02397915907204151,0.1899999976158142,0.27000001072883606,0.08759664850575584,0.09175882701362882,0.003189082906049277,0.5756713833127703,0.007762348470610699,0.03845472274614232,0.0003,624,176,98.10448439601325,9.909040927886963,9.519224882125854,19.428265810012817,851,0.36503559967968613,0,0,TRUE,pair,259,4.300741099752486,5.4952780685044536,36,0,7.359073359073359,4.300741099752486,0.3686317055253312,4.997782701044343,cpu,cuda:0,0,670.4443359,42
324,1,DDT500_num100.txt,fixed,1795,8,224.375,11.466663360595703,9.98235034942627,8.176054507202934e-06,-4.92,-0.550336204,0.1925000101327896,0.020463379099965096,0.17000000178813934,0.2199999988079071,0.15716083254665136,0.16097939759492874,0.0034514078870415688,0.5544265992939472,0.007332594239414902,0.023546672775410116,0.0003,646,154,95.34894142424382,10.00510048866272,8.820488691329956,18.825589179992676,832,0.3570173995103687,0,0,TRUE,pair,240,4.724896699772216,5.532590532302857,39,0,7.479166666666667,4.724896699772216,0.36980880005285144,4.67017710104119,cpu,cuda:0,0,670.44384765625,42
325,1,DDT500_num100.txt,fixed,1907,8,238.375,20.987720489501953,9.042220115661621,1.2161684935563244e-05,-4.38,-0.535443236,0.22624999284744263,0.0295539740473032,0.17000000178813934,0.25999999046325684,0.037359508126974104,0.04107894152402878,0.004083163198083639,0.5761013746261596,0.008287802676204593,0.03366460669785738,0.0003,619,181,83.64005193198197,9.064717531204224,13.735363960266113,22.800081491470337,871,0.3959730016067624,0,0,TRUE,pair,264,3.7804619985399768,5.3298374388814285,36,0,7.223484848484849,3.7804619985399768,0.3417575997300446,4.699816394946538,cpu,cuda:0,0,670.4443359,41
326,1,DDT500_num100.txt,fixed,1893,8,236.625,12.154603004455566,8.913865089416504,8.265941687568557e-06,-4.52,-0.527559876,0.2175000011920929,0.029047371819615364,0.17000000178813934,0.25999999046325684,0.06473601919909318,0.06951912927130859,0.003421386057097051,0.6493802335527208,0.007615786472645898,0.03725081288980113,0.0003,626,174,87.95656193025977,8.936318635940552,12.585668563842773,21.521987199783325,862,0.3357605986529961,0,0,TRUE,pair,251,3.738293899805285,5.327522449876288,35,0,7.54183266932271,3.738293899805285,0.3437460020650178,4.628278098534793,cpu,cuda:0,0,670.4443359,42
327,1,DDT500_num100.txt,fixed,1830,8,228.75,12.527469635009766,8.331971168518066,8.217662980314344e-06,-5.04,-0.532183335,0.1850000023841858,0.03640054911375046,0.12999999523162842,0.23999999463558197,0.044060912842933946,0.048492442476204954,0.0028991250840660473,0.5881089797386756,0.010826505380324446,0.03458189971458454,0.0003,652,148,75.30926205525886,8.3543119430542,15.945487976074219,24.299799919128418,854,0.4152101979125291,0,0,TRUE,pair,247,3.412990600336343,5.319672131277825,36,0,7.4089068825910935,3.412990600336343,0.3247234998270869,4.402788999024779,cpu,cuda:0,0,670.44384765625,41
328,1,DDT500_num100.txt,fixed,1784,8,223,15.827191352844238,8.270397186279297,9.713911822473165e-06,-4.82,-0.492740281,0.19874998927116394,0.03407253324985504,0.15000000596046448,0.27000001072883606,0.05249496961810759,0.05787784040772489,0.001995798720080139,0.6380771270820073,0.012062563868572138,0.0593315309711865,0.0003,641,159,70.51023605005389,8.29273247718811,17.00855851173401,25.30129098892212,830,0.33358910167589784,0,0,TRUE,pair,243,3.504222000250593,5.488228697546929,30,0,7.341563786008231,3.504222000250593,0.32523359963670373,4.25082889769692,cpu,cuda:0,0,670.44189453125,40
329,1,DDT500_num100.txt,fixed,1835,8,229.375,21.857135772705078,9.224082946777344,1.1935225302295294e-05,-4.92,-0.506215784,0.19249999523162842,0.041758231818675995,0.14000000059604645,0.25,0.0031317371342863354,0.00838273000859079,0.002150078226501743,0.6326034409659249,0.01145971511557166,0.05478859848032395,0.0003,646,154,52.802756821212434,9.245051383972168,25.506922006607056,34.751973390579224,848,0.3487565004033968,0,0,TRUE,pair,252,3.8902961997082457,5.33569482639635,35,0,7.281746031746032,3.8902961997082457,0.3758568993071094,4.743774001835845,cpu,cuda:0,0,670.44384765625,42
330,1,DDT500_num100.txt,fixed,1897,8,237.125,17.251358032226562,8.518078804016113,9.203080480801873e-06,-4.72,-0.491115445,0.20500001311302185,0.018708284944295883,0.18000000715255737,0.23000000417232513,0.07088778167963028,0.07630488127470017,0.0017468753969296813,0.6290534734725952,0.025331296358490362,0.024075097031891347,0.0003,636,164,111.77363019404396,8.544650554656982,8.427152156829834,16.971802711486816,864,0.3436891012825072,0,0,TRUE,pair,259,3.4858029001625255,5.202952034170526,30,0,7.324324324324325,3.4858029001625255,0.3267416007583961,4.506833702675067,cpu,cuda:0,0,670.4443359,40
331,1,DDT500_num100.txt,fixed,1896,8,237,18.41195297241211,9.112388610839844,1.0710276001191232e-05,-4.54,-0.484963866,0.2162500023841858,0.031598061323165894,0.15000000596046448,0.25,0.014197090374571937,0.019326834274189814,0.001901983715859907,0.6080735410962786,0.015506207942962646,0.04008803756109306,0.0003,627,173,105.47437615651069,9.134563684463501,8.841366291046143,17.975929975509644,882,0.3647018005140126,0,0,TRUE,pair,256,3.8085204992676154,5.184071731341036,45,0,7.40625,3.8085204992676154,0.3575580014148727,4.733326799585484,cpu,cuda:0,0,670.4443359,40
332,1,DDT500_num100.txt,fixed,1838,8,229.75,15.738090515136719,8.918986320495605,7.666556484764442e-06,-4.82,-0.464337953,0.19875000417232513,0.044282469898462296,0.15000000596046448,0.28999999165534973,0.03513808362185955,0.04000094612794263,0.0022147832538134287,0.5970254753317151,0.013793222280842852,0.04826226670827184,0.0003,641,159,109.4899248182408,8.940879583358765,7.846053123474121,16.786932706832886,861,0.33721929939929396,0,0,TRUE,pair,252,3.9028553003445268,5.626768223479211,35,0,7.2936507936507935,3.9028553003445268,0.3568696996662766,4.458963603246957,cpu,cuda:0,0,670.44384765625,42
333,1,DDT500_num100.txt,fixed,1965,8,245.625,15.643988609313965,8.940253257751465,1.0064540219900664e-05,-4.24,-0.479083297,0.23500001430511475,0.03354102000594139,0.18000000715255737,0.27000001072883606,-0.023325818,-0.018459603,0.002114920800802513,0.5923675482089703,0.009855071494642358,0.05558802087146502,0.0003,612,188,74.54046843439453,8.965073823928833,17.396445512771606,26.36151933670044,861,0.34005999739747494,0,0,TRUE,pair,264,3.7914696004008874,5.225445294198189,32,0,7.443181818181818,3.7914696004008874,0.34339920384809375,4.600165100302547,cpu,cuda:0,0,670.4462891,44
334,1,DDT500_num100.txt,fixed,1926,8,240.75,18.912628173828125,8.696538925170898,8.58306884765625e-06,-4.4,-0.462586417,0.22499999403953552,0.033166252076625824,0.18000000715255737,0.27000001072883606,-0.00471333,0.00022936835885047912,0.002099856297718361,0.5992625743150711,0.010464639365090988,0.045457534538581965,0.0003,620,180,82.69730579975517,8.727673292160034,14.562081813812256,23.28975510597229,872,0.41560069913975894,0,0,TRUE,pair,261,3.5950360994320363,5.307892000935159,30,0,7.379310344827586,3.5950360994320363,0.33929379924666137,4.583845499320887,cpu,cuda:0,0,670.4462891,44
335,1,DDT500_num100.txt,fixed,1869,8,233.625,13.665079116821289,8.620931625366211,8.035802238737233e-06,-4.68,-0.483208319,0.20749999582767487,0.031523801386356354,0.1599999964237213,0.25,-0.006371669,-0.00145273,0.0025102323603018056,0.6174056785447257,0.009931943470811737,0.029313320493591682,0.0003,634,166,111.49372246792836,8.641747951507568,8.121527671813965,16.763275623321533,877,0.3304479985963553,0,0,TRUE,pair,259,3.6035506007028744,5.435527019924248,35,0,7.216216216216216,3.6035506007028744,0.35223160102032125,4.4858634021366015,cpu,cuda:0,0,670.4443359,45
336,1,DDT500_num100.txt,fixed,1823,8,227.875,17.758359909057617,8.24488639831543,9.731450518302154e-06,-4.88,-0.554159539,0.19499999284744263,0.03999999910593033,0.14000000059604645,0.23999999463558197,-0.05733996,-0.053528731,0.005164474999118183,0.6393470896614922,0.012582096523450067,0.06519847321841452,0.0003,644,156,84.59997009543108,8.267704248428345,13.280766725540161,21.548470973968506,849,0.3346505002118647,0,0,TRUE,pair,246,3.367930799606256,5.342292919436197,35,0,7.4105691056910565,3.367930799606256,0.3201823007548228,4.388700205483474,cpu,cuda:0,0,670.44384765625,45
337,1,DDT500_num100.txt,fixed,1860,8,232.5,13.811226844787598,8.387362480163574,9.05362958292244e-06,-4.66,-0.518797205,0.20875000953674316,0.027585098519921303,0.17000000178813934,0.27000001072883606,0.06370681391230651,0.06727353846820604,0.005210323652829088,0.6171881471361432,0.013600460142784175,0.06209370360842773,0.0003,633,167,55.54928480719504,8.407914400100708,25.075865030288696,33.483779430389404,877,0.40172270114999264,0,0,TRUE,pair,253,3.4030991995241493,5.30698924487637,40,0,7.351778656126482,3.4030991995241493,0.33169030281715095,4.483055101707578,cpu,cuda:0,0,670.4443359,47
338,1,DDT500_num100.txt,fixed,1827,8,228.375,19.44182014465332,8.728565216064453,8.59630381455645e-06,-4.82,-0.492147171,0.19875000417232513,0.028476962819695473,0.17000000178813934,0.25,0.03703326247632503,0.04064675234258175,0.006373144790995866,0.6800062537193299,0.027941206749528647,0.06668838188052177,0.0003,641,159,53.101858793949106,8.750373601913452,25.65520167350769,34.40557527542114,819,0.32955750031396747,0,0,TRUE,pair,257,3.6931421003537253,5.414887792501674,35,0,7.108949416342412,3.6931421003537253,0.33428869815543294,4.526615899056196,cpu,cuda:0,0,670.44384765625,47
339,1,DDT500_num100.txt,fixed,1969,8,246.125,10.288798332214355,23.319650650024414,1.0831658073584549e-05,-4.64,-0.548104042,0.21000000834465027,0.019364913925528526,0.18000000715255737,0.23999999463558197,0.09530618724723657,0.10071950530012448,0.002786675002425909,0.680666082435184,0.013594491840598898,0.05707399329791466,0.0003,632,168,40.419779650366344,23.367567539215088,25.346206188201904,48.71377372741699,883,0.6013545000459999,0,0,TRUE,pair,261,6.717053899890743,5.145759268058866,35,0,7.5440613026819925,6.717053899890743,0.8879757995018736,15.257153800921515,cpu,cuda:0,0,670.4462891,49
340,1,DDT500_num100.txt,fixed,1918,8,239.75,11.08771800994873,22.998580932617188,8.395584700338077e-06,-4.76,-0.510887195,0.20250000059604645,0.025860199704766273,0.17000000178813934,0.25,0.07129461728036404,0.07639723718166351,0.003151863068342209,0.6678547263145447,0.009051255571830553,0.038580849673599,0.0003,638,162,34.130479470468046,23.046407222747803,33.14969754219055,56.196104764938354,874,0.7229147002799436,0,0,TRUE,pair,253,6.590947398915887,5.340458811510342,40,0,7.5810276679841895,6.590947398915887,0.8771314973710105,14.944636697648093,cpu,cuda:0,0,670.4443359,48
341,1,DDT500_num100.txt,fixed,1858,8,232.25,14.583809852600098,21.850624084472656,1.1263859050814062e-05,-4.8,-0.486895426,0.20000000298023224,0.03240370377898216,0.15000000596046448,0.27000001072883606,0.042487209396702905,0.047935335763863156,0.002720348004783903,0.6808300273759025,0.006921472169259297,0.024494736322334835,0.0003,640,160,45.919845959490075,21.895479440689087,18.566328763961792,40.46180820465088,844,0.6390628999797627,0,0,TRUE,pair,254,6.425520599470474,5.409041980880967,40,0,7.31496062992126,6.425520599470474,0.8345853961072862,14.154037498636171,cpu,cuda:0,0,670.4443359,48
342,1,DDT500_num100.txt,fixed,1809,8,226.125,15.89369010925293,21.243621826171875,1.2342623449512757e-05,-4.74,-0.473542132,0.20374999940395355,0.02735758386552334,0.17000000178813934,0.23999999463558197,0.05050726903771812,0.05476408409462734,0.004290639274668964,0.6402135545557196,0.03191695307296785,0.05144128245724873,0.0003,637,163,34.27596543893036,21.286139965057373,31.491366863250732,52.777506828308105,845,0.5759503003209829,0,0,TRUE,pair,244,6.2391353994607925,5.496406852375282,32,0,7.413934426229508,6.2391353994607925,0.8288614967605099,13.75733190041501,cpu,cuda:0,0,670.44384765625,50
343,1,DDT500_num100.txt,fixed,1827,8,228.375,14.421663284301758,21.796710968017578,1.2848085134464782e-05,-4.82,-0.450048753,0.19875001907348633,0.028476960957050323,0.1599999964237213,0.25999999046325684,0.03416633076573673,0.038884543666714115,0.0034041524080461578,0.642028670561941,0.025889641936182192,0.04191611236647556,0.0003,641,159,25.212892869144856,21.840076208114624,50.62285017967224,72.46292638778687,816,0.6950045005651191,0,0,TRUE,pair,254,6.404081599088386,5.478379853253294,45,0,7.192913385826771,6.404081599088386,0.8465993967838585,14.11325309658423,cpu,cuda:0,0,670.44384765625,50
344,1,DDT500_num100.txt,fixed,1852,8,231.5,17.27715301513672,22.087217330932617,1.261592569790082e-05,-4.84,-0.410632742,0.19749999046325684,0.029047371819615364,0.1599999964237213,0.25999999046325684,-0.017426896,-0.012552145,0.002582690620329231,0.6166097283363342,0.008088796418451238,0.02705463794991374,0.0003,642,158,35.16968031437769,22.132569789886475,30.526424646377563,52.65899443626404,846,0.5686941015301272,0,0,TRUE,pair,256,7.084025298827328,5.446004321456728,40,0,7.234375,7.084025298827328,0.84520760003943,13.728294297819957,cpu,cuda:0,0,670.44384765625,51
345,1,DDT500_num100.txt,fixed,1949,8,243.625,17.620567321777344,22.742868423461914,1.519906709290808e-05,-4.52,-0.419994864,0.2175000011920929,0.025372227653861046,0.18000000715255737,0.25,-0.051790758,-0.046842348,0.002009324760486682,0.5953072150548299,0.014200443169102073,0.04505486451089382,0.0003,626,174,30.86166976474518,22.786062240600586,40.36670994758606,63.152772188186646,861,0.5731243970803916,0,0,TRUE,pair,261,6.670883399667218,5.35761929536979,42,0,7.467432950191571,6.670883399667218,0.8698828985216096,14.743542805081233,cpu,cuda:0,0,670.4462891,52
346,1,DDT500_num100.txt,fixed,1871,8,233.875,20.214088439941406,22.058238983154297,1.556856841489207e-05,-4.8,-0.442323955,0.20000000298023224,0.03968626633286476,0.14000000059604645,0.25999999046325684,-0.034086669,-0.028976508,0.0017994360892944748,0.6009878885178339,0.009349485365895643,0.04610332580549376,0.0003,640,160,24.005783993489967,22.10275650024414,55.83579683303833,77.93954992294312,858,0.5885304994881153,0,0,TRUE,pair,261,6.511416499619372,5.277926239720135,40,0,7.168582375478927,6.511416499619372,0.8522643978940323,14.255527398781851,cpu,cuda:0,0,670.4443359,49
347,1,DDT500_num100.txt,fixed,1975,8,246.875,11.340607643127441,23.190961837768555,1.171894655271899e-05,-4.34,-0.424547382,0.22875002026557922,0.025708703324198723,0.18000000715255737,0.2800000011920929,-0.034142702,-0.029079992,0.0017356317432131619,0.5930525183677673,0.007701586332404986,0.0394663808401674,0.0003,617,183,36.80175146784948,23.23209309577942,30.433830976486206,53.665924072265625,867,0.5744640025077388,0,0,TRUE,pair,255,6.85672909906134,5.031392406994783,40,0,7.745098039215686,6.85672909906134,0.9169579988811165,14.956729498808272,cpu,cuda:0,0,670.4462891,43
348,1,DDT500_num100.txt,fixed,1844,8,230.5,19.397165298461914,21.842327117919922,1.3999861039337702e-05,-5.02,-0.446301042,0.1862500011920929,0.029127949848771095,0.15000000596046448,0.23000000417232513,0.007661932649520727,0.012932709203316616,0.0018616640501512359,0.6201609189693744,0.01651521510883378,0.04280040226876736,0.0003,651,149,31.981397745450845,21.89048719406128,35.768030881881714,57.65851807594299,860,0.5977672996232286,0,0,TRUE,pair,259,7.014457400073297,5.434381778483277,45,0,7.11969111969112,7.014457400073297,0.8576647982699797,13.540470498846844,cpu,cuda:0,0,670.44384765625,41
349,1,DDT500_num100.txt,fixed,1714,8,214.25,14.720309257507324,20.33824348449707,1.1142083167214878e-05,-5.18,-0.443732713,0.17624999582767487,0.019960900768637657,0.12999999523162842,0.20000000298023224,0.031164872460067272,0.03658143896609545,0.002102712845953647,0.64679204672575,0.026244703454722185,0.07126403087750077,0.0003,659,141,40.5612074577599,20.38083028793335,21.876294374465942,42.25712466239929,813,0.6148155000992119,0,0,TRUE,pair,247,6.076912500546314,5.549591597765162,45,0,6.939271255060729,6.076912500546314,1.1802234034985304,12.678035197546706,cpu,cuda:0,0,670.4414063,39
350,1,DDT500_num100.txt,fixed,1776,8,222,13.238202095031738,21.180492401123047,1.2561740732053295e-05,-5.24,-0.458014393,0.17249998450279236,0.024366984143853188,0.14000000059604645,0.20999999344348907,0.02485394924879074,0.03043062090873718,0.002419863740215078,0.6786604702472687,0.007259563880506903,0.04035307089798153,0.0003,662,138,34.63318327246411,21.224533081054688,30.055766105651855,51.28029918670654,830,0.686591599136591,0,0,TRUE,pair,242,6.178048200206831,5.382319815389745,35,0,7.338842975206612,6.178048200206831,0.8169411986600608,13.769905100460164,cpu,cuda:0,0,670.44189453125,40
351,1,DDT500_num100.txt,fixed,1775,8,221.875,20.733049392700195,21.015281677246094,1.5814899597899057e-05,-5.48,-0.47828411,0.1574999988079071,0.036657195538282394,0.09000000357627869,0.20000000298023224,-0.012035365,-0.006255261,0.0021612461672962774,0.6860727071762085,0.013758305393691574,0.040225119196942875,0.0003,674,126,44.4934339656461,21.06016206741333,18.833364725112915,39.893526792526245,851,0.5803487015655264,0,0,TRUE,pair,254,6.162023599259555,5.390422529301174,36,0,6.988188976377953,6.162023599259555,0.8067561002681032,13.624439101084135,cpu,cuda:0,0,670.44189453125,43
352,1,DDT500_num100.txt,fixed,1751,8,218.875,18.604015350341797,20.603761672973633,1.4016092791280244e-05,-5.16,-0.475663679,0.17749999463558197,0.0396074503660202,0.11999999731779099,0.25,-0.016406294,-0.011125923,0.0024488427443429828,0.6504793531364865,0.006643302457329507,0.048104972164664,0.0003,658,142,23.847915798435587,20.64926767349243,52.77433943748474,73.42360711097717,819,0.5574375030118972,0,0,TRUE,pair,250,6.062459500739351,5.406624784747374,36,0,7.004,6.062459500739351,0.8133015055209398,13.31329870223999,cpu,cuda:0,0,670.44189453125,44
353,1,DDT500_num100.txt,fixed,1799,8,224.875,17.265844345092773,21.150678634643555,1.4572817235602997e-05,-5.18,-0.467644927,0.17625001072883606,0.03497767075896263,0.11999999731779099,0.2199999988079071,-0.01873424,-0.012818201,0.0019207109456017082,0.6876396111079625,0.012195064492906178,0.04896838011752282,0.0003,659,141,29.720084011753023,21.194708585739136,39.33674883842468,60.53145742416382,831,0.5860102000879124,0,0,TRUE,pair,248,6.229432699503377,5.578098945050455,40,0,7.254032258064516,6.229432699503377,0.8203871996374801,13.68372209998779,cpu,cuda:0,0,670.44384765625,45
354,1,DDT500_num100.txt,fixed,1805,8,225.625,13.085655212402344,21.374778747558594,1.295383208343992e-05,-5.06,-0.439832553,0.1837500035762787,0.030796712264418602,0.12999999523162842,0.23000000417232513,-0.016565184,-0.010952374,0.001805104923815551,0.6515361179005016,0.008526006692343137,0.037169097499413925,0.0003,653,147,34.3085771792799,21.421425819396973,31.189324855804443,52.610750675201416,837,0.7453976033721119,0,0,TRUE,pair,248,6.186263799550943,5.409418283869355,40,0,7.278225806451613,6.186263799550943,0.8141704042209312,13.955953000928275,cpu,cuda:0,0,670.44384765625,46
355,1,DDT500_num100.txt,fixed,1857,8,232.125,16.320520401000977,21.87860870361328,1.160194915428292e-05,-4.7,-0.414011216,0.20625001192092896,0.03237958252429962,0.14000000059604645,0.23999999463558197,-0.010837334,-0.00566444,0.001881368807516992,0.6113579869270325,0.012133886892115697,0.03635712739612375,0.0003,635,165,45.837195061317814,21.9232017993927,18.58974838256836,40.51295018196106,861,0.592858798103407,0,0,TRUE,pair,256,6.8950723009184,5.350565426312407,40,0,7.25390625,6.8950723009184,0.843671997776255,13.712260300759226,cpu,cuda:0,0,670.4443359,47
356,1,DDT500_num100.txt,fixed,1885,8,235.625,22.197620391845703,22.33136749267578,1.2507321116572712e-05,-4.64,-0.397576739,0.20999999344348907,0.04242641106247902,0.1599999964237213,0.27000001072883606,-0.053743975,-0.048510719,0.002195924080701338,0.6331220269203186,0.008802698444924317,0.03876491149680482,0.0003,632,168,42.34493884726076,22.377487897872925,22.13786745071411,44.515355348587036,875,0.5872619008878246,0,0,TRUE,pair,263,6.657352298963815,5.470557029683647,35,0,7.167300380228137,6.657352298963815,0.8664710980374366,14.30004529946018,cpu,cuda:0,0,670.4443359,48
357,1,DDT500_num100.txt,fixed,1849,8,231.125,19.322509765625,21.910507202148438,1.567046820127871e-05,-4.74,-0.401165418,0.20374999940395355,0.03739568591117859,0.1599999964237213,0.25999999046325684,0.015094586834311485,0.01958665270358324,0.002911120024509728,0.5947628140449523,0.01795332154724747,0.07276147175580264,0.0003,637,163,32.8629582476756,21.954281091690063,34.30967378616333,56.263954877853394,843,0.5675393000710756,0,0,TRUE,pair,259,6.573314500041306,5.550027039838907,40,0,7.138996138996139,6.573314500041306,0.8538799994857982,14.05171060282737,cpu,cuda:0,0,670.44384765625,49
358,1,DDT500_num100.txt,fixed,1861,8,232.625,15.619998931884766,22.29967498779297,1.160194915428292e-05,-4.54,-0.410581938,0.2162500023841858,0.03237958997488022,0.18000000715255737,0.27000001072883606,-0.019125592,-0.014556814,0.002035939585766755,0.5586738884449005,0.012600677800946869,0.03486995690036565,0.0003,627,173,36.56339688320734,22.343099355697632,28.554797410964966,50.8978967666626,858,0.7110331989824772,0,0,TRUE,pair,267,6.520473499316722,5.786136485119778,54,0,6.9700374531835205,6.520473499316722,0.8734556983690709,14.467856399947777,cpu,cuda:0,0,670.4443359,48
359,1,DDT500_num100.txt,fixed,1770,8,221.25,14.939460754394531,20.90931510925293,1.1344315680617001e-05,-5,-0.426423587,0.1875,0.02487468533217907,0.14000000059604645,0.23000000417232513,-0.073193073,-0.068892656,0.002175915305717633,0.5388376300151532,0.009662249190464186,0.05099475792107674,0.0003,650,150,30.601402470661004,20.953956604003906,36.88652968406677,57.84048628807068,831,0.5555884994100779,0,0,TRUE,pair,256,6.134407599340193,5.739548020847773,40,0,6.9140625,6.134407599340193,0.8263297969242558,13.53164679883048,cpu,cuda:0,0,670.44189453125,49
360,1,DDT500_num100.txt,fixed,1840,8,230,14.448183059692383,21.912063598632812,1.3704402590519749e-05,-4.62,-0.420816146,0.21124999225139618,0.03950870782136917,0.1599999964237213,0.27000001072883606,-0.018805386,-0.01427895,0.0021415591036202386,0.5597215928137302,0.011331194822560064,0.0491266711615026,0.0003,631,169,36.44439142882953,21.955048084259033,28.532830238342285,50.48787832260132,840,0.7174599985592067,0,0,TRUE,pair,251,6.983704898739234,5.525543475669363,40,0,7.330677290836653,6.983704898739234,0.8467154001118615,13.643151401774958,cpu,cuda:0,0,670.44384765625,50
361,1,DDT500_num100.txt,fixed,1861,8,232.625,22.242624282836914,22.06667709350586,1.5728399375802837e-05,-4.7,-0.428165257,0.20624998211860657,0.05072905868291855,0.10999999940395355,0.25999999046325684,-0.097652624,-0.093683665,0.0021914319562104843,0.5064674417177836,0.013846411932415018,0.031197440655281145,0.0003,635,165,45.90901198887162,22.11349391937256,18.42320942878723,40.53670334815979,834,0.720992996590212,0,0,TRUE,pair,258,6.485059701022692,5.492208489290429,32,0,7.213178294573644,6.485059701022692,0.8460289961658418,14.302072996972129,cpu,cuda:0,0,670.4443359,49
362,1,DDT500_num100.txt,fixed,1786,8,223.25,20.327014923095703,21.101072311401367,1.4557206668541767e-05,-4.8,-0.417916662,0.20000000298023224,0.03162277489900589,0.15000000596046448,0.25,-0.124994062,-0.120606923,0.0018686929834075272,0.5321484386920929,0.012202432798221707,0.04427553676068783,0.0003,640,160,50.40395074582137,21.145691633224487,14.288038730621338,35.433730363845825,843,0.5665572985308245,0,0,TRUE,pair,254,6.333753199665807,5.552631581750722,32,0,7.031496062992126,6.333753199665807,0.825610801577568,13.524641997530125,cpu,cuda:0,0,670.44189453125,50
363,1,DDT500_num100.txt,fixed,1756,8,219.5,10.404326438903809,20.936601638793945,1.0873560313484631e-05,-4.86,-0.411483398,0.19625000655651093,0.017275342717766762,0.17000000178813934,0.23000000417232513,-0.097727612,-0.093826436,0.0021585854119621217,0.49804578721523285,0.04615511989686638,0.013669381383806467,0.0003,643,157,68.0029255707058,20.98167872428894,4.840739727020264,25.822418451309204,823,0.693100000731647,0,0,TRUE,pair,243,6.5859742008615285,5.66287015972485,35,0,7.226337448559671,6.5859742008615285,0.8762166992528364,13.063956400728785,cpu,cuda:0,0,509.6347656,48
364,1,DDT500_num100.txt,fixed,1823,8,227.875,13.806135177612305,21.527036666870117,1.2687811249634251e-05,-4.84,-0.417887284,0.19750000536441803,0.025372225791215897,0.17000000178813934,0.25,-0.027456298,-0.02314439,0.0022030034160707146,0.5413413271307945,0.01920886400330346,0.05412665312178433,0.0003,642,158,54.932992638669845,21.56995391845703,11.615931510925293,33.185885429382324,854,0.5742546994006261,0,0,TRUE,pair,257,6.244380701100454,5.555677453698657,45,0,7.093385214007782,6.244380701100454,0.8348815995268524,14.024694500723854,cpu,cuda:0,0,670.44384765625,50
365,1,DDT500_num100.txt,fixed,1693,8,211.625,24.834136962890625,20.29981231689453,1.6268464605673216e-05,-5.44,-0.445741225,0.1599999964237213,0.038405727595090866,0.10000000149011612,0.2199999988079071,-0.019096551,-0.014931508,0.002820269364747219,0.5575178489089012,0.010942631429315952,0.03868123097345233,0.0003,672,128,39.67089743363482,20.34293818473816,22.333182334899902,42.67612051963806,839,0.694933200138621,0,0,TRUE,pair,268,6.1271211000857875,5.699350263406311,35,0,6.317164179104478,6.1271211000857875,0.7871141005307436,12.98940300103277,cpu,cuda:0,0,670.4414063,49
366,1,DDT500_num100.txt,fixed,1917,8,239.625,18.18610382080078,22.62989044189453,1.6226482330239378e-05,-4.72,-0.441796612,0.20500001311302185,0.03807886689901352,0.15000000596046448,0.27000001072883606,0.02396251615136862,0.028628795966506006,0.002151656639762223,0.5742107510566712,0.012143286527134478,0.049312662705779074,0.0003,636,164,51.90709980043559,22.67515730857849,14.256206750869751,36.93136405944824,885,0.591550400480628,0,0,TRUE,pair,266,6.6154618995497,5.392279603547209,28,0,7.206766917293233,6.6154618995497,0.8745072033489123,14.695011197240092,cpu,cuda:0,0,670.4443359,49
367,1,DDT500_num100.txt,fixed,1820,8,227.5,10.885770797729492,21.509748458862305,1.2194358532724436e-05,-4.92,-0.474068771,0.1925000101327896,0.01984313130378723,0.15000000596046448,0.20999999344348907,-0.074902401,-0.070939681,0.002680556163088315,0.5302998887168037,0.010151894620826675,0.02913527852959103,0.0003,646,154,41.07068289881272,21.556992530822754,22.756855487823486,44.31384801864624,872,0.5879320995882154,0,0,TRUE,pair,248,6.317784299724735,5.565384614205622,35,0,7.338709677419355,6.317784299724735,0.8343383022584021,13.93344129761681,cpu,cuda:0,0,670.44384765625,49
368,1,DDT500_num100.txt,fixed,1789,8,223.625,21.03531265258789,21.44793128967285,1.0956883670587558e-05,-5.18,-0.4699591,0.17625001072883606,0.02825663797557354,0.10999999940395355,0.20000000298023224,0.0045835564915950484,0.008370681737477962,0.003761824077138534,0.5668038427829742,0.011640182114206254,0.05142032770583263,0.0003,659,141,28.31118539863435,21.492945194244385,41.69762682914734,63.190572023391724,856,0.5955628022784367,0,0,TRUE,pair,246,6.854475900530815,5.979877018408778,45,0,7.272357723577236,6.854475900530815,0.8359371003462002,13.303698000265285,cpu,cuda:0,0,670.44189453125,51
369,1,DDT500_num100.txt,fixed,1677,8,209.625,9.026869773864746,20.062725067138672,8.740569683141075e-06,-5.22,-0.496800185,0.17375001311302185,0.012183493003249168,0.15000000596046448,0.1899999976158142,-0.068252995,-0.063634255,0.0022635702916886657,0.5750529766082764,0.017752776082488708,0.07138334983028471,0.0003,661,139,43.07552377470372,20.107373476028442,18.82424831390381,38.93162178993225,836,0.5633101008133963,0,0,TRUE,pair,220,6.4839054006151855,5.89028026024074,48,0,7.622727272727273,6.4839054006151855,0.7829402993666008,12.398207499762066,cpu,cuda:0,0,670.4414063,51
370,1,DDT500_num100.txt,fixed,1728,8,216,23.8170108795166,21.29188346862793,1.7455105989938602e-05,-5.28,-0.502488905,0.17000000178813934,0.0502493791282177,0.10000000149011612,0.25,0.05058288439694378,0.055465473250175513,0.0033695530146360397,0.6567366239097383,0.012830844278343849,0.06916539743542671,0.0003,664,136,23.526036314646227,21.329647064208984,52.12088990211487,73.45053696632385,830,0.7699536011787131,0,0,TRUE,pair,251,6.716179899405688,5.4913194408571275,40,0,6.884462151394422,6.716179899405688,0.8091920007718727,13.333354099071585,cpu,cuda:0,0,670.4414063,50
371,1,DDT500_num100.txt,fixed,1779,8,222.375,12.37878704071045,21.201759338378906,1.0002220733440481e-05,-5.26,-0.494297132,0.17125000059604645,0.02712816745042801,0.12999999523162842,0.20000000298023224,0.054666932938354354,0.05966106828834329,0.0028284367290325463,0.6408356960330691,0.011487727999337949,0.05013492824842355,0.0003,663,137,26.560149054438185,21.245518922805786,45.73452687263489,66.98004579544067,860,0.7153872004710138,0,0,TRUE,pair,240,6.2988965002587065,5.468240581515667,45,0,7.4125,6.2988965002587065,1.1267223005415872,13.360500899842009,cpu,cuda:0,0,670.44189453125,51
372,1,DDT500_num100.txt,fixed,1813,8,226.625,13.981573104858398,21.615642547607422,1.2579827853187453e-05,-5.28,-0.504001865,0.17000000178813934,0.025980761274695396,0.12999999523162842,0.20999999344348907,0.027463036800988695,0.033045360395176845,0.002624155837111175,0.6894404129548506,0.010240454570686614,0.05112694466317242,0.0003,664,136,32.36560357096745,21.659768104553223,34.35648989677429,56.016258001327515,884,0.7458326006308198,0,0,TRUE,pair,250,6.5897771012969315,5.650854933544607,40,0,7.252,6.5897771012969315,0.8363269985420629,13.65166059776675,cpu,cuda:0,0,670.44384765625,51
373,1,DDT500_num100.txt,fixed,1736,8,217,23.221757888793945,20.634489059448242,1.103957856685156e-05,-5.44,-0.503995603,0.1600000113248825,0.03807886689901352,0.07999999821186066,0.20999999344348907,0.045520164932195954,0.05178919319923107,0.002721777346988137,0.7629918043430035,0.011627850853144012,0.07667557536982574,0.0003,672,128,32.5789938049049,20.67683458328247,32.60903453826904,53.285869121551514,837,0.5700869004940614,0,0,TRUE,pair,252,6.63552370085381,5.5743087527389354,40,0,6.888888888888889,6.63552370085381,0.8138702986761928,12.771058898535557,cpu,cuda:0,0,670.44189453125,52
374,1,DDT500_num100.txt,fixed,1801,8,225.125,19.592329025268555,21.49688720703125,1.2723602594633121e-05,-5.22,-0.485245038,0.17375001311302185,0.03533323481678963,0.12999999523162842,0.23000000417232513,0.06318686716258526,0.06870508566498756,0.0035447975824354216,0.7290618270635605,0.011946111699216999,0.04727575764991343,0.0003,661,139,39.92944466407688,21.54078245162964,23.56377673149109,45.10455918312073,881,0.7258634015452117,0,0,TRUE,pair,249,6.482663200353272,5.507495830351614,60,0,7.232931726907631,6.482663200353272,0.8785675022518262,13.716849002870731,cpu,cuda:0,0,670.44384765625,51
375,1,DDT500_num100.txt,fixed,1722,8,215.25,12.813567161560059,20.414997100830078,1.1562686268007383e-05,-5.36,-0.499834905,0.16499999165534973,0.03464101627469063,0.11999999731779099,0.23999999463558197,0.15650667948648334,0.1626382248941809,0.00326264018076472,0.7762866243720055,0.012492056404880714,0.04521559667773545,0.0003,668,132,45.07623011988684,20.460816383361816,17.741136074066162,38.20195245742798,871,0.5978159984806553,0,0,TRUE,pair,242,6.365369399311021,5.747967481197795,45,0,7.115702479338843,6.365369399311021,0.7919624999631196,12.852655899361707,cpu,cuda:0,0,670.4414063,50
376,1,DDT500_num100.txt,fixed,1866,8,233.25,12.803808212280273,22.009214401245117,1.066240292857401e-05,-4.68,-0.513594406,0.20750001072883606,0.03526683896780014,0.12999999523162842,0.25,0.06901340438600849,0.07494486189235057,0.002978034591411843,0.7420474062947666,0.010488650696489084,0.05575660796945586,0.0003,634,166,29.293068536735003,22.052871704101562,41.6482048034668,63.70107650756836,909,0.614972599549219,0,0,TRUE,pair,256,6.374582199263386,5.458199356913183,40,0,7.2890625,6.374582199263386,0.8505032010143623,14.337928001419641,cpu,cuda:0,0,670.4443359,50
377,1,DDT500_num100.txt,fixed,1791,8,223.875,15.020298957824707,21.279560089111328,1.4032305443834048e-05,-5.12,-0.531224039,0.17999999225139618,0.037416573613882065,0.14000000059604645,0.25,0.03572597727179527,0.04060419695451856,0.004703118931502104,0.7229782938957214,0.013574228811194189,0.060463243746198714,0.0003,656,144,26.525875483044608,21.325162172317505,46.1938157081604,67.5189778804779,868,0.5873211977304891,0,0,TRUE,pair,249,6.152322399429977,5.488553880114319,35,0,7.192771084337349,6.152322399429977,0.855521198362112,13.8302677993197,cpu,cuda:0,0,670.44189453125,53
378,1,DDT500_num100.txt,fixed,1692,8,211.5,13.181426048278809,20.16154670715332,1.3214498721936252e-05,-5.32,-0.573866853,0.16749998927116394,0.031523801386356354,0.11999999731779099,0.23000000417232513,0.08926141168922186,0.0950234541669488,0.0028626418788917363,0.7193365097045898,0.011066542560001835,0.04038250120356679,0.0003,666,134,42.748394744630204,20.20758032798767,19.37285327911377,39.58043360710144,833,0.5614160971017554,0,0,TRUE,pair,228,5.8365715991239995,5.842198581278465,52,0,7.421052631578948,5.8365715991239995,0.7870899003464729,13.129117999225855,cpu,cuda:0,0,670.4414063,44
379,1,DDT500_num100.txt,fixed,1882,8,235.25,13.460590362548828,21.98358154296875,1.1284027095825877e-05,-5.04,-0.528252832,0.1850000023841858,0.02692582458257675,0.14000000059604645,0.23000000417232513,0.0013756081461906433,0.006937613917721642,0.0038405260226378837,0.7482269273863899,0.010282960979060994,0.058668567488590874,0.0003,652,148,40.55517802307331,22.026209115982056,24.37970232963562,46.405911445617676,919,0.6092761009931564,0,0,TRUE,pair,264,6.4608430991647765,5.538788521327831,40,0,7.128787878787879,6.4608430991647765,0.8512111026793718,14.231753599247895,cpu,cuda:0,0,670.4443359,39
380,1,DDT500_num100.txt,fixed,1832,8,229,21.920310974121094,21.660846710205078,1.551004061184358e-05,-4.96,-0.499895986,0.1899999976158142,0.043011624366045,0.09000000357627869,0.25,0.21777430921792984,0.22275458772977194,0.004340400143216054,0.7150478363037109,0.010903590720166298,0.048780081405614815,0.0003,648,152,47.10278528733005,21.704276084899902,17.189389944076538,38.89366602897644,876,0.5904916994040832,0,0,TRUE,pair,252,6.807560999528505,5.4563318743455875,52,0,7.26984126984127,6.807560999528505,0.9054035982117057,13.517473800107837,cpu,cuda:0,0,670.44384765625,38
381,1,DDT500_num100.txt,fixed,1816,8,227,9.93730354309082,21.633777618408203,1.0024927178164944e-05,-4.94,-0.526964435,0.1912500113248825,0.020879115909337997,0.1599999964237213,0.2199999988079071,0.03594155739992857,0.04229043647646904,0.00240971059538424,0.7553736448287964,0.01518136765807867,0.05881064161658287,0.0003,647,153,50.904710922709995,21.68037462234497,13.994123220443726,35.674497842788696,875,0.7394067998975515,0,0,TRUE,pair,242,6.502284999936819,5.506057264915122,32,0,7.5041322314049586,6.502284999936819,0.8396001959918067,13.860578497871757,cpu,cuda:0,0,670.44384765625,38
382,1,DDT500_num100.txt,fixed,1743,8,217.875,15.34957218170166,20.714725494384766,1.5154121683735866e-05,-5.42,-0.519846349,0.16124999523162842,0.028476964682340622,0.11999999731779099,0.20000000298023224,0.06302005966426805,0.06855147803435102,0.0025224969867849723,0.6792670376598835,0.01403892377129523,0.05514540756121278,0.0003,671,129,40.25184255421875,20.76036834716797,22.54199719429016,43.30236554145813,849,0.5718152988702059,0,0,TRUE,pair,243,6.014276400441304,5.596672408141696,52,0,7.172839506172839,6.014276400441304,0.8194623006274924,13.460089098429307,cpu,cuda:0,0,670.44189453125,41
383,1,DDT500_num100.txt,fixed,1703,8,212.875,14.382606506347656,20.215023040771484,1.1483759408292826e-05,-5.44,-0.526718133,0.15999998152256012,0.032015617936849594,0.11999999731779099,0.20999999344348907,0.010350312698971142,0.01570131832903082,0.003414644838564775,0.7058328877795826,0.02394497992248613,0.08391348932954398,0.0003,672,128,31.98467450916403,20.25730538368225,32.98694443702698,53.24424982070923,812,0.5582886019255966,0,0,TRUE,pair,237,6.334539000759833,5.8256018770770055,35,0,7.185654008438819,6.334539000759833,0.7932770972838625,12.68771309859585,cpu,cuda:0,0,670.4414063,42
384,1,DDT500_num100.txt,fixed,1757,8,219.625,12.746935844421387,20.961450576782227,1.1243654626014177e-05,-5.24,-0.49561384,0.17249999940395355,0.033819377422332764,0.12999999523162842,0.23000000417232513,0.005174617283046246,0.010825665357212225,0.0018815889488905668,0.6591843018929163,0.01644389881888249,0.04544665299666425,0.0003,662,138,45.1386996228323,21.00398588180542,17.920485019683838,38.92447090148926,856,0.5813873013248667,0,0,TRUE,pair,242,6.272467400063761,5.638019352523726,45,0,7.260330578512397,6.272467400063761,0.8288086033426225,13.442219501594082,cpu,cuda:0,0,670.44189453125,43
385,1,DDT500_num100.txt,fixed,1802,8,225.25,12.326292991638184,21.33464813232422,1.1018963050446473e-05,-5.06,-0.489873589,0.1837500035762787,0.02955397590994835,0.12999999523162842,0.23000000417232513,0.020690191608781997,0.027086629030796196,0.0021405397565104067,0.7466707114989941,0.009815957656918237,0.06825329477970417,0.0003,653,147,33.39137225652095,21.379835844039917,32.58620023727417,53.96603608131409,880,0.6041551026282832,0,0,TRUE,pair,239,6.314646899700165,5.571032185268719,36,0,7.539748953974895,6.314646899700165,0.8069369017612189,13.79197579913307,cpu,cuda:0,0,670.44384765625,43
386,1,DDT500_num100.txt,fixed,1769,8,221.125,13.697056770324707,21.039085388183594,1.2918679203721695e-05,-5.06,-0.483758089,0.1837500035762787,0.01408678200095892,0.17000000178813934,0.20999999344348907,0.12238238751888275,0.1282418235205114,0.0028221053289598785,0.7270489744842052,0.008814610540866852,0.05733441072516143,0.0003,653,147,44.16597835415057,21.084115266799927,18.96933913230896,40.05345439910889,853,0.5813563021365553,0,0,TRUE,pair,237,6.1580989005742595,5.47201808729436,35,0,7.4641350210970465,6.1580989005742595,0.8269066989887506,13.636918998439796,cpu,cuda:0,0,670.44189453125,45
387,1,DDT500_num100.txt,fixed,1847,8,230.875,12.353516578674316,21.71736717224121,9.725607924337965e-06,-5,-0.494054056,0.1874999850988388,0.02487468346953392,0.14000000059604645,0.2199999988079071,0.12156815653932947,0.12743305428219692,0.002529499985809837,0.712964619909014,0.012041551329145608,0.06883265091372388,0.0003,650,150,45.855003324228704,21.759448051452637,18.519689798355103,40.27913784980774,886,1.0351045983843505,0,0,TRUE,pair,257,6.320742300711572,5.73362208793921,48,0,7.186770428015564,6.320742300711572,0.8532388036837801,14.106768901110627,cpu,cuda:0,0,670.44384765625,45
388,1,DDT500_num100.txt,fixed,1722,8,215.25,17.347549438476562,20.517786026000977,1.2865770258940756e-05,-5.24,-0.479271952,0.17249998450279236,0.025860199704766273,0.12999999523162842,0.20999999344348907,0.049170405107239884,0.05486168187732498,0.0018151914972501495,0.6598873237768809,0.010328836357803083,0.048877572951217495,0.0003,662,138,27.98302292569564,20.561312913894653,40.975998640060425,61.53731155395508,819,0.5562396985478699,0,0,TRUE,pair,240,5.977126301033422,5.458768871326203,36,0,7.175,5.977126301033422,0.7985241002170369,13.336753298528492,cpu,cuda:0,0,670.4414063,47
389,1,DDT500_num100.txt,fixed,1872,8,234,4.873397350311279,22.100629806518555,7.5394573286757804e-06,-4.52,-0.445015585,0.2175000011920929,0.017139136791229248,0.1899999976158142,0.25,-0.093284234,-0.08874234,0.003229729899127657,0.6156763831774393,0.010508832701210244,0.05473412976910671,0.0003,626,174,34.531283646259745,22.14242696762085,32.06928491592407,54.21171188354492,848,0.5650110978167504,0,0,TRUE,pair,240,6.443417099304497,5.381410258193301,36,0,7.8,6.443417099304497,0.8904963011154905,14.32425869978033,cpu,cuda:0,0,670.4443359,47
390,1,DDT500_num100.txt,fixed,1798,8,224.75,13.131546020507812,21.381418228149414,1.305872319790069e-05,-4.92,-0.504236129,0.1925000101327896,0.03561951592564583,0.14000000059604645,0.25,0.032516694907099006,0.037218131870031354,0.0028159683686681094,0.6109423577785492,0.010407249460695312,0.05870992853306234,0.0003,646,154,23.98580039435539,21.425246953964233,53.535770416259766,74.961017370224,839,0.5723074001725763,0,0,TRUE,pair,239,6.150861200527288,5.418798662398893,35,0,7.523012552301255,6.150861200527288,0.8266439967555925,13.979945100960322,cpu,cuda:0,0,670.44384765625,48
391,1,DDT500_num100.txt,fixed,1849,8,231.125,17.083892822265625,21.729888916015625,1.4478899174719118e-05,-4.64,-0.479266078,0.20999999344348907,0.020615529268980026,0.1599999964237213,0.23000000417232513,0.03946889273356646,0.04460520774591714,0.0018802073063852731,0.6076418180018663,0.009584402439941186,0.07310462419991381,0.0003,632,168,30.378831680708245,21.773752212524414,39.09099793434143,60.864750146865845,848,0.7195422017248347,0,0,TRUE,pair,244,6.286345599568449,5.358572194871547,36,0,7.577868852459017,6.286345599568449,0.8625197996152565,14.147801702842116,cpu,cuda:0,0,670.44384765625,48
392,1,DDT500_num100.txt,fixed,1702,8,212.75,14.635146141052246,20.491580963134766,1.5109042578842491e-05,-5.32,-0.518626134,0.16749998927116394,0.026809513568878174,0.12999999523162842,0.2199999988079071,-0.067609849,-0.061820668,0.003010250547150564,0.7294304304652743,0.007945557168568484,0.0673180275156887,0.0003,666,134,23.492380287915264,20.700527906417847,51.74849510192871,72.44902300834656,803,0.5682588005438447,0,0,TRUE,pair,229,6.0045956003014,5.605757930864319,40,0,7.432314410480349,6.0045956003014,0.8093316045124084,13.273568204254843,cpu,cuda:0,0,670.4414063,49
393,1,DDT500_num100.txt,fixed,1815,8,226.875,10.717247009277344,21.51171875,8.368458111362997e-06,-4.98,-0.496229353,0.1887499988079071,0.027585092931985855,0.15000000596046448,0.23000000417232513,-0.046167572,-0.040270961,0.001690836458389337,0.6742027327418327,0.010890397631252805,0.03748684097081423,0.0003,649,151,48.026281694070036,21.554893970489502,16.236913681030273,37.791807651519775,865,0.6020514008123428,0,0,TRUE,pair,237,6.1904779996257275,5.493112943717599,40,0,7.658227848101266,6.1904779996257275,0.8311560986330733,13.915398298762739,cpu,cuda:0,0,670.44384765625,49
394,1,DDT500_num100.txt,fixed,1711,8,213.875,11.941916465759277,7.774101257324219,7.607010047649965e-06,-5.42,-0.514844012,0.16124998033046722,0.023150324821472168,0.12999999523162842,0.20000000298023224,-0.034981514,-0.029063292,0.0021718363532272633,0.7004142068326473,0.008534325617802097,0.06138766756339464,0.0003,671,129,59.56845636802862,7.796466827392578,20.926788806915283,28.72325563430786,850,0.33814179594628513,0,0,TRUE,pair,231,3.1572408992797136,5.69491525186843,54,0,7.406926406926407,3.1572408992797136,0.31114270142279565,4.143272800953127,cpu,cuda:0,0,670.4414063,51
395,1,DDT500_num100.txt,fixed,1697,8,212.125,15.909411430358887,7.652123928070068,9.58430791797582e-06,-5.54,-0.521675374,0.1537500023841858,0.03199120983481407,0.07999999821186066,0.1899999976158142,0.09154119849618939,0.09790415099511544,0.0024602105582339894,0.7593055036332872,0.010496882717537423,0.06289163293937843,0.0003,677,123,94.51034485469195,7.671787261962891,10.283919095993042,17.955706357955933,841,0.3223013010574505,0,0,TRUE,pair,233,3.080480499775149,5.654684740020446,45,0,7.283261802575107,3.080480499775149,0.30758450005669147,4.104980900068767,cpu,cuda:0,0,670.4414063,49
396,1,DDT500_num100.txt,fixed,1770,8,221.25,4.84122896194458,8.395461082458496,5.0576218200149015e-06,-5.26,-0.52473033,0.17125001549720764,0.01763341948390007,0.15000000596046448,0.20000000298023224,0.06076709032058716,0.06830191910266876,0.003407537704333663,0.9238598227500916,0.013699917192570864,0.06065109008923173,0.0003,663,137,124.88355254025436,8.419595718383789,5.753607749938965,14.173203468322754,849,0.33306189929135144,0,0,TRUE,pair,226,3.491709299152717,5.829378529591749,56,0,7.831858407079646,3.491709299152717,0.360481008188799,4.364755299058743,cpu,cuda:0,0,670.44189453125,50
397,1,DDT500_num100.txt,fixed,1875,8,234.375,14.982802391052246,9.115443229675293,7.703540177317336e-06,-4.76,-0.468551148,0.20250001549720764,0.0171391349285841,0.18000000715255737,0.23000000417232513,-0.093356282,-0.08810658,0.002715815557166934,0.6607608199119568,0.01921469644003082,0.07936037401668727,0.0003,638,162,117.6334260506482,9.140549421310425,6.798797607421875,15.9393470287323,886,0.35697639791760594,0,0,TRUE,pair,269,3.824337800149806,5.355733335367838,35,0,6.970260223048327,3.824337800149806,0.3964866983005777,4.705405696877278,cpu,cuda:0,0,670.4443359,50
398,1,DDT500_num100.txt,fixed,1868,8,233.5,11.67261791229248,8.298809051513672,8.307099960802589e-06,-5.12,-0.47947237,0.17999999225139618,0.01802775450050831,0.15000000596046448,0.20999999344348907,0.11695330164262227,0.1231558940240315,0.002919488403547023,0.7662338869912284,0.014988194751952375,0.040160435784075944,0.0003,656,144,108.43050710640715,8.320364475250244,8.907259464263916,17.22762393951416,887,0.34590279834810644,0,0,TRUE,pair,247,3.3308370008599013,5.52944325201006,45,0,7.562753036437247,3.3308370008599013,0.3391374999191612,4.451303799054585,cpu,cuda:0,0,670.4443359,50
399,1,DDT500_num100.txt,fixed,1825,8,228.125,19.662384033203125,8.177861213684082,2.0095165382372215e-05,-5.22,-0.485623023,0.17375001311302185,0.03739568963646889,0.11999999731779099,0.2199999988079071,0.04801125367256728,0.05398250472816554,0.003055522832172838,0.7499013922431252,0.007838809767483988,0.047996890392493115,0.0003,661,139,84.60604919940474,8.20433259010315,13.366229057312012,21.57056164741516,868,0.3396028996212408,0,0,TRUE,pair,252,3.366985199507326,5.649863014221191,40,0,7.242063492063492,3.366985199507326,0.32074989716056734,4.322951999376528,cpu,cuda:0,0,670.44384765625,50
400,1,DDT500_num100.txt,fixed,1880,8,235,8.351646423339844,8.396279335021973,5.731971214117948e-06,-4.7,-0.49076532,0.20625001192092896,0.01996089704334736,0.18000000715255737,0.23999999463558197,0.030658452305942774,0.03598929239580265,0.003168278360345329,0.6914978760939378,0.011450828661998877,0.0584056257055356,0.0003,635,165,74.38466202524164,8.41966724395752,16.854360342025757,25.274027585983276,883,0.3478610989404842,0,0,TRUE,pair,251,3.35688409965951,5.343617022164325,40,0,7.49003984063745,3.35688409965951,0.3386576984776184,4.523164101294242,cpu,cuda:0,0,670.4443359,51
401,1,DDT500_num100.txt,fixed,1925,8,240.625,7.4487833976745605,8.68429946899414,5.601568318525096e-06,-4.66,-0.484868175,0.20875000953674316,0.02712816558778286,0.15000000596046448,0.23999999463558197,-0.006319243,-0.000728855,0.002303038738318719,0.6741905733942986,0.009484831796726212,0.05093877448234707,0.0003,633,167,102.47129765955891,8.707515954971313,10.078232288360596,18.78574824333191,900,0.36209009925369173,0,0,TRUE,pair,256,3.498522700741887,5.476883116511556,30,0,7.51953125,3.498522700741887,0.34859000192955136,4.652961503365077,cpu,cuda:0,0,670.4462891,49
402,1,DDT500_num100.txt,fixed,1887,8,235.875,14.443315505981445,8.747363090515137,9.488939213042613e-06,-4.82,-0.475742908,0.19875000417232513,0.030998993664979935,0.12999999523162842,0.25,0.037326534363356506,0.0432466155087406,0.0021861106453632765,0.7013140916824341,0.01668483264405619,0.09578578453511,0.0003,641,159,80.36701334281113,8.769729375839233,14.710053205490112,23.479782581329346,908,0.3535407982999459,0,0,TRUE,pair,269,3.7013295001816005,5.428722838465979,35,0,7.014869888475836,3.7013295001816005,0.35318429686594754,4.510592202306725,cpu,cuda:0,0,670.4443359,49
403,1,DDT500_num100.txt,fixed,1774,8,221.75,15.785674095153809,8.1467866897583,9.985156793845817e-06,-4.92,-0.448940306,0.19249999523162842,0.03526684269309044,0.12999999523162842,0.23999999463558197,0.05971111764665693,0.06576355767901987,0.0016846668913785834,0.6894772164523602,0.016109705502458382,0.0700976635562256,0.0003,646,154,56.460043955803805,8.169652938842773,23.250797271728516,31.42045021057129,859,0.33926839975174516,0,0,TRUE,pair,244,3.2985961018130183,5.751409243032118,48,0,7.270491803278689,3.2985961018130183,0.3277467982843518,4.353039597859606,cpu,cuda:0,0,670.44189453125,51
404,1,DDT500_num100.txt,fixed,1816,8,227,19.02629852294922,8.509381294250488,1.0204760656051803e-05,-5.14,-0.469746839,0.17875002324581146,0.040136486291885376,0.10000000149011612,0.23000000417232513,0.051200724206864834,0.057356669671005674,0.0015313732631814976,0.6921628779835172,0.013101463846396655,0.07069007431467374,0.0003,657,143,96.73638105217388,8.531149864196777,10.241518497467041,18.77266836166382,884,0.3548003991600126,0,0,TRUE,pair,248,3.5533454996766523,5.498348023922958,45,0,7.32258064516129,3.5533454996766523,0.36243690026458353,4.411145197111182,cpu,cuda:0,0,670.44384765625,49
405,1,DDT500_num100.txt,fixed,1837,8,229.625,9.949089050292969,8.705411911010742,6.967372428334784e-06,-4.94,-0.450385619,0.1912500113248825,0.03059309720993042,0.12999999523162842,0.23000000417232513,-0.003049288,0.0020874982906712424,0.0019350602330329518,0.6104319526089562,0.014143449461294545,0.05642441184156471,0.0003,647,153,83.8767672588731,8.730539083480835,13.170638799667358,21.901177883148193,890,0.36359770118724555,0,0,TRUE,pair,244,3.6689808994997293,5.492106695180363,60,0,7.528688524590164,3.6689808994997293,0.37656820262782276,4.476846199133433,cpu,cuda:0,0,670.44384765625,50
406,1,DDT500_num100.txt,fixed,1840,8,230,10.641898155212402,8.120845794677734,7.056545655359514e-06,-4.62,-0.42742069,0.21125002205371857,0.01763341762125492,0.18000000715255737,0.23999999463558197,-0.040249811,-0.034870577,0.0015573651297017932,0.6157916218042374,0.009890423680189997,0.056175768934190275,0.0003,631,169,83.36891903444786,8.14163088798523,13.92894434928894,22.07057523727417,849,0.3392247013980523,0,0,TRUE,pair,247,3.169218799797818,5.559782607788625,40,0,7.449392712550607,3.169218799797818,0.32581239903811365,4.452745098853484,cpu,cuda:0,0,670.44384765625,51
407,1,DDT500_num100.txt,fixed,1847,8,230.875,14.08401107788086,8.313285827636719,7.718283995927777e-06,-4.68,-0.414424855,0.20750001072883606,0.0386490598320961,0.12999999523162842,0.25999999046325684,-0.022459334,-0.017204607,0.00154948077397421,0.6029468774795532,0.024091989151202142,0.05852539107824365,0.0003,634,166,118.29177135315355,8.340969800949097,7.272964954376221,15.613934755325317,859,0.33585480134934187,0,0,TRUE,pair,253,3.4182764990255237,5.5127233338472195,39,0,7.300395256916996,3.4182764990255237,0.33943440136499703,4.381077198078856,cpu,cuda:0,0,670.44384765625,50
408,1,DDT500_num100.txt,fixed,1872,8,234,5.894913196563721,8.435381889343262,8.56981296237791e-06,-4.58,-0.379977093,0.21375000476837158,0.023418739438056946,0.18000000715255737,0.25999999046325684,-0.063919776,-0.059001083,0.0014286540215834975,0.5633019864559173,0.01120388971758075,0.05375900343060493,0.0003,629,171,81.81131873529637,8.4625403881073,14.419378995895386,22.881919384002686,883,0.35857170226518065,0,0,TRUE,pair,239,3.354319399688393,5.344551282815444,30,0,7.832635983263598,3.354319399688393,0.335811902070418,4.565744598628953,cpu,cuda:0,0,670.4443359,51
409,1,DDT500_num100.txt,fixed,1869,8,233.625,16.9184627532959,8.599115371704102,1.049583443091251e-05,-4.58,-0.408740243,0.21375000476837158,0.03705991804599762,0.17000000178813934,0.2800000011920929,-0.03167344,-0.026804934,0.0015296500059776008,0.5633325619356973,0.011168609165386962,0.043120965627687316,0.0003,629,171,94.96554960149113,8.620347738265991,11.060473442077637,19.680821180343628,848,0.3321068981895223,0,0,TRUE,pair,257,3.53912010055501,5.435527019796683,35,0,7.272373540856031,3.53912010055501,0.347782202064991,4.533651899546385,cpu,cuda:0,0,670.4443359,49
410,1,DDT500_num100.txt,fixed,1837,8,229.625,15.952566146850586,8.695635795593262,1.0446979104017373e-05,-4.7,-0.403989863,0.20624999701976776,0.04060095548629761,0.12999999523162842,0.25999999046325684,-0.031042527,-0.026105601,0.0018962155400703733,0.5885033355309413,0.012976891005214734,0.05877878817801292,0.0003,635,165,69.7314384217494,8.721879720687866,17.622048377990723,26.34392809867859,868,0.4149169995216653,0,0,TRUE,pair,247,3.5590994999511167,5.377245505607576,40,0,7.437246963562753,3.5590994999511167,0.366266499273479,4.588686100556515,cpu,cuda:0,0,670.44384765625,49
411,1,DDT500_num100.txt,fixed,1731,8,216.375,17.29116439819336,9.053117752075195,9.12243194761686e-06,-4.96,-0.450987778,0.1899999976158142,0.04242640733718872,0.09000000357627869,0.23000000417232513,-0.009334752,-0.004240223,0.002351932464080164,0.6270492691546679,0.009585360217897687,0.052842630771920085,0.0003,648,152,57.13873998250771,9.075478792190552,21.21920394897461,30.29468274116516,816,0.355379399494268,0,0,TRUE,pair,235,3.918766400543973,5.533795494071876,45,0,7.365957446808511,3.918766400543973,0.3852725010365248,4.559400300378911,cpu,cuda:0,0,670.44189453125,51
412,1,DDT500_num100.txt,fixed,1726,8,215.75,11.155156135559082,7.952652454376221,7.791583811922465e-06,-5.02,-0.467804948,0.1862500011920929,0.02595067396759987,0.14000000059604645,0.2199999988079071,-0.002064892,0.003204930806532502,0.003303559744381346,0.6921602636575699,0.013199580076616257,0.07195098092779517,0.0003,651,149,94.1079515713089,7.972721099853516,10.367918252944946,18.340639352798462,818,0.31629590003285557,0,0,TRUE,pair,238,3.288215098902583,5.628621087427902,40,0,7.2521008403361344,3.288215098902583,0.32861660060007125,4.169210900203325,cpu,cuda:0,0,670.4414063,50
413,1,DDT500_num100.txt,fixed,1878,8,234.75,6.740734577178955,8.820462226867676,5.878843239770504e-06,-4.52,-0.454110674,0.2175000011920929,0.025860199704766273,0.18000000715255737,0.25999999046325684,0.026794541435425773,0.03197726563495748,0.00202810880385668,0.6196779117864721,0.014022410107666956,0.058927340926054644,0.0003,626,174,62.882464328131306,8.84185004234314,21.023391723632812,29.865241765975952,875,0.33876090007834136,0,0,TRUE,pair,245,3.70811530132778,5.4526091562673304,40,0,7.66530612244898,3.70811530132778,0.38674940005876124,4.540744203142822,cpu,cuda:0,0,670.4443359,50
414,1,DDT500_num100.txt,fixed,1837,8,229.625,11.81035041809082,8.09512996673584,7.893059773778077e-06,-4.34,-0.444084498,0.22874999046325684,0.03585997223854065,0.18000000715255737,0.30000001192092896,0.0023996600260337195,0.006816353183239698,0.002004763635341078,0.5419075737396876,0.012790149014714794,0.047108925180509686,0.0003,617,183,83.3663730321181,8.115921258926392,13.919342279434204,22.035263538360596,811,0.307758197421208,0,0,TRUE,pair,250,3.2501157002989203,5.84648884037103,40,0,7.348,3.2501157002989203,0.3287228001281619,4.34735020075459,cpu,cuda:0,0,670.44384765625,50
415,1,DDT500_num100.txt,fixed,1881,8,235.125,8.432637214660645,8.629426002502441,5.631929525407031e-06,-4.3,-0.445385289,0.23125000298023224,0.01763342320919037,0.20999999344348907,0.27000001072883606,0.037423021414063194,0.042454647408290344,0.0014316181133670564,0.5747435797344554,0.012383208369349384,0.06795013120228593,0.0003,615,185,82.90611299568135,8.650203466415405,14.038111448287964,22.68831491470337,854,0.33555499906651676,0,0,TRUE,pair,250,3.578963300678879,5.654970758205903,85,0,7.524,3.578963300678879,0.3577482997206971,4.517676597693935,cpu,cuda:0,0,670.4443359,50
416,1,DDT500_num100.txt,fixed,1864,8,233,16.401220321655273,8.485921859741211,1.0608957381919026e-05,-4.62,-0.436163938,0.21125000715255737,0.03887077793478966,0.15000000596046448,0.2800000011920929,-0.052933354,-0.047870431,0.0013330528046935797,0.5729448676109314,0.019326274865306914,0.052958762273192406,0.0003,631,169,132.48996334868914,8.50897479057312,5.560015439987183,14.068990230560303,881,0.33350260101724416,0,0,TRUE,pair,260,3.54026960011106,5.53487124642589,35,0,7.1692307692307695,3.54026960011106,0.3631732001667842,4.403369997860864,cpu,cuda:0,0,670.4443359,51
417,1,DDT500_num100.txt,fixed,1878,8,234.75,16.86527442932129,8.291802406311035,9.760613465914503e-06,-4.74,-0.422906734,0.20374998450279236,0.029553977772593498,0.1599999964237213,0.25,-0.069684505,-0.06431367,0.000981914760287557,0.5861792799673582,0.011695577266724095,0.07159497667300074,0.0003,637,163,60.20021178782671,8.31320333480835,22.882700204849243,31.195903539657593,885,0.40414150163996965,0,0,TRUE,pair,254,3.3345586005598307,5.50425984912787,40,0,7.393700787401575,3.3345586005598307,0.3328987001441419,4.452919496339746,cpu,cuda:0,0,670.4443359,50
418,1,DDT500_num100.txt,fixed,1871,8,233.875,11.1404390335083,8.292451858520508,7.239449587359559e-06,-4.68,-0.425121072,0.20750001072883606,0.01854049600660801,0.17000000178813934,0.23000000417232513,-0.006900564,-0.001418373,0.0011777162186003157,0.6071053232465472,0.007957364752655849,0.0415183034326349,0.0003,634,166,114.6628820645758,8.313638687133789,8.00376033782959,16.31739902496338,863,0.327062600874342,0,0,TRUE,pair,250,3.333940400974825,5.718332444328092,36,0,7.484,3.333940400974825,0.3378599021816626,4.447767100180499,cpu,cuda:0,0,670.4443359,50
419,1,DDT500_num100.txt,fixed,1816,8,227,14.387495040893555,8.479065895080566,7.231593372125644e-06,-4.66,-0.401260283,0.20874999463558197,0.020879115909337997,0.1599999964237213,0.23999999463558197,-0.036466394,-0.031519188,0.0008096394303720444,0.535202544927597,0.015742248471360652,0.03491752520203591,0.0003,633,167,133.56475521257838,8.500171422958374,5.096229791641235,13.59640121459961,839,0.32438440050464123,0,0,TRUE,pair,247,3.4940733005059883,5.5286343604457535,42,0,7.352226720647773,3.4940733005059883,0.3500445040408522,4.457209897693247,cpu,cuda:0,0,670.44384765625,51
420,1,DDT500_num100.txt,fixed,1869,8,233.625,14.326003074645996,8.583772659301758,8.734064067539293e-06,-4.7,-0.400237722,0.20625001192092896,0.015761898830533028,0.18000000715255737,0.23000000417232513,-0.127017453,-0.12176279,0.0011509783915244042,0.5830155968666076,0.018099788468680343,0.05376974865794182,0.0003,635,165,128.1892319074858,8.606448650360107,5.973559141159058,14.580007791519165,896,0.3474422018043697,0,0,TRUE,pair,254,3.5323227011831477,5.613162118524967,39,0,7.358267716535433,3.5323227011831477,0.35395320027600974,4.518063499825075,cpu,cuda:0,0,670.4443359,51
421,1,DDT500_num100.txt,fixed,1902,8,237.75,10.059199333190918,8.19425106048584,7.524363354605157e-06,-4.52,-0.403577187,0.2175000160932541,0.029895655810832977,0.1599999964237213,0.27000001072883606,-0.098787417,-0.093567083,0.0015650281372169654,0.6002851029237112,0.015332258529573059,0.04730501068600764,0.0003,626,174,113.12979387334111,8.292236089706421,8.520311117172241,16.812547206878662,868,0.33121230313554406,0,0,TRUE,pair,248,3.2813109010457993,5.537329125479569,32,0,7.669354838709677,3.2813109010457993,0.328233701759018,4.412813701666892,cpu,cuda:0,0,670.4443359,49
422,1,DDT500_num100.txt,fixed,1841,8,230.125,13.905372619628906,8.504108428955078,8.688386515132152e-06,-4.34,-0.370495701,0.22874999046325684,0.028912577778100967,0.18000000715255737,0.25999999046325684,0.016502221580594778,0.021807741839438677,0.0013662983037647791,0.5988670773804188,0.01136294198295218,0.04306824775994755,0.0003,617,183,88.5248545038002,8.527455568313599,12.268963813781738,20.796419382095337,855,0.3186960016610101,0,0,TRUE,pair,261,3.5415985006839037,5.866920152738779,50,0,7.053639846743295,3.5415985006839037,0.35695939790457487,4.426458000554703,cpu,cuda:0,0,670.44384765625,50
423,1,DDT500_num100.txt,fixed,1893,8,236.625,7.381353378295898,8.425185203552246,5.223489552008687e-06,-4.58,-0.366886006,0.21375000476837158,0.022878754884004593,0.1899999976158142,0.25999999046325684,0.006368353962898254,0.012323690578341484,0.0010408536938484759,0.6475770473480225,0.011497899593086914,0.06063739941455424,0.0003,629,171,98.56467750547176,8.445804595947266,10.75985860824585,19.205663204193115,883,0.33614510181359947,0,0,TRUE,pair,250,3.40994980011601,5.508716324933673,30,0,7.572,3.40994980011601,0.33671629952732474,4.5048327029217035,cpu,cuda:0,0,670.4443359,49
424,1,DDT500_num100.txt,fixed,1898,8,237.25,10.145812034606934,8.818438529968262,6.5813892433652654e-06,-4.52,-0.332471128,0.2175000011920929,0.020463379099965096,0.18000000715255737,0.25,-0.257532501,-0.251963037,0.001561942766420543,0.6350429654121399,0.008848378097172826,0.05173315657302737,0.0003,626,174,126.41802819363492,8.842883348464966,6.170798063278198,15.013681411743164,889,0.35014349734410644,0,0,TRUE,pair,249,3.5902559999376535,5.732349842692577,36,0,7.622489959839357,3.5902559999376535,0.35947120061609894,4.686229901504703,cpu,cuda:0,0,670.4443359,50
425,1,DDT500_num100.txt,fixed,1956,8,244.5,10.571187019348145,8.699817657470703,8.436110874754377e-06,-4.46,-0.320934607,0.2212499976158142,0.018328595906496048,0.18000000715255737,0.23999999463558197,-0.06678707,-0.061406745,0.0029675398075666567,0.6864090126294357,0.013447603929447584,0.05684030407036726,0.0003,623,177,77.97503423382734,8.720827341079712,16.36412477493286,25.084952116012573,902,0.3419772001216188,0,0,TRUE,pair,262,3.5865660005947575,5.435071575007799,80,0,7.465648854961832,3.5865660005947575,0.3472027975367382,4.5841812011785805,cpu,cuda:0,0,670.4462891,50
426,1,DDT500_num100.txt,fixed,1890,8,236.25,8.166241645812988,8.381346702575684,7.67396795708919e-06,-4.4,-0.375991973,0.22500000894069672,0.015811391174793243,0.20999999344348907,0.25,-0.206434366,-0.201611092,0.003332158550620079,0.6489347385035621,0.010152064341430863,0.05080411396920681,0.0003,620,180,102.29234346076282,8.408726215362549,10.067729949951172,18.47645616531372,877,0.32997109997086227,0,0,TRUE,pair,248,3.376234700786881,5.8576719574196625,40,0,7.620967741935484,3.376234700786881,0.343780999770388,4.48712179902941,cpu,cuda:0,0,670.4443359,49
427,1,DDT500_num100.txt,fixed,1933,8,241.625,6.323319911956787,8.782038688659668,6.424042567232391e-06,-4.54,-0.309858261,0.21625001728534698,0.01727534458041191,0.1899999976158142,0.25,-0.0509966,-0.045892537,0.001909142934891861,0.6058633327484131,0.010722093786171172,0.0503559447824955,0.0003,627,173,108.55444899749953,8.806548357009888,9.000183820724487,17.806732177734375,902,0.3301175982924178,0,0,TRUE,pair,249,3.545605401392095,5.690118984428639,40,0,7.763052208835341,3.545605401392095,0.3705280978465453,4.681582095916383,cpu,cuda:0,0,670.4462891,51
428,1,DDT500_num100.txt,fixed,1890,8,236.25,8.150919914245605,8.291696548461914,5.9269918892823625e-06,-4.7,-0.349329002,0.20625001192092896,0.01798436790704727,0.17000000178813934,0.23000000417232513,-0.170152687,-0.1649033,0.0020480311359278858,0.6273412803808848,0.009911807745488154,0.03921539419227176,0.0003,635,165,96.13741973636157,8.313584804534912,11.345773696899414,19.659358501434326,891,0.32815949979703873,0,0,TRUE,pair,250,3.3177946996875107,5.722222225375907,30,0,7.56,3.3177946996875107,0.33121040102560073,4.471979797584936,cpu,cuda:0,0,670.4443359,49
429,1,DDT500_num100.txt,fixed,1869,8,233.625,12.951231002807617,8.845319747924805,9.178341315418947e-06,-4.74,-0.345880958,0.20374999940395355,0.01932452991604805,0.17000000178813934,0.23000000417232513,-0.138511424,-0.133230077,0.0014776409204517091,0.6020169641290393,0.028290674639200524,0.036777288386864324,0.0003,637,163,108.46391340701474,8.867053508758545,8.364484071731567,17.231537580490112,863,0.33541410171892494,0,0,TRUE,pair,253,3.7526827997062355,5.918138039437381,64,0,7.387351778656127,3.7526827997062355,0.38380620325915515,4.522951501654461,cpu,cuda:0,0,670.4443359,50
430,1,DDT500_num100.txt,fixed,1892,8,236.5,9.041570663452148,8.338654518127441,7.621940312674269e-06,-4.74,-0.359741619,0.20375001430511475,0.015761898830533028,0.17000000178813934,0.2199999988079071,-0.03915302,-0.034430705,0.0019591062252099314,0.5701868633429209,0.01867568686308611,0.045902324529985584,0.0003,637,163,112.61180836573193,8.364742040634155,8.436337947845459,16.801079988479614,865,0.3307356993900612,0,0,TRUE,pair,249,3.3329318007454276,6.019027484521805,64,0,7.598393574297189,3.3329318007454276,0.3347323031630367,4.496853098971769,cpu,cuda:0,0,670.4443359,49
431,1,DDT500_num100.txt,fixed,1909,8,238.625,7.016721248626709,8.618363380432129,4.4091325435147155e-06,-4.5,-0.344264016,0.2187500149011612,0.022603921592235565,0.18000000715255737,0.25999999046325684,-0.117107188,-0.111987188,0.0024723868797688433,0.6356184730927149,0.025769827401139384,0.03590618073940277,0.0003,625,175,118.1930601539423,8.638311624526978,7.513228893280029,16.151540517807007,881,0.32648590358439833,0,0,TRUE,pair,246,3.5114731003995985,5.913567311730042,64,0,7.760162601626016,3.5114731003995985,0.3481354013783857,4.5825512004084885,cpu,cuda:0,0,670.4443359,48
432,1,DDT500_num100.txt,fixed,1935,8,241.875,7.753023624420166,8.464157104492188,6.087849214964081e-06,-4.64,-0.371177737,0.21000000834465027,0.02345207706093788,0.17000000178813934,0.23999999463558197,-0.132905111,-0.127945432,0.003078307618852705,0.6498826414346695,0.011545516793557909,0.043747698236256835,0.0003,632,168,87.92782635850156,8.486077308654785,13.520607948303223,22.006685256958008,904,0.3396656010299921,0,0,TRUE,pair,259,3.4323947007069364,5.802067182476822,64,0,7.471042471042471,3.4323947007069364,0.3328042000066489,4.52192680130247,cpu,cuda:0,0,670.4462891,47
433,1,DDT500_num100.txt,fixed,1888,8,236,8.154753684997559,8.640127182006836,5.8981499932997394e-06,-4.78,-0.336278002,0.20125000178813934,0.005994786974042654,0.1899999976158142,0.20999999344348907,-0.158363712,-0.152643962,0.0012994698239102338,0.6369486028949419,0.01124706698465161,0.06334376971547802,0.0003,639,161,82.64105313987791,8.661500692367554,14.184287548065186,22.84578824043274,873,0.40834430151153356,0,0,TRUE,pair,248,3.5832090994808823,5.802436438152346,35,0,7.612903225806452,3.5832090994808823,0.3544451048364863,4.52517639787402,cpu,cuda:0,0,670.4443359,49
434,1,DDT500_num100.txt,fixed,1930,8,241.25,13.348689079284668,8.8184232711792,8.210742635128554e-06,-4.44,-0.302996932,0.2225000262260437,0.02487468160688877,0.18000000715255737,0.25999999046325684,-0.153023064,-0.147312512,0.00115247208547468,0.628679354985555,0.008842652149420852,0.04044041697246333,0.0003,622,178,113.11916755540948,8.844648122787476,8.217005014419556,17.06165313720703,898,0.4225754017243162,0,0,TRUE,pair,270,3.698860700824298,5.915544038733053,40,0,7.148148148148148,3.698860700824298,0.35030480241402984,4.590771398623474,cpu,cuda:0,0,670.4462891,50
435,1,DDT500_num100.txt,fixed,1869,8,233.625,7.210019111633301,8.150167465209961,5.34185346623417e-06,-4.82,-0.340690657,0.19875001907348633,0.016909683123230934,0.18000000715255737,0.23000000417232513,-0.111705757,-0.105314561,0.0015885111227232432,0.7185448805491129,0.010757807448195914,0.0731821236023236,0.0003,641,159,56.25176062072306,8.171744108200073,25.053882598876953,33.225626707077026,881,0.3259510996285826,0,0,TRUE,pair,246,3.334873599349521,5.8828250391078925,45,0,7.597560975609756,3.334873599349521,0.31787160073872656,4.331545899622142,cpu,cuda:0,0,670.4443359,49
436,1,DDT500_num100.txt,fixed,1921,8,240.125,9.854409217834473,8.755040168762207,7.088694019330433e-06,-4.5,-0.319977922,0.2187500149011612,0.027585094794631004,0.15000000596046448,0.25,-0.057387592,-0.051401418,0.0014981001295382157,0.6735223010182381,0.010122233701016134,0.05869281676132232,0.0003,625,175,81.46832818177502,8.776410818099976,14.803304672241211,23.579715490341187,908,0.3444313990185037,0,0,TRUE,pair,253,3.56943379889708,5.650182196772514,44,0,7.592885375494071,3.56943379889708,0.35118020442314446,4.654089700779878,cpu,cuda:0,0,670.4462891,49
437,1,DDT500_num100.txt,fixed,2006,8,250.75,14.863966941833496,9.314720153808594,7.784284207446035e-06,-4.44,-0.326962415,0.2224999964237213,0.028613809496164322,0.18000000715255737,0.27000001072883606,-0.031054938,-0.024871474,0.0015671801890923896,0.6967047859321941,0.008335542357103392,0.04472932558168064,0.0003,622,178,80.32251208984633,9.336134433746338,15.638184070587158,24.974318504333496,911,0.35688780003692955,0,0,TRUE,pair,270,3.879291999270208,5.724327016566116,35,0,7.42962962962963,3.879291999270208,0.381862897076644,4.775645598885603,cpu,cuda:0,0,670.44677734375,49
438,1,DDT500_num100.txt,fixed,1901,8,237.625,20.31586456298828,8.81263542175293,1.080012498277938e-05,-4.62,-0.344635298,0.21125000715255737,0.028912581503391266,0.18000000715255737,0.25,-0.094501364,-0.089041771,0.001662526259144001,0.6290854355868172,0.018755621413755065,0.06586774602970656,0.0003,631,169,64.603963675452,8.833553552627563,20.591885566711426,29.42543911933899,883,0.3417061981745064,0,0,TRUE,pair,264,3.6949851003009826,5.708048398591292,45,0,7.200757575757576,3.6949851003009826,0.34554519900120795,4.592409300385043,cpu,cuda:0,0,670.4443359,51
439,1,DDT500_num100.txt,fixed,1904,8,238,15.132745742797852,8.223376274108887,9.12243194761686e-06,-4.68,-0.366257291,0.20750001072883606,0.03733295947313309,0.14000000059604645,0.25999999046325684,-0.075438986,-0.069875027,0.0025185627746395767,0.6823239276806513,0.03032712050480768,0.04838844450811545,0.0003,634,166,116.48249656804246,8.244315147399902,8.1014883518219,16.3458034992218,876,0.3253069027559832,0,0,TRUE,pair,253,3.3194339998299256,5.6738445364377075,40,0,7.525691699604743,3.3194339998299256,0.33300760097336024,4.399667901452631,cpu,cuda:0,0,670.4443359,49
440,1,DDT500_num100.txt,fixed,1916,8,239.5,13.257073402404785,8.890472412109375,9.295267773268279e-06,-4.56,-0.374258697,0.21500001847743988,0.022360680624842644,0.17000000178813934,0.25,-0.132716834,-0.126615928,0.0014816651579595225,0.6841738557114321,0.013645623077857582,0.07619081196539543,0.0003,628,172,65.45210799463706,8.910913467407227,20.362398862838745,29.27331233024597,869,0.3365172011544928,0,0,TRUE,pair,260,3.6297098000068218,5.855427976441035,40,0,7.369230769230769,3.6297098000068218,0.37346009851899,4.70039050176274,cpu,cuda:0,0,670.4443359,49
441,1,DDT500_num100.txt,fixed,1911,8,238.875,10.203400611877441,8.673677444458008,6.180515811138321e-06,-4.56,-0.345238593,0.2150000035762787,0.023979157209396362,0.17000000178813934,0.25,-0.102434728,-0.09619722,0.0013141325408858912,0.689457723072597,0.009918136147981775,0.0612247535692794,0.0003,628,172,74.65776389884093,8.696159362792969,16.90064263343811,25.59680199623108,900,0.41090219817124307,0,0,TRUE,pair,258,3.565808600746095,5.610675034256022,40,0,7.406976744186046,3.565808600746095,0.3449154004920274,4.584491301444359,cpu,cuda:0,0,670.4443359,49
442,1,DDT500_num100.txt,fixed,1852,8,231.5,9.300538063049316,8.709511756896973,6.298944754234981e-06,-4.74,-0.353997794,0.20374999940395355,0.030796708539128304,0.15000000596046448,0.25999999046325684,-0.067480831,-0.060886797,0.0012728052339904632,0.7230433374643326,0.011787194128070647,0.04334119986742735,0.0003,637,163,80.02707505516365,8.730818748474121,14.411349058151245,23.142167806625366,895,0.34071230003610253,0,0,TRUE,pair,248,3.692758699762635,5.930885526582952,44,0,7.467741935483871,3.692758699762635,0.36853980110026896,4.467661301488988,cpu,cuda:0,0,670.44384765625,49
443,1,DDT500_num100.txt,fixed,1842,8,230.25,18.129741668701172,8.249488830566406,1.064639764081221e-05,-4.98,-0.38056075,0.1887499988079071,0.03295356035232544,0.15000000596046448,0.23999999463558197,-0.021373645,-0.014463281,0.0017149589146443066,0.776784333444777,0.004850741248533484,0.047241969189296164,0.0003,649,151,56.152679486099615,8.270799398422241,24.53262186050415,32.80342125892639,898,0.33912720170337707,0,0,TRUE,pair,259,3.3791989001911134,5.903365905199455,40,0,7.111969111969112,3.3791989001911134,0.31951820012182,4.383662398322485,cpu,cuda:0,0,670.44384765625,50
444,1,DDT500_num100.txt,fixed,1895,8,236.875,8.084514617919922,8.735713005065918,9.876401236397214e-06,-4.54,-0.356564743,0.2162499874830246,0.02825663611292839,0.17000000178813934,0.25,-0.034885256,-0.029143641,0.0018148293126035821,0.6649028794331984,0.013598119998774067,0.07301963501694528,0.0003,627,173,83.6369416602841,8.759670734405518,13.897781372070312,22.65745210647583,900,0.33173909899778664,0,0,TRUE,pair,247,3.724159001139924,5.6881266459311535,36,0,7.672064777327935,3.724159001139924,0.35681449878029525,4.4765361993340775,cpu,cuda:0,0,670.4443359,50
445,1,DDT500_num100.txt,fixed,1956,8,244.5,11.779218673706055,8.56152057647705,6.564092473126948e-06,-4.38,-0.364767398,0.22625000774860382,0.02496873214840889,0.18000000715255737,0.27000001072883606,-0.074233499,-0.06795271,0.0011725771279695134,0.6867080827554067,0.01026386062342984,0.044305602476621665,0.0003,619,181,79.97535076700336,8.582309246063232,15.875226497650146,24.45753574371338,885,0.32919100066646934,0,0,TRUE,pair,268,3.4104817986954004,5.650306748222476,60,0,7.298507462686567,3.4104817986954004,0.3362044004024938,4.639690299518406,cpu,cuda:0,0,670.4462891,50
446,1,DDT500_num100.txt,fixed,1943,8,242.875,11.741353034973145,8.363354682922363,7.072637799865333e-06,-4.64,-0.380731613,0.21000000834465027,0.02345207706093788,0.18000000715255737,0.25,-0.114499844,-0.108501308,0.0014712153933942318,0.6734141806761423,0.010281327258174619,0.04950824391562492,0.0003,632,168,82.60372749054916,8.384729623794556,15.137211322784424,23.52194094657898,903,0.3392625995911658,0,0,TRUE,pair,257,3.3905710987746716,5.8008234665311615,42,0,7.560311284046692,3.3905710987746716,0.32990729762241244,4.4697177013149485,cpu,cuda:0,0,670.4462891,51
447,1,DDT500_num100.txt,fixed,1952,8,244,12.349088668823242,8.62369155883789,8.56981296237791e-06,-4.5,-0.372294325,0.21875,0.026190409436821938,0.18000000715255737,0.27000001072883606,-0.110733554,-0.10569191,0.001072474173270166,0.5577886700630188,0.0761193186044693,0.022857142612338066,0.0003,625,175,199.79618434372625,8.644746541976929,1.1252098083496094,9.769956350326538,905,0.34668449976015836,0,0,TRUE,pair,259,3.4336562996031716,5.698770493635388,56,0,7.536679536679537,3.4336562996031716,0.3367495012935251,4.674301998689771,cpu,cuda:0,0,250.8466797,49
448,1,DDT500_num100.txt,fixed,1937,8,242.125,10.890792846679688,8.601472854614258,8.092194548225962e-06,-4.66,-0.38713719,0.20875000953674316,0.01763341948390007,0.18000000715255737,0.23000000417232513,-0.038789285,-0.033050517,0.0016916101396253164,0.6584573848681017,0.011913153543983672,0.04729456767778505,0.0003,633,167,83.9780830407955,8.623241186141968,14.442300796508789,23.065541982650757,899,0.33655990078113973,0,0,TRUE,pair,262,3.6031066990690306,5.744966439875857,60,0,7.393129770992366,3.6031066990690306,0.3385564017808065,4.486795098520815,cpu,cuda:0,0,670.4462891,49
449,1,DDT500_num100.txt,fixed,1845,8,230.625,18.40473747253418,8.577492713928223,6.152862624730915e-06,-5.02,-0.403623153,0.1862499862909317,0.035685256123542786,0.12999999523162842,0.25,-0.130183446,-0.124482023,0.0023553554534113835,0.6879101140158517,0.018951211956196597,0.02223220480872052,0.0003,651,149,107.38871266905625,8.597960948944092,8.582615613937378,17.18057656288147,887,0.34034540178254247,0,0,TRUE,pair,246,3.5679042008705437,5.912737130601878,50,0,7.5,3.5679042008705437,0.3403058990370482,4.496237599290907,cpu,cuda:0,0,670.44384765625,49
450,1,DDT500_num100.txt,fixed,1857,8,232.125,11.285361289978027,8.210050582885742,6.125084382802015e-06,-4.86,-0.430158892,0.19624999165534973,0.017984366044402122,0.17000000178813934,0.2199999988079071,-0.064259601,-0.057948112,0.0015401308385965724,0.7081554234027863,0.015786081610713154,0.022813412826508284,0.0003,643,157,122.98519563357712,8.230958223342896,6.868420124053955,15.09937834739685,869,0.33138569828588516,0,0,TRUE,pair,249,3.284670899505727,5.717285945201087,48,0,7.457831325301205,3.284670899505727,0.32580500084441155,4.42860160197597,cpu,cuda:0,0,670.4443359,49
451,1,DDT500_num100.txt,fixed,1877,8,234.625,10.209524154663086,8.26582145690918,6.598640538868494e-06,-4.64,-0.441038081,0.20999999344348907,0.02397915907204151,0.1599999964237213,0.23999999463558197,-0.021262112,-0.015614488,0.0014976953600787303,0.639647207476876,0.011588068509643728,0.061218263750726525,0.0003,632,168,85.60813809576791,8.286511659622192,13.638973951339722,21.925485610961914,900,0.3249706984497607,0,0,TRUE,pair,243,3.3481598990038037,5.900905697791577,52,0,7.724279835390947,3.3481598990038037,0.32894529798068106,4.421696700155735,cpu,cuda:0,0,670.4443359,49
452,1,DDT500_num100.txt,fixed,1920,8,240,14.413535118103027,8.565596580505371,8.496536793245468e-06,-4.46,-0.447808255,0.2212499976158142,0.02471715398132801,0.1899999976158142,0.27000001072883606,6.716086396149226e-05,0.004541546372430665,0.002029530645813793,0.5489150988204139,0.013712667602313948,0.03952291983711932,0.0003,623,177,73.72767847640215,8.585741996765137,17.456038236618042,26.04178023338318,872,0.3318151992280036,0,0,TRUE,pair,254,3.405691300169565,5.4885416702677805,32,0,7.559055118110236,3.405691300169565,0.343168300925754,4.640304697677493,cpu,cuda:0,0,670.4443359,49
453,1,DDT500_num100.txt,fixed,1908,8,238.5,14.747880935668945,8.626325607299805,7.255136551975738e-06,-4.5,-0.452082588,0.21875,0.01763341948390007,0.1899999976158142,0.23999999463558197,0.06040318558613459,0.06511363005709081,0.0024793167166145785,0.5950101755914234,0.011657415664688284,0.06145377377314227,0.0003,625,175,56.501117288230596,8.650540590286255,25.11870312690735,33.7692437171936,869,0.3290818001842126,0,0,TRUE,pair,262,3.5787690985016525,5.5896226370109705,36,0,7.282442748091603,3.5787690985016525,0.3557643024250865,4.51268610113766,cpu,cuda:0,0,670.4443359,50
454,1,DDT500_num100.txt,fixed,1886,8,235.75,13.273564338684082,8.390894889831543,9.270774171454832e-06,-4.74,-0.468568564,0.20375001430511475,0.02057759463787079,0.18000000715255737,0.23000000417232513,-0.060637039,-0.055414658,0.0019506402168190107,0.6197703704237938,0.006839219968848435,0.03899230590711037,0.0003,637,163,84.7098187588825,8.41104245185852,13.853200674057007,22.264243125915527,900,0.4095223975600675,0,0,TRUE,pair,252,3.3448436995968223,5.848356304467041,64,0,7.484126984126984,3.3448436995968223,0.33491500129457563,4.537916500819847,cpu,cuda:0,0,670.4443359,50
455,1,DDT500_num100.txt,fixed,1924,8,240.5,8.602325439453125,8.791850090026855,6.607249360968126e-06,-4.68,-0.456120913,0.20750001072883606,0.011989578604698181,0.1899999976158142,0.2199999988079071,-0.076684679,-0.071469525,0.0034319437108933926,0.6931125124295553,0.02129065020320316,0.032800099502007164,0.0003,634,166,135.18524061663175,8.817064762115479,5.415258169174194,14.232322931289673,892,0.33685320045333356,0,0,TRUE,pair,253,3.682329200557433,5.593035344398443,40,0,7.604743083003952,3.682329200557433,0.37366270110942423,4.548476502881385,cpu,cuda:0,0,670.4462891,50
456,1,DDT500_num100.txt,fixed,1966,8,245.75,9.202581405639648,8.613510131835938,7.5394573286757804e-06,-4.6,-0.418075636,0.21250000596046448,0.013919409364461899,0.20000000298023224,0.23999999463558197,0.005821939557790756,0.010268870741128922,0.0033988912053044057,0.6146372920937009,0.011908555508448949,0.040464629238057465,0.0003,630,170,63.62007573595841,8.634444952011108,22.26775026321411,30.90219521522522,908,0.3475331016816199,0,0,TRUE,pair,259,3.4075739997206256,5.546286874360738,40,0,7.590733590733591,3.4075739997206256,0.3358784975716844,4.693080899305642,cpu,cuda:0,0,670.4462891,49
457,1,DDT500_num100.txt,fixed,1952,8,244,8.573214530944824,8.715312004089355,7.516804998886073e-06,-4.6,-0.406926336,0.21250000596046448,0.021065371111035347,0.18000000715255737,0.25999999046325684,0.03770940750837326,0.042158850110494174,0.0035675678563375887,0.6233227298809931,0.01207318530102314,0.045113082258747175,0.0003,630,170,76.49073332649951,8.735578536987305,16.7828471660614,25.519431114196777,908,0.3349005999043584,0,0,TRUE,pair,255,3.5303462989395484,5.5071721309032595,60,0,7.654901960784314,3.5303462989395484,0.3576544002862647,4.647419000277296,cpu,cuda:0,0,670.4462891,49
458,1,DDT500_num100.txt,fixed,1876,8,234.5,8.366600036621094,8.50058650970459,5.436780156742316e-06,-4.64,-0.417267554,0.21000000834465027,0.012247448787093163,0.1899999976158142,0.23000000417232513,-0.016365967,-0.010235063,0.0024011084211191963,0.7331459777695792,0.008057385787001945,0.04584987976011776,0.0003,632,168,55.65744664795865,8.521829843521118,25.184351682662964,33.70618152618408,881,0.42719620023854077,0,0,TRUE,pair,245,3.4791147984797135,5.8603411517671935,40,0,7.6571428571428575,3.4791147984797135,0.33554749679751694,4.514026998891495,cpu,cuda:0,0,670.4443359,49
459,1,DDT500_num100.txt,fixed,1801,8,225.125,17.352502822875977,8.364535331726074,1.1954261026403401e-05,-5.14,-0.427465878,0.17874999344348907,0.027585096657276154,0.14000000059604645,0.2199999988079071,0.031273045266668,0.03712252713739872,0.002978731868400549,0.7338843743006388,0.009845363728042381,0.046587191677341856,0.0003,657,143,74.63828390060004,8.384079933166504,15.745628118515015,24.12970805168152,878,0.3382156001171097,0,0,TRUE,pair,245,3.4111637993482873,5.8334258742493965,40,0,7.351020408163265,3.4111637993482873,0.34786520118359476,4.429501599399373,cpu,cuda:0,0,670.44384765625,49
460,1,DDT500_num100.txt,fixed,1826,8,228.25,22.392799377441406,8.25890064239502,1.2588861864060163e-05,-5.26,-0.449293856,0.17124998569488525,0.033330727368593216,0.10000000149011612,0.20000000298023224,-0.036819386,-0.030429802,0.0027660957421176136,0.7772631645202637,0.010013515153938593,0.06227547644327084,0.0003,663,137,80.86626955032149,8.278327465057373,14.302162647247314,22.580490112304688,899,0.35059020295739174,0,0,TRUE,pair,253,3.382022900157608,5.909638556305968,55,0,7.217391304347826,3.382022900157608,0.3306463999906555,4.371790201752447,cpu,cuda:0,0,670.44384765625,51
461,1,DDT500_num100.txt,fixed,1914,8,239.25,6.139014720916748,8.48238468170166,6.538061825267505e-06,-4.52,-0.409450353,0.2175000011920929,0.023318445309996605,0.18000000715255737,0.25,-0.034834151,-0.029342076,0.002795306732878089,0.6889725923538208,0.013845829293131828,0.024483135528862478,0.0003,626,174,115.66503509847415,8.506533861160278,8.041249990463257,16.547783851623535,892,0.4241446000523865,0,0,TRUE,pair,249,3.3961331996833906,5.797283176967218,36,0,7.686746987951807,3.3961331996833906,0.34293929825071245,4.565830101841129,cpu,cuda:0,0,670.4443359,49
462,1,DDT500_num100.txt,fixed,1859,8,232.375,6.613196849822998,8.756317138671875,6.564092473126948e-06,-5,-0.442401907,0.1875,0.008291559293866158,0.18000000715255737,0.20000000298023224,0.026997991465032102,0.03280648794025183,0.0026469854172319176,0.713198983669281,0.014286582125350833,0.026708737760782243,0.0003,650,150,120.23287532072797,8.777636766433716,6.6840245723724365,15.461661338806152,906,0.3430699980817735,0,0,TRUE,pair,241,3.7562359999865294,5.811188810162803,40,0,7.713692946058091,3.7562359999865294,0.386381697608158,4.429934500600211,cpu,cuda:0,0,670.4443359,49
463,1,DDT500_num100.txt,fixed,1849,8,231.125,13.724408149719238,8.674535751342773,7.54699294702732e-06,-4.74,-0.443967587,0.20375001430511475,0.03351771831512451,0.14000000059604645,0.23999999463558197,-0.022521007,-0.017203451,0.002106012989922116,0.6370561420917511,0.011533237797266338,0.03307468300530066,0.0003,637,163,111.00523215200988,8.69883108139038,7.958041429519653,16.656872510910034,871,0.3509597013471648,0,0,TRUE,pair,249,3.61208569991868,5.975121687656483,40,0,7.42570281124498,3.61208569991868,0.35740649758372456,4.525787097983994,cpu,cuda:0,0,670.44384765625,51
464,1,DDT500_num100.txt,fixed,1876,8,234.5,9.93730354309082,8.161222457885742,7.032337634882424e-06,-4.82,-0.450147422,0.19875000417232513,0.014523685909807682,0.17000000178813934,0.2199999988079071,-0.041984624,-0.036731836,0.0020453513716347516,0.6275461415449778,0.010027293387490014,0.038563473926236234,0.0003,641,159,82.29113997060031,8.184068202972412,14.61303973197937,22.797107934951782,886,0.33809190103784204,0,0,TRUE,pair,247,3.306974299601279,5.953624733094213,65,0,7.5951417004048585,3.306974299601279,0.3266474980628118,4.35818920051679,cpu,cuda:0,0,670.4443359,50
465,1,DDT500_num100.txt,fixed,1951,8,243.875,8.60867977142334,8.740070343017578,6.999930519668851e-06,-4.62,-0.454207641,0.21125000715255737,0.01899835467338562,0.17000000178813934,0.23000000417232513,-0.047945831,-0.042350539,0.0016168930927630174,0.6403740481896834,0.012724413314241578,0.05026176029985601,0.0003,631,169,85.5798907071822,8.760545492172241,14.036866188049316,22.797411680221558,922,0.35342390090227127,0,0,TRUE,pair,262,3.5469411998055875,5.645310097874769,35,0,7.4465648854961835,3.5469411998055875,0.3456274000927806,4.66833519958891,cpu,cuda:0,0,670.4462891,49
466,1,DDT500_num100.txt,fixed,1880,8,235,10.319883346557617,8.404483795166016,7.531914434366627e-06,-4.72,-0.436668168,0.20500001311302185,0.03201562166213989,0.1599999964237213,0.25,-0.064882952,-0.059481716,0.0017126784892752766,0.6257577538490295,0.008284058218123391,0.013899728748947382,0.0003,636,164,130.58259094865414,8.425336360931396,5.97168231010437,14.397018671035767,884,0.411601499421522,0,0,TRUE,pair,250,3.4093704991973937,5.6138297865999505,35,0,7.52,3.4093704991973937,0.32808900356758386,4.49849800101947,cpu,cuda:0,0,670.4443359,50
467,1,DDT500_num100.txt,fixed,1968,8,246,9.260129928588867,8.613601684570312,6.406321062968345e-06,-4.6,-0.425721428,0.21250000596046448,0.021650634706020355,0.17000000178813934,0.25,0.06398251480781116,0.06972234696149826,0.001607271856091057,0.6543467090680049,0.011959707424886381,0.043134268695631854,0.0003,630,170,80.2457237705887,8.637281656265259,15.887389659881592,24.52467131614685,924,0.35248050082009286,0,0,TRUE,pair,257,3.4916148997144774,5.670223578568397,35,0,7.657587548638133,3.4916148997144774,0.3372100986307487,4.606212399550714,cpu,cuda:0,0,670.4462891,51
468,1,DDT500_num100.txt,fixed,1971,8,246.375,4.470388889312744,8.570408821105957,5.0011103667202406e-06,-4.52,-0.443542614,0.2175000011920929,0.023318445309996605,0.1899999976158142,0.25999999046325684,-0.051298324,-0.045847173,0.0015388698832664108,0.6220582099187941,0.009821964516526177,0.05250605481809804,0.0003,626,174,56.668285313369196,8.59381890296936,26.187540531158447,34.78135943412781,929,0.3462758978130296,0,0,TRUE,pair,256,3.494325001258403,5.533231861998985,35,0,7.69921875,3.494325001258403,0.33593599777668715,4.562005398911424,cpu,cuda:0,0,670.4462891,49
469,1,DDT500_num100.txt,fixed,1935,8,241.875,9.17111587524414,8.804973602294922,5.993750164634548e-06,-4.52,-0.427277322,0.2175000011920929,0.021065374836325645,0.1899999976158142,0.25,0.004033034836704081,0.009161236695945263,0.0014416871444237504,0.5849048495292664,0.0098019669319249,0.03147599058733745,0.0003,626,174,84.85859546477478,8.825920343399048,13.976719617843628,22.802639961242676,898,0.4157291022129357,0,0,TRUE,pair,258,3.6205530987353995,5.629457365573223,35,0,7.5,3.6205530987353995,0.3564418990863487,4.64621209690813,cpu,cuda:0,0,670.4462891,49
470,1,DDT500_num100.txt,fixed,1949,8,243.625,9.694554328918457,8.975292205810547,7.317547442653449e-06,-4.32,-0.423345301,0.23000001907348633,0.019999999552965164,0.20000000298023224,0.25999999046325684,-0.069414616,-0.064591815,0.0011185046751052141,0.5382051259279251,0.011284189578145743,0.04054553750902414,0.0003,616,184,89.24486264425218,8.996352910995483,12.8424391746521,21.838792085647583,892,0.33863689785357565,0,0,TRUE,pair,265,3.5899429009296,5.57362750030408,45,0,7.354716981132076,3.5899429009296,0.34455049911048263,4.858995001297444,cpu,cuda:0,0,670.4462891,49
471,1,DDT500_num100.txt,fixed,1898,8,237.25,12.40715503692627,8.711338996887207,7.784284207446035e-06,-4.7,-0.417335181,0.20625001192092896,0.01408678200095892,0.18000000715255737,0.2199999988079071,0.07734959572553635,0.08349855088939269,0.0012291083597422887,0.6763510406017303,0.018415673494018847,0.03615928394719958,0.0003,635,165,81.51513624452444,8.732356309890747,14.551662921905518,23.284019231796265,875,0.3284019975690171,0,0,TRUE,pair,261,3.646495600347407,5.765542676124734,45,0,7.272030651340996,3.646495600347407,0.37285540194716305,4.510509903659113,cpu,cuda:0,0,670.4443359,49
472,1,DDT500_num100.txt,fixed,1831,8,228.875,12.761636734008789,8.403668403625488,6.106495220592478e-06,-4.94,-0.431454007,0.1912500113248825,0.02619040571153164,0.15000000596046448,0.23999999463558197,-0.071090588,-0.065829319,0.0014710336748976261,0.5996785014867783,0.010791379772126675,0.025473418133333325,0.0003,647,153,88.05261530212357,8.424460887908936,12.369924306869507,20.794385194778442,854,0.3179015984060243,0,0,TRUE,pair,246,3.4689595989184454,5.888585473591353,50,0,7.443089430894309,3.4689595989184454,0.3572913983371109,4.401852803654037,cpu,cuda:0,0,670.44384765625,49
473,1,DDT500_num100.txt,fixed,1887,8,235.875,19.611459732055664,8.466085433959961,1.0013580322265625e-05,-4.76,-0.432332242,0.20250000059604645,0.0396074503660202,0.12999999523162842,0.25,-0.035507753,-0.030457235,0.002152028393336675,0.6126532140705321,0.011641268663677491,0.055571322381082505,0.0003,638,162,55.29950940713305,8.486963272094727,25.63630509376526,34.123268365859985,876,0.3332590989302844,0,0,TRUE,pair,262,3.4869221011176705,5.649708531303386,32,0,7.202290076335878,3.4869221011176705,0.3327478049322963,4.473498098435812,cpu,cuda:0,0,670.4443359,50
474,1,DDT500_num100.txt,fixed,1895,8,236.875,9.61037826538086,8.716875076293945,7.524363354605157e-06,-4.54,-0.435135251,0.21625001728534698,0.02781074494123459,0.1599999964237213,0.25,1.6635038254982126,1.668916423672012,0.0014580520801246166,0.6141545006207058,1.113981472062213,0.034797292335757186,0.0003,627,173,107.74657275009625,8.736463785171509,8.851102590560913,17.587566375732422,891,0.3356265011243522,0,0,TRUE,pair,255,3.624801600119099,5.78047493516927,65,0,7.431372549019608,3.624801600119099,0.36208710249047726,4.548518002964556,cpu,cuda:0,0,670.4443359,49
475,1,DDT500_num100.txt,fixed,1914,8,239.25,20.216020584106445,8.958820343017578,1.1611743502726313e-05,-4.52,-0.411705888,0.2175000011920929,0.033071890473365784,0.15000000596046448,0.25,0.04106161339829365,0.04628695889065663,0.0011900021102822695,0.5820343717932701,0.008550945698516443,0.041287822144416474,0.0003,626,174,81.7677759707992,8.982690811157227,14.425063371658325,23.40775418281555,863,0.3237063998822123,0,0,TRUE,pair,259,3.7720448018517345,5.393939394686788,40,0,7.38996138996139,3.7720448018517345,0.3871581988641992,4.612068602349609,cpu,cuda:0,0,670.4443359,49
476,1,DDT500_num100.txt,fixed,1884,8,235.5,11.101801872253418,8.380183219909668,7.921813448774628e-06,-4.6,-0.41462161,0.21250000596046448,0.024366984143853188,0.17000000178813934,0.23999999463558197,0.021622332079069956,0.027336923139435903,0.001301532594620117,0.6365356189864022,0.00819699139434046,0.02243966529411929,0.0003,630,170,113.70745123108686,8.400614023208618,8.16822099685669,16.568835020065308,888,0.40718439978081733,0,0,TRUE,pair,245,3.361843799124472,5.62154989055261,44,0,7.689795918367347,3.361843799124472,0.3306894018314779,4.51483750063926,cpu,cuda:0,0,670.4443359,48
477,1,DDT500_num100.txt,fixed,1836,8,229.5,17.080690383911133,8.748395919799805,1.0899667358899023e-05,-4.84,-0.428339737,0.19749997556209564,0.027271779254078865,0.17000000178813934,0.23999999463558197,0.026102737946943802,0.03142024170268665,0.0010294412019323897,0.5832224000583995,0.00924727795989549,0.03371107993139462,0.0003,642,158,88.8015290287977,8.769322872161865,11.905996799468994,20.67531967163086,862,0.3455315011087805,0,0,TRUE,pair,256,3.73096370161511,5.605119826487207,60,0,7.171875,3.73096370161511,0.39110289909876883,4.44156069913879,cpu,cuda:0,0,670.44384765625,48
478,1,DDT500_num100.txt,fixed,1878,8,234.75,11.913752555847168,8.938368797302246,8.078133760136552e-06,-4.9,-0.416988817,0.19374999403953552,0.02496873214840889,0.1599999964237213,0.23000000417232513,0.01326885656453669,0.01900290185585618,0.0012894290703115985,0.6378758363425732,0.010530835555982776,0.03865986689925194,0.0003,645,155,104.74618308023372,8.961083889007568,8.967970371246338,17.929054260253906,866,0.32856619847007096,0,0,TRUE,pair,253,3.7938102999469265,5.721512246690492,40,0,7.4229249011857705,3.7938102999469265,0.4078150982968509,4.5453261017100886,cpu,cuda:0,0,670.4443359,49
479,1,DDT500_num100.txt,fixed,1863,8,232.875,19.611459732055664,8.403740882873535,1.0689025657484308e-05,-4.86,-0.451441276,0.19625002145767212,0.02825663797557354,0.12999999523162842,0.2199999988079071,-0.004956172,0.0008188663050532341,0.0015596527114717497,0.6554861035611894,0.014187419657698937,0.07130151821507348,0.0003,643,157,102.5362519073031,8.425173282623291,9.742983102798462,18.1691837310791,872,0.33665850129909813,0,0,TRUE,pair,258,3.398455199203454,5.833064948751026,72,0,7.22093023255814,3.398455199203454,0.3228763001970947,4.511667499667965,cpu,cuda:0,0,670.4443359,48
480,1,DDT500_num100.txt,fixed,1780,8,222.5,16.34013557434082,7.996792793273926,8.067571798164863e-06,-5.38,-0.461196568,0.16375002264976501,0.03119996003806591,0.10999999940395355,0.2199999988079071,0.028039196506142616,0.034581759944558144,0.002161495736800134,0.7623309642076492,0.009751784029504051,0.03504150453954935,0.0003,669,131,113.09594891288549,8.021122932434082,7.717725515365601,15.738848447799683,875,0.3193199005909264,0,0,TRUE,pair,247,3.249453200609423,5.874719101391482,40,0,7.206477732793522,3.249453200609423,0.31502749864012003,4.269271699828096,cpu,cuda:0,0,670.44189453125,49
481,1,DDT500_num100.txt,fixed,1826,8,228.25,19.607078552246094,8.345913887023926,1.0425191248941701e-05,-5.1,-0.456559075,0.18124999105930328,0.03585997223854065,0.11999999731779099,0.23999999463558197,0.06717488284294422,0.07248525178203216,0.00254516766514056,0.6582949574177082,0.013813594494982121,0.052430884626049265,0.0003,655,145,80.18511955895038,8.366397619247437,14.405907392501831,22.772305011749268,861,0.33271340001374483,0,0,TRUE,pair,255,3.4905874993419275,5.509309967794136,56,0,7.1607843137254905,3.4905874993419275,0.33393019961658865,4.352723399060778,cpu,cuda:0,0,670.44384765625,48
482,1,DDT500_num100.txt,fixed,1765,8,220.625,14.696407318115234,8.277584075927734,8.134232302836608e-06,-4.9,-0.47705179,0.19374999403953552,0.024462981149554253,0.1599999964237213,0.23999999463558197,0.07257906422019005,0.07654343582689763,0.0034749419428408146,0.5701848871074631,0.007539780349179637,0.03830390473594889,0.0003,645,155,55.60512167803663,8.299490928649902,23.44218945503235,31.74168038368225,842,0.3266482998151332,0,0,TRUE,pair,240,3.49476489960216,5.590934840815601,35,0,7.354166666666667,3.49476489960216,0.3319625010481104,4.2620244001736864,cpu,cuda:0,0,670.44189453125,48
483,1,DDT500_num100.txt,fixed,1804,8,225.5,16.408838272094727,8.358213424682617,8.958956641436089e-06,-5.34,-0.483502864,0.16624999046325684,0.03119996003806591,0.10999999940395355,0.2199999988079071,0.0865690845197865,0.09209568918283496,0.0024399631074629724,0.6746587199824197,0.007442765820347371,0.03143232009772744,0.0003,667,133,67.55615042592379,8.378124237060547,18.32558798789978,26.703712224960327,871,0.3301796014420688,0,0,TRUE,pair,255,3.5436165002174675,5.674611972731656,45,0,7.074509803921568,3.5436165002174675,0.329309398541227,4.296201501972973,cpu,cuda:0,0,670.44384765625,49
484,1,DDT500_num100.txt,fixed,1817,8,227.125,11.73070240020752,8.592399597167969,8.90805313247256e-06,-4.92,-0.46651823,0.1925000101327896,0.027726341038942337,0.12999999523162842,0.2199999988079071,0.07015965196590584,0.07602526591374324,0.001665936563558017,0.669858075105227,0.01709625854765853,0.0359277122009259,0.0003,646,154,78.74701919031818,8.612373113632202,14.46151614189148,23.07388925552368,849,0.32168090145569295,0,0,TRUE,pair,244,3.613901399774477,5.6995046797465285,55,0,7.44672131147541,3.613901399774477,0.36961039947345853,4.40628819714766,cpu,cuda:0,0,670.44384765625,49
485,1,DDT500_num100.txt,fixed,1829,8,228.625,13.161852836608887,8.623784065246582,8.549891390430275e-06,-5.02,-0.481217337,0.1862499862909317,0.028695598244667053,0.14000000059604645,0.2199999988079071,0.0462123782803806,0.05164208829116363,0.0027146302432251666,0.6787024828103873,0.011764338320622651,0.06504620762112048,0.0003,651,149,73.60507662639954,8.649357795715332,16.199471712112427,24.84882950782776,865,0.3294907995732501,0,0,TRUE,pair,244,3.6784961997764185,5.838709673508717,45,0,7.495901639344262,3.6784961997764185,0.35377799859270453,4.396054498967715,cpu,cuda:0,0,670.44384765625,49
486,1,DDT500_num100.txt,fixed,1838,8,229.75,9.69213581085205,8.73462200164795,7.317547442653449e-06,-4.98,-0.453830544,0.1887499988079071,0.025708705186843872,0.1599999964237213,0.23000000417232513,0.12155595123767853,0.12665525674819947,0.0031730081653222443,0.6685815900564194,0.010396924428641796,0.05524054216220975,0.0003,649,151,84.69221441050775,8.758328676223755,12.943784236907959,21.702112913131714,862,0.33378319907933474,0,0,TRUE,pair,244,3.8051001999992877,5.651795429425867,36,0,7.532786885245901,3.8051001999992877,0.36916229710914195,4.36105619801674,cpu,cuda:0,0,670.44384765625,49
487,1,DDT500_num100.txt,fixed,1915,8,239.375,11.842059135437012,8.81026554107666,7.072637799865333e-06,-4.74,-0.475583958,0.20375001430511475,0.02735758386552334,0.15000000596046448,0.25,0.08804959952831268,0.09254339979961515,0.0026571391441393643,0.5822367057204246,0.011964917249861174,0.0389564260141924,0.0003,637,163,56.34523677340908,8.830689907073975,25.156211376190186,33.98690128326416,882,0.4151001990539953,0,0,TRUE,pair,258,3.7189046003622934,5.1033942537581645,30,0,7.422480620155039,3.7189046003622934,0.3381057996302843,4.555078302160837,cpu,cuda:0,0,670.4443359,50
488,1,DDT500_num100.txt,fixed,1879,8,234.875,12.077225685119629,8.54908561706543,7.59953354645404e-06,-4.6,-0.454509864,0.21250000596046448,0.029047377407550812,0.17000000178813934,0.27000001072883606,-0.033259213,-0.028343107,0.002764469167838494,0.6298341751098633,0.010137051799877858,0.03202890302054584,0.0003,630,170,79.92012280511891,8.571247577667236,14.939727306365967,23.510974884033203,847,0.32823340175673366,0,0,TRUE,pair,257,3.606770600308664,5.340606705060089,64,0,7.311284046692607,3.606770600308664,0.33836669800803065,4.4080064001027495,cpu,cuda:0,0,670.4443359,50
489,1,DDT500_num100.txt,fixed,1880,8,235,15.755950927734375,8.601263046264648,9.719761692394968e-06,-4.56,-0.455265568,0.2150000035762787,0.023979155346751213,0.17000000178813934,0.23999999463558197,0.03104529599659145,0.03649791283532977,0.0018491229675419163,0.6377176977694035,0.013496182016751845,0.06789078505244106,0.0003,628,172,64.94705618645035,8.62320327758789,20.323451280593872,28.946654558181763,859,0.41824409924447536,0,0,TRUE,pair,259,3.5700845001265407,5.56648935916576,35,0,7.258687258687258,3.5700845001265407,0.33490029943641275,4.500901097431779,cpu,cuda:0,0,670.4443359,49
490,1,DDT500_num100.txt,fixed,1822,8,227.75,18.053739547729492,8.220328330993652,9.386549209011719e-06,-4.84,-0.47316321,0.19749999046325684,0.026339134201407433,0.15000000596046448,0.23000000417232513,0.13504477515816687,0.14018794987350702,0.0029044862603768706,0.6595419645309448,0.013806504616513848,0.07064081039279699,0.0003,642,158,127.61117290897035,8.241672039031982,6.036074638366699,14.277746677398682,875,0.33907519932836294,0,0,TRUE,pair,248,3.400287499767728,5.70087815207786,35,0,7.346774193548387,3.400287499767728,0.32535350089892745,4.304302400560118,cpu,cuda:0,0,670.44384765625,50
491,1,DDT500_num100.txt,fixed,1890,8,236.25,10.917303085327148,8.506529808044434,8.252176485257223e-06,-4.58,-0.46417419,0.21375000476837158,0.024462981149554253,0.17000000178813934,0.25,-0.029336768,-0.02418134,0.0019146014348648134,0.6112728714942932,0.013479771585913286,0.06984709983780271,0.0003,629,171,55.88303341274383,8.52983546257019,25.290805339813232,33.82064080238342,890,0.3338442000094801,0,0,TRUE,pair,248,3.470217199297622,5.4931216900941555,32,0,7.620967741935484,3.470217199297622,0.3471360985422507,4.514061700669117,cpu,cuda:0,0,670.4443359,50
492,1,DDT500_num100.txt,fixed,1812,8,226.5,8.674675941467285,7.899414539337158,6.572746769961668e-06,-5.02,-0.504750587,0.1862499862909317,0.028695596382021904,0.15000000596046448,0.23999999463558197,0.004670387932232448,0.009960312928472246,0.0023377512843580917,0.6458800200905118,0.009294720133766532,0.047144460159220865,0.0003,651,149,60.80142412098193,7.920334815979004,21.881598711013794,29.801933526992798,850,0.3309606008697301,0,0,TRUE,pair,237,3.097861800226383,5.66777041771554,45,0,7.6455696202531644,3.097861800226383,0.31890770117752254,4.315633500460535,cpu,cuda:0,0,670.44384765625,49
493,1,DDT500_num100.txt,fixed,1792,8,224,11.842719078063965,8.08215045928955,7.95761116023641e-06,-5.08,-0.502430868,0.18250000476837158,0.025372229516506195,0.14000000059604645,0.23000000417232513,-0.048843246,-0.043362386,0.002236366391621737,0.6599045213725832,0.008471123434396254,0.050485337204817265,0.0003,654,146,56.2376586196502,8.108018398284912,23.75675058364868,31.864768981933594,855,0.31617800041567534,0,0,TRUE,pair,247,3.259930999833159,5.675223212156977,52,0,7.255060728744939,3.259930999833159,0.33052389812655747,4.326833998202346,cpu,cuda:0,0,670.44189453125,50
494,1,DDT500_num100.txt,fixed,1839,8,229.875,17.178747177124023,8.304368019104004,9.678737114882097e-06,-4.76,-0.475640007,0.20250001549720764,0.021650632843375206,0.15000000596046448,0.2199999988079071,0.027055582212698128,0.03162204223271045,0.0034630256899011633,0.6297974387804667,0.005128096928173263,0.03557354773187803,0.0003,638,162,55.6430688462739,8.323943614959717,24.72599482536316,33.049938440322876,861,0.3299915981478989,0,0,TRUE,pair,255,3.3961288002319634,5.672648179654261,44,0,7.211764705882353,3.3961288002319634,0.339735098532401,4.396836800617166,cpu,cuda:0,0,670.44384765625,49
495,1,DDT500_num100.txt,fixed,1851,8,231.375,13.397177696228027,8.48922348022461,8.388810783799272e-06,-4.78,-0.433857857,0.20124998688697815,0.024717150256037712,0.17000000178813934,0.25,0.04510523962477843,0.05070346469680468,0.0018590505700558425,0.6527752101421356,0.0078002903397039825,0.038878741674125195,0.0003,639,161,73.47810248625062,8.510658740997314,16.680519819259644,25.191178560256958,863,0.3295762026682496,0,0,TRUE,pair,253,3.5872645002091303,5.5688816831280645,40,0,7.316205533596838,3.5872645002091303,0.3526098011061549,4.372894798521884,cpu,cuda:0,0,670.44384765625,49
496,1,DDT500_num100.txt,fixed,1819,8,227.375,9.835363388061523,8.289054870605469,7.1206973188964184e-06,-4.84,-0.443972026,0.19750000536441803,0.024366984143853188,0.17000000178813934,0.23999999463558197,0.05693052626318402,0.06245420888687173,0.0013263815231362565,0.6186874972449409,0.0050569872562644174,0.031950316650585994,0.0003,642,158,55.53324703720169,8.3101167678833,24.44503617286682,32.75515294075012,838,0.32241449842695147,0,0,TRUE,pair,239,3.4139103983761743,5.456294666220029,45,0,7.610878661087866,3.4139103983761743,0.3351897008251399,4.370306199183688,cpu,cuda:0,0,670.44384765625,49
497,1,DDT500_num100.txt,fixed,1849,8,231.125,12.383834838867188,8.747358322143555,8.183003956219181e-06,-5,-0.457706077,0.1875,0.029047375544905663,0.11999999731779099,0.2199999988079071,0.07578597705633867,0.08193222601853666,0.0013852598993772908,0.6838877513295128,0.005910829697053747,0.04014911484860238,0.0003,650,150,55.08625172467103,8.77119493484497,24.79434895515442,33.56554388999939,900,0.3634436971042305,0,0,TRUE,pair,246,3.451627398026176,5.506760406262041,48,0,7.516260162601626,3.451627398026176,0.36310999863781035,4.668952896725386,cpu,cuda:0,0,670.44384765625,51
498,1,DDT500_num100.txt,fixed,1794,8,224.25,12.949420928955078,8.192654609680176,6.793883585487492e-06,-5.24,-0.477594207,0.17249999940395355,0.02989565022289753,0.11999999731779099,0.20999999344348907,0.06609721507670151,0.07253817849171658,0.0018286752100620004,0.7355302472909292,0.008035217340673424,0.04450827771021674,0.0003,662,138,54.71644293462129,8.21743893623352,24.569780111312866,32.78721904754639,873,0.32986779778730124,0,0,TRUE,pair,238,3.4009387007681653,5.602564098311374,40,0,7.53781512605042,3.4009387007681653,0.3345423045102507,4.286442101816647,cpu,cuda:0,0,670.44384765625,49
499,1,DDT500_num100.txt,fixed,1832,8,229,14.474114418029785,8.26574420928955,9.512871656625066e-06,-4.98,-0.492773227,0.1887499988079071,0.028476964682340622,0.12999999523162842,0.23000000417232513,0.06419790865710148,0.0699521115479561,0.002626221210588343,0.706731188755769,0.006798597303993749,0.03665267274929927,0.0003,649,151,74.12385715109944,8.288472890853882,16.42691659927368,24.715389490127563,887,0.32289749977644533,0,0,TRUE,pair,245,3.4156709999078885,5.48362445050452,64,0,7.477551020408163,3.4156709999078885,0.3349552982253954,4.3448244027094916,cpu,cuda:0,0,670.44384765625,49
500,1,DDT500_num100.txt,fixed,1849,8,231.125,10.191142082214355,8.660486221313477,7.096708486642456e-06,-5,-0.509484811,0.1875,0.017853571102023125,0.1599999964237213,0.2199999988079071,0.08720769587283334,0.0933948856468002,0.0022463129678120214,0.7310344179471334,0.012769258099918563,0.05925343210498492,0.0003,650,150,67.79473523325234,8.681438207626343,18.592066049575806,27.27350425720215,876,0.3416843991726637,0,0,TRUE,pair,251,3.590480999206193,5.449432125215339,44,0,7.366533864541832,3.590480999206193,0.36949749919585884,4.520696299383417,cpu,cuda:0,0,670.44384765625,50
501,1,DDT500_num100.txt,fixed,1900,8,237.5,17.464248657226562,8.241683959960938,7.659138645976782e-06,-4.88,-0.493655197,0.19500000774860382,0.031224988400936127,0.14000000059604645,0.23999999463558197,0.026635561998073872,0.031529364785036214,0.003657954942005185,0.6722781933270968,0.007446940040188985,0.03790554225158233,0.0003,644,156,76.47478391604831,8.26575493812561,16.579035758972168,24.84479069709778,893,0.3369045997969806,0,0,TRUE,pair,258,3.3352481002220884,5.42684210388284,35,0,7.364341085271318,3.3352481002220884,0.3228681040927768,4.414175692596473,cpu,cuda:0,0,670.4443359,51
502,1,DDT500_num100.txt,fixed,1838,8,229.75,9.148087501525879,8.173482894897461,7.340814590861555e-06,-4.94,-0.474218231,0.1912499964237213,0.01763341948390007,0.1599999964237213,0.2199999988079071,0.06412567694981892,0.06970578773568074,0.0021790379929977157,0.666962797443072,0.00640346576498511,0.036963112109030284,0.0003,647,153,76.06672374188966,8.193958520889282,15.969038248062134,24.162996768951416,883,0.41359440237283707,0,0,TRUE,pair,243,3.274751500110142,5.5092491833766735,35,0,7.563786008230453,3.274751500110142,0.3261372980196029,4.405445298412815,cpu,cuda:0,0,670.44384765625,51
503,1,DDT500_num100.txt,fixed,1818,8,227.25,4.96865177154541,8.129313468933105,5.662127477989998e-06,-5.06,-0.45069789,0.1837500035762787,0.017275342717766762,0.1599999964237213,0.2199999988079071,0.0264006361953522,0.03140129384241606,0.0027592246218486444,0.6380270186223482,0.00991660502959827,0.047741069997611796,0.0003,653,147,57.28719704008767,8.150390625,23.58444881439209,31.73483943939209,870,0.3273991014575586,0,0,TRUE,pair,235,3.3194590996718034,5.484048404184767,44,0,7.736170212765957,3.3194590996718034,0.3278320977697149,4.315216600778513,cpu,cuda:0,0,670.44384765625,50
504,1,DDT500_num100.txt,fixed,1878,8,234.75,11.442792892456055,8.446891784667969,7.340814590861555e-06,-4.58,-0.383974279,0.21375000476837158,0.020577598363161087,0.1899999976158142,0.25,0.062984465243062,0.06793560714140767,0.0021530610392801464,0.6027670800685883,0.010666310629858344,0.04267699067713693,0.0003,629,171,71.7183043639073,8.469465017318726,17.716318607330322,26.185783624649048,870,0.3226791985798627,0,0,TRUE,pair,249,3.5698221003403887,5.45473908540159,36,0,7.542168674698795,3.5698221003403887,0.33567789988592267,4.372737002326176,cpu,cuda:0,0,670.4443359,50
505,1,DDT500_num100.txt,fixed,1866,8,233.25,11.51900577545166,8.49145221710205,5.712103302357718e-06,-4.6,-0.397842928,0.21249999105930328,0.021065376698970795,0.1899999976158142,0.25,-0.06496026,-0.059644842,0.002009111262547473,0.6319975217183431,0.009914724080711796,0.04164165978630384,0.0003,630,170,72.13871079043527,8.511780261993408,17.355052947998047,25.866833209991455,875,0.3288369008805603,0,0,TRUE,pair,248,3.5785457994788885,5.731511255935841,64,0,7.524193548387097,3.5785457994788885,0.3418560023419559,4.398529101512395,cpu,cuda:0,0,670.4443359,49
506,1,DDT500_num100.txt,fixed,1879,8,234.875,13.642190933227539,8.592029571533203,8.6949266915326e-06,-4.66,-0.407643191,0.20875000953674316,0.027128169313073158,0.1599999964237213,0.23999999463558197,-0.028316309,-0.022811606,0.0016053560705456351,0.6307378049407687,0.006178810949287643,0.033673467513706,0.0003,633,167,75.23846548455299,8.612857103347778,16.360068321228027,24.97392773628235,888,0.3479277975857258,0,0,TRUE,pair,262,3.5285982994828373,5.512506653236036,36,0,7.17175572519084,3.5285982994828373,0.3339139014715329,4.553629198111594,cpu,cuda:0,0,670.4443359,50
507,1,DDT500_num100.txt,fixed,1859,8,232.375,5.872339725494385,8.62795639038086,5.299117674439913e-06,-4.84,-0.42015466,0.19749999046325684,0.010897246189415455,0.18000000715255737,0.2199999988079071,-0.177854893,-0.172433516,0.0014292345828531932,0.6135996679464976,0.011493129549004758,0.04796400425645212,0.0003,642,158,83.37339327985661,8.648823738098145,13.648457527160645,22.29728126525879,883,0.42840200173668563,0,0,TRUE,pair,243,3.564367799088359,5.589564282897982,44,0,7.650205761316872,3.564367799088359,0.34754889959003776,4.539212399511598,cpu,cuda:0,0,670.4443359,49
508,1,DDT500_num100.txt,fixed,1863,8,232.875,11.794464111328125,8.347949028015137,6.75191995469504e-06,-4.72,-0.409264943,0.20500001311302185,0.023979155346751213,0.17000000178813934,0.25,-0.04482809,-0.039652942,0.0014952153471919397,0.5922752976417541,0.008712887146975845,0.03667693510651589,0.0003,636,164,74.23166222039184,8.36986756324768,16.727239847183228,25.097107410430908,849,0.33086849946994334,0,0,TRUE,pair,251,3.43408640101552,5.4455179802141584,38,0,7.422310756972111,3.43408640101552,0.33370899979490787,4.407696002628654,cpu,cuda:0,0,670.4443359,48
509,1,DDT500_num100.txt,fixed,1880,8,235,10.392304420471191,8.554676055908203,6.0785050663980655e-06,-4.84,-0.440605639,0.19750002026557922,0.022776082158088684,0.17000000178813934,0.25,-0.178528997,-0.17379037,0.0013409518481542666,0.5409107208251953,0.01944560962874675,0.013786213782926401,0.0003,642,158,158.11762879006827,8.577604055404663,3.3122782707214355,11.889882326126099,882,0.33284870022907853,0,0,TRUE,pair,256,3.5754804994212463,5.621808509623751,50,0,7.34375,3.5754804994212463,0.3382732995087281,4.46687470166944,cpu,cuda:0,0,533.32861328125,51
510,1,DDT500_num100.txt,fixed,1808,8,226,13.592277526855469,8.185386657714844,4.2649612623790745e-06,-4.86,-0.430732603,0.19624999165534973,0.029973948374390602,0.12999999523162842,0.23000000417232513,-0.084646894,-0.079160624,0.001771017859157707,0.6371781315122332,0.010904571456887339,0.05895759568860134,0.0003,643,157,55.44710032047047,8.20712399482727,24.400532484054565,32.607656478881836,872,0.3253193001728505,0,0,TRUE,pair,236,3.33740850049071,5.549225661475046,44,0,7.661016949152542,3.33740850049071,0.3267848000396043,4.354628499248065,cpu,cuda:0,0,670.44384765625,50
511,1,DDT500_num100.txt,fixed,1877,8,234.625,5.872339725494385,8.503897666931152,6.003226644679671e-06,-4.66,-0.417022784,0.20875000953674316,0.01615355908870697,0.18000000715255737,0.23000000417232513,-0.000586533,0.004942541225598409,0.001626701309130742,0.6342426309218774,0.010723492360669367,0.049620100476134285,0.0003,633,167,76.15683994896325,8.523754119873047,16.122751712799072,24.64650583267212,906,0.33312300068791956,0,0,TRUE,pair,243,3.4526188012678176,5.511454448842215,44,0,7.724279835390947,3.4526188012678176,0.3586608008481562,4.511331698275171,cpu,cuda:0,0,670.4443359,49
512,1,DDT500_num100.txt,fixed,1824,8,228,11.7366943359375,8.678959846496582,8.409115253016353e-06,-4.76,-0.414903752,0.20250001549720764,0.023318445309996605,0.17000000178813934,0.23999999463558197,-0.014047885,-0.008731648,0.0011442711343988775,0.5888374328613282,0.013333316639182158,0.020093924924731256,0.0003,638,162,115.82486711853502,8.699804782867432,7.048108816146851,15.747913599014282,872,0.40238859970122576,0,0,TRUE,pair,243,3.634533800301142,5.45394737364953,36,0,7.506172839506172,3.634533800301142,0.37175109749659896,4.492412995547056,cpu,cuda:0,0,670.44384765625,51
513,1,DDT500_num100.txt,fixed,1901,8,237.625,8.543088912963867,8.378767967224121,7.696157808823045e-06,-4.68,-0.422817555,0.20750001072883606,0.023848479613661766,0.17000000178813934,0.23999999463558197,0.09049187707049507,0.0958682085786547,0.0013679881147774203,0.6060327674661364,0.010747982758662797,0.03778202272951603,0.0003,634,166,74.10816042987085,8.403420686721802,17.24827527999878,25.65169596672058,903,0.33089589851442724,0,0,TRUE,pair,251,3.3777197001036257,5.377695950378185,35,0,7.573705179282869,3.3777197001036257,0.3271513005020097,4.504198097973131,cpu,cuda:0,0,670.4443359,50
514,1,DDT500_num100.txt,fixed,1935,8,241.875,8.781194686889648,8.449049949645996,5.9269918892823625e-06,-4.62,-0.400550399,0.21125000715255737,0.010532686486840248,0.20000000298023224,0.23000000417232513,0.16036537289619446,0.16651735454797745,0.0011095063091488555,0.6706733852624893,0.015950409482684336,0.027490630745887756,0.0003,631,169,129.79573189995986,8.472196102142334,6.43584418296814,14.908040285110474,902,0.333833098760806,0,0,TRUE,pair,258,3.417853201040998,5.309560722528502,30,0,7.5,3.417853201040998,0.3275048015639186,4.5313321992289275,cpu,cuda:0,0,670.4462891,50
515,1,DDT500_num100.txt,fixed,1912,8,239,9.797959327697754,8.199487686157227,6.217195732460823e-06,-4.72,-0.414908406,0.20500001311302185,0.02645750716328621,0.18000000715255737,0.25999999046325684,0.005176095025879996,0.010633589965956551,0.001076106763710933,0.5995549431868962,0.02140002318265033,0.01813290667321001,0.0003,636,164,109.38387111958284,8.22218108177185,9.257544040679932,17.479725122451782,924,0.3375450000166893,0,0,TRUE,pair,255,3.296095799654722,5.331066944484431,36,0,7.4980392156862745,3.296095799654722,0.319723499356769,4.41480890288949,cpu,cuda:0,0,670.4443359,49
516,1,DDT500_num100.txt,fixed,1944,8,243,8.246211051940918,8.9303617477417,7.144605660869274e-06,-4.7,-0.42743724,0.20625001192092896,0.026427965611219406,0.17000000178813934,0.25,0.010594424392495836,0.015985181289059774,0.0015799595525355212,0.6180734506675175,0.014447977982074787,0.019398843137813464,0.0003,635,165,110.26764012695078,8.952386379241943,8.677445888519287,17.62983226776123,926,0.432206500088796,0,0,TRUE,pair,253,3.719277899363078,5.432613167375203,33,0,7.683794466403162,3.719277899363078,0.3401388986967504,4.670491902390495,cpu,cuda:0,0,670.4462891,50
517,1,DDT500_num100.txt,fixed,1921,8,240.125,8.823796272277832,8.587909698486328,6.16209399595391e-06,-4.54,-0.40972996,0.2162500023841858,0.014086785726249218,0.1899999976158142,0.23999999463558197,0.06439970103092492,0.0703622636385262,0.001126114116050303,0.6525620073080063,0.00888262059306726,0.030498926155269147,0.0003,627,173,86.33516920508438,8.610756635665894,13.639735460281372,22.250492095947266,872,0.3383469010004774,0,0,TRUE,pair,250,3.534382300102152,5.47943779269213,35,0,7.684,3.534382300102152,0.3302991009550169,4.526542101521045,cpu,cuda:0,0,670.4462891,50
518,1,DDT500_num100.txt,fixed,1893,8,236.625,8.543088912963867,8.939483642578125,7.184276000771206e-06,-4.8,-0.424256515,0.20000001788139343,0.014142134226858616,0.18000000715255737,0.2199999988079071,-0.019276624,-0.013968654,0.0014027487015396002,0.6009343181337629,0.00952411467386853,0.04959386241223131,0.0003,640,160,55.3210559663939,8.961845397949219,25.256590366363525,34.218435764312744,894,0.3540800982154906,0,0,TRUE,pair,250,3.7261436994886026,5.331220285891227,39,0,7.572,3.7261436994886026,0.3595778002636507,4.648651903728023,cpu,cuda:0,0,670.4443359,49
519,1,DDT500_num100.txt,fixed,1939,8,242.375,9.923929214477539,9.03129768371582,6.951036539248889e-06,-4.7,-0.431617098,0.20624999701976776,0.017275342717766762,0.17000000178813934,0.23000000417232513,0.020366185090758583,0.02584903754971244,0.0011940716649405658,0.6079889508810911,0.012133631003300914,0.03797465349039571,0.0003,635,165,82.92583983138293,9.052594184875488,14.32974362373352,23.38233780860901,908,0.43156179843936116,0,0,TRUE,pair,260,3.8211889982922003,5.308406395417873,35,0,7.457692307692308,3.8211889982922003,0.369598601013422,4.6437828979687765,cpu,cuda:0,0,670.4462891,49
520,1,DDT500_num100.txt,fixed,1932,8,241.5,12.257650375366211,9.075119018554688,5.621827313007088e-06,-4.5,-0.435167782,0.2187500149011612,0.025217797607183456,0.18000000715255737,0.25,-0.086116498,-0.081149662,0.001466085111522781,0.5699879739965711,0.00793093973646007,0.05208926568073886,0.0003,625,175,54.97250693323285,9.09881854057312,26.046022176742554,35.144840717315674,885,0.4147741977358237,0,0,TRUE,pair,256,3.7880513998679817,5.306418222917039,44,0,7.546875,3.7880513998679817,0.4111407999880612,4.678684200160205,cpu,cuda:0,0,670.4462891,49
521,1,DDT500_num100.txt,fixed,1928,8,241,17.72709846496582,9.064033508300781,8.141218131640926e-06,-4.24,-0.393215019,0.23499999940395355,0.03240370377898216,0.18000000715255737,0.28999999165534973,0.019299446520480244,0.024243196303194218,0.0013867129243656316,0.5637104565447028,0.01964599211615595,0.07251606526022608,0.0003,612,188,91.0005788886917,9.09306526184082,12.093613147735596,21.186678409576416,888,0.4202853983733803,0,0,TRUE,pair,260,3.6844663000665605,5.439315351831468,36,0,7.415384615384616,3.6844663000665605,0.3743451959453523,4.816657603369094,cpu,cuda:0,0,670.4462891,49
522,1,DDT500_num100.txt,fixed,1865,8,233.125,12.159744262695312,8.352938652038574,1.6064530427684076e-05,-4.78,-0.423499239,0.20125001668930054,0.024717148393392563,0.17000000178813934,0.23000000417232513,-0.035271657,-0.02984495,0.0012702599364834337,0.6061842785431788,0.006986842813113561,0.04291995141941767,0.0003,639,161,74.37828224589339,8.375585079193115,16.698938608169556,25.07452368736267,872,0.32947209966368973,0,0,TRUE,pair,251,3.489101698389277,5.254155495083683,36,0,7.430278884462151,3.489101698389277,0.33167699887417257,4.3600019994191825,cpu,cuda:0,0,670.4443359,49
523,1,DDT500_num100.txt,fixed,1891,8,236.375,19.163360595703125,8.321738243103027,9.696340384834912e-06,-4.82,-0.411806474,0.19875000417232513,0.02934173308312893,0.1599999964237213,0.23999999463558197,-0.006107314,0.0005415007472038269,0.0021601675543934107,0.7728894591331482,0.010782617283985019,0.0568504698574543,0.0003,641,159,129.74749574372376,8.344082117080688,6.230380296707153,14.574462413787842,885,0.33155699993949383,0,0,TRUE,pair,279,3.353870900697075,5.419354840726968,40,0,6.777777777777778,3.353870900697075,0.3282424012431875,4.468542703078128,cpu,cuda:0,0,670.4443359,49
524,1,DDT500_num100.txt,fixed,1876,8,234.5,12.932517051696777,8.666540145874023,8.028725460462738e-06,-4.62,-0.415057911,0.21125000715255737,0.03139963746070862,0.17000000178813934,0.25999999046325684,-0.009291076,-0.003816002,0.002046545131107498,0.6498345936599531,0.01006652006732398,0.05592601736517329,0.0003,631,169,56.55656474936104,8.687909603118896,24.48242188,33.1703314781189,895,0.3338693003170192,0,0,TRUE,pair,250,3.6713332001818344,5.4376332611163285,42,0,7.504,3.6713332001818344,0.3693065996048972,4.445805003866553,cpu,cuda:0,0,670.4443359,51
525,1,DDT500_num100.txt,fixed,1889,8,236.125,15.663951873779297,8.321667671203613,8.252176485257223e-06,-4.86,-0.414493081,0.19625000655651093,0.025464437901973724,0.1599999964237213,0.23000000417232513,0.1166843187995255,0.12294130688533186,0.002807789039798081,0.7660878300666809,0.019251103803981096,0.05638104612007737,0.0003,643,157,124.457269487356,8.3437659740448,6.834134101867676,15.177900075912476,897,0.34630439954344183,0,0,TRUE,pair,267,3.3295789003605023,5.480677604927721,50,0,7.074906367041199,3.3295789003605023,0.330538397654891,4.488525998545811,cpu,cuda:0,0,670.4443359,49
526,1,DDT500_num100.txt,fixed,1842,8,230.25,12.636752128601074,8.437816619873047,7.200083018688019e-06,-4.86,-0.434530526,0.19625000655651093,0.01576189696788788,0.17000000178813934,0.2199999988079071,0.04819181561470032,0.05323719512671232,0.0037313641878427006,0.6911060474812984,0.011614305651164614,0.05002764076925814,0.0003,643,157,109.60258881958563,8.458595514297485,8.34757685661316,16.806172370910645,873,0.3375022999243811,0,0,TRUE,pair,258,3.4850363994482905,5.469598264311087,72,0,7.1395348837209305,3.4850363994482905,0.3528134000953287,4.4223840973572806,cpu,cuda:0,0,670.44384765625,49
527,1,DDT500_num100.txt,fixed,1832,8,229,2.2360680103302,8.264963150024414,3.79976677322702e-06,-4.92,-0.398923608,0.19249999523162842,0.021065372973680496,0.1599999964237213,0.2199999988079071,0.03391986414790153,0.039770229160785674,0.001832179125631228,0.6766453325748444,0.011878605408128351,0.05431431708857417,0.0003,646,154,86.47198117215939,8.28585696220398,12.900196313858032,21.18605327606201,850,0.32878080382943153,0,0,TRUE,pair,233,3.4116053007310256,5.484716157465522,44,0,7.8626609442060085,3.4116053007310256,0.33666989603079855,4.34483830339741,cpu,cuda:0,0,670.44384765625,49
528,1,DDT500_num100.txt,fixed,1905,8,238.125,6.584783554077148,8.645176887512207,5.61170691071311e-06,-4.52,-0.395305728,0.2175000160932541,0.022776080295443535,0.18000000715255737,0.25,0.048537228204723865,0.05387414267493619,0.001825039740651846,0.6249431868394216,0.009377548597209776,0.03489408807622062,0.0003,626,174,104.62661546404632,8.664973974227905,9.542630195617676,18.20760416984558,869,0.3207882014103234,0,0,TRUE,pair,252,3.594197199330665,5.141732283089104,36,0,7.559523809523809,3.594197199330665,0.36181329970713705,4.511047199368477,cpu,cuda:0,0,670.4443359,50
529,1,DDT500_num100.txt,fixed,1863,8,232.875,12.424144744873047,8.160722732543945,7.294205715879798e-06,-4.6,-0.397784665,0.21250000596046448,0.01854049414396286,0.1899999976158142,0.23999999463558197,0.05194457876496017,0.057404469698667526,0.0017509931058157235,0.6335385292768478,0.014659461002641669,0.04927505413070321,0.0003,630,170,78.94010249661225,8.182790756225586,15.417381286621094,23.60017204284668,865,0.3904163002735004,0,0,TRUE,pair,260,3.2646035000216216,5.417069243540126,64,0,7.165384615384616,3.2646035000216216,0.3277265976648778,4.4020353017840534,cpu,cuda:0,0,670.4443359,50
530,1,DDT500_num100.txt,fixed,1892,8,236.5,12.328827857971191,8.340885162353516,7.67396795708919e-06,-4.72,-0.409236097,0.20499999821186066,0.02179449424147606,0.17000000178813934,0.25,0.02206110276959159,0.02753351628780365,0.0012865704695948145,0.6115698678926988,0.01001333668351766,0.03728812797503038,0.0003,636,164,85.72221171647976,8.361814498901367,13.70947790145874,22.071292400360107,878,0.33772890002001077,0,0,TRUE,pair,252,3.409773599705659,5.221458774036384,40,0,7.507936507936508,3.409773599705659,0.3300626005511731,4.429291499545798,cpu,cuda:0,0,670.4443359,49
531,1,DDT500_num100.txt,fixed,1849,8,231.125,11.01632308959961,8.475629806518555,8.354862075066194e-06,-4.74,-0.415356406,0.20374999940395355,0.01996089704334736,0.17000000178813934,0.23999999463558197,0.02403657424908418,0.029359800884356864,0.001694565719495026,0.617051369868792,0.012357966599385971,0.05852441998341909,0.0003,637,163,76.31854220897826,8.499083042144775,15.728318929672241,24.227401971817017,867,0.3410610017599538,0,0,TRUE,pair,249,3.433596698916517,5.487831260011672,44,0,7.42570281124498,3.433596698916517,0.3355399010470137,4.532710296451114,cpu,cuda:0,0,670.44384765625,49
532,1,DDT500_num100.txt,fixed,1816,8,227,7.035623550415039,8.810548782348633,6.125084382802015e-06,-4.9,-0.47078896,0.19374999403953552,0.014086781069636345,0.17000000178813934,0.20999999344348907,-0.029510625,-0.024288666,0.0019069904907761763,0.6175452073415121,0.012339329895136567,0.06102910513679186,0.0003,645,155,109.10216849849904,8.831678628921509,7.813270092010498,16.644948720932007,869,0.3467912001069635,0,0,TRUE,pair,239,3.7629866001661867,5.478524227630724,35,0,7.598326359832636,3.7629866001661867,0.3919319005217403,4.469297600793652,cpu,cuda:0,0,670.44384765625,50
533,1,DDT500_num100.txt,fixed,1871,8,233.875,10.240086555480957,8.269177436828613,5.946142209722893e-06,-4.68,-0.480155858,0.20750001072883606,0.02487468719482422,0.1599999964237213,0.23999999463558197,-0.003812896,0.0015809658914804458,0.0020224469364620743,0.640508508682251,0.006522418826352805,0.02738588475622237,0.0003,634,166,84.40319868471333,8.289729118347168,13.877677202224731,22.1674063205719,878,0.34263300034217536,0,0,TRUE,pair,250,3.3372325006639585,5.347942276220153,48,0,7.484,3.3372325006639585,0.3285569006111473,4.431982303620316,cpu,cuda:0,0,670.4443359,50
534,1,DDT500_num100.txt,fixed,1859,8,232.375,10.769604682922363,8.341897010803223,7.501665550080361e-06,-4.74,-0.457303777,0.20375001430511475,0.02117634192109108,0.17000000178813934,0.23000000417232513,-0.002298831,0.0032113786372873518,0.0021027284933047164,0.656157374382019,0.011581374196490893,0.037616611561841436,0.0003,637,163,87.67730515801166,8.362618684768677,12.840131521224976,21.202750205993652,875,0.33242420002352446,0,0,TRUE,pair,254,3.4057626008288935,5.383539538155197,40,0,7.318897637795276,3.4057626008288935,0.3269466026686132,4.439794701873325,cpu,cuda:0,0,670.4443359,49
535,1,DDT500_num100.txt,fixed,1895,8,236.875,9.373332977294922,8.90367317199707,6.633008979406441e-06,-4.88,-0.498603179,0.19500000774860382,0.027838820591568947,0.15000000596046448,0.23000000417232513,0.013114790490362793,0.01857251999899745,0.0016845854042912833,0.6300023030489683,0.010093323355249595,0.04767765908036381,0.0003,644,156,71.83225661699322,8.925696849822998,17.455209016799927,26.380905866622925,887,0.35523420153185725,0,0,TRUE,pair,251,3.7311912002041936,5.126121370270258,35,0,7.549800796812749,3.7311912002041936,0.3512712016236037,4.639799395343289,cpu,cuda:0,0,670.4443359,49
536,1,DDT500_num100.txt,fixed,1850,8,231.25,7.224091529846191,8.534090042114258,5.5094815252232365e-06,-4.9,-0.533594469,0.19374999403953552,0.023418741300702095,0.1599999964237213,0.2199999988079071,-0.066770884,-0.061210496,0.002012464334256947,0.6566621363162994,0.007633409034627091,0.04727409886462348,0.0003,645,155,54.77424308134144,8.555415153503418,25.219583749771118,33.774998903274536,866,0.33646910008974373,0,0,TRUE,pair,239,3.5391916004009545,5.271891890087643,32,0,7.7405857740585775,3.5391916004009545,0.3717834958806634,4.44011329615023,cpu,cuda:0,0,670.44384765625,49
537,1,DDT500_num100.txt,fixed,1872,8,234,13.527749061584473,8.461055755615234,7.3330670602445025e-06,-4.82,-0.52727684,0.19875000417232513,0.041963525116443634,0.15000000596046448,0.27000001072883606,0.08432923334961136,0.08926824852824211,0.002306990480671326,0.609251044690609,0.010794469999382272,0.04796667109864453,0.0003,641,159,79.01096343008261,8.485814094543457,15.20710039138794,23.692914485931396,874,0.327238499536179,0,0,TRUE,pair,250,3.5253516994416714,5.262820512820513,32,0,7.488,3.5253516994416714,0.3491388950496912,4.411255103419535,cpu,cuda:0,0,670.4443359,49
538,1,DDT500_num100.txt,fixed,1888,8,236,14.991663932800293,9.158562660217285,7.262967301358003e-06,-4.68,-0.537015097,0.20749999582767487,0.022776084020733833,0.17000000178813934,0.23999999463558197,0.046373714777556335,0.05076798593456095,0.0038895416390997443,0.6339045763015747,0.010901401972990821,0.047492447309195995,0.0003,634,166,78.59040617659764,9.179414510726929,14.843873977661133,24.02328848838806,890,0.3524007012601942,0,0,TRUE,pair,253,3.7583224000409245,5.318855930688017,36,0,7.462450592885376,3.7583224000409245,0.39248750102706254,4.813634001533501,cpu,cuda:0,0,670.4443359,49
539,1,DDT500_num100.txt,fixed,1755,8,219.375,8.957364082336426,7.768610954284668,6.987739197938936e-06,-5.22,-0.568304705,0.17374999821186066,0.014086786657571793,0.1599999964237213,0.20000000298023224,0.08259001068977846,0.08712644929376741,0.0026749417366873887,0.5873908499876658,0.00962099709108265,0.0459589348692033,0.0003,661,139,94.83747498004111,7.789302110671997,10.716040849685669,18.505342960357666,835,0.30172970227431506,0,0,TRUE,pair,232,3.1934999022632837,5.585185184641781,50,0,7.564655172413793,3.1934999022632837,0.3199821999296546,4.095600595930591,cpu,cuda:0,0,670.44189453125,50
540,1,DDT500_num100.txt,fixed,1859,8,232.375,11.947149276733398,8.103612899780273,7.325311344175134e-06,-4.86,-0.549890435,0.19624999165534973,0.035685256123542786,0.15000000596046448,0.27000001072883606,-0.017146141,-0.013112893,0.004687049381363277,0.6376770322139447,0.009802721304227956,0.05357551001585447,0.0003,643,157,75.14008747430061,8.124263048171997,16.61619257926941,24.740455627441406,871,0.41534459963440895,0,0,TRUE,pair,251,3.218618900049478,5.44593867965768,40,0,7.4063745019920315,3.218618900049478,0.31763460021466017,4.399372800602578,cpu,cuda:0,0,670.4443359,50
541,1,DDT500_num100.txt,fixed,1824,8,228,9.433980941772461,7.988373279571533,7.769665899104439e-06,-4.86,-0.564676857,0.19625002145767212,0.020577596500515938,0.1599999964237213,0.2199999988079071,0.10822493067154518,0.11302655648726684,0.0033323037205263972,0.6467774533308469,0.014008425310469018,0.04390335369568605,0.0003,643,157,75.57663678678264,8.014575719833374,16.119866847991943,24.134442567825317,873,0.3278088014340028,0,0,TRUE,pair,239,3.1472724991617724,5.558662276518972,45,0,7.631799163179917,3.1472724991617724,0.31560479884501547,4.361548695131205,cpu,cuda:0,0,670.44384765625,50
542,1,DDT500_num100.txt,fixed,1776,8,222,17.298843383789062,8.01733112335205,9.153534847428091e-06,-5.16,-0.529205932,0.17750000953674316,0.029047375544905663,0.14000000059604645,0.23000000417232513,0.11693676747381687,0.12065589365859826,0.006649169372394681,0.7043709978461266,0.00867082895031975,0.03491130432424446,0.0003,658,142,74.74864262348986,8.039746046066284,15.719381093978882,23.759628772735596,846,0.324121302110143,0,0,TRUE,pair,246,3.3200873997993767,5.622747748284726,40,0,7.219512195121951,3.3200873997993767,0.3277597007108852,4.201966502587311,cpu,cuda:0,0,670.44189453125,50
543,1,DDT500_num100.txt,fixed,1715,8,214.375,14.404317855834961,7.743315696716309,2.4805272914818488e-05,-5.44,-0.522108323,0.1599999964237213,0.036400552839040756,0.10999999940395355,0.2199999988079071,0.14353881693548626,0.14597459137439728,0.010003252575794855,0.7437400188710954,0.019662773779903848,0.058097695000469685,0.0003,672,128,80.91032378475995,7.763970851898193,13.432335376739502,21.196306228637695,838,0.3232776006916538,0,0,TRUE,pair,230,3.1357314991764724,5.765014577398495,52,0,7.456521739130435,3.1357314991764724,0.31193080078810453,4.138580801314674,cpu,cuda:0,0,670.4414063,50
544,1,DDT500_num100.txt,fixed,1708,8,213.5,15.378556251525879,8.096128463745117,7.725644536549225e-06,-5.52,-0.624709423,0.1550000011920929,0.031224990263581276,0.10999999940395355,0.2199999988079071,0.033455402590334415,0.03835253091529012,0.004769353115989361,0.7281804792582989,0.010614390688715503,0.04724837077083066,0.0003,676,124,49.45130452732484,8.117836236953735,26.421191930770874,34.53902816772461,834,0.33982860064134,0,0,TRUE,pair,235,3.3704739994136617,5.776932080540221,36,0,7.268085106382979,3.3704739994136617,0.3298143018037081,4.2277392006944865,cpu,cuda:0,0,670.4414063,50
545,1,DDT500_num100.txt,fixed,1696,8,212,10.793516159057617,12.41400146484375,2.9338081731111743e-05,-5.3,-0.612182373,0.16874998807907104,0.025708701461553574,0.15000000596046448,0.2199999988079071,0.12191995962833364,0.12787547485075063,0.002256332023534924,0.708368385831515,0.012401933662153574,0.06008065559176935,0.0003,665,135,46.70187363250391,12.452727794647217,23.86273169517517,36.31545948982239,820,0.4733050016220659,0,0,TRUE,pair,232,4.201496499590576,5.839622642774627,60,0,7.310344827586207,4.201496499590576,0.4918851018883288,7.467780700419098,cpu,cuda:0,0,670.4414063,49
546,1,DDT500_num100.txt,fixed,1811,8,226.375,14.789670944213867,8.163061141967773,8.14819668448763e-06,-5.16,-0.597784418,0.17749999463558197,0.033819373697042465,0.10999999940395355,0.23000000417232513,0.19623630162742403,0.20212587176097763,0.0036393445399072436,0.7709240863720576,0.006591571187729844,0.04849508640149401,0.0003,658,142,54.01924622065056,8.184421300888062,25.340667009353638,33.5250883102417,840,0.3331718996632844,0,0,TRUE,pair,251,3.373073799419217,5.510215344052496,40,0,7.2151394422310755,3.373073799419217,0.3405441016657278,4.275807798258029,cpu,cuda:0,0,670.44384765625,50
547,1,DDT500_num100.txt,fixed,1662,8,207.75,9.051933288574219,7.859522342681885,8.594651262683328e-06,-5.52,-0.593372562,0.1550000011920929,0.02121320366859436,0.11999999731779099,0.1899999976158142,0.1468343809247017,0.15341457990663393,0.0028753035252780785,0.8017851540020534,0.00726872860936315,0.02632296218403748,0.0003,676,124,64.52053910846588,7.8823676109313965,17.876871585845947,25.759239196777344,831,0.33129689760971814,0,0,TRUE,pair,222,3.269075200194493,5.802647411608094,40,0,7.486486486486487,3.269075200194493,0.3368541009258479,4.086749300244264,cpu,cuda:0,0,670.4394531,50
548,1,DDT500_num100.txt,fixed,1666,8,208.25,12.803808212280273,7.751346588134766,8.452939255221281e-06,-5.7,-0.598809623,0.14374999701976776,0.019960900768637657,0.10999999940395355,0.17000000178813934,0.2915789918466048,0.29759323596954346,0.004392636537721211,0.8210564851760864,0.007920170209465803,0.032677240246398884,0.0003,685,115,79.82046076453898,7.7751758098602295,13.096665620803833,20.871841430664062,817,0.31747099687345326,0,0,TRUE,pair,228,3.2429019000846893,5.8529411761843715,40,0,7.307017543859649,3.2429019000846893,0.3166140018729493,4.030069900210947,cpu,cuda:0,0,670.4414063,51
549,1,DDT500_num100.txt,fixed,1696,8,212,14.645818710327148,7.630763053894043,7.847919732739683e-06,-5.84,-0.638152623,0.13500000536441803,0.027838822454214096,0.09000000357627869,0.17000000178813934,0.27316604885790086,0.2790237358874745,0.005761156511855208,0.8738271494706472,0.005772179613510768,0.05416469710568587,0.0003,692,108,54.383175322170835,7.650928735733032,23.535187005996704,31.186115741729736,856,0.3376649001147598,0,0,TRUE,pair,236,3.0094586996128783,5.773584906644416,40,0,7.186440677966102,3.0094586996128783,0.30239320010878146,4.159298501792364,cpu,cuda:0,0,670.4414063,50
550,1,DDT500_num100.txt,fixed,1735,8,216.875,13.914358139038086,7.901831150054932,1.246863030246459e-05,-5.5,-0.646701458,0.15625,0.03351771831512451,0.10999999940395355,0.20999999344348907,0.21686099138524798,0.22283642242352167,0.004303746869684094,0.812730160024431,0.0077985979846238885,0.0561544090612895,0.0003,675,125,54.85396327169959,7.9320714473724365,23.696369171142578,31.62943744659424,849,0.32349119835998863,0,0,TRUE,pair,240,3.2964723990298808,5.576945242758099,35,0,7.229166666666667,3.2964723990298808,0.31752170028630644,4.124988200026564,cpu,cuda:0,0,670.44189453125,51
551,1,DDT500_num100.txt,fixed,1697,8,212.125,16.197511672973633,7.665992736816406,9.014303032017779e-06,-5.72,-0.629060367,0.14250001311302185,0.036314595490694046,0.10000000149011612,0.20999999344348907,0.1839367849752307,0.18886023946106434,0.006521306320792064,0.818410899490118,0.00994333999187802,0.058160657703410834,0.0003,686,114,55.8419385907767,7.68738317489624,22.70196294784546,30.3893461227417,826,0.32949979847762734,0,0,TRUE,pair,239,3.119715301436372,5.5945786657091725,45,0,7.100418410041841,3.119715301436372,0.3116059012245387,4.074224602780305,cpu,cuda:0,0,670.4414063,50
552,1,DDT500_num100.txt,fixed,1742,8,217.75,11.765946388244629,8.265172958374023,7.75502030592179e-06,-5.58,-0.549133179,0.15125000476837158,0.010532686486840248,0.14000000059604645,0.17000000178813934,0.10953810811042786,0.11335354381137425,0.008938251114967797,0.8284561898973253,0.008086132939853188,0.03371924544788069,0.0003,679,121,77.18074696298136,8.29646921157837,14.273926496505737,22.570395708084106,855,0.402842900599353,0,0,TRUE,pair,236,3.473050599684939,5.70895522086957,64,0,7.38135593220339,3.473050599684939,0.330759497359395,4.29508549743332,cpu,cuda:0,0,670.44189453125,50
553,1,DDT500_num100.txt,fixed,1633,8,204.125,15.495463371276855,7.247661590576172,8.398968930123374e-06,-6.08,-0.574031577,0.12000000476837158,0.023979155346751213,0.09000000357627869,0.1599999964237213,0.18258502999217147,0.19011946727469978,0.0021003741615762315,0.8584628105163574,0.00525021259414239,0.04158493767802914,0.0003,704,96,53.533636901969196,7.268265247344971,23.235920429229736,30.504185676574707,819,0.3199519992340356,0,0,TRUE,pair,233,2.915922499494627,5.966932023440266,48,0,7.008583690987124,2.915922499494627,0.2968153973342851,3.880851399851963,cpu,cuda:0,0,670.4394531,50
554,1,DDT500_num100.txt,fixed,1674,8,209.25,9.148087501525879,7.88599967956543,6.568421213160036e-06,-5.7,-0.52060435,0.14374999701976776,0.033142685890197754,0.10999999940395355,0.20000000298023224,0.16084806869427362,0.1672889350189103,0.00435341112056954,0.8617570069101121,0.005718011722718883,0.04776839115139511,0.0003,685,115,54.520231414237166,7.907861948013306,22.79633641242981,30.704198360443115,837,0.3187025988008827,0,0,TRUE,pair,222,3.2874636008637026,5.908602151107332,56,0,7.54054054054054,3.2874636008637026,0.3364716998767108,4.029248300590552,cpu,cuda:0,0,670.4414063,52
555,1,DDT500_num100.txt,fixed,1702,8,212.75,9.024272918701172,7.854560852050781,6.5749081841204315e-06,-5.98,-0.57265543,0.1262499988079071,0.011110244318842888,0.10999999940395355,0.15000000596046448,0.16647574154748804,0.17397284827062062,0.002652580872000683,0.8823396109399342,0.004583908570653182,0.05097406810992176,0.0003,699,101,53.11879899860793,7.8750224113464355,24.166364669799805,32.04138708114624,854,0.3365364004857838,0,0,TRUE,pair,224,3.1584181014914066,5.668037599458257,40,0,7.598214285714286,3.1584181014914066,0.30888799752574414,4.2247836999595165,cpu,cuda:0,0,670.4414063,51
556,1,DDT500_num100.txt,fixed,1707,8,213.375,13.828751564025879,7.943909645080566,7.444617949659005e-06,-5.7,-0.563537963,0.14375001192092896,0.030388113111257553,0.10000000149011612,0.1899999976158142,0.11536040258678523,0.12192562561143529,0.003385984254154292,0.825821421363137,0.017413713270798326,0.06359286860308865,0.0003,685,115,81.9662114077707,7.964020013809204,12.861634492874146,20.82565450668335,848,0.3240903001278639,0,0,TRUE,pair,234,3.290707000764087,5.623315754869771,45,0,7.294871794871795,3.290707000764087,0.3233819999732077,4.166643401607871,cpu,cuda:0,0,670.4414063,52
557,1,DDT500_num100.txt,fixed,1659,8,207.375,8.169111251831055,7.533448696136475,6.334938916552346e-06,-6.08,-0.617424491,0.12000000476837158,0.016583122313022614,0.09000000357627869,0.14000000059604645,0.09431973012054667,0.10118859502322533,0.004378031035337378,0.9057885899263269,0.006155562285772141,0.043772725278840345,0.0003,704,96,56.33026232017542,7.554198741912842,21.89711093902588,29.45130968093872,832,0.3312094012508169,0,0,TRUE,pair,225,3.0058167005190626,6.0488245899667215,40,0,7.373333333333333,3.0058167005190626,0.30418140068650246,4.067065400653519,cpu,cuda:0,0,670.4394531,51
558,1,DDT500_num100.txt,fixed,1736,8,217,14.5,7.830584526062012,8.382032319786958e-06,-5.66,-0.587639544,0.14625000953674316,0.02175861969590187,0.10000000149011612,0.18000000715255737,0.13534238437811533,0.1418562407294909,0.003343742631841451,0.8185728192329407,0.011800603785862526,0.06000850939502319,0.0003,683,117,108.13856839219878,7.850367546081543,8.20310926437378,16.053476810455322,840,0.3195058001438156,0,0,TRUE,pair,240,3.251934500527568,5.468317974272961,40,0,7.233333333333333,3.251934500527568,0.31206050235778093,4.1042799999704584,cpu,cuda:0,0,670.44189453125,52
559,1,DDT500_num100.txt,fixed,1687,8,210.875,8.373133659362793,7.380690574645996,5.61170691071311e-06,-5.78,-0.572479207,0.13874998688697815,0.026190413162112236,0.10999999940395355,0.18000000715255737,0.1357428737812572,0.1418503208292855,0.0038075162899783915,0.8011207464668486,0.012317144518925084,0.07132404649423228,0.0003,689,111,54.327841869489504,7.402201414108276,23.65001678466797,31.052218198776245,842,0.32421000103931874,0,0,TRUE,pair,225,2.9638799011008814,5.742738587798349,45,0,7.497777777777777,2.9638799011008814,0.2965925002936274,3.964073401177302,cpu,cuda:0,0,670.4414063,51
560,1,DDT500_num100.txt,fixed,1713,8,214.125,11.580560684204102,7.692389488220215,6.981635124247987e-06,-5.58,-0.560264763,0.15125000476837158,0.03689088672399521,0.10000000149011612,0.23000000417232513,0.11578336358070374,0.1215641126036644,0.004574053156829905,0.8067776970565319,0.007600262651976664,0.04017490812111646,0.0003,679,121,59.302682846058204,7.713114023208618,21.17259430885315,28.885708332061768,834,0.31577700143679976,0,0,TRUE,pair,232,3.1467253995360807,5.820782252799956,45,0,7.383620689655173,3.1467253995360807,0.30473149684257805,4.0854284960078076,cpu,cuda:0,0,670.4414063,51
561,1,DDT500_num100.txt,fixed,1732,8,216.5,18.261981964111328,7.943776607513428,1.046193119691452e-05,-5.86,-0.608611396,0.13374999165534973,0.02595067396759987,0.09000000357627869,0.17000000178813934,0.07450748297075431,0.08035077527165413,0.004588649491779506,0.8137620687484741,0.010397785333528494,0.03612562734633684,0.0003,693,107,112.25549299853247,7.963817596435547,7.465271472930908,15.429089069366455,849,0.3243172987131402,0,0,TRUE,pair,241,3.270540999947116,5.612586603291316,50,0,7.186721991701245,3.270540999947116,0.31021750334184617,4.202399598318152,cpu,cuda:0,0,670.44189453125,48
562,1,DDT500_num100.txt,fixed,1702,8,212.75,12.111461639404297,7.870865345001221,7.028294930933043e-06,-5.7,-0.576352354,0.14374999701976776,0.02232571505010128,0.10999999940395355,0.17000000178813934,0.14210961014032364,0.14759289390510982,0.00661318742721859,0.8789878553814359,0.010559685397311114,0.07427489157352182,0.0003,685,115,53.8914306854601,7.892287492752075,23.689728021621704,31.58201551437378,862,0.4222482027253136,0,0,TRUE,pair,226,3.208259600563906,5.975910689799962,40,0,7.530973451327434,3.208259600563906,0.30874820123426616,4.193912501796149,cpu,cuda:0,0,670.4414063,42
563,1,DDT500_num100.txt,fixed,1773,8,221.625,11.422975540161133,8.245511054992676,6.75191995469504e-06,-5.18,-0.591172696,0.17624999582767487,0.017275342717766762,0.15000000596046448,0.20000000298023224,0.04997013940622932,0.05645371051995378,0.0037487020936647526,0.8357919893766704,0.012301112635453281,0.06004526230849718,0.0003,659,141,55.62635996296324,8.267031908035278,23.606346130371094,31.873378038406372,867,0.3378370994469151,0,0,TRUE,pair,239,3.3969238996505737,5.623801464155039,55,0,7.418410041841004,3.3969238996505737,0.33363220002502203,4.2646001044195145,cpu,cuda:0,0,670.44189453125,40
564,1,DDT500_num100.txt,fixed,1738,8,217.25,13.60836124420166,7.870126724243164,9.397140274813864e-06,-5.48,-0.610236862,0.1574999988079071,0.029474565759301186,0.10999999940395355,0.2199999988079071,0.08776421637998687,0.09436704218387604,0.003388520187905265,0.8297086622979906,0.024385473218798224,0.07300058152112696,0.0003,674,126,82.22713941928514,7.891778469085693,13.244795322418213,21.136573791503906,851,0.3306945952353999,0,0,TRUE,pair,236,3.1767129013314843,5.558112774400086,40,0,7.364406779661017,3.1767129013314843,0.3199838022701442,4.209607800818048,cpu,cuda:0,0,670.44189453125,38
565,1,DDT500_num100.txt,fixed,1703,8,212.875,17.63829231262207,7.757114410400391,1.0942607332253829e-05,-5.74,-0.610283737,0.14124999940395355,0.032953567802906036,0.10000000149011612,0.20000000298023224,-0.006041729,-9.96E-05,0.005658466873380045,0.8771382172902426,0.014619353130304566,0.07171157250801723,0.0003,687,113,54.55897267288832,7.779573202133179,23.43435764312744,31.21393084526062,840,0.31456759781576693,0,0,TRUE,pair,233,3.2524094004184008,5.658837347540237,40,0,7.309012875536481,3.2524094004184008,0.3220206017140299,4.0221925971563905,cpu,cuda:0,0,670.4414063,39
566,1,DDT500_num100.txt,fixed,1728,8,216,11.011357307434082,7.879027843475342,6.679976195300696e-06,-5.66,-0.593757159,0.14624999463558197,0.02175861783325672,0.11999999731779099,0.1899999976158142,0.04904929113884767,0.05710353723002805,0.002941979425183187,0.9525236652957069,0.007956041708692081,0.058668916346505284,0.0003,683,117,33.108199382169715,7.8988401889801025,44.29366898536682,52.192509174346924,899,0.35519889811985195,0,0,TRUE,pair,230,3.1443721991963685,5.971643521002045,45,0,7.51304347826087,3.1443721991963685,0.3170327008701861,4.172905099578202,cpu,cuda:0,0,670.4414063,41
567,1,DDT500_num100.txt,fixed,1649,8,206.125,22.975191116333008,7.470003128051758,1.2175698429928161e-05,-5.86,-0.594125627,0.13375000655651093,0.03672107681632042,0.09000000357627869,0.2199999988079071,0.05579833360388875,0.06291838991455734,0.005199072656978387,0.9719593077898026,0.008381981002457906,0.03755499003455043,0.0003,693,107,83.66151301693944,7.49142861366272,12.21894884109497,19.71037745475769,840,0.3347076990175992,0,0,TRUE,pair,244,2.9822233008453622,5.764705884377113,40,0,6.758196721311475,2.9822233008453622,0.29726249899249524,4.033693503355607,cpu,cuda:0,0,670.4394531,40
568,1,DDT500_num100.txt,fixed,1704,8,213,10.1118745803833,8.17199993133545,5.61170691071311e-06,-5.8,-0.520760123,0.13750000298023224,0.01920286752283573,0.11999999731779099,0.18000000715255737,0.116075998544693,0.12088983617722988,0.007213720749132335,0.8420691192150116,0.013145530186011455,0.08209333419799805,0.0003,690,110,89.67917131964572,8.192028284072876,10.80903935432434,19.001067638397217,866,0.338244401384145,0,0,TRUE,pair,224,3.486261901096441,5.788732393526695,36,0,7.607142857142857,3.486261901096441,0.33551339991390705,4.178269702242687,cpu,cuda:0,0,670.4414063,42
569,1,DDT500_num100.txt,fixed,1658,8,207.25,17.682971954345703,7.411932468414307,1.0607617696223315e-05,-5.68,-0.553611081,0.14499999582767487,0.020615529268980026,0.10999999940395355,0.18000000715255737,0.07146751875471738,0.07986859283927414,0.0032649250869225296,1.0033540030320485,0.006487254741336478,0.05865964376264148,0.0003,684,116,55.56730098319315,7.434768199920654,22.402923583984375,29.83769178390503,816,0.31642389856278896,0,0,TRUE,pair,231,2.998264200054109,5.676718937185907,45,0,7.177489177489178,2.998264200054109,0.3021958991885185,3.9570702993078157,cpu,cuda:0,0,670.4394531,42
570,1,DDT500_num100.txt,fixed,1690,8,211.25,13.007209777832031,7.792114734649658,8.840797818265855e-06,-5.8,-0.530941456,0.13749998807907104,0.01854049600660801,0.10000000149011612,0.1599999964237213,0.012794474760691324,0.02188926562666893,0.0019259613666993876,1.0057772994041443,0.008187407070484673,0.048343911146124206,0.0003,690,110,112.75108137426332,7.812414884567261,7.176354885101318,14.988769769668579,872,0.38905939855612814,0,0,TRUE,pair,228,3.129101899685338,5.898224851647778,45,0,7.412280701754386,3.129101899685338,0.32237810106016695,4.177357897511683,cpu,cuda:0,0,670.4414063,44
571,1,DDT500_num100.txt,fixed,1646,8,205.75,12.234683990478516,7.373363971710205,4.146701485296944e-06,-5.76,-0.498661369,0.14000000059604645,0.03278719261288643,0.07000000029802322,0.17000000178813934,0.008944550795214517,0.016743121402604238,0.002790746428737683,0.9193946293422154,0.019876622910877422,0.05242098282490458,0.0003,688,112,93.62600463875494,7.392958879470825,10.187626838684082,17.580585718154907,818,0.3067899999441579,0,0,TRUE,pair,215,3.075241300626658,5.811664639961966,56,0,7.655813953488372,3.075241300626658,0.2993713967734948,3.849817799637094,cpu,cuda:0,0,670.4394531,43
572,1,DDT500_num100.txt,fixed,1618,8,202.25,12.111461639404297,7.246791362762451,9.0001040007337e-06,-5.96,-0.497022053,0.1274999976158142,0.021065376698970795,0.07999999821186066,0.15000000596046448,-0.070282993,-0.062649739,0.0033058583891640105,0.9286184310913086,0.01781049425092836,0.04764369875192642,0.0003,698,102,136.38634163830804,7.266661882400513,4.596696138381958,11.86335802078247,827,0.3770888013532385,0,0,TRUE,pair,213,2.870802500518039,6.056242272497255,55,0,7.596244131455399,2.870802500518039,0.30468890361953527,3.9170760981505737,cpu,cuda:0,0,670.4394531,43
573,1,DDT500_num100.txt,fixed,1697,8,212.125,18.550186157226562,7.806990146636963,1.0650401236489415e-05,-5.76,-0.477934205,0.13999998569488525,0.029154760763049126,0.10000000149011612,0.1899999976158142,-0.045092968,-0.037659674,0.0033657413441687822,0.9116161266962687,0.014245395880304082,0.05183574433128039,0.0003,688,112,110.69125240637675,7.829273462295532,7.50062370300293,15.330931425094604,854,0.3247166014043614,0,0,TRUE,pair,245,3.256110099959187,5.810253388753834,45,0,6.926530612244898,3.256110099959187,0.32330289657693356,4.063424600404687,cpu,cuda:0,0,670.4414063,43
574,1,DDT500_num100.txt,fixed,1792,8,224,23.738155364990234,8.461780548095703,1.2575308574014343e-05,-5.5,-0.433887113,0.15625,0.02869560196995735,0.10999999940395355,0.1899999976158142,0.010950313674079048,0.01618712643782298,0.005568520657511221,0.8021071553230286,0.011757319676689804,0.05171026889648703,0.0003,675,125,99.99567044220022,8.482485294342041,9.4382905960083,17.920775890350342,872,0.41276650060899556,0,0,TRUE,pair,261,3.572215200518258,5.453124995476434,39,0,6.865900383141763,3.572215200518258,0.3646603024099022,4.344514106283896,cpu,cuda:0,0,670.44189453125,45
575,1,DDT500_num100.txt,fixed,1697,8,212.125,11.773248672485352,7.440614700317383,9.28302870306652e-06,-5.66,-0.46018275,0.14624999463558197,0.029127951711416245,0.10000000149011612,0.20000000298023224,-0.251869316,-0.246247596,0.005704227980459109,0.847383089363575,0.009119843649386894,0.0690834476845339,0.0003,683,117,96.75832390590901,7.467709541320801,10.070833206176758,17.53854274749756,847,0.3228153989184648,0,0,TRUE,pair,224,2.926222399575636,5.846788452594647,44,0,7.575892857142857,2.926222399575636,0.3034997961949557,4.053520296700299,cpu,cuda:0,0,670.4414063,44
576,1,DDT500_num100.txt,fixed,1711,8,213.875,19.41930389404297,8.251199722290039,9.631638022256084e-06,-5.66,-0.422117914,0.14625000953674316,0.03533323481678963,0.09000000357627869,0.1899999976158142,-0.050322077,-0.044605082,0.005160139906885368,0.8297068561826434,0.01633743773709284,0.04464435949921608,0.0003,683,117,108.38906753980196,8.271385431289673,7.514339447021484,15.785724878311157,850,0.328754001413472,0,0,TRUE,pair,240,3.2305513992905617,5.781414380622565,45,0,7.129166666666666,3.2305513992905617,0.3103311002487317,4.5467797993915156,cpu,cuda:0,0,670.4414063,45
577,1,DDT500_num100.txt,fixed,1719,8,214.875,23.24563217163086,7.803127765655518,8.769786290940829e-06,-5.44,-0.430704138,0.1599999964237213,0.025495098903775215,0.12999999523162842,0.20000000298023224,0.03814851109766298,0.04398421368872126,0.008112751180306077,0.989208267794715,0.013432919202993313,0.09116067447596127,0.0003,672,128,83.81654493616436,7.824053525924683,12.685023784637451,20.509077310562134,843,0.32356789719779044,0,0,TRUE,pair,248,3.1968034998280928,6.058173353690058,64,0,6.931451612903226,3.1968034998280928,0.3118919982807711,4.134320399956778,cpu,cuda:0,0,670.4414063,44
578,1,DDT500_num100.txt,fixed,1777,8,222.125,18.016918182373047,8.531128883361816,1.1513420759001747e-05,-5.6,-0.432500971,0.14999999105930328,0.027386128902435303,0.10999999940395355,0.1899999976158142,-0.01296865,-0.004763138,0.0034416425507515667,0.992634379863739,0.01293922498516622,0.048756131529808046,0.0003,680,120,118.57954372237506,8.5523202419281,6.433401107788086,14.985721349716187,887,0.3417214991059154,0,0,TRUE,pair,246,3.590792300296016,5.901519410853045,45,0,7.223577235772358,3.590792300296016,0.3692906004143879,4.390312798437662,cpu,cuda:0,0,670.44189453125,46
579,1,DDT500_num100.txt,fixed,1836,8,229.5,10.404326438903809,8.428494453430176,7.871424713812303e-06,-5.64,-0.454039395,0.14749999344348907,0.031917866319417953,0.10999999940395355,0.20000000298023224,-0.362683265,-0.356335318,0.00563562469324097,0.9165737181901932,0.03444226365536451,0.0720923284534365,0.0003,682,118,143.5560924740235,8.449583292007446,4.3398425579071045,12.78942584991455,924,0.43651929998304695,0,0,TRUE,pair,246,3.4279471983900294,5.594226581338703,40,0,7.463414634146342,3.4279471983900294,0.3356811997946352,4.491910496377386,cpu,cuda:0,0,524.38330078125,46
580,1,DDT500_num100.txt,fixed,1831,8,228.875,17.7864933013916,8.358952522277832,7.340814590861555e-06,-5.64,-0.498816355,0.14749999344348907,0.022776085883378983,0.11999999731779099,0.1899999976158142,0.17857898771762848,0.18562172512922967,0.006017146232937064,1.005130980695997,0.011093842597412211,0.05518184442605291,0.0003,682,118,108.42287851490329,8.3914954662323,8.496084213256836,16.887579679489136,903,0.3484952999278903,0,0,TRUE,pair,256,3.3280653002439067,5.8454396572352625,45,0,7.15234375,3.3280653002439067,0.3401452003745362,4.514573699561879,cpu,cuda:0,0,670.44384765625,45
581,1,DDT500_num100.txt,fixed,1708,8,213.5,17.741195678710938,7.497694492340088,7.954038665047847e-06,-5.88,-0.494718857,0.13250000774860382,0.022220488637685776,0.10999999940395355,0.18000000715255737,-0.094206803,-0.089802208,0.012065392484267553,1.043728760878245,0.010797903274457591,0.09223039199908574,0.0003,694,106,65.86076699018147,7.520359039306641,18.413137912750244,25.933496952056885,872,0.3897653989261016,0,0,TRUE,pair,238,2.957982699968852,5.98653395854338,45,0,7.176470588235294,2.957982699968852,0.30138650129083544,4.084907301003113,cpu,cuda:0,0,670.4414063,45
582,1,DDT500_num100.txt,fixed,1675,8,209.375,10.711413383483887,7.692871094,7.511131116189063e-06,-5.88,-0.528065282,0.13250000774860382,0.01854049600660801,0.10999999940395355,0.1599999964237213,-0.034913757,-0.027943199,0.007409035021232234,1.067507141166263,0.010017999510132035,0.07385238632559776,0.0003,694,106,57.21890496885243,7.714108228683472,21.559433460235596,29.273541688919067,875,0.3876666978467256,0,0,TRUE,pair,223,3.153134500607848,5.989253731770302,45,0,7.511210762331839,3.153134500607848,0.3183818004326895,4.063294502790086,cpu,cuda:0,0,670.4414063,47
583,1,DDT500_num100.txt,fixed,1741,8,217.625,11.477560043334961,7.87249755859375,7.710915269854013e-06,-5.88,-0.54746742,0.13249999284744263,0.03526683896780014,0.10000000149011612,0.20999999344348907,-0.013337594,-0.005951415,0.007217927952297032,1.099514255921046,0.010804168107521642,0.03625066624954343,0.0003,694,106,77.4302860897794,7.893991708755493,14.590750217437744,22.484741926193237,886,0.3294989001005888,0,0,TRUE,pair,234,3.2261049011722207,5.828259621592242,40,0,7.44017094017094,3.2261049011722207,0.30376349890138954,4.183283793972805,cpu,cuda:0,0,670.44189453125,46
584,1,DDT500_num100.txt,fixed,1668,8,208.5,12.010412216186523,8.259708404541016,8.265941687568557e-06,-5.98,-0.562701776,0.1262499988079071,0.019960898905992508,0.10000000149011612,0.1599999964237213,0.007953447496725453,0.01342287582034866,0.010607753337050477,1.077330579360326,0.009737709414265636,0.06614311525805129,0.0003,699,101,54.61557461902175,8.282249927520752,22.25848889350891,30.540738821029663,848,0.3312560992781073,0,0,TRUE,pair,225,3.4215224996441975,5.863908873759299,50,0,7.413333333333333,3.4215224996441975,0.3613081994699314,4.3008118979632854,cpu,cuda:0,0,670.4414063,49
585,1,DDT500_num100.txt,fixed,1733,8,216.625,13.256484031677246,7.616399765014648,8.170838555088267e-06,-6.02,-0.514597389,0.1237500011920929,0.026896793395280838,0.07999999821186066,0.17000000178813934,0.052712520211935045,0.05946093946695328,0.0060790907591581345,0.9787967324256897,0.013572165624646004,0.07811236139386893,0.0003,701,99,128.6363845544925,7.637101411819458,5.834981203079224,13.472082614898682,898,0.3408133997581899,0,0,TRUE,pair,234,2.9962410003645346,5.825158681610865,70,0,7.405982905982906,2.9962410003645346,0.30241809820290655,4.158432899974287,cpu,cuda:0,0,670.44189453125,47
586,1,DDT500_num100.txt,fixed,1726,8,215.75,14.113380432128906,7.783984184265137,2.3278495064005256e-05,-5.98,-0.518634995,0.1262499988079071,0.02232571318745613,0.10000000149011612,0.17000000178813934,0.0027602826012298465,0.009291132679209113,0.00692854163935408,0.9995123222470284,0.007310470307857031,0.04097938840277493,0.0003,699,101,105.30827794080973,7.80616021156311,8.5838143825531,16.38997459411621,886,0.449826599098742,0,0,TRUE,pair,239,3.0945570009062067,5.753186560588806,50,0,7.2217573221757325,3.0945570009062067,0.3120076013728976,4.2177146977046505,cpu,cuda:0,0,670.4414063,47
587,1,DDT500_num100.txt,fixed,1771,8,221.375,18.75458335876465,8.21917724609375,9.818678336159792e-06,-5.6,-0.513801242,0.14999999105930328,0.031224992126226425,0.07999999821186066,0.18000000715255737,0.053561070933938026,0.060555195435881615,0.004808211728231981,0.9398228898644447,0.010152788619052444,0.06778814876452088,0.0003,680,120,58.2759801968851,8.240069389343262,22.14980983734131,30.38987922668457,864,0.32301190122962,0,0,TRUE,pair,241,3.3752556004328653,5.395821572023216,45,0,7.348547717842323,3.3752556004328653,0.34093900222796947,4.331596298725344,cpu,cuda:0,0,670.44189453125,49
588,1,DDT500_num100.txt,fixed,1747,8,218.375,12.519359588623047,7.702203750610352,7.200083018688019e-06,-5.74,-0.509569945,0.14124999940395355,0.02027159556746483,0.10999999940395355,0.18000000715255737,-0.040211914,-0.03462014,0.007144351999158971,0.9163951575756073,0.011216121458801354,0.04894958483055234,0.0003,687,113,102.71368984158264,7.722623109817505,9.285820484161377,17.008443593978882,871,0.3285118987550959,0,0,TRUE,pair,231,3.076982600381598,5.680022897212657,45,0,7.562770562770563,3.076982600381598,0.31503049831371754,4.14852740149945,cpu,cuda:0,0,670.44189453125,47
589,1,DDT500_num100.txt,fixed,1768,8,221,12.196310997009277,8.504669189453125,6.2899139265937265e-06,-5.48,-0.523829132,0.1575000137090683,0.027271781116724014,0.11999999731779099,0.20000000298023224,-0.005866633,-0.000221041,0.006663728243438527,0.8977459594607353,0.0065123742333526025,0.03246790106641129,0.0003,674,126,95.10929897190148,8.527398109436035,10.06174111366272,18.589139223098755,871,0.3398263002745807,0,0,TRUE,pair,235,3.5541850989684463,5.53959276112496,44,0,7.523404255319149,3.5541850989684463,0.38453530112747103,4.381966398330405,cpu,cuda:0,0,670.44189453125,49
590,1,DDT500_num100.txt,fixed,1859,8,232.375,8.859140396118164,8.21477222442627,6.564092473126948e-06,-5.08,-0.55366868,0.1824999898672104,0.014790201559662819,0.1599999964237213,0.20000000298023224,-0.079321316,-0.072450312,0.0034846318169282032,0.8613321689458994,0.011424158980774406,0.05540233603320443,0.0003,654,146,75.71302988776617,8.235575199127197,16.317662239074707,24.553237438201904,905,0.33376679802313447,0,0,TRUE,pair,245,3.3165511994156986,5.324367940009057,50,0,7.587755102040816,3.3165511994156986,0.3279943009838462,4.401107999379747,cpu,cuda:0,0,670.4443359,49
591,1,DDT500_num100.txt,fixed,1792,8,224,18,7.956368446350098,1.067705397872487e-05,-5.4,-0.598238123,0.16249999403953552,0.027726341038942337,0.10999999940395355,0.20000000298023224,-0.014051689,-0.007993214,0.005491592269390821,0.8804272830486297,0.009016189849353396,0.04325518663972616,0.0003,670,130,82.50479503462961,7.977517366409302,13.742432355880737,21.71994972229004,896,0.32863019849173725,0,0,TRUE,pair,240,3.2237397000426427,5.5334821444536955,40,0,7.466666666666667,3.2237397000426427,0.31607270054519176,4.255719397682697,cpu,cuda:0,0,670.44189453125,48
592,1,DDT500_num100.txt,fixed,1774,8,221.75,13.562355995178223,8.549906730651855,8.341243301401846e-06,-5.52,-0.643364023,0.1550000011920929,0.036055512726306915,0.09000000357627869,0.1899999976158142,-0.00200183,0.004038182397683461,0.005470111733302474,0.8775070110956827,0.01297133177907502,0.05282434945305189,0.0003,676,124,107.63068114119694,8.57156491279602,7.91072416305542,16.48228907585144,889,0.3490280992118642,0,0,TRUE,pair,240,3.6475738999433815,5.593573846435332,44,0,7.391666666666667,3.6475738999433815,0.36559860059060156,4.356529598357156,cpu,cuda:0,0,670.44189453125,50
593,1,DDT500_num100.txt,fixed,1839,8,229.875,15.551828384399414,7.957159042358398,8.81665346241789e-06,-5.16,-0.574230165,0.17749999463558197,0.026339134201407433,0.11999999731779099,0.20999999344348907,0.06150649581104517,0.06822747644037008,0.0044385976798366755,0.8940284550189972,0.015492249509406975,0.05687513900920749,0.0003,658,142,108.00195445475215,7.97747278213501,9.049996852874756,17.027469635009766,908,0.34402049775235355,0,0,TRUE,pair,250,3.22738589940127,5.544317564541649,40,0,7.356,3.22738589940127,0.31279889948200434,4.25238929851912,cpu,cuda:0,0,670.44384765625,48
594,1,DDT500_num100.txt,fixed,1819,8,227.375,8.644904136657715,8.123556137084961,6.16209399595391e-06,-5.38,-0.572054699,0.16374999284744263,0.012183493934571743,0.14000000059604645,0.18000000715255737,0.06009408842553111,0.06643837641048081,0.004355110700570923,0.8521844604436088,0.011721025318633217,0.06387128297458677,0.0003,669,131,68.62399920660147,8.143830060958862,18.362931728363037,26.5067617893219,902,0.3232895990367979,0,0,TRUE,pair,238,3.319777499884367,5.543155576712224,35,0,7.642857142857143,3.319777499884367,0.333118001697585,4.307134300819598,cpu,cuda:0,0,670.44384765625,48
595,1,DDT500_num100.txt,fixed,1833,8,229.125,13.806135177612305,8.954028129577637,8.388810783799272e-06,-5.2,-0.579000379,0.17499999701976776,0.02828427031636238,0.14000000059604645,0.2199999988079071,0.04644895225231137,0.0523777146424566,0.005568260493289147,0.871289325611932,0.01709163303686572,0.06733138486742973,0.0003,660,140,73.74355268762682,8.973836660385132,15.88257360458374,24.856410264968872,910,0.4443509014090523,0,0,TRUE,pair,256,3.703115899930708,5.386797596311803,30,0,7.16015625,3.703115899930708,0.38101439690217376,4.680331700248644,cpu,cuda:0,0,670.44384765625,48
596,1,DDT500_num100.txt,fixed,1799,8,224.875,7.457169532775879,8.254377365112305,6.607249360968126e-06,-5.44,-0.570810001,0.1599999964237213,0.033166248351335526,0.10999999940395355,0.23000000417232513,0.07565031539914864,0.08141658322087356,0.005990081466734409,0.8761308576379504,0.014973076097833524,0.05765276887853231,0.0003,672,128,75.43222869887721,8.286006450653076,15.563215970993042,23.849222421646118,905,0.3432928994297981,0,0,TRUE,pair,232,3.4890377004630864,5.5697609769960055,40,0,7.754310344827586,3.4890377004630864,0.3341738998424262,4.264245603815652,cpu,cuda:0,0,670.44384765625,48
597,1,DDT500_num100.txt,fixed,1786,8,223.25,8.996526718139648,8.240158081054688,5.984258677926846e-06,-5.54,-0.505997556,0.1537500023841858,0.0193245317786932,0.12999999523162842,0.20000000298023224,0.20596115291118622,0.21249490840868515,0.0044789413011378865,0.8773220181465149,0.011840216773138805,0.08096085217866031,0.0003,677,123,93.0226085228818,8.263366460800171,10.936267137527466,19.199633598327637,892,0.35026830004062504,0,0,TRUE,pair,235,3.3138305998872966,5.6506158989193995,36,0,7.6,3.3138305998872966,0.3189188977703452,4.441510302363895,cpu,cuda:0,0,670.44189453125,48
598,1,DDT500_num100.txt,fixed,1867,8,233.375,9.026869773864746,8.406561851501465,5.917393536947202e-06,-5.22,-0.518207164,0.17374998331069946,0.024462981149554253,0.12999999523162842,0.20999999344348907,0.07227009805766019,0.07836194861341607,0.004791685475290499,0.8487691499970176,0.008539690591119737,0.04049240137365731,0.0003,661,139,84.54063096750056,8.428019285202026,13.656036376953125,22.08405566215515,910,0.33415729959961027,0,0,TRUE,pair,249,3.4534765004646033,5.425281198764141,39,0,7.497991967871486,3.4534765004646033,0.3278645003447309,4.455719598336145,cpu,cuda:0,0,670.4443359,49
599,1,DDT500_num100.txt,fixed,1851,8,231.375,10.185007095336914,8.185420036315918,6.538061825267505e-06,-5.32,-0.574159894,0.16749998927116394,0.022220488637685776,0.12999999523162842,0.20000000298023224,0.026819176439728056,0.03318957059777209,0.003269501529367907,0.8005144766398838,0.012024349200406246,0.04151984304189682,0.0003,666,134,112.25303102369112,8.206131935119629,8.283400535583496,16.489532470703125,907,0.34747270052321255,0,0,TRUE,pair,241,3.3296367996372283,5.432739065377407,48,0,7.680497925311204,3.3296367996372283,0.3285639984533191,4.358232899336144,cpu,cuda:0,0,670.44384765625,48
600,1,DDT500_num100.txt,fixed,1873,8,234.125,12.06687068939209,8.677557945251465,6.503191798401531e-06,-4.92,-0.511822558,0.1925000101327896,0.019843129441142082,0.15000000596046448,0.20999999344348907,0.04647328531030904,0.05257073188708587,0.0023674655345861206,0.7281177639961243,0.016202670265391298,0.033281581730327824,0.0003,646,154,92.22174720251115,8.699034452438354,11.610708713531494,20.30974316596985,909,0.34173510037362576,0,0,TRUE,pair,247,3.5450799016980454,5.381206619249457,50,0,7.582995951417004,3.5450799016980454,0.36568100086878985,4.5880889010149986,cpu,cuda:0,0,670.4443359,48
601,1,DDT500_num100.txt,fixed,1848,8,231,15.882380485534668,7.995830059051514,9.08340371097438e-06,-5.22,-0.523418889,0.17374999821186066,0.03705991804599762,0.12999999523162842,0.23000000417232513,0.0004997209512761661,0.006983348035386631,0.0026037449133582413,0.7785500713757106,0.009766789813381496,0.03751934595805194,0.0003,661,139,75.18270982134466,8.016369819641113,16.56374979019165,24.580119609832764,905,0.34167419967707247,0,0,TRUE,pair,264,3.1984599004499614,5.445887446403503,35,0,7,3.1984599004499614,0.3119356014067307,4.320863398024812,cpu,cuda:0,0,670.44384765625,48
602,1,DDT500_num100.txt,fixed,1868,8,233.5,10.618380546569824,8.130448341369629,6.572746769961668e-06,-5.22,-0.52830883,0.17374998331069946,0.01932452991604805,0.14000000059604645,0.20000000298023224,0.052047636877331466,0.05867394804954529,0.0021621932197983065,0.7707408600383334,0.010959006470835043,0.05595579898605744,0.0003,661,139,99.32955027165282,8.15061616897583,10.655469179153442,18.806085348129272,905,0.4062479952117428,0,0,TRUE,pair,247,3.242957399575971,5.188972158784274,40,0,7.562753036437247,3.242957399575971,0.3179590032668784,4.402951099793427,cpu,cuda:0,0,670.4443359,49
603,1,DDT500_num100.txt,fixed,1856,8,232,6.538348197937012,8.45899772644043,5.6420135479129385e-06,-5.24,-0.546755914,0.17250001430511475,0.026809511706233025,0.14000000059604645,0.20999999344348907,0.060244043823331594,0.06713194539770484,0.002272864177939482,0.8024333268404007,0.01382259774254635,0.05899829347617924,0.0003,662,138,106.29376419869524,8.48173451423645,8.979308605194092,17.461043119430542,918,0.344308702275157,0,0,TRUE,pair,244,3.486628801212646,5.336745688884423,32,0,7.60655737704918,3.486628801212646,0.3538817996159196,4.443553400109522,cpu,cuda:0,0,670.44384765625,48
604,1,DDT500_num100.txt,fixed,1899,8,237.375,7.841197490692139,8.396657943725586,6.607249360968126e-06,-4.94,-0.524446903,0.1912500113248825,0.032185982912778854,0.15000000596046448,0.25,-0.019614314,-0.013054043,0.0018977243453264236,0.7509129866957664,0.010234025598037988,0.047732221020851284,0.0003,647,153,114.05981231772947,8.418871641159058,8.230287790298462,16.64915943145752,930,0.3375706021906808,0,0,TRUE,pair,250,3.3795014006318524,5.517640862356932,45,0,7.596,3.3795014006318524,0.3262672000564635,4.520377398584969,cpu,cuda:0,0,670.4443359,48
605,1,DDT500_num100.txt,fixed,1872,8,234,9.68245792388916,8.772977828979492,6.975526048336178e-06,-5.04,-0.516535197,0.1849999874830246,0.025980759412050247,0.14000000059604645,0.23999999463558197,-0.030849083,-0.024251406,0.002088435816403944,0.7641895487904549,0.011174379935255274,0.04265998938353732,0.0003,652,148,69.78998774883381,8.802892923355103,18.02043890953064,26.823331832885742,925,0.3557965005747974,0,0,TRUE,pair,251,3.7139023008057848,5.493055555428195,48,0,7.45816733067729,3.7139023008057848,0.34835019952151924,4.530829302035272,cpu,cuda:0,0,670.4443359,49
606,1,DDT500_num100.txt,fixed,1914,8,239.25,5.9947896003723145,8.681977272033691,5.6420135479129385e-06,-5.06,-0.497183383,0.1837500035762787,0.00992156658321619,0.17000000178813934,0.20000000298023224,-0.091989359,-0.086129718,0.0022431328980019316,0.6981207951903343,0.011422143222262093,0.04707056959159672,0.0003,653,147,102.85237763245958,8.709270000457764,9.899925470352173,18.609195470809937,929,0.3515363995684311,0,0,TRUE,pair,253,3.6449136997107416,5.422675026123302,32,0,7.565217391304348,3.6449136997107416,0.34352050069719553,4.514753703493625,cpu,cuda:0,0,670.4443359,48
607,1,DDT500_num100.txt,fixed,1907,8,238.375,4.608077049255371,8.7555513381958,5.6721578403085005e-06,-5.22,-0.530440337,0.17374999821186066,0.01494782418012619,0.15000000596046448,0.1899999976158142,-0.008256101,-0.001999218,0.0019126199185848236,0.7213196853796641,0.019929074149937758,0.041829490064022444,0.0003,661,139,114.90689981899573,8.780798196792603,7.815246105194092,16.596044301986694,917,0.43255769927054644,0,0,TRUE,pair,246,3.6275525998789817,5.516518089742515,35,0,7.752032520325203,3.6275525998789817,0.34285340004134923,4.611069198232144,cpu,cuda:0,0,670.4443359,49
608,1,DDT500_num100.txt,fixed,1896,8,237,9.027734756469727,8.434041976928711,6.901795586600201e-06,-5.04,-0.508382803,0.1850000023841858,0.024494893848896027,0.15000000596046448,0.2199999988079071,0.040010073946581945,0.0466801557275984,0.001807772593262295,0.7573970357577006,0.009325963341527514,0.058939330072866544,0.0003,652,148,94.92746607994133,8.45410442352295,11.51904010772705,19.97314453,924,0.4227030008332804,0,0,TRUE,pair,248,3.394635200733319,5.462025315826955,36,0,7.645161290322581,3.394635200733319,0.3341585984453559,4.5336984967580065,cpu,cuda:0,0,670.4443359,48
609,1,DDT500_num100.txt,fixed,1879,8,234.875,11.061616897583008,9.132665634155273,8.092194548225962e-06,-5.14,-0.526036718,0.17874999344348907,0.019645292311906815,0.14000000059604645,0.20000000298023224,0.021285512617656162,0.02721261978149414,0.002151208039971867,0.7002708060400826,0.011365367257634975,0.04711006608392511,0.0003,657,143,107.72997261155406,9.153861284255981,8.287895679473877,17.44175696372986,927,0.3529819998657331,0,0,TRUE,pair,254,3.7748055995907634,5.6274614155197344,35,0,7.397637795275591,3.7748055995907634,0.3961913001257926,4.771791200968437,cpu,cuda:0,0,670.4443359,49
610,1,DDT500_num100.txt,fixed,1852,8,231.5,9.861541748046875,7.980212211608887,7.480798558390234e-06,-5.18,-0.546940465,0.17624998092651367,0.016535943374037743,0.15000000596046448,0.20999999344348907,0.0477134378796274,0.05363378275863149,0.0026961840339936316,0.7268440669233148,0.021140610619278796,0.06119993142783642,0.0003,659,141,84.98395522913856,8.003560543060303,13.788788318634033,21.792348861694336,903,0.3325798991136253,0,0,TRUE,pair,249,3.2119684003992006,5.390388766709981,40,0,7.437751004016064,3.2119684003992006,0.3215800999896601,4.280481001827866,cpu,cuda:0,0,670.44384765625,49
611,1,DDT500_num100.txt,fixed,1879,8,234.875,14.894944190979004,8.46854019165039,9.39260280574672e-06,-5.06,-0.549804641,0.1837499886751175,0.020577598363161087,0.1599999964237213,0.2199999988079071,0.0163324357320865,0.02239186898805201,0.001933596581996729,0.7026233043935564,0.012954942552217593,0.05431303857929177,0.0003,653,147,85.96009160281264,8.489343404769897,13.369637489318848,21.858980894088745,924,0.34844240138772875,0,0,TRUE,pair,261,3.4988101001363248,5.393826502697972,30,0,7.199233716475096,3.4988101001363248,0.31872099661268294,4.481898199650459,cpu,cuda:0,0,670.4443359,48
612,1,DDT500_num100.txt,fixed,1873,8,234.125,10.821708679199219,8.71372127532959,8.40235225041397e-06,-5.06,-0.550994235,0.1837500035762787,0.02057759463787079,0.15000000596046448,0.20999999344348907,0.008805956522172148,0.014691080051389608,0.0018378875207748604,0.6804066137834028,0.013829102607401595,0.05685492723502896,0.0003,653,147,86.2017621655055,8.734857320785522,12.993236780166626,21.72809410095215,913,0.4339289013296366,0,0,TRUE,pair,251,3.602253001416102,5.548852108407008,35,0,7.46215139442231,3.602253001416102,0.34265019663143903,4.592368997167796,cpu,cuda:0,0,670.4443359,48
613,1,DDT500_num100.txt,fixed,1900,8,237.5,13.322912216186523,8.744224548339844,8.238388545578346e-06,-4.92,-0.544594421,0.19249999523162842,0.030720511451363564,0.15000000596046448,0.23999999463558197,0.01743517806753516,0.023872474674135447,0.002145270467735827,0.7509932041168212,0.013381880358792841,0.03181412722915411,0.0003,646,154,131.19651369127513,8.766132593154907,5.715959548950195,14.482092142105103,884,0.3314477987587452,0,0,TRUE,pair,263,3.7596403000643477,5.674210524182571,40,0,7.224334600760456,3.7596403000643477,0.36640170391183347,4.439455697545782,cpu,cuda:0,0,670.4443359,49
614,1,DDT500_num100.txt,fixed,1936,8,242,7.745966911315918,8.582966804504395,5.741879704146413e-06,-4.74,-0.518787565,0.20375001430511475,0.015761898830533028,0.18000000715255737,0.23000000417232513,-0.009543703,-0.003317913,0.0017034214494439464,0.7077501118183136,0.011925231684775403,0.03386574393759171,0.0003,637,163,112.61419029025025,8.60526704788208,8.586172103881836,17.191439151763916,918,0.3462382977595553,0,0,TRUE,pair,253,3.4777859000023454,5.4147727251791755,40,0,7.6521739130434785,3.4777859000023454,0.3517017002450302,4.5720369992777705,cpu,cuda:0,0,670.4462891,48
615,1,DDT500_num100.txt,fixed,1890,8,236.25,6.199798583984375,8.267377853393555,4.9209038479602896e-06,-4.94,-0.512993147,0.1912499964237213,0.02146945334970951,0.17000000178813934,0.23999999463558197,-0.059117225,-0.053156199,0.0014435942026062144,0.6682822042041354,0.00994050980564983,0.028890753992729716,0.0003,647,153,104.48890894979087,8.291301012039185,9.796743154525757,18.08804416656494,931,0.3362308000214398,0,0,TRUE,pair,243,3.331446699681692,5.508465608844051,35,0,7.777777777777778,3.331446699681692,0.32151970197446644,4.4479062024038285,cpu,cuda:0,0,670.4443359,48
616,1,DDT500_num100.txt,fixed,1936,8,242,7.632168769836426,8.565510749816895,5.266838343231939e-06,-4.8,-0.478571109,0.20000001788139343,0.02061552368104458,0.18000000715255737,0.23999999463558197,-0.024878433,-0.01855687,0.0016890196420717984,0.7166071981191635,0.012837274778576102,0.02350103110074997,0.0003,640,160,127.58590141640596,8.590261459350586,6.583828926086426,15.174090385437012,939,0.3494243009481579,0,0,TRUE,pair,254,3.5537853001151234,5.321797518937056,30,0,7.622047244094488,3.5537853001151234,0.32830589916557074,4.511194399441592,cpu,cuda:0,0,670.4462891,49
617,1,DDT500_num100.txt,fixed,1860,8,232.5,10.781929016113281,8.319618225097656,1.1523290595505387e-05,-5.16,-0.473637117,0.17750000953674316,0.029474567621946335,0.11999999731779099,0.23000000417232513,-0.032537179,-0.026421681,0.0013739904039539396,0.6802494823932648,0.008898826998483855,0.02109375,0.0003,658,142,119.70612652840062,8.34647822380066,7.191573619842529,15.538051843643188,929,0.3529809998581186,0,0,TRUE,pair,244,3.2983675999566913,5.35053763428042,35,0,7.622950819672131,3.2983675999566913,0.3157129001338035,4.537493598880246,cpu,cuda:0,0,670.4443359,48
618,1,DDT500_num100.txt,fixed,1896,8,237,5.4772257804870605,8.793646812438965,5.631929525407031e-06,-4.9,-0.460301074,0.19375000894069672,0.01218349114060402,0.17000000178813934,0.20999999344348907,-0.011002932,-0.004746992,0.001444748575089588,0.6978315384615035,0.007403021775341283,0.038266810100703014,0.0003,645,155,55.84897455924968,8.815246820449829,25.13345170021057,33.9486985206604,923,0.34458940115291625,0,0,TRUE,pair,244,3.705168399726972,5.521097044150035,40,0,7.770491803278689,3.705168399726972,0.3740461972774938,4.5332302985480055,cpu,cuda:0,0,670.4443359,50
619,1,DDT500_num100.txt,fixed,1885,8,235.625,7.415144920349121,8.076615333557129,6.087849214964081e-06,-5.02,-0.444430832,0.1862500011920929,0.02781074307858944,0.14000000059604645,0.2199999988079071,-0.133678026,-0.127606994,0.0015511200569259624,0.6846593419710795,0.01377135611579029,0.03688622090137667,0.0003,651,149,97.39375469098363,8.0972740650177,11.257149696350098,19.354423761367798,903,0.3431778992526233,0,0,TRUE,pair,242,3.2342010008869693,5.422811670328641,35,0,7.789256198347108,3.2342010008869693,0.3146199021721259,4.3605939000844955,cpu,cuda:0,0,670.4443359,48
620,1,DDT500_num100.txt,fixed,1868,8,233.5,12.767145156860352,8.550436019897461,7.971884770086035e-06,-5.02,-0.446191992,0.1862499862909317,0.0295539740473032,0.12999999523162842,0.2199999988079071,-0.088176832,-0.082288363,0.0021252378937788308,0.6951088110605875,0.0179300464563615,0.034326729675134025,0.0003,651,149,115.34790707254125,8.571647882461548,7.622837543487549,16.194485425949097,920,0.34890720003750175,0,0,TRUE,pair,247,3.544529800536111,5.442184151367662,32,0,7.562753036437247,3.544529800536111,0.33652150142006576,4.493146397755481,cpu,cuda:0,0,670.4443359,49
621,1,DDT500_num100.txt,fixed,1946,8,243.25,7.709571838378906,8.613032341003418,6.572746769961668e-06,-4.94,-0.434168754,0.1912499964237213,0.016909684985876083,0.1599999964237213,0.20999999344348907,0.0744972312822938,0.08017247542738914,0.00160742734442465,0.6478957235813141,0.011092808766989037,0.021168604725971818,0.0003,647,153,149.77361116256716,8.635637283325195,4.3573057651519775,12.992943048477173,931,0.34822709998115897,0,0,TRUE,pair,251,3.4454046001192182,5.165981498676116,25,0,7.752988047808765,3.4454046001192182,0.3326209984952584,4.659680597134866,cpu,cuda:0,0,670.4462891,49
622,1,DDT500_num100.txt,fixed,1878,8,234.75,10.6858549118042,8.148054122924805,8.231485480791889e-06,-5.1,-0.43125691,0.18125000596046448,0.032185982912778854,0.12999999523162842,0.25,-0.039668342,-0.033651257,0.0015957678228409754,0.6814970870812734,0.009072510097111162,0.022098162314958043,0.0003,655,145,97.18306428085657,8.1693754196167,11.154979228973389,19.324354648590088,903,0.345144898397848,0,0,TRUE,pair,256,3.288232701132074,5.661341852654283,40,0,7.3359375,3.288232701132074,0.3183533994015306,4.372532299370505,cpu,cuda:0,0,670.4443359,48
623,1,DDT500_num100.txt,fixed,1905,8,238.125,11.362630844116211,8.57124137878418,8.66217669681646e-06,-5.06,-0.410604306,0.1837500035762787,0.022325711324810982,0.15000000596046448,0.2199999988079071,-0.065675099,-0.059995502,0.0014628174748005612,0.6411009175436837,0.012206290981599264,0.03984712889151914,0.0003,653,147,110.33453081579029,8.592532634735107,8.67314100265503,17.265673637390137,925,0.4300296009751037,0,0,TRUE,pair,254,3.4874368000309914,5.524409450445901,54,0,7.5,3.4874368000309914,0.3283756010932848,4.581859503174201,cpu,cuda:0,0,670.4443359,49
624,1,DDT500_num100.txt,fixed,1908,8,238.5,10.024969100952148,8.279988288879395,6.012687663314864e-06,-4.82,-0.403747361,0.19875001907348633,0.0208791121840477,0.17000000178813934,0.23999999463558197,-0.062589494,-0.057133841,0.001916167597907285,0.6413732518752416,0.011063862260925816,0.029320640644679468,0.0003,641,159,111.72945170666763,8.301617860794067,8.775347709655762,17.07696557044983,915,0.3523422982543707,0,0,TRUE,pair,257,3.2834957013837993,5.5052410888971774,40,0,7.424124513618677,3.2834957013837993,0.3202992002479732,4.503450299263932,cpu,cuda:0,0,670.4443359,48
625,1,DDT500_num100.txt,fixed,1931,8,241.375,11.379119873046875,8.792699813842773,7.849730536690913e-06,-4.84,-0.414515235,0.19749999046325684,0.026339134201407433,0.14000000059604645,0.23000000417232513,-0.069617094,-0.064421306,0.0018705289376984265,0.6131055788560347,0.008659964775275015,0.03271226504478942,0.0003,642,158,77.02333440983269,8.814097166061401,16.256227493286133,25.070324659347534,919,0.4457190011162311,0,0,TRUE,pair,260,3.5888652993598953,5.342309684101502,40,0,7.426923076923077,3.5888652993598953,0.3451888976851478,4.678102396079339,cpu,cuda:0,0,670.4462891,48
626,1,DDT500_num100.txt,fixed,1903,8,237.875,8.207275391,8.628522872924805,5.405323008744745e-06,-4.96,-0.424416633,0.1900000125169754,0.02121320553123951,0.1599999964237213,0.23000000417232513,-0.142165735,-0.136835255,0.001459963192852835,0.606046199798584,0.009578982030992242,0.026225130073726177,0.0003,648,152,116.3065072966163,8.65143346786499,7.710505723953247,16.361939191818237,924,0.32885680138133466,0,0,TRUE,pair,252,3.6238322000717744,5.466631633885835,48,0,7.551587301587301,3.6238322000717744,0.35248500294983387,4.4763267991365865,cpu,cuda:0,0,670.4443359,49
627,1,DDT500_num100.txt,fixed,1878,8,234.75,12.203995704650879,8.479036331176758,7.1286758611677215e-06,-4.92,-0.424993609,0.19249999523162842,0.011989576742053032,0.17000000178813934,0.20999999344348907,-0.025232749,-0.019466892,0.0016176762777225424,0.657468299070994,0.058482885626896554,0.023458390574281413,0.0003,646,154,110.08169291491265,8.49956727027893,8.560490131378174,17.060057401657104,907,0.361950702033937,0,0,TRUE,pair,248,3.4878955000313,5.4504792314494885,35,0,7.57258064516129,3.4878955000313,0.3361518000019714,4.4789410950616,cpu,cuda:0,0,670.4443359,48
628,1,DDT500_num100.txt,fixed,1840,8,230,18.07622718811035,8.537837982177734,1.137434082920663e-05,-4.98,-0.434586719,0.1887499988079071,0.0480722114443779,0.11999999731779099,0.25,-0.076738757,-0.071315129,0.0019649110618047416,0.6406084522604942,0.009590669102180982,0.024049332772847265,0.0003,649,151,111.33975194993756,8.560476779937744,7.965516567230225,16.52599334716797,898,0.32956769969314337,0,0,TRUE,pair,252,3.6255930989282206,5.5624999966310416,56,0,7.301587301587301,3.6255930989282206,0.36005510040558875,4.374562897835858,cpu,cuda:0,0,670.44384765625,49
629,1,DDT500_num100.txt,fixed,1846,8,230.75,11.166356086730957,8.233735084533691,6.555427262355806e-06,-5.1,-0.423331525,0.1812499761581421,0.02027159184217453,0.15000000596046448,0.2199999988079071,-0.016251331,-0.010519514,0.0017883773931923013,0.662600502371788,0.010706009420876702,0.045116543769836426,0.0003,655,145,111.98748882701115,8.255903720855713,8.22808051109314,16.483984231948853,903,0.3365317996358499,0,0,TRUE,pair,251,3.356029900140129,5.424702057859105,30,0,7.354581673306773,3.356029900140129,0.32036630320362747,4.392320198356174,cpu,cuda:0,0,670.44384765625,48
630,1,DDT500_num100.txt,fixed,1864,8,233,4.769696235656738,8.444510459899902,4.0179011193686165e-06,-5,-0.393894948,0.1875,0.017853569239377975,0.15000000596046448,0.20999999344348907,-0.052978764,-0.047307652,0.0016398609848693013,0.6491035580635071,0.015840152130112983,0.0588184405118227,0.0003,650,150,125.4749984548704,8.464465141296387,6.3910839557647705,14.855549097061157,910,0.33854050107765943,0,0,TRUE,pair,240,3.446421299595386,5.49195278765306,44,0,7.766666666666667,3.446421299595386,0.33909339900128543,4.486245502135716,cpu,cuda:0,0,670.4443359,47
631,1,DDT500_num100.txt,fixed,1902,8,237.75,13.497685432434082,8.719042778015137,8.58306884765625e-06,-5.06,-0.398755287,0.1837500035762787,0.022878756746649742,0.14000000059604645,0.2199999988079071,-0.016736473,-0.011311001,0.0016261285782093182,0.6238535046577454,0.011406010260543553,0.030571823474019766,0.0003,653,147,96.46721440645084,8.740695238113403,10.975847959518433,19.716543197631836,941,0.3417644997825846,0,0,TRUE,pair,261,3.7148072994314134,5.437960041058177,25,0,7.287356321839081,3.7148072994314134,0.3577075023204088,4.468799899797887,cpu,cuda:0,0,670.4443359,48
632,1,DDT500_num100.txt,fixed,1876,8,234.5,6.264982223510742,8.448458671569824,4.955436907039257e-06,-4.68,-0.375278359,0.20750001072883606,0.013919411227107048,0.1899999976158142,0.23000000417232513,-0.188706267,-0.183970745,0.0016025592805817724,0.5536804735660553,0.016610865362599724,0.02517040688544512,0.0003,634,166,118.77586652071332,8.468164205551147,7.326290130615234,15.794454336166382,900,0.3469419004395604,0,0,TRUE,pair,242,3.3444319997215644,5.2798507470311895,33,0,7.75206611570248,3.3444319997215644,0.3308597021969035,4.6005646992707625,cpu,cuda:0,0,670.4443359,47
633,1,DDT500_num100.txt,fixed,1924,8,240.5,19.58315658569336,8.949729919433594,9.524815141048748e-06,-4.72,-0.363302455,0.20499999821186066,0.02499999664723873,0.17000000178813934,0.25,-0.147307045,-0.142442409,0.0014790017545844119,0.5604132380750444,0.009187933417403352,0.038963853769625224,0.0003,636,164,61.789797332436684,8.97196364402771,22.165863037109375,31.137826681137085,878,0.3291920976480469,0,0,TRUE,pair,266,3.743453900096938,5.228170476187787,28,0,7.2330827067669174,3.743453900096938,0.3850309000117704,4.634298503515311,cpu,cuda:0,0,670.4462891,49
634,1,DDT500_num100.txt,fixed,1933,8,241.625,13.056966781616211,8.395858764648438,7.112710136425449e-06,-4.58,-0.357340784,0.21375000476837158,0.02117634005844593,0.1899999976158142,0.23999999463558197,-0.108069003,-0.103102778,0.0013915294382189,0.5661989109856742,0.014551598911306687,0.023103002857949053,0.0003,629,171,110.15059688328408,8.423832416534424,9.124869585037231,17.548702001571655,900,0.3338307013036683,0,0,TRUE,pair,260,3.4355317997979,5.120020694086358,26,0,7.434615384615385,3.4355317997979,0.3313139994861558,4.457107701105997,cpu,cuda:0,0,670.4462891,48
635,1,DDT500_num100.txt,fixed,1897,8,237.125,10.993606567382812,8.804548263549805,7.725644536549225e-06,-4.9,-0.384618248,0.1937500238418579,0.022878754884004593,0.15000000596046448,0.2199999988079071,-0.339034135,-0.334467704,0.0009852016616302233,0.5059032241503397,0.08306396855429436,0.027824280473093193,0.0003,645,155,186.3205658176679,8.825731039047241,1.3556463718414307,10.181377410888672,910,0.33966760197654366,0,0,TRUE,pair,249,3.678223700961098,5.275698469259517,44,0,7.618473895582329,3.678223700961098,0.37160250230226666,4.485525202122517,cpu,cuda:0,0,213.07275390625,47
636,1,DDT500_num100.txt,fixed,1851,8,231.375,6.142831325531006,8.462793350219727,5.080050414107973e-06,-4.88,-0.382322547,0.19500002264976501,0.022360676899552345,0.15000000596046448,0.23000000417232513,-0.07129288,-0.066166169,0.0013577966019511223,0.580561797727238,0.010295717744818168,0.036184665323658424,0.0003,644,156,79.78875295733225,8.484001636505127,14.714756727218628,23.198758363723755,892,0.3288193988846615,0,0,TRUE,pair,244,3.5792942009866238,5.301998919245361,32,0,7.586065573770492,3.5792942009866238,0.36048049887176603,4.345219498500228,cpu,cuda:0,0,670.44384765625,48
637,1,DDT500_num100.txt,fixed,1940,8,242.5,10.571187019348145,8.44921875,6.92645971867023e-06,-4.78,-0.388517875,0.20125001668930054,0.01615355908870697,0.17000000178813934,0.2199999988079071,-0.148467724,-0.14345584,0.0009460569209685284,0.5484911501407623,0.006599569452061717,0.026124737358519008,0.0003,639,161,114.88173130167566,8.474434852600098,8.412497282028198,16.886932134628296,913,0.41670590243302286,0,0,TRUE,pair,265,3.341934299445711,5.186597935932198,28,0,7.320754716981132,3.341934299445711,0.3315423030871898,4.601244204677641,cpu,cuda:0,0,670.4462891,48
638,1,DDT500_num100.txt,fixed,1903,8,237.875,11.493884086608887,9.187200546264648,7.144605660869274e-06,-4.68,-0.386957134,0.20750001072883606,0.027726342901587486,0.1599999964237213,0.23000000417232513,-0.441865601,-0.437182449,0.0009309241868322715,0.514861024916172,0.02549549443210708,0.02216022415086627,0.0003,634,166,156.57357371112414,9.213016986846924,2.9410135746002197,12.154030561447144,915,0.36912210134323686,0,0,TRUE,pair,252,3.7920313995564356,5.2338413025790365,30,0,7.551587301587301,3.7920313995564356,0.3912722007371485,4.811020496650599,cpu,cuda:0,0,445.1650391,48
639,1,DDT500_num100.txt,fixed,1909,8,238.625,7.192661285400391,8.431614875793457,5.488807801157236e-06,-4.66,-0.371249757,0.20875000953674316,0.01763341948390007,0.17000000178813934,0.2199999988079071,-0.16210195,-0.157005778,0.001202170188272638,0.5697258157389504,0.016849028212683543,0.053583636380998154,0.0003,633,167,109.913160611181,8.451939105987549,8.916317701339722,17.36825680732727,893,0.34229479951318353,0,0,TRUE,pair,251,3.457403799169697,5.288632793786202,32,0,7.605577689243028,3.457403799169697,0.33006020181346685,4.471681196358986,cpu,cuda:0,0,670.4443359,47
640,1,DDT500_num100.txt,fixed,1872,8,234,5.722761631011963,8.458026885986328,5.631929525407031e-06,-5.06,-0.395873721,0.1837500035762787,0.01218348927795887,0.17000000178813934,0.20999999344348907,-0.618709902,-0.61359639,0.0009037863928824663,0.5565406084060669,0.011451303774568563,0.009747946014006933,0.0003,653,147,169.56864193321982,8.485873222351074,2.553903818130493,11.039777040481567,892,0.4120105024194345,0,0,TRUE,pair,243,3.4825115996645764,5.536324785051183,35,0,7.703703703703703,3.4825115996645764,0.3340527022955939,4.469671701081097,cpu,cuda:0,0,446.35205078125,47
641,1,DDT500_num100.txt,fixed,1790,8,223.75,10.437313079833984,8.065535545349121,6.134357590781292e-06,-5.1,-0.380876706,0.18124999105930328,0.029341736808419228,0.1599999964237213,0.23999999463558197,-0.139397668,-0.134605386,0.0019258116122468241,0.5755184292793274,0.037925957003608346,0.03993786219507456,0.0003,655,145,113.5888204382906,8.085766315460205,7.672826766967773,15.758593082427979,861,0.3273019011830911,0,0,TRUE,pair,247,3.3778497994644567,5.391620111865039,30,0,7.246963562753036,3.3778497994644567,0.321785400621593,4.201584499562159,cpu,cuda:0,0,670.44189453125,47
642,1,DDT500_num100.txt,fixed,1874,8,234.25,6.887488842010498,8.524301528930664,6.538061825267505e-06,-4.7,-0.368086547,0.20625001192092896,0.02689678966999054,0.15000000596046448,0.23999999463558197,-0.035137332,-0.030286755,0.0015011061120524325,0.5601130019534718,0.013142734763360668,0.04732787947763096,0.0003,635,165,82.80954007115902,8.546753168106079,14.083489656448364,22.630242824554443,894,0.3428418003022671,0,0,TRUE,pair,246,3.5968867001356557,5.287620064161376,35,0,7.617886178861789,3.5968867001356557,0.3411640983540565,4.409795498591848,cpu,cuda:0,0,670.4443359,47
643,1,DDT500_num100.txt,fixed,1857,8,232.125,11.038993835449219,8.606611251831055,7.67396795708919e-06,-4.94,-0.402502743,0.1912500113248825,0.013635888695716858,0.17000000178813934,0.20999999344348907,-0.048971093,-0.044430679,0.0021069495007395743,0.5593897044658661,0.022999794944189488,0.02635759171098471,0.0003,647,153,117.47598709113251,8.630414009094238,7.177071809768677,15.807485818862915,881,0.33239279908593744,0,0,TRUE,pair,257,3.6632510994095355,5.337641355743573,35,0,7.22568093385214,3.6632510994095355,0.36049480189103633,4.404925401206128,cpu,cuda:0,0,670.4443359,49
644,1,DDT500_num100.txt,fixed,1838,8,229.75,7.048935890197754,8.133088111877441,6.012687663314864e-06,-4.8,-0.411072004,0.19999998807907104,0.02121320180594921,0.18000000715255737,0.25,0.03746620416641235,0.04240304529666901,0.001843550195917487,0.5858619630336761,0.026158817228861153,0.05159156434237957,0.0003,640,160,114.40850850061281,8.15834355354309,7.906895160675049,16.06523871421814,866,0.3257003006292507,0,0,TRUE,pair,241,3.323271300061606,5.403155604695599,27,0,7.626556016597511,3.323271300061606,0.3156901022884995,4.330759801901877,cpu,cuda:0,0,670.44384765625,47
645,1,DDT500_num100.txt,fixed,1862,8,232.75,7.5787529945373535,8.379095077514648,4.1019084164872766e-06,-4.9,-0.414408526,0.19375000894069672,0.009921564720571041,0.18000000715255737,0.20999999344348907,-0.155788292,-0.150764744,0.0013410355525345287,0.5694060352715579,0.007335989054726352,0.028473869897425175,0.0003,645,155,88.14135130642697,8.398821592330933,12.72633671760559,21.125158309936523,861,0.32215180178172886,0,0,TRUE,pair,241,3.3889400989282876,5.3947368380078435,30,0,7.726141078838174,3.3889400989282876,0.33551640226505697,4.48431169858668,cpu,cuda:0,0,670.4443359,49
646,1,DDT500_num100.txt,fixed,1881,8,235.125,8.950384140014648,8.311665534973145,7.725644536549225e-06,-4.88,-0.403424763,0.19499999284744263,0.022912876680493355,0.15000000596046448,0.23999999463558197,-0.124060805,-0.119125399,0.0015399388761983977,0.5705379446347555,0.009342152217868716,0.05584209898693694,0.0003,644,156,96.08356175674705,8.336169242858887,11.240540504455566,19.576709747314453,878,0.33592780167236924,0,0,TRUE,pair,249,3.4207029995741323,5.380648591174907,35,0,7.554216867469879,3.4207029995741323,0.321742499130778,4.39968749973923,cpu,cuda:0,0,670.4443359,47
647,1,DDT500_num100.txt,fixed,1807,8,225.875,7.49061918258667,8.21833324432373,6.325959930109093e-06,-5.02,-0.419313298,0.1862499862909317,0.01996089518070221,0.15000000596046448,0.20999999344348907,-0.085761539,-0.08046075,0.0013287299532546764,0.5965148276752896,0.010679009383440845,0.01993840177439981,0.0003,651,149,103.59906768993959,8.238888025283813,9.203353881835938,17.44224190711975,859,0.3212592989439145,0,0,TRUE,pair,234,3.2955903010442853,5.382955175377614,25,0,7.722222222222222,3.2955903010442853,0.34270260110497475,4.407601998187602,cpu,cuda:0,0,670.44384765625,49
648,1,DDT500_num100.txt,fixed,1848,8,231,7.106335163116455,8.074684143066406,5.0011103667202406e-06,-4.98,-0.397914216,0.1887499988079071,0.016909684985876083,0.1599999964237213,0.20999999344348907,-0.034235548,-0.02877463,0.0016178722959011792,0.6269854664802551,0.012183746788650751,0.023779596481472254,0.0003,649,151,121.58705235555142,8.096282720565796,7.102704048156738,15.198986768722534,880,0.3421708013629541,0,0,TRUE,pair,242,3.2705603014910594,5.435606059573946,32,0,7.636363636363637,3.2705603014910594,0.31303429906256497,4.324014603276737,cpu,cuda:0,0,670.44384765625,47
649,1,DDT500_num100.txt,fixed,1836,8,229.5,8.32165813446045,8.755529403686523,6.226332061487483e-06,-4.96,-0.403453251,0.1900000125169754,0.02499999850988388,0.15000000596046448,0.23000000417232513,-0.069847677,-0.065760057,0.001154872588813305,0.46650567650794983,0.02942824177443981,0.025489142281003296,0.0003,648,152,163.8123549921748,8.77946138381958,2.4284844398498535,11.207945823669434,870,0.35278199915774167,0,0,TRUE,pair,240,3.6370407997164875,5.339869278708314,36,0,7.65,3.6370407997164875,0.355516898795031,4.583496598294005,cpu,cuda:0,0,480.4208984,47
650,1,DDT500_num100.txt,fixed,1878,8,234.75,6.9417219161987305,8.509366989135742,5.384249561757315e-06,-4.7,-0.388084378,0.20625001192092896,0.02689679153263569,0.15000000596046448,0.25,-0.057446607,-0.052417644,0.0014919947557659311,0.5774960572069342,0.008417747332714498,0.034224349836056885,0.0003,635,165,90.10129825937977,8.5323486328125,12.310858249664307,20.843206882476807,890,0.42180130002088845,0,0,TRUE,pair,243,3.476209200103767,5.400958464422419,35,0,7.728395061728395,3.476209200103767,0.3390021992381662,4.519579300540499,cpu,cuda:0,0,670.4443359,48
651,1,DDT500_num100.txt,fixed,1804,8,225.5,7.5828752517700195,8.202363014221191,6.529361598950345e-06,-5.02,-0.412054475,0.1862499862909317,0.025464434176683426,0.15000000596046448,0.2199999988079071,-0.046137717,-0.040942621,0.001196885042273524,0.5793535736474124,0.011719543345283124,0.0524963117627935,0.0003,651,149,92.48881426789097,8.223746538162231,11.281314849853516,19.505061388015747,885,0.3429151023738086,0,0,TRUE,pair,239,3.397132999380119,5.603658540021554,35,0,7.548117154811716,3.397132999380119,0.32820980122778565,4.307533698389307,cpu,cuda:0,0,670.44384765625,47
652,1,DDT500_num100.txt,fixed,1928,8,241,9.165151596069336,8.531967163085938,7.340814590861555e-06,-4.7,-0.363960572,0.20624999701976776,0.026427967473864555,0.17000000178813934,0.25,-0.060552675,-0.055546919,0.0014845497457177512,0.5748030330453601,0.009922764405408608,0.046600534713694027,0.0003,635,165,114.51255080433396,8.555836200714111,8.280746221542358,16.83658242225647,903,0.33334900019690394,0,0,TRUE,pair,258,3.4496161000570282,5.26141079036032,35,0,7.4728682170542635,3.4496161000570282,0.35286319768056273,4.551582703599706,cpu,cuda:0,0,670.4462891,49
653,1,DDT500_num100.txt,fixed,1823,8,227.875,8.766947746276855,7.9728779792785645,7.257095148816006e-06,-5.08,-0.389884153,0.1824999898672104,0.028173567727208138,0.14000000059604645,0.2199999988079071,-0.080486522,-0.075704955,0.0016282453011213379,0.5595688684420153,0.008805793539398688,0.03799512779170817,0.0003,654,146,89.02682589078391,7.9943883419036865,12.482585668563843,20.47697401046753,914,0.4216877998551354,0,0,TRUE,pair,241,3.186217900365591,5.561711466449731,40,0,7.564315352697095,3.186217900365591,0.31195710448082536,4.311075096717104,cpu,cuda:0,0,670.44384765625,47
654,1,DDT500_num100.txt,fixed,1872,8,234,12.186058044433594,8.937599182128906,7.4712943387567066e-06,-4.86,-0.36010405,0.19624999165534973,0.023946555331349373,0.1599999964237213,0.23000000417232513,-0.02249921,-0.017537109,0.001191495719831437,0.5557851493358612,0.009208924107952043,0.034309284389019014,0.0003,643,157,125.91716313693634,8.95801043510437,5.90890645980835,14.86691689491272,889,0.3523314982885495,0,0,TRUE,pair,248,3.8674034017603844,5.173076920274996,28,0,7.548387096774194,3.8674034017603844,0.36830000136978924,4.51902920124121,cpu,cuda:0,0,670.4443359,48
655,1,DDT500_num100.txt,fixed,1882,8,235.25,7.119515419006348,8.269904136657715,5.34185346623417e-06,-4.9,-0.370519919,0.19374999403953552,0.023418743163347244,0.1599999964237213,0.23000000417232513,-0.062592348,-0.057456563,0.001002256097438346,0.5636913648673466,0.013195681851357222,0.04711785899209125,0.0003,645,155,108.95879575637018,8.29808235168457,8.974502086639404,17.272584438323975,870,0.33100260014180094,0,0,TRUE,pair,248,3.3263230997836217,5.30605738436631,32,0,7.588709677419355,3.3263230997836217,0.326747901388444,4.447407300933264,cpu,cuda:0,0,670.4443359,47
656,1,DDT500_num100.txt,fixed,1901,8,237.625,8.320719718933105,8.457621574401855,6.520650003949413e-06,-4.8,-0.369858515,0.20000001788139343,0.02121320366859436,0.1599999964237213,0.23000000417232513,-0.123831491,-0.118792502,0.0008353355224244297,0.5456661979357401,0.01013375960853106,0.02724862191826105,0.0003,640,160,121.06224843423162,8.479563474655151,7.22310209274292,15.702665567398071,907,0.3361567003885284,0,0,TRUE,pair,252,3.519177999231033,5.427143607372864,35,0,7.5436507936507935,3.519177999231033,0.32614660065155476,4.442799501819536,cpu,cuda:0,0,670.4443359,47
657,1,DDT500_num100.txt,fixed,1896,8,237,12.529964447021484,8.414387702941895,7.936151632748079e-06,-4.68,-0.362531067,0.20750002562999725,0.017853571102023125,0.17000000178813934,0.23000000417232513,-0.14195422,-0.137028972,0.0010247091284125215,0.5437600976890988,0.019329915279134486,0.04039557919734054,0.0003,634,166,96.12956413687111,8.436414957046509,11.28696584701538,19.72338080406189,888,0.3364811991341412,0,0,TRUE,pair,257,3.458141599665396,5.344409280059709,35,0,7.377431906614786,3.458141599665396,0.3345281978836283,4.448336898931302,cpu,cuda:0,0,670.4443359,47
658,1,DDT500_num100.txt,fixed,1944,8,243,12.932517051696777,8.661046981811523,8.54324025567621e-06,-4.68,-0.356155184,0.20750001072883606,0.020463380962610245,0.17000000178813934,0.23999999463558197,-0.139015933,-0.13434338,0.0013033675329227532,0.532422661781311,0.01819264783573869,0.03606967055904014,0.0003,634,166,114.49678803568763,8.686089515686035,8.292552709579468,16.978642225265503,886,0.32183349959086627,0,0,TRUE,pair,258,3.6065542994765565,5.283950617406594,35,0,7.534883720930233,3.6065542994765565,0.33871970407199115,4.543384498450905,cpu,cuda:0,0,670.4462891,48
659,1,DDT500_num100.txt,fixed,1957,8,244.625,13.434447288513184,8.722139358520508,6.802245479775593e-06,-4.4,-0.340665109,0.22499999403953552,0.023452075198292732,0.18000000715255737,0.25999999046325684,-0.177400699,-0.171860641,0.0013558462727814914,0.6217981994152069,0.013526470912620426,0.03321216739714146,0.0003,620,180,124.07842603264142,8.742946147918701,7.029336452484131,15.772282600402832,906,0.34111720172222704,0,0,TRUE,pair,266,3.5527668001595885,5.318855387736902,35,0,7.357142857142857,3.5527668001595885,0.33665770024526864,4.65747979900334,cpu,cuda:0,0,670.4462891,47
660,1,DDT500_num100.txt,fixed,1916,8,239.5,12.144957542419434,8.624380111694336,7.59953354645404e-06,-4.7,-0.387243977,0.20624999701976776,0.02117634192109108,0.17000000178813934,0.23999999463558197,-0.205288569,-0.200479935,0.0010610489359047885,0.5339160586396853,0.009457277482094165,0.03696619531062121,0.0003,635,165,83.54547781933117,8.646381139755249,14.287235975265503,22.933617115020752,893,0.34539439994841814,0,0,TRUE,pair,259,3.513781100511551,5.487473902971113,36,0,7.397683397683398,3.513781100511551,0.3391200003679842,4.5946102001471445,cpu,cuda:0,0,670.4443359,49
661,1,DDT500_num100.txt,fixed,1932,8,241.5,9.260129928588867,8.46507740020752,6.244564247026574e-06,-4.78,-0.384751408,0.20125000178813934,0.02146945521235466,0.17000000178813934,0.23000000417232513,-0.210960535,-0.206161713,0.0010016711845916386,0.5299660265445709,0.00854181688312868,0.04445239629906913,0.0003,639,161,84.53817122216296,8.486504077911377,14.367077589035034,22.85358166694641,902,0.42311309929937124,0,0,TRUE,pair,253,3.3794067988637835,5.406314697324859,35,0,7.636363636363637,3.3794067988637835,0.33089619886595756,4.580370599520393,cpu,cuda:0,0,670.4462891,49
662,1,DDT500_num100.txt,fixed,1881,8,235.125,12.190544128417969,8.40195369720459,7.878642463765573e-06,-4.68,-0.374327839,0.20750001072883606,0.012990381568670273,0.1899999976158142,0.23000000417232513,-0.111761945,-0.106662624,0.0009625009202864021,0.5580565124750138,0.0118849744394538,0.04039859902113676,0.0003,634,166,86.04211611833854,8.423635244369507,13.437751770019531,21.861387014389038,877,0.33199650095775723,0,0,TRUE,pair,253,3.440761300502345,5.3615098336730345,35,0,7.434782608695652,3.440761300502345,0.32973360177129507,4.461048700497486,cpu,cuda:0,0,670.4443359,47
663,1,DDT500_num100.txt,fixed,1935,8,241.875,12.494373321533203,9.175700187683105,8.217662980314344e-06,-4.62,-0.365585491,0.21124999225139618,0.039823830127716064,0.15000000596046448,0.27000001072883606,0.009230580925941468,0.01483885943889618,0.0013323384802788496,0.6274441361427308,0.02190445545129478,0.026723471097648145,0.0003,631,169,113.20431976902687,9.195817708969116,7.897169589996338,17.092987298965454,884,0.4305293987272307,0,0,TRUE,pair,258,3.857514499220997,5.424806200934319,32,0,7.5,3.857514499220997,0.3881733000744134,4.741487900959328,cpu,cuda:0,0,670.4462891,49
664,1,DDT500_num100.txt,fixed,2015,8,251.875,12.613856315612793,8.909717559814453,9.452928679820616e-06,-4.34,-0.362569893,0.22874999046325684,0.03018173947930336,0.18000000715255737,0.2800000011920929,-0.076401906,-0.070688966,0.0012073329046622596,0.6316605020653118,0.007235371016246394,0.023629282241348516,0.0003,617,183,82.42655804992012,8.932646036148071,15.513358354568481,24.446004390716553,893,0.34557080059312284,0,0,TRUE,pair,269,3.606692198314704,5.3687344874105145,40,0,7.4907063197026025,3.606692198314704,0.3504841012181714,4.767737997928634,cpu,cuda:0,0,670.44677734375,49
665,1,DDT500_num100.txt,fixed,1939,8,242.375,8.816709518432617,8.344433784484863,6.852201295259874e-06,-4.74,-0.376429927,0.20375001430511475,0.016535945236682892,0.18000000715255737,0.23000000417232513,-0.150695163,-0.145737213,0.001007003763030904,0.5461448132991791,0.010261906058682749,0.02855872956570238,0.0003,637,163,84.72753673986264,8.436952352523804,14.448169469833374,22.885121822357178,889,0.34174230112694204,0,0,TRUE,pair,257,3.330353500088677,5.286745746950934,30,0,7.544747081712062,3.330353500088677,0.3317546973703429,4.5066821980290115,cpu,cuda:0,0,670.4462891,50
666,1,DDT500_num100.txt,fixed,1955,8,244.375,13.04738998413086,8.722611427307129,8.183003956219181e-06,-4.46,-0.367298426,0.2212499976158142,0.022603925317525864,0.18000000715255737,0.25,0.02667316049337387,0.03177120983600616,0.0012011801649350674,0.5698643684387207,0.008936011244077235,0.029336944757960736,0.0003,623,177,87.31454291858715,8.74855899810791,13.641754627227783,22.390313625335693,900,0.42786439845804125,0,0,TRUE,pair,262,3.525112899951637,5.243478261845191,40,0,7.461832061068702,3.525112899951637,0.343707597698085,4.676841595210135,cpu,cuda:0,0,670.4462891,48
667,1,DDT500_num100.txt,fixed,1938,8,242.25,12.754900932312012,9.286092758178711,8.00745783635648e-06,-4.44,-0.376591821,0.2224999964237213,0.02989565208554268,0.1599999964237213,0.25999999046325684,-0.066426414,-0.061435562,0.0010683830866279702,0.5525044633282555,0.009359648270118568,0.03095448834614621,0.0003,622,178,85.71815382845071,9.307125806808472,13.301853895187378,22.60897970199585,893,0.34797299874480814,0,0,TRUE,pair,264,3.874185600085184,5.286377708609259,40,0,7.340909090909091,3.874185600085184,0.37583500146865845,4.846540599130094,cpu,cuda:0,0,670.4462891,48
668,1,DDT500_num100.txt,fixed,1969,8,246.125,10.44554328918457,8.848761558532715,6.262743681872962e-06,-4.38,-0.386501186,0.22625000774860382,0.025464439764618874,0.1899999976158142,0.27000001072883606,-0.107941727,-0.102987981,0.001195556490879076,0.5551522786800678,0.012779696410199484,0.05001346175917066,0.0003,619,181,77.64390149666313,8.869614362716675,16.489750146865845,25.35936450958252,893,0.3420642971759662,0,0,TRUE,pair,261,3.6786562011111528,5.4042661202141575,48,0,7.5440613026819925,3.6786562011111528,0.34934660128783435,4.6405767009127885,cpu,cuda:0,0,670.4462891,48
669,1,DDT500_num100.txt,fixed,1928,8,241,8.336666107177734,8.766910552978516,6.235454748093616e-06,-4.6,-0.408764673,0.21250000596046448,0.019202865660190582,0.1899999976158142,0.25,-0.037633617,-0.032535637,0.0011650056888659794,0.5680481957064735,0.00950150420653194,0.05277366874118646,0.0003,630,170,95.70786822817398,8.787052154541016,11.357582092285156,20.144634246826172,896,0.4138893996132538,0,0,TRUE,pair,255,3.591204399592243,5.503112033936987,35,0,7.56078431372549,3.591204399592243,0.34897260076832026,4.644090996705927,cpu,cuda:0,0,670.4462891,48
670,1,DDT500_num100.txt,fixed,1883,8,235.375,11.422975540161133,8.396530151367188,8.00745783635648e-06,-4.86,-0.433206913,0.19625000655651093,0.02781074121594429,0.15000000596046448,0.23000000417232513,-0.068172548,-0.062680164,0.0009847433021706012,0.5984753237830268,0.01200989860485101,0.036654322770320706,0.0003,643,157,110.47260172274817,8.418200492858887,8.626749753952026,17.044950246810913,881,0.32281110039912164,0,0,TRUE,pair,252,3.5179043010575697,5.422198618085094,44,0,7.472222222222222,3.5179043010575697,0.34811210131738335,4.357635998283513,cpu,cuda:0,0,670.4443359,49
671,1,DDT500_num100.txt,fixed,1856,8,232,10.198039054870605,8.2265625,7.168434422055725e-06,-5,-0.417875675,0.1874999850988388,0.022776082158088684,0.14000000059604645,0.2199999988079071,-0.024701657,-0.019812244,0.001706424102719341,0.5742623635700771,0.012937966592809451,0.05610916218055146,0.0003,650,150,110.00026655672804,8.24635934829712,8.62632703781128,16.8726863861084,864,0.3265134011162445,0,0,TRUE,pair,244,3.398250400205143,5.365301724523306,35,0,7.60655737704918,3.398250400205143,0.3327897994313389,4.326383400824852,cpu,cuda:0,0,670.44384765625,48
672,1,DDT500_num100.txt,fixed,1899,8,237.375,10.757990837097168,8.262540817260742,7.448434644174995e-06,-4.6,-0.406730771,0.21250000596046448,0.024366987869143486,0.1599999964237213,0.23999999463558197,-0.04153133,-0.036702817,0.0014541657139106017,0.5555596979040849,0.011739788348725261,0.058458748028466574,0.0003,630,170,58.23958608026663,8.283440828323364,24.323246955871582,32.606687784194946,903,0.4065102980239317,0,0,TRUE,pair,252,3.314910199260339,5.415481832292345,44,0,7.535714285714286,3.314910199260339,0.322268899413757,4.459534600377083,cpu,cuda:0,0,670.4443359,50
673,1,DDT500_num100.txt,fixed,1850,8,231.25,6.139014720916748,8.076004981994629,5.9269918892823625e-06,-4.96,-0.415164634,0.1899999976158142,0.019999997690320015,0.1599999964237213,0.2199999988079071,-0.022935696,-0.017916127,0.0010269486519973725,0.5533044412732124,0.009976238943636417,0.025928668241249397,0.0003,648,152,106.3700192437519,8.100016355514526,9.292102336883545,17.39211869239807,867,0.32709770277142525,0,0,TRUE,pair,239,3.2918585998704657,5.456756757530006,36,0,7.7405857740585775,3.2918585998704657,0.31800550350453705,4.30091730132699,cpu,cuda:0,0,670.44384765625,48
674,1,DDT500_num100.txt,fixed,1924,8,240.5,13.190905570983887,8.400591850280762,6.951036539248889e-06,-4.76,-0.416168836,0.20250001549720764,0.026809511706233025,0.14000000059604645,0.23999999463558197,0.014614385818796498,0.01964304048479313,0.0012384694973228587,0.5647889815625691,0.005666232379596858,0.02663509453469444,0.0003,638,162,55.96806253743545,8.421510934829712,25.95523738861084,34.37674832344055,887,0.3280408011050895,0,0,TRUE,pair,260,3.391531200497411,5.533783782544602,35,0,7.4,3.391531200497411,0.3429145992267877,4.489841001690365,cpu,cuda:0,0,670.4462891,50
675,1,DDT500_num100.txt,fixed,1894,8,236.75,8.982622146606445,8.196427345275879,6.951036539248889e-06,-4.64,-0.404667659,0.20999999344348907,0.026457510888576508,0.1599999964237213,0.23999999463558197,-0.021287424,-0.015969333,0.0011432539086811068,0.5889717553343091,0.010150179677155046,0.055824916366310345,0.0003,632,168,56.61920645220801,8.217747211456299,25.23379898071289,33.45154619216919,882,0.34139610081911087,0,0,TRUE,pair,254,3.302994100144133,5.481520591341077,35,0,7.456692913385827,3.302994100144133,0.3207651018165052,4.40336819854565,cpu,cuda:0,0,670.4443359,50
676,1,DDT500_num100.txt,fixed,1972,8,246.5,10.428326606750488,8.675283432006836,6.726615993102314e-06,-4.54,-0.396290458,0.2162500023841858,0.02175861783325672,0.1899999976158142,0.23999999463558197,0.03836850283874406,0.043959983727998204,0.0011164835595991462,0.6149721576107873,0.017262652168735966,0.04869011939606733,0.0003,627,173,99.14415416741633,8.696623802185059,11.193605899810791,19.89022970199585,900,0.34107110113836825,0,0,TRUE,pair,260,3.5766406988259405,5.426977685934148,33,0,7.584615384615384,3.5766406988259405,0.3435245029395446,4.577814196352847,cpu,cuda:0,0,670.4462891,49
677,1,DDT500_num100.txt,fixed,1897,8,237.125,8.623188018798828,8.642165184020996,6.040982952981722e-06,-4.82,-0.403762342,0.19875001907348633,0.01268610917031765,0.18000000715255737,0.20999999344348907,0.016104111447930336,0.02158581092953682,0.0008362813896383159,0.589983768761158,0.014241846976801753,0.050965236383490264,0.0003,641,159,97.46565233199769,8.663074731826782,10.80019211769104,19.463266849517822,889,0.3334723967127502,0,0,TRUE,pair,252,3.5860253002028912,5.29678439490721,30,0,7.527777777777778,3.5860253002028912,0.353635199717246,4.5240311017259955,cpu,cuda:0,0,670.4443359,49
678,1,DDT500_num100.txt,fixed,1921,8,240.125,14.555390357971191,8.809744834899902,3.2116673537530005e-05,-4.52,-0.39294969,0.2175000011920929,0.035968732088804245,0.15000000596046448,0.25999999046325684,-0.029371125,-0.024459814,0.0010236460199978734,0.5423130350453513,0.010600952032421316,0.02422943870936121,0.0003,626,174,110.57617253513608,8.835471153259277,8.537168502807617,17.372639656066895,887,0.421815796289593,0,0,TRUE,pair,263,3.559978999895975,5.39354502341823,35,0,7.304182509505703,3.559978999895975,0.3427143015433103,4.726249697385356,cpu,cuda:0,0,670.4462891,49
679,1,DDT500_num100.txt,fixed,1939,8,242.375,14.044015884399414,8.960661888122559,1.0742073754954617e-05,-4.66,-0.407820554,0.20875000953674316,0.03018173947930336,0.15000000596046448,0.25,-0.124441377,-0.11973368,0.0009536987903023449,0.518454946577549,0.010077942575056417,0.058647229646643005,0.0003,633,167,80.55561108344622,8.98155403137207,15.08877420425415,24.07032823562622,880,0.33667489723302424,0,0,TRUE,pair,258,3.7844752984819934,5.333161421815657,36,0,7.515503875968992,3.7844752984819934,0.3599152973620221,4.635866200667806,cpu,cuda:0,0,670.4462891,49
680,1,DDT500_num100.txt,fixed,1947,8,243.375,9.745992660522461,8.866280555725098,6.3618012973165605e-06,-4.5,-0.395386849,0.21875,0.019645290449261665,0.1899999976158142,0.25,-0.041642874,-0.036966596,0.0009779946465807204,0.516527696089311,0.008866673676741564,0.03546132934703068,0.0003,625,175,79.48797715505279,8.88827896118164,15.60599136352539,24.49427032470703,893,0.33812790003139526,0,0,TRUE,pair,259,3.686505400459282,5.204930662435327,44,0,7.517374517374518,3.686505400459282,0.35438510309904814,4.643892199033871,cpu,cuda:0,0,670.4462891,49
681,1,DDT500_num100.txt,fixed,1866,8,233.25,6.159342288970947,8.86124038696289,6.370729806803865e-06,-4.8,-0.416168731,0.20000001788139343,0.02179449424147606,0.17000000178813934,0.23000000417232513,-0.004054821,0.0005893437191843987,0.0011875500446573521,0.5237939655780792,0.009073591124736899,0.03225112954775492,0.0003,640,160,82.42372411732751,8.882896184921265,13.756216764450073,22.639112949371338,878,0.33134159992914647,0,0,TRUE,pair,243,3.887785301543772,5.52357984854094,35,0,7.679012345679013,3.887785301543772,0.4010751028545201,4.387913300539367,cpu,cuda:0,0,670.4443359,49
682,1,DDT500_num100.txt,fixed,1939,8,242.375,13.21871280670166,8.822518348693848,8.293402970593888e-06,-4.72,-0.400022248,0.20500001311302185,0.01802775450050831,0.18000000715255737,0.23999999463558197,0.028090203167974122,0.032477795519096415,0.0009876015279183371,0.4881393280294206,0.010891790572916053,0.0431251208194428,0.0003,636,164,65.05441302556976,8.842184066772461,20.96230459213257,29.8058180809021,884,0.3957056018989533,0,0,TRUE,pair,260,3.711566199781373,5.348117586753613,36,0,7.457692307692308,3.711566199781373,0.36606340075377375,4.565269299317151,cpu,cuda:0,0,670.4462891,50
683,1,DDT500_num100.txt,fixed,1924,8,240.5,10.428326606750488,8.34363079071045,7.509238912462024e-06,-4.64,-0.409775017,0.21000000834465027,0.026457510888576508,0.17000000178813934,0.25999999046325684,-0.055103481,-0.050615651,0.0008619655036454787,0.4918811246752739,0.0071387237276212545,0.03409797509084456,0.0003,632,168,67.5047048528207,8.372992992401123,20.128724098205566,28.50171709060669,907,0.3375959969125688,0,0,TRUE,pair,256,3.374783000559546,5.317567566204468,30,0,7.515625,3.374783000559546,0.3324117024894804,4.463304900913499,cpu,cuda:0,0,670.4462891,49
684,1,DDT500_num100.txt,fixed,1923,8,240.375,11.62903118133545,8.810922622680664,8.576443178753834e-06,-4.52,-0.399609549,0.2175000160932541,0.019202863797545433,0.18000000715255737,0.25,-0.060531905,-0.05578981,0.000841646611330692,0.5162920139052651,0.009085501840507442,0.04556751462884925,0.0003,626,174,89.87224146789974,8.832863569259644,12.5641770362854,21.397040605545044,859,0.4053245027316734,0,0,TRUE,pair,256,3.657959000673145,5.4076963085962095,35,0,7.51171875,3.657959000673145,0.374184800311923,4.59304439893458,cpu,cuda:0,0,670.4462891,50
685,1,DDT500_num100.txt,fixed,1947,8,243.375,6.762719631195068,8.381406784057617,6.432885129470378e-06,-4.54,-0.402842717,0.2162499874830246,0.02825663983821869,0.17000000178813934,0.27000001072883606,-0.056919206,-0.05216934,0.0007795694044842902,0.51396487487687,0.010928261197275586,0.032353142172926,0.0003,627,173,103.73944648073409,8.403503656387329,10.364670515060425,18.768174171447754,888,0.3394617009907961,0,0,TRUE,pair,253,3.358013499644585,5.194658447058922,36,0,7.695652173913044,3.358013499644585,0.32760350266471505,4.522650700062513,cpu,cuda:0,0,670.4462891,49
686,1,DDT500_num100.txt,fixed,1894,8,236.75,6.851094722747803,8.454007148742676,5.820539172418648e-06,-4.64,-0.416523955,0.21000000834465027,0.02499999850988388,0.1899999976158142,0.25999999046325684,-0.044852994,-0.039367192,0.0010402348028340687,0.6005917688210806,0.010469038650626317,0.020673436112701893,0.0003,632,168,125.61556955238704,8.475217580795288,6.60253119468689,15.077748775482178,852,0.3210993013344705,0,0,TRUE,pair,243,3.490778700564988,5.431890177751922,35,0,7.794238683127572,3.490778700564988,0.33940109773539007,4.44889850274194,cpu,cuda:0,0,670.4443359,50
687,1,DDT500_num100.txt,fixed,1919,8,239.875,11.151653289794922,8.670510292053223,8.54324025567621e-06,-4.8,-0.428003063,0.19999998807907104,0.014142134226858616,0.17000000178813934,0.2199999988079071,-0.064291677,-0.059242172,0.0011205019337856875,0.560975364276341,0.013425503325249468,0.02709143635417734,0.0003,640,160,108.64752019450557,8.693214178085327,8.969407081604004,17.66262125968933,886,0.3428268014686182,0,0,TRUE,pair,252,3.56406449934002,5.250651379436674,36,0,7.615079365079365,3.56406449934002,0.350162596674636,4.5775441993027925,cpu,cuda:0,0,670.4443359,49
688,1,DDT500_num100.txt,fixed,1921,8,240.125,10.227872848510742,8.608424186706543,7.80616028350778e-06,-4.6,-0.430726586,0.21250000596046448,0.014790201559662819,0.1899999976158142,0.23000000417232513,0.015352754294872284,0.02021764889359474,0.0014215285948012025,0.5575655937194824,0.011629097536206246,0.03381440192461014,0.0003,630,170,126.30757519888378,8.631122350692749,6.5777833461761475,15.208905696868896,873,0.3317683981731534,0,0,TRUE,pair,256,3.478191000293009,5.231129621106594,38,0,7.50390625,3.478191000293009,0.34849420050159097,4.606202797964215,cpu,cuda:0,0,670.4462891,48
689,1,DDT500_num100.txt,fixed,1925,8,240.625,8.88731575012207,9.011809349060059,7.325311344175134e-06,-4.64,-0.41939296,0.21000000834465027,0.018708284944295883,0.17000000178813934,0.23999999463558197,-0.00104169,0.0037745339795947075,0.0010113307944266126,0.532188780605793,0.01145743734377902,0.03702033357694745,0.0003,632,168,137.0862101602579,9.03163456916809,5.010623931884766,14.042258501052856,889,0.4312453034799546,0,0,TRUE,pair,256,3.785644400282763,5.515324673219161,70,0,7.51953125,3.785644400282763,0.3718257041182369,4.6683688015909865,cpu,cuda:0,0,670.4462891,50
690,1,DDT500_num100.txt,fixed,1940,8,242.5,13.67479419708252,8.497522354125977,8.622713721706532e-06,-4.68,-0.406459542,0.20750001072883606,0.026339130476117134,0.18000000715255737,0.25999999046325684,-0.058754926,-0.054161145,0.0011775514788248322,0.5182555642994967,0.007844447491648183,0.04899730575694279,0.0003,634,166,80.92799572858267,8.519993305206299,15.45193362236023,23.97192692756653,891,0.33348910021595657,0,0,TRUE,pair,259,3.4888643986778334,5.285051544425413,35,0,7.4903474903474905,3.4888643986778334,0.32960430334787816,4.506574601167813,cpu,cuda:0,0,670.4462891,50
691,1,DDT500_num100.txt,fixed,1926,8,240.75,7.479137420654297,8.684808731079102,5.168791631149361e-06,-4.46,-0.399437526,0.2212500125169754,0.02146945521235466,0.17000000178813934,0.25,-0.086343943,-0.081550776,0.0008402286669782674,0.5213282157977422,0.019453880440172117,0.04582983860746026,0.0003,623,177,83.76284163598802,8.709025859832764,14.28446340560913,22.993489265441895,894,0.41737369971815497,0,0,TRUE,pair,246,3.534667399362661,5.4408099702090365,40,0,7.829268292682927,3.534667399362661,0.34910859738010913,4.621791397919878,cpu,cuda:0,0,670.4462891,49
692,1,DDT500_num100.txt,fixed,1964,8,245.5,11.456439018249512,9.269889831542969,7.979011570569128e-06,-4.48,-0.393887139,0.2199999988079071,0.022360678762197495,0.17000000178813934,0.23999999463558197,-0.115733639,-0.110487849,0.0009256808843929321,0.5708629749715328,0.008783389668678865,0.03710636880714446,0.0003,624,176,103.2161996551179,9.292849063873291,9.735171794891357,19.02802085876465,904,0.3564034999581054,0,0,TRUE,pair,256,3.8257720979163423,5.242871686664473,35,0,7.671875,3.8257720979163423,0.3870782976737246,4.864380200160667,cpu,cuda:0,0,670.4462891,49
693,1,DDT500_num100.txt,fixed,1929,8,241.125,13.223440170288086,8.810969352722168,7.176359758886974e-06,-4.72,-0.405829945,0.20500001311302185,0.020615525543689728,0.18000000715255737,0.23999999463558197,-0.005799844,-0.000471064,0.0012607141931463655,0.5959132760763168,0.017127442251270015,0.04174926799411575,0.0003,636,164,120.1082411884623,8.835099220275879,7.225414037704468,16.060513257980347,882,0.32639750000089407,0,0,TRUE,pair,259,3.6099184005288407,5.242094351381388,30,0,7.447876447876448,3.6099184005288407,0.3574447015998885,4.661375196301378,cpu,cuda:0,0,670.4462891,48
694,1,DDT500_num100.txt,fixed,1967,8,245.875,13.392512321472168,8.81571102142334,7.59953354645404e-06,-4.32,-0.383628104,0.22999998927116394,0.029999999329447746,0.1899999976158142,0.2800000011920929,-0.127802914,-0.122852241,0.0009197102699545212,0.541053332388401,0.015105579048395157,0.07755691464990377,0.0003,616,184,106.50157113840349,8.83625316619873,9.632957935333252,18.469211101531982,898,0.34345119970384985,0,0,TRUE,pair,260,3.65757429972291,5.08439247597276,35,0,7.565384615384615,3.65757429972291,0.34763819829095155,4.6300261984579265,cpu,cuda:0,0,670.4462891,48
695,1,DDT500_num100.txt,fixed,1957,8,244.625,11.401068687438965,9.08879566192627,8.078133760136552e-06,-4.6,-0.404304697,0.21250000596046448,0.02861381135880947,0.17000000178813934,0.27000001072883606,-0.003340925,0.0016694191311086928,0.0011661395027268945,0.5593407068933759,0.008429940024923002,0.03521929934088673,0.0003,630,170,114.0239833612351,9.110274314880371,8.052781581878662,17.163055896759033,895,0.35070590232498944,0,0,TRUE,pair,256,3.6892026009736583,5.175779254447457,30,0,7.64453125,3.6892026009736583,0.3806467013200745,4.826775498804636,cpu,cuda:0,0,670.4462891,49
696,1,DDT500_num100.txt,fixed,1911,8,238.875,14.391295433044434,8.5448579788208,1.0047582691186108e-05,-4.68,-0.408377236,0.20750001072883606,0.026339130476117134,0.15000000596046448,0.23999999463558197,0.16394734879334769,0.16943377256393433,0.0028818336625893912,0.6927342812220255,0.012902449195583662,0.0387834832072258,0.0003,634,166,136.02806436360885,8.566413640975952,5.482157945632935,14.048571586608887,867,0.33003810280933976,0,0,TRUE,pair,259,3.5137681011110544,5.323390894757086,45,0,7.378378378378378,3.5137681011110544,0.34023910004179925,4.516639502369799,cpu,cuda:0,0,670.4443359,50
697,1,DDT500_num100.txt,fixed,1965,8,245.625,9.419892311096191,8.949972152709961,1.1498599633341655e-05,-4.72,-0.396605206,0.20500001311302185,0.02179449424147606,0.17000000178813934,0.23000000417232513,-0.094140949,-0.089269177,0.0010162569669773802,0.5379903614521027,0.017514953040517867,0.033260820200666785,0.0003,636,164,136.38239153950047,8.979162454605103,5.428855895996094,14.408018350601196,903,0.3532735015032813,0,0,TRUE,pair,257,3.622746599954553,5.230534350174377,40,0,7.64591439688716,3.622746599954553,0.34610979969147593,4.795974201289937,cpu,cuda:0,0,670.4462891,48
698,1,DDT500_num100.txt,fixed,1944,8,243,7.745966911315918,8.279607772827148,5.946142209722893e-06,-4.46,-0.381448037,0.2212499976158142,0.025217797607183456,0.18000000715255737,0.25999999046325684,-0.151655794,-0.146077555,0.0012516511254943908,0.6204062879085541,0.015940568316727875,0.03963780254125595,0.0003,623,177,128.32795440626126,8.299605369567871,6.849081516265869,15.14868688583374,871,0.33056849997956306,0,0,TRUE,pair,251,3.2863737005973235,5.1908436200501,36,0,7.745019920318725,3.2863737005973235,0.32711550302337855,4.493932101409882,cpu,cuda:0,0,670.4462891,48
699,1,DDT500_num100.txt,fixed,1941,8,242.625,8.26041030883789,8.542777061462402,7.732999620202463e-06,-4.5,-0.372493244,0.21875,0.012686116620898247,0.1899999976158142,0.23000000417232513,0.12184442424525817,0.12590558687224984,0.0010686428480160732,0.4595482548077901,0.011738309859841442,0.01461884193122387,0.0003,625,175,172.25053183870222,8.563581466674805,2.7048888206481934,11.268470287322998,893,0.32030789961572737,0,0,TRUE,pair,253,3.6008876006817445,5.335394127721457,36,0,7.67193675889328,3.6008876006817445,0.3306517038727179,4.441766003146768,cpu,cuda:0,0,480.42333984375,48
700,1,DDT500_num100.txt,fixed,2013,8,251.625,8.957364082336426,8.884662628173828,6.040982952981722e-06,-4.52,-0.372668229,0.2175000160932541,0.03596873581409454,0.14000000059604645,0.25999999046325684,-0.04483147,-0.039924671,0.0014485949747419606,0.5631090799967448,0.013593226942854622,0.027945011543730896,0.0003,626,174,117.27353662192485,8.906112670898438,8.258885145187378,17.164997816085815,917,0.33716860110871494,0,0,TRUE,pair,261,3.691874201525934,5.1087928476821585,30,0,7.712643678160919,3.691874201525934,0.3663993019144982,4.643099203240126,cpu,cuda:0,0,670.44677734375,49
701,1,DDT500_num100.txt,fixed,1981,8,247.625,11.704032897949219,8.642315864562988,7.104713859007461e-06,-4.58,-0.384640705,0.21375000476837158,0.01494782604277134,0.1899999976158142,0.23999999463558197,-0.024953713,-0.019440611,0.0010186802421230823,0.6022439002990723,0.012880432151723653,0.033734271419234574,0.0003,629,171,83.08473299288416,8.670977354049683,15.172151565551758,23.84312891960144,900,0.332488302141428,0,0,TRUE,pair,262,3.4729242014000192,5.254416959686511,35,0,7.561068702290076,3.4729242014000192,0.3314737962791696,4.663381599355489,cpu,cuda:0,0,670.4462891,49
702,1,DDT500_num100.txt,fixed,1898,8,237.25,12.059746742248535,8.693281173706055,7.835234100639354e-06,-4.7,-0.400559604,0.20625001192092896,0.01494782418012619,0.18000000715255737,0.23000000417232513,-0.0706297,-0.064931196,0.001021562302152493,0.6209282108715602,0.016870537122096203,0.03249654742623014,0.0003,635,165,107.47802814646184,8.714610576629639,8.944812774658203,17.659423351287842,877,0.343015504302457,0,0,TRUE,pair,250,3.603316999040544,5.428345628734384,35,0,7.592,3.603316999040544,0.35727129701990634,4.55220359750092,cpu,cuda:0,0,670.4443359,48
703,1,DDT500_num100.txt,fixed,1959,8,244.875,7.1140265464782715,9.149725914001465,6.641573236265685e-06,-4.68,-0.403191174,0.20750001072883606,0.02861381135880947,0.17000000178813934,0.27000001072883606,-0.035329555,-0.029847447,0.0019592907305599917,0.6461752818690406,0.016357684831341937,0.052110022554794945,0.0003,634,166,86.72454560218713,9.171039819717407,13.417720794677734,22.58876061439514,887,0.3491546979639679,0,0,TRUE,pair,257,3.8138142988318577,5.271056661927134,30,0,7.622568093385214,3.8138142988318577,0.389500399120152,4.753774204407819,cpu,cuda:0,0,670.4462891,48
704,1,DDT500_num100.txt,fixed,1889,8,236.125,17.47453498840332,8.420119285583496,2.1762798496638425e-05,-5,-0.431866802,0.1875,0.029474567621946335,0.12999999523162842,0.2199999988079071,0.0691467821598053,0.07536342926323414,0.0021631546842399985,0.7298227548599243,0.01245770521927625,0.02975470433011651,0.0003,650,150,135.50545477232976,8.45077133178711,5.489626884460449,13.940398216247559,882,0.34039829729590565,0,0,TRUE,pair,256,3.403911199886352,5.450502910331294,44,0,7.37890625,3.403911199886352,0.3328964033862576,4.509191100019962,cpu,cuda:0,0,670.4443359,48
705,1,DDT500_num100.txt,fixed,1917,8,239.625,10.282722473144531,8.399203300476074,6.485686753876507e-06,-4.72,-0.450770059,0.20499998331069946,0.019364915788173676,0.18000000715255737,0.23999999463558197,-0.075088103,-0.069583837,0.001964331587909588,0.6486432296889169,0.014739925731971328,0.024859078893704072,0.0003,636,164,116.18139009396995,8.41934847831726,8.08071231842041,16.50006079673767,901,0.3314534992678091,0,0,TRUE,pair,259,3.4481171001680195,5.487741262389149,30,0,7.401544401544402,3.4481171001680195,0.3283997958060354,4.454127199831419,cpu,cuda:0,0,670.4443359,49
706,1,DDT500_num100.txt,fixed,1943,8,242.875,12.159744262695312,8.719306945800781,7.614478818140924e-06,-4.68,-0.458046591,0.20750001072883606,0.01713913306593895,0.18000000715255737,0.23000000417232513,-0.162755161,-0.157386788,0.0015154343193650923,0.6126088310371746,0.006123224977107549,0.024856885641135952,0.0003,634,166,87.07666676835098,8.740918159484863,13.572751760482788,22.31366991996765,898,0.41751069703605026,0,0,TRUE,pair,257,3.56823689956218,5.485846629169757,36,0,7.560311284046692,3.56823689956218,0.3417113006580621,4.632698498200625,cpu,cuda:0,0,670.4462891,48
707,1,DDT500_num100.txt,fixed,1907,8,238.375,11.0785551071167,8.944530487060547,7.200083018688019e-06,-4.96,-0.478515852,0.18999998271465302,0.027838820591568947,0.1599999964237213,0.25,-0.157188556,-0.152465653,0.0018707942217588425,0.5658299148082733,0.03329769317060709,0.022460034303367137,0.0003,648,152,127.9180724314337,8.965828895568848,5.942150592803955,14.907979488372803,906,0.35206419974565506,0,0,TRUE,pair,251,3.6947504999116063,5.367068693909148,35,0,7.597609561752988,3.6947504999116063,0.35361050197388977,4.715032602078281,cpu,cuda:0,0,670.4443359,49
708,1,DDT500_num100.txt,fixed,1964,8,245.5,7.968688488006592,8.506093978881836,6.860492248961236e-06,-4.6,-0.459521149,0.21250000596046448,0.027726341038942337,0.17000000178813934,0.25,-0.109838374,-0.104281098,0.0015078821452334523,0.6311212182044983,0.022690566274832236,0.010742188,0.0003,630,170,168.74913500739055,8.528254747390747,3.110323429107666,11.638578176498413,909,0.3448871980654076,0,0,TRUE,pair,256,3.3944842009805143,5.278513237803629,36,0,7.671875,3.3944842009805143,0.32741879776585847,4.609955896856263,cpu,cuda:0,0,670.4462891,49
709,1,DDT500_num100.txt,fixed,1924,8,240.5,7.952986717224121,8.399085998535156,5.309833795763552e-06,-4.82,-0.460025013,0.19875001907348633,0.025708703324198723,0.15000000596046448,0.23000000417232513,-0.039804212,-0.034589493,0.002089773803683264,0.6259605969701495,0.00598404772296947,0.025219232376132692,0.0003,641,159,109.55436621787182,8.42309308052063,9.13896369934082,17.56205677986145,897,0.3416881994344294,0,0,TRUE,pair,251,3.401600900455378,5.314968813481797,32,0,7.665338645418327,3.401600900455378,0.33052390278317034,4.494408700964414,cpu,cuda:0,0,670.4462891,47
710,1,DDT500_num100.txt,fixed,1958,8,244.75,10.059199333190918,9.153288841247559,6.607249360968126e-06,-4.76,-0.471653406,0.20250001549720764,0.022220486775040627,0.1599999964237213,0.23000000417232513,-0.095821809,-0.090733173,0.0024291778172482736,0.6303227189928293,0.011207738534722012,0.03989756875671446,0.0003,638,162,71.25143618224014,9.173954248428345,18.306193590164185,27.48014783859253,910,0.33859190123621374,0,0,TRUE,pair,263,3.6992748993216082,5.299284982973513,32,0,7.444866920152092,3.6992748993216082,0.37771000037901103,4.8861370026133955,cpu,cuda:0,0,670.4462891,48
711,1,DDT500_num100.txt,fixed,1943,8,242.875,7.4235687255859375,8.686616897583008,5.946142209722893e-06,-4.9,-0.501713846,0.19375000894069672,0.02117634378373623,0.1599999964237213,0.23000000417232513,-0.017455425,-0.011829934,0.002190386521926319,0.6720684956420552,0.013069232401903719,0.052863414653322914,0.0003,645,155,80.73107629849117,8.70834493637085,15.359214782714844,24.067559719085693,909,0.34042550122831017,0,0,TRUE,pair,252,3.631954498356208,5.459083890154137,45,0,7.7103174603174605,3.631954498356208,0.3457581007387489,4.5297205987153575,cpu,cuda:0,0,670.4462891,47
712,1,DDT500_num100.txt,fixed,2006,8,250.75,8.856494903564453,9.692512512207031,6.967372428334784e-06,-4.5,-0.491761625,0.21875,0.0220439862459898,0.18000000715255737,0.25999999046325684,-0.049286546,-0.043998082,0.0016883626125160265,0.6132645634087649,0.007063599148585292,0.027083721858533947,0.0003,625,175,76.41919823570267,9.714251518249512,16.535696744918823,26.249948263168335,930,0.37193040060810745,0,0,TRUE,pair,265,3.9940705003682524,5.2283150555486095,40,0,7.569811320754717,3.9940705003682524,0.423254401772283,5.068084299215116,cpu,cuda:0,0,670.44677734375,48
713,1,DDT500_num100.txt,fixed,1926,8,240.75,9.45713996887207,12.839261054992676,5.984258677926846e-06,-4.88,-0.478384863,0.19499999284744263,0.019999997690320015,0.17000000178813934,0.23999999463558197,-0.039592752,-0.033671551,0.0021636609971109363,0.7003032664457957,0.013342482970781729,0.032989939053853355,0.0003,644,156,74.69740070694579,12.861071109771729,12.922958612442017,25.784029722213745,902,0.584709799499251,0,0,TRUE,pair,255,4.651803099899553,5.389927310735637,40,0,7.552941176470588,4.651803099899553,0.4703363024163991,7.465343303047121,cpu,cuda:0,0,670.4462891,48
714,1,DDT500_num100.txt,fixed,1952,8,244,9.447221755981445,8.569724082946777,6.494445187854581e-06,-4.78,-0.456647642,0.20125001668930054,0.028034577146172523,0.1599999964237213,0.23999999463558197,-0.005330616,0.0010730857473044168,0.002183342679581117,0.749537284885134,0.018372268853930847,0.09469268852401347,0.0003,639,161,54.93964300860537,8.593246459960938,26.93665313720703,35.52989959716797,928,0.33762959914747626,0,0,TRUE,pair,256,3.4540580007014796,5.27510245840569,30,0,7.625,3.4540580007014796,0.3316722970921546,4.611450404860079,cpu,cuda:0,0,670.4462891,49
715,1,DDT500_num100.txt,fixed,1858,8,232.25,12.265296936035156,8.586891174316406,2.8123287847847678e-05,-5.24,-0.5011652,0.17249999940395355,0.027726341038942337,0.14000000059604645,0.2199999988079071,-0.022551186,-0.016569842,0.003237784875737917,0.7600237197346158,0.007686033230533617,0.0414687307137582,0.0003,662,138,64.13506583611182,8.621655941009521,20.34845542907715,28.97011137008667,907,0.35370670165866613,0,0,TRUE,pair,260,3.623341600759886,5.667384284561494,45,0,7.1461538461538465,3.623341600759886,0.34218490147031844,4.445795598789118,cpu,cuda:0,0,670.4443359,49
716,1,DDT500_num100.txt,fixed,1904,8,238,8.845903396606445,8.801410675048828,6.217195732460823e-06,-5.06,-0.508420357,0.1837499886751175,0.017275340855121613,0.1599999964237213,0.20999999344348907,-0.019552468,-0.014072374,0.003197720144978828,0.7078957839144601,0.012276479482049277,0.057951813460224204,0.0003,653,147,60.83926987587378,8.825950860977173,22.469625234603882,31.295576095581055,922,0.35318460094276816,0,0,TRUE,pair,250,3.6564911004388705,5.362394957231874,36,0,7.616,3.6564911004388705,0.3625957987969741,4.603227501502261,cpu,cuda:0,0,670.4443359,50
717,1,DDT500_num100.txt,fixed,1929,8,241.125,6.622641086578369,8.38358211517334,6.003226644679671e-06,-4.98,-0.475565858,0.1887499988079071,0.024717148393392563,0.15000000596046448,0.23000000417232513,0.10413521938025952,0.11106676235795021,0.0025744698592461645,0.8218779295682908,0.010686520085437223,0.04200389778707177,0.0003,649,151,85.17687751361045,8.405164957046509,14.241826295852661,22.64699125289917,911,0.3461555006215349,0,0,TRUE,pair,250,3.337924399296753,5.534473819643676,36,0,7.716,3.337924399296753,0.32120370329357684,4.552446102839895,cpu,cuda:0,0,670.4462891,50
718,1,DDT500_num100.txt,fixed,1911,8,238.875,9.157476425170898,8.536311149597168,6.959209258639021e-06,-5.26,-0.472779603,0.17125000059604645,0.023684117943048477,0.14000000059604645,0.20999999344348907,0.03373220030750547,0.040493312114406196,0.0024684519906129155,0.7995337744553884,0.0115312884944225,0.06469009519510326,0.0003,663,137,55.53884835870963,8.563284158706665,25.84506344795227,34.408347606658936,928,0.3470954004442319,0,0,TRUE,pair,253,3.471726699382998,5.490319202483979,35,0,7.553359683794467,3.471726699382998,0.33083450177218765,4.558666699449532,cpu,cuda:0,0,670.4443359,49
719,1,DDT500_num100.txt,fixed,1959,8,244.875,10.44554328918457,8.912524223327637,7.76234628574457e-06,-5.08,-0.477668211,0.18250000476837158,0.017853571102023125,0.1599999964237213,0.2199999988079071,0.04683551890775561,0.05287111829966307,0.0025650713687355164,0.731813782826066,0.009672377200331539,0.0549240080290474,0.0003,654,146,62.88762185123106,8.933509111404419,22.217295169830322,31.15080428123474,925,0.42541220085695386,0,0,TRUE,pair,264,3.677153299911879,5.2215416041973475,24,0,7.420454545454546,3.677153299911879,0.35407170047983527,4.696498402394354,cpu,cuda:0,0,670.4462891,51
720,1,DDT500_num100.txt,fixed,1924,8,240.5,13.209844589233398,8.325618743896484,8.334425729117356e-06,-5.02,-0.451726115,0.1862500011920929,0.021176345646381378,0.1599999964237213,0.23000000417232513,-0.04616659,-0.039909334,0.0018249426655912477,0.7169723902878008,0.0063066929272425016,0.025526966948650386,0.0003,651,149,61.10599037695704,8.346758365631104,23.139516353607178,31.48627471923828,915,0.3471280988305807,0,0,TRUE,pair,267,3.3916206997819245,5.459979209359619,30,0,7.205992509363296,3.3916206997819245,0.31697790033649653,4.446633897139691,cpu,cuda:0,0,670.4462891,49
721,1,DDT500_num100.txt,fixed,1943,8,242.875,14.137163162231445,9.119550704956055,7.921813448774628e-06,-4.94,-0.434280137,0.1912499964237213,0.037562448531389236,0.12999999523162842,0.23999999463558197,-0.010717247,-0.004570607,0.0020587240245991518,0.7176001412527901,0.006610468007108595,0.04185996705754882,0.0003,647,153,55.19252111050442,9.140216588973999,26.063828468322754,35.20404505729675,936,0.36118000268470496,0,0,TRUE,pair,260,3.7400364003842697,5.389603702296808,36,0,7.473076923076923,3.7400364003842697,0.3570931978756562,4.83764569927007,cpu,cuda:0,0,670.4462891,50
722,1,DDT500_num100.txt,fixed,1950,8,243.75,11.734031677246094,8.963050842285156,6.893554655107437e-06,-4.9,-0.453287934,0.19374999403953552,0.01932452991604805,0.17000000178813934,0.23000000417232513,-0.136765699,-0.130685233,0.0015598650109798957,0.6860402325789133,0.005320538032416759,0.030378825690907735,0.0003,645,155,82.95056354434685,8.98495626449585,14.523021459579468,23.507977724075317,921,0.35220690025016665,0,0,TRUE,pair,263,3.724837700021453,5.495384611838904,48,0,7.414448669201521,3.724837700021453,0.3686219030059874,4.684859298518859,cpu,cuda:0,0,670.4462891,50
723,1,DDT500_num100.txt,fixed,1931,8,241.375,9.419892311096191,8.768722534179688,6.760333690181142e-06,-5.1,-0.437712759,0.18125000596046448,0.028912585228681564,0.12999999523162842,0.2199999988079071,0.025767577279891287,0.03202248364686966,0.0017671000179169433,0.7138451976435525,0.008616637654735573,0.03331487240003688,0.0003,655,145,112.24220098901509,8.792057991027832,8.411809921264648,17.20386791229248,918,0.348612098954618,0,0,TRUE,pair,259,3.608374399249442,5.5054375964826034,35,0,7.455598455598456,3.608374399249442,0.34780429827515036,4.635832001338713,cpu,cuda:0,0,670.4462891,51
724,1,DDT500_num100.txt,fixed,1940,8,242.5,10.331989288330078,8.731131553649902,7.5545212894212455e-06,-4.92,-0.428619854,0.1925000101327896,0.03526683896780014,0.14000000059604645,0.23999999463558197,-0.046700798,-0.040730343,0.0016125737403688784,0.6776742014017972,0.009295682970497926,0.04950416727330197,0.0003,646,154,89.7120459280882,8.752979755401611,12.871763944625854,21.624743700027466,916,0.4289431977085769,0,0,TRUE,pair,254,3.5175003999611363,5.4159793802143374,30,0,7.637795275590551,3.5175003999611363,0.33937640057411045,4.697212797123939,cpu,cuda:0,0,670.4462891,49
725,1,DDT500_num100.txt,fixed,1914,8,239.25,10.096409797668457,8.731954574584961,8.056996193772648e-06,-4.74,-0.432398011,0.20375001430511475,0.014086785726249218,0.1899999976158142,0.23000000417232513,-0.063999658,-0.057916841,0.0016760679718572646,0.6920848414301872,0.009518014237983152,0.035959032092553876,0.0003,637,163,83.28702437010585,8.752949953079224,14.227820634841919,22.980770587921143,912,0.3527544988319278,0,0,TRUE,pair,255,3.584116999525577,5.3218390807089015,30,0,7.5058823529411764,3.584116999525577,0.3559257995802909,4.541461296379566,cpu,cuda:0,0,670.4443359,49
726,1,DDT500_num100.txt,fixed,1963,8,245.375,11.146047592163086,8.976831436157227,8.169098691723775e-06,-4.76,-0.42568016,0.20250000059604645,0.029474565759301186,0.1599999964237213,0.23999999463558197,-0.038889678,-0.033332899,0.0016831652194793736,0.6398363198552813,0.015894235344603658,0.03128399919452412,0.0003,638,162,110.34927975124546,8.998129606246948,8.790840148925781,17.78896975517273,912,0.45377469959203154,0,0,TRUE,pair,259,3.706118700793013,5.272032601458044,32,0,7.579150579150579,3.706118700793013,0.35627040441613644,4.730498699937016,cpu,cuda:0,0,670.4462891,50
727,1,DDT500_num100.txt,fixed,1930,8,241.25,12.305994033813477,8.44126033782959,8.64246794662904e-06,-4.7,-0.428988323,0.20625001192092896,0.023946553468704224,0.1599999964237213,0.23999999463558197,-0.07866924,-0.073147543,0.0014277097943704575,0.6235554416974386,0.010869542020373046,0.03470620318936805,0.0003,635,165,114.07326267833427,8.461989641189575,8.456961870193481,16.918951511383057,902,0.3437338990624994,0,0,TRUE,pair,254,3.363883800455369,5.343005180111821,35,0,7.5984251968503935,3.363883800455369,0.3238595991861075,4.582980899373069,cpu,cuda:0,0,670.4462891,49
728,1,DDT500_num100.txt,fixed,1949,8,243.625,13.728960990905762,9.004422187805176,9.07244611880742e-06,-4.72,-0.45040806,0.20499999821186066,0.017320508137345314,0.17000000178813934,0.23000000417232513,-0.102122755,-0.096795045,0.0013649001892190426,0.6010157257318497,0.010732646868564188,0.027087429212406276,0.0003,636,164,86.00119941117673,9.029197216033936,13.633277416229248,22.662474632263184,925,0.3381432999158278,0,0,TRUE,pair,256,3.790704099345021,5.330938943170046,39,0,7.61328125,3.790704099345021,0.3690058969659731,4.658248298685066,cpu,cuda:0,0,670.4462891,49
729,1,DDT500_num100.txt,fixed,2012,8,251.5,3.4278273582458496,8.814652442932129,3.888489573000697e-06,-4.66,-0.424877712,0.20874999463558197,0.024206144735217094,0.17000000178813934,0.25,-0.028275135,-0.022590963,0.0016437971401804437,0.6506069675087929,0.008858343650596604,0.02824144488355766,0.0003,633,167,79.65668006649676,8.838305711746216,16.420090675354004,25.25839638710022,932,0.3314790012082085,0,0,TRUE,pair,255,3.558968199067749,5.216699801666836,30,0,7.890196078431373,3.558968199067749,0.3377484022639692,4.7418203031411394,cpu,cuda:0,0,670.44677734375,49
730,1,DDT500_num100.txt,fixed,1907,8,238.375,9.054522514343262,8.538911819458008,6.3618012973165605e-06,-4.96,-0.429307014,0.1900000125169754,0.030000001192092896,0.14000000059604645,0.23000000417232513,-0.118127935,-0.113047158,0.0013987246849056748,0.5780136502451367,0.005957909235601417,0.022678145931826696,0.0003,648,152,93.86307628588287,8.561521053314209,11.7553071975708,20.31682825088501,883,0.3992346004815772,0,0,TRUE,pair,253,3.4839845009846613,5.443104351385764,39,0,7.537549407114624,3.4839845009846613,0.3523134996648878,4.525292702717707,cpu,cuda:0,0,670.4443359,50
731,1,DDT500_num100.txt,fixed,1880,8,235,9.708244323730469,8.19389533996582,5.878843239770504e-06,-5.08,-0.413253985,0.18250000476837158,0.022776084020733833,0.15000000596046448,0.2199999988079071,-0.159396683,-0.154362721,0.0016887902007014914,0.587836124680259,0.009381271107651462,0.030371496199884197,0.0003,654,146,93.22618318687452,8.215425968170166,11.950582504272461,20.166008472442627,892,0.33830809919163585,0,0,TRUE,pair,249,3.2514031999744475,5.501063830421326,30,0,7.550200803212851,3.2514031999744475,0.3204908010084182,4.452851401641965,cpu,cuda:0,0,670.4443359,49
732,1,DDT500_num100.txt,fixed,1836,8,229.5,11.597413063049316,8.877595901489258,6.951036539248889e-06,-5.14,-0.409540708,0.17875000834465027,0.03295356407761574,0.14000000059604645,0.23999999463558197,-0.143496776,-0.138378777,0.0019480025919619947,0.6091998726129532,0.010322332754731179,0.03557604784145951,0.0003,657,143,84.49726028127766,8.903472900390625,12.825042247772217,21.728515148162842,897,0.34918630064930767,0,0,TRUE,pair,253,3.663237900240347,5.5190631818667475,36,0,7.256916996047431,3.663237900240347,0.36295699677430093,4.582861201371998,cpu,cuda:0,0,670.44384765625,49
733,1,DDT500_num100.txt,fixed,1928,8,241,12.308533668518066,8.382235527038574,7.64428114052862e-06,-4.76,-0.355574725,0.20250001549720764,0.028173569589853287,0.1599999964237213,0.23999999463558197,-0.024625796,-0.019345324,0.0017019773949868977,0.613146203259627,0.011937588496948592,0.036109496296073,0.0003,638,162,122.84889563471451,8.401875734329224,7.292201042175293,15.694076776504517,892,0.3209762998158112,0,0,TRUE,pair,258,3.416525100241415,5.439315352202451,40,0,7.4728682170542635,3.416525100241415,0.328278002794832,4.466623202781193,cpu,cuda:0,0,670.4462891,50
734,1,DDT500_num100.txt,fixed,1944,8,243,6.614378452301025,8.805627822875977,5.692165359505452e-06,-4.74,-0.38121987,0.20375001430511475,0.014086785726249218,0.1899999976158142,0.23000000417232513,-0.056301534,-0.050991618,0.0015671165809700532,0.6093479480062213,0.014667262272269,0.030408158964876617,0.0003,637,163,107.81569610558623,8.829386234283447,9.201383590698242,18.03076982498169,907,0.3472867999225855,0,0,TRUE,pair,251,3.619347900734283,5.474794238192555,40,0,7.745019920318725,3.619347900734283,0.35752110078465194,4.647575097391382,cpu,cuda:0,0,670.4462891,49
735,1,DDT500_num100.txt,fixed,1905,8,238.125,19.630573272705078,9.040691375732422,8.996945325634442e-06,-4.84,-0.40061383,0.19750002026557922,0.027271781116724014,0.1599999964237213,0.23999999463558197,-0.100810786,-0.095997922,0.0017752220599158179,0.5700466434160868,0.00898348988543841,0.04176687378258932,0.0003,642,158,55.32822632636283,9.061902523040771,25.368986129760742,34.430888652801514,890,0.40707940014544874,0,0,TRUE,pair,258,3.7863522003171965,5.475065613043277,35,0,7.383720930232558,3.7863522003171965,0.3908842003438622,4.677332302322611,cpu,cuda:0,0,670.4443359,50
736,1,DDT500_num100.txt,fixed,1942,8,242.75,15.105875968933105,8.557116508483887,9.184532245853916e-06,-4.84,-0.420816543,0.19749999046325684,0.03269174322485924,0.14000000059604645,0.25,-0.109384292,-0.10424329,0.001697402702929038,0.5989702666799227,0.008457262670061836,0.03357800109208458,0.0003,642,158,61.812422700212196,8.577767848968506,22.83986496925354,31.417632818222046,901,0.34580860019195825,0,0,TRUE,pair,259,3.5166674993233755,5.472708545310613,40,0,7.498069498069498,3.5166674993233755,0.3275356012163684,4.536311403149739,cpu,cuda:0,0,670.4462891,49
737,1,DDT500_num100.txt,fixed,1958,8,244.75,12.46745777130127,9.460079193115234,6.975526048336178e-06,-4.62,-0.400167331,0.21125000715255737,0.03059309348464012,0.17000000178813934,0.25,-0.098933735,-0.093982364,0.001828560422706817,0.5865651624543327,0.008854015730321407,0.028150006596531187,0.0003,631,169,106.47388637420191,9.482218265533447,8.907267332077026,18.389485597610474,923,0.3624184988439083,0,0,TRUE,pair,264,3.980061500449665,5.378958121505286,30,0,7.416666666666667,3.980061500449665,0.41654920403379947,4.864599903579801,cpu,cuda:0,0,670.4462891,49
738,1,DDT500_num100.txt,fixed,1854,8,231.75,11.14394474029541,8.536683082580566,8.811816769593861e-06,-5.24,-0.44188771,0.17249999940395355,0.022220484912395477,0.15000000596046448,0.2199999988079071,0.16365773379802703,0.16907188296318054,0.0034093116759322585,0.7118799060583114,0.020162715456308433,0.06822243151254952,0.0003,662,138,82.77573239762452,8.558421850204468,13.839447021484375,22.397868871688843,868,0.3511376972310245,0,0,TRUE,pair,252,3.480519799515605,5.6208198491037855,45,0,7.357142857142857,3.480519799515605,0.3335268993396312,4.544325396884233,cpu,cuda:0,0,670.44384765625,50
739,1,DDT500_num100.txt,fixed,1801,8,225.125,15.567895889282227,21.73969078063965,1.2470909496187232e-05,-5.34,-0.475518567,0.16625000536441803,0.02446298487484455,0.12999999523162842,0.20000000298023224,-0.143780657,-0.138948136,0.0029765493753883573,0.6320797527829806,0.005553170999822517,0.039661618467006415,0.0003,667,133,30.003558884960455,21.78377604484558,38.24243640899658,60.02621245384216,854,0.5948926004348323,0,0,TRUE,pair,247,6.2995086999144405,5.783453633294114,40,0,7.291497975708502,6.2995086999144405,0.8226181009085849,14.14477659855038,cpu,cuda:0,0,670.44384765625,50
740,1,DDT500_num100.txt,fixed,1748,8,218.5,12.439855575561523,8.142154693603516,8.078133760136552e-06,-5.14,-0.496161407,0.17874999344348907,0.027128169313073158,0.14000000059604645,0.23000000417232513,-0.148904492,-0.143611894,0.0022179116661261234,0.640155516564846,0.01157649360954695,0.05250847984903625,0.0003,657,143,68.71801665583796,8.169296503067017,17.26799178123474,25.437288284301758,844,0.41667649964801967,0,0,TRUE,pair,239,3.3684161993442103,6.127002286965569,40,0,7.313807531380753,3.3684161993442103,0.33140910032670945,4.276723300223239,cpu,cuda:0,0,670.44189453125,50
741,1,DDT500_num100.txt,fixed,1757,8,219.625,14.079572677612305,8.290765762329102,9.708058314572554e-06,-5.38,-0.509232113,0.16374999284744263,0.036033838987350464,0.11999999731779099,0.23999999463558197,-0.114702405,-0.110026181,0.0028938550126945805,0.6123147739304436,0.006541472878274767,0.04184216612743007,0.0003,669,131,53.49999932121268,8.311004877090454,24.53011703491211,32.84112191200256,834,0.3133208967046812,0,0,TRUE,pair,247,3.447838999563828,5.938531588205371,44,0,7.113360323886639,3.447838999563828,0.33689299621619284,4.332675097743049,cpu,cuda:0,0,670.44189453125,51
742,1,DDT500_num100.txt,fixed,1936,8,242,13.720422744750977,8.717395782470703,5.682170467480319e-06,-4.72,-0.450640156,0.20500001311302185,0.026925820857286453,0.15000000596046448,0.23999999463558197,-0.015322167,-0.010265351,0.0014871081387225007,0.5800370623668035,0.011130958809406451,0.0499523515325217,0.0003,636,164,54.05223054570425,8.7381591796875,27.079049110412598,35.8172082901001,858,0.3399957030778751,0,0,TRUE,pair,259,3.5357779999030754,5.359504131246204,42,0,7.474903474903475,3.5357779999030754,0.33735000051092356,4.661843600217253,cpu,cuda:0,0,670.4462891,51
743,1,DDT500_num100.txt,fixed,1885,8,235.625,12.83488941192627,8.519974708557129,4.291534423828125e-06,-4.86,-0.450759543,0.19625002145767212,0.026427965611219406,0.14000000059604645,0.2199999988079071,-0.061858653,-0.056867742,0.0015168458824822058,0.5749333972732226,0.01567660248838365,0.0652426581364125,0.0003,643,157,71.4929613696214,8.542487382888794,17.823744535446167,26.36623191833496,859,0.34916340245399624,0,0,TRUE,pair,246,3.5243671998614445,5.752785143358954,45,0,7.662601626016261,3.5243671998614445,0.3430654985131696,4.473904501530342,cpu,cuda:0,0,670.4443359,51
744,1,DDT500_num100.txt,fixed,1892,8,236.5,14.195069313049316,8.600363731384277,9.990848411689512e-06,-4.64,-0.434043721,0.20999999344348907,0.03674234449863434,0.17000000178813934,0.2800000011920929,-0.005996843,-0.001070968,0.0017606215551495552,0.5806185841560364,0.014540135476272554,0.0451750548556447,0.0003,632,168,113.20679564047546,8.626016855239868,8.086760759353638,16.712777614593506,853,0.3409632979892194,0,0,TRUE,pair,255,3.4996928012697026,5.410147989527116,40,0,7.419607843137255,3.4996928012697026,0.3411340045277029,4.579650796367787,cpu,cuda:0,0,670.4443359,50
745,1,DDT500_num100.txt,fixed,1748,8,218.5,13.162446975708008,8.143213272094727,7.769665899104439e-06,-5.08,-0.457598509,0.1824999898672104,0.017139136791229248,0.1599999964237213,0.2199999988079071,-0.062258154,-0.057327183,0.0023108036322001782,0.6086376441849602,0.013721344850233031,0.05639004521071911,0.0003,654,146,87.64915192750541,8.164591550827026,11.77855634689331,19.943147897720337,815,0.33595620072446764,0,0,TRUE,pair,241,3.3167777004418895,5.906178487383801,50,0,7.253112033195021,3.3167777004418895,0.3240318010793999,4.264055096311495,cpu,cuda:0,0,670.44189453125,51
746,1,DDT500_num100.txt,fixed,1807,8,225.875,15.479320526123047,8.172348022460938,2.2266303858486935e-05,-4.78,-0.416276158,0.20125000178813934,0.030998989939689636,0.1599999964237213,0.25999999046325684,-0.02121187,-0.015984514,0.0019352595176314936,0.6194987431168556,0.010668069641542387,0.0492201772518456,0.0003,639,161,52.46310715582218,8.207664251327515,26.23558735847473,34.443251609802246,854,0.33987880079075694,0,0,TRUE,pair,249,3.423862000228837,5.484228002873322,40,0,7.257028112449799,3.423862000228837,0.31997519894503057,4.262292904430069,cpu,cuda:0,0,670.44384765625,50
747,1,DDT500_num100.txt,fixed,1852,8,231.5,17.457090377807617,8.659640312194824,7.44079898140626e-06,-4.62,-0.405117464,0.21125000715255737,0.029764700680971146,0.17000000178813934,0.25,0.11324928535355462,0.1181679301791721,0.0015902587975789276,0.5713778403070238,0.01083336042938754,0.05939149339165953,0.0003,631,169,90.61768943254634,8.680441856384277,11.757068872451782,20.43751072883606,831,0.36456279864069074,0,0,TRUE,pair,251,3.5974460003199056,5.548596110122507,45,0,7.378486055776892,3.5974460003199056,0.33665230066981167,4.541211897390895,cpu,cuda:0,0,670.44384765625,52
748,1,DDT500_num100.txt,fixed,1805,8,225.625,15.288373947143555,18.197832107543945,1.2416092431521975e-05,-4.98,-0.406903041,0.1887499988079071,0.04075459763407707,0.14000000059604645,0.25999999046325684,-0.032708182,-0.026356684,0.0017757613095454872,0.7239380121231079,0.012536608063965105,0.05199901955202222,0.0003,649,151,49.89637940831794,18.242940664291382,17.932028770446777,36.17496943473816,886,0.5924464027630165,0,0,TRUE,pair,250,6.058427699957974,5.654847645033099,40,0,7.22,6.058427699957974,0.6995610980084166,11.071421398897655,cpu,cuda:0,0,670.44384765625,51
749,1,DDT500_num100.txt,fixed,1733,8,216.625,20.248071670532227,21.374156951904297,1.528856228105724e-05,-5.04,-0.447184111,0.1850000023841858,0.030413808301091194,0.15000000596046448,0.23999999463558197,0.07188182111297335,0.07897227044616427,0.0016322665864468686,0.7906585506030491,0.012975971630242254,0.05781416215800813,0.0003,652,148,52.73730601275965,21.42047119140625,11.44051718711853,32.86098837852478,842,0.6280859002145007,0,0,TRUE,pair,253,6.633750099805184,5.635891518700143,44,0,6.849802371541502,6.633750099805184,1.078677098150365,13.233432397712022,cpu,cuda:0,0,670.44189453125,51
750,1,DDT500_num100.txt,fixed,1846,8,230.75,14.863966941833496,8.984477996826172,6.546750228153542e-06,-4.92,-0.432781711,0.19249999523162842,0.03561951592564583,0.14000000059604645,0.25999999046325684,0.13052044995129108,0.13704486067096391,0.0016097333088206749,0.7329284052054087,0.04383481120748911,0.03294434662287434,0.0003,646,154,105.58936979607209,9.007465600967407,8.47535490989685,17.482820510864258,886,0.3752411025343463,0,0,TRUE,pair,249,3.762705500004813,5.515167930531734,40,0,7.413654618473895,3.762705500004813,0.36104810307733715,4.672513296944089,cpu,cuda:0,0,670.44384765625,50
751,1,DDT500_num100.txt,fixed,1848,8,231,14.265342712402344,8.974085807800293,9.602083991921972e-06,-4.7,-0.449636204,0.20625001192092896,0.02735758386552334,0.1599999964237213,0.23999999463558197,0.011894172057509422,0.01743521955795586,0.002243517310125753,0.6662807285785675,0.012235068051086272,0.057561235455796125,0.0003,635,165,35.503038881874616,8.99586534500122,43.05601692199707,52.05188226699829,850,0.3684715002309531,0,0,TRUE,pair,247,3.6756309011252597,5.377164501390416,35,0,7.481781376518219,3.6756309011252597,0.3527164983097464,4.759989801212214,cpu,cuda:0,0,670.44384765625,50
752,1,DDT500_num100.txt,fixed,1833,8,229.125,11.10672664642334,15.278278350830078,8.286546290037222e-06,-4.72,-0.486393767,0.20500001311302185,0.02345207892358303,0.17000000178813934,0.25,0.03768370499730938,0.04243691751940383,0.002600283798528835,0.6053355154063966,0.009828529644033147,0.07337833620193931,0.0003,636,164,43.021827702972914,15.316336154937744,27.289942979812622,42.606279134750366,860,0.48685710050631315,0,0,TRUE,pair,244,5.2111130997072905,5.477905073779825,40,0,7.512295081967213,5.2111130997072905,0.6324508020188659,9.112626297865063,cpu,cuda:0,0,670.44384765625,51
753,1,DDT500_num100.txt,fixed,1800,8,225,17.69180679321289,8.390617370605469,8.042873560043518e-06,-4.98,-0.499583217,0.1887499988079071,0.038222212344408035,0.14000000059604645,0.25,0.020395912165339623,0.025089154188107286,0.0028582324545520046,0.6122359335422516,0.007760288446055104,0.0576291067732705,0.0003,649,151,48.32021283622394,8.410364866256714,28.841126680374146,37.25149154663086,865,0.3645340002840385,0,0,TRUE,pair,254,3.4304613991407678,5.576666663752662,40,0,7.086614173228346,3.4304613991407678,0.32351949950680137,4.460667503532022,cpu,cuda:0,0,670.44384765625,50
754,1,DDT500_num100.txt,fixed,1834,8,229.25,6.077622890472412,21.65734100341797,5.352483640308492e-06,-4.66,-0.484752448,0.20875000953674316,0.028476962819695473,0.1599999964237213,0.25999999046325684,0.04599279289444288,0.05085488532980283,0.0023437997636695704,0.6033997535705566,0.016262472898233682,0.092267540593942,0.0003,633,167,60.99001186190111,21.70059370994568,8.369903802871704,30.070497512817383,841,0.5945719995070249,0,0,TRUE,pair,243,7.009149600518867,5.562704471231417,40,0,7.5473251028806585,7.009149600518867,0.8351138969883323,13.380584901780821,cpu,cuda:0,0,670.44384765625,50
755,1,DDT500_num100.txt,fixed,1850,8,231.25,11.648497581481934,8.983808517456055,8.589689059590455e-06,-4.84,-0.495251587,0.19749999046325684,0.022220483049750328,0.15000000596046448,0.2199999988079071,0.03489383459091187,0.039167479674021406,0.002082527941092849,0.5314912696679434,0.011731775912145774,0.05441274599482616,0.0003,642,158,62.41314912231742,9.0048508644104,20.63633894920349,29.64118981361389,848,0.3386874977732077,0,0,TRUE,pair,248,3.904477400938049,5.456216214927467,40,0,7.459677419354839,3.904477400938049,0.3961352992337197,4.4926355998031795,cpu,cuda:0,0,670.44384765625,51
756,1,DDT500_num100.txt,fixed,1935,8,241.875,7.785202503204346,8.786598205566406,4.9897312237590086e-06,-4.56,-0.484075475,0.2150000035762787,0.02179449237883091,0.1899999976158142,0.25999999046325684,0.07709437874811036,0.08123442475196152,0.00228483575795378,0.5282465333030337,0.00878607013562162,0.04801922326996213,0.0003,628,172,55.014075228912816,8.809073209762573,26.363743782043457,35.17281699180603,871,0.42832020053174347,0,0,TRUE,pair,252,3.594838499673642,5.238759687704634,40,0,7.678571428571429,3.594838499673642,0.35341650305781513,4.656615700572729,cpu,cuda:0,0,670.4462891,50
757,1,DDT500_num100.txt,fixed,1861,8,232.625,11.789163589477539,9.111658096313477,9.12243194761686e-06,-4.58,-0.449996291,0.21375000476837158,0.03461845591664314,0.1599999964237213,0.2800000011920929,0.03350093308836222,0.038309328025206923,0.0021481158037204295,0.5882450751960278,0.015850161682465114,0.02379991626366973,0.0003,629,171,102.68062049373758,9.134074449539185,8.99008560180664,18.124160051345825,867,0.36181009910069406,0,0,TRUE,pair,246,3.9876023997785524,5.495432557885459,40,0,7.565040650406504,3.9876023997785524,0.386235598125495,4.54722399963066,cpu,cuda:0,0,670.4443359,50
758,1,DDT500_num100.txt,fixed,1734,8,216.75,17.304262161254883,8.009883880615234,9.434871572011616e-06,-5.1,-0.479962876,0.18125000596046448,0.034798525273799896,0.12999999523162842,0.23999999463558197,-0.001702238,0.0031473849138075657,0.0019671212437308645,0.5833181630481373,0.006949825053611262,0.03812595795501362,0.0003,655,145,80.94555666523753,8.032451391220093,13.389354467391968,21.42180585861206,810,0.33049040159676224,0,0,TRUE,pair,243,3.257363799144514,5.49077277915013,39,0,7.135802469135802,3.257363799144514,0.31914999848231673,4.267543603549711,cpu,cuda:0,0,670.44189453125,50
759,1,DDT500_num100.txt,fixed,1819,8,227.375,17.124088287353516,8.490141868591309,1.1253760931140278e-05,-4.6,-0.448312197,0.21250000596046448,0.025860197842121124,0.17000000178813934,0.23999999463558197,0.005417706444859505,0.009933248534798622,0.002244197449181229,0.563764163851738,0.00767179207468871,0.029795474745333193,0.0003,630,170,90.2577181731758,8.512886762619019,11.640514373779297,20.153401136398315,838,0.33760599920060486,0,0,TRUE,pair,249,3.53864150098525,5.422759759812777,44,0,7.305220883534137,3.53864150098525,0.33864280488342047,4.438630998600274,cpu,cuda:0,0,670.44384765625,50
760,1,DDT500_num100.txt,fixed,1820,8,227.5,22.371856689453125,8.683160781860352,1.1013802577508613e-05,-4.64,-0.434314976,0.21000000834465027,0.043874818831682205,0.11999999731779099,0.25999999046325684,0.03683188417926431,0.04131401516497135,0.002319224484381266,0.5641743764281273,0.010307017757440917,0.054393804632127285,0.0003,632,168,98.81097887499966,8.707640647888184,9.711365222930908,18.419005870819092,850,0.33367849816568196,0,0,TRUE,pair,252,3.682777000707574,5.455494507983491,32,0,7.222222222222222,3.682777000707574,0.3619775997940451,4.459739198558964,cpu,cuda:0,0,670.44384765625,51
761,1,DDT500_num100.txt,fixed,1838,8,229.75,13.872184753417969,8.313254356384277,6.802245479775593e-06,-4.72,-0.417711663,0.20499999821186066,0.0342782698571682,0.15000000596046448,0.25999999046325684,0.010343449323305063,0.015734629838594368,0.0018101470112534507,0.6296256354876927,0.011100403384521737,0.0719606158257063,0.0003,636,164,72.76461371399891,8.338032722473145,16.92149806022644,25.259530782699585,847,0.33945619768928736,0,0,TRUE,pair,248,3.393186601344496,5.474428724023282,40,0,7.411290322580645,3.393186601344496,0.3306157039478421,4.417279504123144,cpu,cuda:0,0,670.44384765625,51
762,1,DDT500_num100.txt,fixed,1794,8,224.25,7.189402103424072,8.025314331054688,5.965231139271054e-06,-4.92,-0.43953197,0.1925000101327896,0.030310887843370438,0.15000000596046448,0.25,0.032397788017988205,0.03849547480543455,0.002007765792465458,0.7101568380991617,0.010053649816351632,0.05679938724885384,0.0003,646,154,111.92690720227021,8.04616904258728,7.9821484088897705,16.02831745147705,856,0.3407587995752692,0,0,TRUE,pair,238,3.249507699511014,5.4955406917244565,44,0,7.53781512605042,3.249507699511014,0.3234470017487183,4.283087399089709,cpu,cuda:0,0,670.44384765625,49
763,1,DDT500_num100.txt,fixed,1793,8,224.125,13.932313919067383,8.55957317352295,1.0414280950499233e-05,-5.06,-0.453433236,0.1837500035762787,0.02117634192109108,0.15000000596046448,0.2199999988079071,0.028932677768170833,0.03466115891933441,0.001683644880540669,0.6570297956466675,0.012472179107135162,0.08137618489563465,0.0003,653,147,81.84107733531506,8.579891681671143,13.32842206954956,21.908313751220703,868,0.3545345988823101,0,0,TRUE,pair,241,3.4916456984356046,5.33407696690961,36,0,7.439834024896266,3.4916456984356046,0.3561869958648458,4.533123900415376,cpu,cuda:0,0,670.44384765625,50
764,1,DDT500_num100.txt,fixed,1756,8,219.5,11,7.996123313903809,6.944900178496027e-06,-4.94,-0.435098128,0.1912500113248825,0.025217799469828606,0.15000000596046448,0.23000000417232513,0.005020140670239925,0.010408275295048952,0.002342482068343088,0.6559373214840889,0.01052331843675347,0.04759136762004346,0.0003,647,153,55.97105754696851,8.022557735443115,23.350799798965454,31.37335753440857,832,0.3341755017172545,0,0,TRUE,pair,235,3.2281730987597257,5.368451023699211,40,0,7.472340425531915,3.2281730987597257,0.32145469880197197,4.279543798300438,cpu,cuda:0,0,670.44189453125,49
765,1,DDT500_num100.txt,fixed,1818,8,227.25,14.104520797729492,8.639566421508789,9.07244611880742e-06,-4.74,-0.450720358,0.20375001430511475,0.01996089704334736,0.18000000715255737,0.23000000417232513,-0.025016916,-0.020573512,0.0030836813151836396,0.5985242843627929,0.010176272146054544,0.027916141785681248,0.0003,637,163,121.97408476982869,8.6611008644104,6.243704557418823,14.904805421829224,848,0.338871899060905,0,0,TRUE,pair,251,3.6725696994690225,5.267326733722414,30,0,7.243027888446215,3.6725696994690225,0.36392070061992854,4.421908097108826,cpu,cuda:0,0,670.44384765625,49
766,1,DDT500_num100.txt,fixed,1874,8,234.25,15.08103084564209,8.660794258117676,9.301380487158895e-06,-4.68,-0.417308722,0.20750001072883606,0.017853571102023125,0.17000000178813934,0.23000000417232513,0.028649482255180676,0.0331120803242638,0.0025321623321533913,0.5728680903003329,0.010139833099120074,0.05658591206052473,0.0003,634,166,53.92874576010885,8.682408094406128,26.067148447036743,34.74955654144287,862,0.3431525967316702,0,0,TRUE,pair,250,3.705104899359867,5.2524012804285825,36,0,7.496,3.705104899359867,0.3402678956044838,4.438893901184201,cpu,cuda:0,0,670.4443359,49
767,1,DDT500_num100.txt,fixed,1857,8,232.125,10.44554328918457,8.854769706726074,7.2158554758061655e-06,-4.9,-0.446022238,0.19374999403953552,0.03425547480583191,0.14000000059604645,0.23999999463558197,-0.04694324,-0.043165863,0.0034539505359134637,0.550435297191143,0.017530728728161193,0.06957652227720246,0.0003,645,155,68.20186973526091,8.876695394515991,18.35129714012146,27.22799253463745,859,0.3363743999507278,0,0,TRUE,pair,252,3.6935563003644347,5.239095313098396,40,0,7.369047619047619,3.6935563003644347,0.37179439747706056,4.604595999931917,cpu,cuda:0,0,670.4443359,49
768,1,DDT500_num100.txt,fixed,1873,8,234.125,10.457503318786621,9.16705322265625,7.486495178454788e-06,-4.44,-0.384806148,0.2224999964237213,0.029047375544905663,0.18000000715255737,0.27000001072883606,-0.043529402,-0.038969049,0.0018152193661080673,0.5467963963747025,0.010870747224544175,0.020762475149240345,0.0003,622,178,100.98811605281313,9.189653396606445,9.357083320617676,18.54673671722412,828,0.4233862024266273,0,0,TRUE,pair,244,3.7836176003329456,5.2979177785823515,36,0,7.676229508196721,3.7836176003329456,0.3739571027690545,4.8132488982519135,cpu,cuda:0,0,670.4443359,52
769,1,DDT500_num100.txt,fixed,1871,8,233.875,13.669651985168457,8.609261512756348,6.999930519668851e-06,-4.72,-0.397734915,0.20499999821186066,0.02500000037252903,0.1599999964237213,0.23999999463558197,-0.078165875,-0.073668052,0.001808326196623966,0.5401991829276085,0.011957612245169003,0.040803172858431935,0.0003,636,164,105.5479561232242,8.63297438621521,9.093564987182617,17.726539373397827,854,0.34324940014630556,0,0,TRUE,pair,247,3.486880899523385,5.2405130932001045,35,0,7.574898785425101,3.486880899523385,0.3333638998446986,4.613566500367597,cpu,cuda:0,0,670.4443359,49
770,1,DDT500_num100.txt,fixed,1799,8,224.875,13.298849105834961,8.7659273147583,8.55653706821613e-06,-5.04,-0.42566858,0.1850000023841858,0.022912876680493355,0.1599999964237213,0.2199999988079071,-0.065575256,-0.060668089,0.0023061288631565516,0.6060228773525783,0.011939606418655742,0.0643693683668971,0.0003,652,148,53.2876106358119,8.787936449050903,24.972256183624268,33.76019263267517,855,0.34957690082956105,0,0,TRUE,pair,245,3.6864971006289124,5.294608115089675,35,0,7.3428571428571425,3.6864971006289124,0.3746164048789069,4.5235672985436395,cpu,cuda:0,0,670.44384765625,49
771,1,DDT500_num100.txt,fixed,1774,8,221.75,17.654674530029297,8.48462200164795,6.178860348882154e-05,-5.18,-0.41582955,0.17624999582767487,0.03038811683654785,0.12999999523162842,0.2199999988079071,-0.032742348,-0.027389348,0.001746905643293368,0.6226452844483512,0.008384346022337143,0.04959661014644163,0.0003,659,141,108.32676936880353,8.505797147750854,7.86922287940979,16.37637686729431,877,0.3577798012411222,0,0,TRUE,pair,252,3.572285498958081,5.368658400845232,35,0,7.0396825396825395,3.572285498958081,0.35125809838064015,4.38301019766368,cpu,cuda:0,0,670.44189453125,49
772,1,DDT500_num100.txt,fixed,1766,8,220.75,15.99804688,8.443696975708008,7.364008524746168e-06,-4.92,-0.388595988,0.19249999523162842,0.025860199704766273,0.14000000059604645,0.2199999988079071,0.04143721775876151,0.047207444492313594,0.002363621761711935,0.6952035493320889,0.013277372215977974,0.0563345185170571,0.0003,646,154,93.71712057389871,8.469991445541382,10.373950719833374,18.843942165374756,824,0.3369988991180435,0,0,TRUE,pair,239,3.5246953003806993,5.365798414091022,39,0,7.389121338912134,3.5246953003806993,0.33732519834302366,4.41032860102132,cpu,cuda:0,0,670.44189453125,49
773,1,DDT500_num100.txt,fixed,1864,8,233,10.908712387084961,9.052948951721191,7.936151632748079e-06,-4.84,-0.412356961,0.19750002026557922,0.025372227653861046,0.1599999964237213,0.23999999463558197,0.11283255578018725,0.11825932585634291,0.0018186769739259034,0.6336099281907082,0.013932024803580134,0.0765872267074883,0.0003,642,158,98.00426776176168,9.076480388641357,9.94309949874878,19.019579887390137,876,0.3654940004926175,0,0,TRUE,pair,249,3.70407269988209,5.262875536096966,35,0,7.485943775100401,3.70407269988209,0.36336089856922626,4.794353797333315,cpu,cuda:0,0,670.4443359,48
774,1,DDT500_num100.txt,fixed,1814,8,226.75,14.402690887451172,8.611137390136719,6.71815996611258e-06,-4.92,-0.385344644,0.1925000101327896,0.023848479613661766,0.15000000596046448,0.2199999988079071,0.036939043551683426,0.04269639775156975,0.0025913142890203744,0.7053017616271973,0.03181100030997186,0.13468935200944543,0.0003,646,154,152.84061286445163,8.633339166641235,3.235234022140503,11.868573188781738,873,0.4466533970553428,0,0,TRUE,pair,248,3.5991732004331425,5.39966923425584,48,0,7.314516129032258,3.5991732004331425,0.3394244973314926,4.497164702392183,cpu,cuda:0,0,452.26806640625,49
775,1,DDT500_num100.txt,fixed,1801,8,225.125,13.577899932861328,8.324070930480957,8.361663276446052e-06,-5.26,-0.377769765,0.17125000059604645,0.03443744406104088,0.11999999731779099,0.23000000417232513,0.02536341967061162,0.03160924384913718,0.0019934519950766116,0.7242554277181625,0.012199814698154418,0.04938480459774534,0.0003,663,137,81.79505947301593,8.345529794692993,13.672914981842041,22.018444776535034,871,0.34015589859336615,0,0,TRUE,pair,247,3.427139300503768,5.298722932366514,32,0,7.291497975708502,3.427139300503768,0.3256402019178495,4.401875500450842,cpu,cuda:0,0,670.44384765625,48
776,1,DDT500_num100.txt,fixed,1817,8,227.125,14.810785293579102,8.966150283813477,8.688386515132152e-06,-5,-0.376638523,0.1875,0.022776084020733833,0.1599999964237213,0.23000000417232513,-0.04980323,-0.043536314,0.001355679868720472,0.6944754540920257,0.018762891697406303,0.050629590451717374,0.0003,650,150,95.17862882359755,8.987101078033447,10.103318929672241,19.09042000770569,881,0.3594564995728433,0,0,TRUE,pair,254,3.8266348000615835,5.438084753385008,40,0,7.153543307086614,3.8266348000615835,0.3997921018162742,4.552194802090526,cpu,cuda:0,0,670.44384765625,49
777,1,DDT500_num100.txt,fixed,1846,8,230.75,10.568230628967285,8.813287734985352,1.48088456626283e-05,-4.82,-0.38423958,0.19875001907348633,0.016909684985876083,0.18000000715255737,0.23999999463558197,-0.035377944,-0.029548264,0.0014249490341171622,0.6542158484458923,0.03142199390567839,0.10934081971645356,0.0003,641,159,114.2080601157379,8.838127136230469,7.325355529785156,16.163482666015625,880,0.34962230117525905,0,0,TRUE,pair,249,3.7004583994857967,5.495666298938598,40,0,7.413654618473895,3.7004583994857967,0.3625107987318188,4.565487502026372,cpu,cuda:0,0,670.44384765625,48
778,1,DDT500_num100.txt,fixed,1863,8,232.875,17.6595401763916,8.831400871276855,1.4177388038660865e-05,-4.84,-0.386141422,0.19749999046325684,0.029047377407550812,0.1599999964237213,0.25,-0.119773099,-0.114488041,0.0011532562461474703,0.5861688752969106,0.018488371699479304,0.07576689175847504,0.0003,642,158,98.79761644768583,8.854470491409302,10.002259731292725,18.856730222702026,868,0.4530527003807947,0,0,TRUE,pair,261,3.6625353996641934,5.473966721623288,40,0,7.137931034482759,3.6625353996641934,0.34548090014141053,4.64329770184122,cpu,cuda:0,0,670.4443359,49
779,1,DDT500_num100.txt,fixed,1855,8,231.875,13.531791687011719,8.353515625,8.341243301401846e-06,-4.96,-0.379483131,0.18999998271465302,0.024494895711541176,0.15000000596046448,0.2199999988079071,-0.061152304,-0.055440577,0.001237619425713395,0.6330534070730209,0.020272949026548304,0.037007310427725315,0.0003,648,152,110.99209256829124,8.37477970123291,8.338122606277466,16.712902307510376,874,0.35071159747894853,0,0,TRUE,pair,248,3.4079907005652785,5.553638810417402,35,0,7.479838709677419,3.4079907005652785,0.33166199910920113,4.4404968020971864,cpu,cuda:0,0,670.44384765625,48
780,1,DDT500_num100.txt,fixed,1937,8,242.125,10.993606567382812,8.994449615478516,6.5813892433652654e-06,-4.66,-0.371789753,0.20875002443790436,0.025217801332473755,0.15000000596046448,0.23000000417232513,-0.025074018,-0.019758264,0.0009677871530584525,0.5799652971327305,0.01111191172276449,0.04602347151376307,0.0003,633,167,107.99996405481089,9.015984773635864,8.919206380844116,17.93519115447998,899,0.3451377999735996,0,0,TRUE,pair,256,3.798766099847853,5.261744967550731,30,0,7.56640625,3.798766099847853,0.35445619840174913,4.658489402150735,cpu,cuda:0,0,670.4462891,50
781,1,DDT500_num100.txt,fixed,1842,8,230.25,12.01821517944336,8.379450798034668,8.516583875461947e-06,-4.9,-0.404792165,0.19374999403953552,0.02175861969590187,0.1599999964237213,0.23000000417232513,-0.092425544,-0.086492918,0.001801949751097709,0.6833604127168655,0.011873674695380032,0.040038444742094725,0.0003,645,155,115.66439541465903,8.404820442199707,7.520564317703247,15.925384759902954,886,0.3495348016731441,0,0,TRUE,pair,248,3.4233353006420657,5.440825186645558,40,0,7.42741935483871,3.4233353006420657,0.3275310978060588,4.457338699954562,cpu,cuda:0,0,670.44384765625,48
782,1,DDT500_num100.txt,fixed,1832,8,229,16.278820037841797,8.879406929016113,6.598640538868494e-06,-4.8,-0.42288633,0.19999998807907104,0.025495095178484917,0.17000000178813934,0.23999999463558197,-0.152204238,-0.146910197,0.0020543098042253407,0.6321188390254975,0.010454561343067326,0.02946461644023657,0.0003,640,160,85.59393027099414,8.902080059051514,12.501306772232056,21.40338683128357,869,0.3600243992405012,0,0,TRUE,pair,253,3.703653000178747,5.435589515746421,44,0,7.241106719367589,3.703653000178747,0.37227039982099086,4.6175713980337605,cpu,cuda:0,0,670.44384765625,49
783,1,DDT500_num100.txt,fixed,1902,8,237.75,17.20283317565918,8.629215240478516,1.0873560313484631e-05,-4.82,-0.4036835,0.19875001907348633,0.028912583366036415,0.14000000059604645,0.25,-0.112766076,-0.107018536,0.001525302794214119,0.651019085856045,0.009378738461664933,0.038528956089387924,0.0003,641,159,58.43828035929175,8.653014659881592,23.894144296646118,32.54715895652771,877,0.346309200511314,0,0,TRUE,pair,256,3.5118828997947276,5.40431124918343,40,0,7.4296875,3.5118828997947276,0.3315080009633675,4.608457601047121,cpu,cuda:0,0,670.4443359,48
784,1,DDT500_num100.txt,fixed,1866,8,233.25,9.324028015136719,8.664956092834473,5.907779723202111e-06,-4.78,-0.409104215,0.20124998688697815,0.025708701461553574,0.17000000178813934,0.25999999046325684,-0.039046388,-0.033728846,0.001985185446259989,0.6310133121230386,0.010752380963160911,0.047945325770838695,0.0003,639,161,74.8738665846233,8.686257362365723,16.235655784606934,24.921913146972656,882,0.3410763016436249,0,0,TRUE,pair,255,3.616717600845732,5.446945338387198,40,0,7.317647058823529,3.616717600845732,0.35787689650896937,4.509259697748348,cpu,cuda:0,0,670.4443359,48
785,1,DDT500_num100.txt,fixed,1859,8,232.375,12.999399185180664,8.93757438659668,9.830249837250449e-06,-4.76,-0.392734237,0.20250000059604645,0.022220486775040627,0.1599999964237213,0.23000000417232513,-0.005030273,0.0008935640965189252,0.001561297902039119,0.6704484990664891,0.009791987255171296,0.049359965892065136,0.0003,638,162,52.71958830314575,8.958711624145508,26.303323984146118,35.262035608291626,863,0.3403840997489169,0,0,TRUE,pair,249,3.802500599762425,5.3808499150791755,48,0,7.465863453815261,3.802500599762425,0.35795150336343795,4.593390902038664,cpu,cuda:0,0,670.4443359,49
786,1,DDT500_num100.txt,fixed,1927,8,240.875,11.185230255126953,8.887249946594238,7.75502030592179e-06,-4.74,-0.398658177,0.20374999940395355,0.02496873214840889,0.17000000178813934,0.25,-0.038685898,-0.032930633,0.0016230392114569743,0.6566786393523216,0.010992634527307624,0.05474866678317388,0.0003,637,163,80.40494558595618,8.908327579498291,15.057859897613525,23.966187477111816,904,0.34268940007314086,0,0,TRUE,pair,258,3.730082899914123,5.275038920725697,40,0,7.4689922480620154,3.730082899914123,0.3562620042357594,4.620998600265011,cpu,cuda:0,0,670.4462891,49
787,1,DDT500_num100.txt,fixed,1910,8,238.75,17.548147201538086,8.938109397888184,4.376133801997639e-05,-4.76,-0.400393703,0.20250000059604645,0.03381936997175217,0.15000000596046448,0.25,-0.056427549,-0.051156699,0.002122940398597469,0.6332319577534994,0.007800251090278228,0.033854238068064056,0.0003,638,162,79.08217100202235,8.959967851638794,15.192125797271729,24.152093648910522,897,0.35022979823406786,0,0,TRUE,pair,262,3.8034812993137166,5.335602096737367,36,0,7.290076335877862,3.8034812993137166,0.3635512967593968,4.584626599680632,cpu,cuda:0,0,670.4443359,49
788,1,DDT500_num100.txt,fixed,1888,8,236,7.889866828918457,8.652761459350586,5.571041583607439e-06,-4.84,-0.387950099,0.19750000536441803,0.027726339176297188,0.15000000596046448,0.23000000417232513,-0.05474534,-0.048910006,0.0012862725721095643,0.647846961305255,0.005856767535165307,0.03697411072928281,0.0003,642,158,54.550151897814935,8.67344045639038,25.936912298202515,34.610352754592896,883,0.33838219940662384,0,0,TRUE,pair,252,3.701596500701271,5.56832627118644,64,0,7.492063492063492,3.701596500701271,0.3313828014070168,4.447039502905682,cpu,cuda:0,0,670.4443359,50
789,1,DDT500_num100.txt,fixed,1983,8,247.875,11.558952331542969,8.979479789733887,7.4560621214914136e-06,-4.52,-0.38303856,0.2175000011920929,0.028613807633519173,0.18000000715255737,0.27000001072883606,-0.057914633,-0.052648093,0.0012394250467574845,0.5886253689726194,0.009602659265510738,0.04576112749055028,0.0003,626,174,79.8253817501526,9.002605199813843,15.839117527008057,24.8417227268219,892,0.3563742989208549,0,0,TRUE,pair,265,3.7218077981378883,5.359051939098149,50,0,7.483018867924528,3.7218077981378883,0.34450560063123703,4.729468903155066,cpu,cuda:0,0,670.4462891,50
790,1,DDT500_num100.txt,fixed,1965,8,245.625,10.629410743713379,9.059036254882812,8.155169780366123e-06,-4.46,-0.362381067,0.2212500125169754,0.02027159370481968,0.20000000298023224,0.25,-0.057359632,-0.052171513,0.0009147815944743343,0.5645510591566563,0.013463546667480841,0.0317113600904122,0.0003,623,177,103.53460556746047,9.081208944320679,9.897952556610107,18.979161500930786,914,0.3662255002418533,0,0,TRUE,pair,259,3.758154900278896,5.370483457283816,50,0,7.586872586872587,3.758154900278896,0.35689330170862377,4.755256804986857,cpu,cuda:0,0,670.4462891,48
791,1,DDT500_num100.txt,fixed,1938,8,242.25,6.905613422393799,9.084444999694824,5.965231139271054e-06,-4.66,-0.372104619,0.20875000953674316,0.011659224517643452,0.1899999976158142,0.23000000417232513,0.07271439675241709,0.07850329764187336,0.001097000771551393,0.6337399333715439,0.01330518124086666,0.03707320615649223,0.0003,633,167,137.8680809562201,9.105565071105957,4.951350688934326,14.056915760040283,894,0.3433258000295609,0,0,TRUE,pair,257,3.8816677004797384,5.577399381297045,40,0,7.5408560311284045,3.8816677004797384,0.36112309875898063,4.658184100175276,cpu,cuda:0,0,670.4462891,48
792,1,DDT500_num100.txt,fixed,1986,8,248.25,18.226011276245117,9.36125373840332,1.1767351679736748e-05,-4.54,-0.360115544,0.2162500023841858,0.027357587590813637,0.1599999964237213,0.25,-0.024381144,-0.01912128,0.001174209886812605,0.5846970491111279,0.008613585159764625,0.03374621219700202,0.0003,627,173,94.92491997453608,9.38744831085205,11.5343496799469,20.92179799079895,905,0.35931680153589696,0,0,TRUE,pair,275,4.012391900178045,5.524672708242441,44,0,7.221818181818182,4.012391900178045,0.3748063987586647,4.781508899643086,cpu,cuda:0,0,670.44677734375,48
793,1,DDT500_num100.txt,fixed,1973,8,246.625,10.123456954956055,9.004694938659668,5.731971214117948e-06,-4.68,-0.374977521,0.20749999582767487,0.01854049414396286,0.18000000715255737,0.23999999463558197,-0.038411671,-0.033726261,0.0010603952941892203,0.5215612836182117,0.006980275007663295,0.027407670160755515,0.0003,634,166,107.43866276170492,9.0268235206604,9.337142944335938,18.363966464996338,876,0.3378310981206596,0,0,TRUE,pair,261,3.749073298764415,5.226051697801106,44,0,7.559386973180077,3.749073298764415,0.34635259909555316,4.727595100179315,cpu,cuda:0,0,670.4462891,50
794,1,DDT500_num100.txt,fixed,1994,8,249.25,10.170422554016113,9.036125183105469,9.252361451217439e-06,-4.46,-0.382580713,0.2212499976158142,0.020879115909337997,0.20000000298023224,0.25,-0.042847882,-0.038189729,0.0009457285559619777,0.5131011344492435,0.007324331145355245,0.037582261647912674,0.0003,623,177,65.62902622362078,9.058639287948608,21.32425856590271,30.38289785385132,910,0.36181769520044327,0,0,TRUE,pair,262,3.698670701123774,5.163490473327331,35,0,7.6106870229007635,3.698670701123774,0.34640160005073994,4.806482499814592,cpu,cuda:0,0,670.44677734375,48
795,1,DDT500_num100.txt,fixed,1978,8,247.25,11.333026885986328,9.222395896911621,5.993750164634548e-06,-4.68,-0.400216846,0.20750001072883606,0.029474563896656036,0.14000000059604645,0.23999999463558197,-0.092013647,-0.087330846,0.001274259151507388,0.5319930630571702,0.005811218930723365,0.03261434664840207,0.0003,634,166,61.09827403205638,9.248796701431274,23.125276565551758,32.37407326698303,897,0.35008390061557293,0,0,TRUE,pair,260,3.8556667010998353,5.300808897635573,40,0,7.607692307692307,3.8556667010998353,0.3616121964296326,4.816326998290606,cpu,cuda:0,0,670.4462891,50
796,1,DDT500_num100.txt,fixed,1858,8,232.25,17.246376037597656,8.384769439697266,9.702201168693136e-06,-5,-0.407020077,0.1875,0.033071890473365784,0.14000000059604645,0.25,0.007978911697864532,0.012979335151612759,0.0013263005821499974,0.5663577258586884,0.012927988707087935,0.03101139171048999,0.0003,650,150,77.54428238125767,8.406048774719238,15.55445408821106,23.960502862930298,870,0.3391647004755214,0,0,TRUE,pair,261,3.4411893986398354,5.631324006615465,44,0,7.118773946360153,3.4411893986398354,0.32913020357955247,4.44167680060491,cpu,cuda:0,0,670.4443359,50
797,1,DDT500_num100.txt,fixed,1871,8,233.875,13.099976539611816,8.689311027526855,8.189947038772516e-06,-4.8,-0.407368602,0.19999997317790985,0.02500000037252903,0.17000000178813934,0.23000000417232513,-0.055390246,-0.05105621,0.0009679020033217967,0.48179824352264405,0.008291203653789126,0.04295415729284287,0.0003,640,160,122.08525905736225,8.710903644561768,6.614451885223389,15.325355529785156,868,0.41504600108601153,0,0,TRUE,pair,249,3.6467249003471807,5.838054514262589,44,0,7.514056224899599,3.6467249003471807,0.332034899154678,4.534822899149731,cpu,cuda:0,0,670.4443359,50
798,1,DDT500_num100.txt,fixed,1975,8,246.875,11.00497055053711,9.045863151550293,7.448434644174995e-06,-4.66,-0.40460538,0.20875000953674316,0.027128169313073158,0.1599999964237213,0.25,0.02909706748629871,0.03343300354716025,0.001033011695223027,0.48524416434137446,0.009526657351096602,0.043781878353145565,0.0003,633,167,58.88265208859627,9.06679892539978,24.474489212036133,33.54128813743591,908,0.35606279922649264,0,0,TRUE,pair,261,3.716645300388336,5.405569618925264,35,0,7.567049808429119,3.716645300388336,0.34679139778018,4.796952301985584,cpu,cuda:0,0,670.4462891,48
799,1,DDT500_num100.txt,fixed,1883,8,235.375,14.974457740783691,8.959310531616211,7.696157808823045e-06,-5.02,-0.427577997,0.1862500011920929,0.023418743163347244,0.1599999964237213,0.23000000417232513,-0.030233432,-0.02594223,0.0012097990289071782,0.489610536230935,0.011333546148509614,0.03725578622995979,0.0003,651,149,52.215213640872214,8.982728242874146,27.07955837249756,36.062286615371704,871,0.41668700031004846,0,0,TRUE,pair,261,3.813630900112912,5.774296331456286,44,0,7.21455938697318,3.813630900112912,0.36065470054745674,4.601778300013393,cpu,cuda:0,0,670.4443359,48
800,1,DDT500_num100.txt,fixed,1903,8,237.875,13.042598724365234,8.82935619354248,9.22775416256627e-06,-4.84,-0.435146064,0.19749999046325684,0.02487468346953392,0.17000000178813934,0.23999999463558197,0.030869211786641523,0.03538168157235934,0.001207696318698044,0.5116319289574256,0.011523831868544221,0.037364874250040606,0.0003,642,158,74.58438851637314,8.851087093353271,16.663635730743408,25.51472282409668,880,0.3606154036242515,0,0,TRUE,pair,256,3.7357887002872303,5.494482397719928,48,0,7.43359375,3.7357887002872303,0.34749060147441924,4.565430201939307,cpu,cuda:0,0,670.4443359,49
801,1,DDT500_num100.txt,fixed,1901,8,237.625,12.123711585998535,8.982986450195312,8.028725460462738e-06,-4.86,-0.425755256,0.19624999165534973,0.03388860076665878,0.15000000596046448,0.25,-0.050128604,-0.045801214,0.0012897235515993088,0.49722553640604017,0.009139944713388104,0.024736019060947002,0.0003,643,157,95.95995543034661,9.00325322151184,10.807093620300293,19.810346841812134,870,0.4263221985893324,0,0,TRUE,pair,260,3.7647903006291017,5.702788003678701,45,0,7.311538461538461,3.7647903006291017,0.348589702276513,4.685442997608334,cpu,cuda:0,0,670.4443359,49
802,1,DDT500_num100.txt,fixed,1961,8,245.125,11.677301406860352,9.37410831451416,1.1273947166046128e-05,-4.52,-0.397033801,0.2175000011920929,0.037332963198423386,0.1599999964237213,0.27000001072883606,0.005865914126237233,0.010000284140308699,0.0012192590123352904,0.4743998663292991,0.03191354399960902,0.02171398668239514,0.0003,626,174,87.14996945947794,9.397088289260864,13.104353904724121,22.501442193984985,888,0.35218999919015914,0,0,TRUE,pair,267,3.99658729985822,5.566037735727477,44,0,7.344569288389513,3.99658729985822,0.378147397772409,4.808358001988381,cpu,cuda:0,0,670.4462891,49
803,1,DDT500_num100.txt,fixed,1935,8,241.875,13.531791687011719,8.926631927490234,3.18250858981628e-05,-4.68,-0.400428111,0.20749999582767487,0.021065372973680496,0.17000000178813934,0.23000000417232513,0.026320862273375194,0.03084760159254074,0.0013399847278681893,0.5196733772754669,0.028896104001129668,0.03505001884574691,0.0003,634,166,116.57620122358801,8.951782941818237,7.646802186965942,16.59858512878418,881,0.35411570058204234,0,0,TRUE,pair,258,3.7530332991154864,5.66098191140542,48,0,7.5,3.7530332991154864,0.35827240196522325,4.6293693982297555,cpu,cuda:0,0,670.4462891,48
804,1,DDT500_num100.txt,fixed,1946,8,243.25,16.75373077392578,9.062803268432617,8.092194548225962e-06,-4.56,-0.411702524,0.2149999886751175,0.03905124589800835,0.14000000059604645,0.25999999046325684,-0.020588309,-0.016119531,0.0013518344688539703,0.5144690722227097,0.020450514799449593,0.03515740383105973,0.0003,628,172,111.80285236515023,9.083853721618652,8.321784496307373,17.405638217926025,875,0.34371509961783886,0,0,TRUE,pair,264,3.809743100660853,5.420863310822725,40,0,7.371212121212121,3.809743100660853,0.3645144004840404,4.701583702000789,cpu,cuda:0,0,670.4462891,50
805,1,DDT500_num100.txt,fixed,1846,8,230.75,14.210471153259277,8.332792282104492,9.289150511904154e-06,-4.84,-0.409369201,0.19750002026557922,0.023848477751016617,0.1599999964237213,0.23999999463558197,-0.077714378,-0.073305631,0.001312761043664068,0.5065116345882416,0.011057015668484382,0.0221709281206131,0.0003,642,158,113.09995034238484,8.354342699050903,7.966463327407837,16.32184624671936,852,0.3344372996361926,0,0,TRUE,pair,250,3.4142270013689995,5.84398699685011,64,0,7.384,3.4142270013689995,0.3222403994295746,4.424985397723503,cpu,cuda:0,0,670.44384765625,48
806,1,DDT500_num100.txt,fixed,1862,8,232.75,18.55902671813965,8.389907836914062,1.1665468264254741e-05,-4.66,-0.422658641,0.20875000953674316,0.03018173761665821,0.1599999964237213,0.25999999046325684,-0.173403692,-0.168826853,0.0010323587662747337,0.5093013180626763,0.01352693748453425,0.03909228410985735,0.0003,633,167,95.28925973751667,8.41044545173645,11.130056858062744,19.540502309799194,847,0.3321099012391642,0,0,TRUE,pair,257,3.47833069995977,5.967776584574026,56,0,7.245136186770428,3.47833069995977,0.3280278983293101,4.413397600874305,cpu,cuda:0,0,670.4443359,49
807,1,DDT500_num100.txt,fixed,1911,8,238.875,17.560163497924805,8.938203811645508,1.2044268260069657e-05,-4.78,-0.422306274,0.20125001668930054,0.03585996851325035,0.14000000059604645,0.23999999463558197,0.04372629523277283,0.048440223932266234,0.001702658855356276,0.5565259158611298,0.01138403861259576,0.022521551698446274,0.0003,639,161,115.2379194143205,8.96066403388977,7.622419118881226,16.583083152770996,863,0.42876669752877206,0,0,TRUE,pair,262,3.7377379996469244,5.69963370175464,64,0,7.293893129770993,3.7377379996469244,0.3580694021657109,4.660139400046319,cpu,cuda:0,0,670.4443359,48
808,1,DDT500_num100.txt,fixed,1825,8,228.125,14.434659004211426,8.73050308227539,4.228150282870047e-05,-4.94,-0.416194884,0.1912499964237213,0.03550967946648598,0.1599999964237213,0.25999999046325684,-0.037569771,-0.03313309,0.0017239904522688852,0.5298673394653532,0.013506173675220149,0.05112558830943373,0.0003,647,153,79.97741918716073,8.751298189163208,14.06764268875122,22.81894087791443,844,0.3396718023577705,0,0,TRUE,pair,255,3.6922138006193563,5.810958901758063,44,0,7.1568627450980395,3.6922138006193563,0.3574516025837511,4.497134602512233,cpu,cuda:0,0,670.44384765625,49
809,1,DDT500_num100.txt,fixed,1932,8,241.5,16.5,8.849693298339844,8.869684279488865e-06,-4.42,-0.402648104,0.22374999523162842,0.03276335448026657,0.17000000178813934,0.27000001072883606,-0.081479351,-0.077590997,0.0011143729918532902,0.444554188185268,0.012769966308648387,0.042626435661481485,0.0003,621,179,96.40545621361922,8.872347593307495,11.168011903762817,20.040359497070312,860,0.3501737004844472,0,0,TRUE,pair,262,3.650083100073971,5.626811596053974,44,0,7.374045801526718,3.650083100073971,0.3430806992109865,4.6733619953738526,cpu,cuda:0,0,670.4462891,48
810,1,DDT500_num100.txt,fixed,1863,8,232.875,13.59630012512207,8.84655475616455,8.183003956219181e-06,-4.8,-0.412586884,0.20000000298023224,0.02345207892358303,0.17000000178813934,0.23000000417232513,-0.044230037,-0.040757426,0.001176810585258698,0.40610191090540454,0.014426275495101105,0.044597892852669414,0.0003,640,160,73.92126703548837,8.868996858596802,16.33349323272705,25.202490091323853,849,0.35378740006126463,0,0,TRUE,pair,254,3.747536599636078,5.6709608169121575,48,0,7.334645669291339,3.747536599636078,0.35282799776177853,4.562287203036249,cpu,cuda:0,0,670.4443359,48
811,1,DDT500_num100.txt,fixed,1898,8,237.25,17.62632942199707,9.038930892944336,9.719761692394968e-06,-4.8,-0.419246574,0.20000000298023224,0.029154757037758827,0.15000000596046448,0.23999999463558197,-0.055059912,-0.051304938,0.0012974179169925098,0.4403680996461348,0.010757211119529198,0.040420955047011375,0.0003,640,160,82.15008848524492,9.061002969741821,14.043050050735474,23.104053020477295,890,0.35751630109734833,0,0,TRUE,pair,257,3.81982790119946,5.724446787346778,40,0,7.385214007782102,3.81982790119946,0.3570331005612388,4.678737100097351,cpu,cuda:0,0,670.4443359,48
812,1,DDT500_num100.txt,fixed,1884,8,235.5,15.313392639160156,9.135265350341797,5.591411081695696e-06,-4.72,-0.405548432,0.20499998331069946,0.03464101254940033,0.14000000059604645,0.25,-0.049373515,-0.045410888,0.0011122181622340577,0.4518736368045211,0.008405912415128114,0.0379427550942637,0.0003,636,164,59.451289056672515,9.156831741333008,22.53297734260559,31.6898090839386,870,0.35373730084393173,0,0,TRUE,pair,253,3.9447086001746356,5.662951162539723,44,0,7.446640316205533,3.9447086001746356,0.3992250025039539,4.597523301141337,cpu,cuda:0,0,670.4443359,50
813,1,DDT500_num100.txt,fixed,1869,8,233.625,20.217180252075195,8.442444801330566,1.0657070561137516e-05,-4.8,-0.412758098,0.20000000298023224,0.04527692869305611,0.14000000059604645,0.27000001072883606,-0.033140458,-0.028917221,0.0012942026466286431,0.48703373099366826,0.01413799321744591,0.04764095367863774,0.0003,640,160,71.4896473873273,8.46520709991455,17.678438425064087,26.143645524978638,839,0.33997009973973036,0,0,TRUE,pair,258,3.4241057010367513,5.646334941021066,40,0,7.244186046511628,3.4241057010367513,0.3284736954374239,4.514891401515342,cpu,cuda:0,0,670.4443359,50
814,1,DDT500_num100.txt,fixed,1795,8,224.375,14.421663284301758,8.437919616699219,1.4697107872052584e-05,-5.1,-0.418706127,0.18124999105930328,0.03179524093866348,0.15000000596046448,0.25999999046325684,-0.008172011,-0.003139609,0.001170724843783925,0.561776598294576,0.013647495225692788,0.04565837555047539,0.0003,655,145,86.3429976569489,8.461634874343872,12.32754373550415,20.789178609848022,833,0.33740299905184656,0,0,TRUE,pair,250,3.3850365000544116,6.031754872659455,56,0,7.18,3.3850365000544116,0.32542120188008994,4.551389700733125,cpu,cuda:0,0,670.44384765625,49
815,1,DDT500_num100.txt,fixed,1932,8,241.5,19.248376846313477,8.914850234985352,1.150354182755109e-05,-4.52,-0.399061426,0.2175000011920929,0.034550681710243225,0.17000000178813934,0.25999999046325684,-0.014566157,-0.009980719,0.0012495512159408204,0.5210214044366565,0.011384734651073813,0.0369157124576824,0.0003,626,174,103.53530755468702,8.93553900718689,9.724761962890625,18.660300970077515,874,0.34663339832331985,0,0,TRUE,pair,266,3.6845024985959753,5.827122154443161,44,0,7.2631578947368425,3.6845024985959753,0.34647479688283056,4.701916997670196,cpu,cuda:0,0,670.4462891,48
816,1,DDT500_num100.txt,fixed,1908,8,238.5,12.913171768188477,8.879226684570312,7.509238912462024e-06,-4.84,-0.425176184,0.19750002026557922,0.022776082158088684,0.17000000178813934,0.25,0.0051316314687331515,0.009462741125995914,0.0011588478810153902,0.4910534496108691,0.009192756093398202,0.043907215973983206,0.0003,642,158,79.23810797221566,8.903967380523682,15.175355672836304,24.079323053359985,873,0.3391044985037297,0,0,TRUE,pair,253,3.6575252988841385,5.566561844238945,75,0,7.541501976284585,3.6575252988841385,0.35392680356744677,4.685465298127383,cpu,cuda:0,0,670.4443359,48
817,1,DDT500_num100.txt,fixed,1934,8,241.75,13.763629913330078,9.375171661376953,6.171311724756379e-06,-4.34,-0.406904628,0.22875000536441803,0.02027159184217453,0.20000000298023224,0.25999999046325684,0.02182662021368742,0.02550145029090345,0.0016677181265549734,0.4508690293878317,0.00890505268034758,0.03282113105524331,0.0003,617,183,104.89341101186963,9.397404909133911,9.040359497070312,18.437764406204224,866,0.356550301425159,0,0,TRUE,pair,260,3.8578865006566048,5.620992760500469,50,0,7.438461538461539,3.8578865006566048,0.39555739681236446,4.921227101352997,cpu,cuda:0,0,670.4462891,49
818,1,DDT500_num100.txt,fixed,1909,8,238.625,7.920503616333008,8.853128433227539,6.910026968398597e-06,-4.72,-0.40743632,0.20500001311302185,0.027838820591568947,0.1599999964237213,0.25,0.03969999847726689,0.04361615035062035,0.001291073612972266,0.45616881052652997,0.01433996234037396,0.04309713581783904,0.0003,636,164,88.12275525796515,8.876509666442871,12.786453485488892,21.662963151931763,870,0.35010790289379656,0,0,TRUE,pair,253,3.6585885997628793,5.685699317891165,45,0,7.545454545454546,3.6585885997628793,0.35827249847352505,4.653100703377277,cpu,cuda:0,0,670.4443359,48
819,1,DDT500_num100.txt,fixed,1884,8,235.5,15.231546401977539,8.9141845703125,9.362293894810136e-06,-4.68,-0.414397133,0.20750001072883606,0.028173567727208138,0.1599999964237213,0.25,0.03829347734960417,0.041986748684818546,0.001014550880063325,0.42005499502023064,0.01563310773538736,0.058237996076544125,0.0003,634,166,59.49870701745229,8.936158657073975,22.728394985198975,31.66455364227295,858,0.3448498995276168,0,0,TRUE,pair,255,3.724307500757277,5.597133756949391,35,0,7.3882352941176475,3.724307500757277,0.36618980241473764,4.635591998929158,cpu,cuda:0,0,670.4443359,49
820,1,DDT500_num100.txt,fixed,1964,8,245.5,13.388427734375,8.83849048614502,8.456300747639034e-06,-4.36,-0.407013199,0.22749999165534973,0.026809513568878174,0.1899999976158142,0.25999999046325684,0.08165404697259267,0.08497083311279614,0.0006033820488179723,0.36184778809547424,0.019043653703799162,0.012470978001753489,0.0003,618,182,162.28403135621332,8.859278917312622,3.2429592609405518,12.102238178253174,897,0.4215703997761011,0,0,TRUE,pair,257,3.6187534005148336,5.7693482682321315,40,0,7.642023346303502,3.6187534005148336,0.34182230359874666,4.695051200338639,cpu,cuda:0,0,532.33837890625,49
821,1,DDT500_num100.txt,fixed,1910,8,238.75,12.5673189163208,9.004899978637695,8.24528524390189e-06,-4.52,-0.411378726,0.2175000011920929,0.03766630217432976,0.17000000178813934,0.27000001072883606,0.01386725219587485,0.01775789524738987,0.0008981370556284674,0.43397115791837376,0.009980323874818472,0.04461289895698428,0.0003,626,174,70.67100344203448,9.024683713912964,18.001959562301636,27.0266432762146,858,0.43921019951812923,0,0,TRUE,pair,260,3.669371400028467,5.887958116930816,40,0,7.346153846153846,3.669371400028467,0.35091789602302015,4.799484797171317,cpu,cuda:0,0,670.4443359,48
822,1,DDT500_num100.txt,fixed,1953,8,244.125,15.036933898925781,9.019180297851562,7.900257514847908e-06,-4.28,-0.413075912,0.23250000178813934,0.025860199704766273,0.1899999976158142,0.25999999046325684,0.0006793251128068992,0.00467010959982872,0.0007365101233257779,0.435904004744121,0.01242255992214528,0.024985361844301224,0.0003,614,186,110.39455983052488,9.040671348571777,8.650417804718018,17.691089153289795,860,0.33603880112059414,0,0,TRUE,pair,256,3.7475258007179946,5.610343057561153,45,0,7.62890625,3.7475258007179946,0.3558492992306128,4.731042193830945,cpu,cuda:0,0,670.4462891,48
823,1,DDT500_num100.txt,fixed,1970,8,246.25,17.682971954345703,9.362187385559082,9.500912710791454e-06,-4.46,-0.38600683,0.2212499976158142,0.033330731093883514,0.1599999964237213,0.27000001072883606,-0.041314268,-0.037713521,0.00082244815712329,0.4011968895792961,0.011093502340372652,0.032942685298621655,0.0003,623,177,144.70122827363593,9.383349657058716,4.23090934753418,13.614259004592896,888,0.3502298987004906,0,0,TRUE,pair,267,4.030939898919314,5.475634511473215,33,0,7.378277153558052,4.030939898919314,0.37841050000861287,4.761434901389293,cpu,cuda:0,0,670.4462891,49
824,1,DDT500_num100.txt,fixed,1972,8,246.5,6.595452785491943,9.256586074829102,5.012463589082472e-06,-4.48,-0.389675252,0.2200000137090683,0.017320508137345314,0.1899999976158142,0.25,0.019813664205786254,0.02364208632045322,0.0009627869779554507,0.43098167578379315,0.014213448032630064,0.024508228215078514,0.0003,624,176,95.43436175746682,9.280340194702148,11.383076667785645,20.663416862487793,885,0.3502034025732428,0,0,TRUE,pair,255,3.920517999562435,5.7429006091237795,40,0,7.733333333333333,3.920517999562435,0.3832107004709542,4.755644200602546,cpu,cuda:0,0,670.4462891,48
825,1,DDT500_num100.txt,fixed,1936,8,242,8.68907356262207,9.11382007598877,7.791583811922465e-06,-4.6,-0.408471687,0.21250000596046448,0.021650634706020355,0.17000000178813934,0.23999999463558197,0.003921058773994446,0.008238763734698295,0.0008681983221322298,0.47518124580383303,0.016910287174687254,0.028543198853731154,0.0003,630,170,132.94409282679698,9.135762929916382,5.4267494678497314,14.562512397766113,866,0.334513500216417,0,0,TRUE,pair,256,3.8776493987534195,5.737086773411302,50,0,7.5625,3.8776493987534195,0.36989239614922553,4.678282797103748,cpu,cuda:0,0,670.4462891,48
826,1,DDT500_num100.txt,fixed,1928,8,241,14.966629981994629,8.730335235595703,9.608002073946409e-06,-4.46,-0.414921742,0.2212499976158142,0.033703673630952835,0.1599999964237213,0.27000001072883606,-0.130043453,-0.125554573,0.0008496614924903648,0.491371122499307,0.011275538582898056,0.0313241045223549,0.0003,623,177,80.37201139676664,8.752175092697144,15.23627519607544,23.988450288772583,866,0.3412415999919176,0,0,TRUE,pair,258,3.6276286978973076,5.820539416490254,45,0,7.4728682170542635,3.6276286978973076,0.3400813976768404,4.581988102640025,cpu,cuda:0,0,670.4462891,48
827,1,DDT500_num100.txt,fixed,1768,8,221,14.59451961517334,8.320321083068848,9.35014304559445e-06,-5.06,-0.425927026,0.1837499886751175,0.03388860449194908,0.12999999523162842,0.25,-0.16476732,-0.160699602,0.0013309138109131406,0.47331688470310634,0.010659661299238602,0.03960217059486442,0.0003,653,147,83.39446116106917,8.342225313186646,12.85822343826294,21.200448751449585,847,0.3427515985677019,0,0,TRUE,pair,248,3.4563271993538365,5.9027149271371675,60,0,7.129032258064516,3.4563271993538365,0.3320571018848568,4.360243495437317,cpu,cuda:0,0,670.44189453125,48
828,1,DDT500_num100.txt,fixed,1858,8,232.25,16.850444793701172,8.942331314086914,1.0092740012623835e-05,-4.62,-0.427983436,0.21125000715255737,0.024717146530747414,0.18000000715255737,0.25999999046325684,-0.092186741,-0.088396635,0.001017588640520857,0.42988985776901245,0.014070275816431438,0.044367759065194565,0.0003,631,169,86.67004595704572,8.964115142822266,12.473510503768921,21.437625646591187,853,0.33815440046601,0,0,TRUE,pair,255,3.8238698003115132,5.779870832954464,45,0,7.286274509803921,3.8238698003115132,0.38010239915456623,4.556013502180576,cpu,cuda:0,0,670.4443359,48
829,1,DDT500_num100.txt,fixed,1931,8,241.375,22.248245239257812,8.792806625366211,1.0002220733440481e-05,-4.5,-0.420235346,0.21875,0.037562448531389236,0.17000000178813934,0.27000001072883606,-0.002353365,0.001406546061237653,0.0015303473143527906,0.4525085041920344,0.007476417308983703,0.02547374212493499,0.0003,625,175,117.27661334745889,8.813251495361328,7.65209436416626,16.465345859527588,852,0.33558439870830625,0,0,TRUE,pair,270,3.6842804001644254,5.435007764785664,35,0,7.151851851851852,3.6842804001644254,0.3585828044451773,4.5666065972764045,cpu,cuda:0,0,670.4462891,48
830,1,DDT500_num100.txt,fixed,1987,8,248.375,10.827482223510742,9.470909118652344,7.270789410540601e-06,-4.42,-0.422267705,0.22374999523162842,0.02735758386552334,0.18000000715255737,0.25999999046325684,-0.00188876,0.0022273376170131895,0.00125031437103947,0.474125388595793,0.013927319740307413,0.037845786557429366,0.0003,621,179,99.96844257405098,9.492782831192017,10.383489608764648,19.876272439956665,872,0.3575715001206845,0,0,TRUE,pair,258,3.9184804995311424,5.5083039777628064,45,0,7.7015503875969,3.9184804995311424,0.3734534988179803,4.984471297473647,cpu,cuda:0,0,670.44677734375,48
831,1,DDT500_num100.txt,fixed,1949,8,243.625,8.39549732208252,9.092549324035645,6.835589829279343e-06,-4.5,-0.421638591,0.21875,0.01899835094809532,0.18000000715255737,0.23999999463558197,-0.076399159,-0.072273578,0.0010334950948163169,0.46423294954001904,0.009985856730054365,0.046277110872324556,0.0003,625,175,68.24279382528115,9.115994453430176,19.44379758834839,28.559792041778564,860,0.3322989996522665,0,0,TRUE,pair,253,3.9350596993463114,5.346331452515995,40,0,7.703557312252965,3.9350596993463114,0.36866939906030893,4.604296699049883,cpu,cuda:0,0,670.4462891,48
832,1,DDT500_num100.txt,fixed,1989,8,248.625,10.355402946472168,9.152304649353027,7.59953354645404e-06,-4.44,-0.396641715,0.2225000113248825,0.020463379099965096,0.1899999976158142,0.25999999046325684,-0.005380284,-0.001642007,0.0017435006060016651,0.46100281675656635,0.009541605424601585,0.03258460333260397,0.0003,622,178,110.93199098392667,9.173654079437256,8.756250381469727,17.929904460906982,868,0.3544330986915156,0,0,TRUE,pair,264,3.797178399981931,5.285570637073392,30,0,7.534090909090909,3.797178399981931,0.3512833978747949,4.815805400721729,cpu,cuda:0,0,670.44677734375,49
833,1,DDT500_num100.txt,fixed,1889,8,236.125,13.013814926147461,8.433493614196777,2.4758825020398945e-05,-4.84,-0.430611046,0.19750002026557922,0.02989564836025238,0.15000000596046448,0.23999999463558197,-0.01943004,-0.015308275,0.0014951566367277078,0.4869341892855508,0.019163148943334818,0.03514115472457239,0.0003,642,158,105.95466123720101,8.45770001411438,9.370680332183838,17.828380346298218,875,0.3438555005704984,0,0,TRUE,pair,252,3.457039600936696,5.598200105245054,40,0,7.496031746031746,3.457039600936696,0.3351898011751473,4.464223703485914,cpu,cuda:0,0,670.4443359,48
834,1,DDT500_num100.txt,fixed,1948,8,243.5,12.349088668823242,8.945725440979004,7.659138645976782e-06,-4.5,-0.420616092,0.2187500149011612,0.015360256657004356,0.20000000298023224,0.25,0.26961400732398033,0.2752913422882557,0.000896406483661849,0.6125538721680641,0.05364702071528882,0.08380682021379471,0.0003,625,175,140.97376757406934,8.966624736785889,4.851548910140991,13.81817364692688,863,0.33902889862656593,0,0,TRUE,pair,257,3.7903602012665942,5.619096506302851,80,0,7.57976653696498,3.7903602012665942,0.35515460139140487,4.616970801376738,cpu,cuda:0,0,670.4462891,47
835,1,DDT500_num100.txt,fixed,1933,8,241.625,17.102174758911133,9.259127616882324,9.041064004122745e-06,-4.68,-0.458518548,0.20750001072883606,0.02817356586456299,0.15000000596046448,0.23999999463558197,-0.016357073,-0.012265768,0.001188382269901922,0.4685495011508465,0.016242325684288517,0.056699144653975964,0.0003,634,166,99.08413337208744,9.282087326049805,10.226586103439331,19.508673429489136,885,0.345618998282589,0,0,TRUE,pair,269,3.9477134998887777,5.330056904143024,39,0,7.185873605947956,3.9477134998887777,0.36244969675317407,4.760058103129268,cpu,cuda:0,0,670.4462891,47
836,1,DDT500_num100.txt,fixed,2028,8,253.5,6.652067184448242,9.305660247802734,6.777129328838782e-06,-4.24,-0.44441294,0.23499999940395355,0.02828427031636238,0.18000000715255737,0.27000001072883606,-0.022427165,-0.018836614,0.0011813555955251848,0.4181230447509072,0.011063357629940252,0.04493964924900369,0.0003,612,188,82.90287964521747,9.328416347503662,15.133942604064941,24.462358951568604,889,0.33696120185777545,0,0,TRUE,pair,263,3.8707898006541654,5.079881656687171,40,0,7.7110266159695815,3.8707898006541654,0.36428849736694247,4.883574798237532,cpu,cuda:0,0,670.44677734375,47
837,1,DDT500_num100.txt,fixed,1880,8,235,11.715374946594238,8.6410493850708,7.769665899104439e-06,-4.88,-0.452871928,0.19499999284744263,0.022360678762197495,0.1599999964237213,0.23000000417232513,0.0580287529155612,0.062467955285683274,0.0015657197145628743,0.5222060941159725,0.012386534639517777,0.02877400489524007,0.0003,644,156,86.08151485987665,8.66756010055542,13.17220425605774,21.83976435661316,854,0.3339244007365778,0,0,TRUE,pair,254,3.590138799045235,5.514361700605839,45,0,7.4015748031496065,3.590138799045235,0.3370950019452721,4.538778403075412,cpu,cuda:0,0,670.4443359,48
838,1,DDT500_num100.txt,fixed,1835,8,229.375,22.80864715576172,8.239975929260254,9.530780516797677e-06,-4.84,-0.461425212,0.19750000536441803,0.048925962299108505,0.11999999731779099,0.25,0.045122868940234186,0.04947149530053139,0.0017327171604847535,0.5214987069368362,0.010280040855286643,0.05168142132461071,0.0003,642,158,82.1876302944552,8.261695146560669,14.065265655517578,22.326960802078247,845,0.3419378977268934,0,0,TRUE,pair,260,3.376164598739706,5.510626703516989,44,0,7.0576923076923075,3.376164598739706,0.3235925965709612,4.369545298279263,cpu,cuda:0,0,670.44384765625,49
839,1,DDT500_num100.txt,fixed,1894,8,236.75,19.791095733642578,8.741095542907715,1.5699461073381826e-05,-4.52,-0.437404568,0.2175000011920929,0.042352691292762756,0.12999999523162842,0.27000001072883606,0.0448158731063207,0.04932093040810691,0.0013649987878226158,0.5187558366192712,0.00949652839012237,0.04034342606448465,0.0003,626,174,92.63588028607373,8.762805938720703,11.682835578918457,20.44564151763916,840,0.42277729976922274,0,0,TRUE,pair,253,3.596591900102794,5.759767689448098,48,0,7.486166007905139,3.596591900102794,0.3487065000226721,4.614444298786111,cpu,cuda:0,0,670.4443359,47
840,1,DDT500_num100.txt,fixed,1886,8,235.75,16.037065505981445,9.178144454956055,1.021589559968561e-05,-4.96,-0.454608219,0.1899999976158142,0.022360680624842644,0.1599999964237213,0.23000000417232513,0.017771765928376804,0.022075463425029408,0.0016928840724920685,0.5150139846585013,0.011012809202921662,0.03770606262101368,0.0003,648,152,81.0781061622491,9.199156761169434,14.062363386154175,23.26152014732361,869,0.35168819956015795,0,0,TRUE,pair,268,3.8736457995837554,5.616648990554244,40,0,7.037313432835821,3.8736457995837554,0.3688357957871631,4.746244300389662,cpu,cuda:0,0,670.4443359,48
841,1,DDT500_num100.txt,fixed,1881,8,235.125,12.393924713134766,8.41323471069336,6.983670573390555e-06,-4.6,-0.428502817,0.21250002086162567,0.023318449035286903,0.1599999964237213,0.23999999463558197,0.014120313205889292,0.0180646079991545,0.0023019828451132135,0.5095288710934776,0.014229951987674992,0.02020620261984212,0.0003,630,170,107.35033206682981,8.434795379638672,9.087274312973022,17.522069692611694,844,0.3375941008562222,0,0,TRUE,pair,253,3.4427611000137404,5.617224882157289,44,0,7.434782608695652,3.4427611000137404,0.3298680994194001,4.465666699921712,cpu,cuda:0,0,670.4443359,48
842,1,DDT500_num100.txt,fixed,1942,8,242.75,11.861176490783691,9.536359786987305,7.718283995927777e-06,-4.76,-0.442156887,0.20250001549720764,0.028613805770874023,0.14000000059604645,0.23999999463558197,0.07296302765607834,0.07669483870267868,0.0016686029848642647,0.45661134719848634,0.009729934175265954,0.01962498752400279,0.0003,638,162,114.7582627518325,9.557290315628052,7.365238428115845,16.922528743743896,873,0.35486629768274724,0,0,TRUE,pair,257,4.083422800176777,5.272399587439705,44,0,7.556420233463035,4.083422800176777,0.4029505020007491,4.847369802533649,cpu,cuda:0,0,670.4462891,47
843,1,DDT500_num100.txt,fixed,1931,8,241.375,9.999218940734863,9.419454574584961,5.190740012039896e-06,-4.6,-0.436443285,0.21250000596046448,0.025372227653861046,0.17000000178813934,0.25,0.0028977447913752664,0.006618935614824295,0.0011360096929517265,0.42891959018177456,0.007263545730287054,0.031780936781110034,0.0003,630,170,54.181202396407414,9.443175554275513,26.196491241455078,35.63966679573059,896,0.3586172006325796,0,0,TRUE,pair,258,4.021999299991876,5.494044535274891,40,0,7.484496124031008,4.021999299991876,0.3988867015577853,4.804659297224134,cpu,cuda:0,0,670.4462891,48
844,1,DDT500_num100.txt,fixed,1964,8,245.5,12.82575511932373,8.841012954711914,6.226332061487483e-06,-4.4,-0.433134998,0.22500000894069672,0.02345207706093788,0.17000000178813934,0.25999999046325684,-0.024798528,-0.02037726,0.0015233272623101418,0.5182931477373297,0.017647196170979772,0.0329237973571501,0.0003,620,180,81.75533531965719,8.866177558898926,15.156719446182251,24.022897005081177,868,0.34530790080316365,0,0,TRUE,pair,259,3.6273127989843488,5.360997956542036,48,0,7.583011583011583,3.6273127989843488,0.3431041963631287,4.688073602039367,cpu,cuda:0,0,670.4462891,49
845,1,DDT500_num100.txt,fixed,1932,8,241.5,14.300349235534668,8.726868629455566,1.0276919056195766e-05,-4.6,-0.40776201,0.21250000596046448,0.03344772011041641,0.1599999964237213,0.2800000011920929,0.016092502112899507,0.02017823769710958,0.0016082244484485792,0.4889847551073347,0.023334668649892722,0.027001565588372096,0.0003,630,170,107.20530461371499,8.750185489654541,9.271310806274414,18.021496295928955,872,0.35262270038947463,0,0,TRUE,pair,255,3.5629019991029054,5.510351967367327,42,0,7.576470588235294,3.5629019991029054,0.3421330021228641,4.640508005162701,cpu,cuda:0,0,670.4462891,47
846,1,DDT500_num100.txt,fixed,1944,8,243,8.32165813446045,9.033821105957031,5.984258677926846e-06,-4.68,-0.427345732,0.20750001072883606,0.021650632843375206,0.17000000178813934,0.23999999463558197,-0.00515412,-0.001033976,0.0014556788041123322,0.4847980865410396,0.012156980406351587,0.020359947545719997,0.0003,634,166,110.2109092476037,9.05579924583435,8.583107948303223,17.638907194137573,882,0.34817349980585277,0,0,TRUE,pair,251,3.73001900059171,5.396090533507704,36,0,7.745019920318725,3.73001900059171,0.37219169712625444,4.744479095679708,cpu,cuda:0,0,670.4462891,49
847,1,DDT500_num100.txt,fixed,1957,8,244.625,11.947149276733398,8.922372817993164,7.1921840572031215e-06,-4.54,-0.409835758,0.2162500023841858,0.02496872842311859,0.18000000715255737,0.25,0.05487860832363367,0.05922854458913207,0.001265215440071188,0.49825426936149597,0.013864670658222167,0.01893907878547907,0.0003,627,173,131.06766344853946,8.952014923095703,5.979204177856445,14.931219100952148,873,0.3466046006651595,0,0,TRUE,pair,256,3.723017399897799,5.348492592405652,40,0,7.64453125,3.723017399897799,0.35645690059755,4.656734098680317,cpu,cuda:0,0,670.4462891,48
848,1,DDT500_num100.txt,fixed,1867,8,233.375,20.940017700195312,8.248048782348633,8.90805313247256e-06,-4.98,-0.418102912,0.1887499839067459,0.02934173308312893,0.15000000596046448,0.23999999463558197,0.027209649421274663,0.0317291796207428,0.001198980223853141,0.5119022250175476,0.009925637720152735,0.018167465459555387,0.0003,649,151,113.28900527308039,8.26966118812561,8.21031403541565,16.47997522354126,858,0.34325150155927986,0,0,TRUE,pair,257,3.3463031011633575,5.573111940720021,50,0,7.264591439688716,3.3463031011633575,0.32503730128519237,4.4048069946002215,cpu,cuda:0,0,670.4443359,47
849,1,DDT500_num100.txt,fixed,1849,8,231.125,14.460614204406738,8.814352035522461,8.496536793245468e-06,-4.64,-0.396878837,0.20999999344348907,0.026457510888576508,0.17000000178813934,0.23999999463558197,0.01614145760571486,0.02083826447395902,0.0013406327006554133,0.5367123170902854,0.01161520137745691,0.049037562781258634,0.0003,632,168,57.33694565537087,8.839329242706299,23.408638954162598,32.2479681968689,867,0.3371286984765902,0,0,TRUE,pair,256,3.807083500083536,5.907517575263461,45,0,7.22265625,3.807083500083536,0.36875939986202866,4.45739809947554,cpu,cuda:0,0,670.44384765625,49
850,1,DDT500_num100.txt,fixed,1965,8,245.625,7.825239658355713,8.98753833770752,5.012463589082472e-06,-4.68,-0.395118523,0.20749999582767487,0.026339134201407433,0.1599999964237213,0.25,-0.002672166,0.0011753143432239692,0.00117449556516173,0.4434727529684703,0.006624825392160953,0.030422229048175115,0.0003,634,166,80.71987909716829,9.008579015731812,15.334866762161255,24.343445777893066,867,0.3432033014250919,0,0,TRUE,pair,262,3.7405424993485212,5.419338421421196,40,0,7.5,3.7405424993485212,0.3490247019799426,4.714037499623373,cpu,cuda:0,0,670.4462891,49
851,1,DDT500_num100.txt,fixed,1915,8,239.375,9.655795097351074,8.820915222167969,6.226332061487483e-06,-4.76,-0.407251147,0.20250001549720764,0.01984313316643238,0.18000000715255737,0.23000000417232513,0.02449739957228303,0.029135847435100004,0.0011648987710941583,0.5220897933468223,0.008471204476336425,0.03130219930608291,0.0003,638,162,60.00703027486543,8.855368852615356,23.05755853652954,31.912927389144897,871,0.3415294998558238,0,0,TRUE,pair,251,3.6130488995695487,5.595822454059093,42,0,7.629482071713148,3.6130488995695487,0.3473777974722907,4.679013498593122,cpu,cuda:0,0,670.4443359,48
852,1,DDT500_num100.txt,fixed,1909,8,238.625,13.425139427185059,9.175832748413086,7.239449587359559e-06,-4.42,-0.387718771,0.2237500101327896,0.018666481599211693,0.20000000298023224,0.25,-0.094784008,-0.091094929,0.0010124945751158521,0.4195327997207642,0.0070902109873713925,0.01800943147391081,0.0003,621,179,82.26681398318968,9.197938680648804,14.007044076919556,23.20498275756836,849,0.3339595983270556,0,0,TRUE,pair,266,3.9246921996818855,5.475641696973893,35,0,7.176691729323308,3.9246921996818855,0.3880069993901998,4.671195699949749,cpu,cuda:0,0,670.4443359,48
853,1,DDT500_num100.txt,fixed,1909,8,238.625,11.179640769958496,8.977203369140625,7.325311344175134e-06,-4.6,-0.406570138,0.21250000596046448,0.019202861934900284,0.18000000715255737,0.23999999463558197,-0.03897588,-0.034881868,0.0009563859361647205,0.45722047984600067,0.011421544448239729,0.016640786504880947,0.0003,630,170,77.29939864627205,9.00132966041565,15.694852113723755,24.696181774139404,864,0.4378553999122232,0,0,TRUE,pair,254,3.722060800064355,5.687270817174657,52,0,7.515748031496063,3.722060800064355,0.3499632047023624,4.7237922011408955,cpu,cuda:0,0,670.4443359,48
854,1,DDT500_num100.txt,fixed,1966,8,245.75,12.587196350097656,9.133474349975586,7.964750693645328e-06,-4.48,-0.421781613,0.2200000137090683,0.017320508137345314,0.1899999976158142,0.25,-0.227922853,-0.224953263,0.0008182041929103434,0.33786891028285027,0.008427252287219744,0.016004214878194034,0.0003,624,176,151.77082734851595,9.154244661331177,3.7994964122772217,12.953741073608398,869,0.34485750168096274,0,0,TRUE,pair,263,3.921704500215128,5.2507629707410155,30,0,7.475285171102661,3.921704500215128,0.3622291999636218,4.663485496072099,cpu,cuda:0,0,524.3857422,47
855,1,DDT500_num100.txt,fixed,1973,8,246.625,15.99951172,9.384471893310547,1.088923181669088e-05,-4.66,-0.432186463,0.20875000953674316,0.025217799469828606,0.18000000715255737,0.25,-0.159657533,-0.15617837,0.0009924354222179813,0.397537885741754,0.007454983752474866,0.022707493806427174,0.0003,633,167,86.99562553606411,9.408581495285034,13.270719766616821,22.679301261901855,872,0.34923660126514733,0,0,TRUE,pair,263,4.047713700099848,5.423213378946852,48,0,7.501901140684411,4.047713700099848,0.3950315029360354,4.744417100213468,cpu,cuda:0,0,670.4462891,48
856,1,DDT500_num100.txt,fixed,1987,8,248.375,13.701619148254395,9.205254554748535,8.24528524390189e-06,-4.28,-0.393041183,0.23250000178813934,0.01089724712073803,0.20999999344348907,0.23999999463558197,-0.006819384,-0.003420256,0.0008412254355789628,0.3819741103798151,0.014063607362913899,0.019413469766732305,0.0003,614,186,105.65200390429372,9.226399898529053,9.580626249313354,18.807026147842407,861,0.3486679004272446,0,0,TRUE,pair,264,3.8279597997898236,5.2063412169565435,40,0,7.526515151515151,3.8279597997898236,0.3663709978573024,4.817808900610544,cpu,cuda:0,0,670.44677734375,49
857,1,DDT500_num100.txt,fixed,1995,8,249.375,11.607513427734375,9.090251922607422,6.868772743473528e-06,-4.54,-0.393190999,0.21625001728534698,0.018666481599211693,0.1899999976158142,0.25,-7.45E-05,0.0035150941265256782,0.001051297529269696,0.41152913868427277,0.009353598670905308,0.02840996322859275,0.0003,627,173,56.493341216369195,9.111917495727539,26.20197892189026,35.3138964176178,899,0.43756370060145855,0,0,TRUE,pair,264,3.7533765997504815,5.144862152878802,35,0,7.556818181818182,3.7533765997504815,0.3506406992673874,4.802778900950216,cpu,cuda:0,0,670.44677734375,48
858,1,DDT500_num100.txt,fixed,1963,8,245.375,7.809249401092529,9.061631202697754,5.61170691071311e-06,-4.74,-0.417234412,0.20375001430511475,0.016535945236682892,0.18000000715255737,0.23000000417232513,-0.239775412,-0.236544855,0.00048232900007860735,0.3471725359559059,0.009315484305261634,0.010538437170907855,0.0003,637,163,153.75933762210366,9.089754104614258,3.676950216293335,12.766704320907593,862,0.34937439986970276,0,0,TRUE,pair,259,3.8452935011591762,5.322465614706536,35,0,7.579150579150579,3.8452935011591762,0.3636404989520088,4.664786398410797,cpu,cuda:0,0,497.80908203125,49
859,1,DDT500_num100.txt,fixed,1989,8,248.625,10.688048362731934,9.048564910888672,7.294205715879798e-06,-4.34,-0.404682248,0.22875000536441803,0.016909683123230934,0.20000000298023224,0.25999999046325684,-0.090486705,-0.086966101,0.0008761132223298774,0.3958659157156944,0.01073692716890946,0.050805766694247724,0.0003,617,183,87.22572998390649,9.071114301681519,13.73179030418396,22.80290460586548,878,0.35012240102514625,0,0,TRUE,pair,262,3.8087953998474404,5.266465561542156,48,0,7.591603053435114,3.8087953998474404,0.35956310108304024,4.6952269992325455,cpu,cuda:0,0,670.44677734375,48
860,1,DDT500_num100.txt,fixed,1928,8,241,9.165151596069336,8.894718170166016,6.316967755992664e-06,-4.32,-0.384848873,0.23000001907348633,0.02121320180594921,0.1899999976158142,0.25999999046325684,0.0090673402365711,0.012587298225197528,0.0014700465673942948,0.4254980252848731,0.013214933026271561,0.05250313195089499,0.0003,616,184,56.91509710496453,8.917086601257324,24.957932472229004,33.87501907348633,871,0.35065639938693494,0,0,TRUE,pair,254,3.762184800230898,5.502074686941764,48,0,7.590551181102362,3.762184800230898,0.3500887945992872,4.600952800363302,cpu,cuda:0,0,670.4462891,48
861,1,DDT500_num100.txt,fixed,1957,8,244.625,8.484360694885254,9.265700340270996,6.66719961373019e-06,-4.72,-0.410613923,0.20500001311302185,0.025980759412050247,0.17000000178813934,0.25,-0.011306571,-0.007768518,0.0016381726618419634,0.43571393098682165,0.01287727879389422,0.051137638540240005,0.0003,636,164,61.81390824601497,9.286791801452637,22.37274980545044,31.659541606903076,891,0.43206249841023237,0,0,TRUE,pair,260,3.9097727009793743,5.227899843780253,35,0,7.526923076923077,3.9097727009793743,0.3844883997226134,4.783043999574147,cpu,cuda:0,0,670.4462891,49
862,1,DDT500_num100.txt,fixed,1991,8,248.875,8.535770416259766,8.964150428771973,6.226332061487483e-06,-4.4,-0.384333378,0.22499999403953552,0.020615527406334877,0.20999999344348907,0.25999999046325684,0.005271565967372486,0.008700741454958916,0.0013852834402184402,0.4121817967721394,0.011168924692486013,0.029802610831601278,0.0003,620,180,106.34546844592981,8.9860520362854,9.735949277877808,18.722001314163208,866,0.3476210015360266,0,0,TRUE,pair,258,3.6564381003845483,5.226519334501863,35,0,7.717054263565892,3.6564381003845483,0.35035950038582087,4.770341101451777,cpu,cuda:0,0,670.44677734375,48
863,1,DDT500_num100.txt,fixed,1968,8,246,11.726038932800293,8.929412841796875,1.3844710338162258e-05,-4.36,-0.402062655,0.22750000655651093,0.021650632843375206,0.18000000715255737,0.25,-0.021480185,-0.017743,0.0012006126416963525,0.4337497266630332,0.01925667316148368,0.04465997971904775,0.0003,618,182,78.9961795563534,8.956566333770752,15.95603084564209,24.912597179412842,884,0.3380675989901647,0,0,TRUE,pair,257,3.749712099554017,5.2459349558363115,30,0,7.657587548638133,3.749712099554017,0.3510754000162706,4.64804959972389,cpu,cuda:0,0,670.4462891,48
864,1,DDT500_num100.txt,fixed,2003,8,250.375,8.774073600769043,9.367119789123535,7.160500445024809e-06,-4.3,-0.410620265,0.23125000298023224,0.013635891489684582,0.20999999344348907,0.25,-0.030983158,-0.027475279,0.0009286763323914437,0.39722195480551037,0.0080129369189741,0.03661538917748701,0.0003,615,185,53.37816992633345,9.388618230819702,28.136085271835327,37.52470350265503,881,0.34880840172991157,0,0,TRUE,pair,262,4.018708799150772,5.102346477422842,30,0,7.645038167938932,4.018708799150772,0.3632395026506856,4.794737800955772,cpu,cuda:0,0,670.44677734375,49
865,1,DDT500_num100.txt,fixed,1956,8,244.5,9.785192489624023,8.955530166625977,6.572746769961668e-06,-4.2,-0.409239161,0.23750001192092896,0.016393594443798065,0.20999999344348907,0.25999999046325684,-0.042511274,-0.039098267,0.0010563110658300243,0.39411633355276926,0.012419945485557296,0.022523478205714906,0.0003,610,190,110.72021411009459,8.977219343185425,8.688931465148926,17.66615080833435,888,0.33413700037635863,0,0,TRUE,pair,257,3.764597599976696,5.2229038837741,35,0,7.610894941634241,3.764597599976696,0.36576380126643926,4.642345200758427,cpu,cuda:0,0,670.4462891,50
866,1,DDT500_num100.txt,fixed,2021,8,252.625,11.021994590759277,9.41530990600586,8.56981296237791e-06,-4.3,-0.417423893,0.23124998807907104,0.024206148460507393,0.1899999976158142,0.27000001072883606,-0.019954558,-0.016852974,0.0012205675699409437,0.3711867793039842,0.011537617559290746,0.036597223190421406,0.0003,615,185,89.49690820472401,9.442211627960205,13.13957405090332,22.581785678863525,890,0.3536614023614675,0,0,TRUE,pair,264,3.9014597007771954,5.027214249899221,30,0,7.65530303030303,3.9014597007771954,0.37506370176561177,4.94399360276293,cpu,cuda:0,0,670.44677734375,48
867,1,DDT500_num100.txt,fixed,1975,8,246.875,10.670491218566895,9.371170997619629,7.769665899104439e-06,-4.36,-0.415610531,0.22750000655651093,0.031523797661066055,0.1599999964237213,0.25999999046325684,0.01813342235982418,0.021295974403619765,0.0016030188533477485,0.39640591740608216,0.009434044966474176,0.02575709857046604,0.0003,618,182,111.43459236020749,9.398109674453735,8.325291633605957,17.723401308059692,860,0.3449872995261103,0,0,TRUE,pair,258,4.0977575002470985,5.186329108612447,35,0,7.655038759689923,4.0977575002470985,0.39200670388527215,4.689047697815113,cpu,cuda:0,0,670.4462891,50
868,1,DDT500_num100.txt,fixed,1988,8,248.5,11.916375160217285,8.909317970275879,7.47889862395823e-06,-4.26,-0.391112015,0.23375000059604645,0.017984366044402122,0.20999999344348907,0.25999999046325684,0.13819956853985788,0.14139675199985505,0.0012275932007469238,0.38109822273254396,0.009562763362191617,0.028784484416246415,0.0003,613,187,127.9986167151504,8.929335594177246,6.602082252502441,15.531417846679688,883,0.3422681000083685,0,0,TRUE,pair,266,3.7313946990761906,5.203722330765945,33,0,7.473684210526316,3.7313946990761906,0.34612810029648244,4.650137498625554,cpu,cuda:0,0,670.44677734375,48
869,1,DDT500_num100.txt,fixed,2004,8,250.5,9.810708045959473,9.216211318969727,6.65866855342756e-06,-4.44,-0.379693807,0.2225000113248825,0.013919411227107048,0.20000000298023224,0.25,0.1798183023929596,0.18299490585923195,0.000558870107245942,0.3456040720144908,0.017529874360964943,0.014962849828104178,0.0003,622,178,167.15566588185658,9.240480661392212,2.7483441829681396,11.988824844360352,888,0.3463118001818657,0,0,TRUE,pair,267,3.8332894990453497,5.271457086899085,36,0,7.50561797752809,3.8332894990453497,0.3716062994208187,4.818304095650092,cpu,cuda:0,0,495.4921875,48
870,1,DDT500_num100.txt,fixed,1977,8,247.125,8.908388137817383,8.988682746887207,5.3205285439617e-06,-4.46,-0.402433284,0.2212499976158142,0.018328599631786346,0.1899999976158142,0.25,-5.20E-07,0.0035369134663293758,0.0017647627901169471,0.4419814844926198,0.011727334970297912,0.059552875347435474,0.0003,623,177,77.88971305861895,9.010624885559082,16.37141752243042,25.382042407989502,878,0.3348085000179708,0,0,TRUE,pair,263,3.8000546001130715,5.228629235975298,35,0,7.517110266159696,3.8000546001130715,0.35942600085400045,4.643224101746455,cpu,cuda:0,0,670.4462891,48
871,1,DDT500_num100.txt,fixed,1885,8,235.625,8.214887619018555,8.697556495666504,6.143617156340042e-06,-4.6,-0.367933716,0.21250000596046448,0.023318445309996605,0.18000000715255737,0.23999999463558197,-0.024524114,-0.020655467,0.0009147358687187079,0.4326016418635845,0.01272563934981008,0.037011756910942495,0.0003,630,170,105.28916969387373,8.720242500305176,9.182833433151245,17.90307593345642,867,0.33713149977847934,0,0,TRUE,pair,250,3.568218199769035,5.371352785778298,36,0,7.54,3.568218199769035,0.34646039560902864,4.605207200278528,cpu,cuda:0,0,670.4443359,49
872,1,DDT500_num100.txt,fixed,1896,8,237,12.767145156860352,8.77198314666748,8.40235225041397e-06,-4.66,-0.371726809,0.20875000953674316,0.03407253324985504,0.15000000596046448,0.25,-0.089814968,-0.085794267,0.001067807150927062,0.4554608215888341,0.018665148333335917,0.042412043549120426,0.0003,633,167,107.00049513493164,8.796609878540039,8.922934293746948,17.719544172286987,877,0.3461062000133097,0,0,TRUE,pair,255,3.645777299301699,5.493143458783878,35,0,7.435294117647059,3.645777299301699,0.34582500101532787,4.60216749983374,cpu,cuda:0,0,670.4443359,48
873,1,DDT500_num100.txt,fixed,1945,8,243.125,18.168912887573242,9.426697731018066,1.2020647773169912e-05,-4.58,-0.3786142,0.21375001966953278,0.028695598244667053,0.15000000596046448,0.23999999463558197,0.031471069785766304,0.035426275222562253,0.001161787691671634,0.4536096937954426,0.013543757842853665,0.05307440925389528,0.0003,629,171,104.87675685850535,9.451151371002197,9.094425916671753,18.54557728767395,881,0.44067749998066574,0,0,TRUE,pair,258,4.024695000378415,5.68226220822273,42,0,7.538759689922481,4.024695000378415,0.41642949846573174,4.788627897272818,cpu,cuda:0,0,670.4462891,49
874,1,DDT500_num100.txt,fixed,1991,8,248.875,9.17111587524414,9.001687049865723,4.8040010369732045e-06,-4.66,-0.403999265,0.20875000953674316,0.0220439862459898,0.18000000715255737,0.23999999463558197,-0.093147584,-0.089198179,0.000733523367671296,0.4316168397665024,0.009266347798984498,0.045841746497899294,0.0003,633,167,94.07332740105262,9.031692504882812,12.132648706436157,21.16434121131897,896,0.35505999927408993,0,0,TRUE,pair,258,3.6998404988553375,5.4168759399415976,35,0,7.717054263565892,3.6998404988553375,0.34526869759429246,4.773461299715564,cpu,cuda:0,0,670.44677734375,48
875,1,DDT500_num100.txt,fixed,1973,8,246.625,12.737125396728516,9.274565696716309,4.9897312237590086e-06,-4.52,-0.396153254,0.2175000011920929,0.024366984143853188,0.17000000178813934,0.25,-0.095007125,-0.091298466,0.0007111080728160838,0.4064219097296397,0.009229960405112555,0.032186317762049534,0.0003,626,174,81.33984598985798,9.297574520111084,14.958679914474487,24.25625443458557,868,0.3502469969680533,0,0,TRUE,pair,259,3.936079400125891,5.393309681776872,56,0,7.617760617760617,3.936079400125891,0.3640523011563346,4.787885699886829,cpu,cuda:0,0,670.4462891,48
876,1,DDT500_num100.txt,fixed,1959,8,244.875,8.709729194641113,9.173511505126953,6.650126124441158e-06,-4.6,-0.394574492,0.21250000596046448,0.027726341038942337,0.17000000178813934,0.25,-0.01864247,-0.014889425,0.001147820771439001,0.4326959252357483,0.014689933927729725,0.03356302548199892,0.0003,630,170,113.79967682362589,9.194167613983154,8.020292520523071,17.214460134506226,857,0.34834319865331054,0,0,TRUE,pair,253,3.76967960014008,5.506380807020763,64,0,7.743083003952569,3.76967960014008,0.3776797989849001,4.832009700126946,cpu,cuda:0,0,670.4462891,49
877,1,DDT500_num100.txt,fixed,1880,8,235,12.639225006103516,8.466535568237305,9.003261766338255e-06,-4.66,-0.3929921,0.20875000953674316,0.029764704406261444,0.1599999964237213,0.25,-0.284206007,-0.281120121,0.0005834991461597383,0.33776455372571945,0.024056127236690372,0.021977506577968597,0.0003,633,167,161.79418500982743,8.488422632217407,3.1312780380249023,11.61970067024231,837,0.41053069883491844,0,0,TRUE,pair,252,3.445545300259255,5.826063829787234,45,0,7.4603174603174605,3.445545300259255,0.329919500160031,4.515195800107904,cpu,cuda:0,0,514.23486328125,49
878,1,DDT500_num100.txt,fixed,1941,8,242.625,14.653818130493164,8.784952163696289,7.68876816437114e-06,-4.58,-0.381256336,0.21375000476837158,0.02232571318745613,0.17000000178813934,0.25,0.0020969249308109283,0.005737632513046265,0.001512499413365731,0.4396960139274597,0.012665936737903394,0.035826806793920696,0.0003,629,171,95.16028524857347,8.807384252548218,11.589780330657959,20.397164583206177,855,0.3451215021777898,0,0,TRUE,pair,261,3.623524800990708,5.811952601260343,50,0,7.436781609195402,3.623524800990708,0.34471089858561754,4.6340346010401845,cpu,cuda:0,0,670.4462891,48
879,1,DDT500_num100.txt,fixed,1876,8,234.5,18.103866577148438,9.232413291931152,1.0165694220631849e-05,-4.76,-0.38429967,0.20249998569488525,0.021650632843375206,0.17000000178813934,0.23999999463558197,-0.002438251,0.0013203490359176482,0.0009970031637099705,0.42571096760886057,0.03860324221230777,0.04125831831645753,0.0003,638,162,104.89648606675647,9.253035068511963,8.630209684371948,17.884297847747803,850,0.4231328011956066,0,0,TRUE,pair,261,3.9006533992942423,5.777185501066098,42,0,7.187739463601533,3.9006533992942423,0.3923810017295182,4.744534999015741,cpu,cuda:0,0,670.4443359,49
880,1,DDT500_num100.txt,fixed,1955,8,244.375,8.46961498260498,8.882795333862305,5.012463589082472e-06,-4.62,-0.381932155,0.21125000715255737,0.010532687418162823,0.1899999976158142,0.2199999988079071,0.09142006188631058,0.09530088007450103,0.001179143477929756,0.44703927636146545,0.01352438333851751,0.04339798353612423,0.0003,631,169,122.26011765434895,8.905266046524048,7.085230588912964,15.990496635437012,870,0.41730050032492727,0,0,TRUE,pair,253,3.561475800233893,5.586700766531708,56,0,7.7272727272727275,3.561475800233893,0.3480325967539102,4.7884339961456135,cpu,cuda:0,0,670.4462891,47
881,1,DDT500_num100.txt,fixed,1919,8,239.875,7.440388202667236,8.718844413757324,6.777129328838782e-06,-4.46,-0.384066014,0.2212500125169754,0.016909684985876083,0.20000000298023224,0.25,-0.086474456,-0.083183468,0.0007398658897727727,0.36609247624874114,0.023337092855945228,0.04291741568595171,0.0003,623,177,132.99697352205231,8.741533041000366,5.687366724014282,14.428899765014648,899,0.3440066030016169,0,0,TRUE,pair,252,3.6448084990261123,5.667014067467456,60,0,7.615079365079365,3.6448084990261123,0.3523308957228437,4.54430030414369,cpu,cuda:0,0,670.4443359,47
882,1,DDT500_num100.txt,fixed,1888,8,236,14.430870056152344,8.924939155578613,7.914634807093535e-06,-4.5,-0.398936379,0.21875,0.03139964118599892,0.1599999964237213,0.25999999046325684,-0.023999413,-0.020292729,0.001577627098110194,0.4495494266351064,0.011485776961004982,0.03282675504063567,0.0003,625,175,108.26725143148593,8.946792602539062,8.491536855697632,17.438329458236694,862,0.42784319806378335,0,0,TRUE,pair,253,3.75335679971613,5.588453389325385,45,0,7.462450592885376,3.75335679971613,0.37361929868347943,4.6104286016197875,cpu,cuda:0,0,670.4443359,49
883,1,DDT500_num100.txt,fixed,1926,8,240.75,9.2971773147583,8.702061653137207,6.16209399595391e-06,-4.8,-0.41034462,0.20000001788139343,0.029999997466802597,0.15000000596046448,0.25,0.06440497166477144,0.0690239726100117,0.0021263551607262343,0.5682181864976883,0.01992085692472756,0.06456174794584513,0.0003,640,160,128.3488946889106,8.72298812866211,6.282984495162964,15.005972623825073,886,0.429466997156851,0,0,TRUE,pair,255,3.5407795006176457,5.5991692613589805,40,0,7.552941176470588,3.5407795006176457,0.33725220116321,4.6443251048913226,cpu,cuda:0,0,670.4462891,47
884,1,DDT500_num100.txt,fixed,1784,8,223,12.796483993530273,8.350227355957031,7.215540244942531e-05,-5.08,-0.441617929,0.1824999898672104,0.033071890473365784,0.14000000059604645,0.23000000417232513,-0.040906712,-0.037162428,0.0032281219804038606,0.5358346303304037,0.018424861365929246,0.031121700691680115,0.0003,654,146,121.3535251270134,8.373680591583252,6.32716965675354,14.700850248336792,848,0.3319086995907128,0,0,TRUE,pair,246,3.5281520009739324,5.869394616562155,55,0,7.252032520325203,3.5281520009739324,0.335608399589546,4.318305403692648,cpu,cuda:0,0,670.44189453125,47
885,1,DDT500_num100.txt,fixed,1905,8,238.125,9.942805290222168,8.764253616333008,7.827975423424505e-06,-4.78,-0.43163095,0.20125001668930054,0.018328597769141197,0.17000000178813934,0.23000000417232513,0.12270975708961487,0.1267813015729189,0.0013150961138308048,0.47290913462638856,0.009755803551524878,0.04604777880012989,0.0003,639,161,136.43154400982615,8.784526586532593,5.17851996421814,13.963046550750732,861,0.4025842985138297,0,0,TRUE,pair,253,3.6954098012065515,5.532808400201672,44,0,7.529644268774703,3.6954098012065515,0.34017180115915835,4.552989699062891,cpu,cuda:0,0,670.4443359,47
886,1,DDT500_num100.txt,fixed,1822,8,227.75,16.894895553588867,8.770116806030273,9.968063750420697e-06,-4.9,-0.43390889,0.19374999403953552,0.03425547480583191,0.14000000059604645,0.25,0.12746486738324164,0.13130781617946924,0.001330757443793118,0.4508330225944519,0.008531633578240872,0.026881552953273057,0.0003,645,155,121.68983750567821,8.795357704162598,6.177133321762085,14.972491025924683,848,0.3418466984294355,0,0,TRUE,pair,256,3.7721011007670313,5.654774969809665,44,0,7.1171875,3.7721011007670313,0.35958890279289335,4.460069203283638,cpu,cuda:0,0,670.44384765625,48
887,1,DDT500_num100.txt,fixed,1916,8,239.5,13.665650367736816,8.5984525680542,7.718283995927777e-06,-4.5,-0.433306481,0.21875,0.02315032109618187,0.17000000178813934,0.25999999046325684,0.026148682925850153,0.030150441297640402,0.0011412173310721603,0.4572367762178449,0.011552435147062093,0.03785320511087775,0.0003,625,175,73.98841426558837,8.622904539108276,17.27304172515869,25.895946264266968,855,0.33534769888501614,0,0,TRUE,pair,257,3.512810899410397,5.730167011876196,42,0,7.455252918287938,3.512810899410397,0.33644100453238934,4.5717289972817525,cpu,cuda:0,0,670.4443359,49
888,1,DDT500_num100.txt,fixed,1927,8,240.875,16.87036895751953,8.778890609741211,1.0704967280616984e-05,-4.68,-0.424569075,0.20749999582767487,0.03526683896780014,0.1599999964237213,0.25999999046325684,0.09508899748325347,0.09909425675868988,0.0012581115472130478,0.4634316861629486,0.011954672064166515,0.029812153428792953,0.0003,634,166,123.85962723180066,8.802191495895386,6.7557432651519775,15.557934761047363,876,0.3593319993233308,0,0,TRUE,pair,260,3.569526999606751,5.707836011189776,55,0,7.411538461538462,3.569526999606751,0.3380687005119398,4.691188502940349,cpu,cuda:0,0,670.4462891,47
889,1,DDT500_num100.txt,fixed,1961,8,245.125,8.313204765319824,9.18554973602295,5.84003873882466e-06,-4.4,-0.399107626,0.22499999403953552,0.030413812026381493,0.17000000178813934,0.2800000011920929,0.0755683969706297,0.08000397477298975,0.0013204765331465752,0.509581395983696,0.009568693162873388,0.04390061236917973,0.0003,620,180,90.50498708160207,9.21066427230835,12.456650018692017,21.667314291000366,876,0.349114800686948,0,0,TRUE,pair,258,3.895425100112334,5.789903110171507,64,0,7.60077519379845,3.895425100112334,0.3710343026323244,4.726891498896293,cpu,cuda:0,0,670.4462891,49
890,1,DDT500_num100.txt,fixed,1857,8,232.125,14.936845779418945,8.334016799926758,2.166593912988901e-05,-4.9,-0.41869535,0.19374999403953552,0.027357585728168488,0.1599999964237213,0.23999999463558197,-0.177670699,-0.17338915,0.0006678936624666676,0.46154896914958954,0.03879621640953701,0.034739750844892114,0.0003,645,155,148.9264475496787,8.356191158294678,4.113051414489746,12.469242572784424,843,0.34144739841576666,0,0,TRUE,pair,256,3.3925817999988794,5.606892838552554,60,0,7.25390625,3.3925817999988794,0.3231520993867889,4.445505999610759,cpu,cuda:0,0,540.26806640625,48
891,1,DDT500_num100.txt,fixed,1965,8,245.625,8.673774719238281,9.00047779083252,5.84003873882466e-06,-4.5,-0.413534824,0.2187500298023224,0.027585096657276154,0.18000000715255737,0.27000001072883606,0.032120940940720696,0.03631805096353803,0.0008570255428951766,0.4625620288508279,0.014106870381510817,0.04077803237097604,0.0003,625,175,108.2976329765249,9.024621725082397,9.119819164276123,18.14444088935852,916,0.3660642987815663,0,0,TRUE,pair,259,3.668540298822336,5.704325699381549,50,0,7.586872586872587,3.668540298822336,0.34385930316057056,4.80431060353294,cpu,cuda:0,0,670.4462891,47
892,1,DDT500_num100.txt,fixed,1869,8,233.625,14.95775318145752,9.137149810791016,8.958956641436089e-06,-4.68,-0.393790078,0.20749998092651367,0.0383242703974247,0.1599999964237213,0.28999999165534973,-0.07460649,-0.07053523,0.0011827602990836436,0.46626423937933786,0.06375735239791018,0.05946980283728668,0.0003,634,166,99.39755130788895,9.161092519760132,9.642187595367432,18.803280115127563,859,0.43035519775003195,0,0,TRUE,pair,258,3.92170570010785,5.490636700165342,40,0,7.244186046511628,3.92170570010785,0.4017110991990194,4.623787401244044,cpu,cuda:0,0,670.4443359,48
893,1,DDT500_num100.txt,fixed,1859,8,232.375,15.074295043945312,8.26125431060791,8.649042683828156e-06,-4.98,-0.421221362,0.1887499988079071,0.02315032109618187,0.15000000596046448,0.2199999988079071,0.015613903601964315,0.019581408964263067,0.00127317834024628,0.460409187608295,0.015147987028790845,0.04241306376126078,0.0003,649,151,84.43663502102223,8.282248258590698,13.734261512756348,22.016509771347046,865,0.3419034994440153,0,0,TRUE,pair,251,3.3515880996128544,5.57235072619688,56,0,7.4063745019920315,3.3515880996128544,0.3300800009164959,4.404025299008936,cpu,cuda:0,0,670.4443359,48
894,1,DDT500_num100.txt,fixed,1950,8,243.75,16.17675781,9.063820838928223,9.625734492146876e-06,-4.62,-0.414476897,0.21124999225139618,0.028034579008817673,0.17000000178813934,0.27000001072883606,-0.090724977,-0.087201734,0.0010647767291326697,0.4055630564689636,0.014215472484162698,0.020179525949060917,0.0003,631,169,105.60405140617982,9.09377145767212,9.371429204940796,18.465200662612915,864,0.4283349009929225,0,0,TRUE,pair,260,3.7520683988695964,5.4682051268602025,44,0,7.5,3.7520683988695964,0.3544354009209201,4.771067200344987,cpu,cuda:0,0,670.4462891,47
895,1,DDT500_num100.txt,fixed,1970,8,246.25,15.360257148742676,9.260409355163574,9.754788152349647e-06,-4.6,-0.405437324,0.21250000596046448,0.021065372973680496,0.17000000178813934,0.23999999463558197,-0.100979316,-0.097718396,0.0008529758197255433,0.3687405288219452,0.017111413949169218,0.02282687062397599,0.0003,630,170,128.36318852874962,9.287270307540894,6.059808731079102,15.347079038619995,879,0.3377660021651536,0,0,TRUE,pair,265,4.014259000541642,5.49035532946514,40,0,7.433962264150943,4.014259000541642,0.3848795008379966,4.671301301568747,cpu,cuda:0,0,670.4462891,47
896,1,DDT500_num100.txt,fixed,1948,8,243.5,14.525838851928711,9.15744686126709,1.0036261301138438e-05,-4.42,-0.399361246,0.2237500250339508,0.03388860449194908,0.18000000715255737,0.27000001072883606,-0.005783509,-0.00209879,0.0012715488329478023,0.4320490327146318,0.015536211224065887,0.059203061585625015,0.0003,621,179,91.2627231681281,9.181848287582397,12.163120746612549,21.344969034194946,860,0.353764800587669,0,0,TRUE,pair,260,3.8171416001860052,5.5826488686782865,40,0,7.492307692307692,3.8171416001860052,0.3690404008375481,4.780738801462576,cpu,cuda:0,0,670.4462891,47
897,1,DDT500_num100.txt,fixed,1938,8,242.25,14.298164367675781,8.801536560058594,8.028725460462738e-06,-4.5,-0.414377235,0.21875,0.032953567802906036,0.1599999964237213,0.27000001072883606,-0.037140418,-0.033614569,0.001004977973126289,0.4028340346283383,0.012477733505268892,0.05150434064368407,0.0003,625,175,86.97775780870559,8.827991724014282,13.453566789627075,22.281558513641357,847,0.3190108995186165,0,0,TRUE,pair,256,3.7094734006095678,5.578947368051984,35,0,7.5703125,3.7094734006095678,0.3695945005165413,4.539492900366895,cpu,cuda:0,0,670.4462891,47
898,1,DDT500_num100.txt,fixed,1971,8,246.375,9.472823143005371,9.220632553100586,5.436780156742316e-06,-4.36,-0.405221073,0.22750000655651093,0.01479019969701767,0.20000000298023224,0.25,0.03714548082401355,0.04060121842970451,0.0008828309898187096,0.38971519966920215,0.013727882721771797,0.02859823064257701,0.0003,618,182,115.20783443687198,9.243520498275757,7.8646910190582275,17.108211517333984,890,0.3515418992610648,0,0,TRUE,pair,257,3.799163199728355,5.512430239304378,35,0,7.669260700389105,3.799163199728355,0.3644732986576855,4.87062789790798,cpu,cuda:0,0,670.4462891,47
899,1,DDT500_num100.txt,fixed,1953,8,244.125,11.537303924560547,8.975565910339355,7.769665899104439e-06,-4.66,-0.421870557,0.20874999463558197,0.023684119805693626,0.1599999964237213,0.23999999463558197,-0.001083262,0.002427474409341812,0.0016836833208799362,0.435258287191391,0.014390451274812222,0.04057253524661064,0.0003,633,167,119.60173856458566,8.997525930404663,7.331668138504028,16.32919406890869,871,0.34156309941317886,0,0,TRUE,pair,257,3.7144050003262237,5.497695849238453,52,0,7.599221789883268,3.7144050003262237,0.3539768015034497,4.722281804308295,cpu,cuda:0,0,670.4462891,48
900,1,DDT500_num100.txt,fixed,1898,8,237.25,15.872539520263672,8.56335163116455,7.200083018688019e-06,-4.46,-0.434558759,0.2212499976158142,0.03585996851325035,0.1599999964237213,0.25999999046325684,-0.008362337,-0.004935752,0.0014065687557578916,0.4129869126611286,0.014756844010359297,0.03830590404363142,0.0003,623,177,80.07226421196141,8.586983680725098,15.116604804992676,23.703588485717773,829,0.41789840161800385,0,0,TRUE,pair,253,3.474577,5.545310851143333,40,0,7.5019762845849804,3.474577,0.33504629717208445,4.577672102488577,cpu,cuda:0,0,670.4443359,49
901,1,DDT500_num100.txt,fixed,1807,8,225.875,15.687873840332031,8.356599807739258,8.00745783635648e-06,-4.96,-0.432635631,0.1899999976158142,0.034999996423721313,0.15000000596046448,0.25,0.0207894966006279,0.024562863167375326,0.0020536314405035228,0.4800185337662697,0.011895615098183043,0.03809789929073304,0.0003,648,152,88.38853421371529,8.378332614898682,12.065495491027832,20.443828105926514,831,0.325803798972629,0,0,TRUE,pair,247,3.564195100334473,5.846707251168247,44,0,7.315789473684211,3.564195100334473,0.333488899981603,4.28740869963076,cpu,cuda:0,0,670.44384765625,47
902,1,DDT500_num100.txt,fixed,1863,8,232.875,16.104639053344727,8.91899299621582,1.032107411447214e-05,-4.72,-0.44979155,0.20499999821186066,0.028722813352942467,0.1599999964237213,0.25,0.07350733929446765,0.0766090088124786,0.003219362206956638,0.47113523738724844,0.01081080520400844,0.02901224898440497,0.0003,636,164,89.41789427067778,8.93972134590149,11.895034551620483,20.834755897521973,843,0.34555360139347613,0,0,TRUE,pair,256,3.7062600997742265,5.556092324336242,40,0,7.27734375,3.7062600997742265,0.3705934985773638,4.657162599614821,cpu,cuda:0,0,670.4443359,47
903,1,DDT500_num100.txt,fixed,1859,8,232.375,14.982802391052246,8.550541877746582,8.07109427114483e-06,-4.72,-0.448005891,0.20499998331069946,0.04609772190451622,0.12999999523162842,0.28999999165534973,0.11043224980433781,0.11369480627278487,0.0023916977806948125,0.44584017992019653,0.011693914935070401,0.02541970709959666,0.0003,636,164,111.56803628688965,8.571326732635498,8.091151714324951,16.66247844696045,846,0.44421660085208714,0,0,TRUE,pair,251,3.431609198451042,5.5626681036946595,56,0,7.4063745019920315,3.431609198451042,0.3413676996715367,4.60288909857627,cpu,cuda:0,0,670.4443359,47
904,1,DDT500_num100.txt,fixed,1895,8,236.875,16.127906799316406,9.257436752319336,9.702201168693136e-06,-4.5,-0.463365164,0.21875,0.03689088672399521,0.1599999964237213,0.28999999165534973,0.08090565502643585,0.08476941511034966,0.0019116557261440903,0.48195892125368117,0.012127257254905998,0.04361129873432219,0.0003,625,175,84.99608854891335,9.28197693824768,13.013166666030884,22.295143604278564,853,0.4372684021946043,0,0,TRUE,pair,262,3.9384011005749926,5.645382585877793,48,0,7.232824427480916,3.9384011005749926,0.38389390299562365,4.744918000069447,cpu,cuda:0,0,670.4443359,47
905,1,DDT500_num100.txt,fixed,1932,8,241.5,9,9.326723098754883,6.641573236265685e-06,-4.52,-0.463528085,0.2175000011920929,0.027271777391433716,0.17000000178813934,0.25999999046325684,0.06978764178024398,0.07351349625322554,0.0016263880210721658,0.4539048737949795,0.013378997016439421,0.045707156157328024,0.0003,626,174,94.33997572101103,9.348354816436768,11.130768537521362,20.47912335395813,872,0.4272672007791698,0,0,TRUE,pair,253,3.979818298947066,5.57039337276672,55,0,7.636363636363637,3.979818298947066,0.4060372032690793,4.744647501036525,cpu,cuda:0,0,670.4462891,48
906,1,DDT500_num100.txt,fixed,1940,8,242.5,9.708244323730469,8.7365140914917,7.835234100639354e-06,-4.34,-0.473147341,0.22875000536441803,0.03059309348464012,0.18000000715255737,0.2800000011920929,0.05203246008604765,0.05599373299628496,0.0014341899717692287,0.4678368210792542,0.015520366060081869,0.05125030148774386,0.0003,617,183,91.01080860968683,8.75783634185791,12.558313131332397,21.316149473190308,853,0.3327701995149255,0,0,TRUE,pair,256,3.5593019005609676,5.531958761288948,48,0,7.578125,3.5593019005609676,0.3378103015711531,4.6629842018010095,cpu,cuda:0,0,670.4462891,48
907,1,DDT500_num100.txt,fixed,1894,8,236.75,19.018083572387695,8.656891822814941,2.2651020117336884e-05,-4.52,-0.477993952,0.2175000011920929,0.023318445309996605,0.1899999976158142,0.25999999046325684,0.05182102397416851,0.05588644213275984,0.0018049719635330672,0.49679036864212583,0.026037593083206696,0.05343659288649048,0.0003,626,174,71.55870367745074,8.680160999298096,17.78761863708496,26.467779636383057,863,0.4127918991725892,0,0,TRUE,pair,264,3.5715564985293895,5.5322069667334794,40,0,7.174242424242424,3.5715564985293895,0.3460417001042515,4.560545200598426,cpu,cuda:0,0,670.4443359,49
908,1,DDT500_num100.txt,fixed,1883,8,235.375,15.32919979095459,8.457382202148438,1.4739591279067099e-05,-4.72,-0.496159114,0.20499999821186066,0.027838818728923798,0.15000000596046448,0.23999999463558197,0.01758601170565401,0.022032127981739386,0.002282318293250033,0.5587276262896401,0.009024177686244781,0.025536492466926575,0.0003,636,164,106.45535753663616,8.487752199172974,9.200413465499878,17.68816566467285,847,0.3358481979230419,0,0,TRUE,pair,255,3.425840400159359,5.577270310417617,56,0,7.3843137254901965,3.425840400159359,0.33515829930547625,4.520519600715488,cpu,cuda:0,0,670.4443359,47
909,1,DDT500_num100.txt,fixed,1759,8,219.875,15.455076217651367,8.481672286987305,9.554607458994724e-06,-5.16,-0.494742684,0.17750000953674316,0.030720513314008713,0.11999999731779099,0.2199999988079071,0.07004096917808056,0.07513454789295793,0.002610666590044275,0.6398915350437164,0.013343286729650572,0.02931320434436202,0.0003,658,142,133.0892570020009,8.502991914749146,4.713702201843262,13.216694116592407,814,0.3086913018487394,0,0,TRUE,pair,241,3.7544691001530737,5.674246729470709,40,0,7.2987551867219915,3.7544691001530737,0.3703022017143667,4.1824601967819035,cpu,cuda:0,0,670.44189453125,47
910,1,DDT500_num100.txt,fixed,1854,8,231.75,19.746835708618164,8.402073860168457,1.0678384569473565e-05,-4.92,-0.492004612,0.19249999523162842,0.041758231818675995,0.11999999731779099,0.25,0.17162062600255013,0.175200579687953,0.0019403030746616423,0.4550098404288292,0.04656714736483991,0.03399813757278025,0.0003,646,154,159.76580763688258,8.421719789505005,3.1827657222747803,11.604485511779785,849,0.3244915002724156,0,0,TRUE,pair,264,3.475681899813935,5.388349516877851,35,0,7.0227272727272725,3.475681899813935,0.3381305991206318,4.415714200004004,cpu,cuda:0,0,526.37060546875,47
911,1,DDT500_num100.txt,fixed,1846,8,230.75,18.71329689025879,8.298714637756348,9.572439012117684e-06,-4.78,-0.474940447,0.20125000178813934,0.03295356407761574,0.1599999964237213,0.25,0.07474211119115352,0.07800732403993607,0.003158707427792251,0.48445664942264555,0.035248044924810526,0.03762517459690571,0.0003,639,161,79.2919264018933,8.319250106811523,14.961808681488037,23.28105878829956,838,0.31960489752236754,0,0,TRUE,pair,263,3.4057375001721084,5.41115926236786,35,0,7.019011406844107,3.4057375001721084,0.3266316995723173,4.398190401960164,cpu,cuda:0,0,670.44384765625,47
912,1,DDT500_num100.txt,fixed,1917,8,239.625,15.321043968200684,8.537988662719727,9.464947652304545e-06,-4.74,-0.490228413,0.20375001430511475,0.01408678200095892,0.18000000715255737,0.2199999988079071,0.07928813621401787,0.08277650798360507,0.002958796627353877,0.4967772314945857,0.011498663069990775,0.03229512646794319,0.0003,637,163,117.0783625461571,8.55983829498291,7.813810586929321,16.37364888191223,871,0.32698299968615174,0,0,TRUE,pair,266,3.598619400174357,5.369848718976502,56,0,7.206766917293233,3.598619400174357,0.3420727984048426,4.4241771983215585,cpu,cuda:0,0,670.4443359,49
913,1,DDT500_num100.txt,fixed,1828,8,228.5,15.099668502807617,8.01461124420166,9.684608812676743e-06,-4.92,-0.470140477,0.19249999523162842,0.025860199704766273,0.1599999964237213,0.25,-0.005625666,-0.001916061,0.002007867392551686,0.4713537927184786,0.012917263663049587,0.05228283658756742,0.0003,646,154,65.32685656455656,8.037369728088379,19.944996118545532,27.98236584663391,840,0.3952134002465755,0,0,TRUE,pair,252,3.2179360003210604,5.5667396066486186,40,0,7.253968253968254,3.2179360003210604,0.3252964017447084,4.30460059735924,cpu,cuda:0,0,670.44384765625,48
914,1,DDT500_num100.txt,fixed,1790,8,223.75,13.772708892822266,8.066412925720215,1.5109042578842491e-05,-4.88,-0.47147517,0.19500000774860382,0.019999999552965164,0.1599999964237213,0.23000000417232513,0.0476699011400342,0.05143388938158751,0.0023745483544189484,0.4951264142990112,0.010950271657202392,0.04207691494375467,0.0003,644,156,80.24991166988464,8.093491554260254,14.21182894706726,22.305320501327515,827,0.32085010095033795,0,0,TRUE,pair,243,3.287400600267574,5.734078210958556,56,0,7.366255144032922,3.287400600267574,0.32554440235253423,4.2861593979178,cpu,cuda:0,0,670.44189453125,52
915,1,DDT500_num100.txt,fixed,1782,8,222.75,15.99804688,7.804098129272461,8.491518201481085e-06,-5.06,-0.484812603,0.1837500035762787,0.02496873028576374,0.15000000596046448,0.2199999988079071,0.001012099285920461,0.004576841990152995,0.0030376446278144917,0.5083562334378561,0.012315164087340236,0.03114037464062373,0.0003,653,147,135.89707048142247,7.828661918640137,5.28420352935791,13.112865447998047,833,0.32163960102479905,0,0,TRUE,pair,253,3.0994927008869126,5.722222222222222,40,0,7.043478260869565,3.0994927008869126,0.3175570974126458,4.2234672997146845,cpu,cuda:0,0,670.44189453125,49
916,1,DDT500_num100.txt,fixed,1875,8,234.375,12.030560493469238,8.19453239440918,6.388550445990404e-06,-4.62,-0.435418003,0.21124999225139618,0.032185979187488556,0.17000000178813934,0.25,-0.011004207,-0.006490018,0.001976092021712767,0.5502235293388367,0.012603195766652269,0.06031563565401094,0.0003,631,169,110.87291385113464,8.219388484954834,8.69186544418335,16.911253929138184,838,0.32645210053306073,0,0,TRUE,pair,249,3.2655820997897536,5.526399998982748,40,0,7.530120481927711,3.2655820997897536,0.32535349926911294,4.435605700477026,cpu,cuda:0,0,670.4443359,48
917,1,DDT500_num100.txt,fixed,1791,8,223.875,13.869368553161621,8.41887378692627,9.35014304559445e-06,-4.8,-0.441510406,0.20000000298023224,0.025495097041130066,0.15000000596046448,0.23000000417232513,-0.043800048,-0.039564914,0.001485066249087039,0.49776679442988503,0.01307103475442596,0.0568008782962958,0.0003,640,160,55.436863897002894,8.438537120819092,23.86848521232605,32.30702233314514,801,0.3072500985581428,0,0,TRUE,pair,244,3.5471403006231412,5.596314904278447,44,0,7.340163934426229,3.5471403006231412,0.3867724012816325,4.306716900435276,cpu,cuda:0,0,670.44189453125,48
918,1,DDT500_num100.txt,fixed,1803,8,225.375,17.535232543945312,7.840605735778809,9.500912710791454e-06,-4.92,-0.438939069,0.19249999523162842,0.03699662163853645,0.10000000149011612,0.23000000417232513,0.05602741407023536,0.060435244192679725,0.00230398361519393,0.5559823546144698,0.01236107715845315,0.029082201421260834,0.0003,646,154,87.30258104666815,7.861459970474243,12.790850400924683,20.652310371398926,830,0.3080579983070493,0,0,TRUE,pair,248,3.1084881997667253,5.515252355595661,40,0,7.270161290322581,3.1084881997667253,0.3169185968581587,4.253444396425039,cpu,cuda:0,0,670.44384765625,49
919,1,DDT500_num100.txt,fixed,1690,8,211.25,8.027297019958496,7.425166130065918,6.728728294547182e-06,-5.2,-0.455276481,0.17499999701976776,0.014999999664723873,0.15000000596046448,0.20000000298023224,-0.0342787,-0.030286104,0.0026791950739506218,0.5332194003793929,0.013784070269644467,0.03952490103741487,0.0003,660,140,80.12696469989682,7.446140289306641,13.645386219024658,21.0915265083313,782,0.29945229878649116,0,0,TRUE,pair,223,3.0104131990810856,5.739644971260658,45,0,7.57847533632287,3.0104131990810856,0.29897890088614076,3.9632936025736853,cpu,cuda:0,0,670.4414063,49
920,1,DDT500_num100.txt,fixed,1826,8,228.25,10.836858749389648,8.437880516052246,8.02164231572533e-06,-4.92,-0.456957413,0.19249999523162842,0.027271779254078865,0.14000000059604645,0.23000000417232513,-0.027639084,-0.023125719,0.0018046997065539472,0.5415716208517551,0.011419158647186123,0.02631263539660722,0.0003,646,154,90.86688515867318,8.45760989189148,11.637719631195068,20.095329523086548,860,0.3321949988603592,0,0,TRUE,pair,246,3.527029200340621,6.012048188723452,60,0,7.4227642276422765,3.527029200340621,0.3428471015067771,4.395145498099737,cpu,cuda:0,0,670.44384765625,48
921,1,DDT500_num100.txt,fixed,1721,8,215.125,11.504754066467285,7.659407138824463,7.807981091900729e-06,-5.3,-0.475622762,0.16875000298023224,0.026663409546017647,0.14000000059604645,0.20999999344348907,-0.054278286,-0.050322141,0.0025244122565103075,0.5218344579140345,0.013600416171054045,0.04561340079332391,0.0003,665,135,110.88060413547457,7.681078672409058,7.840121030807495,15.521199703216553,819,0.30487849889323115,0,0,TRUE,pair,226,3.020374699612148,5.940732130264557,45,0,7.615044247787611,3.020374699612148,0.31403229862917215,4.166707397904247,cpu,cuda:0,0,670.4414063,48
922,1,DDT500_num100.txt,fixed,1708,8,213.5,7.842193603515625,7.890126705169678,5.861897989234421e-06,-5.3,-0.488071456,0.16875000298023224,0.00927024893462658,0.15000000596046448,0.18000000715255737,-0.025789059,-0.021394063,0.0022070322826039045,0.5498514533042907,0.015430242430011277,0.034308751858770845,0.0003,665,135,80.69386927220785,7.910230398178101,13.256185531616211,21.16641592979431,811,0.3882159002823755,0,0,TRUE,pair,226,3.228879200411029,5.855971897234682,40,0,7.557522123893805,3.228879200411029,0.32847369846422225,4.1725885008927435,cpu,cuda:0,0,670.4414063,48
923,1,DDT500_num100.txt,fixed,1898,8,237.25,15.204851150512695,8.786908149719238,8.334425729117356e-06,-4.8,-0.453019885,0.19999998807907104,0.030822070315480232,0.15000000596046448,0.23999999463558197,-0.028763407,-0.024952025,0.001731955860224035,0.46773619453112286,0.02225281748946549,0.018044137706359226,0.0003,640,160,98.76992013556044,8.806945323944092,10.409431457519531,19.216376781463623,838,0.3186990999383852,0,0,TRUE,pair,252,3.7363115998450667,5.420442569996961,35,0,7.531746031746032,3.7363115998450667,0.35107089951634407,4.500070097972639,cpu,cuda:0,0,670.4443359,50
924,1,DDT500_num100.txt,fixed,1846,8,230.75,14.88917350769043,8.426173210144043,1.049041748046875e-05,-4.92,-0.465162756,0.1925000101327896,0.02487468346953392,0.15000000596046448,0.2199999988079071,0.027959276735782624,0.03250034600496292,0.00176420314819552,0.5423171132802963,0.06989256037049926,0.0338503522798419,0.0003,646,154,91.37704436715862,8.450183391571045,11.751827001571655,20.2020103931427,854,0.33363419759552926,0,0,TRUE,pair,250,3.5250947006279603,5.819068250521807,50,0,7.384,3.5250947006279603,0.3322245008312166,4.3761024015257135,cpu,cuda:0,0,670.44384765625,48
925,1,DDT500_num100.txt,fixed,1845,8,230.625,17.985671997070312,8.480103492736816,1.0608957381919026e-05,-5.04,-0.455673714,0.1849999874830246,0.030000001192092896,0.1599999964237213,0.23999999463558197,0.003154362551867962,0.007724039256572723,0.0018922720686532558,0.5515814661979676,0.014252131903776898,0.022070014849305153,0.0003,652,148,122.55633769525238,8.501969814300537,6.552331209182739,15.054301023483276,884,0.34558019996620715,0,0,TRUE,pair,254,3.6433583999751136,5.863414634017118,60,0,7.2637795275590555,3.6433583999751136,0.3376841990975663,4.306944698328152,cpu,cuda:0,0,670.44384765625,50
926,1,DDT500_num100.txt,fixed,1793,8,224.125,16.374046325683594,7.982874870300293,9.527798283670563e-06,-5.04,-0.463349144,0.1850000023841858,0.025495095178484917,0.15000000596046448,0.23000000417232513,0.01767728974421819,0.022244883080323536,0.0015017976887368907,0.5318491210540136,0.009485580929322168,0.027014118619263172,0.0003,652,148,107.9364774854805,8.003719568252563,8.607902765274048,16.61162233352661,874,0.33377100224606693,0,0,TRUE,pair,247,3.301807198789902,5.889570546828364,55,0,7.2591093117408905,3.301807198789902,0.31443039956502616,4.184689900954254,cpu,cuda:0,0,670.44384765625,48
927,1,DDT500_num100.txt,fixed,1796,8,224.5,19.729419708251953,8.483070373535156,7.448434644174995e-06,-5.02,-0.453024062,0.1862500011920929,0.030796712264418602,0.12999999523162842,0.23999999463558197,0.10329428687691689,0.10756177703539531,0.0007716748320187131,0.4653330445289612,0.01633446036915605,0.016044710762798786,0.0003,651,149,174.28402041451722,8.505823135375977,1.7991950511932373,10.305018186569214,832,0.3134072998072952,0,0,TRUE,pair,250,3.523319299914874,5.721046769141089,40,0,7.184,3.523319299914874,0.3431044992757961,4.4246891003567725,cpu,cuda:0,0,244.2509766,48
928,1,DDT500_num100.txt,fixed,1848,8,231,16.71825408935547,8.37118911743164,1.0479574484634213e-05,-4.9,-0.447825627,0.19375000894069672,0.023418741300702095,0.1599999964237213,0.23000000417232513,-0.022806164,-0.018780415,0.0017863810778810428,0.4918940250690167,0.006061394539966176,0.022894865045180686,0.0003,645,155,76.24208862578902,8.390650033950806,15.847930431365967,24.238580465316772,848,0.319591699866578,0,0,TRUE,pair,256,3.472080900100991,5.610930736059751,52,0,7.21875,3.472080900100991,0.33399690012447536,4.374634197214618,cpu,cuda:0,0,670.44384765625,48
929,1,DDT500_num100.txt,fixed,1835,8,229.375,17.072914123535156,8.402371406555176,1.032107411447214e-05,-4.96,-0.452438461,0.1899999976158142,0.02692582458257675,0.12999999523162842,0.2199999988079071,-0.026136931,-0.022571462,0.0018850556419541438,0.45079971022076076,0.01292544717095249,0.026452005323436525,0.0003,648,152,100.62999805461646,8.422440528869629,9.812678575515747,18.235119104385376,865,0.3269835972459987,0,0,TRUE,pair,250,3.5886855996213853,5.5591280639658835,55,0,7.34,3.5886855996213853,0.32935989811085165,4.295317100011744,cpu,cuda:0,0,670.44384765625,48
930,1,DDT500_num100.txt,fixed,1824,8,228,9.52627944946289,8.624534606933594,7.231593372125644e-06,-4.86,-0.428406927,0.19625002145767212,0.021758615970611572,0.15000000596046448,0.2199999988079071,-0.00302828,0.0017524145465965073,0.0015210106794256717,0.5541200190782547,0.012627993181619482,0.04888573498465121,0.0003,643,157,80.96925578164874,8.646496057510376,13.88057279586792,22.527068853378296,843,0.3343060009647161,0,0,TRUE,pair,239,3.6825863991398364,5.705043857688444,48,0,7.631799163179917,3.6825863991398364,0.3616749026114121,4.381348399911076,cpu,cuda:0,0,670.44384765625,48
931,1,DDT500_num100.txt,fixed,1794,8,224.25,21.94738006591797,8.445953369140625,1.2861351024184842e-05,-4.88,-0.424361476,0.19500002264976501,0.03708099201321602,0.10999999940395355,0.23000000417232513,0.060279110446572304,0.06445239018648863,0.0023004852773738094,0.5323521196842194,0.009184334547171602,0.04285494651412591,0.0003,644,156,68.75789635624739,8.472637414932251,17.618911266326904,26.091548681259155,851,0.333775601349771,0,0,TRUE,pair,252,3.6506253998959437,5.605908585232636,48,0,7.119047619047619,3.6506253998959437,0.3645935965469107,4.23465830180794,cpu,cuda:0,0,670.44384765625,50
932,1,DDT500_num100.txt,fixed,1828,8,228.5,13.105342864990234,8.372558594,9.034774848259985e-06,-4.84,-0.410820245,0.19750000536441803,0.027271779254078865,0.14000000059604645,0.23000000417232513,0.022829287020223483,0.027059855804379498,0.001809559962046998,0.5135349248136792,0.00912143340766696,0.021398029423185756,0.0003,642,158,97.58914524706104,8.39330267906189,10.3382887840271,18.73159146308899,850,0.3280849975999445,0,0,TRUE,pair,241,3.535176699049771,5.711159738722202,36,0,7.5850622406639,3.535176699049771,0.3352229978190735,4.31130999722518,cpu,cuda:0,0,670.44384765625,48
933,1,DDT500_num100.txt,fixed,1832,8,229,11.895377159118652,8.545902252197266,8.818265087029431e-06,-4.82,-0.414503798,0.19874998927116394,0.040136490017175674,0.14000000059604645,0.27000001072883606,0.00034180159370104474,0.004569421599929531,0.002045436413027346,0.5250338266293207,0.008202064190603172,0.03350933540302018,0.0003,641,159,76.17647063838692,8.575331926345825,15.474088907241821,24.049420833587646,842,0.42415260116104037,0,0,TRUE,pair,246,3.5857030011247844,5.587336241938662,48,0,7.4471544715447155,3.5857030011247844,0.3442204011371359,4.425357397529297,cpu,cuda:0,0,670.44384765625,48
934,1,DDT500_num100.txt,fixed,1775,8,221.875,16.45020866394043,8.276341438293457,8.6949266915326e-06,-5.22,-0.434359959,0.17375001311302185,0.029973946511745453,0.12999999523162842,0.2199999988079071,0.005725970225674766,0.010070754747305597,0.0015623342062878823,0.5125952533313206,0.012018189033759492,0.017803340751145567,0.0003,661,139,109.27134511615378,8.298594236373901,7.945371627807617,16.24396586418152,829,0.31105629866942763,0,0,TRUE,pair,248,3.544960100669414,5.543661967532736,40,0,7.157258064516129,3.544960100669414,0.3423945021349937,4.201544299023226,cpu,cuda:0,0,670.44189453125,49
935,1,DDT500_num100.txt,fixed,1830,8,228.75,15.39277458190918,8.253961563110352,9.344062164018396e-06,-4.78,-0.406883791,0.20125001668930054,0.03370366990566254,0.12999999523162842,0.23999999463558197,0.055660244170576335,0.06032260898500681,0.001681157515849918,0.5502945005893707,0.007513074716553092,0.027402083948254587,0.0003,639,161,126.24188128285805,8.27502989768982,6.220951795578003,14.495981693267822,860,0.32893919898197055,0,0,TRUE,pair,241,3.4798685007262975,5.575409834632457,35,0,7.593360995850622,3.4798685007262975,0.3244542987085879,4.26466320338659,cpu,cuda:0,0,670.44384765625,50
936,1,DDT500_num100.txt,fixed,1822,8,227.75,7.660776615142822,7.9793901443481445,6.457139079429908e-06,-4.82,-0.427849479,0.19874998927116394,0.026190409436821938,0.1599999964237213,0.23000000417232513,0.022893739079958515,0.02699356124197182,0.0016060905120531587,0.4902867847367337,0.012520426565683201,0.04799832570317544,0.0003,641,159,59.01068664876151,8.003490447998047,22.872272968292236,30.875763416290283,846,0.3269904003245756,0,0,TRUE,pair,236,3.2541420001070946,5.594950603863018,45,0,7.720338983050848,3.2541420001070946,0.320893602212891,4.217269497225061,cpu,cuda:0,0,670.44384765625,48
937,1,DDT500_num100.txt,fixed,1781,8,222.625,18.068878173828125,8.437597274780273,9.847582077782135e-06,-4.94,-0.434948016,0.1912499964237213,0.03018173947930336,0.14000000059604645,0.23999999463558197,-0.094435695,-0.090755769,0.0017763797691764517,0.4568115340338813,0.009267349908542302,0.0360151052268015,0.0003,647,153,53.634134957143665,8.458652973175049,24.747811555862427,33.206464529037476,812,0.31339250039309263,0,0,TRUE,pair,249,3.625689298612997,5.656372819570662,50,0,7.152610441767068,3.625689298612997,0.34094129991717637,4.279580597532913,cpu,cuda:0,0,670.44189453125,50
938,1,DDT500_num100.txt,fixed,1869,8,233.625,17.733707427978516,8.462850570678711,6.398418918251991e-05,-4.74,-0.44489795,0.20374998450279236,0.03533323481678963,0.14000000059604645,0.25,-0.037044513,-0.033499927,0.0020200049362352323,0.4554588860935635,0.008577420837051855,0.03278651132455303,0.0003,637,163,55.81978074842892,8.496748208999634,24.986006021499634,33.48275423049927,835,0.3172453010920435,0,0,TRUE,pair,251,3.512568798614666,5.412520062291986,36,0,7.446215139442231,3.512568798614666,0.3314928002655506,4.428235100000165,cpu,cuda:0,0,670.4443359,50
939,1,DDT500_num100.txt,fixed,1868,8,233.5,10.594810485839844,8.331893920898438,7.410178113786969e-06,-4.76,-0.445647408,0.20250001549720764,0.025372227653861046,0.1599999964237213,0.25,-0.02570319,-0.022049048,0.0022187390584602123,0.47635119987858665,0.008233869912348583,0.029481421431733504,0.0003,638,162,59.01215386953751,8.359391450881958,23.29510474205017,31.65449619293213,851,0.40206160000525415,0,0,TRUE,pair,250,3.43183409946505,5.55567451883945,40,0,7.472,3.43183409946505,0.3187939031049609,4.395781701314263,cpu,cuda:0,0,670.4443359,49
940,1,DDT500_num100.txt,fixed,1850,8,231.25,10.697546005249023,8.466339111328125,7.84248550189659e-06,-4.92,-0.424614087,0.1925000101327896,0.03631459176540375,0.14000000059604645,0.25999999046325684,-0.036570213,-0.03273474,0.002292468220860298,0.49817080582891193,0.013834531202779285,0.03449621996177094,0.0003,646,154,112.73692376108066,8.489461421966553,7.920423984527588,16.40988540649414,852,0.31429040315560997,0,0,TRUE,pair,244,3.6021333994576707,5.665405404245531,35,0,7.581967213114754,3.6021333994576707,0.3322375990683213,4.340993001242168,cpu,cuda:0,0,670.44384765625,50
941,1,DDT500_num100.txt,fixed,1900,8,237.5,7.745966911315918,8.432120323181152,5.849763965670718e-06,-4.8,-0.438407943,0.20000000298023224,0.028722811490297318,0.15000000596046448,0.25,-0.033454641,-0.029390221,0.001333759638429102,0.47312984781132805,0.009578136112799661,0.03441932600819402,0.0003,640,160,55.94396388822846,8.454000234603882,25.50855565071106,33.96255588531494,858,0.3260819009738043,0,0,TRUE,pair,248,3.499436400597915,5.5073684185429626,36,0,7.661290322580645,3.499436400597915,0.3280206980416551,4.411879204562865,cpu,cuda:0,0,670.4443359,49
942,1,DDT500_num100.txt,fixed,1816,8,227,11.521718978881836,8.777063369750977,7.993246981641278e-06,-4.96,-0.453825439,0.1899999976158142,0.03162277862429619,0.12999999523162842,0.23000000417232513,-0.036278396,-0.032484443,0.0014136164449155332,0.4500762462615967,0.013301948079606518,0.03598359073512256,0.0003,648,152,85.74509021562602,8.79780912399292,12.381246089935303,21.179055213928223,842,0.32815299835056067,0,0,TRUE,pair,250,3.7209786009043455,5.609581496090616,52,0,7.264,3.7209786009043455,0.39435600116848946,4.478619194705971,cpu,cuda:0,0,670.44384765625,49
943,1,DDT500_num100.txt,fixed,1931,8,241.375,10.355402946472168,8.472375869750977,6.180515811138321e-06,-4.6,-0.447715312,0.21250000596046448,0.017139136791229248,0.1899999976158142,0.23999999463558197,-0.014280204,-0.010702896,0.0017331510413593303,0.44438863297303516,0.014523920544888824,0.025879379051427048,0.0003,630,170,128.73300594836948,8.492800235748291,6.507237911224365,15.000038146972656,880,0.40056279907003045,0,0,TRUE,pair,253,3.4397037002490833,5.482133607059362,40,0,7.632411067193676,3.4397037002490833,0.33457640116102993,4.527229597326368,cpu,cuda:0,0,670.4462891,49
944,1,DDT500_num100.txt,fixed,1839,8,229.875,11.229843139648438,8.309586524963379,7.410178113786969e-06,-4.78,-0.448935402,0.20125000178813934,0.02619040571153164,0.14000000059604645,0.23999999463558197,0.05234452895820141,0.055655715987086296,0.0012459703139029443,0.39341703802347183,0.01276037553907372,0.010092069860547781,0.0003,639,161,129.6674434337639,8.330424547195435,5.8520097732543945,14.182434320449829,838,0.31781340029556304,0,0,TRUE,pair,247,3.405794898746535,5.441000542477332,35,0,7.445344129554656,3.405794898746535,0.3337211994221434,4.400614999118261,cpu,cuda:0,0,670.44384765625,50
945,1,DDT500_num100.txt,fixed,1742,8,217.75,15.506047248840332,7.507523536682129,1.4175383512338158e-05,-4.94,-0.457479307,0.1912499964237213,0.03585996851325035,0.14000000059604645,0.23999999463558197,0.0064627284882590175,0.009958814441536864,0.0025889385966972136,0.4790555089712143,0.014264875950175337,0.04642932993980745,0.0003,647,153,74.51666736901804,7.536538600921631,15.840781688690186,23.377320289611816,811,0.30944189918227494,0,0,TRUE,pair,242,3.0061793996719643,5.687141216033909,60,0,7.198347107438017,3.0061793996719643,0.30531750002410263,4.039595799986273,cpu,cuda:0,0,670.44189453125,50
946,1,DDT500_num100.txt,fixed,1875,8,234.375,10.942320823669434,8.188044548034668,7.936151632748079e-06,-4.7,-0.461224805,0.20625001192092896,0.021758614107966423,0.18000000715255737,0.23999999463558197,0.0564343316311186,0.05945159461010586,0.0034651435403661294,0.4749837165529078,0.0073227134674776935,0.025586897253312847,0.0003,635,165,86.38843363062861,8.207805395126343,13.49648904800415,21.704294443130493,835,0.31419049855321646,0,0,TRUE,pair,251,3.2922332000453025,5.329600001525879,50,0,7.47011952191235,3.2922332000453025,0.32888239715248346,4.399531899136491,cpu,cuda:0,0,670.4443359,48
947,1,DDT500_num100.txt,fixed,1883,8,235.375,9.082091331481934,8.628095626831055,6.893554655107437e-06,-4.72,-0.445948689,0.20500001311302185,0.019364915788173676,0.18000000715255737,0.23000000417232513,0.04970924950697843,0.05396282848189859,0.0020942403078900978,0.5300698490703807,0.012484112064532168,0.06047580884221722,0.0003,636,164,60.52347393281962,8.650550603866577,22.461344957351685,31.11189556121826,828,0.33123260049615055,0,0,TRUE,pair,248,3.5579709998564795,5.511949017398609,40,0,7.592741935483871,3.5579709998564795,0.36421979882288724,4.524278802680783,cpu,cuda:0,0,670.4443359,49
948,1,DDT500_num100.txt,fixed,1819,8,227.375,14.088448524475098,8.324424743652344,9.059906005859375e-06,-4.92,-0.42386617,0.1925000101327896,0.020463379099965096,0.17000000178813934,0.23000000417232513,-0.03583447,-0.031673994,0.002054634701926261,0.5187793731689453,0.0173241343931295,0.043628139048814775,0.0003,646,154,116.16832691482777,8.349881649017334,7.308431148529053,15.658312797546387,833,0.31775119935628027,0,0,TRUE,pair,253,3.3878324013203382,5.611874657059974,40,0,7.189723320158103,3.3878324013203382,0.34017620235681534,4.425331398844719,cpu,cuda:0,0,670.44384765625,48
949,1,DDT500_num100.txt,fixed,1857,8,232.125,11.229843139648438,8.764559745788574,8.064048415690195e-06,-4.62,-0.404915497,0.21125000715255737,0.01763341762125492,0.18000000715255737,0.23999999463558197,0.06376143562374637,0.0682179550640285,0.0020578757394105196,0.5485460124909878,0.013807852787067532,0.05522212712094188,0.0003,631,169,105.52378924036016,8.78670620918274,8.811221361160278,17.597927570343018,863,0.33243649965152144,0,0,TRUE,pair,247,3.6766900995280594,5.820678513988604,40,0,7.518218623481781,3.6766900995280594,0.3915668985573575,4.512795797083527,cpu,cuda:0,0,670.4443359,50
950,1,DDT500_num100.txt,fixed,1742,8,217.75,16.581239700317383,7.629197597503662,8.742194950173143e-06,-5.12,-0.391400341,0.17999999225139618,0.016583122313022614,0.1599999964237213,0.20999999344348907,-0.012286639,-0.007772754,0.0016013800549054785,0.531457896743502,0.014388977599862431,0.03477948957255909,0.0003,656,144,95.75006364027567,7.650355815887451,10.542843580245972,18.193199396133423,820,0.3149288995191455,0,0,TRUE,pair,246,3.106864300207235,5.859357060575868,48,0,7.08130081300813,3.106864300207235,0.30570399621501565,4.058457597857341,cpu,cuda:0,0,670.44189453125,48
951,1,DDT500_num100.txt,fixed,1755,8,219.375,14.438987731933594,8.075095176696777,7.621940312674269e-06,-4.94,-0.386331538,0.1912500113248825,0.028912583366036415,0.1599999964237213,0.25,-0.078052084,-0.073402144,0.001164991488136972,0.5232436299324036,0.009178803936811164,0.0401975284020106,0.0003,647,153,62.10724386197254,8.095279455184937,20.162293910980225,28.25757336616516,811,0.30560139985755086,0,0,TRUE,pair,241,3.3299572995165363,6.087179488130444,50,0,7.282157676348548,3.3299572995165363,0.3405691966181621,4.235210497863591,cpu,cuda:0,0,670.44189453125,50
952,1,DDT500_num100.txt,fixed,1782,8,222.75,14.813423156738281,8.078278541564941,8.831148079480045e-06,-5,-0.392289554,0.1875,0.033447716385126114,0.15000000596046448,0.25,-0.113361862,-0.108997561,0.0013340044679353014,0.5031308084726334,0.009971531108021736,0.032743829826358706,0.0003,650,150,86.2724385886056,8.0984468460083,12.557049036026001,20.6554958820343,836,0.31916210032068193,0,0,TRUE,pair,249,3.3890915998490527,5.89169472663357,44,0,7.156626506024097,3.3890915998490527,0.3307698981370777,4.193878501537256,cpu,cuda:0,0,670.44189453125,48
953,1,DDT500_num100.txt,fixed,1833,8,229.125,15.743550300598145,8.150567054748535,1.0276919056195766e-05,-4.9,-0.393106868,0.19374999403953552,0.022878756746649742,0.17000000178813934,0.23000000417232513,0.0012711025774478912,0.005653770019610723,0.001190613644818465,0.49779679874579114,0.03977700794348493,0.014927793643437326,0.0003,645,155,111.56640504441522,8.170395612716675,8.259281396865845,16.42967700958252,819,0.30634719994850457,0,0,TRUE,pair,249,3.3895507985726,6.022913255785179,65,0,7.36144578313253,3.3895507985726,0.33659519837237895,4.256667203269899,cpu,cuda:0,0,670.44384765625,50
954,1,DDT500_num100.txt,fixed,1860,8,232.5,17.81852912902832,8.113200187683105,1.1075562724727206e-05,-4.8,-0.391198703,0.20000000298023224,0.03162277489900589,0.14000000059604645,0.23999999463558197,-0.091366842,-0.087179454,0.001378337456844747,0.4876554936170578,0.008973006426822394,0.038225599797442555,0.0003,640,160,87.20894036449252,8.135394811630249,13.192693710327148,21.328088521957397,853,0.31867479952052236,0,0,TRUE,pair,254,3.3225496995728463,5.921505379035909,55,0,7.322834645669292,3.3225496995728463,0.32458849833346903,4.298079102998599,cpu,cuda:0,0,670.4443359,49
955,1,DDT500_num100.txt,fixed,1884,8,235.5,9.912114143371582,8.585033416748047,6.397441666194936e-06,-4.56,-0.368663101,0.2150000035762787,0.031224992126226425,0.1599999964237213,0.27000001072883606,-0.082079999,-0.078155756,0.0014455294760409743,0.4647009611129761,0.011542335827834904,0.0282176754437387,0.0003,628,172,83.44400570489307,8.605885028839111,13.972129821777344,22.578014850616455,850,0.4039082021918148,0,0,TRUE,pair,247,3.547590299625881,5.903397029372537,45,0,7.627530364372469,3.547590299625881,0.3645371999591589,4.4943509991280735,cpu,cuda:0,0,670.4443359,49
956,1,DDT500_num100.txt,fixed,1856,8,232,9.192388534545898,8.258825302124023,6.2899139265937265e-06,-4.74,-0.373139257,0.20375001430511475,0.016535941511392593,0.18000000715255737,0.2199999988079071,-0.000427179,0.00392208993434906,0.0012090800280150557,0.4953809550830296,0.01087372628639319,0.033004566794261336,0.0003,637,163,96.40774908128377,8.279743909835815,10.971820592880249,19.251564502716064,849,0.32303830061573535,0,0,TRUE,pair,247,3.3654177996795624,5.775862068066309,55,0,7.51417004048583,3.3654177996795624,0.3477339983219281,4.37254829891026,cpu,cuda:0,0,670.44384765625,48
957,1,DDT500_num100.txt,fixed,1883,8,235.375,15.304717063903809,8.513212203979492,1.0805386409629136e-05,-4.64,-0.381688246,0.21000000834465027,0.033911652863025665,0.1599999964237213,0.27000001072883606,-0.075147308,-0.070678633,0.0010732626215030905,0.5005310215055943,0.020208063404425047,0.030465488438494503,0.0003,632,168,93.34639784493804,8.536444425582886,11.635731935501099,20.172176361083984,854,0.31575769931077957,0,0,TRUE,pair,250,3.5067478007404134,5.886882631562203,45,0,7.532,3.5067478007404134,0.35129769681952894,4.480348699144088,cpu,cuda:0,0,670.4443359,49
958,1,DDT500_num100.txt,fixed,1962,8,245.25,7.462405681610107,8.597291946411133,6.16209399595391e-06,-4.64,-0.40185521,0.21000000834465027,0.022360676899552345,0.18000000715255737,0.25,0.223144069314003,0.22832617660363516,0.0009200567631827047,0.5642136136690775,0.02017088085024928,0.033281249925494194,0.0003,632,168,142.12115466031554,8.61862564086914,5.186497211456299,13.80512285232544,878,0.3340785016771406,0,0,TRUE,pair,251,3.4400337003171444,5.593272172347485,42,0,7.816733067729084,3.4400337003171444,0.341419801581651,4.638241701060906,cpu,cuda:0,0,670.4462891,48
959,1,DDT500_num100.txt,fixed,1904,8,238,13,8.862654685974121,8.6949266915326e-06,-4.78,-0.413273816,0.20125001668930054,0.02619040571153164,0.17000000178813934,0.25999999046325684,-0.054285786,-0.050427528,0.0017547977234547336,0.4735654791196187,0.010576876959627649,0.0231384231398503,0.0003,639,161,113.98044452168148,8.886091232299805,7.818528652191162,16.704619884490967,862,0.322056200588122,0,0,TRUE,pair,252,3.719604300102219,5.881827732219415,48,0,7.555555555555555,3.719604300102219,0.3747149995760992,4.58579049713444,cpu,cuda:0,0,670.4443359,49
960,1,DDT500_num100.txt,fixed,1908,8,238.5,8.336666107177734,8.465890884399414,6.388550445990404e-06,-4.46,-0.416881999,0.2212499976158142,0.02712816745042801,0.17000000178813934,0.25,-0.044792608,-0.040629008,0.0009104358905460685,0.46188195049762726,0.011377950519090518,0.040955344680696726,0.0003,623,177,111.62408002421527,8.486715316772461,8.606370687484741,17.093086004257202,879,0.40636789985001087,0,0,TRUE,pair,250,3.4085525013506413,5.98794549191273,40,0,7.632,3.4085525013506413,0.33760049927514046,4.546133697382174,cpu,cuda:0,0,670.4443359,48
961,1,DDT500_num100.txt,fixed,1786,8,223.25,19.9483699798584,8.209547996520996,1.0815902896865737e-05,-4.86,-0.42937547,0.19625000655651093,0.03838538005948067,0.14000000059604645,0.25999999046325684,-0.040195525,-0.036322206,0.0015593615179467532,0.4652998215622372,0.00736812886963081,0.021077852954881057,0.0003,643,157,85.40685278361663,8.22999095916748,12.681679964065552,20.911670923233032,825,0.3109492998337373,0,0,TRUE,pair,251,3.3465594004373997,5.990481520553452,42,0,7.115537848605578,3.3465594004373997,0.34210170211736113,4.353267599013634,cpu,cuda:0,0,670.44189453125,49
962,1,DDT500_num100.txt,fixed,1876,8,234.5,16.575584411621094,8.057085990905762,6.885304173920304e-06,-4.8,-0.43762641,0.20000001788139343,0.024494895711541176,0.1599999964237213,0.23999999463558197,-0.038869201,-0.035259349,0.0006250950197378794,0.3922399580478668,0.012835709062831787,0.00636921434973677,0.0003,640,160,159.9887548351092,8.080375909805298,3.6454482078552246,11.725824117660522,844,0.32231679873075336,0,0,TRUE,pair,255,3.2275458994554356,5.601812365593941,50,0,7.356862745098039,3.2275458994554356,0.3284988998202607,4.331428002566099,cpu,cuda:0,0,478.55322265625,51
963,1,DDT500_num100.txt,fixed,1880,8,235,14.71393871307373,8.163021087646484,8.589689059590455e-06,-4.44,-0.406917885,0.2224999964237213,0.025860197842121124,0.17000000178813934,0.25999999046325684,-0.028031918,-0.02411841,0.0012859767448389903,0.4556496838728587,0.010038307062738264,0.021545610623434186,0.0003,622,178,109.94124363195687,8.187425374984741,8.912617683410645,17.100043058395386,841,0.38172600138932467,0,0,TRUE,pair,253,3.2775217993184924,5.653723401718952,32,0,7.430830039525691,3.2775217993184924,0.3266527004307136,4.390673601883464,cpu,cuda:0,0,670.4443359,48
964,1,DDT500_num100.txt,fixed,1783,8,222.875,15.783199310302734,8.626459121704102,7.907449798949528e-06,-4.96,-0.41972911,0.1899999976158142,0.02499999664723873,0.15000000596046448,0.23999999463558197,-0.06642753,-0.062643236,0.0010283477953635157,0.4298469603061676,0.006629255780717358,0.018155909329652786,0.0003,648,152,126.9359430456388,8.650550365447998,5.395904541015625,14.046454906463623,825,0.3263637012569234,0,0,TRUE,pair,248,3.597518600639887,5.910263600673023,52,0,7.189516129032258,3.597518600639887,0.39003290177788585,4.451839401968755,cpu,cuda:0,0,670.44189453125,47
965,1,DDT500_num100.txt,fixed,1811,8,226.375,20.736064910888672,8.294437408447266,1.3266017958812881e-05,-4.86,-0.416585435,0.19625002145767212,0.02955397590994835,0.1599999964237213,0.23999999463558197,-0.020283541,-0.016394694,0.0013767340618263308,0.4577212201224433,0.014044691291120317,0.027578760248919327,0.0003,643,157,55.075138349385774,8.314537763595581,24.56781268119812,32.8823504447937,840,0.3216889020986855,0,0,TRUE,pair,247,3.4834355998318642,5.79348426217996,44,0,7.331983805668016,3.4834355998318642,0.35382940131239593,4.282046501873992,cpu,cuda:0,0,670.44384765625,48
966,1,DDT500_num100.txt,fixed,1937,8,242.125,10.385537147521973,8.415189743041992,6.66719961373019e-06,-4.6,-0.399383145,0.21249999105930328,0.027726339176297188,0.17000000178813934,0.25999999046325684,-0.02128839,-0.017093413,0.0009422297967830673,0.46660918593406675,0.008135423182102386,0.036806096555665135,0.0003,630,170,57.5298821315227,8.436184406280518,25.233274459838867,33.669458866119385,868,0.3911140998825431,0,0,TRUE,pair,255,3.333230101503432,5.744966441475982,64,0,7.596078431372549,3.333230101503432,0.33679620374459773,4.572082801256329,cpu,cuda:0,0,670.4462891,49
967,1,DDT500_num100.txt,fixed,1962,8,245.25,9.364160537719727,8.599547386169434,6.253660558286356e-06,-4.58,-0.399866869,0.2137499898672104,0.02175861969590187,0.17000000178813934,0.25,-0.035298619,-0.03121181,0.0012140388928607783,0.4693824621764096,0.007814890175888484,0.01915224383331158,0.0003,629,171,85.70945026370639,8.620691537857056,14.270599842071533,22.89129137992859,882,0.4084102982887998,0,0,TRUE,pair,258,3.45061759930104,5.520897045291041,64,0,7.604651162790698,3.45061759930104,0.33994900179095566,4.630906698759645,cpu,cuda:0,0,670.4462891,49
968,1,DDT500_num100.txt,fixed,1844,8,230.5,11.779218673706055,8.27278995513916,6.868772743473528e-06,-4.76,-0.390984512,0.20250003039836884,0.022220484912395477,0.15000000596046448,0.23000000417232513,-0.209844217,-0.206146594,0.0005192707321839407,0.3957250788807869,0.011632817098870873,0.030390045139938593,0.0003,638,162,149.635337845025,8.294157981872559,4.029134273529053,12.323292255401611,850,0.32433850108645856,0,0,TRUE,pair,246,3.3907654001377523,5.85412147414917,50,0,7.495934959349594,3.3907654001377523,0.33438499830663204,4.3797938987845555,cpu,cuda:0,0,506.0371094,49
969,1,DDT500_num100.txt,fixed,1935,8,241.875,9.006073951721191,8.34754753112793,5.405323008744745e-06,-4.64,-0.388836485,0.21000000834465027,0.009999999776482582,0.20000000298023224,0.23000000417232513,-0.166792613,-0.162770766,0.0009892888832837344,0.45164894461631777,0.007996573857963086,0.022505355067551136,0.0003,632,168,93.34382813979617,8.369482278823853,12.360329627990723,20.729811906814575,871,0.3232727999566123,0,0,TRUE,pair,254,3.38421700138133,5.632558136700967,40,0,7.618110236220472,3.38421700138133,0.33869770111050457,4.451983395265415,cpu,cuda:0,0,670.4462891,48
970,1,DDT500_num100.txt,fixed,1986,8,248.25,7.562241554260254,9.06374740600586,5.692165359505452e-06,-4.56,-0.37431301,0.2150000035762787,0.018027756363153458,0.1899999976158142,0.25,-0.080510144,-0.076441505,0.0012131870845967735,0.4675235396081751,0.006554311408597807,0.0236204090020196,0.0003,628,172,86.64372013247743,9.085770845413208,13.83568263053894,22.92145347595215,918,0.4332182015059516,0,0,TRUE,pair,256,3.72544149949681,5.616817722267735,36,0,7.7578125,3.72544149949681,0.3717207961017266,4.780188002856448,cpu,cuda:0,0,670.44677734375,48
971,1,DDT500_num100.txt,fixed,1945,8,243.125,6.565773010253906,8.882190704345703,6.388550445990404e-06,-4.64,-0.386326089,0.21000000834465027,0.024494895711541176,0.18000000715255737,0.25,-0.052033819,-0.048058321,0.002215977447728316,0.5083489765723547,0.006830812839325517,0.020658654704069097,0.0003,632,168,78.05938328722144,8.902053356170654,16.01487421989441,24.916927576065063,901,0.3439120010007173,0,0,TRUE,pair,251,3.5909894998185337,5.634961440324171,48,0,7.749003984063745,3.5909894998185337,0.35371639975346625,4.756841897382401,cpu,cuda:0,0,670.4462891,48
972,1,DDT500_num100.txt,fixed,1907,8,238.375,15.905482292175293,8.716800689697266,1.0689025657484308e-05,-4.48,-0.395585588,0.2199999988079071,0.03708099201321602,0.14000000059604645,0.25,-0.085626346,-0.082580927,0.0029460778168868273,0.4518463810284932,0.009464885418613752,0.02280430910953631,0.0003,624,176,108.1776395459609,8.737879514694214,8.890532493591309,17.628412008285522,851,0.32704650156665593,0,0,TRUE,pair,254,3.6303679009433836,5.653906659799905,65,0,7.5078740157480315,3.6303679009433836,0.3551435007248074,4.548651800258085,cpu,cuda:0,0,670.4443359,48
973,1,DDT500_num100.txt,fixed,1883,8,235.375,16.193653106689453,8.612052917480469,9.215425961883739e-06,-4.82,-0.418383159,0.19875001907348633,0.023684116080403328,0.17000000178813934,0.23999999463558197,-0.124348525,-0.121472607,0.0027698309325690693,0.4260826110839844,0.011250012709448734,0.033490510967870556,0.0003,641,159,111.57709658470753,8.63324236869812,8.24298095703125,16.87622332572937,832,0.3222781022777781,0,0,TRUE,pair,257,3.5205786993028596,5.583112052572071,40,0,7.326848249027237,3.5205786993028596,0.3429304976016283,4.57231110369321,cpu,cuda:0,0,670.4443359,48
974,1,DDT500_num100.txt,fixed,1949,8,243.625,14.899140357971191,8.895666122436523,9.356220289191697e-06,-4.36,-0.37298802,0.22750000655651093,0.01479019783437252,0.20000000298023224,0.25,-0.049782967,-0.045212494,0.0009327194646983924,0.5036829710006714,0.010734332851522291,0.0307168019676788,0.0003,618,182,95.96166331608221,8.91703987121582,11.39315414428711,20.31019401550293,881,0.4305551019497216,0,0,TRUE,pair,260,3.6205295010004193,5.539763980428031,40,0,7.496153846153846,3.6205295010004193,0.37128339894115925,4.716339296544902,cpu,cuda:0,0,670.4462891,48
975,1,DDT500_num100.txt,fixed,1949,8,243.625,7.296189308166504,8.605804443359375,6.226332061487483e-06,-4.56,-0.378472873,0.2150000035762787,0.03162277862429619,0.17000000178813934,0.27000001072883606,-0.109917601,-0.105821915,0.0011528488968523514,0.46721147079216807,0.010968164853310506,0.03883137808818566,0.0003,628,172,57.72013615054797,8.627476930618286,25.138902187347412,33.7663791179657,885,0.3240575996460393,0,0,TRUE,pair,250,3.468157999799587,5.399692148230148,40,0,7.796,3.468157999799587,0.3458120970753953,4.616251798579469,cpu,cuda:0,0,670.4462891,50
976,1,DDT500_num100.txt,fixed,1984,8,248,8.17006778717041,8.642622947692871,7.024249953246908e-06,-4.58,-0.369809389,0.21375000476837158,0.014947827905416489,0.1899999976158142,0.23000000417232513,-0.07298874,-0.068711262,0.0009830404943343076,0.4768996437390645,0.005437173403888231,0.03082884502198015,0.0003,629,171,55.26810450359816,8.670784950256348,27.226954221725464,35.89773917198181,892,0.3435362004674971,0,0,TRUE,pair,259,3.505761898937635,5.548387096293511,44,0,7.66023166023166,3.505761898937635,0.3490557009354234,4.605585199431516,cpu,cuda:0,0,670.4462891,50
977,1,DDT500_num100.txt,fixed,1980,8,247.5,3.4278273582458496,8.574173927307129,5.621827313007088e-06,-4.62,-0.384076274,0.21125000715255737,0.015360258519649506,0.1899999976158142,0.23000000417232513,0.01588011458516121,0.02020917907357216,0.0010371869400842115,0.4847652673721313,0.015609008516184986,0.03424610560759902,0.0003,631,169,84.48765600626326,8.598289489746094,14.83708667755127,23.435376167297363,865,0.32648649998009205,0,0,TRUE,pair,253,3.47018710069824,5.465151514910688,44,0,7.826086956521739,3.47018710069824,0.3454784008208662,4.578999299206771,cpu,cuda:0,0,670.4462891,50
978,1,DDT500_num100.txt,fixed,1972,8,246.5,7.937253952026367,8.909513473510742,7.4025033427460585e-06,-4.46,-0.38495179,0.2212499976158142,0.023684117943048477,0.1899999976158142,0.25999999046325684,0.08168469667434693,0.0858652077615261,0.001062336450559087,0.47116794288158415,0.013388618355384097,0.037455990072339775,0.0003,623,177,86.18654306127922,8.933874368667603,13.946727752685547,22.88060212135315,883,0.33615430060308427,0,0,TRUE,pair,255,3.6688213996822014,5.431034482154111,50,0,7.733333333333333,3.6688213996822014,0.36757810006383806,4.601380803273059,cpu,cuda:0,0,670.4462891,49
979,1,DDT500_num100.txt,fixed,1901,8,237.625,18.55355453491211,8.57509994506836,1.085262920241803e-05,-4.62,-0.405522581,0.21125000715255737,0.03059309534728527,0.14000000059604645,0.25,0.050697037151881626,0.05505183605211122,0.001627118102208312,0.5168348572083882,0.013302966212255083,0.04742743168026209,0.0003,631,169,73.14977950402267,8.597482204437256,17.390292644500732,25.98777484893799,867,0.3336112006800249,0,0,TRUE,pair,259,3.5170926003484055,5.508153601485387,64,0,7.33976833976834,3.5170926003484055,0.3472739040153101,4.534581997431815,cpu,cuda:0,0,670.4443359,50
980,1,DDT500_num100.txt,fixed,1933,8,241.625,10.246188163757324,8.490784645080566,7.160500445024809e-06,-4.42,-0.408844976,0.22374999523162842,0.01996089704334736,0.18000000715255737,0.25,-0.082318567,-0.077548686,0.0011394134598958772,0.5339594297111034,0.014719304479513085,0.025200136587955058,0.0003,621,179,104.63644521627982,8.511669874191284,9.961817026138306,18.47348690032959,860,0.3324427017942071,0,0,TRUE,pair,253,3.472163501312025,5.573719605965375,40,0,7.640316205533597,3.472163501312025,0.3359501996310428,4.507784399902448,cpu,cuda:0,0,670.4462891,48
981,1,DDT500_num100.txt,fixed,1797,8,224.625,21.999645233154297,8.22695541381836,8.977971447166055e-06,-5.02,-0.425273911,0.1862500011920929,0.03497767075896263,0.14000000059604645,0.25,-0.142884974,-0.137836944,0.002171814936446026,0.6133929065295628,0.013274154752642582,0.04831545028303351,0.0003,651,149,109.93026702102617,8.249167680740356,8.097558736801147,16.346726417541504,838,0.3156217980431393,0,0,TRUE,pair,257,3.4802971999160945,5.776850307259748,45,0,6.992217898832685,3.4802971999160945,0.3354924018494785,4.2444446962326765,cpu,cuda:0,0,670.44384765625,50
982,1,DDT500_num100.txt,fixed,1859,8,232.375,21.453073501586914,8.588239669799805,9.847582077782135e-06,-4.98,-0.443398785,0.1887499988079071,0.02712816558778286,0.15000000596046448,0.23999999463558197,-0.017620058,-0.012102467,0.0015246948543270783,0.6279944415603366,0.010125509343717047,0.03137667749875358,0.0003,649,151,68.02426406993462,8.60925555229187,18.719228267669678,27.328483819961548,862,0.34858610027004033,0,0,TRUE,pair,260,3.5330339991487563,5.616998384818395,45,0,7.15,3.5330339991487563,0.34384779585525393,4.5352797008818015,cpu,cuda:0,0,670.4443359,50
983,1,DDT500_num100.txt,fixed,1926,8,240.75,6.437196731567383,8.869558334350586,5.560828867601231e-06,-4.78,-0.441441884,0.20125001668930054,0.015360254794359207,0.18000000715255737,0.23000000417232513,0.0666806310415268,0.07248030714690686,0.0016273321583867074,0.6613342642784119,0.010060657703434117,0.024852170795202255,0.0003,639,161,119.76461841827576,8.892009019851685,7.189535140991211,16.081544160842896,884,0.45408269786275923,0,0,TRUE,pair,249,3.5862408995162696,5.751817237427177,40,0,7.734939759036145,3.5862408995162696,0.35160799778532237,4.744627300067805,cpu,cuda:0,0,670.4462891,49
984,1,DDT500_num100.txt,fixed,1848,8,231,14.230249404907227,15.275382041931152,1.2651919860218186e-05,-4.9,-0.456960148,0.19375000894069672,0.01576189696788788,0.17000000178813934,0.20999999344348907,-0.0480694,-0.042939343,0.001630696217314555,0.5945408183794755,0.018602491340761144,0.04232252036364606,0.0003,645,155,52.93043401054007,15.307904958724976,19.605846166610718,34.91375112533569,861,0.5176788022508845,0,0,TRUE,pair,249,5.001174500561319,5.719155843381758,45,0,7.421686746987952,5.001174500561319,0.5913777016103268,9.365300299366936,cpu,cuda:0,0,670.44384765625,48
985,1,DDT500_num100.txt,fixed,1790,8,223.75,25.77668571472168,8.632640838623047,1.3840603969583753e-05,-5.26,-0.462702513,0.17125000059604645,0.04702060669660568,0.10000000149011612,0.23999999463558197,-0.053275792,-0.048443565,0.0027821177354780957,0.6223275661468506,0.010400761330856767,0.025972197763621807,0.0003,663,137,82.91985064981071,8.654248237609863,12.932862520217896,21.58711075782776,839,0.33751039882190526,0,0,TRUE,pair,255,3.810722400434315,5.801675978319605,36,0,7.019607843137255,3.810722400434315,0.3698334973305464,4.275152299669571,cpu,cuda:0,0,670.44189453125,49
986,1,DDT500_num100.txt,fixed,1924,8,240.5,14.186261177062988,8.538985252380371,6.494445187854581e-06,-4.7,-0.489239157,0.20624999701976776,0.03497767075896263,0.15000000596046448,0.27000001072883606,0.011274440789266545,0.016152148600667715,0.0014832708265577607,0.5619340907124912,0.010694178122588816,0.04040206205921576,0.0003,635,165,60.951888902289674,8.564599752426147,23.001280069351196,31.565879821777344,846,0.33589099918026477,0,0,TRUE,pair,254,3.5117511997232214,5.38565488738974,36,0,7.574803149606299,3.5117511997232214,0.34082739788573235,4.509429298224859,cpu,cuda:0,0,670.4462891,50
987,1,DDT500_num100.txt,fixed,1814,8,226.75,15.935416221618652,8.287960052490234,8.429369700024836e-06,-4.9,-0.490182709,0.19374999403953552,0.03388860076665878,0.14000000059604645,0.25999999046325684,-0.064732593,-0.059735749,0.0017761982679884466,0.5884943935606215,0.012266265457987579,0.06159859825856984,0.0003,645,155,84.03344241583866,8.308905839920044,13.277738094329834,21.586643934249878,830,0.3311571025988087,0,0,TRUE,pair,249,3.4182512989500538,5.785556782435425,56,0,7.285140562248996,3.4182512989500538,0.3271984977182001,4.372587100137025,cpu,cuda:0,0,670.44384765625,49
988,1,DDT500_num100.txt,fixed,1905,8,238.125,12.781211853027344,8.91853141784668,7.914634807093535e-06,-4.74,-0.478328962,0.20374999940395355,0.02496873028576374,0.17000000178813934,0.25,-0.023806028,-0.01883309,0.0018543141248466616,0.5900094861334021,0.009098072355052202,0.026597821640528062,0.0003,637,163,76.51951166599586,8.939410924911499,15.956200122833252,24.89561104774475,840,0.33732809929642826,0,0,TRUE,pair,256,3.732289001229219,5.53490813285347,36,0,7.44140625,3.732289001229219,0.3724666968919337,4.626501495600678,cpu,cuda:0,0,670.4443359,51
989,1,DDT500_num100.txt,fixed,1929,8,241.125,16.646602630615234,9.404096603393555,7.448434644174995e-06,-4.56,-0.451081371,0.2150000035762787,0.031224986538290977,0.15000000596046448,0.25,-0.014857954,-0.010060345,0.0012688939362609137,0.5432055493195852,0.010347990377340466,0.030977271148003638,0.0003,628,172,103.23781395195897,9.425671339035034,9.258340120315552,18.685014009475708,851,0.35131889930926263,0,0,TRUE,pair,254,3.954186800750904,5.513737686685233,40,0,7.594488188976378,3.954186800750904,0.3895038007758558,4.8632962967967615,cpu,cuda:0,0,670.4462891,49
990,1,DDT500_num100.txt,fixed,1807,8,225.875,17.510265350341797,8.440485954284668,3.0189856261131354e-05,-5.08,-0.463929522,0.18250000476837158,0.041758231818675995,0.12999999523162842,0.23999999463558197,-0.082914975,-0.078241268,0.0023168594537613294,0.5832132001717886,0.017282904431340285,0.040451174757132925,0.0003,654,146,109.96914955614314,8.4672212600708,7.964659929275513,16.431881189346313,847,0.3401658000657335,0,0,TRUE,pair,253,3.5598055000882596,5.750968454289185,40,0,7.142292490118577,3.5598055000882596,0.3372952985810116,4.369067899882793,cpu,cuda:0,0,670.44384765625,49
991,1,DDT500_num100.txt,fixed,1779,8,222.375,15.952566146850586,8.44144058227539,9.893652531900443e-06,-5.12,-0.469748761,0.17999999225139618,0.02499999850988388,0.15000000596046448,0.2199999988079071,0.027283993860085804,0.03175325474391381,0.0029951958276797086,0.5966856628656387,0.013650006329650447,0.03699081018567085,0.0003,656,144,106.87196380445029,8.463175058364868,8.18291187286377,16.646086931228638,839,0.3358839991269633,0,0,TRUE,pair,246,3.5144233996979892,5.973018549210976,55,0,7.2317073170731705,3.5144233996979892,0.34034729946870357,4.413648301619105,cpu,cuda:0,0,670.44189453125,50
992,1,DDT500_num100.txt,fixed,1855,8,231.875,16.328176498413086,8.256338119506836,1.0533676686463878e-05,-4.76,-0.453472018,0.20250001549720764,0.027726339176297188,0.1599999964237213,0.23999999463558197,0.01415806742651122,0.018667317128607204,0.0022343957430816124,0.5626447073050908,0.008227516125771217,0.03943083288946322,0.0003,638,162,105.5685200398446,8.276697635650635,9.294828414916992,17.571526050567627,836,0.33345540217123926,0,0,TRUE,pair,250,3.346571299363859,5.7229110527552685,35,0,7.42,3.346571299363859,0.3326207010541111,4.402439301484264,cpu,cuda:0,0,670.44384765625,48
993,1,DDT500_num100.txt,fixed,1911,8,238.875,16.98114776611328,8.503381729125977,8.313940270454623e-06,-4.62,-0.454207825,0.21125000715255737,0.025708701461553574,0.17000000178813934,0.23999999463558197,0.018048931461046722,0.0227349468452089,0.0023267340456026003,0.584938249167274,0.01124023362824707,0.04638168571845574,0.0003,631,169,57.29717836388292,8.524681091308594,24.827746629714966,33.35242772102356,852,0.31946530076675117,0,0,TRUE,pair,261,3.4969065006589517,5.741496600635634,36,0,7.32183908045977,3.4969065006589517,0.3407280024839565,4.489704299950972,cpu,cuda:0,0,670.4443359,52
994,1,DDT500_num100.txt,fixed,1907,8,238.375,16.46160316467285,8.40090560913086,5.771502856077859e-06,-4.64,-0.451319347,0.20999999344348907,0.047958314418792725,0.10000000149011612,0.25,-0.023344697,-0.018691618,0.0027485315351643497,0.602734645207723,0.01886877603828907,0.03346271730131573,0.0003,632,168,86.79710092430854,8.423733234405518,13.547046661376953,21.97077989578247,854,0.349042501533404,0,0,TRUE,pair,252,3.3777963996399194,5.563712639651126,40,0,7.567460317460317,3.3777963996399194,0.34224309981800616,4.500625002779998,cpu,cuda:0,0,670.4443359,50
995,1,DDT500_num100.txt,fixed,1806,8,225.75,18.06066131591797,8.456730842590332,1.1258811355219223e-05,-5.04,-0.454592344,0.1850000023841858,0.03316624462604523,0.15000000596046448,0.25,0.005019187306364377,0.00975590737329589,0.002353368805617922,0.5913403977950414,0.005759814522914692,0.03422862084375487,0.0003,652,148,51.89523132018606,8.478046894073486,26.32283854484558,34.80088543891907,842,0.34656250022817403,0,0,TRUE,pair,253,3.5030699011404067,5.73532668934312,56,0,7.138339920948616,3.5030699011404067,0.34218950010836124,4.433622097596526,cpu,cuda:0,0,670.44384765625,52
996,1,DDT500_num100.txt,fixed,1779,8,222.375,16.984827041625977,8.096983909606934,1.049041748046875e-05,-5.26,-0.47142951,0.17125000059604645,0.025708703324198723,0.14000000059604645,0.2199999988079071,-0.005974873,-0.001226231,0.002607486398321473,0.605238429374165,0.00981099173400758,0.04045690415013167,0.0003,663,137,53.82616226996981,8.122569799423218,24.928272485733032,33.05084228515625,848,0.33273890102282166,0,0,TRUE,pair,253,3.3801076014060527,5.77627880912339,45,0,7.031620553359684,3.3801076014060527,0.322643798077479,4.226397204096429,cpu,cuda:0,0,670.44189453125,51
997,1,DDT500_num100.txt,fixed,1763,8,220.375,17.804054260253906,8.225980758666992,1.0678384569473565e-05,-5.06,-0.44711668,0.1837500035762787,0.033142682164907455,0.12999999523162842,0.23999999463558197,0.04003355957360731,0.045480292963071,0.0021512446756888595,0.65223538213306,0.007519073655000991,0.03609567902620054,0.0003,653,147,53.56249051916217,8.248301982879639,24.666522979736328,32.91482496261597,843,0.35005340084899217,0,0,TRUE,pair,253,3.291087999707088,5.909812815407089,40,0,6.968379446640316,3.291087999707088,0.3413609004346654,4.421003000810742,cpu,cuda:0,0,670.44189453125,50
998,1,DDT500_num100.txt,fixed,1814,8,226.75,18.952241897583008,8.718658447265625,1.130415876104962e-05,-4.96,-0.452199266,0.1899999976158142,0.031224988400936127,0.14000000059604645,0.23999999463558197,0.047246541620956525,0.052115560250563756,0.0022443354084518636,0.5991185771094428,0.008512393927149888,0.032713404779012,0.0003,648,152,52.7570940323903,8.746742725372314,25.637258768081665,34.38400149345398,832,0.35327719699125737,0,0,TRUE,pair,249,3.6182134996633977,5.763506061712725,50,0,7.285140562248996,3.6182134996633977,0.3429333979729563,4.575599200092256,cpu,cuda:0,0,670.44384765625,50
999,1,DDT500_num100.txt,fixed,1792,8,224,15.564382553100586,8.83348560333252,9.731450518302154e-06,-5.18,-0.453846,0.17624999582767487,0.024462981149554253,0.12999999523162842,0.20999999344348907,-0.009934091,-0.005033798,0.0016866958540049382,0.5743639655411243,0.01672740110552695,0.030078906216658652,0.0003,659,141,100.5271866770601,8.854747295379639,8.97127628326416,17.8260235786438,835,0.41745779977645725,0,0,TRUE,pair,247,3.7262247998733073,5.752790176176599,45,0,7.255060728744939,3.7262247998733073,0.3837002032669261,4.53550759900827,cpu,cuda:0,0,670.44189453125,51
