iteration,instance_id,instance_name,instance_selection,transitions,episode_count,episode_transition_mean,episode_transition_std,episode_seconds_mean,episode_seconds_std,reward,mean_return,fulfillment_rate_mean,fulfillment_rate_std,fulfillment_rate_min,fulfillment_rate_max,loss,policy_loss,value_loss,entropy,approx_kl,clip_fraction,learning_rate,discard_count,completion_count,steps_per_second,rollout_seconds,update_seconds,elapsed_seconds,fluid_solve_count,fluid_solve_seconds,fluid_cache_hit_count,fluid_fallback_count,sparse_attention_enabled,sparse_attention_scope,policy_forward_count,policy_forward_seconds,avg_action_tokens,max_action_tokens,padding_ratio,actor_batch_size_mean,policy_act_seconds,simulator_step_seconds,obs_build_seconds,rollout_device,update_device,cpu_memory_mb,gpu_memory_mb,gpu_temperature
0,1,DDT600_num150.txt,fixed,3291,8,411.375,23.563411712646484,19.128599166870117,1.2669877833104692e-05,-4.493333333,-0.093808847,0.21916669607162476,0.04142429307103157,0.18000000715255737,0.2933333218097687,0.01616862416267395,0.020603463053703308,0.0023650730727240443,0.561738133430481,0.02731292089447379,0.040640791528858244,0.0003,937,263,149.77421777122663,19.15518808364868,2.8178861141204834,21.973074197769165,1403,0.7338428996736184,0,0,TRUE,pair,452,8.187748400843702,4.952294136607803,45,0,7.280973451327434,8.187748400843702,0.8174865001346916,9.687902102596126,cpu,cuda:0,0,366.5546875,48
1,1,DDT600_num150.txt,fixed,3278,8,409.75,28.634550094604492,17.67208480834961,1.2777100891980808e-05,-4.546666667,-0.103646762,0.21583333611488342,0.04748538136482239,0.14666666090488434,0.2800000011920929,0.22730386350303888,0.22929092159029096,0.0053350660600699484,0.4654574766755104,0.14113487480062759,0.051826014183461666,0.0003,941,259,136.28315061757286,17.69755530357361,6.3553080558776855,24.052863359451294,1401,0.5906074004014954,0,0,TRUE,pair,447,7.414517600089312,5.052776079777176,45,0,7.333333333333333,7.414517600089312,0.743456902098842,9.114915799582377,cpu,cuda:0,0,670.24072265625,48
2,1,DDT600_num150.txt,fixed,3077,8,384.625,20.272748947143555,17.08163833618164,1.06410570879234e-05,-5.093333333,-0.167424994,0.18166667222976685,0.02619372308254242,0.14666666090488434,0.23333333432674408,-0.01051268,-0.005675852,0.0017541349516250193,0.5713890492916107,0.02130382036557421,0.024553393945097923,0.0003,982,218,161.9251821785951,17.10719656944275,1.895406723022461,19.00260329246521,1349,0.575153598561883,0,0,TRUE,pair,425,7.306634400505573,5.181995450811104,50,0,7.24,7.306634400505573,0.789008300518617,8.585195697378367,cpu,cuda:0,0,316.03759765625,49
3,1,DDT600_num150.txt,fixed,3118,8,389.75,14.897566795349121,16.88279151916504,8.55653706821613e-06,-5.066666667,-0.165915452,0.18333333730697632,0.022607769817113876,0.14666666090488434,0.2133333384990692,-0.322955467,-0.318195544,0.0010921034845523536,0.530597373843193,0.017538678250275552,0.02079365123063326,0.0003,980,220,161.47290218659805,16.90827512741089,2.4014663696289062,19.309741497039795,1349,0.5799028024775907,0,0,TRUE,pair,407,7.092279800330289,5.082424629950386,50,0,7.660933660933661,7.092279800330289,0.7445918027078733,8.661375096999109,cpu,cuda:0,0,311.5703125,49
4,1,DDT600_num150.txt,fixed,3248,8,406,24.68299102783203,16.836149215698242,1.3836496691510547e-05,-4.44,-0.123838434,0.2224999964237213,0.04067998006939888,0.15333333611488342,0.2933333218097687,-0.072435497,-0.069712309,0.002530915691750124,0.39886412769556046,0.04748711028514663,0.031118997372686863,0.0003,933,267,132.0722833710914,16.865898609161377,7.7266950607299805,24.592593669891357,1382,0.5460974029265344,0,0,TRUE,pair,444,7.050873299478553,4.803263547385267,45,0,7.315315315315315,7.050873299478553,0.7049887010361999,8.613278001663275,cpu,cuda:0,0,670.3867188,49
5,1,DDT600_num150.txt,fixed,3262,8,407.75,22.74725341796875,17.398435592651367,1.1699527931341436e-05,-4.56,-0.137911999,0.2150000035762787,0.04133198782801628,0.15333333611488342,0.2866666615009308,-0.008069899,-0.007055676,0.00364168721716851,0.28350670635700226,0.021333804237656295,0.03488372266292572,0.0003,942,258,157.08282677223556,17.424553632736206,3.3415610790252686,20.766114711761475,1381,0.6768327010795474,0,0,TRUE,pair,440,7.315370399854146,4.8605150208379655,75,0,7.413636363636364,7.315370399854146,0.7891805031104013,8.89732060499955,cpu,cuda:0,0,670.3867188,48
6,1,DDT600_num150.txt,fixed,3311,8,413.875,22.385473251342773,18.15546417236328,1.3687801583728287e-05,-4.506666667,-0.140510174,0.21833333373069763,0.029011491686105728,0.1733333319425583,0.25999999046325684,0.03841295838356018,0.04324261657893658,0.0011167018674314022,0.5388008058071136,0.04280360016855411,0.044921875,0.0003,938,262,139.85478323654482,18.190333366394043,5.484223365783691,23.674556732177734,1409,0.5998029035981745,0,0,TRUE,pair,460,7.830506099737249,4.816671701688775,45,0,7.197826086956522,7.830506099737249,0.8423177021322772,9.06511910201516,cpu,cuda:0,0,670.38720703125,48
7,1,DDT600_num150.txt,fixed,3160,8,395,28.06243133544922,16.315887451171875,1.1892284419445787e-05,-4.64,-0.167356155,0.20999997854232788,0.05033222958445549,0.14666666090488434,0.2866666615009308,-0.32743263,-0.323701367,0.0017689333374922474,0.46157220005989075,0.0504975329968147,0.025905066790680092,0.0003,948,252,145.15819614128486,16.34253978729248,5.426813125610352,21.769352912902832,1366,0.5735650981077924,0,0,TRUE,pair,432,6.7313403993612155,5.142721518534648,100,0,7.314814814814815,6.7313403993612155,0.6862305003451183,8.535529803368263,cpu,cuda:0,0,670.3847656,49
8,1,DDT600_num150.txt,fixed,3206,8,400.75,19.873035430908203,17.289724349975586,1.078959303413285e-05,-4.533333333,-0.168640144,0.21666666865348816,0.01885618083178997,0.1733333319425583,0.23999999463558197,0.10278998222202063,0.10749466717243195,0.0012400243722368032,0.5324693620204926,0.02810708899050951,0.022456173785030842,0.0003,940,260,144.02901698274488,17.320651531219482,4.938751935958862,22.259403467178345,1347,0.5860756015172228,0,0,TRUE,pair,431,7.240962499170564,5.048034934869649,52,0,7.438515081206496,7.240962499170564,0.7427331962389871,8.917451299726963,cpu,cuda:0,0,670.3867188,48
9,1,DDT600_num150.txt,fixed,3103,8,387.875,16.143400192260742,16.424335479736328,1.1424206604715437e-05,-5.04,-0.204979523,0.1849999874830246,0.03647678345441818,0.15333333611488342,0.24666666984558105,0.012352890179802975,0.017419319599866867,0.000997428879297028,0.5565146406491598,0.02453944021059821,0.034394237833718456,0.0003,978,222,152.79401528646272,16.45223617553711,3.8561508655548096,20.30838704109192,1371,0.5674628994893283,0,0,TRUE,pair,410,6.918215398443863,5.126329358685143,48,0,7.568292682926829,6.918215398443863,0.7105613988824189,8.423757003503852,cpu,cuda:0,0,670.38427734375,48
10,1,DDT600_num150.txt,fixed,3180,8,397.5,24.418230056762695,16.508703231811523,1.3720984497922473e-05,-4.746666667,-0.188763927,0.20333333313465118,0.03651483729481697,0.15333333611488342,0.24666666984558105,0.10149022564291954,0.1058727316558361,0.0009443070157431066,0.4854660630226135,0.1074836712796241,0.034179688,0.0003,956,244,144.31626499668963,16.53927779197693,5.4956605434417725,22.0349383354187,1373,0.6575570998247713,0,0,TRUE,pair,441,6.957623698981479,4.908805033320901,45,0,7.210884353741497,6.957623698981479,0.7040233020670712,8.474561795475893,cpu,cuda:0,0,670.3847656,49
11,1,DDT600_num150.txt,fixed,3249,8,406.125,17.680763244628906,17.87653160095215,1.173833243228728e-05,-4.333333333,-0.177386997,0.2291666865348816,0.029238006100058556,0.18000000715255737,0.2666666805744171,0.04579558549448848,0.05093435663729906,0.0007450420380337164,0.5511292070150375,0.03859901289251866,0.03515625,0.0003,925,275,111.76468597289268,17.90950345993042,11.160501718521118,29.070005178451538,1391,0.725308598484844,0,0,TRUE,pair,427,7.517666200408712,4.838411818287416,36,0,7.608899297423887,7.517666200408712,0.7910009956685826,9.158668803283945,cpu,cuda:0,0,670.3867188,49
12,1,DDT600_num150.txt,fixed,3186,8,398.25,34.906124114990234,17.18709945678711,1.779056401574053e-05,-4.64,-0.223314437,0.20999999344348907,0.042687494307756424,0.1599999964237213,0.2866666615009308,0.19257631401220957,0.19771651923656464,0.0007373670426507791,0.55088871717453,0.030274570288990315,0.046223958333333336,0.0003,948,252,117.02924273672548,17.215150833129883,10.008814096450806,27.22396492958069,1354,0.6227686011698097,0,0,TRUE,pair,455,7.2211205994244665,4.879786564955079,60,0,7.002197802197802,7.2211205994244665,0.7411073911935091,8.835791799938306,cpu,cuda:0,0,670.3847656,49
13,1,DDT600_num150.txt,fixed,3253,8,406.625,19.43539047241211,16.740863800048828,1.0359554835304152e-05,-4.426666667,-0.234481126,0.22333334386348724,0.03651483729481697,0.1666666716337204,0.2800000011920929,0.15072927127281824,0.15559397141138712,0.0008150322246365249,0.5272214015324911,0.025058288088378806,0.029947916666666668,0.0003,932,268,121.69296503618028,16.7684268951416,9.962781429290771,26.731208324432373,1378,0.5725845026317984,0,0,TRUE,pair,436,7.026972400140949,4.751921304291738,50,0,7.4610091743119265,7.026972400140949,0.7122583029558882,8.624240897363052,cpu,cuda:0,0,670.3867188,49
14,1,DDT600_num150.txt,fixed,3112,8,389,30.93541717529297,15.404097557067871,3.870467116939835e-05,-4.746666667,-0.266662783,0.20333331823349,0.033166248351335526,0.1599999964237213,0.24666666984558105,-0.317228653,-0.31368801,0.001211133028846234,0.414620578289032,0.033187693552463315,0.033232017420232296,0.0003,956,244,142.4363057723457,15.46168065071106,6.38668155670166,21.84836220741272,1332,0.5539463978493586,0,0,TRUE,pair,423,6.398538499954157,5.142994860680367,55,0,7.356973995271868,6.398538499954157,0.6288099971134216,8.044426799402572,cpu,cuda:0,0,670.38427734375,49
15,1,DDT600_num150.txt,fixed,3300,8,412.5,27.20294189453125,17.290035247802734,1.5728399375802837e-05,-4.133333333,-0.239443028,0.24166667461395264,0.04381146281957626,0.1666666716337204,0.31333333253860474,-0.426892628,-0.423595846,0.0009051681651423374,0.3749378522237142,0.03547886954584101,0.013422819475332895,0.0003,910,290,150.08575777117215,17.32088351249695,4.666545867919922,21.98742938041687,1359,0.5968095975695178,0,0,TRUE,pair,455,7.290658702026121,4.8318181805899645,45,0,7.252747252747253,7.290658702026121,0.7334900026908144,8.878521299455315,cpu,cuda:0,0,670.38720703125,49
16,1,DDT600_num150.txt,fixed,3238,8,404.75,24.570053100585938,16.916051864624023,1.555395829200279e-05,-4.386666667,-0.260761291,0.22583332657814026,0.03850504755973816,0.1666666716337204,0.273333340883255,-0.523340631,-0.519728006,0.000860366431879811,0.40428075194358826,0.03729663830017671,0.0314410449936986,0.0003,929,271,143.8765902452159,16.94417428970337,5.5612242221832275,22.505398511886597,1368,0.571040298556909,0,0,TRUE,pair,436,7.139508699416183,4.749536752332649,52,0,7.426605504587156,7.139508699416183,0.7416503998683766,8.646895799902268,cpu,cuda:0,0,670.3867188,49
17,1,DDT600_num150.txt,fixed,3369,8,421.125,31.42227554321289,16.807313919067383,1.5495374100282788e-05,-4.053333333,-0.2247416,0.24666666984558105,0.04123105853796005,0.1733333319425583,0.31333333253860474,-0.249601634,-0.246625766,0.0008682204449238876,0.34099821249643963,0.018017761710022267,0.01509147509932518,0.0003,904,296,158.4721807931375,16.83535599708557,4.423895835876465,21.259251832962036,1401,0.6048583976225927,0,0,TRUE,pair,464,6.928527600131929,4.595428909877529,45,0,7.260775862068965,6.928527600131929,0.700813798350282,8.787409400334582,cpu,cuda:0,0,670.38916015625,48
18,1,DDT600_num150.txt,fixed,3321,8,415.125,24.132123947143555,15.636832237243652,3.639145506895147e-05,-3.973333333,-0.221626041,0.2516666650772095,0.036476776003837585,0.2133333384990692,0.3266666531562805,-0.106236641,-0.102033114,0.0006185741585795768,0.45128143206238747,0.016942968184594065,0.038158500217832625,0.0003,898,302,110.60380486970325,15.684731483459473,14.341360330581665,30.026091814041138,1365,0.46298509871121496,0,0,TRUE,pair,453,6.414781299303286,4.621198434062982,45,0,7.33112582781457,6.414781299303286,0.7031496970448643,8.17367510148324,cpu,cuda:0,0,670.38720703125,47
19,1,DDT600_num150.txt,fixed,3289,8,411.125,22.552370071411133,15.76063346862793,1.3325870895641856e-05,-4.346666667,-0.246274449,0.22833333909511566,0.037527766078710556,0.15333333611488342,0.2866666615009308,0.20802006125450134,0.21275902539491653,0.0010097630438394845,0.5243847370147705,0.06687419454101473,0.030273438,0.0003,926,274,151.42408104270334,15.785585641860962,5.934869766235352,21.720455408096313,1357,0.45250100165139884,0,0,TRUE,pair,436,6.5940661006607115,4.786561262937402,45,0,7.543577981651376,6.5940661006607115,0.719110902864486,8.106546100461856,cpu,cuda:0,0,670.38720703125,48
20,1,DDT600_num150.txt,fixed,3349,8,418.625,20.46299934387207,14.854506492614746,8.707991582923569e-06,-4.186666667,-0.255453331,0.2383333444595337,0.03647678345441818,0.18000000715255737,0.30000001192092896,0.228360153734684,0.2332017943263054,0.0007478813058696687,0.5215583443641663,0.08655933128102333,0.02734375,0.0003,914,286,164.31923056240032,14.881075382232666,5.4999840259552,20.381059408187866,1388,0.45977870200295,0,0,TRUE,pair,448,5.978354399907403,4.779635710337511,50,0,7.475446428571429,5.978354399907403,0.6199785987846553,7.93972150341142,cpu,cuda:0,0,670.38916015625,48
21,1,DDT600_num150.txt,fixed,3083,8,385.375,16.04631996154785,13.940811157226562,9.58430791797582e-06,-5.12,-0.315632971,0.18000000715255737,0.024944383651018143,0.15333333611488342,0.2199999988079071,-0.546141297,-0.542941257,0.0021648533729603514,0.4282493218779564,0.02407028211746365,0.04791499744169414,0.0003,984,216,152.17404496719382,13.966787338256836,6.292909383773804,20.25969672203064,1364,0.4322966997278854,0,0,TRUE,pair,417,5.642417599330656,4.9905935776840735,100,0,7.393285371702638,5.642417599330656,0.6232565935933962,7.37037759530358,cpu,cuda:0,0,670.38427734375,47
22,1,DDT600_num150.txt,fixed,3175,8,396.875,28.215410232543945,14.818496704101562,1.122341382142622e-05,-4.546666667,-0.303482295,0.21583335101604462,0.02980259247124195,0.1599999964237213,0.24666666984558105,-0.018271282,-0.01327309,0.0007019139884505421,0.5349142551422119,0.017245226001250558,0.01096297544427216,0.0003,941,259,169.86318165114926,14.843577146530151,3.8479366302490234,18.691513776779175,1371,0.4372690024320036,0,0,TRUE,pair,425,6.352896200376563,5.050708658563809,56,0,7.470588235294118,6.352896200376563,0.6519333004252985,7.497735399287194,cpu,cuda:0,0,670.3847656,48
23,1,DDT600_num150.txt,fixed,3078,8,384.75,17.633419036865234,14.120502471923828,9.778068488230929e-06,-5.053333333,-0.333568963,0.18416666984558105,0.030356675386428833,0.14666666090488434,0.23999999463558197,-0.319550989,-0.314051506,0.0008081240327252696,0.5903555154800415,0.07234852578646193,0.03894562196607391,0.0003,979,221,179.02273998427106,14.149240016937256,3.0441064834594727,17.19334650039673,1345,0.4246205997187644,0,0,TRUE,pair,420,5.862941598868929,5.233918128112759,50,0,7.328571428571428,5.862941598868929,0.6443630986614153,7.307830402394757,cpu,cuda:0,0,298.49853515625,48
24,1,DDT600_num150.txt,fixed,3225,8,403.125,29.079362869262695,14.230803489685059,1.3889800356992055e-05,-4.68,-0.329473346,0.20749999582767487,0.0386490598320961,0.12666666507720947,0.23999999463558197,-0.50952943,-0.505645409,0.0019207115765311755,0.4844372868537903,0.02268200826802058,0.024819477694109082,0.0003,951,249,161.24930222634424,14.256473779678345,5.743612766265869,20.000086545944214,1382,0.420466500101611,0,0,TRUE,pair,443,5.740614599664696,4.826356587742651,45,0,7.279909706546276,5.740614599664696,0.5922856034012511,7.597465798840858,cpu,cuda:0,0,670.3867188,47
25,1,DDT600_num150.txt,fixed,3190,8,398.75,21.463632583618164,15.689958572387695,1.1543005712155718e-05,-4.893333333,-0.336863411,0.1941666603088379,0.035502348095178604,0.14666666090488434,0.25999999046325684,0.3292640596628189,0.33552947342395784,0.0008940169936977327,0.6712425351142883,0.014264918662956916,0.041258715093135834,0.0003,967,233,121.57939458561177,15.715728521347046,10.522270202636719,26.237998723983765,1380,0.45101640513166785,0,0,TRUE,pair,433,6.877810800215229,5.184326017911905,48,0,7.3672055427251735,6.877810800215229,0.7654987958958372,7.701049698051065,cpu,cuda:0,0,670.3847656,48
26,1,DDT600_num150.txt,fixed,3164,8,395.5,36.68105697631836,16.72212791442871,1.582926961418707e-05,-5.16,-0.392086207,0.17749999463558197,0.039148930460214615,0.1133333370089531,0.24666666984558105,-0.363094573,-0.357942263,0.0018494724451253812,0.6077041625976562,0.025965728894031297,0.01808751995364825,0.0003,987,213,161.86875335908292,16.74887251853943,2.79782772064209,19.54670023918152,1393,0.46581999922636896,0,0,TRUE,pair,443,7.761559201520868,5.0214917842868605,55,0,7.142212189616253,7.761559201520868,0.8033380979904905,7.8015375948743895,cpu,cuda:0,0,348.14794921875,47
27,1,DDT600_num150.txt,fixed,3225,8,403.125,17.438732147216797,15.734992027282715,1.105501451093005e-05,-4.893333333,-0.384657117,0.1941666603088379,0.03044804371893406,0.14666666090488434,0.23333333432674408,0.33359410365422565,0.33946438630421955,0.001169131932935367,0.6454839110374451,0.017092418056563474,0.016276041666666668,0.0003,967,233,139.25822742936373,15.760396957397461,7.398019313812256,23.158416271209717,1401,0.4604472009232268,0,0,TRUE,pair,431,6.837442000745796,4.9048062006632485,45,0,7.482598607888631,6.837442000745796,0.7770237994845957,7.777054397272877,cpu,cuda:0,0,670.3867188,48
28,1,DDT600_num150.txt,fixed,3085,8,385.625,11.488445281982422,14.892694473266602,2.62195408140542e-05,-5.186666667,-0.412892962,0.1758333444595337,0.014883809722959995,0.14000000059604645,0.18666666746139526,0.3644396662712097,0.37104952335357666,0.0009619678603485227,0.7090842127799988,0.013229720071346188,0.022135416666666668,0.0003,989,211,137.26911078442305,14.919129848480225,7.554972171783447,22.474102020263672,1376,0.45129539887420833,0,0,TRUE,pair,406,6.479154800996184,5.414262560700675,54,0,7.598522167487685,6.479154800996184,0.6812874095048755,7.413341196021065,cpu,cuda:0,0,670.38427734375,48
29,1,DDT600_num150.txt,fixed,3060,8,382.5,12.942178726196289,13.759186744689941,6.397441666194936e-06,-5.226666667,-0.454799701,0.1733333170413971,0.015634719282388687,0.14666666090488434,0.19333332777023315,-0.204306971,-0.201286927,0.005852446585777216,0.5946268700063229,0.022901126253600523,0.03981028497219086,0.0003,992,208,115.18683445515396,13.78469967842102,12.780836343765259,26.56553602218628,1343,0.517002000240609,0,0,TRUE,pair,406,5.604015000863001,5.188888889434291,56,0,7.536945812807882,5.604015000863001,0.6014724974520504,7.257495900033973,cpu,cuda:0,0,670.38232421875,48
30,1,DDT600_num150.txt,fixed,3109,8,388.625,36.32470703,16.537813186645508,1.4463186744251288e-05,-5.16,-0.491157477,0.17750000953674316,0.04618050530552864,0.11999999731779099,0.25333333015441895,-0.186924035,-0.181958621,0.0024070986546576023,0.6168964952230453,0.029184104103478603,0.03680028719827533,0.0003,987,213,150.1665401622211,16.56384038925171,4.1398396492004395,20.70368003845215,1375,0.4991216959897429,0,0,TRUE,pair,443,7.245436199940741,4.982631069703591,70,0,7.018058690744921,7.245436199940741,0.8187351010274142,8.104724596603774,cpu,cuda:0,0,670.38427734375,48
31,1,DDT600_num150.txt,fixed,3215,8,401.875,32.208065032958984,17.148771286010742,1.2006453289359342e-05,-5.053333333,-0.473468488,0.18416666984558105,0.04654000326991081,0.12666666507720947,0.25999999046325684,-0.909805804,-0.913584799,0.012701708823442459,0.2571854963898659,0.028360087395412847,0.04838423430919647,0.0003,979,221,160.29711893573085,17.178444862365723,2.8780603408813477,20.05650520324707,1382,0.5022627017460763,0,0,TRUE,pair,444,7.4003994995728135,5.061275271346002,64,0,7.240990990990991,7.4003994995728135,0.8521711019566283,8.504254304571077,cpu,cuda:0,0,670.3867188,48
32,1,DDT600_num150.txt,fixed,3024,8,378,18.069311141967773,14.02684211730957,1.0544464203121606e-05,-5.56,-0.495312756,0.1524999886751175,0.033901408314704895,0.1133333370089531,0.20666666328907013,-0.643761565,-0.64206813,0.007563537743408233,0.5475213527679443,0.02326174549913655,0.027886593093474705,0.0003,1017,183,161.7103244254361,14.05249571800232,4.647608995437622,18.70010471343994,1344,0.4420092978980392,0,0,TRUE,pair,413,5.768935198779218,5.0925925936963825,70,0,7.322033898305085,5.768935198779218,0.6559538965811953,7.28818630008027,cpu,cuda:0,0,670.38232421875,48
33,1,DDT600_num150.txt,fixed,3068,8,383.5,12.359207153320312,13.869546890258789,6.692728220514255e-06,-5.493333333,-0.482207833,0.15666666626930237,0.028480013832449913,0.11999999731779099,0.20000000298023224,-0.673118764,-0.672122514,0.007101836544461548,0.45471922159194944,0.02017231973586604,0.03523067831993103,0.0003,1012,188,163.1064872365657,13.896616458892822,4.9131810665130615,18.809797525405884,1358,0.4292971979593858,0,0,TRUE,pair,406,5.675076299230568,4.741851369203148,45,0,7.556650246305419,5.675076299230568,0.6254357997095212,7.269323398824781,cpu,cuda:0,0,670.38232421875,48
34,1,DDT600_num150.txt,fixed,3170,8,396.25,25.68924903869629,15.739572525024414,0.00010557394125498831,-5.066666667,-0.444701488,0.18333333730697632,0.0334995836019516,0.13333334028720856,0.23999999463558197,-0.031823377,-0.026886602,0.0021456058214729032,0.600956380367279,0.034753200622314274,0.024088541666666668,0.0003,980,220,150.59600274200056,15.766724586486816,5.282970905303955,21.04969549179077,1382,0.4557796015869826,0,0,TRUE,pair,437,7.0017807993572205,4.909148264833806,50,0,7.254004576659039,7.0017807993572205,0.7080991980619729,7.694848001701757,cpu,cuda:0,0,670.3847656,48
35,1,DDT600_num150.txt,fixed,3048,8,381,18.920886993408203,14.45346736907959,9.899396900436841e-06,-5.533333333,-0.476870852,0.15416665375232697,0.02196904644370079,0.11999999731779099,0.18666666746139526,-0.223087062,-0.220440765,0.005584305947801719,0.5438446501890818,0.02230817355060329,0.04267601544658343,0.0003,1015,185,126.43041358963919,14.480115175247192,9.628008127212524,24.108123302459717,1376,0.4564135029213503,0,0,TRUE,pair,411,6.112874799990095,5.0488845124801625,45,0,7.416058394160584,6.112874799990095,0.6952737998217344,7.3280197015265,cpu,cuda:0,0,670.38232421875,48
36,1,DDT600_num150.txt,fixed,3005,8,375.625,33.71178436279297,15.896224975585938,1.5262514352798462e-05,-5.44,-0.516166626,0.1599999964237213,0.036055512726306915,0.1133333370089531,0.23333333432674408,-0.650688658,-0.649037374,0.00832164209956924,0.5812149345874786,0.018069356459212333,0.02498553196589152,0.0003,1008,192,154.14451103188486,15.922769784927368,3.5719237327575684,19.494693517684937,1348,0.4600317004369572,0,0,TRUE,pair,430,7.369797600666061,5.130116474687954,50,0,6.988372093023256,7.369797600666061,0.7726146971108392,7.41849279939197,cpu,cuda:0,0,670.3818359,48
37,1,DDT600_num150.txt,fixed,3086,8,385.75,26.427968978881836,15.23991584777832,1.2633935511985328e-05,-5.373333333,-0.520009726,0.164166659116745,0.04677814245223999,0.07999999821186066,0.23333333432674408,-0.055765569,-0.050700206,0.0026456216583028436,0.6388184130191803,0.02729579317383468,0.03166513494215906,0.0003,1003,197,136.21577739410662,15.265605688095093,7.3896260261535645,22.655231714248657,1368,0.45563430071342736,0,0,TRUE,pair,436,6.512411599629559,4.9922229410067676,50,0,7.077981651376147,6.512411599629559,0.7135546007193625,7.680247899610549,cpu,cuda:0,0,670.38427734375,49
38,1,DDT600_num150.txt,fixed,3089,8,386.125,25.226163864135742,14.110322952270508,1.0742073754954617e-05,-5.373333333,-0.522685222,0.1641666740179062,0.026861269026994705,0.1066666692495346,0.20000000298023224,-0.098185208,-0.092944428,0.002417962811887264,0.6449754953384399,0.020604926673695446,0.08100616261363029,0.0003,1003,197,137.55237445656738,14.136615753173828,8.320284843444824,22.456900596618652,1405,0.4444646997144446,0,0,TRUE,pair,435,5.858292801072821,5.090967950561588,45,0,7.101149425287356,5.858292801072821,0.6394656024640426,7.3012738024117425,cpu,cuda:0,0,670.38427734375,49
39,1,DDT600_num150.txt,fixed,3088,8,386,17.04405975341797,14.733548164367676,8.958956641436089e-06,-5.44,-0.554911083,0.1599999964237213,0.020000001415610313,0.12666666507720947,0.19333332777023315,-0.554136048,-0.556870262,0.014205238781869411,0.4368412097295125,0.01222566194095028,0.022135416666666668,0.0003,1008,192,153.94074370242396,14.764708280563354,5.2949583530426025,20.059666633605957,1380,0.4771159962983802,0,0,TRUE,pair,421,6.206235399702564,4.601683938132666,44,0,7.334916864608076,6.206235399702564,0.6142027962487191,7.607072496437468,cpu,cuda:0,0,670.38427734375,49
40,1,DDT600_num150.txt,fixed,3124,8,390.5,25.811819076538086,16.785465240478516,1.2988890375709161e-05,-5.453333333,-0.531611572,0.15916666388511658,0.01984313875436783,0.14000000059604645,0.20000000298023224,-0.605790675,-0.602567757,0.004819408641196787,0.5632628997166952,0.01954481948632747,0.017946105139950912,0.0003,1009,191,145.98034332026137,16.813044548034668,4.587096929550171,21.40014147758484,1391,0.5283370033139363,0,0,TRUE,pair,434,7.602412798209116,4.94590268817357,63,0,7.1981566820276495,7.602412798209116,0.7188910000259057,8.114607896772213,cpu,cuda:0,0,670.38427734375,49
41,1,DDT600_num150.txt,fixed,3133,8,391.625,26.98581886291504,14.665098190307617,1.3566834240918979e-05,-5.306666667,-0.491289077,0.16833332180976868,0.03662876784801483,0.1133333370089531,0.2199999988079071,-0.007621564,-0.001846092,0.002587120106909424,0.7069035669167837,0.017517069519575063,0.04085557380070289,0.0003,998,202,113.95096423472762,14.69159460067749,12.802687883377075,27.494282484054565,1380,0.5024250989081338,0,0,TRUE,pair,423,5.979493400780484,4.870092559081466,50,0,7.40661938534279,5.979493400780484,0.6341164006153122,7.727646400569938,cpu,cuda:0,0,670.38427734375,48
42,1,DDT600_num150.txt,fixed,3144,8,393,21.59861183166504,15.137774467468262,1.0930913049378432e-05,-5.226666667,-0.494120424,0.1733333319425583,0.034801021218299866,0.1133333370089531,0.2199999988079071,0.06967223683993022,0.0752352053920428,0.0032862192019820213,0.7206075092156728,0.01541507620519648,0.035801092783610024,0.0003,992,208,122.64818775700805,15.167094469070435,10.467201948165894,25.634296417236328,1417,0.5082758984062821,0,0,TRUE,pair,428,6.2844233005307615,4.670483460711462,70,0,7.345794392523365,6.2844233005307615,0.6449356967350468,7.8562163029564545,cpu,cuda:0,0,670.3847656,48
43,1,DDT600_num150.txt,fixed,3094,8,386.75,16.953981399536133,15.73393726348877,9.64343507803278e-06,-5.493333333,-0.535587571,0.15666666626930237,0.02134375087916851,0.12666666507720947,0.18000000715255737,-0.339792378,-0.336170295,0.005346913162308435,0.6295540630817413,0.013250703651768466,0.027113658065597217,0.0003,1012,188,134.2229476848951,15.76036548614502,7.290834426879883,23.051199913024902,1387,0.48626879800576717,0,0,TRUE,pair,427,6.841056801378727,5.009696185165016,50,0,7.245901639344262,6.841056801378727,0.7472522009629756,7.803282504668459,cpu,cuda:0,0,670.38427734375,48
44,1,DDT600_num150.txt,fixed,3065,8,383.125,28.228696823120117,15.537351608276367,1.5307141438825056e-05,-5.36,-0.487261322,0.16499999165534973,0.033291641622781754,0.10000000149011612,0.20000000298023224,0.25756676495075226,0.26424359902739525,0.0015942416503094137,0.7473949939012527,0.020241963859007228,0.04501874931156635,0.0003,1002,198,119.05324587843317,15.562427282333374,10.182355880737305,25.74478316307068,1366,0.47229359683115035,0,0,TRUE,pair,410,6.812578298849985,5.0156606828991395,45,0,7.475609756097561,6.812578298849985,0.7658971985802054,7.612079698359594,cpu,cuda:0,0,670.38232421875,48
45,1,DDT600_num150.txt,fixed,3026,8,378.25,32.402740478515625,16.048402786254883,1.5986493963282555e-05,-5.466666667,-0.525732464,0.15833333134651184,0.027436794713139534,0.11999999731779099,0.19333332777023315,-0.451361751,-0.447612951,0.0053203978459350765,0.640901193022728,0.014959928746975493,0.030061856377869844,0.0003,1010,190,142.006141458614,16.074163675308228,5.234773874282837,21.308937549591064,1375,0.5186333989258856,0,0,TRUE,pair,439,6.728084901231341,5.092861864634562,45,0,6.8929384965831435,6.728084901231341,0.80793900298886,8.13931709958706,cpu,cuda:0,0,670.38232421875,48
46,1,DDT600_num150.txt,fixed,3099,8,387.375,17.874126434326172,14.690519332885742,8.760058335610665e-06,-5.253333333,-0.495909768,0.17166665196418762,0.027233559638261795,0.14666666090488434,0.2199999988079071,-0.000843219,0.004682062193751335,0.0032027779961936176,0.7126677557826042,0.01791318338291603,0.04818010376766324,0.0003,994,206,111.5492769881853,14.715311050415039,13.06613302230835,27.78144407272339,1368,0.45700290286913514,0,0,TRUE,pair,418,6.125939898309298,4.84027105517909,45,0,7.413875598086125,6.125939898309298,0.6835724998963997,7.558107404271141,cpu,cuda:0,0,670.38427734375,49
47,1,DDT600_num150.txt,fixed,3183,8,397.875,29.531497955322266,15.822986602783203,1.551736750116106e-05,-5.333333333,-0.549052484,0.1666666567325592,0.04546060785651207,0.07999999821186066,0.23333333432674408,0.010915751968111311,0.016249252217156545,0.003764362440311483,0.7215673497744969,0.009247240115655586,0.05281679651566914,0.0003,1000,200,111.71645229647265,15.85075330734253,12.641021490097046,28.491774797439575,1393,0.4810204990208149,0,0,TRUE,pair,434,6.695150900515728,4.812755261132675,55,0,7.3341013824884795,6.695150900515728,0.8218515040352941,7.946107197087258,cpu,cuda:0,0,670.3847656,49
48,1,DDT600_num150.txt,fixed,3217,8,402.125,32.50168228149414,14.893651962280273,1.4340833331516478e-05,-5.093333333,-0.538490326,0.18166667222976685,0.02976761944591999,0.14000000059604645,0.2199999988079071,-0.614131287,-0.610417008,0.0059986746637150645,0.6713606417179108,0.022955575201194733,0.021562188863754272,0.0003,982,218,170.07908586327437,14.926916599273682,3.9878134727478027,18.914730072021484,1414,0.47198359959293157,0,0,TRUE,pair,452,6.012756200390868,4.788622941220811,40,0,7.117256637168142,6.012756200390868,0.6401466998504475,7.9204399028094485,cpu,cuda:0,0,670.3867188,49
49,1,DDT600_num150.txt,fixed,3071,8,383.875,26.17936897277832,14.675793647766113,1.9910448827431537e-05,-5.48,-0.53943574,0.1574999988079071,0.03447019308805466,0.1133333370089531,0.2199999988079071,0.020250628888607024,0.02663445696234703,0.0020119095453992484,0.73897784948349,0.014762903971131891,0.03282092856243253,0.0003,1011,189,135.53209147863112,14.70510458946228,7.953735589981079,22.65884017944336,1347,0.5374861975433305,0,0,TRUE,pair,440,6.0176051979651675,4.8769130553068845,40,0,6.9795454545454545,6.0176051979651675,0.6901185002643615,7.640201800735667,cpu,cuda:0,0,670.38232421875,48
50,1,DDT600_num150.txt,fixed,3112,8,389,21.80596160888672,15.726036071777344,1.0619667591527104e-05,-5.493333333,-0.515025716,0.15666666626930237,0.033665016293525696,0.1133333370089531,0.2266666740179062,-0.051503837,-0.046785335,0.003495596038798491,0.6466302374998728,0.01911948876901685,0.039388020833333336,0.0003,1012,188,105.92459887288965,15.75144624710083,13.62794280052185,29.37938904762268,1384,0.5053324003238231,0,0,TRUE,pair,425,6.4977911988971755,4.737789202701769,45,0,7.3223529411764705,6.4977911988971755,0.8202817989513278,8.045276804,cpu,cuda:0,0,670.38427734375,49
51,1,DDT600_num150.txt,fixed,3178,8,397.25,27.169605255126953,14.504154205322266,1.2975754543731455e-05,-5.28,-0.52831482,0.17000000178813934,0.03527668118476868,0.10000000149011612,0.2199999988079071,0.10729738473892211,0.11417266726493835,0.0014587326906621457,0.7604653239250183,0.019836997496895492,0.041203520633280276,0.0003,996,204,133.81137258795417,14.53062129020691,9.219228506088257,23.749849796295166,1425,0.47335200081579387,0,0,TRUE,pair,434,5.7761012993287295,4.659219632214762,50,0,7.32258064516129,5.7761012993287295,0.6336239007068798,7.780099299969152,cpu,cuda:0,0,670.3847656,48
52,1,DDT600_num150.txt,fixed,3269,8,408.625,28.18216323852539,18.888856887817383,3.421950532356277e-05,-5.213333333,-0.542079944,0.17416664958000183,0.0332394503057003,0.11999999731779099,0.2133333384990692,-0.436479844,-0.432150058,0.00527297516237013,0.6966283321380615,0.27381761676224414,0.06226633850019425,0.0003,991,209,138.86543068972475,18.922218561172485,4.618557453155518,23.540776014328003,1367,0.5646843010326847,0,0,TRUE,pair,445,8.346999700297602,4.614561025430464,50,0,7.346067415730337,8.346999700297602,0.9637948991730809,9.140702698146924,cpu,cuda:0,0,670.38720703125,49
53,1,DDT600_num150.txt,fixed,3130,8,391.25,22.835006713867188,14.892343521118164,1.1920928955078125e-05,-5.346666667,-0.521540351,0.16583333909511566,0.030990589410066605,0.1066666692495346,0.2199999988079071,0.23387666344642638,0.24066061824560164,0.001613607513718307,0.7590761661529541,0.012657594385382253,0.03791617900133133,0.0003,1001,199,121.20521426365465,14.919347763061523,10.904623746871948,25.82397150993347,1393,0.5698354960186407,0,0,TRUE,pair,421,5.900209000799805,4.689456869466617,40,0,7.434679334916865,5.900209000799805,0.6632346997503191,7.99686100310646,cpu,cuda:0,0,670.38427734375,48
54,1,DDT600_num150.txt,fixed,3219,8,402.375,25.386695861816406,14.936574935913086,1.5180356058408506e-05,-5.133333333,-0.546492332,0.17916667461395264,0.0386490635573864,0.11999999731779099,0.23333333432674408,-0.611137301,-0.608151048,0.007146156392991543,0.655928760766983,0.06903118574700784,0.0030991733074188232,0.0003,985,215,184.57461002692733,14.965598344802856,2.474503517150879,17.440101861953735,1382,0.46367509837727994,0,0,TRUE,pair,431,6.020731600001454,4.527493013140206,50,0,7.468677494199536,6.020731600001454,0.651101598283276,7.943678997689858,cpu,cuda:0,0,633.6318359,48
55,1,DDT600_num150.txt,fixed,3092,8,386.5,23.80651092529297,14.99370288848877,1.396734114678111e-05,-5.333333333,-0.561197286,0.1666666716337204,0.029999999329447746,0.12666666507720947,0.20666666328907013,0.001566695315497262,0.007480365889413016,0.0032613754072891815,0.7544357095445905,0.022655744587869515,0.07144175855708974,0.0003,1000,200,115.80328988158082,15.019924402236938,11.6805260181427,26.70045042037964,1377,0.47139069880358875,0,0,TRUE,pair,420,6.149652199354023,4.7606727046769155,60,0,7.3619047619047615,6.149652199354023,0.6480314979562536,7.874308900325559,cpu,cuda:0,0,670.38427734375,48
56,1,DDT600_num150.txt,fixed,3109,8,388.625,26.372037887573242,16.496347427368164,1.558316762384493e-05,-5.346666667,-0.587565524,0.16583333909511566,0.03581395000219345,0.1066666692495346,0.2266666740179062,-0.131025868,-0.125854662,0.004017630542096283,0.7180018935884748,0.00990851188959953,0.04200280111815248,0.0003,1001,199,108.48222166842694,16.522770643234253,12.136303186416626,28.65907382965088,1368,0.49349909857846797,0,0,TRUE,pair,432,7.1563482999335974,4.844644582398109,40,0,7.1967592592592595,7.1563482999335974,0.8621200014604256,8.106520900619216,cpu,cuda:0,0,670.38427734375,49
57,1,DDT600_num150.txt,fixed,3212,8,401.5,20.018741607666016,15.294283866882324,1.2411513125698548e-05,-5.093333333,-0.586085104,0.18166667222976685,0.031224990263581276,0.11999999731779099,0.2133333384990692,0.008108556270599365,0.01331670880317688,0.0036143497098237278,0.7015329003334045,0.02935527935042046,0.04259817763231695,0.0003,982,218,112.25704571026967,15.32082462310791,13.292078733444214,28.612903356552124,1409,0.47524049936328083,0,0,TRUE,pair,428,6.2023853017017245,4.590286424640998,50,0,7.5046728971962615,6.2023853017017245,0.7360873977886513,8.015029599890113,cpu,cuda:0,0,670.3867188,49
58,1,DDT600_num150.txt,fixed,3115,8,389.375,25.533985137939453,14.393510818481445,1.2892252016172279e-05,-5.586666667,-0.622692875,0.15083332359790802,0.025372229516506195,0.12666666507720947,0.19333332777023315,-0.107958896,-0.103926539,0.0064164911600528285,0.724060095846653,0.01406339162713266,0.04767207242548466,0.0003,1019,181,101.76317777636228,14.420329570770264,16.189956665039062,30.610286235809326,1386,0.4677035015774891,0,0,TRUE,pair,425,5.738806300796568,4.69470304700383,65,0,7.329411764705882,5.738806300796568,0.6323958993889391,7.708569499314763,cpu,cuda:0,0,670.38427734375,48
59,1,DDT600_num150.txt,fixed,3062,8,382.75,22.3369083404541,15.0923490524292,3.640863360487856e-05,-5.413333333,-0.600232714,0.1616666615009308,0.025980761274695396,0.1133333370089531,0.20000000298023224,-0.051671316,-0.046742157,0.00517589198092797,0.7517115899494716,0.03528687357486758,0.06845273390146238,0.0003,1006,194,109.71624712746772,15.135766744613647,12.77258849143982,27.908355236053467,1358,0.5712980016833171,0,0,TRUE,pair,419,6.35708610038273,4.967668191503653,45,0,7.307875894988067,6.35708610038273,0.6938227001810446,7.716966796549968,cpu,cuda:0,0,670.38232421875,48
60,1,DDT600_num150.txt,fixed,3162,8,395.25,14.694811820983887,17.192201614379883,1.5699461073381826e-05,-5.253333333,-0.644567648,0.17166666686534882,0.026404969394207,0.14666666090488434,0.2266666740179062,-0.338667852,-0.333545359,0.0051995372244467335,0.7722265422344208,0.020289777700478833,0.06909025212128957,0.0003,994,206,120.38566622959837,17.219083547592163,9.046501874923706,26.26558542251587,1362,0.4916604011086747,0,0,TRUE,pair,427,7.918416600325145,4.588867805412795,45,0,7.405152224824356,7.918416600325145,0.8805096021387726,8.010036500287242,cpu,cuda:0,0,670.3847656,50
61,1,DDT600_num150.txt,fixed,3104,8,388,22.68810272216797,13.790637016296387,2.056489756796509e-05,-5.546666667,-0.636995719,0.15333332121372223,0.04384315386414528,0.1066666692495346,0.23999999463558197,0.1050611212849617,0.11036256949106853,0.0039029261097311974,0.7252909441788992,0.025885643515114982,0.09014338999986649,0.0003,1016,184,110.53513819817562,13.844206094741821,14.237361907958984,28.081568002700806,1397,0.5309624971123412,0,0,TRUE,pair,436,5.49938339937944,4.776417525773196,40,0,7.1192660550458715,5.49938339937944,0.5806891021784395,7.420563703053631,cpu,cuda:0,0,670.38427734375,50
62,1,DDT600_num150.txt,fixed,3082,8,385.25,21.63186264038086,14.034794807434082,1.0337583262298722e-05,-5.533333333,-0.651658576,0.15416666865348816,0.017775606364011765,0.12666666507720947,0.1733333319425583,0.09031649678945541,0.09654257446527481,0.003016734670381993,0.773444414138794,0.010947616970952367,0.017578125,0.0003,1015,185,129.46452459714763,14.061518907546997,9.744230270385742,23.80574917793274,1381,0.46848600066732615,0,0,TRUE,pair,416,5.580452200141735,4.907203115401989,48,0,7.408653846153846,5.580452200141735,0.6268536990974098,7.525818096473813,cpu,cuda:0,0,670.38427734375,49
63,1,DDT600_num150.txt,fixed,3147,8,393.375,28.4030704498291,14.701997756958008,1.7116395611083135e-05,-5.4,-0.636688542,0.16249999403953552,0.024706609547138214,0.1133333370089531,0.19333332777023315,0.08514502892891566,0.08989204714695613,0.004472172663857539,0.6983104844888052,0.017148461173443746,0.04476392020781835,0.0003,1005,195,116.03465572685901,14.728655815124512,12.392551898956299,27.12120771408081,1389,0.5687844975618646,0,0,TRUE,pair,444,5.97387859900482,4.557991738087569,36,0,7.087837837837838,5.97387859900482,0.6608804003335536,7.745425303117372,cpu,cuda:0,0,670.3847656,49
64,1,DDT600_num150.txt,fixed,3033,8,379.125,14.86133861541748,14.3346586227417,9.28302870306652e-06,-5.64,-0.677393624,0.14749999344348907,0.013919411227107048,0.13333334028720856,0.18000000715255737,-0.137647349,-0.1339048,0.006789383682189509,0.7137248739600182,0.017013434902764857,0.05324121593730524,0.0003,1023,177,100.89572862178383,14.360543489456177,15.700193881988525,30.060737371444702,1357,0.45260239799972624,0,0,TRUE,pair,406,5.863465099944733,4.660402241690183,35,0,7.470443349753695,5.863465099944733,0.6663700023200363,7.49936329992488,cpu,cuda:0,0,670.38232421875,49
65,1,DDT600_num150.txt,fixed,3134,8,391.75,23.583627700805664,14.565191268920898,1.3080470125714783e-05,-5.293333333,-0.665459325,0.1691666692495346,0.035424016416072845,0.1133333370089531,0.2199999988079071,-0.465067588,-0.461216643,0.00553999503608793,0.6620936095714569,0.016318844853230985,0.06581280380487442,0.0003,997,203,153.22946533560625,14.598458290100098,5.854526996612549,20.452985286712646,1360,0.4623070979723707,0,0,TRUE,pair,423,5.935744500369765,4.569878748441549,40,0,7.408983451536643,5.935744500369765,0.6662481998791918,7.644558802363463,cpu,cuda:0,0,670.38427734375,49
66,1,DDT600_num150.txt,fixed,3098,8,387.25,32.63338088989258,15.1880464553833,1.5127841834328137e-05,-5.573333333,-0.60059564,0.15166667103767395,0.03855011239647865,0.1133333370089531,0.23333333432674408,-0.587474763,-0.582788229,0.004521239548921585,0.6947184205055237,0.040828801691532135,0.01923076994717121,0.0003,1018,182,192.1201677628723,15.219114303588867,0.9062099456787109,16.125324249267578,1359,0.5711597022600472,0,0,TRUE,pair,431,6.241242901072837,4.59845061214452,45,0,7.187935034802784,6.241242901072837,0.7037915986729786,7.906041998881847,cpu,cuda:0,0,226.44580078125,49
67,1,DDT600_num150.txt,fixed,3075,8,384.375,37.695945739746094,14.183671951293945,1.7003107132040896e-05,-5.48,-0.560314306,0.1574999988079071,0.03247862309217453,0.1066666692495346,0.20000000298023224,-0.194275685,-0.189954067,0.005732519319280982,0.7187878290812174,0.011297853236707548,0.028101244165251654,0.0003,1011,189,124.76685137567478,14.209718942642212,10.436250448226929,24.64596939086914,1404,0.46376050484832376,0,0,TRUE,pair,439,5.685744600137696,4.872195120322995,48,0,7.004555808656036,5.685744600137696,0.6632849954767153,7.509974004002288,cpu,cuda:0,0,670.38427734375,50
68,1,DDT600_num150.txt,fixed,3216,8,402,10.356157302856445,15.495441436767578,5.878843239770504e-06,-5.186666667,-0.545469691,0.1758333444595337,0.01525250542908907,0.1599999964237213,0.20000000298023224,-0.053746132,-0.049300836,0.004544648341834545,0.6717620193958282,0.029915687438915484,0.013624338898807764,0.0003,989,211,168.9029907323547,15.520735502243042,3.519779920578003,19.040515422821045,1396,0.4809449006570503,0,0,TRUE,pair,418,6.334684699191712,4.654228854609366,56,0,7.69377990430622,6.334684699191712,0.7249298993265256,8.092269497108646,cpu,cuda:0,0,660.9853516,48
69,1,DDT600_num150.txt,fixed,2972,8,371.5,36.107479095458984,15.26855754852295,1.8541548342909664e-05,-5.733333333,-0.628600847,0.14166668057441711,0.05161287263035774,0.10000000149011612,0.23999999463558197,-0.09695552,-0.092125684,0.0050148741045797415,0.7337277965112166,0.010083289140972986,0.057547550055791034,0.0003,1030,170,80.72712022198685,15.301262378692627,21.514122486114502,36.81538486480713,1361,0.48137759976089,0,0,TRUE,pair,433,6.5465478003025055,4.843876175331716,40,0,6.8637413394919164,6.5465478003025055,0.8002207005629316,7.573617901420221,cpu,cuda:0,0,670.3818359,49
70,1,DDT600_num150.txt,fixed,3099,8,387.375,23.446414947509766,14.39205551147461,3.6634315620176494e-05,-5.373333333,-0.626238682,0.164166659116745,0.035108957439661026,0.12666666507720947,0.24666666984558105,-0.18838077,-0.18379596,0.0052379783398161335,0.7203799684842428,0.014772521978658106,0.05264771533095174,0.0003,1003,197,102.08072831814287,14.420583248138428,15.937742471694946,30.358325719833374,1362,0.5436966022243723,0,0,TRUE,pair,445,5.723672700696625,4.888996450237091,60,0,6.964044943820225,5.723672700696625,0.634670200641267,7.717525400337763,cpu,cuda:0,0,670.38427734375,48
71,1,DDT600_num150.txt,fixed,3125,8,390.625,26.631454467773438,15.870806694030762,1.2539094313979149e-05,-5.44,-0.633667552,0.1599999964237213,0.025166116654872894,0.12666666507720947,0.2133333384990692,0.008779305964708328,0.01370460664232572,0.004009410661334793,0.6930005451043447,0.01986298028593107,0.04330918751657009,0.0003,1008,192,103.18342905240632,15.89815068244934,14.387720108032227,30.285870790481567,1392,0.49893530178815126,0,0,TRUE,pair,423,6.758007001364604,4.65023999923706,45,0,7.387706855791962,6.758007001364604,0.797709406237118,7.94974129635375,cpu,cuda:0,0,670.38427734375,49
72,1,DDT600_num150.txt,fixed,3040,8,380,18.587631225585938,15.254098892211914,1.100864028558135e-05,-5.666666667,-0.643662636,0.1458333432674408,0.024593926966190338,0.1066666692495346,0.18000000715255737,-0.221589595,-0.217237145,0.005430241767317057,0.7067570924758911,0.01708412691950798,0.07273436486721038,0.0003,1025,175,137.78549484031817,15.280137538909912,6.783142805099487,22.0632803440094,1357,0.6010480988770723,0,0,TRUE,pair,403,6.400099599384703,4.738815788846267,60,0,7.543424317617866,6.400099599384703,0.7434331993572414,7.769372395123355,cpu,cuda:0,0,670.38232421875,49
73,1,DDT600_num150.txt,fixed,3105,8,388.125,23.99186134338379,15.822005271911621,1.144905763794668e-05,-5.653333333,-0.599407061,0.14666666090488434,0.02728450857102871,0.12666666507720947,0.20000000298023224,-0.389631297,-0.3854862,0.005885159247554839,0.7087668478488922,0.05946293188026175,0.07254661479964852,0.0003,1024,176,154.07103245156028,15.846508741378784,4.306533336639404,20.15304207801819,1393,0.48608490091282874,0,0,TRUE,pair,426,6.789719699765556,4.534621579098049,40,0,7.288732394366197,6.789719699765556,0.7632015984272584,7.926272704266012,cpu,cuda:0,0,670.38427734375,48
74,1,DDT600_num150.txt,fixed,3032,8,379,24.617067337036133,14.278947830200195,1.4396218830370344e-05,-5.546666667,-0.608746624,0.15333333611488342,0.024037007242441177,0.1133333370089531,0.19333332777023315,-0.17731681,-0.172915143,0.005563749512657523,0.7183545410633088,0.01732710169162601,0.05815766537562013,0.0003,1016,184,100.39759971264016,14.30921459197998,15.890710592269897,30.199925184249878,1367,0.4588493024930358,0,0,TRUE,pair,415,5.8748228994663805,4.727572561411241,45,0,7.306024096385542,5.8748228994663805,0.6534330986905843,7.439825093140826,cpu,cuda:0,0,670.38232421875,49
75,1,DDT600_num150.txt,fixed,3088,8,386,19.98749542236328,14.186150550842285,8.463020094495732e-06,-5.32,-0.614266384,0.16750001907348633,0.0351879857480526,0.1133333370089531,0.2199999988079071,-0.286235934,-0.280816972,0.0053766605909913775,0.8107288837432861,0.013343528343830258,0.04450161978602409,0.0003,999,201,135.51515713593014,14.211259365081787,8.575859546661377,22.787118911743164,1364,0.4696309950668365,0,0,TRUE,pair,414,5.580676399171352,4.996113991567508,40,0,7.458937198067633,5.580676399171352,0.6761271985014901,7.6104889997513965,cpu,cuda:0,0,670.38427734375,49
76,1,DDT600_num150.txt,fixed,3145,8,393.125,21.888566970825195,14.867505073547363,1.6764064639573917e-05,-5.333333333,-0.594046411,0.1666666716337204,0.026457512751221657,0.13333334028720856,0.2133333384990692,-0.095307044,-0.091352811,0.007190053025260568,0.7549259245395661,0.023480980412568898,0.06867960551753641,0.0003,1000,200,106.12143116724181,14.894312143325806,14.741549015045166,29.63586115837097,1415,0.4884344006422907,0,0,TRUE,pair,433,6.124949301360175,4.56979332205222,35,0,7.263279445727482,6.124949301360175,0.6646813990082592,7.753977305372246,cpu,cuda:0,0,670.3847656,48
77,1,DDT600_num150.txt,fixed,3274,8,409.25,21.69533348083496,15.631247520446777,1.2936267921759281e-05,-5.186666667,-0.664897875,0.1758333444595337,0.02132747322320938,0.12666666507720947,0.20666666328907013,-0.263351004,-0.259904856,0.007183868877796663,0.7038082546657987,0.015828246664669778,0.08960025426414278,0.0003,989,211,107.93672079027296,15.65732479095459,14.675262451171875,30.332587242126465,1423,0.4896014977712184,0,0,TRUE,pair,446,6.49800559761934,4.442577887251382,36,0,7.3408071748878925,6.49800559761934,0.7091707017971203,8.086375804967247,cpu,cuda:0,0,670.38720703125,49
78,1,DDT600_num150.txt,fixed,3237,8,404.625,11.444840431213379,15.583966255187988,6.443126767408103e-05,-5.026666667,-0.665333176,0.18583333492279053,0.027776390314102173,0.12666666507720947,0.2266666740179062,-0.166214899,-0.162829147,0.0069657413599391775,0.6868618031342825,0.009458800709883993,0.038718615542165935,0.0003,977,223,133.11003277445428,15.629642009735107,8.688585042953491,24.3182270526886,1398,0.57362489704974,0,0,TRUE,pair,418,6.3710125997895375,4.562866851949824,35,0,7.744019138755981,6.3710125997895375,0.746057199081406,8.121111501706764,cpu,cuda:0,0,670.3867188,48
79,1,DDT600_num150.txt,fixed,3062,8,382.75,21.217622756958008,15.007226943969727,1.0425191248941701e-05,-5.493333333,-0.631710513,0.15666666626930237,0.023333335295319557,0.12666666507720947,0.20000000298023224,-0.149305173,-0.144025566,0.004373219821395146,0.746622297498915,0.018429473301188812,0.043179444037377834,0.0003,1012,188,95.2537368613874,15.044023752212524,17.101696729660034,32.14572048187256,1386,0.47459500026889145,0,0,TRUE,pair,418,6.364830599050038,4.809928151612808,35,0,7.3253588516746415,6.364830599050038,0.6895939001115039,7.624809001921676,cpu,cuda:0,0,670.38232421875,49
80,1,DDT600_num150.txt,fixed,3248,8,406,30.894983291625977,17.229515075683594,1.5539331798208877e-05,-5.053333333,-0.567190429,0.18416666984558105,0.03315577656030655,0.11999999731779099,0.23999999463558197,-0.197166691,-0.191261739,0.003209226648323238,0.7509555518627167,0.03622668912430527,0.04033624357543886,0.0003,979,221,146.83796659086076,17.25488829612732,4.864731550216675,22.119619846343994,1401,0.604924798826687,0,0,TRUE,pair,436,7.477958499221131,4.659482758694095,35,0,7.4495412844036695,7.477958499221131,0.8323537915712222,8.537975096725859,cpu,cuda:0,0,637.13330078125,49
81,1,DDT600_num150.txt,fixed,3096,8,387,19.55121421813965,14.463404655456543,1.1284027095825877e-05,-5.36,-0.5376928,0.16499999165534973,0.047346241772174835,0.07333333045244217,0.23333333432674408,0.024196716956794262,0.030394461005926132,0.0032156094239326194,0.7805545702576637,0.010286765660566743,0.025419921847060323,0.0003,1002,198,111.3041180954122,14.489710330963135,13.325972080230713,27.815682411193848,1346,0.4554799988400191,0,0,TRUE,pair,418,5.8406365984119475,4.8772609806029985,36,0,7.4066985645933014,5.8406365984119475,0.7063025014940649,7.5882163980277255,cpu,cuda:0,0,670.38427734375,49
82,1,DDT600_num150.txt,fixed,3294,8,411.75,19.587942123413086,16.35780143737793,7.417845154122915e-06,-5.16,-0.539235814,0.17749999463558197,0.02158638834953308,0.13333334028720856,0.20666666328907013,-0.048379926,-0.044097219,0.0025478394236415625,0.5556626915931702,0.04270792611168872,0.014285714365541935,0.0003,987,213,176.1661373770068,16.384333848953247,2.313924789428711,18.698258638381958,1425,0.5000264002010226,0,0,TRUE,pair,442,6.850684899138287,4.544930176910083,35,0,7.452488687782806,6.850684899138287,0.7723651970736682,8.381651099654846,cpu,cuda:0,0,670.38720703125,48
83,1,DDT600_num150.txt,fixed,3054,8,381.75,27.7252140045166,16.638107299804688,1.5003331100160722e-05,-5.453333333,-0.553290456,0.15916666388511658,0.03964250162243843,0.09333333373069763,0.2133333384990692,-0.145301767,-0.139500533,0.003560753510100767,0.7581604644656181,0.012585195430801832,0.03157276986166835,0.0003,1009,191,101.4157699306455,16.66612148284912,13.447538375854492,30.113659858703613,1378,0.5842292995657772,0,0,TRUE,pair,434,7.164939298760146,4.76948264598378,40,0,7.0368663594470044,7.164939298760146,0.8612869969801977,8.235619799466804,cpu,cuda:0,0,670.38232421875,50
84,1,DDT600_num150.txt,fixed,3005,8,375.625,13.018616676330566,16.98476791381836,6.910026968398597e-06,-5.6,-0.57275443,0.15000000596046448,0.017950549721717834,0.12666666507720947,0.18000000715255737,0.16259196773171425,0.16918471083045006,0.002192967978771776,0.7689226567745209,0.013380803262407426,0.03539062477648258,0.0003,1020,180,119.6685333288443,17.010891914367676,8.100136995315552,25.111028909683228,1351,0.5194675982929766,0,0,TRUE,pair,407,7.748647500760853,4.629950083274016,35,0,7.383292383292384,7.748647500760853,0.8682938003912568,7.996970898355357,cpu,cuda:0,0,670.3818359,49
85,1,DDT600_num150.txt,fixed,3000,8,375,13.865424156188965,13.217491149902344,8.56981296237791e-06,-5.613333333,-0.584067938,0.14916667342185974,0.019418634474277496,0.11999999731779099,0.1733333319425583,-0.071828886,-0.066132614,0.003461295374048253,0.7426919579505921,0.018077880403143353,0.050491619110107425,0.0003,1021,179,72.17377055484127,13.242305994033813,28.32404112815857,41.56634712219238,1340,0.4393819010583684,0,0,TRUE,pair,393,5.1277167005464435,4.720999998807907,42,0,7.633587786259542,5.1277167005464435,0.5968206020770594,7.203293203026988,cpu,cuda:0,0,670.3818359,49
86,1,DDT600_num150.txt,fixed,3190,8,398.75,26.075611114501953,17.055240631103516,1.2361031622276641e-05,-5.173333333,-0.495375124,0.17666667699813843,0.030912062153220177,0.13333334028720856,0.2133333384990692,-0.07182525,-0.0658424,0.002514059616563221,0.7239883343378702,0.04302187097750397,0.042983399911059275,0.0003,988,212,103.64581552543748,17.083027124404907,13.694867610931396,30.777894735336304,1401,0.6283578010043129,0,0,TRUE,pair,431,7.356966699939221,4.662382444318933,45,0,7.401392111368909,7.356966699939221,0.8135852981358767,8.49660240614321,cpu,cuda:0,0,670.3847656,52
87,1,DDT600_num150.txt,fixed,3151,8,393.875,28.720365524291992,14.833749771118164,1.2971373507753015e-05,-5.106666667,-0.480937041,0.1808333396911621,0.03718385100364685,0.1066666692495346,0.2199999988079071,-0.011826206,-0.004821827,0.001757080569708099,0.788292000691096,0.01824501887798154,0.05613754751781622,0.0003,983,217,115.40733782124495,14.860367059707642,12.442922830581665,27.303289890289307,1378,0.46416009904351085,0,0,TRUE,pair,434,6.147487898590043,4.74642969986175,35,0,7.26036866359447,6.147487898590043,0.6937852014089003,7.6625902991509065,cpu,cuda:0,0,670.3847656,50
88,1,DDT600_num150.txt,fixed,2963,8,370.375,30.983613967895508,14.80251407623291,1.7278356608585455e-05,-5.666666667,-0.543389185,0.1458333283662796,0.03438951447606087,0.09333333373069763,0.20666666328907013,-0.081856097,-0.075921186,0.003351426500427936,0.7610621792929513,0.024996823498180935,0.04353318203772817,0.0003,1025,175,105.8951969142876,14.834074974060059,13.146419763565063,27.980494737625122,1342,0.4751993000973016,0,0,TRUE,pair,434,6.354272501077503,4.818427271107504,55,0,6.8271889400921655,6.354272501077503,0.7029553001048043,7.425670901429839,cpu,cuda:0,0,670.3818359,50
89,1,DDT600_num150.txt,fixed,2983,8,372.875,26.32697105407715,13.817941665649414,1.0720886166382115e-05,-5.613333333,-0.558673743,0.14916665852069855,0.03680843487381935,0.1133333370089531,0.2199999988079071,-0.107840864,-0.102050599,0.0037712603474834134,0.7675894371100834,0.012408713643838252,0.06087603293625372,0.0003,1021,179,76.18313966671757,13.846156358718872,25.309489011764526,39.1556453704834,1353,0.5415841011563316,0,0,TRUE,pair,430,5.518781500519253,4.761649346615378,40,0,6.937209302325582,5.518781500519253,0.6481252044904977,7.343322602333501,cpu,cuda:0,0,670.3818359,49
90,1,DDT600_num150.txt,fixed,3096,8,387,25.401771545410156,14.573655128479004,1.2772650734405033e-05,-5.226666667,-0.481664866,0.1733333319425583,0.0442216619849205,0.11999999731779099,0.25333333015441895,-0.101735581,-0.094566547,0.0025207432569004594,0.8429404099782308,0.01344466160905237,0.04968592114746571,0.0003,992,208,76.0837075832603,14.59955382347107,26.092469453811646,40.692023277282715,1373,0.4725740037392825,0,0,TRUE,pair,434,5.816154500818811,4.876291988662971,45,0,7.1336405529953915,5.816154500818811,0.6625937015051022,7.777533301967196,cpu,cuda:0,0,670.38427734375,50
91,1,DDT600_num150.txt,fixed,3134,8,391.75,27.738737106323242,14.509978294372559,1.2020647773169912e-05,-5.506666667,-0.505812066,0.15583333373069763,0.02747473679482937,0.12666666507720947,0.2133333384990692,-0.017482442,-0.010985774,0.0027409082798000714,0.7867126281444843,0.010339129850483285,0.044460991881071374,0.0003,1013,187,84.78460801388015,14.536259889602661,22.42799663543701,36.96425652503967,1394,0.46399589674547315,0,0,TRUE,pair,445,5.812097699032165,4.906190170858343,60,0,7.042696629213483,5.812097699032165,0.6821390052791685,7.690833697095513,cpu,cuda:0,0,670.38427734375,50
92,1,DDT600_num150.txt,fixed,3158,8,394.75,18.164182662963867,15.384859085083008,1.1096073649241589e-05,-5.426666667,-0.468057245,0.16083334386348724,0.03792353346943855,0.10000000149011612,0.23333333432674408,-0.068098017,-0.061314913,0.0022546529507962987,0.7910433039069176,0.011573378142202273,0.0385938270483166,0.0003,1007,193,104.84860171238788,15.410449028015137,14.709170579910278,30.119619607925415,1383,0.4708968009799719,0,0,TRUE,pair,434,6.4571024004835635,4.67701076744024,48,0,7.276497695852535,6.4571024004835635,0.8236539989011362,7.741501503856853,cpu,cuda:0,0,670.3847656,50
93,1,DDT600_num150.txt,fixed,3163,8,395.375,21.919954299926758,14.900001525878906,1.2901066838821862e-05,-5.466666667,-0.482752014,0.15833333134651184,0.03954603523015976,0.10000000149011612,0.2199999988079071,-0.092907869,-0.086175609,0.0027177405168509316,0.8091133104430305,0.01472602639922924,0.04123732240663634,0.0003,1010,190,103.7846502995631,14.926776885986328,15.54979157447815,30.476568460464478,1395,0.5788090991554782,0,0,TRUE,pair,424,6.109884499921463,4.693012961925225,42,0,7.459905660377358,6.109884499921463,0.7044804006582126,7.754587800474837,cpu,cuda:0,0,670.3847656,49
94,1,DDT600_num150.txt,fixed,2985,8,373.125,24.821550369262695,14.075772285461426,1.2975754543731455e-05,-5.946666667,-0.550394603,0.12833333015441895,0.029011491686105728,0.08666666597127914,0.1666666716337204,-0.105272838,-0.098601512,0.003782128682360053,0.8562395657811847,0.024436919243141477,0.059093388595751355,0.0003,1046,154,113.04791990340144,14.102514028549194,12.302217721939087,26.40473175048828,1392,0.4713190987240523,0,0,TRUE,pair,416,5.657978100003675,4.901172529872339,45,0,7.175480769230769,5.657978100003675,0.6378675991436467,7.467567701358348,cpu,cuda:0,0,670.3818359,49
95,1,DDT600_num150.txt,fixed,3194,8,399.25,24.365703582763672,16.320058822631836,1.2561740732053295e-05,-5.56,-0.493752652,0.1524999886751175,0.028759054839611053,0.1133333370089531,0.19333332777023315,-0.076023878,-0.068761536,0.0029931533499620855,0.8758917868137359,0.009427840559510514,0.040991113800555465,0.0003,1017,183,83.53168648975533,16.34667134284973,21.890315532684326,38.23698687553406,1421,0.5141121023334563,0,0,TRUE,pair,430,6.84111290005967,4.866938011155102,70,0,7.427906976744186,6.84111290005967,0.8491857019253075,8.259028008207679,cpu,cuda:0,0,670.3847656,50
96,1,DDT600_num150.txt,fixed,2946,8,368.25,10.389297485351562,35.590518951416016,1.078959303413285e-05,-5.826666667,-0.563559635,0.13583333790302277,0.020258743315935135,0.1066666692495346,0.18000000715255737,0.038553173343340554,0.04524521032969157,0.004174574103672057,0.8779320418834686,0.009699768670543563,0.040466150268912315,0.0003,1037,163,46.676270853368365,35.64960598945618,27.465975999832153,63.11558198928833,1389,0.9515701020136476,0,0,TRUE,pair,380,10.225029901135713,5.0536320436915325,70,0,7.752631578947368,10.225029901135713,1.523848004755564,23.098985499702394,cpu,cuda:0,0,670.3818359,50
97,1,DDT600_num150.txt,fixed,3177,8,397.125,22.646398544311523,17.66900062561035,1.1699527931341436e-05,-5.666666667,-0.582543319,0.1458333283662796,0.031523801386356354,0.1066666692495346,0.20000000298023224,-0.057427612,-0.05068117,0.0028495583683252335,0.8171221176783244,0.022732226836766737,0.05291626031200091,0.0003,1025,175,52.36287852296242,17.710864305496216,42.961888790130615,60.67275309562683,1465,0.6203220026800409,0,0,TRUE,pair,438,7.087137900060043,4.606861820827312,50,0,7.2534246575342465,7.087137900060043,0.7158115999773145,9.48047610197682,cpu,cuda:0,0,670.3847656,51
98,1,DDT600_num150.txt,fixed,2909,8,363.625,19.608272552490234,12.74448013305664,1.0689025657484308e-05,-6.026666667,-0.628212202,0.12333332747220993,0.024037009105086327,0.07999999821186066,0.1599999964237213,0.21509195864200592,0.2234319970011711,0.00209525553509593,0.9387673288583755,0.008995053507533157,0.018066406,0.0003,1052,148,132.35040671246549,12.770147800445557,9.209384202957153,21.97953200340271,1349,0.4349255012348294,0,0,TRUE,pair,389,4.943108699284494,5.119284977655552,45,0,7.4781491002570695,4.943108699284494,0.5477061065612361,6.980314602609724,cpu,cuda:0,0,670.3798828,50
99,1,DDT600_num150.txt,fixed,3033,8,379.125,33.23566436767578,14.486053466796875,5.331414649845101e-05,-5.826666667,-0.629692211,0.13583333790302277,0.03814264386892319,0.09333333373069763,0.20000000298023224,-0.072964984,-0.066761174,0.0049088493222370745,0.8658239285151164,0.01588981633928294,0.05808387038608392,0.0003,1037,163,60.85030431049926,14.513302564620972,35.330326557159424,49.843629121780396,1393,0.47130709793418646,0,0,TRUE,pair,441,6.011007700464688,4.8156940328615,45,0,6.877551020408164,6.011007700464688,0.6439150039805099,7.516309499973431,cpu,cuda:0,0,670.38232421875,52
100,1,DDT600_num150.txt,fixed,3160,8,395,20.700241088867188,25.526155471801758,1.130415876104962e-05,-5.68,-0.667232715,0.14499999582767487,0.033291637897491455,0.10000000149011612,0.19333332777023315,-0.192068485,-0.187282409,0.006429051684046333,0.8000602397051725,0.013427599491974846,0.07097379930994728,0.0003,1026,174,73.16181427976461,25.567023277282715,17.62490725517273,43.191930532455444,1413,0.6838650999125093,0,0,TRUE,pair,432,8.660834700218402,4.837341773887224,45,0,7.314814814814815,8.660834700218402,0.8892748977523297,15.519785297801718,cpu,cuda:0,0,670.3847656,51
101,1,DDT600_num150.txt,fixed,3058,8,382.25,20.968727111816406,16.732563018798828,1.0359554835304152e-05,-5.853333333,-0.68052225,0.1341666579246521,0.032903481274843216,0.07333333045244217,0.18000000715255737,-0.080378633,-0.076045469,0.008028141983474294,0.8347235361735026,0.015329654363449663,0.05993006291488807,0.0003,1039,161,68.04324758235435,16.758139610290527,28.183865785598755,44.94200539588928,1405,0.5371601025108248,0,0,TRUE,pair,415,7.177101400797255,4.859712230605655,60,0,7.36867469879518,7.177101400797255,0.8001085036667064,8.384787099901587,cpu,cuda:0,0,670.38232421875,51
102,1,DDT600_num150.txt,fixed,3104,8,388,34.412933349609375,16.020606994628906,1.6407633665949106e-05,-5.453333333,-0.61539891,0.15916666388511658,0.06095877289772034,0.07999999821186066,0.2866666615009308,-0.209778734,-0.20570978,0.008215738305201134,0.8176816602547964,0.00788400535141894,0.032957402834047876,0.0003,1009,191,123.39129792359441,16.046560764312744,9.10918402671814,25.155744791030884,1405,0.5217467001639307,0,0,TRUE,pair,443,6.766549501568079,4.901095360363882,55,0,7.006772009029345,6.766549501568079,0.7541779006132856,8.146009500254877,cpu,cuda:0,0,670.38427734375,51
103,1,DDT600_num150.txt,fixed,3038,8,379.75,33.99540328979492,15.534971237182617,1.542551581223961e-05,-5.946666667,-0.605544279,0.12833334505558014,0.03523728996515274,0.07333333045244217,0.19333332777023315,-0.116777204,-0.110675794,0.005012673170616229,0.8607750601238675,0.038577720220524095,0.04253592352486319,0.0003,1046,154,104.79581427822764,15.562326431274414,13.427381038665771,28.989707469940186,1417,0.5968594009755179,0,0,TRUE,pair,433,6.649192000855692,4.952600395153666,50,0,7.016166281755196,6.649192000855692,0.7085625031031668,7.843218199675903,cpu,cuda:0,0,670.38232421875,51
104,1,DDT600_num150.txt,fixed,3022,8,377.75,28.507675170898438,16.93960189819336,4.4644795707426965e-05,-5.8,-0.557583823,0.13750000298023224,0.030356677249073982,0.10000000149011612,0.20000000298023224,-0.104222942,-0.09767859,0.0042608571238815784,0.8674780763685703,0.019122355162835447,0.09680139349075034,0.0003,1035,165,67.38316333205904,16.969780445098877,27.878217935562134,44.84799838066101,1392,0.6297766999341547,0,0,TRUE,pair,419,7.286181599600241,4.955989407869777,70,0,7.212410501193317,7.286181599600241,0.8132300969446078,8.464110898901708,cpu,cuda:0,0,670.38232421875,52
105,1,DDT600_num150.txt,fixed,3134,8,391.75,28.007810592651367,14.751879692077637,1.567046820127871e-05,-5.44,-0.496061242,0.15999998152256012,0.025385908782482147,0.12666666507720947,0.20000000298023224,-0.084150578,-0.077501306,0.0031402208583636414,0.8219380908542209,0.01079491056346645,0.03904478412328495,0.0003,1008,192,93.80729920260559,14.781701803207397,18.627212285995483,33.40891408920288,1387,0.4701958978548646,0,0,TRUE,pair,436,5.940962100634351,4.909061903092385,80,0,7.1880733944954125,5.940962100634351,0.6560206984868273,7.8357054989319295,cpu,cuda:0,0,670.38427734375,45
106,1,DDT600_num150.txt,fixed,3029,8,378.625,29.308435440063477,15.317835807800293,1.3304525964485947e-05,-5.693333333,-0.547452434,0.14416666328907013,0.02493046224117279,0.1066666692495346,0.18000000715255737,-0.156937723,-0.151103701,0.004220114904455841,0.7944077402353287,0.015933427501295228,0.047199053689837456,0.0003,1027,173,95.7950975560649,15.345436096191406,16.274136066436768,31.619572162628174,1372,0.4864781006472185,0,0,TRUE,pair,429,6.622552501736209,4.928689333817163,40,0,7.0606060606060606,6.622552501736209,0.7662649016128853,7.593221001676284,cpu,cuda:0,0,670.38232421875,41
107,1,DDT600_num150.txt,fixed,3194,8,399.25,31.649446487426758,14.885459899902344,1.4743447536602616e-05,-5.293333333,-0.486599366,0.1691666543483734,0.03799671307206154,0.10000000149011612,0.2133333384990692,-0.052853881,-0.045570216,0.002596824596236859,0.858207745211465,0.010724924962102835,0.054047171370170656,0.0003,997,203,57.72347837295866,14.912075996398926,40.42069482803345,55.33277082443237,1419,0.571463699801825,0,0,TRUE,pair,431,6.022590999957174,4.801815907135559,45,0,7.410672853828307,6.022590999957174,0.6696306973462924,7.865362299722619,cpu,cuda:0,0,670.3847656,39
108,1,DDT600_num150.txt,fixed,2960,8,370,27.67218780517578,13.474841117858887,1.2166357919340953e-05,-5.946666667,-0.568057118,0.12833334505558014,0.03032234124839306,0.08666666597127914,0.1733333319425583,-0.161100324,-0.153780032,0.003082985116634518,0.8861787393689156,0.008419898326792463,0.03445523278787732,0.0003,1046,154,102.47301486295117,13.502193212509155,15.383460283279419,28.885653495788574,1379,0.4641444992739707,0,0,TRUE,pair,420,5.308261299272999,4.983445942965714,55,0,7.0476190476190474,5.308261299272999,0.603168299770914,7.273368199472316,cpu,cuda:0,0,670.3818359,38
109,1,DDT600_num150.txt,fixed,3127,8,390.875,24.430706024169922,16.200992584228516,1.0337583262298722e-05,-5.8,-0.562838463,0.13750000298023224,0.043961793184280396,0.07999999821186066,0.2266666740179062,-0.037644876,-0.031021086,0.0036578388285956214,0.8452713744980949,0.01111665480337771,0.015374377769018923,0.0003,1035,165,103.27733132580346,16.227978706359863,14.049720764160156,30.27769947052002,1415,0.4952244015876204,0,0,TRUE,pair,433,7.016358999419026,4.9031020143293595,48,0,7.221709006928407,7.016358999419026,0.8640717981616035,7.952067999634892,cpu,cuda:0,0,670.38427734375,39
110,1,DDT600_num150.txt,fixed,3229,8,403.625,15.763386726379395,14.341632843017578,9.24006599234417e-06,-5.48,-0.537025412,0.1574999988079071,0.041087646037340164,0.1133333370089531,0.23333333432674408,-0.095608921,-0.089329719,0.004568424826073978,0.8563413719336191,0.013243523930011887,0.05771734503408273,0.0003,1011,189,70.6023507002799,14.369040489196777,31.365980625152588,45.735021114349365,1470,0.4819341008551419,0,0,TRUE,pair,439,5.761896899784915,4.75472282329629,44,0,7.355353075170843,5.761896899784915,0.6083641008008271,7.665539400535636,cpu,cuda:0,0,670.3867188,41
111,1,DDT600_num150.txt,fixed,3134,8,391.75,27.846677780151367,15.362022399902344,1.3486991520039737e-05,-5.826666667,-0.501075064,0.13583332300186157,0.027676202356815338,0.09333333373069763,0.1733333319425583,-0.024224573,-0.017193747,0.0035879015922546387,0.8824773073196411,0.014845355763100088,0.028344714641571046,0.0003,1037,163,129.62348649074434,15.390262842178345,8.78745436668396,24.177717208862305,1416,0.4916663009207696,0,0,TRUE,pair,449,6.470803400035948,4.8312061268125435,48,0,6.979955456570156,6.470803400035948,0.71191789326258,7.8425033004023135,cpu,cuda:0,0,670.38427734375,42
112,1,DDT600_num150.txt,fixed,3003,8,375.375,24.186450958251953,14.367022514343262,2.5440502213314176e-05,-5.76,-0.497000858,0.14000000059604645,0.025166116654872894,0.1133333370089531,0.18000000715255737,-0.172518355,-0.1652616,0.002441353048197925,0.8477432489395141,0.012912509421585127,0.04482319308444858,0.0003,1032,168,98.39037493571385,14.395415782928467,16.12586236000061,30.521278142929077,1391,0.47206119971815497,0,0,TRUE,pair,428,5.965506398701109,4.87345987338048,50,0,7.016355140186916,5.965506398701109,0.6258201999589801,7.471166800591163,cpu,cuda:0,0,670.3818359,42
113,1,DDT600_num150.txt,fixed,3189,8,398.625,24.803918838500977,14.527633666992188,1.198275731439935e-05,-5.6,-0.487672331,0.14999999105930328,0.0334995836019516,0.08666666597127914,0.20666666328907013,-0.085165805,-0.078537925,0.0025145540065649482,0.7885156340069241,0.011699457976242734,0.03894591750577092,0.0003,1020,180,112.49939100559509,14.553506135940552,13.793313980102539,28.34682011604309,1423,0.5537620005197823,0,0,TRUE,pair,432,5.840517700649798,4.5904672319293205,45,0,7.381944444444445,5.840517700649798,0.6229214000049978,7.756372900912538,cpu,cuda:0,0,670.3847656,44
114,1,DDT600_num150.txt,fixed,3073,8,384.125,23.819307327270508,14.796664237976074,1.2651919860218186e-05,-5.666666667,-0.509718491,0.1458333432674408,0.03850505128502846,0.10000000149011612,0.23333333432674408,-0.263577738,-0.257206776,0.0038039153208956123,0.8272918343544007,0.01087521145673236,0.021428141882643102,0.0003,1025,175,101.74881848431231,14.828055381774902,15.373769521713257,30.20182490348816,1411,0.486822999198921,0,0,TRUE,pair,428,6.025417898898013,4.734786851686179,45,0,7.179906542056075,6.025417898898013,0.6884315975476056,7.756997206015512,cpu,cuda:0,0,670.38427734375,44
115,1,DDT600_num150.txt,fixed,3128,8,391,25.05992889404297,15.926717758178711,1.48395220094244e-05,-5.56,-0.503690339,0.1525000035762787,0.027776390314102173,0.1133333370089531,0.18666666746139526,-0.092029527,-0.085782769,0.0033089483777681986,0.7901235381762187,0.010583625099388882,0.09998473552986979,0.0003,1017,183,70.46127334661081,15.955749034881592,28.43743109703064,44.39318013191223,1388,0.5490644968813285,0,0,TRUE,pair,428,6.8503154994687065,4.677429664165468,65,0,7.308411214953271,6.8503154994687065,0.6697024015011266,8.064574501826428,cpu,cuda:0,0,670.38427734375,45
116,1,DDT600_num150.txt,fixed,3295,8,411.875,19.432172775268555,15.512649536132812,3.6227072996553034e-05,-5.173333333,-0.450748747,0.17666666209697723,0.03162277489900589,0.12666666507720947,0.23333333432674408,-0.060262216,-0.052891611,0.0016146127309184521,0.8177907466888428,0.01131756356335245,0.02823660714784637,0.0003,988,212,135.11467093520193,15.543107509613037,8.84358549118042,24.386693000793457,1434,0.5354496005456895,0,0,TRUE,pair,434,6.2758040993940085,4.427617602934425,48,0,7.592165898617512,6.2758040993940085,0.6717347950907424,8.227242496912368,cpu,cuda:0,0,670.38720703125,45
117,1,DDT600_num150.txt,fixed,2920,8,365,23.65903663635254,13.945069313049316,1.3516461876861285e-05,-6.16,-0.529935096,0.11499999463558197,0.03086709976196289,0.07333333045244217,0.1733333319425583,-0.04759098,-0.039992115,0.0022492685155676945,0.8723501307623727,0.011416898017549621,0.03739918249526194,0.0003,1062,138,117.53408023725451,13.973203182220459,10.870654821395874,24.843858003616333,1382,0.4643399976193905,0,0,TRUE,pair,398,5.906543999677524,4.936986303084518,48,0,7.336683417085427,5.906543999677524,0.6823606026591733,7.055175799643621,cpu,cuda:0,0,670.3798828,46
118,1,DDT600_num150.txt,fixed,3004,8,375.5,22.808988571166992,14.66430377960205,9.608002073946409e-06,-6,-0.551179688,0.125,0.03345809876918793,0.05999999865889549,0.18666666746139526,0.08958114435275395,0.09726374844710033,0.0016034681854459147,0.8484336336453756,0.019706030090067845,0.03628395823761821,0.0003,1050,150,107.25024533034745,14.693744659423828,13.315515279769897,28.009259939193726,1413,0.531671401928179,0,0,TRUE,pair,432,6.063816099893302,4.903129160801041,48,0,6.953703703703703,6.063816099893302,0.6045353972585872,7.685872195288539,cpu,cuda:0,0,670.3818359,45
119,1,DDT600_num150.txt,fixed,3020,8,377.5,13.610657691955566,20.983163833618164,1.539231561764609e-05,-5.933333333,-0.548964796,0.12916666269302368,0.02747473493218422,0.08666666597127914,0.1733333319425583,-0.674819708,-0.67006137,0.004431838480134805,0.697426458199819,0.01759048648333798,0.016229101456701756,0.0003,1045,155,106.09070153320384,21.02936315536499,7.436845064163208,28.4662082195282,1380,0.6827830978436396,0,0,TRUE,pair,397,7.269153898698278,4.859933774518651,54,0,7.607052896725441,7.269153898698278,0.8316689054481685,12.442397501901723,cpu,cuda:0,0,644.25,46
120,1,DDT600_num150.txt,fixed,3006,8,375.75,17.802738189697266,17.019054412841797,1.122341382142622e-05,-5.853333333,-0.529254662,0.1341666579246521,0.027776388451457024,0.08666666597127914,0.1733333319425583,0.23870094120502472,0.2465379238128662,0.0014509430232768257,0.8562450408935547,0.014547435857821256,0.038411458333333336,0.0003,1039,161,122.70765045750265,17.04844093322754,7.4488091468811035,24.497250080108643,1381,0.6337519000517204,0,0,TRUE,pair,399,7.319146299851127,5.032934131181327,44,0,7.533834586466165,7.319146299851127,0.7776398017304018,8.533745296415873,cpu,cuda:0,0,670.3818359,46
121,1,DDT600_num150.txt,fixed,3053,8,381.625,24.798877716064453,17.598146438598633,1.4400166037376039e-05,-5.626666667,-0.496287552,0.1483333259820938,0.034278273582458496,0.1066666692495346,0.2266666740179062,-0.147598849,-0.140816112,0.003273555814909438,0.8419509265157912,0.031686060447504535,0.046580294974976115,0.0003,1022,178,83.91089101851956,17.62551760673523,18.758317232131958,36.38383483886719,1371,0.6737421017605811,0,0,TRUE,pair,417,7.5253626010380685,4.912217489821068,45,0,7.321342925659472,7.5253626010380685,0.7964450012659654,8.883241797680967,cpu,cuda:0,0,670.38232421875,46
122,1,DDT600_num150.txt,fixed,3115,8,389.375,17.050933837890625,16.627300262451172,8.740569683141075e-06,-5.493333333,-0.499404632,0.15666666626930237,0.019999999552965164,0.13333334028720856,0.18666666746139526,-0.054725452,-0.047513783,0.0018981979927048087,0.8160768270492553,0.013524501235224307,0.03947708159685135,0.0003,1012,188,105.9167453521136,16.65426516532898,12.755626440048218,29.409891605377197,1386,0.6983251004712656,0,0,TRUE,pair,414,7.034143501077779,4.727126804936564,45,0,7.524154589371981,7.034143501077779,0.7338033984415233,8.494372903485782,cpu,cuda:0,0,670.38427734375,46
123,1,DDT600_num150.txt,fixed,3101,8,387.625,22.819604873657227,16.975204467773438,1.3951052096672356e-05,-5.373333333,-0.479267316,0.164166659116745,0.03213469684123993,0.1066666692495346,0.20666666328907013,0.030798881081864238,0.0375654511153698,0.0018839057302102447,0.7708522975444794,0.010566849319729954,0.023925781,0.0003,1003,197,108.23938711705686,17.004822731018066,11.6446373462677,28.649460077285767,1391,0.6296081995824352,0,0,TRUE,pair,431,7.097482001641765,4.652370203006502,40,0,7.194895591647332,7.097482001641765,0.786936603137292,8.70508769818116,cpu,cuda:0,0,670.38427734375,48
124,1,DDT600_num150.txt,fixed,3087,8,385.875,23.67719078063965,16.62578582763672,1.3093500456307083e-05,-5.546666667,-0.478913454,0.15333332121372223,0.021343747153878212,0.11999999731779099,0.19333332777023315,-0.281035684,-0.275003696,0.002851881319656968,0.7457921306292216,0.05853557895170525,0.04614357650279999,0.0003,1016,184,151.5511890007766,16.654141187667847,3.7152140140533447,20.36935520172119,1380,0.6091451001120731,0,0,TRUE,pair,428,7.1610963977873325,4.752186589230215,55,0,7.212616822429907,7.1610963977873325,0.719193797907792,8.380497201578692,cpu,cuda:0,0,664.2490234,47
125,1,DDT600_num150.txt,fixed,3145,8,393.125,32.416961669921875,15.673227310180664,1.2785994840669446e-05,-5.4,-0.483203473,0.16249999403953552,0.036505326628685,0.09333333373069763,0.19333332777023315,-0.1082994,-0.102523555,0.002364782863878645,0.6958232298493385,0.01739612112942268,0.03017794876359403,0.0003,1005,195,93.37443433307199,15.70476770401001,17.976828575134277,33.68159627914429,1401,0.5704422983108088,0,0,TRUE,pair,436,6.473745200783014,4.539586644483484,36,0,7.213302752293578,6.473745200783014,0.6739939961116761,8.174401598516852,cpu,cuda:0,0,670.3847656,48
126,1,DDT600_num150.txt,fixed,3123,8,390.375,23.637563705444336,16.915571212768555,1.1463942428235896e-05,-5.333333333,-0.474112575,0.1666666716337204,0.0262466911226511,0.12666666507720947,0.20000000298023224,-0.130391411,-0.124241808,0.0021173625330751142,0.7208276291688284,0.00918396026342331,0.022563649031023186,0.0003,1000,200,96.38742394958436,16.944068431854248,15.456423997879028,32.400492429733276,1367,0.6086229016073048,0,0,TRUE,pair,422,7.237122398684733,4.608069163654387,40,0,7.400473933649289,7.237122398684733,0.7295389024075121,8.57936950516887,cpu,cuda:0,0,670.38427734375,48
127,1,DDT600_num150.txt,fixed,3210,8,401.25,9.549214363098145,16.727108001708984,7.718283995927777e-06,-5.32,-0.464559823,0.16749998927116394,0.02196904830634594,0.14666666090488434,0.2133333384990692,0.4392457902431488,0.4437040090560913,0.002733550500124693,0.5825004875659943,0.016609712794888765,0.011757046915590763,0.0003,999,201,163.64499449424582,16.841556549072266,2.774075508117676,19.61563205718994,1400,0.6109303019475192,0,0,TRUE,pair,420,7.073690599761903,4.474766354694545,40,0,7.642857142857143,7.073690599761903,0.6960683017969131,8.595291299629025,cpu,cuda:0,0,670.3867188,48
128,1,DDT600_num150.txt,fixed,3023,8,377.875,23.197185516357422,15.301332473754883,1.3054369446763303e-05,-5.533333333,-0.508857835,0.15416666865348816,0.020395398139953613,0.11999999731779099,0.18000000715255737,-0.033587759,-0.028087321,0.0020865080296061933,0.6543695628643036,0.020537957963824738,0.02098263945663348,0.0003,1015,185,116.31430084060082,15.329755783081055,10.66016960144043,25.989925384521484,1354,0.5654268000507727,0,0,TRUE,pair,402,6.302922098664567,4.810783985707683,45,0,7.519900497512438,6.302922098664567,0.6621302010025829,7.994660001364537,cpu,cuda:0,0,670.38232421875,48
129,1,DDT600_num150.txt,fixed,3162,8,395.25,25.557533264160156,17.536231994628906,9.3196968009579e-06,-5.626666667,-0.492906835,0.14833331108093262,0.029202360659837723,0.07999999821186066,0.18000000715255737,0.010227142833173275,0.01564388070255518,0.002337302411130319,0.6585390865802765,0.014195825628121383,0.03755148003498713,0.0003,1022,178,94.79870150891558,17.566099405288696,15.788787841796875,33.35488724708557,1409,0.7377757012145594,0,0,TRUE,pair,428,7.550160698592663,4.664452880715208,45,0,7.38785046728972,7.550160698592663,0.759561701444909,8.849224402569234,cpu,cuda:0,0,670.3847656,48
130,1,DDT600_num150.txt,fixed,3143,8,392.875,12.231491088867188,16.436025619506836,7.38712969905464e-06,-5.293333333,-0.456021046,0.1691666692495346,0.019418632611632347,0.13333334028720856,0.20666666328907013,-0.35931927,-0.35255,0.0018980158492922783,0.7718281149864197,0.08662569220177829,0.01229603704996407,0.0003,997,203,171.36068946007222,16.46893811225891,1.8724913597106934,18.341429471969604,1384,0.6018030986888334,0,0,TRUE,pair,421,6.850410398910753,4.595927456629113,64,0,7.465558194774347,6.850410398910753,0.6921638005878776,8.497785604558885,cpu,cuda:0,0,384.5498047,47
131,1,DDT600_num150.txt,fixed,3036,8,379.5,22.4888858795166,14.907167434692383,1.3402433069131803e-05,-5.68,-0.477291454,0.14500001072883606,0.04051748663187027,0.08666666597127914,0.2133333384990692,-0.015490902,-0.010133973,0.002270605132382895,0.6492231573377337,0.013491271861961909,0.0426126771739551,0.0003,1026,174,111.5248921498505,14.933235883712769,12.28938627243042,27.22262215614319,1367,0.5705879010492936,0,0,TRUE,pair,410,6.315586501732469,4.775691695835279,55,0,7.404878048780488,6.315586501732469,0.6220676022348925,7.646665202337317,cpu,cuda:0,0,670.38232421875,48
132,1,DDT600_num150.txt,fixed,3051,8,381.375,22.54405403137207,15.180545806884766,1.5854388038860634e-05,-5.573333333,-0.465997555,0.15166667103767395,0.023273734375834465,0.11999999731779099,0.20000000298023224,0.029884637240320443,0.03597006648778915,0.0013091198867186903,0.6739991307258606,0.011000239301938563,0.029501567035913466,0.0003,1018,182,122.73245230657507,15.211283206939697,9.647667646408081,24.85895085334778,1363,0.6458142984192818,0,0,TRUE,pair,409,6.312594399787486,4.720747297687712,45,0,7.459657701711492,6.312594399787486,0.678707203711383,7.850889001856558,cpu,cuda:0,0,670.38232421875,48
133,1,DDT600_num150.txt,fixed,3069,8,383.625,31.693601608276367,14.676532745361328,2.0531702830339782e-05,-5.653333333,-0.460024264,0.14666666090488434,0.035276684910058975,0.09333333373069763,0.2133333384990692,-0.380387157,-0.374195923,0.0017155099970599015,0.7048982580502828,0.016379305976442993,0.0422305166721344,0.0003,1024,176,179.28445597297508,14.707518100738525,2.4095332622528076,17.118048429489136,1392,0.5404057955602184,0,0,TRUE,pair,445,6.089640299440362,4.684261972797775,45,0,6.896629213483146,6.089640299440362,0.6172836010809988,7.6535687955329195,cpu,cuda:0,0,319.4970703,46
134,1,DDT600_num150.txt,fixed,3126,8,390.75,26.295198440551758,14.701020240783691,1.6149229850270785e-05,-5.573333333,-0.457030616,0.15166667103767395,0.025549516081809998,0.11999999731779099,0.18666666746139526,0.03507670760154724,0.04132087230682373,0.0014156414894387127,0.6951995491981506,0.01060841591679491,0.0358610138297081,0.0003,1018,182,126.70489033988196,14.728804349899292,9.942698001861572,24.671502351760864,1400,0.5566032982897013,0,0,TRUE,pair,446,5.948493199888617,4.539667307300897,40,0,7.00896860986547,5.948493199888617,0.6327532026916742,7.799941704492085,cpu,cuda:0,0,670.38427734375,47
135,1,DDT600_num150.txt,fixed,3054,8,381.75,16.93922996520996,14.255819320678711,9.649327694205567e-06,-5.733333333,-0.474616512,0.14166666567325592,0.01878237910568714,0.1066666692495346,0.1666666716337204,-0.172099171,-0.166499842,0.001794623807654716,0.6496639251708984,0.017427588657786448,0.06821731540064017,0.0003,1030,170,98.27302646945547,14.283015251159668,16.793670892715454,31.076686143875122,1376,0.5403703975025564,0,0,TRUE,pair,407,5.766202399739996,4.648984937630374,36,0,7.503685503685504,5.766202399739996,0.6092404015362263,7.568128002458252,cpu,cuda:0,0,670.38232421875,46
136,1,DDT600_num150.txt,fixed,3045,8,380.625,10.511155128479004,14.279699325561523,7.425504463753896e-06,-5.72,-0.427733359,0.14249999821186066,0.015964368358254433,0.1133333370089531,0.1666666716337204,-0.152400074,-0.146271847,0.0017165561633494992,0.6986508319775263,0.013609924314854046,0.062326315557584167,0.0003,1029,171,88.68810178568711,14.306611061096191,20.027194023132324,34.333805084228516,1340,0.5260396014200523,0,0,TRUE,pair,402,5.960377998300828,4.779310343418215,45,0,7.574626865671642,5.960377998300828,0.6144780943868682,7.39470220298972,cpu,cuda:0,0,670.38232421875,47
137,1,DDT600_num150.txt,fixed,3085,8,385.625,24.335866928100586,14.378170013427734,9.590236913936678e-06,-5.72,-0.430988975,0.14249999821186066,0.03017311356961727,0.1133333370089531,0.2133333384990692,-0.066716286,-0.061125093,0.0029900387162342668,0.7086202800273895,0.041428089175800174,0.08647751683990161,0.0003,1029,171,144.11270976496215,14.407052755355835,6.999803066253662,21.406855821609497,1381,0.63902000291273,0,0,TRUE,pair,417,5.920291098882444,4.66094003434699,60,0,7.398081534772182,5.920291098882444,0.6115528976079077,7.53569060144946,cpu,cuda:0,0,670.38427734375,47
138,1,DDT600_num150.txt,fixed,3049,8,381.125,24.598970413208008,15.120710372924805,1.2166357919340953e-05,-5.666666667,-0.413000316,0.1458333432674408,0.028759058564901352,0.10000000149011612,0.18666666746139526,-0.110869972,-0.105621101,0.0022602237528190016,0.6378981173038483,0.03508346104063094,0.03184243626892567,0.0003,1025,175,145.3326352420824,15.148711204528809,5.830747365951538,20.979458570480347,1372,0.5371317990357056,0,0,TRUE,pair,432,6.35811609972734,4.66972777920889,40,0,7.05787037037037,6.35811609972734,0.6571781996171921,7.7757789976894855,cpu,cuda:0,0,670.38232421875,46
139,1,DDT600_num150.txt,fixed,3082,8,385.25,16.543502807617188,15.230157852172852,9.818678336159792e-06,-5.666666667,-0.410780318,0.1458333283662796,0.03134707361459732,0.09333333373069763,0.18666666746139526,-0.09713102,-0.09041349,0.0015071009402163327,0.747108097587313,0.011165661832949678,0.048623250015745204,0.0003,1025,175,82.36782661735981,15.256042957305908,22.161479473114014,37.41752243041992,1397,0.6347934997174889,0,0,TRUE,pair,405,6.30224650085438,4.741726152004166,50,0,7.609876543209877,6.30224650085438,0.6959289002697915,7.889484599349089,cpu,cuda:0,0,670.38427734375,46
140,1,DDT600_num150.txt,fixed,3076,8,384.5,28.883386611938477,14.555862426757812,1.3093500456307083e-05,-5.693333333,-0.400999053,0.14416666328907013,0.03348921611905098,0.08666666597127914,0.20666666328907013,-0.082691997,-0.07631864,0.0023897033534012735,0.756820410490036,0.009424533287528902,0.03223562380298972,0.0003,1027,173,149.15667564345821,14.583064556121826,6.039545774459839,20.622610330581665,1378,0.6256392971845344,0,0,TRUE,pair,424,5.93544359842781,4.7369960979770465,48,0,7.254716981132075,5.93544359842781,0.644513999694027,7.651757204555906,cpu,cuda:0,0,669.38427734375,46
141,1,DDT600_num150.txt,fixed,3010,8,376.25,30.115402221679688,14.433215141296387,1.5325696949730627e-05,-5.973333333,-0.464337397,0.12666667997837067,0.031269438564777374,0.06666667014360428,0.1666666716337204,-0.315560436,-0.309730452,0.003085953649133444,0.7372975647449493,0.019620090301032178,0.0689268009737134,0.0003,1048,152,160.49899398711108,14.460145473480225,4.293866157531738,18.754011631011963,1379,0.5421534973429516,0,0,TRUE,pair,433,5.912336600595154,4.841860467492544,54,0,6.951501154734411,5.912336600595154,0.6369386003352702,7.565313199651428,cpu,cuda:0,0,603.07861328125,46
142,1,DDT600_num150.txt,fixed,3083,8,385.375,15.531721115112305,14.652185440063477,8.341243301401846e-06,-5.653333333,-0.433241473,0.14666666090488434,0.019999999552965164,0.11999999731779099,0.1733333319425583,0.0209729883021542,0.026602100048746382,0.0022379725373217036,0.6748097922120776,0.017333941184915602,0.07946746477058955,0.0003,1024,176,114.56905952280054,14.68224573135376,12.227288246154785,26.909533977508545,1396,0.5417344993911684,0,0,TRUE,pair,413,6.004406899679452,4.536814792102859,50,0,7.464891041162228,6.004406899679452,0.6509752973215654,7.67537919676397,cpu,cuda:0,0,670.38427734375,46
143,1,DDT600_num150.txt,fixed,3214,8,401.75,31.199960708618164,15.49438762664795,1.3942901205155067e-05,-5.386666667,-0.422034883,0.16333332657814026,0.029249882325530052,0.11999999731779099,0.20666666328907013,0.0024140519755227225,0.008131686065878187,0.0020116078168419854,0.6723438160760062,0.021527846410338367,0.04809925811631339,0.0003,1004,196,110.42565654478061,15.521851539611816,13.58370327949524,29.105554819107056,1426,0.6244073964189738,0,0,TRUE,pair,433,6.492287500062957,4.548848785520268,55,0,7.422632794457275,6.492287500062957,0.6604150985367596,8.011828602291644,cpu,cuda:0,0,670.3867188,46
144,1,DDT600_num150.txt,fixed,3035,8,379.375,11.335094451904297,14.321521759033203,8.252176485257223e-06,-5.386666667,-0.421354154,0.16333332657814026,0.0163299310952425,0.13333334028720856,0.18666666746139526,-0.136164846,-0.129235239,0.001265327143482864,0.7562273263931274,0.014957891218364239,0.04523021802306175,0.0003,1004,196,141.748990188243,14.348274230957031,7.06281304359436,21.41108727455139,1333,0.518767299130559,0,0,TRUE,pair,398,5.852782100089826,4.883690281401356,55,0,7.625628140703518,5.852782100089826,0.623293302138336,7.534871599520557,cpu,cuda:0,0,670.38232421875,47
145,1,DDT600_num150.txt,fixed,2986,8,373.25,20.36387825012207,14.720051765441895,1.0598235348879825e-05,-5.746666667,-0.439243818,0.14083334803581238,0.02797568403184414,0.09333333373069763,0.18000000715255737,-0.031362203,-0.024304831,0.0013001620012801141,0.7707451224327088,0.01177291986241471,0.05019040908664465,0.0003,1031,169,90.66924872671527,14.748219966888428,18.18466567993164,32.93288564682007,1357,0.5371532001299784,0,0,TRUE,pair,418,6.062627500272356,4.899196248523996,54,0,7.143540669856459,6.062627500272356,0.6560130956349894,7.6789009041385725,cpu,cuda:0,0,670.3818359,46
146,1,DDT600_num150.txt,fixed,2976,8,372,22.237356185913086,13.981147766113281,1.3828277587890625e-05,-5.84,-0.470427396,0.13500000536441803,0.031578823924064636,0.08666666597127914,0.1733333319425583,-0.065065861,-0.058171334,0.0016314727383562261,0.771026717291938,0.01470391490470825,0.06071370384759373,0.0003,1038,162,99.60034346352855,14.00762677192688,15.871788263320923,29.879415035247803,1366,0.6035471993964165,0,0,TRUE,pair,403,5.698693299666047,4.800067207105057,48,0,7.384615384615385,5.698693299666047,0.6195600972278044,7.357487197732553,cpu,cuda:0,0,670.3818359,47
147,1,DDT600_num150.txt,fixed,3154,8,394.25,24.8029727935791,14.854194641113281,1.4016092791280244e-05,-5.493333333,-0.442769285,0.15666666626930237,0.03929942101240158,0.09333333373069763,0.2266666740179062,-0.353755713,-0.347171217,0.0014191488735377789,0.7294051051139832,0.09678278118371964,0.03883495181798935,0.0003,1012,188,205.41001067449764,14.883127450942993,0.4715282917022705,15.354655742645264,1413,0.5339622001629323,0,0,TRUE,pair,439,6.106727498350665,4.7460367789205,45,0,7.184510250569476,6.106727498350665,0.620346897165291,7.81047970498912,cpu,cuda:0,0,160.4443359,45
148,1,DDT600_num150.txt,fixed,2959,8,369.875,19.04886817932129,14.122430801391602,1.099830842576921e-05,-6.093333333,-0.51196584,0.11916667222976685,0.02548147551715374,0.07333333045244217,0.15333333611488342,0.06249876320362091,0.06843822300434113,0.0035045507131144403,0.7691736459732056,0.01829252429306507,0.028160084038972855,0.0003,1057,143,114.33158076342399,14.151500225067139,11.729362964630127,25.880863189697266,1377,0.5413534990511835,0,0,TRUE,pair,394,5.809724901802838,4.963501181542854,44,0,7.51015228426396,5.809724901802838,0.6293377974070609,7.372407799353823,cpu,cuda:0,0,670.3818359,46
149,1,DDT600_num150.txt,fixed,3109,8,388.625,36.47237777709961,14.527480125427246,1.4770411326026078e-05,-5.506666667,-0.488447407,0.15583333373069763,0.03604587912559509,0.1133333370089531,0.2199999988079071,-0.442451477,-0.435764581,0.0012122297193855047,0.729299396276474,0.0186130070433137,0.008695651777088642,0.0003,1013,187,193.9245576283097,14.55478835105896,1.4772193431854248,16.032007694244385,1387,0.6384893977083266,0,0,TRUE,pair,445,5.964272798388265,4.741395946636427,40,0,6.986516853932584,5.964272798388265,0.6040250033838674,7.647822590311989,cpu,cuda:0,0,324.43896484375,46
150,1,DDT600_num150.txt,fixed,3078,8,384.75,23.72103500366211,14.454007148742676,1.3427856174530461e-05,-5.84,-0.501665571,0.13499999046325684,0.024888640269637108,0.09333333373069763,0.18666666746139526,-0.025550497,-0.019166124,0.002336208359338343,0.7552474021911622,0.007795153697952628,0.013654663413763046,0.0003,1038,162,121.5355108660979,14.490433692932129,10.835497617721558,25.325931310653687,1414,0.5498089022003114,0,0,TRUE,pair,424,5.890430400730111,4.949642624229173,65,0,7.259433962264151,5.890430400730111,0.6167823994765058,7.633270899648778,cpu,cuda:0,0,670.38427734375,45
151,1,DDT600_num150.txt,fixed,2977,8,372.125,30.608158111572266,13.954214096069336,1.6110463548102416e-05,-5.986666667,-0.5156916,0.12583333253860474,0.026757659390568733,0.07999999821186066,0.18000000715255737,-0.057804415,-0.051040763,0.0024491825781296937,0.7988234758377075,0.012901136619620956,0.05018604756332934,0.0003,1049,151,96.62999344145061,13.990850687026978,16.817389011383057,30.808239698410034,1395,0.5304234971990809,0,0,TRUE,pair,439,5.754240698763169,4.942223713547742,54,0,6.781321184510251,5.754240698763169,0.5978717004181817,7.298798300791532,cpu,cuda:0,0,670.3818359,47
152,1,DDT600_num150.txt,fixed,3027,8,378.375,24.407670974731445,14.74687671661377,1.283037545363186e-05,-5.853333333,-0.471949186,0.1341666728258133,0.025041630491614342,0.1066666692495346,0.19333332777023315,-0.43772166,-0.430162132,0.0014889252682526906,0.8303989768028259,0.021697046293411404,0.014037726446986198,0.0003,1039,161,180.62313248166092,14.777618646621704,1.981032133102417,16.75865077972412,1390,0.5493940990418196,0,0,TRUE,pair,430,6.159737301059067,4.845391475449389,55,0,7.03953488372093,6.159737301059067,0.6311782004777342,7.637545297155157,cpu,cuda:0,0,278.3144531,45
153,1,DDT600_num150.txt,fixed,3077,8,384.625,31.388442993164062,14.912524223327637,1.806954969651997e-05,-5.56,-0.440037655,0.1525000035762787,0.04587876424193382,0.09333333373069763,0.23333333432674408,-0.035353678,-0.028933924,0.002363419233006425,0.7601464614272118,0.017700733193123597,0.03546724654734135,0.0003,1017,183,107.68339316720558,14.941261529922485,13.633246660232544,28.57450819015503,1386,0.5437114022206515,0,0,TRUE,pair,434,6.068304199841805,4.935001627593835,65,0,7.089861751152074,6.068304199841805,0.6758055038517341,7.834483497776091,cpu,cuda:0,0,670.38427734375,45
154,1,DDT600_num150.txt,fixed,3078,8,384.75,21.844621658325195,15.848121643066406,9.184532245853916e-06,-5.746666667,-0.474079919,0.14083331823349,0.0351879857480526,0.07333333045244217,0.19333332777023315,-0.108612042,-0.102409528,0.0020584212616086006,0.7231720328330994,0.013585023515042849,0.0511104179546237,0.0003,1031,169,89.80699070783558,15.877768516540527,18.395732641220093,34.27350115776062,1404,0.6059286020463333,0,0,TRUE,pair,428,6.687014499329962,4.895061726613506,40,0,7.191588785046729,6.687014499329962,0.6948103938484564,8.11847020080313,cpu,cuda:0,0,670.38427734375,47
155,1,DDT600_num150.txt,fixed,3034,8,379.25,39.892826080322266,15.539939880371094,1.4824191566731315e-05,-5.6,-0.445927736,0.15000000596046448,0.040824826806783676,0.10000000149011612,0.2199999988079071,-0.081709618,-0.074974167,0.002042730641551316,0.7756821751594544,0.012487149948719889,0.04430529875680804,0.0003,1020,180,79.57726287615382,15.570677518844604,22.555790901184082,38.12646842002869,1383,0.5849997989134863,0,0,TRUE,pair,437,6.523325801244937,4.984508897178489,70,0,6.94279176201373,6.523325801244937,0.6450712005607784,8.032788704615086,cpu,cuda:0,0,670.38232421875,46
156,1,DDT600_num150.txt,fixed,2959,8,369.875,25.354671478271484,16.926435470581055,1.3023853171034716e-05,-5.733333333,-0.449955674,0.14166666567325592,0.033291641622781754,0.1066666692495346,0.20666666328907013,-0.185918367,-0.17986764,0.002268118713982403,0.7184782266616822,0.018620461272075773,0.07317285514436662,0.0003,1030,170,111.3071456631197,16.956739902496338,9.627357482910156,26.584097385406494,1360,0.671643998590298,0,0,TRUE,pair,418,6.730805299826898,5.028725919307749,48,0,7.078947368421052,6.730805299826898,0.754499300615862,9.018670403282158,cpu,cuda:0,0,670.3818359,46
157,1,DDT600_num150.txt,fixed,3002,8,375.25,31.661293029785156,15.362757682800293,1.333439922746038e-05,-5.72,-0.450780647,0.14249999821186066,0.03315577656030655,0.10000000149011612,0.19333332777023315,-0.113317119,-0.106580048,0.0022898446331964806,0.7881989553570747,0.012668089493672596,0.03790427537751384,0.0003,1029,171,95.5824706343895,15.39144515991211,16.015987396240234,31.407432556152344,1381,0.5942324985517189,0,0,TRUE,pair,417,6.31118240125943,5.052298469038346,48,0,7.199040767386091,6.31118240125943,0.6404972020536661,8.082442399580032,cpu,cuda:0,0,670.3818359,48
158,1,DDT600_num150.txt,fixed,3119,8,389.875,33.19050216674805,15.793730735778809,2.1867026589461602e-05,-5.84,-0.47634651,0.13500000536441803,0.03782268613576889,0.08666666597127914,0.2133333384990692,-0.166636344,-0.160702141,0.002855913734740832,0.7362157865004106,0.020697872251151817,0.0783388116820292,0.0003,1038,162,81.60685521743444,15.830770254135132,22.389058113098145,38.219828367233276,1420,0.5844512983458117,0,0,TRUE,pair,443,6.605705901281908,4.744469380982605,50,0,7.040632054176072,6.605705901281908,0.6566859999438748,8.188761998084374,cpu,cuda:0,0,670.38427734375,48
159,1,DDT600_num150.txt,fixed,2977,8,372.125,32.211944580078125,18.35984230041504,1.51691183418734e-05,-5.72,-0.458912029,0.14249999821186066,0.03619967773556709,0.09333333373069763,0.20666666328907013,-0.104605859,-0.097973978,0.002412829690405892,0.7838293777571784,0.019715248060593795,0.06606987449857923,0.0003,1029,171,85.7828002423048,18.39093255996704,16.3129940032959,34.70392656326294,1376,0.708182803238742,0,0,TRUE,pair,421,7.9460456013912335,4.94860597725158,56,0,7.07125890736342,7.9460456013912335,0.9040016004582867,8.986345700570382,cpu,cuda:0,0,670.3818359,47
160,1,DDT600_num150.txt,fixed,2968,8,371,38.34709930419922,16.64653778076172,1.7494141502538696e-05,-5.88,-0.499527687,0.13250000774860382,0.045269258320331573,0.07333333045244217,0.2133333384990692,-0.225297044,-0.218911469,0.003519069607136771,0.8145111401875814,0.01607356701545844,0.05062198988161981,0.0003,1041,159,76.28977311548188,16.677249908447266,22.227047204971313,38.90429711341858,1361,0.6244012062670663,0,0,TRUE,pair,431,7.1402718995232135,5.224730457096408,60,0,6.886310904872389,7.1402718995232135,0.7758015983272344,8.356947697815485,cpu,cuda:0,0,670.3818359,49
161,1,DDT600_num150.txt,fixed,2966,8,370.75,31.363792419433594,15.540258407592773,1.870636515377555e-05,-5.706666667,-0.478565608,0.1433333456516266,0.04109609127044678,0.09333333373069763,0.20666666328907013,-0.186298259,-0.179546542,0.002595836462985192,0.8049629160336086,0.016157995676621795,0.058369548725230355,0.0003,1028,172,96.05578511131607,15.568000793457031,15.309889554977417,30.87789034843445,1341,0.5619633021997288,0,0,TRUE,pair,412,6.521594299934804,5.238368172864213,50,0,7.199029126213592,6.521594299934804,0.6698700981214643,8.01142929843627,cpu,cuda:0,0,670.3818359,49
162,1,DDT600_num150.txt,fixed,3115,8,389.375,29.76548957824707,16.490188598632812,1.5626877939212136e-05,-5.76,-0.483249873,0.14000000059604645,0.020548047497868538,0.10000000149011612,0.1666666716337204,-0.167008544,-0.16016526,0.0018382009196405609,0.7762382626533508,0.017451564723160118,0.021119955306251843,0.0003,1032,168,139.80637823424968,16.518536806106567,5.762277841567993,22.28081464767456,1432,0.6383046997943893,0,0,TRUE,pair,432,6.854812600417063,4.9325842674432945,42,0,7.210648148148148,6.854812600417063,0.6732635976513848,8.592567997169681,cpu,cuda:0,0,670.38427734375,49
163,1,DDT600_num150.txt,fixed,3067,8,383.375,31.539409637451172,17.7615966796875,1.6184389096451923e-05,-5.746666667,-0.496140778,0.14083334803581238,0.03422759100794792,0.07999999821186066,0.18000000715255737,-0.134387075,-0.128064556,0.003164782007742259,0.7904911041259766,0.012297489311701307,0.05157665587547752,0.0003,1031,169,83.93645446177686,17.797128915786743,18.742417812347412,36.539546728134155,1384,0.6662484967382625,0,0,TRUE,pair,426,7.5796659011393785,4.997391590436196,60,0,7.199530516431925,7.5796659011393785,0.8086537036579102,8.974047298892401,cpu,cuda:0,0,670.38232421875,49
164,1,DDT600_num150.txt,fixed,3271,8,408.875,23.944923400878906,18.02545928955078,1.2138292731833644e-05,-5.466666667,-0.465722913,0.15833333134651184,0.03662877157330513,0.07999999821186066,0.20000000298023224,-0.055611883,-0.049898979,0.002989924724467776,0.7207861109213396,0.01959943637749265,0.0689762295647101,0.0003,1010,190,82.55504483544875,18.061155557632446,21.560893058776855,39.6220486164093,1438,0.6554952010046691,0,0,TRUE,pair,434,7.477683799806982,4.741974930849254,45,0,7.5368663594470044,7.477683799806982,0.7853944017551839,9.359543392900378,cpu,cuda:0,0,670.38720703125,50
165,1,DDT600_num150.txt,fixed,2995,8,374.375,25.879226684570312,16.03113555908203,1.753308970364742e-05,-5.986666667,-0.547588137,0.12583333253860474,0.027575654909014702,0.07999999821186066,0.1733333319425583,-0.04202072,-0.035007083,0.0023043498513288796,0.8165809512138367,0.01290819386485964,0.03896749746054411,0.0003,1049,151,79.755112424068,16.06082534790039,21.491626262664795,37.552451610565186,1361,0.7434253002284095,0,0,TRUE,pair,416,6.824456698959693,5.0303839737664475,50,0,7.199519230769231,6.824456698959693,0.7043651983840391,8.150986500550061,cpu,cuda:0,0,670.3818359,49
166,1,DDT600_num150.txt,fixed,2918,8,364.75,27.539743423461914,15.2027006149292,2.0697149011539295e-05,-6.013333333,-0.566429554,0.12416666746139526,0.01761864498257637,0.09333333373069763,0.14666666090488434,-0.121980339,-0.115743328,0.003368715064425487,0.7921368554234505,0.010487411338544916,0.028959615505300462,0.0003,1051,149,84.21081108621846,15.245053768157959,19.406079053878784,34.65113282203674,1375,0.6705184991005808,0,0,TRUE,pair,413,6.396399800898507,5.057916381899995,45,0,7.065375302663438,6.396399800898507,0.6599370980402455,7.804798398981802,cpu,cuda:0,0,670.3798828,50
167,1,DDT600_num150.txt,fixed,2738,8,342.25,17.562389373779297,13.589573860168457,1.0501248652872164e-05,-6.32,-0.615005921,0.10500000417232513,0.01848422922194004,0.07333333045244217,0.13333334028720856,-0.209232312,-0.203271702,0.005244158586720005,0.8582686856389046,0.01297997402434703,0.054898456670343876,0.0003,1074,126,87.93201843775383,13.616880893707275,17.52080988883972,31.137690782546997,1311,0.5379780017537996,0,0,TRUE,pair,374,5.512051499332301,5.498173848741502,55,0,7.320855614973262,5.512051499332301,0.565049501368776,7.2200938006863,cpu,cuda:0,0,670.3769531,49
168,1,DDT600_num150.txt,fixed,2931,8,366.375,19.30632972717285,15.047744750976562,3.802309220191091e-05,-6.026666667,-0.5722067,0.12333334237337112,0.015634719282388687,0.10000000149011612,0.14000000059604645,-0.294455212,-0.28835519,0.004447886464186012,0.8323939681053162,0.031670242563996,0.035187289118766785,0.0003,1052,148,141.0812330454563,15.103021621704102,5.672243356704712,20.775264978408813,1378,0.595184198115021,0,0,TRUE,pair,388,6.207105299341492,5.074718526425682,60,0,7.554123711340206,6.207105299341492,0.6321191961178556,7.884283296996728,cpu,cuda:0,0,670.3798828,49
169,1,DDT600_num150.txt,fixed,3159,8,394.875,37.22377395629883,17.71714973449707,1.71926076291129e-05,-5.386666667,-0.448303218,0.16333332657814026,0.04594682529568672,0.09333333373069763,0.23999999463558197,-0.312923372,-0.307517789,0.004108703113161027,0.7459929585456848,0.022573847985768225,0.004608294926583767,0.0003,1004,196,154.6017364420755,17.753361701965332,2.678610324859619,20.433146953582764,1407,0.6491829992737621,0,0,TRUE,pair,456,7.718426799750887,4.701804369074818,50,0,6.927631578947368,7.718426799750887,0.769921101629734,8.848115400411189,cpu,cuda:0,0,331.5566406,49
170,1,DDT600_num150.txt,fixed,3205,8,400.625,23.957971572875977,16.511640548706055,1.4080832443141844e-05,-5.386666667,-0.406888131,0.16333332657814026,0.02808716520667076,0.12666666507720947,0.20000000298023224,0.14181204016009966,0.14675397177537283,0.005164620311309894,0.7524255216121674,0.020933143348277856,0.05741107432792584,0.0003,1004,196,109.57329799142121,16.544488668441772,12.7053382396698,29.249826908111572,1394,0.6041535015683621,0,0,TRUE,pair,432,7.210546901449561,4.718252727208011,45,0,7.418981481481482,7.210546901449561,0.6724367050919682,8.278004003572278,cpu,cuda:0,0,670.3867188,50
171,1,DDT600_num150.txt,fixed,2939,8,367.375,23.48902702331543,16.25579261779785,1.0271386599924881e-05,-5.773333333,-0.486408449,0.13916665315628052,0.02895158901810646,0.08666666597127914,0.18000000715255737,-0.13494856,-0.128041545,0.0033205137588083744,0.8567269295454025,0.024860913457814604,0.0801223914604634,0.0003,1033,167,91.2544742181592,16.289494037628174,15.91714596748352,32.206640005111694,1351,0.6143587999977171,0,0,TRUE,pair,404,6.859110201825388,5.103436543771952,54,0,7.274752475247524,6.859110201825388,0.7384358998388052,8.294254700420424,cpu,cuda:0,0,670.3798828,49
172,1,DDT600_num150.txt,fixed,3046,8,380.75,25.434967041015625,18.05164337158203,4.007134702987969e-05,-5.653333333,-0.412357313,0.14666667580604553,0.05066228285431862,0.07999999821186066,0.2266666740179062,-0.069269638,-0.063164791,0.004706291986318926,0.8457995123333402,0.023470786270788975,0.05790024147265487,0.0003,1024,176,79.72295065742878,18.084319829940796,20.12299656867981,38.207316398620605,1356,0.6718689975095913,0,0,TRUE,pair,416,7.69132480060216,5.085686145451847,65,0,7.322115384615385,7.69132480060216,0.8315622984664515,9.122505298932083,cpu,cuda:0,0,670.38232421875,51
173,1,DDT600_num150.txt,fixed,3315,8,414.375,22.298751831054688,16.39310646057129,1.4193416973284911e-05,-4.986666667,-0.398845266,0.18833333253860474,0.04907477647066116,0.07999999821186066,0.2666666805744171,0.04541238211095333,0.0526243019849062,0.0023384119413094595,0.8381124883890152,0.015240025524690282,0.02747389394789934,0.0003,974,226,142.77272259874877,16.428061723709106,6.790659189224243,23.21872091293335,1415,0.5834490983979777,0,0,TRUE,pair,443,6.945662898360752,4.761689294265586,45,0,7.483069977426637,6.945662898360752,0.6673772992799059,8.427874201675877,cpu,cuda:0,0,670.38720703125,51
174,1,DDT600_num150.txt,fixed,3127,8,390.875,23.159433364868164,15.552436828613281,1.1587240805965848e-05,-5.373333333,-0.46857476,0.1641666740179062,0.03315577656030655,0.09333333373069763,0.20000000298023224,-0.460223906,-0.455666766,0.0027578533881751355,0.5936059355735779,1.7651828493690118,0.130859375,0.0003,1003,197,167.08291492396222,15.599475145339966,3.11578369140625,18.715258836746216,1373,0.5478249003645033,0,0,TRUE,pair,422,6.475250201066956,4.857051487277024,50,0,7.409952606635071,6.475250201066956,0.6395309055224061,8.00734520307742,cpu,cuda:0,0,670.38427734375,49
175,1,DDT600_num150.txt,fixed,3132,8,391.5,37.453304290771484,17.17031478881836,1.602910560905002e-05,-5.52,-0.451733688,0.1550000011920929,0.03050500899553299,0.10000000149011612,0.19333332777023315,0.07639749646186829,0.08345960378646851,0.0015753421699628233,0.78497816324234,0.018847773014567793,0.0575426135212183,0.0003,1014,186,111.86997107863866,17.202820777893066,10.793968439102173,27.99678921699524,1386,0.7227396970847622,0,0,TRUE,pair,452,7.372231101151556,4.783205621772343,35,0,6.929203539823009,7.372231101151556,0.7742921030148864,8.64095630182419,cpu,cuda:0,0,670.38427734375,49
176,1,DDT600_num150.txt,fixed,3093,8,386.625,25.149242401123047,18.433856964111328,1.37540864670882e-05,-5.52,-0.465824567,0.1549999862909317,0.023746345192193985,0.11999999731779099,0.18666666746139526,-0.381891934,-0.375573888,0.0027383737033233047,0.7687247842550278,0.01498977409210056,0.0353892392013222,0.0003,1014,186,121.55742353642971,18.460879802703857,6.983884572982788,25.444764375686646,1388,0.6866705992724746,0,0,TRUE,pair,431,8.076294700964354,4.975428386756683,50,0,7.176334106728539,8.076294700964354,0.8948520029662177,9.041466601658612,cpu,cuda:0,0,670.38427734375,50
177,1,DDT600_num150.txt,fixed,3122,8,390.25,25.839649200439453,15.347721099853516,1.4685500900668558e-05,-5.32,-0.431351002,0.16750000417232513,0.0410199835896492,0.1133333370089531,0.2199999988079071,-0.095067859,-0.088213444,0.0032364639337174594,0.8472645282745361,0.039938291534781456,0.157226563,0.0003,999,201,174.82000906687534,15.376311779022217,2.482055902481079,17.858367681503296,1391,0.5528738984139636,0,0,TRUE,pair,421,6.44047430169303,4.8167841112972605,40,0,7.415676959619953,6.44047430169303,0.6280470981728286,7.9492509997216985,cpu,cuda:0,0,670.38427734375,48
178,1,DDT600_num150.txt,fixed,2942,8,367.75,31.91688346862793,16.44702911376953,1.588662235008087e-05,-5.546666667,-0.455093982,0.15333333611488342,0.04136557877063751,0.1066666692495346,0.2199999988079071,-0.075117198,-0.067538806,0.002390885600886707,0.8773833428110395,0.014644781693017908,0.047338451125792096,0.0003,1016,184,95.66111750726633,16.4749653339386,14.279431819915771,30.75439715385437,1343,0.6071172003867105,0,0,TRUE,pair,419,6.998345100320876,5.3416043513490585,50,0,7.021479713603819,6.998345100320876,0.7480688015930355,8.328778099850751,cpu,cuda:0,0,670.3798828,51
179,1,DDT600_num150.txt,fixed,3171,8,396.375,22.775741577148438,18.92144012451172,1.1018963050446473e-05,-5.04,-0.407877278,0.1850000023841858,0.03617089241743088,0.12666666507720947,0.2266666740179062,-0.141005682,-0.133241609,0.001738272646131615,0.8633191585540771,0.0633774761420985,0.03338068102796873,0.0003,978,222,119.29199860628927,18.947781085968018,7.634052038192749,26.581833124160767,1392,0.7940399025101215,0,0,TRUE,pair,432,8.088203302468173,5.045411541047663,65,0,7.340277777777778,8.088203302468173,0.8571020014351234,9.553362002945505,cpu,cuda:0,0,670.3847656,50
180,1,DDT600_num150.txt,fixed,3163,8,395.375,28.230911254882812,17.01824378967285,1.2507321116572712e-05,-5.373333333,-0.477028523,0.164166659116745,0.03799671307206154,0.11999999731779099,0.2266666740179062,-0.060988666,-0.053483215,0.002017084237498542,0.8513988190227084,0.009034176292415295,0.03941653265307347,0.0003,1003,197,94.42338395803607,17.0465407371521,16.451517343521118,33.49805808067322,1393,0.6131314027588814,0,0,TRUE,pair,431,7.373329899273813,5.0259247534719025,54,0,7.338747099767981,7.373329899273813,0.733530698926188,8.538740396732464,cpu,cuda:0,0,670.3847656,50
181,1,DDT600_num150.txt,fixed,3033,8,379.125,30.844114303588867,17.381731033325195,1.9590986994444393e-05,-5.586666667,-0.485344904,0.1508333384990692,0.02846781723201275,0.1133333370089531,0.19333332777023315,-0.255471925,-0.249423639,0.003499596659094095,0.7798089265823365,0.021425963565707206,0.07535261511802674,0.0003,1019,181,112.71954981874731,17.420531034469604,9.486957550048828,26.907488584518433,1372,0.6417413019808009,0,0,TRUE,pair,421,7.4609863988589495,5.066600724568353,60,0,7.2042755344418055,7.4609863988589495,0.7508341948268935,8.797355197486468,cpu,cuda:0,0,670.38232421875,49
182,1,DDT600_num150.txt,fixed,3093,8,386.625,30.756858825683594,17.445098876953125,3.887904676957987e-05,-5.32,-0.460683731,0.16750000417232513,0.030810803174972534,0.11999999731779099,0.2199999988079071,-0.042688957,-0.034444489,0.0017360801381679873,0.911251058181127,0.009772929578806119,0.032556495939691864,0.0003,999,201,95.08890580761435,17.474383115768433,15.053070783615112,32.527453899383545,1371,0.6630915028508753,0,0,TRUE,pair,419,7.473363500321284,5.280310378196438,65,0,7.3818615751789975,7.473363500321284,0.864700898877345,8.700535897631198,cpu,cuda:0,0,670.38427734375,51
183,1,DDT600_num150.txt,fixed,3282,8,410.25,18.012147903442383,17.573257446289062,1.0115243640029803e-05,-5.026666667,-0.421253202,0.18583334982395172,0.03340616822242737,0.13333334028720856,0.2266666740179062,0.043299624075492225,0.05105946771800518,0.0012121079586601506,0.8365900715192159,0.012664700819489857,0.04211319889873266,0.0003,977,223,109.47773991854558,17.59993028640747,12.378766775131226,29.978697061538696,1409,0.6042191962478682,0,0,TRUE,pair,432,7.8023302998626605,4.862583792042543,56,0,7.597222222222222,7.8023302998626605,0.7678806002950296,8.629628003109246,cpu,cuda:0,0,670.38720703125,51
184,1,DDT600_num150.txt,fixed,2974,8,371.75,11.377059936523438,15.735816955566406,1.105501451093005e-05,-5.64,-0.493901421,0.14749999344348907,0.015789413824677467,0.12666666507720947,0.1666666716337204,-0.101037857,-0.093844634,0.0018170090495712226,0.8101725048489041,0.03175470817627178,0.056509340181946754,0.0003,1023,177,85.78808550921886,15.763176202774048,18.903642416000366,34.666818618774414,1347,0.6598719025496393,0,0,TRUE,pair,392,6.7900798006448895,5.1583725635686335,60,0,7.586734693877551,6.7900798006448895,0.7041917984606698,7.899372801068239,cpu,cuda:0,0,670.3818359,50
185,1,DDT600_num150.txt,fixed,3026,8,378.25,24.12856101989746,15.605508804321289,1.362953753414331e-05,-5.64,-0.507574964,0.14750000834465027,0.033071890473365784,0.1066666692495346,0.19333332777023315,0.01799118220806122,0.025823050737380983,0.0023530811071395875,0.9008406639099121,0.011610158241819591,0.04217360466718674,0.0003,1023,177,103.39004224308218,15.63205361366272,13.63575530052185,29.26780891418457,1366,0.5933521972037852,0,0,TRUE,pair,426,6.572916498989798,5.158294779846232,45,0,7.103286384976526,6.572916498989798,0.670906392741017,8.016859395429492,cpu,cuda:0,0,670.38232421875,51
186,1,DDT600_num150.txt,fixed,3059,8,382.375,20.371166229248047,17.172405242919922,1.1404285942262504e-05,-5.613333333,-0.520499066,0.14916665852069855,0.03619967773556709,0.10000000149011612,0.2199999988079071,-0.075008509,-0.06753864,0.0029856148175895214,0.8962677121162415,0.016515289153903722,0.045054014585912225,0.0003,1021,179,82.36402829824405,17.200278520584106,19.93972134590149,37.139999866485596,1375,0.7153237001039088,0,0,TRUE,pair,418,7.5537685002200305,5.0771493927331175,80,0,7.318181818181818,7.5537685002200305,0.8023626974318177,8.43350510194432,cpu,cuda:0,0,670.38232421875,51
187,1,DDT600_num150.txt,fixed,2959,8,369.875,24.987184524536133,16.529932022094727,9.608002073946409e-06,-5.64,-0.511896013,0.14749999344348907,0.030810801312327385,0.1066666692495346,0.20666666328907013,0.11168432235717773,0.11938653588294983,0.0024921044707298277,0.8948265790939331,0.01201489202794619,0.031725156866014,0.0003,1023,177,97.72209694729663,16.556884288787842,13.722858905792236,30.279743194580078,1353,0.5974689996801317,0,0,TRUE,pair,412,7.298306300654076,5.145319364327923,55,0,7.182038834951456,7.298306300654076,0.7628910051425919,8.112294201622717,cpu,cuda:0,0,670.3818359,52
188,1,DDT600_num150.txt,fixed,2983,8,372.875,13.317633628845215,16.620275497436523,7.168434422055725e-06,-5.573333333,-0.505563445,0.15166667103767395,0.03601696714758873,0.1066666692495346,0.20666666328907013,-0.16736723,-0.159610512,0.0025157116514702258,0.9014579562040476,0.016139885965878002,0.05724782066849562,0.0003,1018,182,71.28875763365387,16.65117907524109,25.192725896835327,41.843904972076416,1377,0.6134814042598009,0,0,TRUE,pair,389,7.2303128994535655,5.204492119307331,60,0,7.668380462724936,7.2303128994535655,0.7488016996067017,8.277470598579384,cpu,cuda:0,0,670.3818359,47
189,1,DDT600_num150.txt,fixed,2999,8,374.875,30.526371002197266,16.61859130859375,1.2379412510199472e-05,-5.68,-0.476605687,0.14500001072883606,0.04758034273982048,0.07999999821186066,0.2266666740179062,-0.679365814,-0.673072636,0.0035790172405540943,0.808269739151001,0.0321260429918766,0.007874015718698502,0.0003,1026,174,170.35036361931208,16.645890474319458,0.9590029716491699,17.604893445968628,1353,0.6034108985913917,0,0,TRUE,pair,421,7.352891300222836,5.173724571757811,55,0,7.123515439429929,7.352891300222836,0.7458822997286916,8.158090101438574,cpu,cuda:0,0,190.90576171875,45
190,1,DDT600_num150.txt,fixed,3101,8,387.625,25.970836639404297,16.922616958618164,1.3687801583728287e-05,-5.52,-0.479801705,0.1549999862909317,0.027436796575784683,0.11999999731779099,0.20666666328907013,-0.05784181,-0.05055397,0.002364013968458907,0.8469847196882422,0.012607812114186923,0.06443155031989921,0.0003,1014,186,45.31094149669729,16.951598644256592,51.48661732673645,68.43821597099304,1373,0.7063143003033474,0,0,TRUE,pair,425,7.343727000290528,4.966784906095168,60,0,7.2964705882352945,7.343727000290528,0.8108608032343909,8.379507395089604,cpu,cuda:0,0,670.38427734375,39
191,1,DDT600_num150.txt,fixed,3094,8,386.75,26.5506591796875,15.387484550476074,1.2342623449512757e-05,-5.493333333,-0.49552665,0.15666665136814117,0.02728450857102871,0.12666666507720947,0.20666666328907013,-0.086555019,-0.079544965,0.003027529014313283,0.8523815100391706,0.007296840822770416,0.05351496674120426,0.0003,1012,188,43.0795602524086,15.4197359085083,56.400867223739624,71.82060313224792,1372,0.5685876014176756,0,0,TRUE,pair,431,6.366928301402368,4.85552682711682,60,0,7.178654292343388,6.366928301402368,0.6439410024322569,8.047141697257757,cpu,cuda:0,0,670.38427734375,38
192,1,DDT600_num150.txt,fixed,3265,8,408.125,17.01056671142578,16.83224105834961,9.979462447518017e-06,-5.106666667,-0.447199999,0.1808333396911621,0.03471111133694649,0.12666666507720947,0.23333333432674408,-0.029715235,-0.022514145,0.0017439040465332153,0.8073041439056396,0.02071104529184393,0.042541269730362624,0.0003,983,217,58.94787227681017,16.858553409576416,38.52936601638794,55.387919425964355,1400,0.5937998980516568,0,0,TRUE,pair,435,7.183251699781977,4.600612557646326,65,0,7.505747126436781,7.183251699781977,0.7439942004857585,8.54271080181934,cpu,cuda:0,0,670.38720703125,42
193,1,DDT600_num150.txt,fixed,2930,8,366.25,13.516194343566895,15.003120422363281,7.569555236841552e-06,-5.786666667,-0.520101814,0.13833333551883698,0.025110863149166107,0.09333333373069763,0.1733333319425583,-0.17304947,-0.165900458,0.003601393768225204,0.8949707367203452,0.022845709283666856,0.0419763682664118,0.0003,1034,166,83.39009393616874,15.033916234970093,20.10215163230896,35.13606786727905,1335,0.5492258971789852,0,0,TRUE,pair,384,6.474608198739588,5.170648463187364,45,0,7.630208333333333,6.474608198739588,0.6628576962975785,7.547466199146584,cpu,cuda:0,0,670.3798828,42
194,1,DDT600_num150.txt,fixed,3067,8,383.375,18.020387649536133,17.20757293701172,1.1142083167214878e-05,-5.706666667,-0.525377708,0.1433333307504654,0.03431876748800278,0.1066666692495346,0.20666666328907013,-0.13560243,-0.12897538,0.003673749015433714,0.846392672508955,0.012430075086740544,0.05435112817212939,0.0003,1028,172,55.66250116294107,17.23596692085266,37.863964557647705,55.099931478500366,1385,0.7069273019442335,0,0,TRUE,pair,415,7.504968098481186,4.939680468581343,60,0,7.390361445783133,7.504968098481186,0.8340954009909183,8.473722300725058,cpu,cuda:0,0,670.38232421875,46
195,1,DDT600_num150.txt,fixed,2954,8,369.25,24.21647071838379,15.379305839538574,1.2856930879934225e-05,-6.08,-0.525880624,0.11999999731779099,0.03559026122093201,0.07999999821186066,0.18000000715255737,-0.206534564,-0.199563473,0.004948922411792658,0.9445553367788141,0.009634215736613523,0.03715887987478213,0.0003,1056,144,81.08575145752762,15.41216516494751,21.01840305328369,36.4305682182312,1387,0.5732987005030736,0,0,TRUE,pair,415,6.499167700414546,5.0839539593591345,54,0,7.118072289156626,6.499167700414546,0.6482033984502777,7.90318050282076,cpu,cuda:0,0,670.3818359,46
196,1,DDT600_num150.txt,fixed,3211,8,401.375,27.36301040649414,16.766935348510742,1.2723602594633121e-05,-5.68,-0.542625967,0.14500001072883606,0.03378855809569359,0.07999999821186066,0.18666666746139526,-0.088497532,-0.080897332,0.0023806804965715855,0.8790538236498833,0.01231291302065074,0.0200530169531703,0.0003,1026,174,89.40834300785016,16.799397230148315,19.114477157592773,35.91387438774109,1422,0.6113826963119209,0,0,TRUE,pair,428,7.139009798760526,4.843662414622062,50,0,7.502336448598131,7.139009798760526,0.7656403034925461,8.48876910447143,cpu,cuda:0,0,670.3867188,47
197,1,DDT600_num150.txt,fixed,3073,8,384.125,21.624277114868164,15.247986793518066,1.2015917491225991e-05,-5.746666667,-0.551302589,0.14083333313465118,0.044899579137563705,0.09333333373069763,0.2199999988079071,0.22215972244739532,0.23020245134830475,0.0013413531472906471,0.8713403820991517,0.03156689250317868,0.015975765138864517,0.0003,1031,169,106.56155762418527,15.278632164001465,13.559159517288208,28.837791681289673,1416,0.5901828026399016,0,0,TRUE,pair,417,6.303630999987945,4.906931338075935,45,0,7.369304556354916,6.303630999987945,0.6449736017966643,7.961874899454415,cpu,cuda:0,0,670.38427734375,47
198,1,DDT600_num150.txt,fixed,3169,8,396.125,22.217321395874023,17.764724731445312,1.8748858565231785e-05,-5.466666667,-0.537050863,0.15833333134651184,0.024209732189774513,0.12666666507720947,0.20666666328907013,0.019374288086380278,0.026414517845426286,0.0018482603565124528,0.7964361395154681,0.013756592200869429,0.018431688525847027,0.0003,1010,190,90.1539776902681,17.79416847229004,17.356804132461548,35.15097260475159,1390,0.7265394040150568,0,0,TRUE,pair,436,7.737168800085783,4.806879141835544,70,0,7.268348623853211,7.737168800085783,0.7864109011134133,8.84459860343486,cpu,cuda:0,0,670.3847656,48
199,1,DDT600_num150.txt,fixed,3123,8,390.375,34.98548889160156,15.270974159240723,1.8338092559133656e-05,-5.386666667,-0.514294129,0.16333334147930145,0.044347114861011505,0.09333333373069763,0.2199999988079071,-0.079733787,-0.0725125,0.0026682569296099246,0.855541831917233,0.0336339310241682,0.047247192149774894,0.0003,1004,196,56.90745620881256,15.298742055892944,39.57983112335205,54.878573179244995,1391,0.6618017997825518,0,0,TRUE,pair,428,6.3428049008361995,4.858149214810833,70,0,7.296728971962617,6.3428049008361995,0.6407321004662663,7.959290897240862,cpu,cuda:0,0,670.38427734375,48
200,1,DDT600_num150.txt,fixed,3128,8,391,32.011714935302734,15.529916763305664,1.7093132555601187e-05,-5.853333333,-0.583767433,0.1341666728258133,0.03008090890944004,0.10000000149011612,0.18666666746139526,-0.171596646,-0.165743091,0.003844097931869328,0.7775605469942093,0.01089110698812874,0.03722951840609312,0.0003,1039,161,84.66545583596705,15.566290855407715,21.379119396209717,36.94541025161743,1397,0.6763036977499723,0,0,TRUE,pair,440,6.553626200067811,4.648017901669988,45,0,7.109090909090909,6.553626200067811,0.6323191984556615,8.015971896937117,cpu,cuda:0,0,670.38427734375,49
201,1,DDT600_num150.txt,fixed,3076,8,384.5,30.508195877075195,16.903701782226562,1.7584885426913388e-05,-5.613333333,-0.556422655,0.14916665852069855,0.04202347248792648,0.09333333373069763,0.2266666740179062,-0.062720612,-0.055643989,0.0026232076601849664,0.838822709189521,0.007733592983438737,0.031968239358522825,0.0003,1021,179,59.06727199841336,16.936547994613647,35.13966774940491,52.076215744018555,1372,0.6037952997721732,0,0,TRUE,pair,440,7.419657198013738,4.913524053031663,80,0,6.990909090909091,7.419657198013738,0.754712198744528,8.365785706671886,cpu,cuda:0,0,670.38427734375,50
202,1,DDT600_num150.txt,fixed,3148,8,393.5,21.868927001953125,18.080827713012695,6.273988401517272e-05,-5.56,-0.547295027,0.1525000035762787,0.031523801386356354,0.1066666692495346,0.20666666328907013,-0.094988362,-0.088005306,0.002862755449314136,0.8414431549608707,0.030677723476401297,0.03640082897618413,0.0003,1017,183,57.556266658399466,18.11438512802124,36.57991981506348,54.69430494308472,1410,0.6618447989458218,0,0,TRUE,pair,435,7.807574800681323,4.805590850576815,48,0,7.236781609195402,7.807574800681323,0.8247224037768319,9.047938597737812,cpu,cuda:0,0,670.3847656,51
203,1,DDT600_num150.txt,fixed,3089,8,386.125,26.169818878173828,17.194490432739258,1.82199219125323e-05,-5.546666667,-0.551368736,0.15333333611488342,0.026457514613866806,0.11999999731779099,0.19333332777023315,-0.16688871,-0.160229515,0.0022042495741819343,0.7761316647132238,0.009201375596603611,0.03705507555666069,0.0003,1016,184,76.97581208255869,17.22434949874878,22.905139446258545,40.129488945007324,1394,0.7444357994245365,0,0,TRUE,pair,426,7.633641800028272,4.807704758821625,45,0,7.251173708920188,7.633641800028272,0.792132998816669,8.39012519933749,cpu,cuda:0,0,670.38427734375,51
204,1,DDT600_num150.txt,fixed,2903,8,362.875,16.158878326416016,14.223153114318848,7.621940312674269e-06,-6.133333333,-0.584507763,0.11666666716337204,0.02687419392168522,0.07333333045244217,0.1599999964237213,-0.161145672,-0.154667826,0.004387973473058082,0.8671826682984829,0.014872127321723383,0.02993423881707713,0.0003,1060,140,56.85194708949549,14.253178834915161,36.80927634239197,51.06245517730713,1355,0.6454776987666264,0,0,TRUE,pair,395,5.839884899673052,5.16017912348262,50,0,7.349367088607595,5.839884899673052,0.6120354011654854,7.460284402244724,cpu,cuda:0,0,670.3798828,51
205,1,DDT600_num150.txt,fixed,3018,8,377.25,9.66630744934082,14.841001510620117,7.516804998886073e-06,-5.786666667,-0.523741066,0.13833333551883698,0.025110865011811256,0.09333333373069763,0.18666666746139526,0.03446003173788389,0.04163495140771071,0.002704403654206544,0.8527119060357412,0.01926886453050732,0.01993005055313309,0.0003,1034,166,96.73107140845207,14.871085405349731,16.328817129135132,31.199902534484863,1368,0.5535222997423261,0,0,TRUE,pair,393,6.131017499603331,4.840622929803104,60,0,7.679389312977099,6.131017499603331,0.6297312987735495,7.76383530232124,cpu,cuda:0,0,670.38232421875,51
206,1,DDT600_num150.txt,fixed,3113,8,389.125,43.03323745727539,16.411701202392578,2.002716064453125e-05,-5.693333333,-0.516926461,0.14416666328907013,0.05206166207790375,0.06666667014360428,0.23999999463558197,-0.07493483,-0.06773195,0.003339358941755361,0.8872567680146959,0.006244222150093669,0.014630589271999069,0.0003,1027,173,92.01405153370197,16.44711947441101,17.3846697807312,33.83178925514221,1417,0.7125741974450648,0,0,TRUE,pair,477,7.090733599499799,4.844522970227463,60,0,6.526205450733753,7.090733599499799,0.7446103023830801,8.21212170261424,cpu,cuda:0,0,670.38427734375,51
207,1,DDT600_num150.txt,fixed,3032,8,379,27.06473731994629,14.85495376586914,1.3633707567350939e-05,-5.613333333,-0.532190433,0.14916667342185974,0.035424020141363144,0.09333333373069763,0.2133333384990692,-0.096522072,-0.088772648,0.0023861181331225312,0.8942482609015244,0.01308804096501822,0.03450424002053646,0.0003,1021,179,69.20500470991387,14.884392499923706,28.927467823028564,43.81186032295227,1400,0.5643411967903376,0,0,TRUE,pair,433,6.240182402660139,5.035290237152482,45,0,7.002309468822171,6.240182402660139,0.5920371004613116,7.711806698469445,cpu,cuda:0,0,670.38232421875,51
208,1,DDT600_num150.txt,fixed,3038,8,379.75,35.5378303527832,16.83463478088379,1.5018477824924048e-05,-5.6,-0.51770272,0.14999999105930328,0.03696845471858978,0.1066666692495346,0.2133333384990692,-0.142739299,-0.136607559,0.003380580413663252,0.7822031703862277,0.012886931029656394,0.03654043884439902,0.0003,1020,180,76.63485565165583,16.86579704284668,22.77673864364624,39.64253568649292,1394,0.6027932985452935,0,0,TRUE,pair,428,7.553192100254819,5.0049374589329885,45,0,7.098130841121495,7.553192100254819,0.7475429980549961,8.177922203787602,cpu,cuda:0,0,670.38232421875,51
209,1,DDT600_num150.txt,fixed,3136,8,392,31.73326301574707,15.70044994354248,1.7649417713982984e-05,-5.44,-0.51268209,0.1599999964237213,0.03214550390839577,0.1133333370089531,0.20000000298023224,-0.084896279,-0.077987889,0.0027079729770775884,0.8262374103069305,0.027550438160687918,0.02832845924422145,0.0003,1008,192,86.23444749210788,15.732627391815186,20.633350372314453,36.36597776412964,1409,0.5833737007342279,0,0,TRUE,pair,436,6.624740999890491,4.762755103941474,50,0,7.192660550458716,6.624740999890491,0.6490982981631532,8.092680398956873,cpu,cuda:0,0,670.38427734375,52
210,1,DDT600_num150.txt,fixed,2936,8,367,7.280109882354736,16.118688583374023,2.520480120438151e-05,-6.013333333,-0.586850169,0.12416666746139526,0.019418634474277496,0.09333333373069763,0.15333333611488342,-1.076820612,-1.072895885,0.00838430318981409,0.8116816878318787,0.03368234261870384,0.010869565419852734,0.0003,1051,149,175.65836127475563,16.165924072265625,0.5483386516571045,16.71426272392273,1397,0.6977401988115162,0,0,TRUE,pair,379,7.008119700825773,4.945163487576009,45,0,7.746701846965699,7.008119700825773,0.7095219005132094,8.045760298729874,cpu,cuda:0,0,149.5576172,51
211,1,DDT600_num150.txt,fixed,3129,8,391.125,28.68552589416504,16.313812255859375,1.1444091796875e-05,-5.426666667,-0.539855082,0.16083332896232605,0.04338938742876053,0.10000000149011612,0.2133333384990692,-0.126819039,-0.119643148,0.0032532008804587852,0.8802498115433587,0.020094420350182593,0.05592818087380794,0.0003,1007,193,89.29159573101337,16.343339204788208,18.69915246963501,35.04249167442322,1410,0.600594200543128,0,0,TRUE,pair,435,6.929919400368817,4.953020134990152,50,0,7.1931034482758625,6.929919400368817,0.748112196335569,8.265719206770882,cpu,cuda:0,0,670.38427734375,45
212,1,DDT600_num150.txt,fixed,3051,8,381.375,26.59857749938965,16.902376174926758,1.1424206604715437e-05,-5.88,-0.586981463,0.13250000774860382,0.03487079218029976,0.08666666597127914,0.18666666746139526,0.008921429514884949,0.017338623603185017,0.0022061163326725364,0.9520252148310343,0.04438337743340526,0.03433423116803169,0.0003,1041,159,101.9024344120044,16.929560899734497,13.010842561721802,29.9404034614563,1418,0.6179625040385872,0,0,TRUE,pair,426,7.296051401295699,4.891510978990678,45,0,7.161971830985915,7.296051401295699,0.7828165969112888,8.44757980410941,cpu,cuda:0,0,670.38232421875,41
213,1,DDT600_num150.txt,fixed,2940,8,367.5,30.91925048828125,14.688966751098633,1.361284466838697e-05,-5.973333333,-0.594734382,0.12666666507720947,0.03282952681183815,0.07999999821186066,0.1733333319425583,-0.216801319,-0.210457402,0.0045850144000723955,0.8636424899101257,0.011500536586390808,0.046338164061307904,0.0003,1048,152,86.58796314452277,14.718791007995605,19.235120058059692,33.9539110660553,1389,0.5688627011841163,0,0,TRUE,pair,416,6.07992640172597,5.248639455133555,80,0,7.0673076923076925,6.07992640172597,0.6197424997808412,7.670732401194982,cpu,cuda:0,0,670.3798828,38
214,1,DDT600_num150.txt,fixed,2953,8,369.125,26.75087547302246,16.310848236083984,1.3836496691510547e-05,-5.986666667,-0.557264402,0.12583333253860474,0.029709240421652794,0.07999999821186066,0.18666666746139526,-0.071408457,-0.064612827,0.00510950448224321,0.9350382626056671,0.008865866607811768,0.028072847053408623,0.0003,1049,151,76.1361800386515,16.3510000705719,22.434765100479126,38.785765171051025,1399,0.6070638970704749,0,0,TRUE,pair,422,7.182101699523628,5.153064677241371,55,0,6.997630331753554,7.182101699523628,0.7337381014367566,8.0345174028771,cpu,cuda:0,0,670.3818359,38
215,1,DDT600_num150.txt,fixed,3028,8,378.5,24.591665267944336,16.483352661132812,1.3687801583728287e-05,-5.746666667,-0.580219311,0.14083333313465118,0.04074821248650551,0.10000000149011612,0.2133333384990692,-0.053698278,-0.046352582,0.00383377265825402,0.9262585416436195,0.005849152646987932,0.01608962449245155,0.0003,1031,169,86.60923628042586,16.509454011917114,18.45217514038086,34.961629152297974,1379,0.5969543004175648,0,0,TRUE,pair,422,7.183772198506631,4.966644649855212,45,0,7.1753554502369665,7.183772198506631,0.766231099376455,8.168086998281069,cpu,cuda:0,0,670.38232421875,39
216,1,DDT600_num150.txt,fixed,3172,8,396.5,27.463611602783203,15.796128273010254,3.314104105811566e-05,-5.453333333,-0.563887938,0.15916666388511658,0.039361219853162766,0.09333333373069763,0.2133333384990692,-0.109642819,-0.102130925,0.0026848051541795335,0.885428229967753,0.014420628217825046,0.05559054637948672,0.0003,1009,191,100.86258240168235,15.829617500305176,15.61911129951477,31.448728799819946,1447,0.6160652010003105,0,0,TRUE,pair,433,6.501113699749112,4.812105928889439,50,0,7.325635103926097,6.501113699749112,0.665835996856913,8.285814902046695,cpu,cuda:0,0,670.3847656,41
217,1,DDT600_num150.txt,fixed,2922,8,365.25,36.217227935791016,16.16573143005371,1.8207438188255765e-05,-5.92,-0.612106404,0.12999999523162842,0.032489314675331116,0.08666666597127914,0.18666666746139526,-0.339778528,-0.334793541,0.00670673199929297,0.83383549451828,0.017645541168167255,0.045127797638997436,0.0003,1044,156,85.05108366402608,16.197872638702393,18.15795063972473,34.355823278427124,1362,0.611733699333854,0,0,TRUE,pair,421,7.085266301757656,5.180013691620171,50,0,6.940617577197149,7.085266301757656,0.736963500850834,7.985927902976982,cpu,cuda:0,0,670.3798828,42
218,1,DDT600_num150.txt,fixed,2833,8,354.125,28.65936851501465,15.312431335449219,1.251186495210277e-05,-6.16,-0.636649105,0.11500000208616257,0.030138567090034485,0.05999999865889549,0.1599999964237213,-0.280770582,-0.275459898,0.007071307068690658,0.8846345901489258,0.015192807372659444,0.023728125914931297,0.0003,1062,138,113.92665758286722,15.341248273849487,9.525627136230469,24.866875410079956,1371,0.697827699361369,0,0,TRUE,pair,394,6.329963301192038,5.424638196599807,60,0,7.190355329949239,6.329963301192038,0.699201000854373,7.950526897562668,cpu,cuda:0,0,670.37939453125,42
219,1,DDT600_num150.txt,fixed,2925,8,365.625,12.02016544342041,16.270263671875,7.979011570569128e-06,-6.066666667,-0.594048724,0.12083332985639572,0.017139136791229248,0.08666666597127914,0.14000000059604645,-0.151520663,-0.14472068,0.00378904992248863,0.8694501638412475,0.011240390199236571,0.04677834068425,0.0003,1055,145,76.59482699659253,16.29587435722351,21.892083168029785,38.187957525253296,1370,0.6195199002977461,0,0,TRUE,pair,380,6.877388900378719,5.12547008473649,60,0,7.697368421052632,6.877388900378719,0.7428809956181794,8.287189394934103,cpu,cuda:0,0,670.3798828,45
220,1,DDT600_num150.txt,fixed,3121,8,390.125,25.438344955444336,18.57842254638672,1.855380651250016e-05,-5.426666667,-0.500611463,0.16083332896232605,0.03471111133694649,0.11999999731779099,0.2133333384990692,-0.133384766,-0.126418734,0.0034136316001725695,0.8672852863868078,0.008722063185511312,0.032720557413995266,0.0003,1007,193,61.61788176586325,18.62067437171936,32.03020668029785,50.65088105201721,1408,0.7577384007163346,0,0,TRUE,pair,435,7.400854199309833,4.890740147617833,40,0,7.174712643678161,7.400854199309833,0.682060596998781,10.122405400965363,cpu,cuda:0,0,670.38427734375,45
221,1,DDT600_num150.txt,fixed,3154,8,394.25,27.31643295288086,17.007627487182617,1.328314647253137e-05,-5.706666667,-0.50665129,0.1433333307504654,0.022852182388305664,0.1066666692495346,0.18666666746139526,-0.129290055,-0.122755879,0.003047328893444501,0.8057850301265717,0.006524483727844199,0.02833691635169089,0.0003,1028,172,82.75503435768692,17.040300130844116,21.072184801101685,38.1124849319458,1420,0.7255127013195306,0,0,TRUE,pair,434,7.086024300893769,4.845275840354102,48,0,7.267281105990784,7.086024300893769,0.7054539987584576,8.845356693840586,cpu,cuda:0,0,670.3847656,47
222,1,DDT600_num150.txt,fixed,3172,8,396.5,23.611438751220703,17.741392135620117,1.223159324581502e-05,-5.306666667,-0.44185046,0.16833332180976868,0.031578823924064636,0.1133333370089531,0.2199999988079071,-0.054677585,-0.046806938,0.002165274398232048,0.8953284837982871,0.011942318456766026,0.057525787417861546,0.0003,998,202,77.7824358585566,17.770410299301147,23.01000452041626,40.78041481971741,1396,0.6286721994401887,0,0,TRUE,pair,426,7.841894900659099,5.231084489732192,50,0,7.446009389671362,7.841894900659099,0.8417335009435192,8.660085898125544,cpu,cuda:0,0,670.3847656,47
223,1,DDT600_num150.txt,fixed,3020,8,377.5,23.979158401489258,17.525714874267578,5.728400356019847e-05,-5.693333333,-0.498771625,0.14416666328907013,0.024252720177173615,0.09333333373069763,0.1733333319425583,-0.151777086,-0.144250633,0.002489696145251704,0.8771304314335188,0.01435935785411857,0.08797047357074916,0.0003,1027,173,44.94275090345257,17.56797504425049,49.628623723983765,67.19659876823425,1390,0.6483357006218284,0,0,TRUE,pair,417,7.711979600135237,5.165562913433606,56,0,7.242206235011991,7.711979600135237,0.8299030013149604,8.579889697022736,cpu,cuda:0,0,670.38232421875,48
224,1,DDT600_num150.txt,fixed,3178,8,397.25,20.19746208190918,17.711124420166016,9.368363862449769e-06,-5.533333333,-0.505704983,0.15416666865348816,0.03422758728265762,0.1133333370089531,0.20666666328907013,-0.064066659,-0.057034271,0.0026290574634913353,0.8346917659044266,0.009038907394278794,0.06280149528756737,0.0003,1015,185,47.8112531475238,17.73928952217102,48.73041772842407,66.46970725059509,1419,0.6209680995671079,0,0,TRUE,pair,432,7.789264499209821,4.8143486468727446,48,0,7.356481481481482,7.789264499209821,0.8426869965624064,8.665686997701414,cpu,cuda:0,0,670.3847656,50
225,1,DDT600_num150.txt,fixed,2958,8,369.75,31.435449600219727,14.904786109924316,1.2208334737806581e-05,-6.04,-0.588021049,0.12250000238418579,0.03281894698739052,0.09333333373069763,0.18000000715255737,0.03077857196331024,0.039124324917793274,0.002382827107794583,0.9537172317504883,0.011178055836353451,0.04232408401245872,0.0003,1053,147,100.03505072052926,14.932458877563477,14.637176752090454,29.56963562965393,1416,0.6783235006732866,0,0,TRUE,pair,420,6.2063489014981315,5.292427314464267,48,0,7.042857142857143,6.2063489014981315,0.6714764008065686,7.698866498656571,cpu,cuda:0,0,670.3818359,50
226,1,DDT600_num150.txt,fixed,2988,8,373.5,22.951034545898438,14.659500122070312,9.66110201261472e-06,-5.746666667,-0.557733405,0.14083333313465118,0.0410199798643589,0.09333333373069763,0.20666666328907013,0.01539050042629242,0.0219753955801328,0.003822392706448833,0.8496097326278687,0.013069302492416076,0.03262187664707502,0.0003,1031,169,100.54475091211535,14.688928127288818,15.029182195663452,29.71811032295227,1371,0.5605683012399822,0,0,TRUE,pair,408,6.092782499734312,5.248661310398275,80,0,7.323529411764706,6.092782499734312,0.6372764986008406,7.609980199835263,cpu,cuda:0,0,670.3818359,50
227,1,DDT600_num150.txt,fixed,2999,8,374.875,27.32872772216797,15.893702507019043,1.2883430827059783e-05,-5.733333333,-0.568372608,0.14166666567325592,0.039122313261032104,0.10000000149011612,0.20666666328907013,-0.547335943,-0.542680611,0.004776893105978767,0.7043783267339071,0.036830153626700245,0.01599793431038658,0.0003,1030,170,149.66739925896138,15.921254873275757,4.116508960723877,20.037763833999634,1385,0.6882311988156289,0,0,TRUE,pair,426,6.933743300731294,5.090363455836317,40,0,7.039906103286385,6.933743300731294,0.7101012993371114,7.902896399376914,cpu,cuda:0,0,634.74755859375,49
228,1,DDT600_num150.txt,fixed,3103,8,387.875,23.629629135131836,16.486045837402344,1.3041300007898826e-05,-5.76,-0.546761968,0.14000000059604645,0.029814237728714943,0.10000000149011612,0.19333332777023315,-0.186831022,-0.18045097,0.003332490132092253,0.8046299846548783,0.013387529589971038,0.05453184581557779,0.0003,1032,168,53.11316843872299,16.516907930374146,41.90551519393921,58.422423124313354,1443,0.6284413972171023,0,0,TRUE,pair,422,7.0317643999587744,4.989687398138486,50,0,7.3530805687203795,7.0317643999587744,0.7515631006099284,8.335825303569436,cpu,cuda:0,0,670.38427734375,50
229,1,DDT600_num150.txt,fixed,2988,8,373.5,26.66927146911621,15.630706787109375,1.4400166037376039e-05,-5.786666667,-0.525957943,0.13833333551883698,0.04133198782801628,0.08666666597127914,0.19333332777023315,-0.533142142,-0.526189238,0.002694451017305255,0.8300132751464844,0.025578990433132276,0.017450458370149136,0.0003,1034,166,171.10403894416277,15.659362316131592,1.803697109222412,17.463059425354004,1422,0.595079199410975,0,0,TRUE,pair,420,6.499591299332678,5.295515394274649,80,0,7.114285714285714,6.499591299332678,0.7184595987200737,8.060172000550665,cpu,cuda:0,0,384.66259765625,49
230,1,DDT600_num150.txt,fixed,2973,8,371.625,18.727903366088867,15.535050392150879,1.1172652193636168e-05,-5.72,-0.488587318,0.14249999821186066,0.03247862681746483,0.07999999821186066,0.20000000298023224,-0.190524475,-0.184961013,0.004274777343703641,0.7700851890775893,0.012694096218587624,0.04513319954276085,0.0003,1029,171,84.05876662058927,15.561280488967896,19.806833028793335,35.36811351776123,1389,0.5953091983683407,0,0,TRUE,pair,416,6.492323101731017,5.016481667947496,48,0,7.146634615384615,6.492323101731017,0.6992299034027383,7.99709550535772,cpu,cuda:0,0,670.3818359,51
231,1,DDT600_num150.txt,fixed,3054,8,381.75,22.664674758911133,14.90609073638916,1.099830842576921e-05,-5.666666667,-0.516591037,0.1458333283662796,0.028370074927806854,0.1133333370089531,0.20000000298023224,-0.18584032,-0.179585402,0.0029332770832947324,0.7721562257834843,0.010155945396815826,0.04806744533457926,0.0003,1025,175,107.1760838258691,14.937335014343262,13.557828187942505,28.495163202285767,1428,0.5818100017495453,0,0,TRUE,pair,421,6.173321899957955,4.89259986972684,40,0,7.254156769596199,6.173321899957955,0.613703501294367,7.802114797173999,cpu,cuda:0,0,670.38232421875,49
232,1,DDT600_num150.txt,fixed,2903,8,362.875,16.98114776611328,14.618294715881348,0.00013314263196662068,-6.093333333,-0.548219387,0.11916667222976685,0.01898464374244213,0.10000000149011612,0.1666666716337204,-0.249112712,-0.242461448,0.003466809761117805,0.8384676358916543,0.015200419012795795,0.10029530982402238,0.0003,1057,143,83.12298976518112,14.667886018753052,20.256266832351685,34.924152851104736,1378,0.5643839974654838,0,0,TRUE,pair,398,6.064792200340889,5.325525319375049,50,0,7.293969849246231,6.064792200340889,0.6860980992205441,7.536246897419915,cpu,cuda:0,0,670.3798828,51
233,1,DDT600_num150.txt,fixed,3023,8,377.875,28.585124969482422,16.635324478149414,4.790730599779636e-05,-5.68,-0.454163214,0.14500001072883606,0.033952582627534866,0.10000000149011612,0.20000000298023224,-0.106013195,-0.099362416,0.002697606027747194,0.7999581429693434,0.010864023093341125,0.05488008198638757,0.0003,1026,174,81.70315705005886,16.66228485107422,20.337509393692017,36.999794244766235,1410,0.5925947995856404,0,0,TRUE,pair,438,7.301534699741751,5.115779026588619,60,0,6.901826484018265,7.301534699741751,0.7994800981832668,8.165746603277512,cpu,cuda:0,0,670.38232421875,50
234,1,DDT600_num150.txt,fixed,3002,8,375.25,17.448137283325195,14.256591796875,8.946258276409935e-06,-5.8,-0.473990302,0.13750000298023224,0.025372227653861046,0.1066666692495346,0.1733333319425583,-0.193924163,-0.188000732,0.0025223089614883065,0.7184584178030526,0.013159356014512014,0.048787888837978244,0.0003,1035,165,90.80546685909283,14.282761096954346,18.776922464370728,33.05968356132507,1397,0.5430459000635892,0,0,TRUE,pair,408,5.751815100898966,5.217854764046946,65,0,7.357843137254902,5.751815100898966,0.6254481003852561,7.56570110458415,cpu,cuda:0,0,670.3818359,51
235,1,DDT600_num150.txt,fixed,3049,8,381.125,25.334943771362305,14.747194290161133,9.452928679820616e-06,-5.906666667,-0.464963402,0.13083332777023315,0.022095125168561935,0.10000000149011612,0.18000000715255737,-0.381144756,-0.375183831,0.002929327223682776,0.7425572946667671,0.010186232975684106,0.02668277930933982,0.0003,1043,157,152.92371194653697,14.774827241897583,5.16321873664856,19.938045978546143,1426,0.6596427023177966,0,0,TRUE,pair,412,6.026385799632408,5.024598227989169,80,0,7.400485436893204,6.026385799632408,0.632997999782674,7.769399690558203,cpu,cuda:0,0,618.3662109,50
236,1,DDT600_num150.txt,fixed,3056,8,382,24.784067153930664,15.388668060302734,1.3975478395877872e-05,-5.906666667,-0.415583618,0.13083332777023315,0.023555489256978035,0.10000000149011612,0.1733333319425583,-0.125187968,-0.117756621,0.0018579576135380194,0.8360322508960962,0.009805518962821225,0.0683921257732436,0.0003,1043,157,55.88104833179255,15.421594142913818,39.26599836349487,54.68759250640869,1400,0.6862797997891903,0,0,TRUE,pair,435,6.374970299191773,5.23265706798481,50,0,7.025287356321839,6.374970299191773,0.6801209970144555,7.995537205017172,cpu,cuda:0,0,670.38232421875,51
237,1,DDT600_num150.txt,fixed,2997,8,374.625,19.473941802978516,15.149020195007324,7.740346518403385e-06,-5.92,-0.425306133,0.1300000101327896,0.036055512726306915,0.08666666597127914,0.18666666746139526,-0.504193723,-0.497047722,0.0025679897516965866,0.8429997563362122,0.07660190761089325,0.020408162847161293,0.0003,1044,156,191.74948562678452,15.176343441009521,0.45342469215393066,15.629768133163452,1414,0.5909222005866468,0,0,TRUE,pair,406,6.223940899013542,5.250917582262107,45,0,7.3817733990147785,6.223940899013542,0.6721444021677598,7.91991199599579,cpu,cuda:0,0,155.66943359375,49
238,1,DDT600_num150.txt,fixed,3066,8,383.25,34.19704055786133,17.106773376464844,1.37540864670882e-05,-5.68,-0.387408521,0.14499999582767487,0.027838820591568947,0.09333333373069763,0.19333332777023315,-0.031928205,-0.02512251,0.0020301965907072793,0.7820795338887435,0.012312722950949907,0.06639955601153466,0.0003,1026,174,69.34561238177841,17.134037971496582,27.079285621643066,44.21332359313965,1387,0.6286500989226624,0,0,TRUE,pair,438,7.523380900383927,4.970645794196605,50,0,7,7.523380900383927,0.7904402975691482,8.406677697785199,cpu,cuda:0,0,670.38232421875,52
239,1,DDT600_num150.txt,fixed,2864,8,358,13.36038875579834,15.38457202911377,7.024249953246908e-06,-6.386666667,-0.474860609,0.10083333402872086,0.023673120886087418,0.06666667014360428,0.14000000059604645,0.32558009773492813,0.33386874943971634,0.0019246033625677228,0.9250965714454651,0.02244455777690746,0.09728891775012016,0.0003,1079,121,104.5396447146716,15.414382219314575,11.98192286491394,27.396305084228516,1384,0.565396499237977,0,0,TRUE,pair,385,6.771163001074456,5.424231842742952,55,0,7.438961038961039,6.771163001074456,0.7083471015794203,7.570418903720565,cpu,cuda:0,0,670.37939453125,53
240,1,DDT600_num150.txt,fixed,3071,8,383.875,15.663951873779297,16.61565399169922,8.313940270454623e-06,-5.813333333,-0.404949489,0.1366666704416275,0.030731813982129097,0.09333333373069763,0.18000000715255737,-0.101064541,-0.09387162,0.0019171082337076466,0.815147191286087,0.017011357600697212,0.03198638299687041,0.0003,1036,164,93.38995583992556,16.644649028778076,16.238972902297974,32.88362193107605,1430,0.5794811944942921,0,0,TRUE,pair,416,7.127402800368145,5.11331813694871,60,0,7.382211538461538,7.127402800368145,0.8513462997507304,8.252750296494924,cpu,cuda:0,0,670.38232421875,46
241,1,DDT600_num150.txt,fixed,2955,8,369.375,32.318485260009766,15.890192985534668,1.5666839317418635e-05,-6.093333333,-0.445033945,0.11916666477918625,0.03964250162243843,0.07333333045244217,0.18000000715255737,-0.092231733,-0.085261574,0.0027743230224587024,0.8357316851615906,0.014171502852695994,0.04219474447891116,0.0003,1057,143,94.88958188324169,15.917034387588501,15.224424362182617,31.141458749771118,1381,0.5889322980074212,0,0,TRUE,pair,431,6.865985199809074,5.12284264015869,60,0,6.856148491879351,6.865985199809074,0.7168303977232426,7.962749099591747,cpu,cuda:0,0,670.3818359,43
242,1,DDT600_num150.txt,fixed,3092,8,386.5,29.916549682617188,17.123458862304688,1.5078914657351561e-05,-5.6,-0.4417261,0.14999999105930328,0.03109126351773739,0.1066666692495346,0.20666666328907013,-0.245494793,-0.239478501,0.0027973854060595236,0.7415001193682352,0.011415565449472828,0.029808792440841596,0.0003,1020,180,135.65300346245596,17.15009331703186,5.643357038497925,22.793450355529785,1415,0.6181966972071677,0,0,TRUE,pair,432,7.6220374995609745,4.862225094557117,60,0,7.157407407407407,7.6220374995609745,0.7819488998502493,8.340170501265675,cpu,cuda:0,0,627.77392578125,41
243,1,DDT600_num150.txt,fixed,2947,8,368.375,28.631004333496094,16.20815086364746,1.601491567271296e-05,-6.026666667,-0.498895633,0.12333333492279053,0.02905932441353798,0.06666667014360428,0.1599999964237213,-0.087823904,-0.079913195,0.002271162598238637,0.9046291162570318,0.010483782408603778,0.04888243290285269,0.0003,1052,148,68.74257345542483,16.236109733581543,26.633975744247437,42.87008547782898,1387,0.5932960013160482,0,0,TRUE,pair,411,7.064903301652521,5.275195112946805,55,0,7.170316301703163,7.064903301652521,0.7811644994653761,8.004611495300196,cpu,cuda:0,0,670.3818359,40
244,1,DDT600_num150.txt,fixed,2974,8,371.75,36.72788619995117,17.07452392578125,1.790521855582483e-05,-5.666666667,-0.47487068,0.1458333283662796,0.040611643344163895,0.09333333373069763,0.20666666328907013,-0.110758667,-0.104089667,0.0029826167190228313,0.8160305812078363,0.010736929629381527,0.05452338644467732,0.0003,1025,175,56.77104939289613,17.100425004959106,35.285430669784546,52.38585567474365,1405,0.65527479944285,0,0,TRUE,pair,444,7.375759198679589,5.027908537399071,55,0,6.698198198198198,7.375759198679589,0.8132242028368637,8.503887898405083,cpu,cuda:0,0,670.3818359,40
245,1,DDT600_num150.txt,fixed,3019,8,377.375,15.850374221801758,17.242992401123047,1.0024927178164944e-05,-5.773333333,-0.516175931,0.1391666829586029,0.023199018090963364,0.1066666692495346,0.1733333319425583,-0.133568044,-0.126698475,0.002692268435459803,0.8215706278296078,0.011471206197337084,0.058929905514506734,0.0003,1033,167,58.74586779733198,17.27140712738037,34.119441509246826,51.3908486366272,1397,0.6209835964255035,0,0,TRUE,pair,394,7.498903699335642,4.921828417242581,55,0,7.66243654822335,7.498903699335642,0.8297316997777671,8.532675998983905,cpu,cuda:0,0,670.38232421875,39
246,1,DDT600_num150.txt,fixed,3040,8,380,26.424421310424805,15.404826164245605,1.2301105016376823e-05,-5.733333333,-0.53726724,0.14166666567325592,0.03782268613576889,0.10000000149011612,0.2133333384990692,-0.071010192,-0.063086932,0.0021363050133610764,0.8991430799166361,0.01058787310224337,0.0078125,0.0003,1030,170,128.28840148239507,15.431821823120117,8.2647864818573,23.696608304977417,1374,0.664216602104716,0,0,TRUE,pair,431,6.434668398462236,4.951644737312669,50,0,7.0533642691415315,6.434668398462236,0.6404875005828217,8.003534001880325,cpu,cuda:0,0,670.38232421875,41
247,1,DDT600_num150.txt,fixed,3006,8,375.75,27.882566452026367,16.78158187866211,3.5273060348117724e-05,-5.733333333,-0.548762369,0.14166666567325592,0.03460089862346649,0.08666666597127914,0.19333332777023315,-0.094782789,-0.087355599,0.0030010922346264124,0.8927741120843327,0.009361059475529199,0.045756535905906386,0.0003,1030,170,61.24855558284012,16.812747716903687,32.265960693359375,49.07870841026306,1421,0.6369744995608926,0,0,TRUE,pair,415,7.234403500333428,5.066200930359994,45,0,7.243373493975904,7.234403500333428,0.8136121017159894,8.350442903465591,cpu,cuda:0,0,670.3818359,43
248,1,DDT600_num150.txt,fixed,3094,8,386.75,29.213653564453125,17.141441345214844,1.789251655281987e-05,-5.786666667,-0.568935288,0.13833333551883698,0.03647678345441818,0.08666666597127914,0.20000000298023224,-0.212236607,-0.205613437,0.003966906185572346,0.8606631457805634,0.008358039192899014,0.04626761842519045,0.0003,1034,166,104.7795732526621,17.172736883163452,12.355919361114502,29.528656244277954,1428,0.6233351014088839,0,0,TRUE,pair,433,7.478131299256347,4.872010341134469,70,0,7.145496535796767,7.478131299256347,0.7889879993163049,8.500261094304733,cpu,cuda:0,0,670.38427734375,45
249,1,DDT600_num150.txt,fixed,2990,8,373.75,29.050601959228516,14.28238582611084,1.3128184946253896e-05,-5.84,-0.573368773,0.13499999046325684,0.03210226818919182,0.07333333045244217,0.18666666746139526,-0.140399741,-0.133287624,0.0033668069227132946,0.8795521557331085,0.006550395381054841,0.028635635157115757,0.0003,1038,162,90.24267243660884,14.309944868087769,18.822939157485962,33.13288402557373,1396,0.5410528986249119,0,0,TRUE,pair,414,5.8386067994870245,5.099665551361033,48,0,7.222222222222222,5.8386067994870245,0.6267048009904101,7.506100700586103,cpu,cuda:0,0,670.3818359,45
250,1,DDT600_num150.txt,fixed,2925,8,365.625,30.128629684448242,14.964682579040527,1.6166819477803074e-05,-6.013333333,-0.549187142,0.12416666746139526,0.027876216918230057,0.07999999821186066,0.1666666716337204,-0.121469343,-0.114731645,0.00369328607339412,0.8584337592124939,0.010066944795350233,0.041230980213731526,0.0003,1051,149,59.62048132206307,14.997464895248413,34.062856912612915,49.06032180786133,1394,0.5971866005565971,0,0,TRUE,pair,417,6.114072999567725,5.071111111274132,45,0,7.014388489208633,6.114072999567725,0.6267744003562257,7.905120400129817,cpu,cuda:0,0,670.3798828,47
251,1,DDT600_num150.txt,fixed,2986,8,373.25,23.090852737426758,14.66337776184082,8.655611964059062e-06,-5.96,-0.499188413,0.1275000125169754,0.03978239744901657,0.07333333045244217,0.20000000298023224,-0.178169684,-0.172388385,0.004717137839179486,0.8139865100383759,0.013609970250399783,0.024427635391475633,0.0003,1047,153,94.14943615657515,14.69071340560913,17.024824380874634,31.715537786483765,1400,0.5440971017815173,0,0,TRUE,pair,400,6.162700800341554,4.9584728738084705,40,0,7.465,6.162700800341554,0.6539604017743841,7.525115296128206,cpu,cuda:0,0,670.3818359,47
252,1,DDT600_num150.txt,fixed,3014,8,376.75,27.37129020690918,17.46971893310547,5.118397530168295e-05,-6.106666667,-0.517691378,0.11833333224058151,0.04213074967265129,0.05999999865889549,0.1733333319425583,-0.118619304,-0.112612112,0.005509741203342047,0.8762069212065803,0.015446823013816256,0.047687699293924704,0.0003,1058,142,59.14398394826191,17.50932216644287,33.45105957984924,50.960381746292114,1412,0.6379119988996536,0,0,TRUE,pair,410,7.835385000798851,5.121433312242681,56,0,7.351219512195122,7.835385000798851,0.8071696063270792,8.438810401479714,cpu,cuda:0,0,670.38232421875,49
253,1,DDT600_num150.txt,fixed,3016,8,377,16.830032348632812,16.265804290771484,9.022181984619237e-06,-5.92,-0.432592415,0.12999999523162842,0.03248931095004082,0.10000000149011612,0.19333332777023315,-0.15625999,-0.149651083,0.0027696368284523486,0.7993726462125779,0.012112418276956305,0.03239580038934946,0.0003,1044,156,87.56769050226197,16.292961835861206,18.14896512031555,34.44192695617676,1417,0.5915156997507438,0,0,TRUE,pair,405,7.0984846,4.963859417157084,60,0,7.446913580246914,7.0984846,0.7709309997735545,8.034906999906525,cpu,cuda:0,0,670.38232421875,49
254,1,DDT600_num150.txt,fixed,3007,8,375.875,29.057863235473633,16.375621795654297,7.921813448774628e-06,-5.786666667,-0.410884132,0.13833332061767578,0.0417332798242569,0.07999999821186066,0.19333332777023315,-0.104447121,-0.098410339,0.0029103647296627364,0.7491963704427084,0.007185679160708484,0.024596661562100053,0.0003,1034,166,100.4628153857569,16.40895915031433,13.522513389587402,29.931472539901733,1397,0.6029144006315619,0,0,TRUE,pair,424,7.206131501123309,4.906883936686337,60,0,7.091981132075472,7.206131501123309,0.77707190066576,8.028162799426354,cpu,cuda:0,0,670.3818359,49
255,1,DDT600_num150.txt,fixed,3151,8,393.875,27.442838668823242,14.823298454284668,2.2693640858051367e-05,-5.706666667,-0.36708923,0.1433333307504654,0.028867512941360474,0.1066666692495346,0.19333332777023315,-0.043893899,-0.037669835,0.002197171702781426,0.7322649317128318,0.011158342365628673,0.041926429740020206,0.0003,1028,172,69.7773191067117,14.875272750854492,30.28266739845276,45.15794014930725,1411,0.5618160971207544,0,0,TRUE,pair,440,5.876010198611766,4.7150111070552425,72,0,7.161363636363636,5.876010198611766,0.6290362003492191,7.996944003622048,cpu,cuda:0,0,670.3847656,51
256,1,DDT600_num150.txt,fixed,3152,8,394,17.37814712524414,16.477611541748047,9.5367431640625e-06,-5.493333333,-0.356211543,0.15666666626930237,0.018257418647408485,0.13333334028720856,0.18666666746139526,-0.001828592,0.004826177009626439,0.0016311337454489579,0.7470334517328363,0.012678617635270041,0.05574604241471542,0.0003,1012,188,59.65292055579376,16.5050368309021,36.33395195007324,52.83898878097534,1433,0.6779844013508409,0,0,TRUE,pair,417,6.920309400418773,4.7902918783238695,48,0,7.5587529976019185,6.920309400418773,0.7669638958759606,8.346843301667832,cpu,cuda:0,0,670.3847656,50
257,1,DDT600_num150.txt,fixed,2898,8,362.25,16.044858932495117,15.094877243041992,1.1024120794900227e-05,-6.013333333,-0.435732819,0.12416666746139526,0.029988424852490425,0.07333333045244217,0.18000000715255737,-0.082530686,-0.075647861,0.0020112430987258754,0.7888442675272623,0.00998019884193329,0.06942190426505274,0.0003,1051,149,92.67241639399481,15.122174739837646,16.149266242980957,31.271440982818604,1405,0.5886375996051356,0,0,TRUE,pair,390,6.231040701037273,4.954796412552201,40,0,7.430769230769231,6.231040701037273,0.6953790033003315,7.835024599684402,cpu,cuda:0,0,670.3798828,51
258,1,DDT600_num150.txt,fixed,2964,8,370.5,21.81169319152832,15.63979434967041,1.1954261026403401e-05,-5.92,-0.434113339,0.1300000101327896,0.033166248351335526,0.08666666597127914,0.19333332777023315,-0.13689734,-0.130426304,0.002076669117539293,0.7509380744563209,0.013227349756764144,0.07584307435899973,0.0003,1044,156,94.82989743908826,15.66579294204712,15.590172529220581,31.2559654712677,1410,0.5707899006083608,0,0,TRUE,pair,405,6.913630200433545,4.9136302303045225,60,0,7.318518518518519,6.913630200433545,0.7390570018906146,7.638170999707654,cpu,cuda:0,0,670.3818359,51
259,1,DDT600_num150.txt,fixed,3133,8,391.625,21.04719352722168,16.987760543823242,1.0747363376140129e-05,-5.453333333,-0.401308464,0.15916666388511658,0.026549221947789192,0.13333334028720856,0.2266666740179062,0.011602706586321196,0.01867058500647545,0.0015958247240632772,0.7865793704986572,0.010997240168459635,0.028803853162874777,0.0003,1009,191,100.95272026340417,17.0168936252594,14.017436027526855,31.034329652786255,1444,0.7356426998740062,0,0,TRUE,pair,425,7.208419598871842,4.810724542577009,45,0,7.371764705882353,7.208419598871842,0.790421498590149,8.605507395463064,cpu,cuda:0,0,670.38427734375,51
260,1,DDT600_num150.txt,fixed,3024,8,378,20.32855224609375,15.16552448272705,9.440894245926756e-06,-5.866666667,-0.438565966,0.13333332538604736,0.02211083099246025,0.09333333373069763,0.1599999964237213,-0.127405754,-0.120715335,0.0020797663471764987,0.773031022813585,0.008839402144076303,0.027454477838344045,0.0003,1040,160,86.48904444285122,15.193703174591064,19.770262718200684,34.96396589279175,1432,0.5768562989542261,0,0,TRUE,pair,420,6.4110472003230825,4.922619048643996,45,0,7.2,6.4110472003230825,0.6589919958496466,7.769345704000443,cpu,cuda:0,0,670.38232421875,51
261,1,DDT600_num150.txt,fixed,2926,8,365.75,36.799285888671875,15.637552261352539,1.3248866707726847e-05,-6,-0.46565895,0.125,0.037527766078710556,0.08666666597127914,0.20000000298023224,-0.090881275,-0.083743477,0.0024242839162153277,0.8349942727522417,0.0101235163029659,0.025887044231322678,0.0003,1050,150,76.00464036712015,15.664303302764893,22.833346128463745,38.49764943122864,1396,0.5874305997276679,0,0,TRUE,pair,445,6.729437899310142,4.963089539429462,40,0,6.575280898876405,6.729437899310142,0.7645094996551052,7.791208397480659,cpu,cuda:0,0,670.3798828,51
262,1,DDT600_num150.txt,fixed,2920,8,365,20.8266658782959,16.10862159729004,1.022701781039359e-05,-6.093333333,-0.480382344,0.11916667222976685,0.03422758728265762,0.07999999821186066,0.18666666746139526,-0.140566199,-0.133647671,0.002805888435492913,0.8321468591690063,0.01126028657987869,0.05212012908111016,0.0003,1057,143,60.10565508036815,16.139689922332764,32.44142937660217,48.58111929893494,1383,0.5911436990136281,0,0,TRUE,pair,412,6.975503601133823,5.284589038238133,65,0,7.087378640776699,6.975503601133823,0.7653831016505137,8.00855220016092,cpu,cuda:0,0,670.3798828,50
263,1,DDT600_num150.txt,fixed,2997,8,374.625,36.16952133178711,17.790685653686523,1.9856131984852254e-05,-5.92,-0.467470697,0.12999999523162842,0.030184617266058922,0.07999999821186066,0.18666666746139526,-0.241381111,-0.235139277,0.003189848920252795,0.7836758891741434,0.01144229169585742,0.037744236877188087,0.0003,1044,156,71.52929276321582,17.821338891983032,24.077579498291016,41.89891839027405,1396,0.6568451022030786,0,0,TRUE,pair,431,7.956640200689435,4.88188188347293,50,0,6.953596287703016,7.956640200689435,0.8433639016002417,8.585799603024498,cpu,cuda:0,0,670.3818359,43
264,1,DDT600_num150.txt,fixed,3222,8,402.75,33.09739303588867,15.76468563079834,1.1319234545226209e-05,-5.333333333,-0.404789562,0.1666666567325592,0.03620927035808563,0.10000000149011612,0.2266666740179062,-0.067077901,-0.06060603,0.0025702527793193303,0.7756999995973375,0.013331570040867923,0.061328512650948984,0.0003,1000,200,43.25114926307377,15.794391870498657,58.70073843002319,74.49513030052185,1414,0.5700600004056469,0,0,TRUE,pair,452,6.69202820234932,4.494413407340248,45,0,7.128318584070796,6.69202820234932,0.6735652002971619,8.06038720230572,cpu,cuda:0,0,670.3867188,38
265,1,DDT600_num150.txt,fixed,2924,8,365.5,24.494897842407227,14.98099136352539,1.5202806935121771e-05,-5.92,-0.455300628,0.12999999523162842,0.03559026122093201,0.08666666597127914,0.18000000715255737,-0.214566454,-0.208120969,0.003822283677032424,0.8356635305616591,0.009416318749168163,0.045124154848357044,0.0003,1044,156,85.8523922202243,15.016633033752441,19.041823863983154,34.058456897735596,1377,0.5729381993878633,0,0,TRUE,pair,413,6.3279918995685875,5.215800273842427,80,0,7.079903147699758,6.3279918995685875,0.6881856971886009,7.638895295443945,cpu,cuda:0,0,670.3798828,38
266,1,DDT600_num150.txt,fixed,3225,8,403.125,27.551939010620117,17.40812110900879,1.5063828868733253e-05,-5.4,-0.418686948,0.16249999403953552,0.04067998379468918,0.07333333045244217,0.20666666328907013,-0.052693117,-0.04570051,0.0020825723660419936,0.8033894278385021,0.01191789695520937,0.07615593375845088,0.0003,1005,195,44.05666370050963,17.437419414520264,55.763765811920166,73.20118522644043,1432,0.6099086004542187,0,0,TRUE,pair,440,7.662071500439197,4.6582945731259136,45,0,7.329545454545454,7.662071500439197,0.8169452981092036,8.54300210205838,cpu,cuda:0,0,670.3867188,43
267,1,DDT600_num150.txt,fixed,3126,8,390.75,32.11600112915039,15.1677827835083,1.4415947589441203e-05,-5.546666667,-0.406722251,0.15333333611488342,0.0524933859705925,0.07999999821186066,0.25333333015441895,-0.057640459,-0.050580833,0.002159803989343345,0.8139528334140778,0.01718772931296068,0.021891244842360418,0.0003,1016,184,78.67983624260647,15.198316097259521,24.532320737838745,39.73063683509827,1447,0.6762609996367246,0,0,TRUE,pair,442,6.21618520130869,4.814459371932866,55,0,7.072398190045249,6.21618520130869,0.6443799008848146,7.979504592367448,cpu,cuda:0,0,670.38427734375,44
268,1,DDT600_num150.txt,fixed,3015,8,376.875,25.85264778137207,15.683945655822754,1.2728069123113528e-05,-6.04,-0.441718787,0.1224999949336052,0.031435560435056686,0.06666667014360428,0.18000000715255737,-0.160638516,-0.153824971,0.002170647455689808,0.7898865540822347,0.010109329440941414,0.02575155171669192,0.0003,1053,147,86.45159812783714,15.711171388626099,19.16383457183838,34.87500596046448,1416,0.6847416987875476,0,0,TRUE,pair,423,6.733733599423431,4.803316751246033,48,0,7.127659574468085,6.733733599423431,0.7190386984730139,7.887344602029771,cpu,cuda:0,0,670.38232421875,43
269,1,DDT600_num150.txt,fixed,2999,8,374.875,24.866832733154297,15.961566925048828,9.028480235429015e-06,-5.746666667,-0.425097296,0.14083333313465118,0.03204813972115517,0.08666666597127914,0.18666666746139526,-0.086451926,-0.079351119,0.0019604671555994587,0.8081042441454801,0.012887836965753442,0.0576226491142403,0.0003,1031,169,72.36371788493116,15.986579895019531,25.456840753555298,41.44342064857483,1404,0.6095275989500806,0,0,TRUE,pair,425,6.900847199722193,4.996665555503059,52,0,7.056470588235294,6.900847199722193,0.7539748027920723,7.9509020008845255,cpu,cuda:0,0,670.3818359,45
270,1,DDT600_num150.txt,fixed,3054,8,381.75,34.105533599853516,15.9258451461792,1.7344029402011074e-05,-5.666666667,-0.440755139,0.1458333283662796,0.04937807843089104,0.05999999865889549,0.2133333384990692,-0.029327968,-0.02278376,0.0022191609918641355,0.7653786540031433,0.007304755097720772,0.020124035242658395,0.0003,1025,175,58.44611322370757,15.951913356781006,36.301347494125366,52.25326085090637,1408,0.595252898405306,0,0,TRUE,pair,428,6.7973266006447375,4.792403405291939,70,0,7.135514018691588,6.7973266006447375,0.7401152971433476,8.02655810303986,cpu,cuda:0,0,670.38232421875,48
271,1,DDT600_num150.txt,fixed,3018,8,377.25,24.666526794433594,14.677348136901855,1.5840039850445464e-05,-5.813333333,-0.465400499,0.1366666704416275,0.0336650125682354,0.10000000149011612,0.19333332777023315,-0.200708853,-0.19497416,0.002679400611668825,0.7074381202459336,0.0100202405534219,0.036554642207920554,0.0003,1036,164,82.82411024638243,14.706763982772827,21.731900930404663,36.43866491317749,1411,0.6718154001282528,0,0,TRUE,pair,412,5.907846498768777,4.753810468377302,45,0,7.325242718446602,5.907846498768777,0.6532691966276616,7.784156096400693,cpu,cuda:0,0,670.38232421875,48
272,1,DDT600_num150.txt,fixed,3068,8,383.5,32.75286102294922,14.270004272460938,1.0365039997850545e-05,-5.64,-0.460977518,0.14750000834465027,0.0386490635573864,0.10000000149011612,0.20000000298023224,-0.034596777,-0.027372147,0.0017370861605741084,0.8093176285425822,0.012171219156395333,0.029089616999650996,0.0003,1023,177,108.53510673098808,14.296029090881348,13.971322298049927,28.267351388931274,1395,0.5383738996461034,0,0,TRUE,pair,420,5.705848599085584,4.963168187977593,80,0,7.304761904761905,5.705848599085584,0.6030880042817444,7.654452703893185,cpu,cuda:0,0,670.38232421875,48
273,1,DDT600_num150.txt,fixed,3043,8,380.375,13.199787139892578,15.88589096069336,6.9182483457552735e-06,-5.52,-0.469294616,0.1549999862909317,0.029011491686105728,0.11999999731779099,0.2199999988079071,-0.207961366,-0.20084928,0.001693699974566698,0.7958934903144836,0.03310228884220123,0.005263158120214939,0.0003,1014,186,178.94596975294547,15.912071466445923,1.0930614471435547,17.005132913589478,1395,0.670923100784421,0,0,TRUE,pair,404,6.817230400629342,4.743016758679638,35,0,7.532178217821782,6.817230400629342,0.7448520034085959,7.972123596468009,cpu,cuda:0,0,272.06494140625,48
274,1,DDT600_num150.txt,fixed,2885,8,360.625,29.24866485595703,16.552555084228516,1.519906709290808e-05,-5.72,-0.488973697,0.14249999821186066,0.03125832974910736,0.1066666692495346,0.20000000298023224,-0.470822293,-0.465380061,0.003117487096460536,0.7000994831323624,0.010643736761267064,0.01782814832404256,0.0003,1029,171,140.16003464130378,16.58117175102234,4.002441883087158,20.583613634109497,1347,0.6117784017696977,0,0,TRUE,pair,412,7.2580292001366615,4.843327554177163,65,0,7.002427184466019,7.2580292001366615,0.7781092996010557,8.145489601767622,cpu,cuda:0,0,569.015625,47
275,1,DDT600_num150.txt,fixed,2950,8,368.75,32.97252655029297,14.879291534423828,1.06410570879234e-05,-6.066666667,-0.499116027,0.12083332985639572,0.03455068916082382,0.06666667014360428,0.18000000715255737,-0.067192665,-0.060733819,0.0032281448948197067,0.8072918100016457,0.011030668826216632,0.06441583032054561,0.0003,1055,145,64.24278558061343,14.905799865722656,31.013753175735474,45.91955304145813,1386,0.5702673994237557,0,0,TRUE,pair,434,6.265146301477216,4.940338978524935,48,0,6.797235023041475,6.265146301477216,0.6474780986318365,7.646098398370668,cpu,cuda:0,0,670.3818359,49
276,1,DDT600_num150.txt,fixed,3134,8,391.75,27.41236114501953,16.27080535888672,1.1911388355656527e-05,-5.706666667,-0.468694196,0.1433333307504654,0.030731813982129097,0.10000000149011612,0.18666666746139526,-0.029066975,-0.022415081,0.00221536998063899,0.7759579282540542,0.010850466113949481,0.03578944335906552,0.0003,1028,172,64.3787772282762,16.298758268356323,32.38188052177429,48.680638790130615,1427,0.5886888023233041,0,0,TRUE,pair,424,6.874179197475314,4.832801528165655,48,0,7.3915094339622645,6.874179197475314,0.7457048981450498,8.29663390154019,cpu,cuda:0,0,670.38427734375,49
277,1,DDT600_num150.txt,fixed,3008,8,376,23.711811065673828,14.421656608581543,1.0392424883320928e-05,-5.506666667,-0.472411697,0.15583333373069763,0.039431728422641754,0.1066666692495346,0.23333333432674408,-0.055432157,-0.048675415,0.002085131892402257,0.7799306469304221,0.010038407887415295,0.02369291601436479,0.0003,1013,187,92.0239936544304,14.450296401977539,18.236830949783325,32.687127351760864,1378,0.5563087011687458,0,0,TRUE,pair,414,5.887682399712503,4.946143615673831,56,0,7.265700483091788,5.887682399712503,0.6007456004153937,7.520785799017176,cpu,cuda:0,0,670.3818359,50
278,1,DDT600_num150.txt,fixed,3043,8,380.375,31.404369354248047,16.463401794433594,1.1582334082049783e-05,-5.506666667,-0.466746726,0.15583333373069763,0.035424020141363144,0.1133333370089531,0.2266666740179062,-0.214776397,-0.211975083,0.004154718015342951,0.4878677427768707,0.03771257400512695,0.019880715757608414,0.0003,1013,187,152.59746673180607,16.489818334579468,3.4515349864959717,19.94135332107544,1404,0.5901901012985036,0,0,TRUE,pair,437,7.23792860051617,4.599408476829842,35,0,6.963386727688787,7.23792860051617,0.7768477986101061,8.086591302300803,cpu,cuda:0,0,659.9785156,50
279,1,DDT600_num150.txt,fixed,3071,8,383.875,31.31468391418457,16.454402923583984,1.629639336897526e-05,-5.48,-0.466615582,0.1574999988079071,0.049770306795835495,0.07999999821186066,0.23333333432674408,-0.108734755,-0.102860428,0.002884545765647834,0.7316602414304559,0.008050918605559591,0.03055379836058075,0.0003,1011,189,81.97781531055134,16.481374502182007,20.979979991912842,37.46135449409485,1414,0.6184204969322309,0,0,TRUE,pair,422,6.922581300372258,4.698143924109441,48,0,7.277251184834123,6.922581300372258,0.7930247987387702,8.365685501135886,cpu,cuda:0,0,670.38232421875,51
280,1,DDT600_num150.txt,fixed,3016,8,377,24.718414306640625,16.336462020874023,1.3231694538262673e-05,-5.6,-0.485041919,0.15000000596046448,0.03636237233877182,0.09333333373069763,0.20666666328907013,-0.113015871,-0.106432063,0.0022946867883499515,0.7731154466930189,0.008300717200128068,0.046151699498295784,0.0003,1020,180,56.07067119784907,16.36533784866333,37.42392373085022,53.78926157951355,1388,0.6832877050619572,0,0,TRUE,pair,414,7.0763092988636345,4.8570954904790264,75,0,7.285024154589372,7.0763092988636345,0.7807309004710987,8.110718501964584,cpu,cuda:0,0,670.38232421875,51
281,1,DDT600_num150.txt,fixed,3074,8,384.25,24.2113094329834,14.15026569366455,1.1767351679736748e-05,-5.653333333,-0.465825858,0.14666667580604553,0.04358898848295212,0.06666667014360428,0.20000000298023224,-0.102933373,-0.096759787,0.0023939860257087275,0.7370581924915314,0.008982429499155842,0.02088824228849262,0.0003,1024,176,95.22822996586063,14.182243824005127,18.098099946975708,32.280343770980835,1430,0.5372176998062059,0,0,TRUE,pair,418,5.61009829887189,4.770006504164319,50,0,7.354066985645933,5.61009829887189,0.5941387983039021,7.645493399701081,cpu,cuda:0,0,670.38427734375,51
282,1,DDT600_num150.txt,fixed,3054,8,381.75,18.012147903442383,16.826717376708984,1.0204760656051803e-05,-5.693333333,-0.455044894,0.14416666328907013,0.024930458515882492,0.10000000149011612,0.18666666746139526,-0.082362172,-0.076180973,0.001711253629764542,0.7036825940012932,0.010150271769816754,0.03659812919795513,0.0003,1027,173,87.39856955799718,16.856233596801758,18.087130069732666,34.943363666534424,1459,0.6278109978884459,0,0,TRUE,pair,419,7.431264198734425,4.628356253624587,45,0,7.288782816229117,7.431264198734425,0.7705797994276509,8.25101269769948,cpu,cuda:0,0,670.38232421875,50
283,1,DDT600_num150.txt,fixed,3005,8,375.625,29.87447738647461,15.450445175170898,1.4969193216529675e-05,-5.8,-0.467062932,0.13750000298023224,0.04095220938324928,0.09333333373069763,0.2266666740179062,-0.152500615,-0.146379589,0.0022897887625731527,0.7265917062759399,0.01080917267827317,0.05579488528892398,0.0003,1035,165,80.9053134041412,15.479919195175171,21.662264347076416,37.14218354225159,1402,0.5722326986724511,0,0,TRUE,pair,435,6.485544599941932,4.799334441564246,42,0,6.908045977011494,6.485544599941932,0.6826715945499018,7.940749301109463,cpu,cuda:0,0,670.3818359,51
284,1,DDT600_num150.txt,fixed,2981,8,372.625,25.19393539428711,16.59917449951172,1.099830842576921e-05,-5.68,-0.437687962,0.14499999582767487,0.04627814516425133,0.08666666597127914,0.2266666740179062,-0.150424131,-0.144160676,0.00209585347911343,0.7311392426490784,0.007362393141374923,0.017374321073293685,0.0003,1026,174,113.85613731367427,16.62919592857361,9.552967548370361,26.18216347694397,1401,0.638886995264329,0,0,TRUE,pair,419,7.2499365016119555,4.798389801280045,35,0,7.114558472553699,7.2499365016119555,0.7846626027021557,8.195804000133649,cpu,cuda:0,0,670.3818359,52
285,1,DDT600_num150.txt,fixed,3072,8,384,26.921180725097656,14.42769718170166,1.2342623449512757e-05,-5.64,-0.419464485,0.14749999344348907,0.02548147551715374,0.1133333370089531,0.20000000298023224,-0.106963134,-0.100653384,0.0014229049091227352,0.7021203935146332,0.009650361497187987,0.04519392801448703,0.0003,1023,177,89.29697744443743,14.455273866653442,19.946786403656006,34.40206027030945,1434,0.5530929995002225,0,0,TRUE,pair,447,5.848876800388098,4.658854167287548,36,0,6.87248322147651,5.848876800388098,0.6001356004271656,7.669760597520508,cpu,cuda:0,0,670.38232421875,51
286,1,DDT600_num150.txt,fixed,3091,8,386.375,27.271493911743164,14.894636154174805,1.2834805602324195e-05,-5.906666667,-0.438090975,0.13083334267139435,0.012883019633591175,0.1133333370089531,0.1599999964237213,-0.245578474,-0.240349473,0.0021451005838268125,0.6301543563604355,0.012627004063688219,0.0776021375010411,0.0003,1043,157,83.4676196390187,14.925484895706177,22.106839895248413,37.03232479095459,1426,0.5579339991090819,0,0,TRUE,pair,444,6.010102199506946,4.635716595876491,40,0,6.961711711711712,6.010102199506946,0.6311334021156654,7.929842898854986,cpu,cuda:0,0,670.38427734375,51
287,1,DDT600_num150.txt,fixed,3102,8,387.75,27.279800415039062,15.84135913848877,1.548069303680677e-05,-5.653333333,-0.393680492,0.14666666090488434,0.030912060290575027,0.1066666692495346,0.19333332777023315,-0.022830981,-0.016960093,0.002120288074365817,0.6931035071611404,0.009603963851077424,0.04200579086318612,0.0003,1024,176,94.84831841630258,15.869590282440186,16.835259437561035,32.70484972000122,1423,0.6011548968963325,0,0,TRUE,pair,425,6.6859436015365645,4.696324951336662,48,0,7.298823529411765,6.6859436015365645,0.7377908008638769,8.061882200301625,cpu,cuda:0,0,670.38427734375,51
288,1,DDT600_num150.txt,fixed,3090,8,386.25,21.294071197509766,17.04782485961914,9.24621599551756e-06,-5.493333333,-0.39680915,0.15666666626930237,0.03756476193666458,0.1066666692495346,0.2266666740179062,-0.083569115,-0.077342017,0.0013826377024608,0.6918413979666573,0.014248799216667456,0.06131609342992306,0.0003,1012,188,95.33440697948757,17.074878215789795,15.3373441696167,32.412222385406494,1407,0.7450525998137891,0,0,TRUE,pair,413,7.3098846999928355,4.6640776699029125,55,0,7.481840193704601,7.3098846999928355,0.8056466979905963,8.547440001508221,cpu,cuda:0,0,670.38427734375,47
289,1,DDT600_num150.txt,fixed,2989,8,373.625,29.051408767700195,14.422053337097168,1.1973265827691648e-05,-6,-0.470369285,0.125,0.03244653716683388,0.07999999821186066,0.1733333319425583,-0.210251998,-0.204523348,0.0022865692124469207,0.6871937185525894,0.010408499198092613,0.06663069427013397,0.0003,1050,150,55.09581194602213,14.451880693435669,39.79906678199768,54.25094747543335,1404,0.5501410005381331,0,0,TRUE,pair,427,6.085792298428714,4.899631983143464,40,0,7,6.085792298428714,0.6051414975663647,7.4253822029568255,cpu,cuda:0,0,670.3818359,41
290,1,DDT600_num150.txt,fixed,3114,8,389.25,30.412784576416016,15.432683944702148,1.7933769413502887e-05,-5.613333333,-0.412895613,0.14916667342185974,0.03604588285088539,0.08666666597127914,0.18666666746139526,-0.098897788,-0.09317805,0.0019254385313781147,0.6682458411563527,0.011706037690270354,0.057757299224084076,0.0003,1021,179,84.25561147518378,15.460535526275635,21.498427152633667,36.9589626789093,1419,0.5580000968184322,0,0,TRUE,pair,430,6.5353736008983105,4.693320487888486,35,0,7.241860465116279,6.5353736008983105,0.6629866998409852,7.905257398611866,cpu,cuda:0,0,670.38427734375,38
291,1,DDT600_num150.txt,fixed,2889,8,361.125,23.497007369995117,16.389596939086914,4.09136300731916e-05,-5.813333333,-0.398274685,0.1366666555404663,0.030184617266058922,0.09333333373069763,0.20000000298023224,-0.129364642,-0.123501255,0.001728851131961814,0.6727816036769322,0.008697869592911698,0.020550366158464124,0.0003,1036,164,89.83551786391575,16.431676387786865,15.727096319198608,32.158772706985474,1369,0.5932272990467027,0,0,TRUE,pair,394,7.418820800725371,5.044652128021541,45,0,7.33248730964467,7.418820800725371,0.7780396948801354,7.830630803015083,cpu,cuda:0,0,670.3798828,38
292,1,DDT600_num150.txt,fixed,3003,8,375.375,39.2585563659668,15.03702163696289,1.968650394701399e-05,-5.746666667,-0.402470191,0.14083333313465118,0.047191984951496124,0.08666666597127914,0.23333333432674408,-0.077631041,-0.072294586,0.0021252325431515393,0.6399072271126968,0.013073880404520493,0.055289606062265545,0.0003,1031,169,73.51848511293122,15.064295530319214,25.78257441520691,40.84686994552612,1392,0.5513684010365978,0,0,TRUE,pair,434,6.231036001932807,4.861471863972755,45,0,6.919354838709677,6.231036001932807,0.6613410005811602,7.818289998685941,cpu,cuda:0,0,670.3818359,39
293,1,DDT600_num150.txt,fixed,2985,8,373.125,21.43267059326172,14.398552894592285,4.794525739271194e-05,-5.906666667,-0.432092376,0.13083334267139435,0.02580643817782402,0.09333333373069763,0.1599999964237213,-0.086877893,-0.081399777,0.0018223961021497169,0.6389313638210297,0.011684262220197443,0.043367230079390785,0.0003,1043,157,71.14284087513894,14.42782473564148,27.53001618385315,41.95784091949463,1370,0.6796049983240664,0,0,TRUE,pair,404,5.80232039897237,4.915577889846597,50,0,7.388613861386139,5.80232039897237,0.6254544997354969,7.659142997697927,cpu,cuda:0,0,670.3818359,42
294,1,DDT600_num150.txt,fixed,2947,8,368.375,34.23060607910156,13.986655235290527,1.359613179374719e-05,-6.026666667,-0.45993544,0.12333333492279053,0.03527668118476868,0.06666667014360428,0.19333332777023315,-0.131339765,-0.125794976,0.0022652244127433128,0.6677400954067707,0.008664364727640836,0.04590315674431622,0.0003,1052,148,46.9897880409242,14.012585401535034,48.703168869018555,62.71575427055359,1368,0.5290449984604493,0,0,TRUE,pair,431,5.761820600600913,4.927723107113044,56,0,6.837587006960557,5.761820600600913,0.607938603265211,7.313549604499713,cpu,cuda:0,0,670.3818359,43
295,1,DDT600_num150.txt,fixed,3019,8,377.375,24.504783630371094,15.719842910766602,1.185877772513777e-05,-5.693333333,-0.419427985,0.14416666328907013,0.03315577656030655,0.09333333373069763,0.20000000298023224,-0.084973845,-0.079197122,0.002012440908907188,0.6782949037022061,0.012585861166977944,0.0432590970562564,0.0003,1027,173,78.21705259596425,15.748035669326782,22.849685668945312,38.597721338272095,1407,0.5879491990199313,0,0,TRUE,pair,419,6.812426099320874,4.979794633274009,60,0,7.205250596658711,6.812426099320874,0.7272930018370971,7.829718402354047,cpu,cuda:0,0,670.38232421875,45
296,1,DDT600_num150.txt,fixed,2996,8,374.5,11.90588092803955,14.66227912902832,7.747687050141394e-06,-5.72,-0.429810441,0.14249999821186066,0.025372229516506195,0.10000000149011612,0.18000000715255737,-0.035509758,-0.029889027,0.0018636045473006864,0.655253529548645,0.009939971176208928,0.036830644123256207,0.0003,1029,171,101.57686311781801,14.69954228401184,14.795363426208496,29.494905710220337,1380,0.5464064992265776,0,0,TRUE,pair,391,5.909883801010437,4.829439254007607,50,0,7.662404092071611,5.909883801010437,0.6571486998582259,7.773114002891816,cpu,cuda:0,0,670.3818359,45
297,1,DDT600_num150.txt,fixed,3085,8,385.625,19.04558753967285,16.65103530883789,1.0977615602314472e-05,-5.506666667,-0.395500252,0.15583333373069763,0.03348921984434128,0.12666666507720947,0.23333333432674408,-0.049829926,-0.044229076,0.0012474247320954288,0.6224559375217983,0.013254438121553644,0.042513348694358556,0.0003,1013,187,92.93579674648703,16.71440362930298,16.480555772781372,33.19495940208435,1398,0.6118492988171056,0,0,TRUE,pair,417,7.267014700802974,4.704376011806716,40,0,7.398081534772182,7.267014700802974,0.7305191936902702,8.295499199768528,cpu,cuda:0,0,670.38427734375,46
298,1,DDT600_num150.txt,fixed,3211,8,401.375,21.005578994750977,15.24671459197998,1.0539071809034795e-05,-5.426666667,-0.394544987,0.16083332896232605,0.03581395000219345,0.09333333373069763,0.2133333384990692,-0.027405306,-0.021788478,0.0013953266122067969,0.6314490834871928,0.010125088861968834,0.04101338547964891,0.0003,1007,193,81.81638435299931,15.272268533706665,23.974149227142334,39.246417760849,1405,0.5534050040878356,0,0,TRUE,pair,441,6.217158299754374,4.648084711560725,50,0,7.2811791383219955,6.217158299754374,0.6473934961250052,8.049034700845368,cpu,cuda:0,0,670.3867188,46
299,1,DDT600_num150.txt,fixed,3018,8,377.25,23.74736785888672,14.189017295837402,1.1791479664680082e-05,-5.84,-0.442059185,0.13500000536441803,0.021538080647587776,0.1066666692495346,0.18000000715255737,-0.083292156,-0.077922602,0.0016126619385821478,0.6175883071763175,0.012088710076308675,0.03518913845930781,0.0003,1038,162,93.98576962782305,14.215436935424805,17.89580726623535,32.111244201660156,1430,0.566909700864926,0,0,TRUE,pair,415,5.647165299975313,4.807488402125849,45,0,7.272289156626506,5.647165299975313,0.6083133949432522,7.623165606404655,cpu,cuda:0,0,670.38232421875,48
300,1,DDT600_num150.txt,fixed,2982,8,372.75,37.05317306518555,14.521293640136719,1.4324969015433453e-05,-5.8,-0.457264613,0.13749998807907104,0.048066794872283936,0.06666667014360428,0.20666666328907013,-0.093870729,-0.088394642,0.002249823168053159,0.6600999023233142,0.009226593671233527,0.03075660898217133,0.0003,1035,165,103.08091725574974,14.54878044128418,14.37994933128357,28.92872977256775,1384,0.5537257016403601,0,0,TRUE,pair,448,5.985002800822258,4.891348090769859,45,0,6.65625,5.985002800822258,0.6267342978389934,7.594672704697587,cpu,cuda:0,0,670.3818359,46
301,1,DDT600_num150.txt,fixed,3106,8,388.25,16.92446517944336,15.591792106628418,1.0930913049378432e-05,-5.64,-0.441452959,0.14749999344348907,0.020395400002598763,0.11999999731779099,0.18000000715255737,-0.099357106,-0.093612238,0.0013567253481596708,0.6423221911702838,0.011634944983857818,0.03590999410620758,0.0003,1023,177,93.89017283333905,15.622690200805664,17.45851421356201,33.081204414367676,1416,0.7799941003322601,0,0,TRUE,pair,422,6.4654548993567005,4.874114616410009,40,0,7.360189573459715,6.4654548993567005,0.6899310986045748,8.089656103635207,cpu,cuda:0,0,670.38427734375,48
302,1,DDT600_num150.txt,fixed,3055,8,381.875,18.744583129882812,14.84697437286377,9.928065992426127e-06,-5.493333333,-0.44112216,0.15666666626930237,0.032317865639925,0.1066666692495346,0.20000000298023224,-0.065034571,-0.059697334,0.0018497183220461011,0.6262098014354706,0.01020909589715302,0.0303458534181118,0.0003,1012,188,124.73404814846103,14.874636888504028,9.617472887039185,24.492109775543213,1392,0.5451778987189755,0,0,TRUE,pair,414,6.050583599600941,4.758101472058585,40,0,7.379227053140097,6.050583599600941,0.6424824006389827,7.831519396044314,cpu,cuda:0,0,670.38232421875,48
303,1,DDT600_num150.txt,fixed,3196,8,399.5,33.39161682128906,17.31647300720215,1.685873940004967e-05,-5.026666667,-0.37788186,0.18583333492279053,0.044024933129549026,0.12666666507720947,0.24666666984558105,-0.05719224,-0.051670281,0.0012646211544051766,0.6154271066188812,0.00904570958664408,0.021484375,0.0003,977,223,109.26222845657878,17.343689918518066,11.9070405960083,29.250730514526367,1415,0.5846520004561171,0,0,TRUE,pair,447,7.661236398969777,4.58510638402311,50,0,7.149888143176733,7.661236398969777,0.7623916999436915,8.529704198474064,cpu,cuda:0,0,670.3847656,47
304,1,DDT600_num150.txt,fixed,2977,8,372.125,22.03654670715332,14.955658912658691,1.357521159661701e-05,-5.8,-0.454535852,0.13749998807907104,0.028074800968170166,0.10000000149011612,0.18000000715255737,-0.233819219,-0.229039173,0.0025238741654902697,0.6041982769966125,0.009881984535604715,0.04874940551817417,0.0003,1035,165,77.27836449975469,14.983510494232178,23.53956151008606,38.52307200431824,1400,0.5732899027643725,0,0,TRUE,pair,403,6.377390100387856,4.760833052528517,45,0,7.387096774193548,6.377390100387856,0.6664218953810632,7.586975199286826,cpu,cuda:0,0,670.3818359,48
305,1,DDT600_num150.txt,fixed,2995,8,374.375,24.70798110961914,14.989948272705078,1.4096971426624805e-05,-5.786666667,-0.478797338,0.13833333551883698,0.0382608026266098,0.08666666597127914,0.20000000298023224,-0.11636711,-0.111186611,0.0022025782745913602,0.6281790100038052,0.011122698026156286,0.04830633997335099,0.0003,1034,166,62.34607732996006,15.02321457862854,33.01509237289429,48.03830695152283,1380,0.7014069030992687,0,0,TRUE,pair,419,6.113901300239377,4.782971618330738,40,0,7.147971360381861,6.113901300239377,0.6518391990102828,7.895430399687029,cpu,cuda:0,0,670.3818359,48
306,1,DDT600_num150.txt,fixed,3041,8,380.125,14.477892875671387,16.38815689086914,8.231485480791889e-06,-5.893333333,-0.467442647,0.13166667520999908,0.02351122535765171,0.09333333373069763,0.1733333319425583,-0.565111902,-0.560540181,0.0018214955925941467,0.5482478812336922,0.01846833979652729,0.03459949837997556,0.0003,1042,158,142.34089293619752,16.418151140213013,4.946053743362427,21.36420488357544,1415,0.5930268006632105,0,0,TRUE,pair,416,7.237217701156624,4.786254520127743,45,0,7.310096153846154,7.237217701156624,0.739193697925657,8.060560997226276,cpu,cuda:0,0,595.2773438,48
307,1,DDT600_num150.txt,fixed,3063,8,382.875,25.4039249420166,15.782859802246094,1.2687811249634251e-05,-5.56,-0.379891551,0.1525000035762787,0.03487079218029976,0.1066666692495346,0.19333332777023315,-0.019373653,-0.014573561,0.0017714903806336224,0.5685838460922241,0.012842318937146047,0.04503809241577983,0.0003,1017,183,102.0791370299101,15.810661315917969,14.195470094680786,30.006131410598755,1385,0.5818177008768544,0,0,TRUE,pair,427,6.726512397988699,4.5148547168187445,40,0,7.173302107728337,6.726512397988699,0.7048594045918435,8.009115800610743,cpu,cuda:0,0,670.38232421875,48
308,1,DDT600_num150.txt,fixed,3001,8,375.125,33.243186950683594,14.57579231262207,1.868508115876466e-05,-5.88,-0.433352034,0.13250000774860382,0.04142429679632187,0.05999999865889549,0.2133333384990692,-0.028417141,-0.022957216,0.0019387126040573304,0.6429282885331374,0.011534013319760561,0.037276228674902365,0.0003,1041,159,69.66731062215162,14.603066205978394,28.473090648651123,43.07615685462952,1390,0.552834001253359,0,0,TRUE,pair,433,5.974560999078676,4.8480506486711565,80,0,6.930715935334873,5.974560999078676,0.6521632006624714,7.5277021010406315,cpu,cuda:0,0,670.3818359,49
309,1,DDT600_num150.txt,fixed,2970,8,371.25,28.252212524414062,15.661739349365234,1.1839589205919765e-05,-5.786666667,-0.419736767,0.13833333551883698,0.027838822454214096,0.09333333373069763,0.18000000715255737,-0.214369764,-0.20902284,0.0015451462187973614,0.6119494329799305,0.013895436248276383,0.033182414206252855,0.0003,1034,166,78.7952429824944,15.689488410949707,22.00314235687256,37.692630767822266,1376,0.5654511002358049,0,0,TRUE,pair,421,6.69105239957571,5.051515149026607,48,0,7.054631828978622,6.69105239957571,0.7548798037460074,7.855795401148498,cpu,cuda:0,0,670.3818359,49
310,1,DDT600_num150.txt,fixed,2985,8,373.125,16.21293830871582,15.282875061035156,1.0704967280616984e-05,-5.693333333,-0.408494404,0.14416666328907013,0.029238007962703705,0.09333333373069763,0.18666666746139526,0.08835480511188507,0.09355925619602204,0.001602938841097057,0.6005919694900512,0.008896538223780226,0.01628798767924309,0.0003,1027,173,101.37053591738973,15.312711000442505,14.133715152740479,29.446426153182983,1396,0.6759019971359521,0,0,TRUE,pair,398,6.407964199897833,4.9122278050561645,60,0,7.5,6.407964199897833,0.6810452999779955,7.857379495864734,cpu,cuda:0,0,670.3818359,50
311,1,DDT600_num150.txt,fixed,3113,8,389.125,24.95214080810547,14.63485336303711,1.3470122212311253e-05,-5.506666667,-0.385263714,0.15583333373069763,0.030356677249073982,0.11999999731779099,0.20666666328907013,-0.163919256,-0.158607412,0.0014281544967421464,0.6025911356721606,0.013642720354255289,0.01401186388518129,0.0003,1013,187,108.76479080705421,14.670315980911255,13.951078653335571,28.621394634246826,1454,0.5582656981423497,0,0,TRUE,pair,430,5.892153999186121,4.699646641730956,45,0,7.23953488372093,5.892153999186121,0.6230991083430126,7.805954699055292,cpu,cuda:0,0,670.38427734375,50
312,1,DDT600_num150.txt,fixed,3074,8,384.25,27.44426155090332,15.004476547241211,1.3313067938724998e-05,-5.546666667,-0.375364723,0.15333332121372223,0.029999999329447746,0.09333333373069763,0.19333332777023315,0.022641404221455257,0.029141837110122044,0.0014491973464222003,0.7225029667218527,0.01032790925213097,0.045052083830038704,0.0003,1016,184,118.52380321325839,15.032087326049805,10.903631210327148,25.935718536376953,1419,0.5668514968128875,0,0,TRUE,pair,424,6.234467199305072,4.696811972148401,36,0,7.25,6.234467199305072,0.6530957986833528,7.79516019730363,cpu,cuda:0,0,670.38427734375,50
313,1,DDT600_num150.txt,fixed,2999,8,374.875,24.245811462402344,14.444551467895508,9.313595001003705e-06,-5.813333333,-0.429603386,0.1366666555404663,0.025819890201091766,0.10000000149011612,0.18000000715255737,-0.165076392,-0.16048748,0.0022128195786434743,0.5695332090059916,0.012645003104504818,0.034035313667522535,0.0003,1036,164,90.91753416775178,14.470897436141968,18.51503896713257,32.985936403274536,1407,0.5611510032322258,0,0,TRUE,pair,419,5.914267000742257,4.986995663313756,90,0,7.157517899761337,5.914267000742257,0.621753599261865,7.596758603933267,cpu,cuda:0,0,670.3818359,49
314,1,DDT600_num150.txt,fixed,2973,8,371.625,22.203250885009766,15.507814407348633,9.801294254430104e-06,-5.866666667,-0.418140009,0.13333332538604736,0.02828427031636238,0.07999999821186066,0.1666666716337204,-0.167938197,-0.163034229,0.00220179193236522,0.6004866361618042,0.006995805136332484,0.04527870173517026,0.0003,1040,160,55.598704352279334,15.532931089401245,37.93953800201416,53.472469091415405,1410,0.6958759998669848,0,0,TRUE,pair,408,6.37317110109143,4.815338042782406,40,0,7.286764705882353,6.37317110109143,0.7323642986593768,8.046942203189246,cpu,cuda:0,0,670.3818359,51
315,1,DDT600_num150.txt,fixed,2961,8,370.125,28.024263381958008,14.45889949798584,2.345486245758366e-05,-5.893333333,-0.409044053,0.13166667520999908,0.026614531874656677,0.10000000149011612,0.18666666746139526,-0.141873166,-0.136829514,0.0014365811584866606,0.5761942714452744,0.015342359216447221,0.021684248000383377,0.0003,1042,158,89.40797190394622,14.495112180709839,18.622740030288696,33.117852210998535,1383,0.5559537017252296,0,0,TRUE,pair,424,6.093560099368915,4.7747382622480155,40,0,6.9834905660377355,6.093560099368915,0.6230753994314,7.428643597057089,cpu,cuda:0,0,670.3818359,50
316,1,DDT600_num150.txt,fixed,3057,8,382.125,22.49687385559082,15.055343627929688,1.1704385542543605e-05,-5.706666667,-0.375130998,0.1433333307504654,0.03162277489900589,0.10000000149011612,0.20666666328907013,-0.223270761,-0.218962884,0.001443934826446431,0.5029842108488083,0.011999208446858185,0.025373323687485287,0.0003,1028,172,116.25194586882635,15.080841779708862,11.215492248535156,26.29633402824402,1409,0.6710361010627821,0,0,TRUE,pair,424,6.2415132984751835,4.771671571722209,48,0,7.209905660377358,6.2415132984751835,0.6666273012524471,7.81689820101019,cpu,cuda:0,0,670.38232421875,50
317,1,DDT600_num150.txt,fixed,3078,8,384.75,30.26445960998535,14.57135009765625,1.5262514352798462e-05,-5.693333333,-0.373984526,0.14416666328907013,0.03281894698739052,0.1066666692495346,0.18666666746139526,-0.094102918,-0.089399714,0.0015810945769771934,0.5493749752640724,0.02420551751856692,0.02488295268267393,0.0003,1027,173,95.85883048771217,14.604820728302002,17.504897117614746,32.10971784591675,1438,0.5596395978936926,0,0,TRUE,pair,439,6.03555520134978,4.689083818416459,40,0,7.011389521640091,6.03555520134978,0.6081710971193388,7.61792699736543,cpu,cuda:0,0,670.38427734375,50
318,1,DDT600_num150.txt,fixed,3087,8,385.875,33.887451171875,14.403050422668457,1.785116910468787e-05,-5.56,-0.375856082,0.1525000035762787,0.04648028314113617,0.09333333373069763,0.25333333015441895,-0.087578714,-0.083484953,0.0019806115810448925,0.5084071914354961,0.008930242469068617,0.036107876275976496,0.0003,1017,183,65.25947894516808,14.432999849319458,32.8704731464386,47.30347299575806,1417,0.5449814992025495,0,0,TRUE,pair,429,5.82073110260535,4.551344346490383,40,0,7.195804195804196,5.82073110260535,0.5963713034288958,7.679393703932874,cpu,cuda:0,0,670.38427734375,49
319,1,DDT600_num150.txt,fixed,3003,8,375.375,33.1622428894043,16.34259796142578,1.5184100448095705e-05,-5.666666667,-0.393398676,0.1458333283662796,0.03438951447606087,0.10000000149011612,0.19333332777023315,-0.012785456,-0.007702568,0.0014875134220346808,0.5826641569534937,0.01162719128963848,0.01969379683335622,0.0003,1025,175,101.49097323827276,16.36932396888733,13.2195143699646,29.58883833885193,1390,0.7248766025295481,0,0,TRUE,pair,413,7.178836200735532,4.920079923295355,42,0,7.271186440677966,7.178836200735532,0.76426319940947,8.041366497054696,cpu,cuda:0,0,670.3818359,49
320,1,DDT600_num150.txt,fixed,2999,8,374.875,27.246273040771484,15.857564926147461,1.2489128494053148e-05,-5.68,-0.392296103,0.14499999582767487,0.02702879160642624,0.09333333373069763,0.1733333319425583,-0.16064159,-0.155688155,0.001393189181625429,0.5650031003687117,0.02822927741282102,0.028968051231155794,0.0003,1026,174,98.0450627216815,15.882771730422974,14.705204010009766,30.58797574043274,1382,0.6035547025967389,0,0,TRUE,pair,415,6.70635269919876,4.721240411722171,35,0,7.226506024096386,6.70635269919876,0.7580716998782009,8.039900401607156,cpu,cuda:0,0,670.3818359,50
321,1,DDT600_num150.txt,fixed,3005,8,375.625,28.425065994262695,17.009239196777344,9.869722998701036e-05,-5.88,-0.435042149,0.13249999284744263,0.03748147562146187,0.08666666597127914,0.20666666328907013,-0.507962068,-0.504239957,0.0021648482652381063,0.4804522494475047,0.014709351021641245,0.006457792595028877,0.0003,1041,159,143.63176595600535,17.039330005645752,3.882225751876831,20.921555757522583,1385,0.6178516980726272,0,0,TRUE,pair,414,7.598225799272768,4.7377703806723215,44,0,7.258454106280193,7.598225799272768,0.7826959047233686,8.26392699952703,cpu,cuda:0,0,609.18603515625,50
322,1,DDT600_num150.txt,fixed,3110,8,388.75,31.431472778320312,14.607070922851562,1.4451391507463995e-05,-5.493333333,-0.401311808,0.15666666626930237,0.03785938769578934,0.1066666692495346,0.20666666328907013,0.1017890265211463,0.10699232202023268,0.001524099730886519,0.5965347737073898,0.012370132713840576,0.015169271267950535,0.0003,1012,188,112.42075509931249,14.632581949234009,13.031348943710327,27.663930892944336,1392,0.5542002025758848,0,0,TRUE,pair,429,6.035106899216771,4.671704181137575,35,0,7.24941724941725,6.035106899216771,0.6178977013332769,7.6409090019296855,cpu,cuda:0,0,670.38427734375,50
323,1,DDT600_num150.txt,fixed,2948,8,368.5,20.41445541381836,14.407593727111816,1.639376932871528e-05,-5.88,-0.421932439,0.13249999284744263,0.022715022787451744,0.1066666692495346,0.1666666716337204,-0.194843732,-0.189471304,0.0017963726655580103,0.6270614296197892,0.014700104517396539,0.04151893686503172,0.0003,1041,159,84.7772470328206,14.445162534713745,20.32831859588623,34.773481130599976,1378,0.6487699010176584,0,0,TRUE,pair,400,5.910863500204869,5.032225238500489,40,0,7.37,5.910863500204869,0.6275123936356977,7.5581722997594625,cpu,cuda:0,0,670.3818359,50
324,1,DDT600_num150.txt,fixed,3069,8,383.625,31.467988967895508,14.552151679992676,1.547702049720101e-05,-5.24,-0.386198054,0.17250001430511475,0.04563593491911888,0.1066666692495346,0.23999999463558197,-0.09184742,-0.086908786,0.0017834466261168322,0.5830355028311411,0.013802155317777457,0.06819343181947866,0.0003,993,207,67.92733863039462,14.579254865646362,30.601375818252563,45.180630683898926,1410,0.5652610029792413,0,0,TRUE,pair,426,5.988566699204966,4.839361353936666,60,0,7.204225352112676,5.988566699204966,0.6244905018247664,7.627574400627054,cpu,cuda:0,0,670.38232421875,50
325,1,DDT600_num150.txt,fixed,3057,8,382.125,21.374269485473633,17.61492347717285,1.173833243228728e-05,-5.8,-0.448763109,0.13750000298023224,0.03230711817741394,0.09333333373069763,0.19333332777023315,-0.034181182,-0.029283058,0.0016853996097448874,0.5740824883634393,0.0146475425042974,0.06180870871652256,0.0003,1035,165,73.43561077154283,17.64291787147522,23.985387086868286,41.628304958343506,1400,0.628169197938405,0,0,TRUE,pair,430,7.8785360988695174,4.618253187997535,30,0,7.109302325581395,7.8785360988695174,0.8179539967095479,8.533074595266953,cpu,cuda:0,0,670.38232421875,51
326,1,DDT600_num150.txt,fixed,3052,8,381.5,14.142135620117188,16.126840591430664,1.2489128494053148e-05,-5.56,-0.447555484,0.1525000035762787,0.013096862472593784,0.12666666507720947,0.1666666716337204,-0.116336735,-0.111211795,0.0014000381509374296,0.5824958639485496,0.016441017588866607,0.02207191102206707,0.0003,1017,183,102.72116799079794,16.15506100654602,13.55643916130066,29.71150016784668,1408,0.5801253998652101,0,0,TRUE,pair,404,7.1539834009017795,4.8011140250753455,36,0,7.554455445544554,7.1539834009017795,0.7720323003595695,7.851720999460667,cpu,cuda:0,0,670.38232421875,51
327,1,DDT600_num150.txt,fixed,3231,8,403.875,19.522022247314453,17.02239990234375,9.5367431640625e-06,-5.16,-0.398006997,0.17750000953674316,0.03108009323477745,0.1133333370089531,0.2133333384990692,-0.023448592,-0.018184055,0.0014733841073595816,0.6001229948467679,0.006988280996059378,0.026756446291175153,0.0003,987,213,94.26392356193777,17.048391342163086,17.227712154388428,34.276103496551514,1430,0.6022245978238061,0,0,TRUE,pair,429,7.272841300815344,4.5648406058854265,45,0,7.531468531468532,7.272841300815344,0.7860803024377674,8.591672401991673,cpu,cuda:0,0,670.3867188,51
328,1,DDT600_num150.txt,fixed,3071,8,383.875,27.401813507080078,16.077884674072266,1.1364340934960637e-05,-5.586666667,-0.433061424,0.15083332359790802,0.04280932992696762,0.09333333373069763,0.23333333432674408,-0.604966372,-0.600588426,0.0018777396762743592,0.5316821336746216,0.03919327355106361,0.020746777299791574,0.0003,1019,181,176.7209037504468,16.105928897857666,1.2717549800872803,17.377683877944946,1393,0.7094277993310243,0,0,TRUE,pair,436,6.880388501449488,4.576685118931429,45,0,7.043577981651376,6.880388501449488,0.7050219007069245,8.140391702647321,cpu,cuda:0,0,217.52978515625,49
329,1,DDT600_num150.txt,fixed,2994,8,374.25,24.8029727935791,15.291760444641113,1.1714094398485031e-05,-5.72,-0.449104615,0.14249999821186066,0.03264923021197319,0.10000000149011612,0.19333332777023315,-0.167326558,-0.162559344,0.002060706540942192,0.5797568380832672,0.010022652210318483,0.02695565386675298,0.0003,1029,171,88.90224265289315,15.323220014572144,18.354220628738403,33.67744064331055,1389,0.5956613977905363,0,0,TRUE,pair,414,6.400620800559409,4.770541082482858,45,0,7.231884057971015,6.400620800559409,0.6507753947516903,7.912992700235918,cpu,cuda:0,0,670.3818359,50
330,1,DDT600_num150.txt,fixed,3227,8,403.375,26.841840744018555,16.2985782623291,1.2416092431521975e-05,-5.173333333,-0.415439188,0.17666666209697723,0.030550502240657806,0.13333334028720856,0.2266666740179062,-0.066104238,-0.061034292,0.001307963899116179,0.5723931146295447,0.012570603603595182,0.04159625619649887,0.0003,988,212,57.99442097453063,16.326218843460083,39.3170645236969,55.64328336715698,1445,0.6033689978066832,0,0,TRUE,pair,432,6.802972799167037,4.527734738073003,45,0,7.469907407407407,6.802972799167037,0.7247880017384887,8.411711400840431,cpu,cuda:0,0,670.3867188,54
331,1,DDT600_num150.txt,fixed,3095,8,386.875,40.59999084472656,17.054473876953125,9.065676567843184e-05,-5.253333333,-0.412333654,0.17166665196418762,0.03855011239647865,0.1066666692495346,0.2199999988079071,-0.013978878,-0.008636734,0.0016220646167102342,0.615317505139571,0.01171235046394241,0.06244584817725878,0.0003,994,206,72.5104349259531,17.08338952064514,25.600122213363647,42.68351173400879,1387,0.68688349716831,0,0,TRUE,pair,441,7.486351400380954,4.778998384606665,50,0,7.018140589569161,7.486351400380954,0.7835341003956273,8.407162999501452,cpu,cuda:0,0,670.38427734375,48
332,1,DDT600_num150.txt,fixed,3077,8,384.625,33.8856086730957,16.978469848632812,1.0137697245227173e-05,-5.453333333,-0.431385416,0.15916666388511658,0.031523801386356354,0.1066666692495346,0.20000000298023224,0.043836088585002084,0.049559512840850015,0.0016074663685036025,0.6527153785739627,0.008593304107177704,0.054880768060684204,0.0003,1009,191,69.42525699055074,17.009334325790405,27.31171154975891,44.321045875549316,1413,0.6139427025336772,0,0,TRUE,pair,427,7.5947315987432376,4.833929150376492,42,0,7.206088992974239,7.5947315987432376,0.7963612988824025,8.222082398715429,cpu,cuda:0,0,670.38427734375,42
333,1,DDT600_num150.txt,fixed,3150,8,393.75,27.716196060180664,16.696327209472656,1.3368459804041777e-05,-5.52,-0.438860547,0.1550000011920929,0.04699290543794632,0.08666666597127914,0.2199999988079071,-0.066605666,-0.061827866,0.0017322703085180062,0.5643932223320007,0.012407873902702704,0.03224582690745592,0.0003,1014,186,84.6924961371717,16.72376847267151,20.469609260559082,37.19337773323059,1411,0.7033713991986588,0,0,TRUE,pair,438,7.219469300587662,4.665714284881713,45,0,7.191780821917808,7.219469300587662,0.7748808029573411,8.330911597819068,cpu,cuda:0,0,670.3847656,39
334,1,DDT600_num150.txt,fixed,3058,8,382.25,26.56477928161621,16.946475982666016,1.433686884411145e-05,-5.653333333,-0.427870221,0.14666666090488434,0.033166248351335526,0.10000000149011612,0.19333332777023315,-0.024838649,-0.019089993,0.0013804708474448749,0.6438890014375959,0.005523986428410613,0.01447384584961193,0.0003,1024,176,90.96577233978263,16.975954294204712,16.641085624694824,33.617039918899536,1415,0.6511462996713817,0,0,TRUE,pair,429,7.3118456999072805,4.79496402893291,40,0,7.128205128205129,7.3118456999072805,0.7829960964154452,8.468141098623164,cpu,cuda:0,0,670.38232421875,39
335,1,DDT600_num150.txt,fixed,2965,8,370.625,21.04719352722168,14.341322898864746,9.134885658568237e-06,-5.946666667,-0.492658214,0.12833333015441895,0.02351122722029686,0.10000000149011612,0.18000000715255737,-0.097169295,-0.092772424,0.0036073422390752686,0.6200531583565932,0.008736436517210677,0.03425250223909433,0.0003,1046,154,63.973521248913684,14.368841886520386,31.978458404541016,46.3473002910614,1389,0.5540705982130021,0,0,TRUE,pair,412,5.815846899524331,4.824283306594642,36,0,7.196601941747573,5.815846899524331,0.6298468966269866,7.577183598419651,cpu,cuda:0,0,670.3818359,39
336,1,DDT600_num150.txt,fixed,3206,8,400.75,24.22679328918457,16.979948043823242,1.1243654626014177e-05,-5.066666667,-0.398526314,0.18333333730697632,0.04281744360923767,0.1133333370089531,0.24666666984558105,0.02644946500658989,0.030793967843055724,0.0021814363775774837,0.543522173166275,0.006581194199679885,0.006640625,0.0003,980,220,103.55688147782652,17.007818460464478,13.95101261138916,30.958831071853638,1462,0.5982046001590788,0,0,TRUE,pair,453,7.434085799264722,4.47161572171388,65,0,7.077262693156733,7.434085799264722,0.769305695546791,8.415029399795458,cpu,cuda:0,0,670.3867188,41
337,1,DDT600_num150.txt,fixed,3033,8,379.125,30.33330535888672,15.032062530517578,1.1670339517877437e-05,-5.466666667,-0.447437278,0.15833333134651184,0.04481443017721176,0.07999999821186066,0.20666666328907013,-0.068746681,-0.062926888,0.002178365820630764,0.6908973985248141,0.012764539244623544,0.048305519132150546,0.0003,1010,190,56.22757993188234,15.062517404556274,38.87898254394531,53.94149994850159,1396,0.6467958989087492,0,0,TRUE,pair,426,6.395684300339781,5.088361360120412,55,0,7.119718309859155,6.395684300339781,0.6364562991075218,7.683563904836774,cpu,cuda:0,0,670.38232421875,43
338,1,DDT600_num150.txt,fixed,3101,8,387.625,25.533985137939453,16.89703369140625,1.3737545486947056e-05,-5.453333333,-0.447696055,0.15916667878627777,0.04128996282815933,0.1133333370089531,0.2199999988079071,0.11739651734630267,0.12278810267647107,0.0016440186688366036,0.6213594277699789,0.01330508279352216,0.028883827151730657,0.0003,1009,191,106.75580058527441,16.927978515625,12.11962342262268,29.04760193824768,1413,0.6926275010919198,0,0,TRUE,pair,428,7.414698098553345,4.772331505735164,54,0,7.2453271028037385,7.414698098553345,0.7838239055126905,8.333982702810317,cpu,cuda:0,0,670.38427734375,46
339,1,DDT600_num150.txt,fixed,3023,8,377.875,13.788015365600586,16.17332649230957,8.971637726062909e-06,-5.653333333,-0.480571741,0.14666666090488434,0.021602468565106392,0.1066666692495346,0.18000000715255737,-0.193628371,-0.187922122,0.0015489568817429245,0.6480732172727585,0.01189109138213098,0.04478216685820371,0.0003,1024,176,90.78906676713335,16.20221781730652,17.094743013381958,33.29696083068848,1411,0.5824175000889227,0,0,TRUE,pair,406,6.977852402953431,4.890175321502004,50,0,7.445812807881773,6.977852402953431,0.8050594989908859,8.022765801521018,cpu,cuda:0,0,670.38232421875,45
340,1,DDT600_num150.txt,fixed,2960,8,370,24.748737335205078,16.393625259399414,1.4289211321738549e-05,-5.88,-0.497093662,0.13249999284744263,0.0386490635573864,0.07999999821186066,0.18666666746139526,-0.127647523,-0.122126937,0.002256605458179755,0.6648885692868914,0.008406139804200003,0.026127277740410397,0.0003,1041,159,99.68668494607336,16.421215057373047,13.271817684173584,29.69303274154663,1413,0.6128719999687746,0,0,TRUE,pair,416,7.067767100525089,4.806418918596732,45,0,7.115384615384615,7.067767100525089,0.8362539998488501,8.113740993430838,cpu,cuda:0,0,670.3818359,46
341,1,DDT600_num150.txt,fixed,3026,8,378.25,20.571521759033203,15.136067390441895,1.1498599633341655e-05,-5.64,-0.486398893,0.14749999344348907,0.031523801386356354,0.08666666597127914,0.19333332777023315,-0.028583283,-0.023825138,0.0018164018110837787,0.5666348859667778,0.01080226106387272,0.02452625648584217,0.0003,1023,177,101.39476439790576,15.162687540054321,14.681062459945679,29.84375,1398,0.5720323020359501,0,0,TRUE,pair,422,6.285602498566732,4.667217447595413,36,0,7.170616113744076,6.285602498566732,0.6994569016387686,7.814428701880388,cpu,cuda:0,0,670.38232421875,47
342,1,DDT600_num150.txt,fixed,3104,8,388,33.3166618347168,16.764589309692383,1.4603989257011563e-05,-5.6,-0.483762527,0.15000000596046448,0.04654746875166893,0.06666667014360428,0.20666666328907013,-0.147849827,-0.143297238,0.0031182880746200682,0.6111733734607696,0.010014090190331141,0.03174232766032219,0.0003,1020,180,67.95974274923735,16.793466091156006,28.880632638931274,45.67409873008728,1382,0.5889083967776969,0,0,TRUE,pair,433,7.383972700801678,4.782860823359686,40,0,7.168591224018476,7.383972700801678,0.7878871946595609,8.223991202306934,cpu,cuda:0,0,670.38427734375,49
343,1,DDT600_num150.txt,fixed,3004,8,375.5,30.696090698242188,16.14364242553711,8.994670497486368e-05,-5.68,-0.456497968,0.14499999582767487,0.031046561896800995,0.10000000149011612,0.20000000298023224,-0.143502694,-0.139078272,0.002716424860409461,0.5782636776566505,0.009530847673886456,0.04102309083100408,0.0003,1026,174,61.080417441043664,16.17731738090515,33.00374794006348,49.18106532096863,1388,0.597228501108475,0,0,TRUE,pair,416,6.86414789990522,4.667443410216889,50,0,7.221153846153846,6.86414789990522,0.7595880019944161,8.162433500867337,cpu,cuda:0,0,670.3818359,49
344,1,DDT600_num150.txt,fixed,3072,8,384,28.09359359741211,16.483585357666016,1.5303427062463015e-05,-5.666666667,-0.45545436,0.1458333283662796,0.050819672644138336,0.07333333045244217,0.23333333432674408,-0.106123988,-0.101726643,0.0028214587582624517,0.5808071568608284,0.009175591065286426,0.03098692579078488,0.0003,1025,175,59.47924858002888,16.510090589523315,35.138174533843994,51.64826512336731,1399,0.5738237985642627,0,0,TRUE,pair,429,7.35931849910412,4.686848955694586,32,0,7.160839160839161,7.35931849910412,0.7887489979621023,7.971412397688255,cpu,cuda:0,0,670.38232421875,51
345,1,DDT600_num150.txt,fixed,3094,8,386.75,29.907148361206055,17.979087829589844,1.5495374100282788e-05,-5.44,-0.446986131,0.1599999964237213,0.03829708322882652,0.1133333370089531,0.20666666328907013,-0.044720945,-0.039937871,0.001781911971467783,0.5674035258562071,0.006911134904460899,0.025872994990398485,0.0003,1008,192,79.21592776533535,18.00883412361145,21.048967599868774,39.057801723480225,1409,0.6291266981279477,0,0,TRUE,pair,425,7.980028898920864,4.648998060069242,50,0,7.28,7.980028898920864,0.8686222988180816,8.71860259922687,cpu,cuda:0,0,670.38427734375,52
346,1,DDT600_num150.txt,fixed,3014,8,376.75,20.36387825012207,16.896268844604492,1.1101195013907272e-05,-5.506666667,-0.443254037,0.15583333373069763,0.041491296142339706,0.09333333373069763,0.23333333432674408,-0.129856071,-0.124999709,0.0023082778498064727,0.6010503843426704,0.02418853569906787,0.026851060334593058,0.0003,1013,187,90.91744386189758,16.926117420196533,16.224836587905884,33.15095400810242,1409,0.6045107014942914,0,0,TRUE,pair,417,7.284172199782915,4.732913071142575,35,0,7.227817745803358,7.284172199782915,0.8150478027528152,8.409697300405242,cpu,cuda:0,0,670.38232421875,53
347,1,DDT600_num150.txt,fixed,3147,8,393.375,24.525178909301758,16.806346893310547,1.565595084684901e-05,-5.28,-0.41671811,0.17000000178813934,0.02962731570005417,0.12666666507720947,0.2199999988079071,-0.16379603,-0.158516825,0.001972356711381248,0.6265391792569842,0.011432677158154547,0.023009560203977993,0.0003,996,204,109.72087401673716,16.83420181274414,11.84766960144043,28.68187141418457,1401,0.6023780005052686,0,0,TRUE,pair,425,7.114011001889594,4.669208764878386,50,0,7.404705882352941,7.114011001889594,0.780806498019956,8.531502299476415,cpu,cuda:0,0,670.3847656,46
348,1,DDT600_num150.txt,fixed,3100,8,387.5,16.680828094482422,15.667808532714844,1.0293499144609086e-05,-5.506666667,-0.419830441,0.15583333373069763,0.030173111706972122,0.08666666597127914,0.18666666746139526,-0.0994495,-0.094529059,0.0015924668114166707,0.5716675613075495,0.014429131209908519,0.05680179374758154,0.0003,1013,187,67.18508500213754,15.695099830627441,30.446093559265137,46.14119338989258,1416,0.575587798957713,0,0,TRUE,pair,406,6.719938999856822,4.666774193394569,55,0,7.635467980295567,6.719938999856822,0.685963501688093,7.927040295908228,cpu,cuda:0,0,670.38427734375,43
349,1,DDT600_num150.txt,fixed,3225,8,403.125,17.164188385009766,17.636213302612305,1.206313208967913e-05,-5.213333333,-0.390199935,0.17416666448116302,0.02612735703587532,0.14000000059604645,0.20666666328907013,-0.045611722,-0.040250841,0.0014661755941977556,0.6093970347534526,0.011799133755795827,0.04639945077625188,0.0003,991,209,74.96729381391363,17.668901443481445,25.349858283996582,43.01875972747803,1396,0.7127925992244855,0,0,TRUE,pair,433,7.771443901117891,4.561550388557967,40,0,7.448036951501154,7.771443901117891,0.8305028992472216,8.642682799138129,cpu,cuda:0,0,670.3867188,40
350,1,DDT600_num150.txt,fixed,3160,8,395,38.40572738647461,16.134517669677734,1.8094697225023992e-05,-5.373333333,-0.403978804,0.1641666740179062,0.03957236558198929,0.1066666692495346,0.2199999988079071,-0.126170597,-0.122153332,0.001995622549050798,0.5015077541271845,0.010441328922752291,0.034361704252660275,0.0003,1003,197,110.88729863611306,16.163498878479004,12.333903789520264,28.497402667999268,1406,0.5831731968792155,0,0,TRUE,pair,449,6.889207401196472,4.585126580467707,55,0,7.0378619153674835,6.889207401196472,0.7202181982574984,8.17282319732476,cpu,cuda:0,0,670.3847656,40
351,1,DDT600_num150.txt,fixed,3108,8,388.5,40.35158157348633,17.538021087646484,1.9416116629145108e-05,-5.533333333,-0.403797771,0.15416666865348816,0.05522051826119423,0.06666667014360428,0.2199999988079071,-0.073061452,-0.068334978,0.00219900756686305,0.5825973831944995,0.014105181133749688,0.030036211531195376,0.0003,1015,185,58.860149872691345,17.568270683288574,35.234856843948364,52.80312752723694,1402,0.7148582004010677,0,0,TRUE,pair,450,7.774765299400315,4.630308879388346,65,0,6.906666666666666,7.774765299400315,0.8142885990673676,8.565872599603608,cpu,cuda:0,0,670.38427734375,40
352,1,DDT600_num150.txt,fixed,3047,8,380.875,32.9523811340332,16.83146858215332,1.6504352970514446e-05,-5.813333333,-0.44666678,0.1366666555404663,0.043969687074422836,0.07333333045244217,0.19333332777023315,0.16631733377774557,0.1718479059636593,0.0013591230187254648,0.6210132638613383,0.015993173879299622,0.009828416009744009,0.0003,1036,164,102.0243988508548,16.8597092628479,13.005695819854736,29.865405082702637,1384,0.6895951001206413,0,0,TRUE,pair,435,7.253432298777625,4.667541842089742,30,0,7.004597701149425,7.253432298777625,0.7999486024491489,8.40013080148492,cpu,cuda:0,0,670.38232421875,40
353,1,DDT600_num150.txt,fixed,3039,8,379.875,23.671911239624023,15.207381248474121,1.2310343663557433e-05,-5.626666667,-0.462613709,0.1483333259820938,0.03227486088871956,0.09333333373069763,0.18000000715255737,-0.122987247,-0.118112873,0.0019543360852237257,0.5851550613130841,0.005681083508534357,0.012705783259921841,0.0003,1022,178,93.40830520785883,15.23535704612732,17.29922318458557,32.53458023071289,1384,0.6568420004332438,0,0,TRUE,pair,407,6.135971400071867,4.9253043765180715,60,0,7.466830466830467,6.135971400071867,0.6801313030300662,8.055031300289556,cpu,cuda:0,0,670.38232421875,40
354,1,DDT600_num150.txt,fixed,3034,8,379.25,21.04014015197754,15.187692642211914,1.1987500329269096e-05,-5.573333333,-0.446484599,0.15166665613651276,0.024209732189774513,0.11999999731779099,0.19333332777023315,-0.1468754,-0.142158199,0.0019397882919292898,0.5687096387147903,0.008987634751247243,0.02440391182899475,0.0003,1018,182,83.18597379362225,15.2145094871521,21.25798535346985,36.47249484062195,1401,0.5743963996646926,0,0,TRUE,pair,413,6.360711299115792,4.759723137221842,50,0,7.346246973365617,6.360711299115792,0.645864502643235,7.856859598658048,cpu,cuda:0,0,670.38232421875,43
355,1,DDT600_num150.txt,fixed,3015,8,376.875,32.53243637084961,16.091943740844727,6.238735659280792e-05,-5.76,-0.444279597,0.13999998569488525,0.03771236166357994,0.07999999821186066,0.19333332777023315,-0.248513403,-0.243789798,0.002087335519415016,0.5767272959152857,0.012480399571359158,0.026873142458498478,0.0003,1032,168,112.36475646271037,16.121947288513184,10.710309505462646,26.83225679397583,1373,0.572473801090382,0,0,TRUE,pair,429,7.04120199859608,4.822222224199159,42,0,7.027972027972028,7.04120199859608,0.7741348004201427,7.919970895163715,cpu,cuda:0,0,670.38232421875,44
356,1,DDT600_num150.txt,fixed,3113,8,389.125,26.872093200683594,14.999065399169922,1.596870606590528e-05,-5.373333333,-0.401694091,0.164166659116745,0.03695906326174736,0.1066666692495346,0.2266666740179062,-0.05707372,-0.052249197,0.0016541513780664121,0.5651594315256391,0.010469131745464568,0.017047381228102104,0.0003,1003,197,97.1049496588274,15.024975299835205,17.033122777938843,32.05809807777405,1389,0.5481173988664523,0,0,TRUE,pair,430,6.146677600569092,4.662383552613153,40,0,7.23953488372093,6.146677600569092,0.6647812979063019,7.861821698839776,cpu,cuda:0,0,670.38427734375,44
357,1,DDT600_num150.txt,fixed,3061,8,382.625,28.87445831298828,15.513662338256836,1.5165371223702095e-05,-5.346666667,-0.401026188,0.16583332419395447,0.0438985601067543,0.1133333370089531,0.24666666984558105,-0.039505028,-0.034355059,0.0016831101384013891,0.5991523762543997,0.011703862655849662,0.03617621585726738,0.0003,1001,199,99.65884708007535,15.541330337524414,15.17345404624939,30.714784383773804,1399,0.602537298691459,0,0,TRUE,pair,417,6.446404700749554,4.735053901304727,50,0,7.3405275779376495,6.446404700749554,0.6520782056031749,8.082940599066205,cpu,cuda:0,0,670.38232421875,46
358,1,DDT600_num150.txt,fixed,3152,8,394,21.788759231567383,15.931857109069824,1.0863100214919541e-05,-5.36,-0.401544687,0.16499999165534973,0.026614531874656677,0.11999999731779099,0.20000000298023224,-0.116127177,-0.111021598,0.0013227425321626167,0.5766949951648712,0.008329554686497431,0.03933147123704354,0.0003,1002,198,116.24128167496592,15.966531753540039,11.14948034286499,27.11601209640503,1397,0.5870856016408652,0,0,TRUE,pair,425,6.585108398809098,4.601522843244717,35,0,7.416470588235294,6.585108398809098,0.6921114971628413,8.311041604029015,cpu,cuda:0,0,670.3847656,46
359,1,DDT600_num150.txt,fixed,3076,8,384.5,33.911651611328125,17.271411895751953,1.7546051822137088e-05,-5.573333333,-0.442051776,0.15166668593883514,0.04304390400648117,0.10000000149011612,0.2199999988079071,0.08170964419841767,0.08670606911182403,0.001453605992719531,0.5723228931427002,0.007777771053952165,0.0108185276389122,0.0003,1018,182,110.77409349021677,17.30954360961914,10.45868182182312,27.76822543144226,1361,0.6258284032810479,0,0,TRUE,pair,440,7.344422300579026,4.8198959677055075,40,0,6.990909090909091,7.344422300579026,0.8577614988898858,8.658169504720718,cpu,cuda:0,0,670.38427734375,46
360,1,DDT600_num150.txt,fixed,3085,8,385.625,27.995256423950195,16.251873016357422,1.545128907309845e-05,-5.386666667,-0.444275875,0.16333334147930145,0.04484541341662407,0.09333333373069763,0.2199999988079071,-0.127858786,-0.123422455,0.002093614760919341,0.548314413854054,0.009646974911447614,0.013917702715843916,0.0003,1004,196,96.34930087077112,16.278157234191895,15.74075698852539,32.018914222717285,1377,0.6209528991021216,0,0,TRUE,pair,420,6.876561098615639,4.788006484373269,40,0,7.345238095238095,6.876561098615639,0.7107286954997107,8.315407394780777,cpu,cuda:0,0,670.38427734375,47
361,1,DDT600_num150.txt,fixed,3084,8,385.5,24.05722427368164,14.47131061553955,1.4419890248973388e-05,-5.36,-0.434057915,0.16500000655651093,0.02619372121989727,0.13333334028720856,0.2199999988079071,-0.030598319,-0.026044112,0.0015531764753783743,0.5330795380804274,0.012021543464571651,0.04870581461323632,0.0003,1002,198,81.56385187633796,14.499094724655151,23.31177282333374,37.81086754798889,1398,0.5546240990515798,0,0,TRUE,pair,414,5.775384999695234,4.755836577189727,45,0,7.449275362318841,5.775384999695234,0.6245721037266776,7.761182798887603,cpu,cuda:0,0,670.38427734375,49
362,1,DDT600_num150.txt,fixed,3022,8,377.75,26.171310424804688,14.674220085144043,1.2588861864060163e-05,-5.493333333,-0.433465273,0.15666666626930237,0.039581138640642166,0.09333333373069763,0.20666666328907013,-0.03829807,-0.03389062,0.0015813459467608482,0.5198116824030876,0.00955387850990519,0.011333626694977283,0.0003,1012,188,124.09579251261955,14.708524703979492,9.643630504608154,24.352155208587646,1360,0.5504945991560817,0,0,TRUE,pair,429,6.151352900080383,4.713103903042095,48,0,7.0442890442890445,6.151352900080383,0.6221546990564093,7.58980319974944,cpu,cuda:0,0,670.38232421875,49
363,1,DDT600_num150.txt,fixed,3154,8,394.25,30.73170280456543,16.502683639526367,1.7777778339223005e-05,-5.386666667,-0.428840433,0.16333332657814026,0.04149966686964035,0.1133333370089531,0.23333333432674408,-0.036240292,-0.03217309,0.0018347475852351636,0.49845739006996154,0.012344916310394183,0.026269354950636627,0.0003,1004,196,88.56009539251062,16.53079581260681,19.083438634872437,35.61423444747925,1405,0.6807546961354092,0,0,TRUE,pair,442,7.057859199354425,4.479074191502853,35,0,7.135746606334842,7.057859199354425,0.7367376027395949,8.348962603486143,cpu,cuda:0,0,670.3847656,49
364,1,DDT600_num150.txt,fixed,3102,8,387.75,26.943227767944336,16.70741844177246,1.4805006685492117e-05,-5.373333333,-0.432309385,0.164166659116745,0.029238007962703705,0.1133333370089531,0.20000000298023224,-0.076525287,-0.071564183,0.0012837862660590974,0.5602993534670936,0.020764182871466294,0.05157730417946974,0.0003,1003,197,87.7203826038882,16.737488508224487,18.624874353408813,35.3623628616333,1380,0.601479399134405,0,0,TRUE,pair,439,7.4707333002006635,4.6976144412961185,36,0,7.066059225512529,7.4707333002006635,0.7894019930390641,8.078951499657705,cpu,cuda:0,0,670.38427734375,51
365,1,DDT600_num150.txt,fixed,3087,8,385.875,17.445898056030273,14.648666381835938,1.2861351024184842e-05,-5.533333333,-0.452623114,0.15416666865348816,0.024137914180755615,0.1066666692495346,0.18000000715255737,-0.019642055,-0.014780463,0.0015260449533040326,0.5624610881010691,0.012419967070551744,0.016943438909947872,0.0003,1015,185,103.48434729103982,14.680041074752808,15.150557279586792,29.8305983543396,1431,0.6552301006158814,0,0,TRUE,pair,405,5.8454399006441236,4.577583413777477,50,0,7.622222222222222,5.8454399006441236,0.6201200019568205,7.866288500488736,cpu,cuda:0,0,670.38427734375,51
366,1,DDT600_num150.txt,fixed,3014,8,376.75,20.80714988708496,15.7907133102417,1.041973791870987e-05,-5.72,-0.470412408,0.14249999821186066,0.02980259247124195,0.09333333373069763,0.18666666746139526,-0.115463346,-0.110449247,0.0015831414881783228,0.5805670370658239,0.00974464667281912,0.030234792735427618,0.0003,1029,171,112.90492372403922,15.819811820983887,10.875215291976929,26.695027112960815,1394,0.5982428996358067,0,0,TRUE,pair,405,6.645866499398835,4.85534174053101,45,0,7.441975308641975,6.645866499398835,0.7131262996699661,8.082728601875715,cpu,cuda:0,0,670.38232421875,51
367,1,DDT600_num150.txt,fixed,3159,8,394.875,28.672449111938477,17.935274124145508,1.37540864670882e-05,-5.253333333,-0.422624603,0.17166668176651,0.04444097355008125,0.11999999731779099,0.24666666984558105,-0.036624345,-0.031779888,0.0018336699078125612,0.5761293172836304,0.014693630643055908,0.026948058179446628,0.0003,994,206,104.49419077151546,17.96397089958191,12.267374753952026,30.231345653533936,1397,0.7583257984369993,0,0,TRUE,pair,437,7.84498779848218,4.683760684968249,40,0,7.22883295194508,7.84498779848218,0.9087203984381631,8.760748995700851,cpu,cuda:0,0,670.3847656,50
368,1,DDT600_num150.txt,fixed,2989,8,373.625,37.539772033691406,16.1200008392334,2.2778645870857872e-05,-5.72,-0.473664115,0.14249999821186066,0.054664380848407745,0.07333333045244217,0.25333333015441895,0.20017723739147186,0.20499524474143982,0.0017639027598003547,0.5699958205223083,0.011861771888410052,0.007161458333333333,0.0003,1029,171,123.66908367769089,16.148496866226196,8.0208420753479,24.169338941574097,1389,0.699686196167022,0,0,TRUE,pair,432,6.881601099274121,4.8390766160070955,45,0,6.918981481481482,6.881601099274121,0.7405699021182954,8.139487904729322,cpu,cuda:0,0,670.3818359,52
369,1,DDT600_num150.txt,fixed,3056,8,382,33.39535903930664,15.081677436828613,1.5075144801812712e-05,-5.333333333,-0.421577414,0.1666666567325592,0.052915021777153015,0.10000000149011612,0.25999999046325684,-0.034120067,-0.029955982,0.0021479573527661464,0.5238061745961508,0.015979994044755585,0.025948945665732026,0.0003,1000,200,76.13951698206546,15.114548683166504,25.02229642868042,40.136845111846924,1383,0.5580472006695345,0,0,TRUE,pair,433,6.2660993001190946,4.79319371719947,45,0,7.0577367205542725,6.2660993001190946,0.6598179043503478,7.827918596449308,cpu,cuda:0,0,670.38232421875,52
370,1,DDT600_num150.txt,fixed,3116,8,389.5,27.073972702026367,15.050800323486328,1.3737545486947056e-05,-5.453333333,-0.452087901,0.15916667878627777,0.043898556381464005,0.07999999821186066,0.2133333384990692,-0.097975019,-0.093634576,0.001884671093042319,0.5282782316207886,0.012043678550980985,0.02350427838973701,0.0003,1009,191,75.95928495075864,15.07793641090393,25.944040060043335,41.021976470947266,1406,0.5472010014345869,0,0,TRUE,pair,426,6.194399899570271,4.657573811317745,60,0,7.314553990610329,6.194399899570271,0.645127100055106,7.886488699121401,cpu,cuda:0,0,670.38427734375,51
371,1,DDT600_num150.txt,fixed,3018,8,377.25,25.45952606201172,14.253341674804688,1.3261732419778127e-05,-5.693333333,-0.459502177,0.14416666328907013,0.0282719936221838,0.10000000149011612,0.20000000298023224,-0.086103747,-0.081136546,0.0018488416913896798,0.5891627222299576,0.010820332827279344,0.02222108654677868,0.0003,1027,173,90.79451294963805,14.279996395111084,18.959897756576538,33.23989415168762,1378,0.5403425002004951,0,0,TRUE,pair,427,5.765317099285312,4.882703774650023,90,0,7.067915690866511,5.765317099285312,0.6168204973218963,7.562852100818418,cpu,cuda:0,0,670.38232421875,44
372,1,DDT600_num150.txt,fixed,3125,8,390.625,22.945247650146484,16.00235366821289,1.307612365053501e-05,-5.32,-0.453764921,0.16750000417232513,0.03134707361459732,0.11999999731779099,0.2199999988079071,-0.130935607,-0.12654147,0.0016418373727771854,0.5215062413896833,0.008769374789803155,0.022872248930590495,0.0003,999,201,94.10829664162576,16.02828359603882,17.17814040184021,33.20642399787903,1409,0.5999923018971458,0,0,TRUE,pair,426,6.721284600556828,4.754879998168946,45,0,7.335680751173709,6.721284600556828,0.714180599199608,8.215077999862842,cpu,cuda:0,0,670.38427734375,42
373,1,DDT600_num150.txt,fixed,3112,8,389,27.694765090942383,17.402109146118164,1.4113091310719028e-05,-5.36,-0.453110848,0.16500000655651093,0.048045117408037186,0.10000000149011612,0.2266666740179062,0.026505382731556892,0.030518976040184498,0.0022617713402723894,0.5144480913877487,0.011047923675505444,0.031451212242245674,0.0003,1002,198,89.87033787271233,17.428540468215942,17.199125051498413,34.627665519714355,1392,0.6116090980358422,0,0,TRUE,pair,436,7.782908899593167,4.685732645363305,40,0,7.137614678899083,7.782908899593167,0.8688800025265664,8.351312696933746,cpu,cuda:0,0,670.38427734375,42
374,1,DDT600_num150.txt,fixed,3105,8,388.125,25.206335067749023,15.34682559967041,1.6449153918074444e-05,-5.386666667,-0.455402244,0.16333334147930145,0.021858131512999535,0.12666666507720947,0.20000000298023224,0.06298898160457611,0.0671893549816949,0.0017988427841503704,0.5099795588425228,0.007043302701016988,0.013054531067609787,0.0003,1004,196,94.6782111444495,15.375251531600952,17.420044898986816,32.79529643058777,1383,0.5677695013582706,0,0,TRUE,pair,429,6.37659330049064,4.771336552716684,55,0,7.2377622377622375,6.37659330049064,0.6495399995474145,7.992141997907311,cpu,cuda:0,0,670.38427734375,40
375,1,DDT600_num150.txt,fixed,3084,8,385.5,23.103029251098633,14.949514389038086,1.282151151826838e-05,-5.4,-0.462058385,0.16249999403953552,0.036505330353975296,0.11999999731779099,0.23333333432674408,0.13366272002458573,0.13857339322566986,0.0014375748578459024,0.5629456400871277,0.019512914621736856,0.02205528849735856,0.0003,1005,195,106.39275272397748,14.978089332580566,14.00884747505188,28.986936807632446,1410,0.5767960998928174,0,0,TRUE,pair,422,6.165652199881151,4.643320362700872,36,0,7.308056872037914,6.165652199881151,0.6448611029190943,7.817925701965578,cpu,cuda:0,0,670.38427734375,40
376,1,DDT600_num150.txt,fixed,3129,8,391.125,25.50214385986328,17.17471694946289,1.561232056701556e-05,-5.346666667,-0.455183989,0.16583332419395447,0.03502975031733513,0.13333334028720856,0.23333333432674408,-0.033622485,-0.028989641,0.0017478659615984984,0.550678129707064,0.00779795809648931,0.043887805459754806,0.0003,1001,199,59.617938098402064,17.205503225326538,35.27870035171509,52.484203577041626,1387,0.732886197976768,0,0,TRUE,pair,433,7.442970200907439,4.719399168530224,48,0,7.226327944572748,7.442970200907439,0.7745452976087108,8.578041294938885,cpu,cuda:0,0,670.38427734375,40
377,1,DDT600_num150.txt,fixed,3201,8,400.125,25.58533477783203,16.203767776489258,1.1815559446404222e-05,-5.08,-0.428820269,0.1824999898672104,0.04081632196903229,0.1133333370089531,0.23333333432674408,-0.032261231,-0.027899912,0.002030812669545412,0.5376727070127215,0.006695928093644657,0.038976180367171764,0.0003,981,219,99.61386440528445,16.2326922416687,15.901388883590698,32.1340811252594,1404,0.5819139003288001,0,0,TRUE,pair,430,6.9115654996130615,4.631677597398052,40,0,7.444186046511628,6.9115654996130615,0.7276782953413203,8.212446203338914,cpu,cuda:0,0,670.3867188,40
378,1,DDT600_num150.txt,fixed,3094,8,386.75,31.609928131103516,16.02019691467285,4.853911741520278e-05,-5.653333333,-0.472958503,0.14666667580604553,0.048419464379549026,0.1066666692495346,0.24666666984558105,-0.068595326,-0.06399106,0.002733467976213433,0.5971002392470837,0.012435272001312114,0.022522577084600925,0.0003,1024,176,84.24757890022161,16.057496547698975,20.66759443283081,36.725090980529785,1389,0.6885984009131789,0,0,TRUE,pair,459,6.695898900390603,4.946994183,56,0,6.7407407407407405,6.695898900390603,0.7435523997992277,8.222418100456707,cpu,cuda:0,0,670.38427734375,44
379,1,DDT600_num150.txt,fixed,3139,8,392.375,14.924287796020508,15.218267440795898,9.524815141048748e-06,-5.6,-0.487977272,0.15000000596046448,0.03382963687181473,0.10000000149011612,0.20000000298023224,-0.035868006,-0.031875968,0.002666405474883504,0.5325245074927807,0.010481899545993656,0.029732143215369433,0.0003,1020,180,98.76510135685513,15.246814727783203,16.535666704177856,31.78248143196106,1414,0.5456309027504176,0,0,TRUE,pair,419,6.438918500090949,4.530742275711076,35,0,7.491646778042959,6.438918500090949,0.6516417032107711,7.807327098213136,cpu,cuda:0,0,670.3847656,44
380,1,DDT600_num150.txt,fixed,3093,8,386.625,22.78122901916504,16.976699829101562,1.3402433069131803e-05,-5.346666667,-0.453671974,0.16583332419395447,0.05211498588323593,0.1133333370089531,0.25999999046325684,-0.14991451,-0.146261669,0.00279945697236274,0.5052567592688969,0.013341115205548704,0.05574232612603477,0.0003,1001,199,69.2269392212844,17.006932497024536,27.672205924987793,44.67913842201233,1385,0.604054200113751,0,0,TRUE,pair,430,7.487375698052347,4.772389267163874,36,0,7.193023255813953,7.487375698052347,0.782449300866574,8.327889995533042,cpu,cuda:0,0,670.38427734375,46
381,1,DDT600_num150.txt,fixed,2963,8,370.375,27.77560806274414,15.074804306030273,1.253456048289081e-05,-5.813333333,-0.464312338,0.1366666555404663,0.03282952308654785,0.09333333373069763,0.20666666328907013,0.13770626187324525,0.14192801713943481,0.0024435263592749836,0.5443525671958923,0.01771067943191156,0.01570575386285782,0.0003,1036,164,98.00005368516652,15.102364301681519,15.132313013076782,30.2346773147583,1396,0.576815000269562,0,0,TRUE,pair,412,6.434415199328214,4.89773877931132,45,0,7.191747572815534,6.434415199328214,0.6796739998972043,7.633534295251593,cpu,cuda:0,0,670.3818359,47
382,1,DDT600_num150.txt,fixed,3022,8,377.75,31.24799919128418,16.434406280517578,1.1424206604715437e-05,-5.533333333,-0.465811189,0.15416666865348816,0.033901408314704895,0.1066666692495346,0.2133333384990692,-0.180241264,-0.175479077,0.0018156853038817644,0.5670032650232315,0.019590866257203743,0.026765658287331462,0.0003,1015,185,126.97765728039943,16.460918426513672,7.338544130325317,23.79946255683899,1404,0.5989278975175694,0,0,TRUE,pair,424,7.140564601169899,4.740900064682345,35,0,7.127358490566038,7.140564601169899,0.7832329971715808,8.144755702000111,cpu,cuda:0,0,670.38232421875,47
383,1,DDT600_num150.txt,fixed,3062,8,382.75,16.805877685546875,15.267724990844727,1.3278866390464827e-05,-5.413333333,-0.47446404,0.1616666615009308,0.034278273582458496,0.1066666692495346,0.2266666740179062,-0.039315067,-0.034717227,0.0019182464540270822,0.5556962788105011,0.012770687920107906,0.029641104396432638,0.0003,1006,194,93.41952481162299,15.297713994979858,17.47916007041931,32.77687406539917,1365,0.5611822981154546,0,0,TRUE,pair,411,6.443532199598849,4.673089484698161,60,0,7.450121654501216,6.443532199598849,0.6613215992692858,7.834155401447788,cpu,cuda:0,0,670.38232421875,49
384,1,DDT600_num150.txt,fixed,3039,8,379.875,33.035728454589844,14.620889663696289,1.4044453564565629e-05,-5.853333333,-0.501691791,0.1341666728258133,0.04402492940425873,0.06666667014360428,0.20000000298023224,-0.117586108,-0.114399541,0.0035852124565280974,0.4979173019528389,0.007483196692191996,0.02462483139242977,0.0003,1039,161,94.31684038681027,14.648077249526978,17.57310390472412,32.2211811542511,1390,0.6483105994993821,0,0,TRUE,pair,417,5.97049989993684,4.720960840577944,48,0,7.287769784172662,5.97049989993684,0.6182563970796764,7.720014403574169,cpu,cuda:0,0,670.38232421875,50
385,1,DDT600_num150.txt,fixed,2905,8,363.125,25.012184143066406,14.525362968444824,1.3737545486947056e-05,-5.826666667,-0.522747493,0.13583333790302277,0.04122263565659523,0.09333333373069763,0.2133333384990692,-0.121856806,-0.118087928,0.003233756976745402,0.5385749886433283,0.009406119822718514,0.036086727671014764,0.0003,1037,163,63.51915146407294,14.55440902709961,31.179829120635986,45.734238147735596,1377,0.5688387023983523,0,0,TRUE,pair,403,5.929068801691756,5.057487090360277,50,0,7.208436724565757,5.929068801691756,0.6422627978026867,7.633534902124666,cpu,cuda:0,0,670.3798828,51
386,1,DDT600_num150.txt,fixed,3001,8,375.125,24.090648651123047,14.746182441711426,1.3210196811996866e-05,-5.72,-0.53545259,0.14249999821186066,0.0319613479077816,0.10000000149011612,0.19333332777023315,-0.572545104,-0.569092225,0.0039645847282372415,0.5435181334614754,0.011311143083730713,0.023718432988971472,0.0003,1029,171,151.66989717887216,14.776203393936157,5.010188341140747,19.786391735076904,1399,0.5686638003680855,0,0,TRUE,pair,422,6.115899298689328,4.700766410560697,45,0,7.111374407582939,6.115899298689328,0.6625856996979564,7.637493493617512,cpu,cuda:0,0,617.26025390625,50
387,1,DDT600_num150.txt,fixed,2950,8,368.75,20.31471061706543,16.163156509399414,1.0894450497289654e-05,-5.666666667,-0.49049668,0.1458333283662796,0.03062995709478855,0.10000000149011612,0.19333332777023315,-0.186743081,-0.183492917,0.004162613215157762,0.5331474281847477,0.018021392228547484,0.04065411153715104,0.0003,1025,175,83.82742921562676,16.19058656692505,19.0007586479187,35.19134521484375,1359,0.5989076981786638,0,0,TRUE,pair,395,7.039741300046444,4.754237287650674,45,0,7.468354430379747,7.039741300046444,0.753004698548466,8.010358900530264,cpu,cuda:0,0,670.3818359,51
388,1,DDT600_num150.txt,fixed,3115,8,389.375,34.010799407958984,16.680316925048828,1.8257322153658606e-05,-5.68,-0.515458458,0.14499999582767487,0.04226240515708923,0.08666666597127914,0.20666666328907013,-0.375173889,-0.372315742,0.00367013894720003,0.46932337433099747,0.01161173799118842,0.015329317189753056,0.0003,1026,174,147.60078551672194,16.70857858657837,4.3956451416015625,21.10422372817993,1388,0.6983260000124574,0,0,TRUE,pair,433,7.145876100868918,4.71556982221037,42,0,7.193995381062356,7.145876100868918,0.7694800965255126,8.392994802328758,cpu,cuda:0,0,635.8691406,50
389,1,DDT600_num150.txt,fixed,3128,8,391,26.0720157623291,16.264795303344727,1.0726186701504048e-05,-5.373333333,-0.485255242,0.1641666740179062,0.043581023812294006,0.09333333373069763,0.2199999988079071,0.00032687094062566757,0.0038759072444268633,0.0030275290233216117,0.5062803711209979,0.014687205007898487,0.030979397307549204,0.0003,1003,197,102.27358496346379,16.291174173355103,14.293458223342896,30.584632396697998,1376,0.5666015995666385,0,0,TRUE,pair,429,7.0417313002981246,4.638107415698373,45,0,7.291375291375291,7.0417313002981246,0.7393359986599535,8.126191199524328,cpu,cuda:0,0,670.38427734375,52
390,1,DDT600_num150.txt,fixed,3033,8,379.125,17.04726791381836,16.57840347290039,9.631638022256084e-06,-5.72,-0.541394349,0.14250001311302185,0.03264923021197319,0.08666666597127914,0.18000000715255737,-0.094771242,-0.091290401,0.004078186466358602,0.5519931092858315,0.011244072869885713,0.054686079965904355,0.0003,1029,171,87.9367414638279,16.60687279701233,17.883829832077026,34.490702629089355,1406,0.6042449006345123,0,0,TRUE,pair,402,7.213623001240194,4.9396636969493715,45,0,7.544776119402985,7.213623001240194,0.8062946035061032,8.181664100731723,cpu,cuda:0,0,670.38232421875,52
391,1,DDT600_num150.txt,fixed,2886,8,360.75,20.74698829650879,14.644984245300293,1.173833243228728e-05,-5.973333333,-0.552514761,0.12666666507720947,0.03036811202764511,0.09333333373069763,0.18666666746139526,-0.572694317,-0.570605859,0.005612446693703532,0.48947033286094666,0.04130809614434838,0.024853801354765892,0.0003,1048,152,165.6567927843104,14.675843954086304,2.7457175254821777,17.42156147956848,1356,0.6622672005323693,0,0,TRUE,pair,393,6.007102300878614,5.114691613948105,45,0,7.343511450381679,6.007102300878614,0.6530580999096856,7.658484905143268,cpu,cuda:0,0,599.37158203125,47
392,1,DDT600_num150.txt,fixed,2977,8,372.125,35.49802017211914,16.670671463012695,2.709173713810742e-05,-5.8,-0.51633075,0.13750000298023224,0.04383523389697075,0.046666666865348816,0.20000000298023224,-0.105106893,-0.102200632,0.004690249159466475,0.5251382924616337,0.012882218572485726,0.031117607548367232,0.0003,1035,165,83.0273148445524,16.70020055770874,19.15546941757202,35.85566997528076,1358,0.5820257007144392,0,0,TRUE,pair,425,7.387712599942461,4.822640242655084,40,0,7.004705882352941,7.387712599942461,0.8329520965926349,8.07595250022132,cpu,cuda:0,0,670.3818359,45
393,1,DDT600_num150.txt,fixed,3084,8,385.5,29.669008255004883,16.519306182861328,1.6872221749508753e-05,-5.44,-0.518006784,0.1600000113248825,0.04000000283122063,0.09333333373069763,0.2266666740179062,-0.099275152,-0.09547873,0.003124913724604994,0.5358877293765545,0.014765443578653503,0.044667262583971024,0.0003,1008,192,96.23983602545805,16.546162843704224,15.498779535293579,32.0449423789978,1389,0.5769944021012634,0,0,TRUE,pair,433,7.321757600759156,4.824902724817724,50,0,7.122401847575058,7.321757600759156,0.7734659957932308,8.065721402759664,cpu,cuda:0,0,670.38427734375,42
394,1,DDT600_num150.txt,fixed,3180,8,397.5,35.87478256225586,17.759498596191406,7.040416221570922e-06,-5.213333333,-0.471518735,0.17416667938232422,0.02737344801425934,0.13333334028720856,0.2266666740179062,-0.006834197,-0.003675999,0.002894236421626475,0.46053196324242485,0.01733221559778839,0.028361629487739667,0.0003,991,209,91.71385334530497,17.794662475585938,16.878398180007935,34.67306065559387,1411,0.6258821988012642,0,0,TRUE,pair,450,7.925933899590746,4.666666663217844,36,0,7.066666666666666,7.925933899590746,0.8108267957577482,8.639653197489679,cpu,cuda:0,0,670.3847656,41
395,1,DDT600_num150.txt,fixed,3043,8,380.375,27.211843490600586,16.32178497314453,6.742146797478199e-05,-5.746666667,-0.56080176,0.14083331823349,0.022958295419812202,0.1066666692495346,0.18000000715255737,-0.548967123,-0.545098543,0.002846043324097991,0.5291556715965271,0.07781509310007095,0.03750000149011612,0.0003,1031,169,180.47273892101137,16.357831478118896,0.5034408569335938,16.86127233505249,1390,0.581288100569509,0,0,TRUE,pair,428,7.21368759975303,4.727242852448242,45,0,7.109813084112149,7.21368759975303,0.7673381010536104,7.981231801211834,cpu,cuda:0,0,133.52978515625,41
396,1,DDT600_num150.txt,fixed,3110,8,388.75,36.95859146118164,17.25013542175293,1.274145961360773e-05,-5.533333333,-0.533713452,0.15416666865348816,0.039361219853162766,0.08666666597127914,0.20666666328907013,-0.135566309,-0.133828461,0.004790073726326227,0.413287878036499,0.030413955450057983,0.016597511246800423,0.0003,1015,185,156.18260143538058,17.278141736984253,2.6344475746154785,19.91258931159973,1376,0.6126998029649258,0,0,TRUE,pair,443,7.450707099284045,4.693247590034337,50,0,7.020316027088036,7.450707099284045,0.8012928020907566,8.462086997344159,cpu,cuda:0,0,631.26513671875,40
397,1,DDT600_num150.txt,fixed,3021,8,377.625,31.86666488647461,14.275972366333008,1.635558328416664e-05,-5.653333333,-0.558306192,0.14666666090488434,0.030912062153220177,0.10000000149011612,0.20000000298023224,-0.083027529,-0.078839629,0.003089713747613132,0.5732756368815899,0.011348121712217107,0.04021361737977713,0.0003,1024,176,92.92684100312822,14.303249597549438,18.20619511604309,32.50944471359253,1365,0.6861039991490543,0,0,TRUE,pair,427,5.653898799791932,4.779543196196116,45,0,7.074941451990632,5.653898799791932,0.5992830991744995,7.71293959999457,cpu,cuda:0,0,670.38232421875,41
398,1,DDT600_num150.txt,fixed,2919,8,364.875,22.070554733276367,13.872636795043945,1.3820053936797194e-05,-5.92,-0.565158993,0.12999999523162842,0.038873013108968735,0.06666667014360428,0.18666666746139526,-0.104690488,-0.101854358,0.004355775225641472,0.501402314220156,0.018036339664831758,0.036696536732571464,0.0003,1044,156,94.47552324561909,13.899935483932495,16.99695611000061,30.896891593933105,1379,0.5441708993166685,0,0,TRUE,pair,396,5.642424099729396,4.85200410683133,45,0,7.371212121212121,5.642424099729396,0.5900312999729067,7.340381002635695,cpu,cuda:0,0,670.3798828,39
399,1,DDT600_num150.txt,fixed,3029,8,378.625,20.105581283569336,17.206684112548828,1.2434391464921646e-05,-5.693333333,-0.558229535,0.14416666328907013,0.029238006100058556,0.1066666692495346,0.20666666328907013,-0.089166659,-0.085460419,0.0033311265287920833,0.5371812333663305,0.018673511474238087,0.038253791319827236,0.0003,1027,173,105.38533384643429,17.236246824264526,11.505892992019653,28.74213981628418,1376,0.6038171007530764,0,0,TRUE,pair,414,7.720646799192764,4.632221855555245,40,0,7.316425120772947,7.720646799192764,0.8117094993358478,8.291377205401659,cpu,cuda:0,0,670.38232421875,39
400,1,DDT600_num150.txt,fixed,3125,8,390.625,26.888368606567383,16.99221420288086,1.4415947589441203e-05,-5.253333333,-0.522511988,0.17166668176651,0.03996526077389717,0.10000000149011612,0.2199999988079071,-0.032036356,-0.028909441,0.003596885994608913,0.49253606370517183,0.01198194784644459,0.02641458104231528,0.0003,994,206,95.525392024739,17.02640390396118,15.687411069869995,32.71381497383118,1404,0.60284139867872,0,0,TRUE,pair,427,7.3741429975489154,4.59488,36,0,7.318501170960188,7.3741429975489154,0.8272948069497943,8.413108899374492,cpu,cuda:0,0,670.38427734375,41
401,1,DDT600_num150.txt,fixed,3089,8,386.125,14.768526077270508,16.42548942565918,1.5228957636281848e-05,-5.56,-0.548000248,0.1524999886751175,0.026549221947789192,0.1133333370089531,0.18666666746139526,-0.060264626,-0.05671749,0.002936485832413802,0.5015380520087022,0.011465479480438471,0.033021088116444074,0.0003,1017,183,78.37853953570318,16.4531831741333,22.958115100860596,39.4112982749939,1385,0.5816325024934486,0,0,TRUE,pair,412,7.11238869978115,4.66008416924827,36,0,7.497572815533981,7.11238869978115,0.729910398600623,8.234890097519383,cpu,cuda:0,0,670.38427734375,43
402,1,DDT600_num150.txt,fixed,2972,8,371.5,25.55875587463379,14.956393241882324,1.477425939810928e-05,-5.746666667,-0.547078654,0.14083333313465118,0.04088432341814041,0.05999999865889549,0.19333332777023315,-0.449047375,-0.447644666,0.005739826243370771,0.427263580262661,0.009630699991248548,0.022058155736885965,0.0003,1031,169,138.61450240715857,14.98745322227478,6.453304767608643,21.440757989883423,1354,0.5374206962296739,0,0,TRUE,pair,398,6.345261600683443,4.8781965013949415,40,0,7.467336683417085,6.345261600683443,0.6608022976433858,7.630063900607638,cpu,cuda:0,0,670.3818359,45
403,1,DDT600_num150.txt,fixed,3033,8,379.125,19.354827880859375,16.03243637084961,9.3196968009579e-06,-5.413333333,-0.487939507,0.16166667640209198,0.03662876784801483,0.09333333373069763,0.2199999988079071,-0.179223787,-0.176520769,0.0039031784515827896,0.4654607653617859,0.011517823929898441,0.018373035825788975,0.0003,1006,194,134.85976327429765,16.06150722503662,6.4285218715667725,22.490029096603394,1374,0.5803116008173674,0,0,TRUE,pair,401,6.888036899268627,4.822947575006004,50,0,7.56359102244389,6.888036899268627,0.7326919975457713,8.055935699143447,cpu,cuda:0,0,670.38232421875,45
404,1,DDT600_num150.txt,fixed,3005,8,375.625,39.73958206176758,15.652533531188965,1.4693239791085944e-05,-5.786666667,-0.492722791,0.13833333551883698,0.055151306092739105,0.06666667014360428,0.23333333432674408,-0.175816328,-0.17269009,0.003889628755860031,0.5071052610874176,0.014919840951915831,0.04941802220419049,0.0003,1034,166,82.60381263242603,15.680103540420532,20.698362588882446,36.37846612930298,1386,0.6793491021962836,0,0,TRUE,pair,438,6.660365200601518,4.7920133105927025,40,0,6.860730593607306,6.660365200601518,0.7066435009473935,7.943789902259596,cpu,cuda:0,0,670.3818359,46
405,1,DDT600_num150.txt,fixed,3116,8,389.5,31.87867546081543,14.676302909851074,1.6889058315427974e-05,-5.426666667,-0.470006382,0.16083332896232605,0.05296093970537186,0.05999999865889549,0.2266666740179062,-0.089267177,-0.086096298,0.0036329089392287037,0.49873296668132144,0.009563749190419912,0.04333277326077223,0.0003,1007,193,77.25271649274539,14.708174467086792,25.62697672843933,40.33515119552612,1409,0.55864549765829,0,0,TRUE,pair,435,6.024997900938615,4.632862642426546,50,0,7.163218390804598,6.024997900938615,0.6159783019684255,7.72472900187131,cpu,cuda:0,0,670.38427734375,48
406,1,DDT600_num150.txt,fixed,3103,8,387.875,22.435672760009766,16.335506439208984,1.1543005712155718e-05,-5.44,-0.448678558,0.1599999964237213,0.03944053500890732,0.09333333373069763,0.2266666740179062,0.008176174635688463,0.012586430232557986,0.002796514283141328,0.5808514787091149,0.009664132699577345,0.02620728158702453,0.0003,1008,192,93.33269972389067,16.36479377746582,16.881860494613647,33.24665427207947,1407,0.6940932001452893,0,0,TRUE,pair,432,7.1204581001074985,4.746052206849575,44,0,7.18287037037037,7.1204581001074985,0.7053579994244501,8.162659694440663,cpu,cuda:0,0,670.38427734375,49
407,1,DDT600_num150.txt,fixed,3054,8,381.75,34.755393981933594,15.951360702514648,1.5161622286541387e-05,-5.413333333,-0.407975353,0.1616666615009308,0.04051748290657997,0.10000000149011612,0.23999999463558197,-0.037841749,-0.03328168,0.002010293095372617,0.5565215706825256,0.0124823113437742,0.03594285100698471,0.0003,1006,194,115.15527051298179,15.981099367141724,10.5396146774292,26.520714044570923,1393,0.6763145008590072,0,0,TRUE,pair,416,6.877750700339675,4.7717747215984225,45,0,7.341346153846154,6.877750700339675,0.7482435993151739,7.978262201184407,cpu,cuda:0,0,670.38232421875,48
408,1,DDT600_num150.txt,fixed,3146,8,393.25,29.016159057617188,16.250167846679688,1.4161340914142784e-05,-5.56,-0.433301681,0.1525000035762787,0.039502110332250595,0.08666666597127914,0.2199999988079071,-0.211001001,-0.20799192,0.002650264883413911,0.4334217607975006,0.024147638519934844,0.0061349691823124886,0.0003,1017,183,157.25300373073185,16.280423402786255,3.7255537509918213,20.005977153778076,1414,0.5998397016664967,0,0,TRUE,pair,438,6.959171599941328,4.4942784507943045,40,0,7.1826484018264845,6.959171599941328,0.7275123957078904,8.20832609955687,cpu,cuda:0,0,639.5517578,50
409,1,DDT600_num150.txt,fixed,3025,8,378.125,36.18852615356445,15.025456428527832,1.7542812202009372e-05,-5.76,-0.464528427,0.14000001549720764,0.03972125053405762,0.09333333373069763,0.2133333384990692,0.009098783135414124,0.013203249623378118,0.0020287556787176677,0.5118843118349711,0.01215892486895124,0.04317742120474577,0.0003,1032,168,64.52504617339618,15.059482097625732,31.82153820991516,46.881020307540894,1390,0.6587419993011281,0,0,TRUE,pair,436,6.223061500350013,4.76066115489676,45,0,6.9380733944954125,6.223061500350013,0.6382310030749068,7.838320400100201,cpu,cuda:0,0,670.38232421875,51
410,1,DDT600_num150.txt,fixed,3159,8,394.875,23.03495979309082,16.913942337036133,1.0337583262298722e-05,-5.333333333,-0.422731968,0.1666666716337204,0.0326598659157753,0.13333334028720856,0.2266666740179062,-0.042015945,-0.038128812,0.0017732010973203513,0.4773734509944916,0.010016363182027513,0.043332226988342076,0.0003,1000,200,91.94600637856465,16.9461510181427,17.410969257354736,34.35712027549744,1403,0.7104388982988894,0,0,TRUE,pair,430,7.105582599528134,4.58689458644175,36,0,7.346511627906977,7.105582599528134,0.7484421037370339,8.6903503035428,cpu,cuda:0,0,670.3847656,51
411,1,DDT600_num150.txt,fixed,3096,8,387,28.561338424682617,16.42789649963379,1.2561740732053295e-05,-5.613333333,-0.461372733,0.14916665852069855,0.04332531988620758,0.08666666597127914,0.23333333432674408,0.07388419657945633,0.07830582857131958,0.0015477194916456937,0.5195492923259735,0.01164706600829959,0.021908309124410153,0.0003,1021,179,112.67553914872889,16.454820156097412,11.022305965423584,27.477126121520996,1400,0.5798642988083884,0,0,TRUE,pair,437,7.153483099886216,4.796188630105913,40,0,7.08466819221968,7.153483099886216,0.7772132015088573,8.137034100596793,cpu,cuda:0,0,670.38427734375,51
412,1,DDT600_num150.txt,fixed,3055,8,381.875,26.417028427124023,16.34225082397461,1.007018636300927e-05,-5.44,-0.424270153,0.1599999964237213,0.03126944229006767,0.11999999731779099,0.2266666740179062,-0.053677694,-0.049153206,0.0016429888949330365,0.5345984782491412,0.008963354197996003,0.03719120419451168,0.0003,1008,192,94.79730995368377,16.37050175666809,15.856151103973389,32.22665286064148,1363,0.5668188016861677,0,0,TRUE,pair,427,7.150940599734895,4.839607200841076,45,0,7.154566744730679,7.150940599734895,0.768966002506204,8.056716396473348,cpu,cuda:0,0,670.38232421875,51
413,1,DDT600_num150.txt,fixed,2940,8,367.5,29.32149314880371,14.84156322479248,1.2692290511040483e-05,-5.813333333,-0.483987652,0.1366666704416275,0.044095855206251144,0.06666667014360428,0.2133333384990692,-0.16587849,-0.162487034,0.003825358192746838,0.5304141110844083,0.006255499669350684,0.02479015342477295,0.0003,1036,164,93.83509535518532,14.870464324951172,16.46109652519226,31.331560850143433,1350,0.5772061008028686,0,0,TRUE,pair,430,6.178058499004692,4.795238093859484,40,0,6.837209302325581,6.178058499004692,0.6300770023372024,7.710292406030931,cpu,cuda:0,0,670.3798828,51
414,1,DDT600_num150.txt,fixed,3065,8,383.125,28.528221130371094,16.478593826293945,1.3902073078497779e-05,-5.546666667,-0.475624316,0.15333333611488342,0.027487371116876602,0.09333333373069763,0.18666666746139526,-0.070897444,-0.066779349,0.0018578603863716125,0.5047023952007293,0.012490540341241285,0.041194734955206515,0.0003,1016,184,79.46699924980874,16.50448226928711,22.064987182617188,38.5694694519043,1355,0.687818500562571,0,0,TRUE,pair,427,7.1923966004978865,4.829690047617254,50,0,7.177985948477752,7.1923966004978865,0.7831060921307653,8.133275399333797,cpu,cuda:0,0,670.38232421875,44
415,1,DDT600_num150.txt,fixed,3078,8,384.75,34.70500564575195,15.739468574523926,1.720582804409787e-05,-5.506666667,-0.470505394,0.15583333373069763,0.0385771244764328,0.1066666692495346,0.2199999988079071,-0.118967517,-0.114738883,0.0024448057811241597,0.5451035499572754,0.012390881868668657,0.033384688974668585,0.0003,1013,187,68.48553921631427,15.76639199256897,29.17740249633789,44.94379448890686,1377,0.5765819029184058,0,0,TRUE,pair,440,6.7229597988771275,4.842105265985146,40,0,6.995454545454545,6.7229597988771275,0.7176849964307621,7.952691200072877,cpu,cuda:0,0,670.38427734375,43
416,1,DDT600_num150.txt,fixed,3132,8,391.5,18.07622718811035,15.360281944274902,1.1334289411024656e-05,-5.333333333,-0.466161671,0.1666666716337204,0.025819890201091766,0.12666666507720947,0.20000000298023224,-0.107090899,-0.102034341,0.0017461854076827876,0.5929655507206917,0.018165389279602095,0.03639225079677999,0.0003,1000,200,104.32187784587812,15.391372203826904,14.631093502044678,30.022465705871582,1390,0.5770095026819035,0,0,TRUE,pair,425,6.387078302097507,4.642720305295435,45,0,7.369411764705882,6.387078302097507,0.6451564950402826,8.000620202044956,cpu,cuda:0,0,670.38427734375,40
417,1,DDT600_num150.txt,fixed,2982,8,372.75,30.38811492919922,15.016374588012695,1.2347228221187834e-05,-5.68,-0.494393715,0.14499999582767487,0.03811532258987427,0.09333333373069763,0.2133333384990692,-0.036381404,-0.032227723,0.002668211702257395,0.5487785701240812,0.010840371829025182,0.030767329702419893,0.0003,1026,174,64.40966945215823,15.042670488357544,31.25472593307495,46.297396421432495,1356,0.6513502013403922,0,0,TRUE,pair,431,6.392091499525122,4.779007376239733,45,0,6.918793503480279,6.392091499525122,0.6948343974072486,7.601718906546012,cpu,cuda:0,0,670.3818359,39
418,1,DDT600_num150.txt,fixed,3067,8,383.375,38.42179489135742,16.250244140625,1.519906709290808e-05,-5.666666667,-0.507314177,0.1458333283662796,0.03373713418841362,0.1066666692495346,0.20666666328907013,-0.082059902,-0.077464878,0.0023698453636219106,0.5779944984685808,0.011112676560601574,0.04379895169820104,0.0003,1025,175,48.98278202864242,16.275865077972412,46.33797335624695,62.61383843421936,1395,0.589541899971664,0,0,TRUE,pair,469,7.051080799661577,4.775350505457586,45,0,6.539445628997868,7.051080799661577,0.7374850991182029,8.105668900883757,cpu,cuda:0,0,670.38232421875,40
419,1,DDT600_num150.txt,fixed,2899,8,362.375,29.278564453125,16.113903045654297,1.122341382142622e-05,-5.813333333,-0.520738522,0.1366666555404663,0.035746019333601,0.07999999821186066,0.18666666746139526,-0.40344283,-0.398061544,0.0013849360402673483,0.60737544298172,0.055305927991867065,0.01515151560306549,0.0003,1036,164,171.10843570268003,16.143385648727417,0.7990870475769043,16.94247269630432,1324,0.5803421020973474,0,0,TRUE,pair,407,7.007003900944255,4.912038632695862,45,0,7.122850122850123,7.007003900944255,0.776318596675992,7.96832090173848,cpu,cuda:0,0,197.60888671875,41
420,1,DDT600_num150.txt,fixed,2974,8,371.75,38.163299560546875,14.879023551940918,1.6152749594766647e-05,-5.64,-0.508027898,0.14750000834465027,0.038069747388362885,0.10000000149011612,0.20000000298023224,-0.142319686,-0.137910435,0.0027926667696899837,0.5805582304795583,0.016210597538803186,0.028922510229878955,0.0003,1023,177,93.32670788575159,14.914641618728638,16.951906204223633,31.86654782295227,1366,0.5797875007847324,0,0,TRUE,pair,449,6.145804798346944,4.868190987685741,40,0,6.6236080178173715,6.145804798346944,0.6590262970421463,7.746257702820003,cpu,cuda:0,0,670.3818359,42
421,1,DDT600_num150.txt,fixed,3029,8,378.625,23.102691650390625,16.517274856567383,1.106015497498447e-05,-5.76,-0.517994296,0.14000000059604645,0.03162277862429619,0.10000000149011612,0.20000000298023224,-0.216643614,-0.214024522,0.004514407898698535,0.48762969034058706,0.012366957629897765,0.023424641894442693,0.0003,1032,168,104.77729005780952,16.549655437469482,12.359280824661255,28.908936262130737,1376,0.5903333011083305,0,0,TRUE,pair,420,7.33402579894755,4.6338725647307655,36,0,7.211904761904762,7.33402579894755,0.7775875015649945,8.04042870074045,cpu,cuda:0,0,670.38232421875,42
422,1,DDT600_num150.txt,fixed,3020,8,377.5,22.477766036987305,16.064189910888672,1.1203136637050193e-05,-5.6,-0.492707428,0.15000000596046448,0.01972026564180851,0.12666666507720947,0.18666666746139526,-0.043982312,-0.038831303,0.0019285452319309116,0.6115282773971558,0.015456604736391455,0.01997880022972822,0.0003,1020,180,105.61336944661656,16.090413570404053,12.504451036453247,28.5948646068573,1353,0.6751337018795311,0,0,TRUE,pair,430,7.058221100829542,4.784437088461112,90,0,7.023255813953488,7.058221100829542,0.7335625023115426,7.9257159979315475,cpu,cuda:0,0,670.38232421875,44
423,1,DDT600_num150.txt,fixed,2964,8,370.5,19.493589401245117,14.97389030456543,1.0704967280616984e-05,-5.56,-0.501144919,0.1525000035762787,0.02196904644370079,0.11999999731779099,0.20000000298023224,-0.106724113,-0.102245249,0.0027274406456854194,0.5842583104968071,0.011602400489209685,0.025381077779456973,0.0003,1017,183,99.82451064766153,14.99971342086792,14.692393064498901,29.69210648536682,1344,0.5492516024969518,0,0,TRUE,pair,407,6.568166900193319,4.877192981571321,50,0,7.282555282555283,6.568166900193319,0.6808608012506738,7.398528802790679,cpu,cuda:0,0,670.3818359,45
424,1,DDT600_num150.txt,fixed,2946,8,368.25,20.209836959838867,15.987168312072754,9.737290383782238e-06,-6.026666667,-0.567294333,0.12333332747220993,0.02728450857102871,0.07333333045244217,0.1599999964237213,-0.010575294,-0.006617715,0.003771851557151725,0.5843510627746582,0.009644768491853029,0.02860093116760254,0.0003,1052,148,101.44941199722044,16.01396942138672,13.025134325027466,29.039103746414185,1377,0.7522076020250097,0,0,TRUE,pair,402,6.995931199053302,4.869653765554745,40,0,7.3283582089552235,6.995931199053302,0.7599901960929856,7.87477139767725,cpu,cuda:0,0,670.3818359,46
425,1,DDT600_num150.txt,fixed,3186,8,398.25,24.82815933227539,17.40699005126953,1.4129193004919216e-05,-5.333333333,-0.516041136,0.1666666716337204,0.03726779669523239,0.1066666692495346,0.2199999988079071,0.06529189025362332,0.06984023874004681,0.002008186090582361,0.5552442868550619,0.008715064056256475,0.024553513154387474,0.0003,1000,200,110.20752775236569,17.44593358039856,11.463162422180176,28.909096002578735,1386,0.6050626012729481,0,0,TRUE,pair,435,7.736328301485628,4.650659133784814,54,0,7.324137931034483,7.736328301485628,0.7952500035753474,8.488549600355327,cpu,cuda:0,0,670.3847656,47
426,1,DDT600_num150.txt,fixed,3172,8,396.5,24.150569915771484,16.552391052246094,3.1723113352200016e-05,-5.453333333,-0.545712871,0.15916666388511658,0.029709238559007645,0.12666666507720947,0.2199999988079071,-0.157755604,-0.153925779,0.003137682646047324,0.5398668348789215,0.013412118051201105,0.039900731109082696,0.0003,1009,191,83.95998649277598,16.58338165283203,21.19651961326599,37.77990126609802,1416,0.6988356987712905,0,0,TRUE,pair,437,6.987537898821756,4.5469735187359746,36,0,7.258581235697941,6.987537898821756,0.7295218002982438,8.475683398195542,cpu,cuda:0,0,670.3847656,46
427,1,DDT600_num150.txt,fixed,3093,8,386.625,22.61602020263672,14.788514137268066,1.103957856685156e-05,-5.546666667,-0.59443937,0.15333333611488342,0.02768874727189541,0.1066666692495346,0.18666666746139526,0.03842593729496002,0.04363369303090232,0.0025070019931133303,0.6461254954338074,0.01278487649480147,0.04841342967535768,0.0003,1016,184,101.27523732908082,14.815499067306519,15.72503662109375,30.54053568840027,1390,0.5479715983383358,0,0,TRUE,pair,420,6.061520499642938,4.705140640771855,40,0,7.364285714285714,6.061520499642938,0.6274442004505545,7.785307303420268,cpu,cuda:0,0,670.38427734375,48
428,1,DDT600_num150.txt,fixed,2993,8,374.125,31.993896484375,14.371919631958008,2.1242010916466825e-05,-5.68,-0.595533843,0.14500001072883606,0.04065437242388725,0.07999999821186066,0.20000000298023224,0.024140889445940655,0.02716951568921407,0.003946601723631223,0.5001927117506663,0.015183892489100495,0.04886502648393313,0.0003,1026,174,135.02694624832188,14.402050971984863,7.763895034790039,22.165946006774902,1358,0.528609701199457,0,0,TRUE,pair,419,5.84059190005064,4.808553290215775,40,0,7.143198090692124,5.84059190005064,0.5996626012492925,7.6264079010579735,cpu,cuda:0,0,670.3818359,47
429,1,DDT600_num150.txt,fixed,3039,8,379.875,25.29050064086914,14.581363677978516,1.3080470125714783e-05,-5.4,-0.546484121,0.16249999403953552,0.013307265937328339,0.13333334028720856,0.18000000715255737,-0.203634742,-0.19971789,0.0019192084394035192,0.4876449994937957,0.03279873487920071,0.09460720897186548,0.0003,1005,195,61.43235258081584,14.60900354385376,34.86004447937012,49.46904802322388,1358,0.5328643001848832,0,0,TRUE,pair,411,6.056641899864189,4.666008552386204,36,0,7.394160583941606,6.056641899864189,0.6342984002549201,7.572811802034266,cpu,cuda:0,0,670.38232421875,48
430,1,DDT600_num150.txt,fixed,2999,8,374.875,38.53711700439453,14.339765548706055,1.7806532923714258e-05,-5.56,-0.553682087,0.1524999886751175,0.04364471137523651,0.09333333373069763,0.23999999463558197,-0.485530406,-0.480907515,0.003496296820230782,0.6371069848537445,0.017444288358092308,0.025829081423580647,0.0003,1017,183,179.62447397900672,14.368183374404907,2.3277597427368164,16.695943117141724,1347,0.5520592022221535,0,0,TRUE,pair,425,5.786993698799051,4.987662554423227,45,0,7.056470588235294,5.786993698799051,0.5996026040520519,7.641414596699178,cpu,cuda:0,0,311.8417969,48
431,1,DDT600_num150.txt,fixed,3033,8,379.125,34.96940612792969,14.805791854858398,1.5713936591055244e-05,-5.373333333,-0.507332565,0.1641666740179062,0.035580504685640335,0.10000000149011612,0.20000000298023224,0.043549381817380585,0.0477863239745299,0.0027469207222263017,0.5610402623812357,0.015335750669085732,0.047935607144609094,0.0003,1003,197,101.29267155239873,14.832767963409424,15.110168218612671,29.942936182022095,1352,0.535063399351202,0,0,TRUE,pair,411,6.3358903005719185,4.837454666998612,45,0,7.37956204379562,6.3358903005719185,0.6227834955789149,7.536925298394635,cpu,cuda:0,0,670.38232421875,48
432,1,DDT600_num150.txt,fixed,3035,8,379.375,36.0552978515625,16.376998901367188,1.7337473764200695e-05,-5.6,-0.506113665,0.14999999105930328,0.03382963687181473,0.10000000149011612,0.19333332777023315,-0.126506601,-0.122432198,0.003234727162634954,0.5691765956580639,0.006709704646709724,0.030607294640503824,0.0003,1020,180,92.67793657271511,16.404232501983643,16.343583345413208,32.74781584739685,1357,0.585332699585706,0,0,TRUE,pair,445,7.1344447993906215,4.728500823566116,36,0,6.820224719101123,7.1344447993906215,0.7537120986962691,8.131424997933209,cpu,cuda:0,0,670.38232421875,48
433,1,DDT600_num150.txt,fixed,2991,8,373.875,21.50835609436035,14.899839401245117,8.563177289033774e-06,-5.76,-0.524399836,0.14000000059604645,0.02357022650539875,0.10000000149011612,0.18000000715255737,-0.039429553,-0.035754961,0.0034098868103077016,0.5379544198513031,0.008860983272218922,0.04151110785702864,0.0003,1032,168,97.75134291026373,14.92980408668518,15.668241024017334,30.598045110702515,1344,0.6337192982900888,0,0,TRUE,pair,416,6.197604099754244,4.656302238459254,52,0,7.189903846153846,6.197604099754244,0.6553101994795725,7.728866499499418,cpu,cuda:0,0,670.3818359,48
434,1,DDT600_num150.txt,fixed,3034,8,379.25,16.437381744384766,15.380422592163086,1.1772181096603163e-05,-5.666666667,-0.539649511,0.1458333283662796,0.024366986006498337,0.11999999731779099,0.18666666746139526,-0.164288206,-0.160544161,0.004215793815092184,0.5851949378848076,0.011958342889556661,0.038888552226126194,0.0003,1025,175,86.79340148753397,15.406623125076294,19.549951314926147,34.95657444000244,1378,0.5880166032584384,0,0,TRUE,pair,411,6.313907400355674,4.76631509495473,36,0,7.381995133819951,6.313907400355674,0.6608039013808593,8.070010100724176,cpu,cuda:0,0,670.38232421875,51
435,1,DDT600_num150.txt,fixed,3040,8,380,30.610456466674805,16.793066024780273,1.7675163690000772e-05,-5.6,-0.531801361,0.15000000596046448,0.03333333134651184,0.10000000149011612,0.20666666328907013,-0.028217216,-0.023701188,0.0027899144139761725,0.5910984774430593,0.014149368139139066,0.04370053422947725,0.0003,1020,180,91.58237345790741,16.81933879852295,16.374821662902832,33.19416046142578,1365,0.7043621006887406,0,0,TRUE,pair,425,7.244316898286343,4.751973685230079,48,0,7.152941176470589,7.244316898286343,0.8046225981088355,8.36807220231276,cpu,cuda:0,0,670.38232421875,50
436,1,DDT600_num150.txt,fixed,2979,8,372.375,24.48947525024414,14.816162109375,1.4866311175865121e-05,-5.68,-0.530863607,0.14499999582767487,0.026404965668916702,0.1066666692495346,0.18666666746139526,-0.296819876,-0.292298491,0.0022658836096525192,0.5654330054918925,0.02290602462987105,0.05983460756639639,0.0003,1026,174,152.93918828258765,14.844295024871826,4.634035110473633,19.47833013534546,1365,0.5644492036662996,0,0,TRUE,pair,400,6.201849199598655,4.660624371554556,40,0,7.4475,6.201849199598655,0.6378964997129515,7.660862100776285,cpu,cuda:0,0,666.2519531,50
437,1,DDT600_num150.txt,fixed,3023,8,377.875,25.565784454345703,14.498603820800781,3.6570643715094775e-05,-5.466666667,-0.514601598,0.15833333134651184,0.03708099573850632,0.09333333373069763,0.2133333384990692,-0.549438884,-0.545191407,0.003818987946336468,0.6156970659891764,0.015071268814305464,0.026400261869033177,0.0003,1010,190,174.26541742865695,14.529567241668701,2.817534923553467,17.347102165222168,1360,0.6292347990674898,0,0,TRUE,pair,418,6.023242702125572,4.863049951484571,50,0,7.232057416267943,6.023242702125572,0.6332036992534995,7.532115094829351,cpu,cuda:0,0,330.47998046875,49
438,1,DDT600_num150.txt,fixed,3083,8,385.375,20.334314346313477,16.12250328063965,1.0315565305063501e-05,-5.573333333,-0.505619717,0.15166667103767395,0.019930435344576836,0.1133333370089531,0.18666666746139526,-0.45685979,-0.452956662,0.0033331619924865663,0.5569702684879303,0.019636834738776088,0.020925353281199932,0.0003,1018,182,160.02486178112613,16.155105590820312,3.1106507778167725,19.265756368637085,1390,0.5884679978480563,0,0,TRUE,pair,415,6.895694498438388,4.708400906736959,35,0,7.428915662650603,6.895694498438388,0.7288767006248236,8.142451602732763,cpu,cuda:0,0,385.9970703,49
439,1,DDT600_num150.txt,fixed,3030,8,378.75,35.05263900756836,14.466211318969727,1.685873940004967e-05,-5.76,-0.489423364,0.14000001549720764,0.03666666895151138,0.08666666597127914,0.18000000715255737,-0.009741705,-0.005278925,0.0033140062587335706,0.6119785234332085,0.013740993021201575,0.04780756635591388,0.0003,1032,168,93.15310182839023,14.49509882926941,18.0319983959198,32.52709722518921,1384,0.6465345026226714,0,0,TRUE,pair,434,5.930329100461677,4.726072607103354,45,0,6.981566820276497,5.930329100461677,0.6203382011735812,7.603755497839302,cpu,cuda:0,0,670.38232421875,50
440,1,DDT600_num150.txt,fixed,3192,8,399,17.11724281311035,16.422100067138672,1.0359554835304152e-05,-5.653333333,-0.48951121,0.14666666090488434,0.021858129650354385,0.1133333370089531,0.18666666746139526,0.08493897272273898,0.08978580044848579,0.002553246183586972,0.6123449206352234,0.01091843968190785,0.05713890439697674,0.0003,1024,176,106.23992891975894,16.451197624206543,13.594003200531006,30.04520082473755,1433,0.6646386013599113,0,0,TRUE,pair,423,7.116862699855119,4.557330826619514,40,0,7.546099290780142,7.116862699855119,0.748411305481568,8.201556901447475,cpu,cuda:0,0,670.3847656,50
441,1,DDT600_num150.txt,fixed,3118,8,389.75,20.35159683227539,16.771989822387695,8.395584700338077e-06,-5.533333333,-0.492544949,0.15416666865348816,0.02548147365450859,0.1066666692495346,0.18666666746139526,-0.021185738,-0.016210357,0.00236173747624788,0.615625090069241,0.015315408786086159,0.04859407033978237,0.0003,1015,185,94.6065015963867,16.8144690990448,16.143096685409546,32.957565784454346,1391,0.6030778987333179,0,0,TRUE,pair,413,7.424171901424415,4.566388710482599,44,0,7.549636803874092,7.424171901424415,0.7449428022373468,8.242073702043854,cpu,cuda:0,0,670.38427734375,49
442,1,DDT600_num150.txt,fixed,3011,8,376.375,18.397945404052734,15.822711944580078,3.2389845728175715e-05,-5.866666667,-0.532507994,0.13333332538604736,0.023804761469364166,0.08666666597127914,0.1666666716337204,-0.256056318,-0.25131047,0.003250203296457502,0.6370944380760193,0.012986658230974253,0.0490164155436849,0.0003,1040,160,80.09602240736614,15.901936769485474,21.690441846847534,37.59237861633301,1384,0.6158350985497236,0,0,TRUE,pair,413,6.5572887994349,4.79541680481061,50,0,7.290556900726393,6.5572887994349,0.7174346016254276,8.196878298535012,cpu,cuda:0,0,670.38232421875,50
443,1,DDT600_num150.txt,fixed,2931,8,366.375,30.13277816772461,15.436195373535156,1.2817077731597237e-05,-6,-0.553686175,0.125,0.03811532258987427,0.08666666597127914,0.2199999988079071,-0.191781734,-0.187529904,0.0046245849691331385,0.6564129412174224,0.011484449420822784,0.05372361605986953,0.0003,1050,150,86.52839442162048,15.47927975654602,18.393994092941284,33.873273849487305,1355,0.5829148003831506,0,0,TRUE,pair,433,6.6231983008328825,4.785056295268001,40,0,6.76905311778291,6.6231983008328825,0.7178657995536923,7.753958996850997,cpu,cuda:0,0,670.3798828,50
444,1,DDT600_num150.txt,fixed,3021,8,377.625,24.33072853088379,16.418458938598633,1.5436567991855554e-05,-5.92,-0.566841589,0.12999999523162842,0.023804761469364166,0.07999999821186066,0.15333333611488342,-0.25377389,-0.250115011,0.0072205512052668,0.7269165941647121,0.014809753113825406,0.03441267553716898,0.0003,1044,156,92.24240663852206,16.4471697807312,16.30349349975586,32.75066328048706,1389,0.6891389975789934,0,0,TRUE,pair,412,7.278225799789652,4.9672293929775915,80,0,7.33252427184466,7.278225799789652,0.7926452968968078,7.983817101223394,cpu,cuda:0,0,670.38232421875,51
445,1,DDT600_num150.txt,fixed,3034,8,379.25,34.06152344,15.935064315795898,1.3381210010265931e-05,-5.96,-0.546582303,0.1274999976158142,0.041957318782806396,0.0533333346247673,0.18666666746139526,0.02545818090438843,0.028982904553413392,0.0066762353293597695,0.6862840414047241,0.014064767910167576,0.06375248646363615,0.0003,1047,153,113.00858740588222,15.962381601333618,10.885135650634766,26.847517251968384,1391,0.5628704986302182,0,0,TRUE,pair,428,7.042556299245916,4.719182598960187,33,0,7.088785046728972,7.042556299245916,0.7318460959941149,7.813072597258724,cpu,cuda:0,0,670.38232421875,50
446,1,DDT600_num150.txt,fixed,3067,8,383.375,20.74209213256836,16.1086483001709,1.0533676686463878e-05,-5.466666667,-0.510989361,0.15833333134651184,0.02976761944591999,0.1066666692495346,0.2133333384990692,-0.067778435,-0.064228294,0.006500348241792785,0.6800312863455878,0.01665106855539812,0.037957534918354616,0.0003,1010,190,87.67779022855183,16.13641333580017,18.843939065933228,34.9803524017334,1394,0.6419729999033734,0,0,TRUE,pair,422,7.168199397157878,4.713074665797196,60,0,7.267772511848341,7.168199397157878,0.7759713972918689,7.814770102035254,cpu,cuda:0,0,670.38232421875,50
447,1,DDT600_num150.txt,fixed,3111,8,388.875,37.65447235107422,15.781088829040527,1.8495504264137708e-05,-5.573333333,-0.478700992,0.15166667103767395,0.037675514817237854,0.07999999821186066,0.19333332777023315,-0.084370944,-0.079238635,0.003131808849866502,0.6698209106922149,0.01398957776837051,0.07012210972607136,0.0003,1018,182,85.82375810523895,15.810636043548584,20.43806791305542,36.248703956604004,1402,0.585650600027293,0,0,TRUE,pair,438,6.670182900736108,4.6496303449371394,45,0,7.102739726027397,6.670182900736108,0.6970675004413351,8.070201899972744,cpu,cuda:0,0,670.38427734375,51
448,1,DDT600_num150.txt,fixed,3196,8,399.5,18.145246505737305,15.613792419433594,1.1080694093834609e-05,-5.253333333,-0.436819645,0.17166666686534882,0.019930431619286537,0.13333334028720856,0.20000000298023224,-0.01190658,-0.00612645,0.0020267965216286634,0.6793530955910683,0.012463034960092045,0.07553267769981176,0.0003,994,206,56.738132628376725,15.643442630767822,40.68551731109619,56.328959941864014,1417,0.6412767998408526,0,0,TRUE,pair,416,6.6547338996315375,4.5128285369377705,40,0,7.6826923076923075,6.6547338996315375,0.6629253006540239,7.968789799953811,cpu,cuda:0,0,670.3847656,53
449,1,DDT600_num150.txt,fixed,2996,8,374.5,26.865406036376953,14.855794906616211,1.3381210010265931e-05,-5.786666667,-0.492595647,0.13833332061767578,0.03411581739783287,0.09333333373069763,0.18000000715255737,-0.114704127,-0.108851791,0.0025397880672244355,0.712223008275032,0.01169698824378429,0.05734177818521857,0.0003,1034,166,89.29497085544602,14.883341312408447,18.66838026046753,33.55172157287598,1376,0.5552227969747037,0,0,TRUE,pair,412,6.082963899709284,4.767022695735554,40,0,7.271844660194175,6.082963899709284,0.6277411943301558,7.72436749888584,cpu,cuda:0,0,670.3818359,51
450,1,DDT600_num150.txt,fixed,3148,8,393.5,32.98484420776367,15.052388191223145,1.3637875781569164e-05,-5.68,-0.481306312,0.14500001072883606,0.037230510264635086,0.09333333373069763,0.19333332777023315,-0.319996364,-0.314566442,0.0036279940977692604,0.7243927240371704,0.013875055848620832,0.04913641922175884,0.0003,1026,174,120.90458411278333,15.080542087554932,10.956518650054932,26.037060737609863,1437,0.5781115996651351,0,0,TRUE,pair,442,6.023961400263943,4.716327826434503,35,0,7.122171945701357,6.023961400263943,0.628525898559019,8.072944401879795,cpu,cuda:0,0,670.3847656,51
451,1,DDT600_num150.txt,fixed,3259,8,407.375,27.86098289489746,16.41686248779297,8.529922524758149e-06,-5.386666667,-0.45242787,0.16333334147930145,0.03559026122093201,0.10000000149011612,0.2133333384990692,0.02216728005026068,0.027749381959438324,0.0023176123753988315,0.6740908282143729,0.014104144525065618,0.06684343729700361,0.0003,1004,196,100.45038482876103,16.449480533599854,15.994397163391113,32.44387769699097,1423,0.5945198049303144,0,0,TRUE,pair,437,6.888822498964146,4.528996627986998,45,0,7.4576659038901605,6.888822498964146,0.7192249010549858,8.447715104091913,cpu,cuda:0,0,670.3867188,51
452,1,DDT600_num150.txt,fixed,3086,8,385.75,25.53306770324707,15.044039726257324,1.362536659144098e-05,-5.493333333,-0.482187555,0.15666666626930237,0.028480013832449913,0.1133333370089531,0.20000000298023224,-0.005043692,0.001048669425977601,0.0023609498489855062,0.7272837360699972,0.022627757157250825,0.04657661832041211,0.0003,1012,188,92.05875824614581,15.07245397567749,18.44961452484131,33.5220685005188,1377,0.558890800923109,0,0,TRUE,pair,422,6.051277399179526,4.759235254217878,50,0,7.312796208530806,6.051277399179526,0.6608284011017531,8.000122496043332,cpu,cuda:0,0,670.38427734375,51
453,1,DDT600_num150.txt,fixed,3131,8,391.375,21.458900451660156,15.349690437316895,1.3266017958812881e-05,-5.506666667,-0.46613391,0.15583331882953644,0.02448071911931038,0.11999999731779099,0.19333332777023315,-0.210706046,-0.205644598,0.003795599506702274,0.695925255616506,0.017183226096676663,0.11579403343300025,0.0003,1013,187,112.54895993199806,15.37800121307373,12.44100308418274,27.81900429725647,1401,0.5683188961120322,0,0,TRUE,pair,419,6.429806099738926,4.678696902024407,35,0,7.47255369928401,6.429806099738926,0.6682114985305816,7.917794703040272,cpu,cuda:0,0,670.38427734375,51
454,1,DDT600_num150.txt,fixed,3011,8,376.375,35.21341323852539,14.294848442077637,2.0401164874783717e-05,-6.026666667,-0.474725419,0.12333333492279053,0.04203173145651817,0.05999999865889549,0.1733333319425583,-0.160032727,-0.154333037,0.0026744362548924983,0.703691565990448,0.011634305780171416,0.048904124088585375,0.0003,1052,148,86.24216967488181,14.328722953796387,20.58459162712097,34.91331458091736,1421,0.5567715999204665,0,0,TRUE,pair,416,5.955517899710685,4.701760214137619,35,0,7.237980769230769,5.955517899710685,0.5859351042890921,7.448576901340857,cpu,cuda:0,0,670.38232421875,50
455,1,DDT600_num150.txt,fixed,3033,8,379.125,37.58137130737305,14.940083503723145,3.232660674257204e-05,-5.786666667,-0.452458401,0.13833333551883698,0.054645322263240814,0.06666667014360428,0.2199999988079071,-0.101782707,-0.096214083,0.003087448887526989,0.7112351059913635,0.011797960727562895,0.036941066591276064,0.0003,1034,166,88.10552352986076,14.98253583908081,19.44209361076355,34.42462944984436,1387,0.571322001516819,0,0,TRUE,pair,427,6.1006515002809465,4.684470818571788,40,0,7.1030444964871196,6.1006515002809465,0.6463319982867688,7.868385797250085,cpu,cuda:0,0,670.38232421875,51
456,1,DDT600_num150.txt,fixed,3098,8,387.25,34.346580505371094,14.90658950805664,1.96778401004849e-05,-5.6,-0.453496631,0.15000000596046448,0.04149966686964035,0.08666666597127914,0.20000000298023224,-0.057110975,-0.051708211,0.0028407832762847346,0.6823157787322998,0.012768096713504444,0.049631708022207024,0.0003,1020,180,64.44295329446875,14.936357259750366,33.137168884277344,48.07352614402771,1392,0.5504716003779322,0,0,TRUE,pair,429,6.136485001537949,4.787604902081523,60,0,7.221445221445221,6.136485001537949,0.6104079952929169,7.841713800327852,cpu,cuda:0,0,670.38427734375,50
457,1,DDT600_num150.txt,fixed,3052,8,381.5,28.403345108032227,15.2601318359375,1.1959014955209568e-05,-5.693333333,-0.457818424,0.14416666328907013,0.03843284025788307,0.09333333373069763,0.2199999988079071,0.15201663970947266,0.15871823728084564,0.0016387665178626775,0.7520979881286621,0.023703902028501034,0.05529513955116272,0.0003,1027,173,117.75847717401787,15.29303240776062,10.624422311782837,25.917454719543457,1398,0.5582295001950115,0,0,TRUE,pair,415,6.5391704003559425,4.68610747121421,60,0,7.354216867469879,6.5391704003559425,0.6715626012301072,7.722158401622437,cpu,cuda:0,0,670.38232421875,50
458,1,DDT600_num150.txt,fixed,2977,8,372.125,32.74689865112305,16.114789962768555,1.558316762384493e-05,-6.066666667,-0.509947977,0.12083333730697632,0.025262512266635895,0.07999999821186066,0.15333333611488342,-0.212090661,-0.20634277,0.0038286174134224316,0.7662205804478038,0.012475266310502775,0.060644198801707135,0.0003,1055,145,47.51859409380282,16.14122486114502,46.50793504714966,62.64915990829468,1388,0.5768128022318706,0,0,TRUE,pair,415,7.115312698879279,4.891501507584505,45,0,7.1734939759036145,7.115312698879279,0.7600995973916724,7.887667799368501,cpu,cuda:0,0,670.3818359,52
459,1,DDT600_num150.txt,fixed,3079,8,384.875,36.77444076538086,14.801396369934082,1.8854674635804258e-05,-5.586666667,-0.441926199,0.1508333384990692,0.04829740151762962,0.06666667014360428,0.2133333384990692,-0.104035598,-0.098885168,0.004393441136926413,0.7347151599824429,0.012748045470289071,0.03729054529685527,0.0003,1019,181,64.73301217341401,14.830193281173706,32.73440933227539,47.5646026134491,1375,0.6333968988619745,0,0,TRUE,pair,427,6.154053200269118,4.720363754620603,32,0,7.210772833723653,6.154053200269118,0.6600507032126188,7.662240602308884,cpu,cuda:0,0,670.38427734375,43
460,1,DDT600_num150.txt,fixed,2937,8,367.125,33.69880294799805,15.01475715637207,1.7023154214257374e-05,-5.973333333,-0.461222356,0.12666666507720947,0.03282952681183815,0.07999999821186066,0.18666666746139526,0.07142592314630747,0.07719839923083782,0.003206554101780057,0.7375748753547668,0.01701196830254048,0.010134913492947817,0.0003,1048,152,134.1987594143043,15.040664672851562,6.844783544540405,21.885448217391968,1376,0.5798000007634982,0,0,TRUE,pair,429,6.331040102755651,4.857337419581649,45,0,6.846153846153846,6.331040102755651,0.6606714039808139,7.695725102326833,cpu,cuda:0,0,670.3798828,41
461,1,DDT600_num150.txt,fixed,2945,8,368.125,17.039934158325195,14.769829750061035,1.1404285942262504e-05,-6.093333333,-0.46825507,0.11916666477918625,0.029332859441637993,0.06666667014360428,0.1666666716337204,-0.15818104,-0.152676685,0.002960601304140356,0.6984654068946838,0.015427511469978426,0.06491070344216293,0.0003,1057,143,85.26805542131996,14.79749870300293,19.740640878677368,34.5381395816803,1396,0.5749174999073148,0,0,TRUE,pair,398,6.09685610095039,4.7273344668953445,45,0,7.399497487437186,6.09685610095039,0.6460165027529001,7.702325101126917,cpu,cuda:0,0,670.3818359,39
462,1,DDT600_num150.txt,fixed,3080,8,385,27.98213768005371,17.087692260742188,1.4415947589441203e-05,-5.52,-0.364064559,0.1550000011920929,0.03244653716683388,0.08666666597127914,0.2133333384990692,-0.083518618,-0.079001507,0.004436506941500638,0.6735364927185906,0.013204012778361276,0.028605170754922762,0.0003,1014,186,87.15633275190685,17.114519834518433,18.22427773475647,35.3387975692749,1401,0.6226949983974919,0,0,TRUE,pair,438,7.364430399844423,4.723376623841075,44,0,7.031963470319635,7.364430399844423,0.8042430002242327,8.537363001378253,cpu,cuda:0,0,670.38427734375,38
463,1,DDT600_num150.txt,fixed,2949,8,368.625,28.78774642944336,14.492208480834961,1.6473326468258165e-05,-6,-0.46124246,0.125,0.04481443390250206,0.07333333045244217,0.2199999988079071,-0.22327853,-0.217357489,0.0029427461326122285,0.7392417907714843,0.016329736571060495,0.05619095824658871,0.0003,1050,150,118.11150179961729,14.523231267929077,10.444701194763184,24.96793246269226,1375,0.5511473997030407,0,0,TRUE,pair,426,5.907714900444262,4.932858595891741,65,0,6.922535211267606,5.907714900444262,0.6132004010723904,7.662917502922937,cpu,cuda:0,0,670.3818359,39
464,1,DDT600_num150.txt,fixed,3015,8,376.875,27.65157127380371,15.859297752380371,1.327458448940888e-05,-5.746666667,-0.431961289,0.14083333313465118,0.03673289716243744,0.07999999821186066,0.19333332777023315,-0.104675297,-0.098627179,0.002050770757098993,0.7073497639762031,0.01847421474910031,0.05305800229931871,0.0003,1031,169,89.83433968212103,15.885731220245361,17.676044940948486,33.56177616119385,1375,0.6611248041735962,0,0,TRUE,pair,418,6.851775299641304,4.78938640037777,40,0,7.212918660287081,6.851775299641304,0.7412266946630552,7.91458760027308,cpu,cuda:0,0,670.38232421875,40
465,1,DDT600_num150.txt,fixed,3051,8,381.375,41.10029602050781,14.526311874389648,2.1303470930433832e-05,-5.68,-0.416025879,0.14500001072883606,0.04431578516960144,0.07999999821186066,0.19333332777023315,0.04600691124796867,0.052102911099791524,0.002244905917905271,0.7218453764915467,0.008082177717005834,0.01382499784231186,0.0003,1026,174,109.79625611251585,14.553992748260498,13.233839988708496,27.787832736968994,1418,0.561545098433271,0,0,TRUE,pair,415,5.929467799258418,4.776794495562263,42,0,7.351807228915662,5.929467799258418,0.6062346019316465,7.678130301530473,cpu,cuda:0,0,670.38232421875,41
466,1,DDT600_num150.txt,fixed,2942,8,367.75,27.100507736206055,15.973342895507812,1.2692290511040483e-05,-6.213333333,-0.475396298,0.11166666448116302,0.037527769804000854,0.07333333045244217,0.18000000715255737,-0.149551234,-0.143076766,0.002100250062843164,0.7524595393074883,0.018626325918982427,0.0299912438624435,0.0003,1066,134,87.0119183974913,16.001364946365356,17.810095071792603,33.81146001815796,1405,0.6089862998342142,0,0,TRUE,pair,413,6.89969549968373,4.870156356868575,55,0,7.123486682808717,6.89969549968373,0.7239539984147996,8.007019698387012,cpu,cuda:0,0,670.3798828,43
467,1,DDT600_num150.txt,fixed,3066,8,383.25,29.756301879882812,16.60729217529297,1.4209427718014922e-05,-5.706666667,-0.442672467,0.1433333307504654,0.034480269998311996,0.1066666692495346,0.2266666740179062,-0.079627124,-0.073315307,0.0020032166080041366,0.7313424348831177,0.011969547750512984,0.047485739162022415,0.0003,1028,172,71.55309874982653,16.634764671325684,26.214532613754272,42.849297285079956,1396,0.6076183966360986,0,0,TRUE,pair,434,7.237918500322849,4.8646444890208285,50,0,7.064516129032258,7.237918500322849,0.7692432990297675,8.240134094958194,cpu,cuda:0,0,670.38232421875,45
468,1,DDT600_num150.txt,fixed,3081,8,385.125,24.977176666259766,15.4134521484375,1.1284027095825877e-05,-5.853333333,-0.447592411,0.1341666579246521,0.03612286224961281,0.06666667014360428,0.20000000298023224,-0.013123742,-0.006508424,0.001987149405370777,0.7608892867962519,0.00869218073664039,0.036636610981076956,0.0003,1039,161,77.39004038889574,15.440531730651855,24.370792627334595,39.81132435798645,1425,0.5698752024909481,0,0,TRUE,pair,430,6.366143400664441,4.819214540733528,60,0,7.165116279069768,6.366143400664441,0.6355424008797854,8.085471800062805,cpu,cuda:0,0,670.38427734375,45
469,1,DDT600_num150.txt,fixed,3019,8,377.375,23.53156089782715,16.186979293823242,1.2342623449512757e-05,-5.88,-0.452162993,0.13249999284744263,0.02895158715546131,0.08666666597127914,0.18666666746139526,0.17240770310163497,0.1796024814248085,0.001451887539587915,0.7920731663703918,0.018922398774884643,0.03151393607258797,0.0003,1041,159,115.8392935702524,16.21482276916504,9.847145557403564,26.061968326568604,1390,0.5897285997634754,0,0,TRUE,pair,421,6.9666048001963645,4.951970853012656,45,0,7.171021377672209,6.9666048001963645,0.7443366968072951,8.12518229673151,cpu,cuda:0,0,670.38232421875,46
470,1,DDT600_num150.txt,fixed,2983,8,372.875,20.865266799926758,15.520139694213867,1.0249225852021482e-05,-6.106666667,-0.489899844,0.11833333969116211,0.024664413183927536,0.08666666597127914,0.1733333319425583,0.27252966662247974,0.27999818325042725,0.0013565759484966595,0.8146807352701823,0.012415299618927142,0.014973958333333334,0.0003,1058,142,120.13081448751866,15.549000024795532,9.282264232635498,24.83126425743103,1377,0.5542615987360477,0,0,TRUE,pair,412,6.814664299599826,4.780087158978085,35,0,7.240291262135922,6.814664299599826,0.7350544966757298,7.633666198235005,cpu,cuda:0,0,670.3818359,46
471,1,DDT600_num150.txt,fixed,2947,8,368.375,17.399263381958008,15.709205627441406,2.895583565987181e-05,-6.16,-0.524364663,0.11499999463558197,0.023273734375834465,0.07333333045244217,0.14000000059604645,-0.178391645,-0.172381222,0.0029753901762887836,0.7498114928603172,0.014532874352880754,0.050747138913720846,0.0003,1062,138,90.50084147325153,15.741410255432129,16.82182288169861,32.56323313713074,1374,0.5824257018975914,0,0,TRUE,pair,387,6.861626099562272,4.870376654062831,35,0,7.614987080103359,6.861626099562272,0.7511552007636055,7.757474796613678,cpu,cuda:0,0,670.3818359,48
472,1,DDT600_num150.txt,fixed,2985,8,373.125,38.88584899902344,14.276900291442871,1.8648539480636828e-05,-5.973333333,-0.484941607,0.12666666507720947,0.02962731570005417,0.08666666597127914,0.1733333319425583,-0.148398556,-0.142860482,0.003547607241974523,0.7311878800392151,0.014502154874207918,0.03940631499669204,0.0003,1048,152,71.2085355300208,14.309422492980957,27.60970950126648,41.91913199424744,1373,0.6241051014512777,0,0,TRUE,pair,436,5.911047299858183,4.899162480339932,45,0,6.8463302752293576,5.911047299858183,0.5959079018794,7.467499999795109,cpu,cuda:0,0,670.3818359,49
473,1,DDT600_num150.txt,fixed,3087,8,385.875,39.276065826416016,14.315978050231934,2.0631130610127002e-05,-5.666666667,-0.446911008,0.1458333283662796,0.04502314329147339,0.0533333346247673,0.20000000298023224,-0.309477419,-0.304971293,0.004504002979956567,0.6758151054382324,0.011265837267274037,0.030489087686873972,0.0003,1025,175,161.9788112498256,14.349074125289917,4.708974123001099,19.058048248291016,1391,0.5334360010456294,0,0,TRUE,pair,433,5.971476400271058,4.763524457788174,40,0,7.12933025404157,5.971476400271058,0.588463396881707,7.456604897161014,cpu,cuda:0,0,656.8447266,47
474,1,DDT600_num150.txt,fixed,3054,8,381.75,18.37627601623535,17.184757232666016,1.168007747764932e-05,-5.92,-0.460411551,0.12999999523162842,0.01855921372771263,0.09333333373069763,0.15333333611488342,-0.091262016,-0.085830621,0.0032327064545825124,0.7047745957970619,0.010310623234545346,0.046764105558395386,0.0003,1044,156,87.26140723456996,17.21259355545044,17.785696029663086,34.998289585113525,1414,0.614602199755609,0,0,TRUE,pair,404,7.545750800520182,4.671905695650417,35,0,7.5594059405940595,7.545750800520182,0.8329026013379917,8.42335639812518,cpu,cuda:0,0,670.38232421875,49
475,1,DDT600_num150.txt,fixed,2995,8,374.375,25.77274513244629,14.275493621826172,1.2660902029892895e-05,-6,-0.510933777,0.125,0.022546248510479927,0.08666666597127914,0.1666666716337204,0.13175532361492515,0.13897992204874754,0.001566208724398166,0.8007706254720688,0.015897921679425053,0.029510788735933602,0.0003,1050,150,118.18297620633878,14.303444862365723,11.038614511489868,25.34205937385559,1405,0.5467950974125415,0,0,TRUE,pair,428,5.8020237986929715,4.886477464825561,60,0,6.997663551401869,5.8020237986929715,0.5992095994297415,7.5702979021007195,cpu,cuda:0,0,670.3818359,49
476,1,DDT600_num150.txt,fixed,3039,8,379.875,23.571367263793945,14.849037170410156,1.0425191248941701e-05,-5.693333333,-0.48383496,0.14416666328907013,0.03770315647125244,0.09333333373069763,0.2133333384990692,-0.137005155,-0.129818048,0.0026286953361704946,0.8501454591751099,0.023094231146387756,0.0506059005856514,0.0003,1027,173,102.92900377791291,14.875840663909912,14.649364948272705,29.525205612182617,1388,0.5408879996975884,0,0,TRUE,pair,429,6.072841198765673,5.2155314257522285,65,0,7.083916083916084,6.072841198765673,0.7010858980938792,7.7443043030798435,cpu,cuda:0,0,670.38232421875,49
477,1,DDT600_num150.txt,fixed,2982,8,372.75,23.434749603271484,16.42972755432129,1.078959303413285e-05,-6,-0.512909715,0.125,0.029953669756650925,0.07333333045244217,0.1666666716337204,-0.443257983,-0.435296327,0.0019763143888364234,0.8949806888898214,0.014680824824608862,0.04139018928011259,0.0003,1050,150,156.08086375509401,16.45973038673401,2.6457507610321045,19.105481147766113,1410,0.5934986005304381,0,0,TRUE,pair,406,7.069000400253572,5.569751842640775,100,0,7.344827586206897,7.069000400253572,0.832369995303452,8.153248104266822,cpu,cuda:0,0,383.8378906,48
478,1,DDT600_num150.txt,fixed,2964,8,370.5,15.42724895477295,15.225991249084473,6.559934263350442e-05,-5.8,-0.439454755,0.13750000298023224,0.03247862309217453,0.09333333373069763,0.19333332777023315,0.10848502814769745,0.11725663766264915,0.0026788460090756416,1.01110377907753,0.027246611047303304,0.016601563,0.0003,1035,165,131.84071359389588,15.264669418334961,7.217005014419556,22.481674432754517,1386,0.5840093982405961,0,0,TRUE,pair,399,6.1055724987527356,5.4065452101420455,50,0,7.428571428571429,6.1055724987527356,0.6766758027952164,8.105252502020448,cpu,cuda:0,0,670.3818359,49
479,1,DDT600_num150.txt,fixed,2973,8,371.625,26.461942672729492,14.97060775756836,1.4352719517773949e-05,-6.066666667,-0.448717354,0.12083333730697632,0.03581395000219345,0.07333333045244217,0.18666666746139526,-0.021107286,-0.014350438,0.003477016851926843,0.8495357632637024,0.02378833879871915,0.03705240351458391,0.0003,1055,145,145.7055490962631,14.998260259628296,5.405904293060303,20.4041645526886,1393,0.6581812982913107,0,0,TRUE,pair,414,6.260546600678936,5.331315167295864,50,0,7.181159420289855,6.260546600678936,0.6764852034393698,7.701582802110352,cpu,cuda:0,0,670.3818359,48
480,1,DDT600_num150.txt,fixed,3052,8,381.5,25.034975051879883,16.15152931213379,1.230572524946183e-05,-5.84,-0.425143656,0.13499999046325684,0.025980761274695396,0.10000000149011612,0.19333332777023315,-0.093149792,-0.086053081,0.003631782456068322,0.8912601321935654,0.01261305321531836,0.04471325548365712,0.0003,1038,162,83.27129934713652,16.179078340530396,20.47119975090027,36.651283502578735,1415,0.7005534038180485,0,0,TRUE,pair,428,6.983839200343937,5.14318479568274,42,0,7.130841121495327,6.983839200343937,0.7241568976314738,8.096347805461846,cpu,cuda:0,0,670.38232421875,50
481,1,DDT600_num150.txt,fixed,3115,8,389.375,31.364540100097656,16.36075210571289,1.4635094885306899e-05,-5.653333333,-0.386777547,0.14666667580604553,0.045215535908937454,0.06666667014360428,0.2133333384990692,-0.046811984,-0.03855348,0.0028811106749344617,0.9699060022830963,0.009946192003553733,0.019635738106444478,0.0003,1024,176,121.59160796345805,16.389931440353394,9.228612899780273,25.618544340133667,1427,0.585391000029631,0,0,TRUE,pair,443,7.057578498963267,5.274157301840009,65,0,7.031602708803612,7.057578498963267,0.7880474040284753,8.143507199711166,cpu,cuda:0,0,670.38427734375,50
482,1,DDT600_num150.txt,fixed,3080,8,385,27.037012100219727,16.05595588684082,1.4728017049492337e-05,-5.813333333,-0.373375173,0.1366666704416275,0.025819890201091766,0.09333333373069763,0.18000000715255737,-0.060902276,-0.053484022,0.0016546911986855168,0.8245601455370585,0.013486499451876929,0.04496252319465081,0.0003,1036,164,119.90684649385153,16.083750009536743,9.602856636047363,25.686606645584106,1398,0.645229299319908,0,0,TRUE,pair,426,7.00475490023382,5.019480517545304,55,0,7.230046948356808,7.00475490023382,0.7445949962129816,7.955331198987551,cpu,cuda:0,0,670.38427734375,50
483,1,DDT600_num150.txt,fixed,3034,8,379.25,24.60055923461914,15.854815483093262,1.3844710338162258e-05,-5.72,-0.365659044,0.14249999821186066,0.024252720177173615,0.10000000149011612,0.18000000715255737,-0.178268815,-0.170847714,0.0017786495736800134,0.8310429006814957,0.009866166248684749,0.026748633477836847,0.0003,1029,171,130.28746916267292,15.885047435760498,7.401919603347778,23.286967039108276,1377,0.5754072986310348,0,0,TRUE,pair,413,6.7583162013906986,5.466051413734728,60,0,7.346246973365617,6.7583162013906986,0.7269212994724512,8.026087397360243,cpu,cuda:0,0,670.38232421875,50
484,1,DDT600_num150.txt,fixed,2961,8,370.125,26.9232120513916,14.234908103942871,1.2133608834119514e-05,-5.946666667,-0.400636191,0.12833333015441895,0.028819361701607704,0.07333333045244217,0.1733333319425583,-0.105407414,-0.09648933,0.0020423319527051514,0.9939247700903151,0.015716786224705476,0.05932657793164253,0.0003,1046,154,86.28604848689685,14.266334772109985,20.049757480621338,34.31609225273132,1419,0.5763939005555585,0,0,TRUE,pair,426,5.772803900297731,5.751773051014223,64,0,6.950704225352113,5.772803900297731,0.6087601023027673,7.544301196350716,cpu,cuda:0,0,670.3818359,50
485,1,DDT600_num150.txt,fixed,3033,8,379.125,26.676008224487305,15.990818977355957,1.2539094313979149e-05,-5.76,-0.346444421,0.14000000059604645,0.0163299310952425,0.1133333370089531,0.1666666716337204,-0.072845312,-0.063913858,0.001502157680483328,0.9682532350222269,0.02560327248647809,0.04304187372326851,0.0003,1032,168,90.30407998859391,16.01862144470215,17.567900896072388,33.586522340774536,1382,0.578436498879455,0,0,TRUE,pair,410,6.847843400668353,5.4444444407498604,40,0,7.397560975609756,6.847843400668353,0.7456096005626023,8.046464902465232,cpu,cuda:0,0,670.38232421875,50
486,1,DDT600_num150.txt,fixed,2939,8,367.375,32.756439208984375,16.589197158813477,1.099830842576921e-05,-6,-0.361033548,0.125,0.038550108671188354,0.05999999865889549,0.19333332777023315,-0.349285781,-0.341646865,0.00167315368889831,0.8475492000579834,0.03180928179062903,0.03364878334105015,0.0003,1050,150,131.04803045019773,16.616353511810303,5.810538291931152,22.426891803741455,1356,0.6288434001617134,0,0,TRUE,pair,432,7.112096500000916,5.559033685981436,50,0,6.8032407407407405,7.112096500000916,0.8166588030289859,8.268349097110331,cpu,cuda:0,0,644.24755859375,51
487,1,DDT600_num150.txt,fixed,3178,8,397.25,25.464435577392578,18.53109359741211,1.2936267921759281e-05,-5.626666667,-0.346296198,0.1483333259820938,0.028625939041376114,0.10000000149011612,0.20000000298023224,-0.09329127,-0.085205225,0.0012876506079919636,0.8729871908823649,0.014188059916098913,0.03317807614803314,0.0003,1022,178,123.14882230786053,18.558106660842896,7.248067855834961,25.806174516677856,1466,0.6600760032888502,0,0,TRUE,pair,441,8.091974101378582,5.439584644730545,56,0,7.2063492063492065,8.091974101378582,0.9103754993993789,9.09153870306909,cpu,cuda:0,0,670.3847656,51
488,1,DDT600_num150.txt,fixed,3015,8,376.875,21.139049530029297,14.074447631835938,1.0512069820833858e-05,-5.706666667,-0.349667616,0.1433333307504654,0.0221108328551054,0.1133333370089531,0.18000000715255737,-0.071455196,-0.063569084,0.0011982166324742138,0.848521888256073,0.028109255581512116,0.029856686131097376,0.0003,1028,172,127.65559852076566,14.110109329223633,9.508126258850098,23.61823558807373,1398,0.6238157051848248,0,0,TRUE,pair,409,5.625856399186887,5.358540629154414,65,0,7.371638141809291,5.625856399186887,0.6121850033523515,7.531182499253191,cpu,cuda:0,0,670.38232421875,51
489,1,DDT600_num150.txt,fixed,2984,8,373,19.416488647460938,14.77840518951416,1.0002220733440481e-05,-5.84,-0.379683888,0.13500000536441803,0.03586238995194435,0.08666666597127914,0.19333332777023315,-0.180044174,-0.173002303,0.0013120052171871066,0.769789308309555,0.22349719912745059,0.047488839365541935,0.0003,1038,162,165.89523553742856,14.80620265007019,3.1810529232025146,17.987255573272705,1411,0.5536591009004042,0,0,TRUE,pair,405,6.1071233986876905,5.3930965133071265,50,0,7.367901234567901,6.1071233986876905,0.6669841009424999,7.677424399065785,cpu,cuda:0,0,670.3818359,49
490,1,DDT600_num150.txt,fixed,3122,8,390.25,20.938899993896484,16.47222328186035,1.1987500329269096e-05,-5.6,-0.357606388,0.15000000596046448,0.024720661342144012,0.1133333370089531,0.19333332777023315,-0.461243331,-0.454484954,0.0011588062334340066,0.7337779402732849,0.031084417074453086,0.02083333395421505,0.0003,1020,180,171.9275418513678,16.500903844833374,1.6579086780548096,18.158812522888184,1434,0.7152432024013251,0,0,TRUE,pair,424,7.006221800809726,4.672966047558244,40,0,7.363207547169812,7.006221800809726,0.7896465952508152,8.306386004784144,cpu,cuda:0,0,360.54736328125,49
491,1,DDT600_num150.txt,fixed,3063,8,382.875,25.789714813232422,15.77933406829834,1.0343080248276237e-05,-5.493333333,-0.370427248,0.15666666626930237,0.027284512296319008,0.11999999731779099,0.20000000298023224,-0.278722361,-0.272081718,0.001226488791871816,0.7253903150558472,0.08871224243193865,0.036576950922608376,0.0003,1012,188,146.31497483627683,15.80613088607788,5.128158330917358,20.93428921699524,1396,0.5844258007127792,0,0,TRUE,pair,430,6.698794000549242,4.841332027735447,40,0,7.123255813953488,6.698794000549242,0.7009463986614719,8.032734000007622,cpu,cuda:0,0,632.38525390625,50
492,1,DDT600_num150.txt,fixed,3150,8,393.75,30.396339416503906,17.20656394958496,1.74420747498516e-05,-5.453333333,-0.362572269,0.15916666388511658,0.039921797811985016,0.07999999821186066,0.20666666328907013,-0.100944144,-0.093743177,0.0015512924098099272,0.7976611653963724,0.021745595668714184,0.0390625,0.0003,1009,191,134.3428417017194,17.23590087890625,6.211570978164673,23.447471857070923,1393,0.6146240034140646,0,0,TRUE,pair,438,7.543501101550646,4.76285714300852,55,0,7.191780821917808,7.543501101550646,0.7794056967832148,8.505000401521102,cpu,cuda:0,0,670.3847656,51
493,1,DDT600_num150.txt,fixed,3122,8,390.25,32.23643112182617,14.617156982421875,1.6535321265109815e-05,-5.666666667,-0.383902547,0.1458333283662796,0.04800897091627121,0.0533333346247673,0.2133333384990692,0.00045606493949890137,0.007320547103881836,0.001579075329937041,0.7654015779495239,0.018641300639137624,0.02486053742468357,0.0003,1025,175,112.3987284280619,14.643858194351196,13.132256746292114,27.77611494064331,1424,0.6391687983414158,0,0,TRUE,pair,425,5.934851900441572,4.680653426297424,40,0,7.345882352941176,5.934851900441572,0.6216430969070643,7.749566898331977,cpu,cuda:0,0,670.38427734375,50
494,1,DDT600_num150.txt,fixed,2875,8,359.375,25.455537796020508,15.728363037109375,4.193456697976217e-05,-5.96,-0.421564029,0.1274999976158142,0.04006071761250496,0.07999999821186066,0.2133333384990692,-0.256105823,-0.2495631,0.0021381790284067392,0.7611808776855469,0.014938390493625775,0.03301702191432317,0.0003,1047,153,105.31028955791861,15.762569904327393,11.53770637512207,27.300276279449463,1369,0.5767418971518055,0,0,TRUE,pair,393,6.959531599422917,4.961043477514516,45,0,7.315521628498728,6.959531599422917,0.76555939798709,7.658168197609484,cpu,cuda:0,0,670.37939453125,51
495,1,DDT600_num150.txt,fixed,3142,8,392.75,19.740503311157227,15.144136428833008,1.1258811355219223e-05,-5.613333333,-0.393021422,0.14916667342185974,0.028074799105525017,0.1133333370089531,0.18666666746139526,-0.099964728,-0.09354764,0.0017067780912232895,0.7270475427309672,0.011348506018597012,0.04369671208163103,0.0003,1021,179,122.76885733294291,15.170599460601807,10.422210216522217,25.592809677124023,1424,0.5644569002324715,0,0,TRUE,pair,416,6.194339599809609,4.6702737078250856,45,0,7.552884615384615,6.194339599809609,0.662557300645858,7.958994998014532,cpu,cuda:0,0,670.3847656,50
496,1,DDT600_num150.txt,fixed,3046,8,380.75,25.921756744384766,16.550500869750977,1.4193416973284911e-05,-5.626666667,-0.403003813,0.1483333259820938,0.02939198724925518,0.10000000149011612,0.20000000298023224,0.0450337128713727,0.051723843440413475,0.0014816970797255635,0.7430979013442993,0.020575211849063635,0.0078125,0.0003,1022,178,131.13429793992537,16.58265471458435,6.6454408168792725,23.228095531463623,1374,0.6086990986950696,0,0,TRUE,pair,429,7.151392699335702,4.805646744513308,45,0,7.1002331002331,7.151392699335702,0.7997368035139516,8.231365496991202,cpu,cuda:0,0,670.38232421875,51
497,1,DDT600_num150.txt,fixed,3041,8,380.125,31.8764705657959,16.133176803588867,1.2268715181562584e-05,-5.733333333,-0.399050726,0.14166666567325592,0.04555216804146767,0.09333333373069763,0.2199999988079071,-0.282111116,-0.275366135,0.0015872022680317361,0.7538577715555826,0.013839499365227917,0.036080424363414444,0.0003,1030,170,152.88419182410703,16.161680698394775,3.729192018508911,19.890872716903687,1382,0.6096878002863377,0,0,TRUE,pair,435,6.895987200085074,4.885892800303205,40,0,6.99080459770115,6.895987200085074,0.7029904092196375,8.179992399527691,cpu,cuda:0,0,670.38232421875,51
498,1,DDT600_num150.txt,fixed,2993,8,374.125,25.55111312866211,14.965065956115723,1.3235989172244444e-05,-5.96,-0.435056609,0.1275000125169754,0.03748147562146187,0.07999999821186066,0.19333332777023315,-0.079235363,-0.072485137,0.0017398717114701866,0.7620168209075928,0.021089680166915058,0.03840507119894028,0.0003,1047,153,114.72047639593114,14.992891550064087,11.096609592437744,26.08950114250183,1378,0.6599152978742495,0,0,TRUE,pair,422,6.2503644020762295,4.916471768253988,39,0,7.092417061611374,6.2503644020762295,0.64716430043336,7.74388179811649,cpu,cuda:0,0,670.3818359,51
499,1,DDT600_num150.txt,fixed,3002,8,375.25,35.09184265136719,14.047182083129883,1.2687811249634251e-05,-5.92,-0.426923386,0.12999999523162842,0.03214550390839577,0.08666666597127914,0.18000000715255737,0.029855698347091675,0.03665658334891001,0.0013524652846778433,0.7477116783459982,0.056449392500023045,0.028003710011641186,0.0003,1044,156,138.45568437458408,14.074239492416382,7.607788324356079,21.68202781677246,1378,0.6443127973470837,0,0,TRUE,pair,437,5.610008198651485,4.98834110624706,44,0,6.869565217391305,5.610008198651485,0.5812642999226227,7.555348902591504,cpu,cuda:0,0,670.3818359,50
500,1,DDT600_num150.txt,fixed,2932,8,366.5,22.923786163330078,16.006633758544922,2.7714044335880317e-05,-5.986666667,-0.431887812,0.12583333253860474,0.02612735889852047,0.09333333373069763,0.1733333319425583,0.17202365025877953,0.17926450073719025,0.0013005942746531218,0.7891147583723068,0.050724420114420354,0.03693925030529499,0.0003,1049,151,108.47104539942656,16.03684687614441,10.993407964706421,27.03025484085083,1396,0.5967465020949021,0,0,TRUE,pair,422,7.015185399795882,4.955320600272851,45,0,6.947867298578199,7.015185399795882,0.7164314982946962,7.926452401326969,cpu,cuda:0,0,670.3798828,49
501,1,DDT600_num150.txt,fixed,2973,8,371.625,35.135231018066406,14.854084014892578,1.3999861039337702e-05,-6.146666667,-0.475623994,0.1158333346247673,0.03770315274596214,0.06666667014360428,0.19333332777023315,-0.249716371,-0.243376151,0.0024350653984583914,0.755776047706604,0.05044641823042184,0.02594632562249899,0.0003,1061,139,162.68585699759524,14.879921674728394,3.394561767578125,18.27448344230652,1389,0.6683498997008428,0,0,TRUE,pair,439,6.162595100817271,4.853683147934042,55,0,6.7722095671981775,6.162595100817271,0.6429190970957279,7.72795509849675,cpu,cuda:0,0,670.3818359,50
502,1,DDT600_num150.txt,fixed,3009,8,376.125,25.32013702392578,14.803936004638672,1.3304525964485947e-05,-5.733333333,-0.458855004,0.14166666567325592,0.03926406428217888,0.08666666597127914,0.2199999988079071,-0.229469533,-0.222748497,0.002182800695300102,0.7812429189682006,0.01469574854709208,0.04501928463578224,0.0003,1030,170,126.87328077609732,14.834384441375732,8.882193088531494,23.716577529907227,1378,0.5728802975500003,0,0,TRUE,pair,425,6.156106800539419,4.9953472875764335,55,0,7.08,6.156106800539419,0.6560619063675404,7.666192202130333,cpu,cuda:0,0,670.38232421875,50
503,1,DDT600_num150.txt,fixed,3048,8,381,30.40970230102539,14.956164360046387,1.4443522559304256e-05,-5.786666667,-0.432632531,0.13833333551883698,0.03898005187511444,0.07999999821186066,0.20000000298023224,-0.102051973,-0.095326013,0.0022613157285377382,0.7856611013412476,0.017004579957574605,0.027690327167510985,0.0003,1034,166,119.84202813173486,14.983806371688843,10.4496750831604,25.433481454849243,1407,0.570754399173893,0,0,TRUE,pair,436,6.0652673981385306,4.725721782664928,40,0,6.990825688073395,6.0652673981385306,0.631075500510633,7.935998898465186,cpu,cuda:0,0,670.38232421875,50
504,1,DDT600_num150.txt,fixed,2879,8,359.875,23.36363410949707,16.263202667236328,1.166059428214794e-05,-6.026666667,-0.466015778,0.12333333492279053,0.023804761469364166,0.07999999821186066,0.15333333611488342,-0.237832926,-0.230950169,0.002171420957893133,0.7968461414178213,0.009654916784105202,0.027465476654469967,0.0003,1052,148,105.96010681441774,16.29045009613037,10.880152940750122,27.170603036880493,1364,0.6188675977755338,0,0,TRUE,pair,402,7.095221298979595,5.0229246266892735,55,0,7.161691542288557,7.095221298979595,0.7803126974031329,8.021032899268903,cpu,cuda:0,0,670.37939453125,49
505,1,DDT600_num150.txt,fixed,3015,8,376.875,25.546220779418945,15.397387504577637,1.4293188542069402e-05,-5.72,-0.435801574,0.14249999821186066,0.028074800968170166,0.10000000149011612,0.19333332777023315,0.08180423825979233,0.08896041661500931,0.0018902283627539873,0.8101289868354797,0.05477953143417835,0.014648438,0.0003,1029,171,134.97496450107613,15.422906875610352,6.914568901062012,22.337475776672363,1402,0.5686250022845343,0,0,TRUE,pair,431,6.5881748016690835,4.805638474453346,45,0,6.995359628770301,6.5881748016690835,0.6923159052385017,7.781829697196372,cpu,cuda:0,0,670.38232421875,50
506,1,DDT600_num150.txt,fixed,2962,8,370.25,24.396465301513672,16.982372283935547,1.4447457942878827e-05,-6.013333333,-0.459410776,0.12416666746139526,0.018238389864563942,0.09333333373069763,0.1599999964237213,0.029132882754007976,0.036277979612350464,0.0019324085442349315,0.8111300865809122,0.025051064944515627,0.028698402146498363,0.0003,1051,149,120.96261315956689,17.012493133544922,7.474411725997925,24.486904859542847,1389,0.7232297004666179,0,0,TRUE,pair,422,7.408156299847178,4.970965562922821,48,0,7.018957345971564,7.408156299847178,0.7870638029417023,8.414418898290023,cpu,cuda:0,0,670.3818359,51
507,1,DDT600_num150.txt,fixed,2985,8,373.125,23.534217834472656,15.158970832824707,1.338545644102851e-05,-5.893333333,-0.460208228,0.13166667520999908,0.02823512628674507,0.09333333373069763,0.18000000715255737,-0.253452025,-0.245851321,0.001822581165470183,0.8511993090311686,0.023807134828530252,0.027078488531212013,0.0003,1042,158,164.23258844307108,15.186002731323242,2.9894399642944336,18.175442695617676,1394,0.5677571998676285,0,0,TRUE,pair,412,6.20655900251586,5.311557789583701,50,0,7.245145631067961,6.20655900251586,0.6831968978513032,7.9278123987605795,cpu,cuda:0,0,349.2666016,49
508,1,DDT600_num150.txt,fixed,3121,8,390.125,33.47550582885742,16.690685272216797,5.4912929044803604e-05,-5.573333333,-0.425088167,0.15166667103767395,0.04393808916211128,0.09333333373069763,0.20666666328907013,0.05413649696856737,0.06218756036832929,0.0020558048272505403,0.9078964591026306,0.03450495583820157,0.031738281,0.0003,1018,182,113.83906646562299,16.736673831939697,10.679222106933594,27.41589593887329,1384,0.6196001975331455,0,0,TRUE,pair,436,7.08461799856741,5.2300544668947495,50,0,7.158256880733945,7.08461799856741,0.7592966008232906,8.47167009790428,cpu,cuda:0,0,670.38427734375,49
509,1,DDT600_num150.txt,fixed,2852,8,356.5,32.43840408325195,13.926270484924316,5.3454699809663e-05,-6.266666667,-0.4929815,0.10833333432674408,0.021015865728259087,0.07999999821186066,0.14666666090488434,-0.053083289,-0.044727575,0.0017364142986480147,0.9223925620317459,0.019519182038493454,0.030966534512117505,0.0003,1070,130,124.62599281335532,13.966297388076782,8.918174266815186,22.884471654891968,1385,0.5552546011749655,0,0,TRUE,pair,410,5.6899970003869385,5.737727911157996,40,0,6.95609756097561,5.6899970003869385,0.61771800450515,7.315060802851804,cpu,cuda:0,0,670.37939453125,50
510,1,DDT600_num150.txt,fixed,3094,8,386.75,27.394113540649414,14.593615531921387,1.5318277291953564e-05,-5.76,-0.457620336,0.14000000059604645,0.020816659554839134,0.10000000149011612,0.1666666716337204,-0.033513469,-0.025017304,0.0016085376652578514,0.9300434390703837,0.01781902733879785,0.02575710540016492,0.0003,1032,168,142.86687022248958,14.62330436706543,7.033221006393433,21.656525373458862,1447,0.5531892019789666,0,0,TRUE,pair,413,5.912288800580427,5.4107950874197925,45,0,7.491525423728813,5.912288800580427,0.6315687012393028,7.733001398737542,cpu,cuda:0,0,670.38427734375,50
511,1,DDT600_num150.txt,fixed,3032,8,379,16.007810592651367,16.640968322753906,1.0726186701504048e-05,-5.853333333,-0.466346882,0.1341666579246521,0.02481878735125065,0.09333333373069763,0.1666666716337204,-0.393899232,-0.386363198,0.001564734537775318,0.8318417072296143,0.026715019019320607,0.037237570310632385,0.0003,1039,161,140.5278900373019,16.66873264312744,4.907055616378784,21.575788259506226,1404,0.6138763015624136,0,0,TRUE,pair,403,7.298983499989845,5.460422163824293,60,0,7.523573200992556,7.298983499989845,0.8114571986952797,8.161338995909318,cpu,cuda:0,0,619.6005859,50
512,1,DDT600_num150.txt,fixed,3004,8,375.5,28.469282150268555,15.3463134765625,1.418139709130628e-05,-5.693333333,-0.438566636,0.14416666328907013,0.031787049025297165,0.1066666692495346,0.19333332777023315,0.1627410501241684,0.17122533917427063,0.001737939950544387,0.935326099395752,0.016785200336016715,0.014648438,0.0003,1027,173,140.50643689803425,15.37378740310669,6.00601601600647,21.37980341911316,1392,0.6856463990407065,0,0,TRUE,pair,410,6.422604599851184,5.593874831650451,45,0,7.326829268292683,6.422604599851184,0.678786292206496,7.905278698541224,cpu,cuda:0,0,670.3818359,50
513,1,DDT600_num150.txt,fixed,3089,8,386.125,23.36363410949707,16.40765380859375,1.0619667591527104e-05,-5.88,-0.485482533,0.13249999284744263,0.013919409364461899,0.1133333370089531,0.1599999964237213,-0.098013041,-0.090172969,0.0017416755630013843,0.871090958515803,0.023530917436194915,0.09183758807679017,0.0003,1041,159,104.737030351868,16.435816526412964,13.057095289230347,29.49291181564331,1429,0.58159160008654,0,0,TRUE,pair,426,7.156041498295963,5.419553253634457,36,0,7.251173708920188,7.156041498295963,0.7974592016544193,8.082394897704944,cpu,cuda:0,0,670.38427734375,50
514,1,DDT600_num150.txt,fixed,2889,8,361.125,33.60594177246094,14.222506523132324,1.5484363757423125e-05,-6.026666667,-0.475764308,0.12333332747220993,0.04472136124968529,0.07333333045244217,0.20666666328907013,-0.274923343,-0.268417388,0.0034269142779521644,0.821942150592804,0.02328437106916681,0.05302950367331505,0.0003,1052,148,132.39205684211709,14.249711275100708,7.5718395709991455,21.821550846099854,1364,0.5503005021018907,0,0,TRUE,pair,427,5.9515704977093264,5.5022499132172875,48,0,6.765807962529274,5.9515704977093264,0.6297820027684793,7.330993298324756,cpu,cuda:0,0,670.3798828,50
515,1,DDT600_num150.txt,fixed,3025,8,378.125,24.583721160888672,15.029016494750977,1.418139709130628e-05,-5.88,-0.465252997,0.13250000774860382,0.03204813972115517,0.08666666597127914,0.1733333319425583,-0.221414993,-0.214347007,0.0028272810741327703,0.848164439201355,0.009716272339574061,0.022755811223760247,0.0003,1041,159,137.04436511684042,15.056500911712646,7.016643047332764,22.07314395904541,1392,0.5584194018738344,0,0,TRUE,pair,414,6.378148800111376,5.486611570366158,60,0,7.306763285024155,6.378148800111376,0.6873266996117309,7.637763598933816,cpu,cuda:0,0,670.38232421875,50
516,1,DDT600_num150.txt,fixed,2804,8,350.5,19.899747848510742,14.960890769958496,1.1359337804606184e-05,-6.186666667,-0.479543722,0.1133333370089531,0.031797971576452255,0.0533333346247673,0.1599999964237213,-0.198107105,-0.190934984,0.003578520962037146,0.8961383104324341,0.016650673249387182,0.03684479393996298,0.0003,1064,136,114.47906642200371,14.987974405288696,9.505586624145508,24.493561029434204,1347,0.5764873988227919,0,0,TRUE,pair,383,6.297064600512385,5.9315263925707455,60,0,7.321148825065274,6.297064600512385,0.6850248021073639,7.655868099420331,cpu,cuda:0,0,670.37744140625,51
517,1,DDT600_num150.txt,fixed,3065,8,383.125,35.12277603149414,14.558170318603516,1.535904266347643e-05,-5.72,-0.440132274,0.14249999821186066,0.040816325694322586,0.07999999821186066,0.2133333384990692,-0.081572767,-0.07513563,0.004539669957011938,0.870697632431984,0.017805018229410052,0.05867317225784063,0.0003,1029,171,139.09405685825874,14.584615468978882,7.450833559036255,22.035449028015137,1399,0.5378847983665764,0,0,TRUE,pair,432,5.9371468991739675,5.446655795780325,55,0,7.094907407407407,5.9371468991739675,0.6251703026937321,7.683583899750374,cpu,cuda:0,0,670.38232421875,50
518,1,DDT600_num150.txt,fixed,3096,8,387,15.5,14.9935302734375,1.0533676686463878e-05,-5.546666667,-0.454708133,0.15333333611488342,0.033166248351335526,0.09333333373069763,0.20000000298023224,-0.003796132,0.004571262747049332,0.0016018522437661886,0.9168321490287781,0.03903217305196449,0.012695313,0.0003,1016,184,151.8949409535726,15.02122163772583,5.361287355422974,20.382508993148804,1399,0.5529917964013293,0,0,TRUE,pair,405,6.066544499248266,5.230620154499699,45,0,7.644444444444445,6.066544499248266,0.6842318985145539,7.904911595280282,cpu,cuda:0,0,670.38427734375,50
519,1,DDT600_num150.txt,fixed,2992,8,374,26.033632278442383,16.362977981567383,1.633819738344755e-05,-5.746666667,-0.462686215,0.14083333313465118,0.03373713791370392,0.09333333373069763,0.20000000298023224,-0.072752404,-0.06502963,0.0024937646521721035,0.8969656005501747,0.012055183738993946,0.052363340742886066,0.0003,1031,169,84.10166979579988,16.406128883361816,19.169859170913696,35.57598805427551,1383,0.578037200961262,0,0,TRUE,pair,401,7.367774799466133,5.397393046694006,45,0,7.461346633416459,7.367774799466133,0.7519880970939994,7.8896855977363884,cpu,cuda:0,0,670.3818359,50
520,1,DDT600_num150.txt,fixed,2953,8,369.125,24.690269470214844,15.955445289611816,3.2245618058368564e-05,-5.96,-0.460027263,0.1275000125169754,0.04427659139037132,0.0533333346247673,0.20666666328907013,-0.164969698,-0.157592578,0.0030993462673255374,0.8926792911120823,0.017684982657166465,0.03689221053251198,0.0003,1047,153,103.56307038776806,15.984621524810791,12.529403686523438,28.51402521133423,1371,0.5846828968496993,0,0,TRUE,pair,412,6.9484375001629815,5.447341686824278,60,0,7.16747572815534,6.9484375001629815,0.7253939027432352,7.937857301789336,cpu,cuda:0,0,670.3818359,49
521,1,DDT600_num150.txt,fixed,3083,8,385.375,36.86440658569336,16.075176239013672,1.770087328623049e-05,-5.56,-0.425428992,0.1525000035762787,0.04754383862018585,0.07999999821186066,0.20666666328907013,-0.031941982,-0.024324732,0.0025894900407785405,0.89119952917099,0.00988237044433705,0.0641005881703817,0.0003,1017,183,66.7990312428985,16.103915691375732,30.049448251724243,46.153363943099976,1418,0.6977731997612864,0,0,TRUE,pair,421,6.901440100511536,5.426208236872512,70,0,7.323040380047506,6.901440100511536,0.7515885990578681,8.072315502213314,cpu,cuda:0,0,670.38427734375,51
522,1,DDT600_num150.txt,fixed,2985,8,373.125,18.33328628540039,16.01300811767578,1.916861583595164e-05,-5.706666667,-0.441874227,0.1433333307504654,0.034480269998311996,0.09333333373069763,0.20000000298023224,-0.053378679,-0.045642542,0.002536205358670226,0.9004235523087638,0.009790756939245122,0.03668876763965402,0.0003,1028,172,104.47879175226224,16.044443130493164,12.525948524475098,28.57039165496826,1381,0.5983053987147287,0,0,TRUE,pair,415,6.736010799650103,5.499497487117697,50,0,7.192771084337349,6.736010799650103,0.8100827977759764,8.092138597741723,cpu,cuda:0,0,670.3818359,51
523,1,DDT600_num150.txt,fixed,2952,8,369,24.581497192382812,16.575687408447266,1.0619667591527104e-05,-5.573333333,-0.4241505,0.15166667103767395,0.03210226446390152,0.1066666692495346,0.19333332777023315,-0.034243437,-0.026760671,0.0019394958799239248,0.845251739025116,0.012633820908376947,0.02863036561757326,0.0003,1018,182,113.44416252975283,16.6023952960968,9.419216871261597,26.0216121673584,1358,0.5968652020674199,0,0,TRUE,pair,426,7.1994039005367085,5.428184281600523,52,0,6.929577464788732,7.1994039005367085,0.8661108987871557,8.129012399003841,cpu,cuda:0,0,670.3818359,50
524,1,DDT600_num150.txt,fixed,2872,8,359,35.566837310791016,13.520224571228027,1.694617822067812e-05,-6,-0.463897505,0.125,0.03555121645331383,0.08666666597127914,0.18000000715255737,0.008903791507085165,0.016758551200230915,0.0017862135233978431,0.8747868537902832,0.03015049973813196,0.019916845485568047,0.0003,1050,150,120.84996954833937,13.550304174423218,10.214699745178223,23.76500391960144,1348,0.5318970006192103,0,0,TRUE,pair,407,5.43578229972627,5.481197770674581,45,0,7.056511056511057,5.43578229972627,0.563539806753397,7.2309867007425055,cpu,cuda:0,0,670.37939453125,51
525,1,DDT600_num150.txt,fixed,2926,8,365.75,29.49894142150879,16.281719207763672,1.6573092580074444e-05,-5.906666667,-0.4818236,0.13083332777023315,0.02283698134124279,0.09333333373069763,0.1733333319425583,0.09133685231208802,0.10021129250526428,0.001510229567065835,0.9629559755325318,0.02132376069203019,0.036096909269690516,0.0003,1043,157,92.34353183876648,16.311238765716553,15.374792098999023,31.686030864715576,1358,0.6951582011533901,0,0,TRUE,pair,412,7.123558598570526,5.5980861270093625,45,0,7.101941747572815,7.123558598570526,0.7722412019502372,8.0230320970295,cpu,cuda:0,0,670.3798828,51
526,1,DDT600_num150.txt,fixed,2912,8,364,24.140214920043945,13.958457946777344,1.3942901205155067e-05,-6.16,-0.516011571,0.11500000953674316,0.03068658895790577,0.07999999821186066,0.18666666746139526,-0.323496431,-0.31674248,0.0031457957035551467,0.8326842586199442,0.04333252374393245,0.06458909933765729,0.0003,1062,138,139.19466220993812,13.985104322433472,6.9352381229400635,20.920342445373535,1386,0.534108500694856,0,0,TRUE,pair,412,5.824439899181016,5.176167582335708,50,0,7.067961165048544,5.824439899181016,0.6103061989415437,7.222361500840634,cpu,cuda:0,0,670.3798828,51
527,1,DDT600_num150.txt,fixed,2967,8,370.875,28.343595504760742,16.118255615234375,1.3128184946253896e-05,-5.76,-0.476958944,0.14000000059604645,0.03999999910593033,0.09333333373069763,0.2199999988079071,-0.099270211,-0.091687972,0.0023048288809756436,0.8734645247459412,0.019067441811785102,0.03618828703959783,0.0003,1032,168,122.78633434320805,16.146366119384766,8.017560720443726,24.16392683982849,1368,0.6675942002329975,0,0,TRUE,pair,415,7.124984499183483,5.088978764984316,55,0,7.1493975903614455,7.124984499183483,0.7570210020057857,7.8843864996451885,cpu,cuda:0,0,670.3818359,51
528,1,DDT600_num150.txt,fixed,2879,8,359.875,29.62025260925293,15.356522560119629,1.3848815797246061e-05,-5.786666667,-0.474728638,0.13833333551883698,0.028625939041376114,0.10000000149011612,0.1733333319425583,-0.346730952,-0.339488161,0.0030853320689251027,0.8785455822944641,0.014414577356850108,0.035294958079854645,0.0003,1034,166,129.9236756959312,15.384353637695312,6.774810075759888,22.1591637134552,1344,0.5790364019339904,0,0,TRUE,pair,404,6.53204119973816,5.611323375758217,40,0,7.126237623762377,6.53204119973816,0.7060601020930335,7.779389499919489,cpu,cuda:0,0,670.37939453125,51
529,1,DDT600_num150.txt,fixed,2963,8,370.375,19.817527770996094,14.024917602539062,1.1253760931140278e-05,-5.706666667,-0.457572105,0.1433333307504654,0.0344802662730217,0.1066666692495346,0.20000000298023224,-0.095083806,-0.087637777,0.0027925159374717623,0.8842284679412842,0.015785306328325532,0.05859206442255527,0.0003,1028,172,92.94284972380184,14.051992177963257,17.827813625335693,31.87980580329895,1362,0.5282075991854072,0,0,TRUE,pair,411,5.647502298117615,5.461694228017487,48,0,7.209245742092458,5.647502298117615,0.6107840009499341,7.465041893767193,cpu,cuda:0,0,670.3818359,51
530,1,DDT600_num150.txt,fixed,2857,8,357.125,30.03513526916504,15.898064613342285,1.6855366993695498e-05,-6.106666667,-0.483597444,0.11833332479000092,0.02533113956451416,0.07999999821186066,0.15333333611488342,-0.333853583,-0.326868872,0.0035946609374756613,0.8782030741373698,0.011292740896654626,0.03655133962941667,0.0003,1058,142,101.28788281922915,15.925602674484253,12.281127691268921,28.206730365753174,1333,0.5912204025080428,0,0,TRUE,pair,390,6.877575999707915,5.476373816688119,60,0,7.325641025641025,6.877575999707915,0.778450297890231,7.8825239018769935,cpu,cuda:0,0,670.37939453125,51
531,1,DDT600_num150.txt,fixed,2925,8,365.625,35.0247688293457,14.579022407531738,1.0337583262298722e-05,-5.72,-0.399106621,0.14249999821186066,0.0319613479077816,0.1066666692495346,0.20666666328907013,0.10149245709180832,0.10941723734140396,0.0023649849463254213,0.9107274413108826,0.027352283475920558,0.043619791666666664,0.0003,1029,171,128.59174818918413,14.611437797546387,8.13496732711792,22.746405124664307,1372,0.6335926977917552,0,0,TRUE,pair,417,5.860336199286394,5.365470085714617,45,0,7.014388489208633,5.860336199286394,0.6586229054955766,7.733550899778493,cpu,cuda:0,0,670.3798828,47
532,1,DDT600_num150.txt,fixed,2774,8,346.75,26.008411407470703,14.911224365234375,1.0894450497289654e-05,-6.173333333,-0.471855514,0.11416666954755783,0.021714692935347557,0.07333333045244217,0.14000000059604645,-0.438145578,-0.431279856,0.003623477532528341,0.867747712135315,0.027049960615113378,0.045190059766173366,0.0003,1063,137,112.63940866388306,14.94087553024292,9.686384439468384,24.627259969711304,1337,0.5618727981345728,0,0,TRUE,pair,402,6.500912900199182,5.496034602252545,40,0,6.900497512437811,6.500912900199182,0.6785125028109178,7.407550400472246,cpu,cuda:0,0,670.37744140625,44
533,1,DDT600_num150.txt,fixed,3127,8,390.875,25.565784454345703,17.01388931274414,1.4048499906493817e-05,-5.546666667,-0.379218897,0.15333333611488342,0.03590109944343567,0.1066666692495346,0.2199999988079071,-0.059006811,-0.051490664,0.0022524622036144137,0.8642375809805733,0.024637448002717326,0.04381735888975007,0.0003,1016,184,105.58259060743201,17.045448064804077,12.571177005767822,29.6166250705719,1406,0.7071972981793806,0,0,TRUE,pair,421,7.339634099393152,5.042852575267356,55,0,7.427553444180522,7.339634099393152,0.8237382026854903,8.47066549398005,cpu,cuda:0,0,670.38427734375,41
534,1,DDT600_num150.txt,fixed,2889,8,361.125,29.561113357543945,16.57710075378418,6.0923295677639544e-05,-6.026666667,-0.456015973,0.12333333492279053,0.0472581572830677,0.06666667014360428,0.2266666740179062,-0.230536441,-0.22395735,0.004187483650942643,0.8672827879587809,0.021544909570366144,0.10490850545465946,0.0003,1052,148,124.7911826210996,16.60730290412903,6.543371200561523,23.15067410469055,1342,0.7286571024451405,0,0,TRUE,pair,402,7.168120099697262,5.2412599536860105,35,0,7.186567164179104,7.168120099697262,0.7773968959227204,8.264232202898711,cpu,cuda:0,0,670.3798828,40
535,1,DDT600_num150.txt,fixed,3106,8,388.25,19.581560134887695,16.446622848510742,1.1483759408292826e-05,-5.253333333,-0.367220885,0.17166666686534882,0.04038013890385628,0.1066666692495346,0.23333333432674408,0.003316583577543497,0.010669249265144268,0.0019239041721448302,0.8314616282780966,0.013462407310726121,0.04762803118986388,0.0003,994,206,76.24568588983801,16.47465968132019,24.26207137107849,40.73673105239868,1361,0.5748967010295019,0,0,TRUE,pair,422,7.080036099534482,5.090792014456071,50,0,7.360189573459715,7.080036099534482,0.7741726947715506,8.227743098279461,cpu,cuda:0,0,670.38427734375,38
536,1,DDT600_num150.txt,fixed,2954,8,369.25,38.20258331298828,15.938037872314453,1.863024226622656e-05,-5.68,-0.408223685,0.14500001072883606,0.06053006649017334,0.07999999821186066,0.24666666984558105,0.15431492775678635,0.16201253980398178,0.0019357497803866863,0.8665492236614227,0.032126150210388005,0.014648438,0.0003,1026,174,141.9998928179352,15.966363668441772,4.836468935012817,20.80283260345459,1360,0.5689951991662383,0,0,TRUE,pair,431,6.981237000902183,5.271157754944561,40,0,6.853828306264501,6.981237000902183,0.7954026045044884,7.800553502049297,cpu,cuda:0,0,670.3818359,36
537,1,DDT600_num150.txt,fixed,2917,8,364.625,13.981573104858398,15.37369155883789,8.740569683141075e-06,-5.933333333,-0.439568422,0.12916667759418488,0.034308649599552155,0.07333333045244217,0.1733333319425583,0.03812146559357643,0.04559113830327988,0.0011385323596186936,0.8038940131664276,0.020048286765813828,0.01585098123177886,0.0003,1045,155,143.08824563473763,15.400299072265625,4.985722064971924,20.38602113723755,1351,0.6764934991952032,0,0,TRUE,pair,382,6.509200901258737,5.37881384931446,55,0,7.636125654450262,6.509200901258737,0.7149319003801793,7.808375300955959,cpu,cuda:0,0,670.3798828,38
538,1,DDT600_num150.txt,fixed,2943,8,367.875,30.949302673339844,15.742088317871094,1.6926040188991465e-05,-6.146666667,-0.455567179,0.1158333271741867,0.03814264014363289,0.046666666865348816,0.1733333319425583,-0.035393134,-0.027758583,0.0014517701929435134,0.8360430896282196,0.03598131000762805,0.026396079920232296,0.0003,1061,139,146.4177374672931,15.76956033706665,4.330463409423828,20.10002374649048,1370,0.5515620985534042,0,0,TRUE,pair,400,6.848970299004577,5.024125042959739,50,0,7.3575,6.848970299004577,0.774652897962369,7.771780300536193,cpu,cuda:0,0,670.3798828,41
539,1,DDT600_num150.txt,fixed,3027,8,378.375,21.517070770263672,15.131357192993164,1.1439123227319214e-05,-5.8,-0.449266479,0.13750000298023224,0.03125833347439766,0.10000000149011612,0.18666666746139526,-0.615381956,-0.608157769,0.0020988626056350768,0.8273626565933228,0.02299389650579542,0.021394023671746254,0.0003,1035,165,156.62110953866923,15.158727407455444,4.168169260025024,19.32689666748047,1388,0.5635979979997501,0,0,TRUE,pair,421,6.510225700214505,5.113974231834021,70,0,7.190023752969121,6.510225700214505,0.6703218953916803,7.6229142035590485,cpu,cuda:0,0,558.40869140625,40
540,1,DDT600_num150.txt,fixed,2925,8,365.625,17.5921688079834,15.507274627685547,1.2048986718582455e-05,-6.16,-0.474292616,0.11500000208616257,0.03678013011813164,0.05999999865889549,0.18666666746139526,-0.343711605,-0.336461465,0.0018635415472090244,0.8181890845298767,0.018307442699248593,0.033799183244506516,0.0003,1062,138,132.39562669233985,15.535454988479614,6.557419776916504,22.092874765396118,1365,0.5410653991857544,0,0,TRUE,pair,398,6.858724199933931,5.039316238827175,55,0,7.349246231155779,6.858724199933931,0.715856401482597,7.593160799588077,cpu,cuda:0,0,670.3798828,41
541,1,DDT600_num150.txt,fixed,2884,8,360.5,12.747549057006836,13.942500114440918,8.113241165119689e-06,-6.133333333,-0.463959159,0.11666665226221085,0.02962731570005417,0.07333333045244217,0.15333333611488342,-0.155570172,-0.147538063,0.0017781654896680266,0.8921182652314504,0.021032211671505745,0.04100294240439931,0.0003,1060,140,106.9647357524086,13.969560623168945,12.99259638786316,26.962157011032104,1364,0.5493299982044846,0,0,TRUE,pair,379,5.6431944008218125,5.174757280974712,45,0,7.6094986807387865,5.6431944008218125,0.5877957998309284,7.411729198880494,cpu,cuda:0,0,670.3798828,42
542,1,DDT600_num150.txt,fixed,3145,8,393.125,17.545921325683594,16.645156860351562,8.00745783635648e-06,-5.786666667,-0.444775263,0.13833333551883698,0.024888642132282257,0.09333333373069763,0.1733333319425583,-0.23726714,-0.230512381,0.003970585530623794,0.8740060776472092,0.016923287374083884,0.042291536985430866,0.0003,1034,166,145.19018127620444,16.67433214187622,4.986912250518799,21.66124439239502,1431,0.6807355986675248,0,0,TRUE,pair,420,7.143031800515018,4.700158980995749,45,0,7.488095238095238,7.143031800515018,0.732906601158902,8.41260649706237,cpu,cuda:0,0,670.3847656,42
543,1,DDT600_num150.txt,fixed,3073,8,384.125,24.73579216003418,15.994604110717773,1.9893312128260732e-05,-5.946666667,-0.469093782,0.12833333015441895,0.029202358797192574,0.09333333373069763,0.18666666746139526,-0.263793075,-0.256668711,0.00383793069049716,0.9043325304985046,0.022791953291743994,0.036219962313771246,0.0003,1046,154,112.29006496649214,16.03057289123535,11.336051225662231,27.366624116897583,1406,0.7082758018514141,0,0,TRUE,pair,447,6.608264001086354,5.098275299767427,45,0,6.874720357941834,6.608264001086354,0.7083784027490765,8.319271398009732,cpu,cuda:0,0,670.38427734375,44
544,1,DDT600_num150.txt,fixed,3139,8,392.375,14.026203155517578,17.31136131286621,8.740569683141075e-06,-5.826666667,-0.439263381,0.13583333790302277,0.020258743315935135,0.1133333370089531,0.1666666716337204,-0.266241178,-0.258851109,0.002451453101821244,0.8615793704986572,0.043397685291711244,0.05383506417274475,0.0003,1037,163,127.42817183910164,17.340196132659912,7.292279481887817,24.633485317230225,1442,0.6338469992624596,0,0,TRUE,pair,414,7.41865929949563,4.98152277727118,48,0,7.582125603864735,7.41865929949563,0.8559603971662,8.628921398660168,cpu,cuda:0,0,670.3847656,44
545,1,DDT600_num150.txt,fixed,2914,8,364.25,27.15119743347168,15.067995071411133,1.2629435332200956e-05,-6.053333333,-0.449675796,0.12166666239500046,0.028819361701607704,0.08666666597127914,0.1666666716337204,-0.455818544,-0.450256368,0.004654150766630967,0.788924515247345,0.020637706038542092,0.030012532447775204,0.0003,1054,146,155.3988868044354,15.100539684295654,3.6512033939361572,18.75174307823181,1381,0.5760084989015013,0,0,TRUE,pair,410,6.241250101476908,5.121825667833251,50,0,7.107317073170732,6.241250101476908,0.6836816990980878,7.799843002576381,cpu,cuda:0,0,410.2509766,45
546,1,DDT600_num150.txt,fixed,3054,8,381.75,23.177305221557617,17.8018798828125,1.1892284419445787e-05,-5.506666667,-0.394821743,0.15583331882953644,0.030900824815034866,0.1133333370089531,0.2199999988079071,-0.069800982,-0.062864248,0.0028766988722894052,0.8375084446026728,0.013863523069840785,0.044532094294062026,0.0003,1013,187,68.28692262061827,17.83207130432129,26.890986680984497,44.723057985305786,1364,0.6234662014758214,0,0,TRUE,pair,425,7.900784098310396,4.841846759286517,40,0,7.185882352941176,7.900784098310396,0.9148362996056676,8.568828401970677,cpu,cuda:0,0,670.38232421875,45
547,1,DDT600_num150.txt,fixed,3048,8,381,27.30842399597168,15.786337852478027,1.448674902349012e-05,-5.746666667,-0.39069098,0.14083333313465118,0.03340617194771767,0.07999999821186066,0.20000000298023224,0.13529744744300842,0.1427762731909752,0.001430170115781948,0.8193911910057068,0.015008747373940423,0.041992188,0.0003,1031,169,83.20835937858027,15.817774295806885,20.81316065788269,36.630934953689575,1388,0.56360409676563,0,0,TRUE,pair,426,6.812013499205932,4.896653545106177,45,0,7.154929577464789,6.812013499205932,0.7151380014838651,7.911764094256796,cpu,cuda:0,0,670.38232421875,46
548,1,DDT600_num150.txt,fixed,2953,8,369.125,24.89195442199707,14.702916145324707,1.3402433069131803e-05,-5.986666667,-0.413638006,0.12583333253860474,0.04006071761250496,0.07999999821186066,0.2199999988079071,-0.112171557,-0.104530428,0.0012723921245196834,0.8277322128415108,0.012596257485711249,0.029545854777097702,0.0003,1049,151,99.29195951541648,14.733986377716064,15.00658893585205,29.740575313568115,1390,0.697644199593924,0,0,TRUE,pair,414,6.093304399983026,5.034879780606904,65,0,7.132850241545894,6.093304399983026,0.6427394011989236,7.6424396018264815,cpu,cuda:0,0,670.3818359,47
549,1,DDT600_num150.txt,fixed,2954,8,369.25,6.533566951751709,16.595958709716797,5.682170467480319e-06,-5.84,-0.396906269,0.13500000536441803,0.03662876784801483,0.09333333373069763,0.2133333384990692,0.1238868311047554,0.13094915449619293,0.0013719620183110237,0.774829626083374,0.09952908009290695,0.005859375,0.0003,1038,162,149.56757997723622,16.62373447418213,3.126534938812256,19.750269412994385,1385,0.7002265984192491,0,0,TRUE,pair,380,7.179591302177869,4.77691266152531,50,0,7.773684210526316,7.179591302177869,0.8730556993978098,8.155978401307948,cpu,cuda:0,0,670.3818359,48
550,1,DDT600_num150.txt,fixed,2966,8,370.75,33.85908126831055,15.796448707580566,1.3533273886423558e-05,-5.826666667,-0.407227525,0.13583332300186157,0.04533057659864426,0.07999999821186066,0.2133333384990692,0.05645609274506569,0.06346294656395912,0.0014103923458606005,0.7712049633264542,0.017922719940543175,0.06947954976931214,0.0003,1037,163,123.30465996210418,15.82266354560852,8.231577396392822,24.054240942001343,1353,0.5819221982965246,0,0,TRUE,pair,429,6.859632001025602,4.851989210656745,45,0,6.913752913752914,6.859632001025602,0.7169293941697106,7.879284602124244,cpu,cuda:0,0,670.3818359,49
551,1,DDT600_num150.txt,fixed,2967,8,370.875,23.256383895874023,16.076417922973633,1.2597889508469962e-05,-5.813333333,-0.427095681,0.1366666555404663,0.035118844360113144,0.06666667014360428,0.19333332777023315,-0.012697306,-0.00653927,0.0013706618337891996,0.6843360066413879,0.013973689667182043,0.03769348713103682,0.0003,1036,164,103.7838403894016,16.104142665863037,12.48412299156189,28.588265657424927,1387,0.6826529012760147,0,0,TRUE,pair,399,6.830086199450307,4.791034715521967,45,0,7.43609022556391,6.830086199450307,0.7989796967012808,8.082655796664767,cpu,cuda:0,0,670.3818359,49
552,1,DDT600_num150.txt,fixed,3049,8,381.125,33.497901916503906,14.729452133178711,1.6057450920925476e-05,-5.76,-0.419659937,0.14000000059604645,0.04358898848295212,0.09333333373069763,0.20666666328907013,-0.153040846,-0.145982065,0.0015616014134138823,0.7839587926864624,0.009582525864243508,0.05380107136443257,0.0003,1032,168,130.086290493137,14.758726835250854,8.679561614990234,23.43828845024109,1379,0.5503954003797844,0,0,TRUE,pair,430,5.965636799111962,4.856018366286621,64,0,7.090697674418605,5.965636799111962,0.6345891981618479,7.808543995837681,cpu,cuda:0,0,670.38232421875,48
553,1,DDT600_num150.txt,fixed,2923,8,365.375,23.237564086914062,16.044477462768555,2.1142768673598766e-05,-5.96,-0.449962137,0.1274999976158142,0.026757657527923584,0.10000000149011612,0.18666666746139526,-0.085274704,-0.079538169,0.0020205755188891835,0.6746820211410522,0.011952374617315152,0.0600973233919252,0.0003,1047,153,72.67476718535616,16.07492470741272,24.145362377166748,40.22028708457947,1347,0.5779032027348876,0,0,TRUE,pair,396,7.0347781997406855,4.814916180781293,40,0,7.3813131313131315,7.0347781997406855,0.7944647925905883,7.8590603035409,cpu,cuda:0,0,670.3798828,48
554,1,DDT600_num150.txt,fixed,3219,8,402.375,21.423919677734375,16.908296585083008,1.1523290595505387e-05,-5.293333333,-0.388296684,0.1691666543483734,0.028074802830815315,0.12666666507720947,0.2133333384990692,-0.021190653,-0.015580773,0.0014178356504999101,0.6318798422813415,0.01227975800720742,0.048341953009366986,0.0003,997,203,76.9216668402344,16.93455410003662,24.91321301460266,41.84776711463928,1394,0.5971133998828009,0,0,TRUE,pair,441,7.2847361993044615,4.434296365553046,36,0,7.299319727891157,7.2847361993044615,0.7975510992109776,8.448758402839303,cpu,cuda:0,0,670.3867188,47
555,1,DDT600_num150.txt,fixed,3066,8,383.25,20.25308609008789,16.278432846069336,1.1987500329269096e-05,-5.626666667,-0.405496855,0.148333340883255,0.021538080647587776,0.11999999731779099,0.18666666746139526,0.17734791338443756,0.1831966588894526,0.0009762439100692669,0.633686900138855,0.012723634640375773,0.0234375,0.0003,1022,178,113.39988559427438,16.305667400360107,10.731396913528442,27.03706431388855,1377,0.5977440971182659,0,0,TRUE,pair,412,6.869247700204141,4.722113500369272,65,0,7.441747572815534,6.869247700204141,0.7411605049856007,8.313487407634966,cpu,cuda:0,0,670.38232421875,50
556,1,DDT600_num150.txt,fixed,3008,8,376,26.38654899597168,16.72772979736328,2.1121248209965415e-05,-5.84,-0.442155615,0.13500000536441803,0.028625940904021263,0.08666666597127914,0.1666666716337204,-0.174498954,-0.168115568,0.0014875705586746336,0.7127174139022827,0.01225000418489799,0.02450305102393031,0.0003,1038,162,112.45151371334995,16.756226778030396,9.993079662322998,26.749306440353394,1384,0.7352717012399808,0,0,TRUE,pair,425,7.401724201743491,4.77194149031284,80,0,7.07764705882353,7.401724201743491,0.7674843015847728,8.189855098491535,cpu,cuda:0,0,670.3818359,49
557,1,DDT600_num150.txt,fixed,3056,8,382,17.35655403137207,16.195865631103516,1.781610626494512e-05,-5.613333333,-0.439098506,0.14916667342185974,0.017931196838617325,0.1133333370089531,0.18000000715255737,0.07490235318740208,0.0813123161594073,0.0010559675574768335,0.6937944293022156,0.019637902771743636,0.03477409792443117,0.0003,1021,179,91.4674382329176,16.228337049484253,17.182459831237793,33.410796880722046,1379,0.6792747983708978,0,0,TRUE,pair,417,6.93741699855309,4.841295813390722,35,0,7.328537170263789,6.93741699855309,0.7539808005094528,8.14281589933671,cpu,cuda:0,0,670.38232421875,50
558,1,DDT600_num150.txt,fixed,2993,8,374.125,25.072084426879883,16.350379943847656,3.891996311722323e-05,-5.813333333,-0.455925517,0.1366666704416275,0.038586121052503586,0.07999999821186066,0.2199999988079071,-0.436704885,-0.431164686,0.0030542748572770506,0.7067345380783081,0.01778943877434358,0.09085657517425716,0.0003,1036,164,136.732146377369,16.442421674728394,5.4470906257629395,21.889512300491333,1387,0.6638873004121706,0,0,TRUE,pair,408,7.105330599704757,4.645172063459173,40,0,7.33578431372549,7.105330599704757,0.782636301824823,8.105863197823055,cpu,cuda:0,0,590.8652344,49
559,1,DDT600_num150.txt,fixed,3138,8,392.25,26.271419525146484,15.828543663024902,1.80726947291987e-05,-5.28,-0.429276255,0.17000000178813934,0.037416573613882065,0.10000000149011612,0.2266666740179062,0.0038179953893025718,0.0097573921084404,0.0013467211586733658,0.6612763603528341,0.011015143400679031,0.05835096041361491,0.0003,996,204,98.54086666617552,15.86508321762085,15.979572772979736,31.844655990600586,1365,0.5687077009351924,0,0,TRUE,pair,427,6.678405800368637,4.624920328610106,35,0,7.3489461358313815,6.678405800368637,0.7089402000419796,8.082751498790458,cpu,cuda:0,0,670.3847656,52
560,1,DDT600_num150.txt,fixed,3135,8,391.875,24.348703384399414,16.052139282226562,1.2157010132796131e-05,-5.44,-0.432356571,0.1599999964237213,0.03800584748387337,0.10000000149011612,0.2133333384990692,-0.036052695,-0.031089443,0.0017678341595456005,0.5847166299819946,0.0164633858948946,0.07688420731574297,0.0003,1008,192,104.99989495333544,16.07790517807007,13.77926754951477,29.85717272758484,1394,0.5900209987303242,0,0,TRUE,pair,423,6.807270098826848,4.614673048153258,40,0,7.411347517730497,6.807270098826848,0.7053527995012701,8.18992899544537,cpu,cuda:0,0,670.38427734375,50
561,1,DDT600_num150.txt,fixed,2950,8,368.75,17.99826431274414,15.244241714477539,1.068370693246834e-05,-5.786666667,-0.474400596,0.13833333551883698,0.019930435344576836,0.1133333370089531,0.1733333319425583,-0.192495648,-0.186681604,0.0023758125766603785,0.7001951987093146,0.011195700097067112,0.04547563999552618,0.0003,1034,166,81.68424436598107,15.274521827697754,20.84015393257141,36.114675760269165,1347,0.5710407011210918,0,0,TRUE,pair,407,6.402843099436723,4.914915255530405,50,0,7.2481572481572485,6.402843099436723,0.7191504979273304,7.776909099658951,cpu,cuda:0,0,670.3818359,51
562,1,DDT600_num150.txt,fixed,3083,8,385.375,18.16547203063965,15.472784042358398,9.482947461947333e-06,-5.586666667,-0.427254698,0.1508333384990692,0.03725847974419594,0.10000000149011612,0.20666666328907013,-0.082161265,-0.076515774,0.001835699035187385,0.6563344044344765,0.015068112523294985,0.059952217021158764,0.0003,1019,181,64.20142020101214,15.499244928359985,32.52149963378906,48.02074456214905,1403,0.5541297005256638,0,0,TRUE,pair,424,6.683461900567636,4.639636716709638,36,0,7.27122641509434,6.683461900567636,0.7011755027342588,7.754106899257749,cpu,cuda:0,0,670.38427734375,52
563,1,DDT600_num150.txt,fixed,3016,8,377,22.371856689453125,15.942846298217773,1.1263859050814062e-05,-5.693333333,-0.449780594,0.14416666328907013,0.025590253993868828,0.11999999731779099,0.20666666328907013,-0.20543628,-0.200199042,0.0025387907633557917,0.6506634056568146,0.013149817567318678,0.0655975017696619,0.0003,1027,173,91.54767320212245,15.969603538513184,16.974980354309082,32.944583892822266,1376,0.5824191009160131,0,0,TRUE,pair,413,6.818785200943239,4.727785145809543,40,0,7.302663438256658,6.818785200943239,0.7387441017199308,8.032857698854059,cpu,cuda:0,0,670.38232421875,51
564,1,DDT600_num150.txt,fixed,2966,8,370.75,31.613882064819336,16.055583953857422,3.43852152582258e-05,-5.68,-0.407850885,0.14500001072883606,0.05008326470851898,0.07999999821186066,0.2133333384990692,-0.08608938,-0.081855507,0.0034975645830854774,0.5982657670974731,0.019834250116088827,0.07289606838354043,0.0003,1026,174,92.09607836846122,16.093581438064575,16.111915826797485,32.20549726486206,1366,0.580599800683558,0,0,TRUE,pair,416,7.187011799309403,4.841537423135458,50,0,7.1298076923076925,7.187011799309403,0.7426211945712566,7.770675800857134,cpu,cuda:0,0,670.3818359,55
565,1,DDT600_num150.txt,fixed,3155,8,394.375,24.803918838500977,17.857091903686523,1.1364340934960637e-05,-5.44,-0.462011688,0.15999998152256012,0.025819888338446617,0.10000000149011612,0.18666666746139526,-0.342730405,-0.33919704,0.0017892297473736107,0.4427976608276462,0.010963145721082887,0.06324968735376994,0.0003,1008,192,142.8116016725659,17.88437557220459,4.207667112350464,22.092042684555054,1384,0.625710801454261,0,0,TRUE,pair,422,7.937371198087931,4.624088745600826,55,0,7.476303317535545,7.937371198087931,0.8467806996777654,8.670844599953853,cpu,cuda:0,0,670.3847656,47
566,1,DDT600_num150.txt,fixed,2983,8,372.875,13.251769065856934,14.35970401763916,6.843900791864144e-06,-6.026666667,-0.519433349,0.12333332747220993,0.025603817775845528,0.07999999821186066,0.14666666090488434,-0.231986769,-0.226454205,0.003599586019005913,0.7332362486765935,0.010701791231090633,0.046190096996724606,0.0003,1052,148,75.02298884298564,14.390042066574097,25.371103763580322,39.76114583015442,1394,0.5472000996815041,0,0,TRUE,pair,398,5.748698201146908,4.85283271937893,65,0,7.494974874371859,5.748698201146908,0.6218871992314234,7.675481397425756,cpu,cuda:0,0,670.3818359,42
567,1,DDT600_num150.txt,fixed,3052,8,381.5,20.994047164916992,17.09294319152832,8.792442713456694e-06,-5.306666667,-0.462534666,0.16833332180976868,0.025980763137340546,0.12666666507720947,0.20000000298023224,-0.210070913,-0.205588748,0.003845739777066878,0.6405038322721209,0.015387730240555746,0.06473680958151817,0.0003,998,202,92.38381847419764,17.120819330215454,15.915269136428833,33.03608846664429,1349,0.595812598709017,0,0,TRUE,pair,411,7.495511399116367,4.7873525562480115,48,0,7.425790754257908,7.495511399116367,0.8560212011216208,8.361044802819379,cpu,cuda:0,0,670.38232421875,40
568,1,DDT600_num150.txt,fixed,3034,8,379.25,15.698328018188477,14.258075714111328,6.031566044839565e-06,-5.733333333,-0.519979274,0.14166666567325592,0.027436796575784683,0.1066666692495346,0.18000000715255737,-0.145360804,-0.140901016,0.004553958476107154,0.6736765636338128,0.011587810909582509,0.049861162487003535,0.0003,1030,170,85.90222967993465,14.286405324935913,21.032817602157593,35.319222927093506,1392,0.5485305974725634,0,0,TRUE,pair,395,5.753200800623745,4.813117992665788,40,0,7.681012658227848,5.753200800623745,0.6087893018266186,7.587119199684821,cpu,cuda:0,0,670.38232421875,39
569,1,DDT600_num150.txt,fixed,2965,8,370.625,26.925533294677734,14.071663856506348,1.1523290595505387e-05,-5.693333333,-0.518157297,0.14416666328907013,0.020258743315935135,0.12666666507720947,0.18666666746139526,-0.111434531,-0.105086316,0.0027921155997319147,0.7744274616241456,0.011029597115702927,0.027922270447015764,0.0003,1027,173,119.78967487171393,14.099018573760986,10.652697324752808,24.751715898513794,1353,0.6156674993690103,0,0,TRUE,pair,424,5.739286299212836,4.910286676300718,55,0,6.992924528301887,5.739286299212836,0.613034101203084,7.416151302983053,cpu,cuda:0,0,670.3818359,39
570,1,DDT600_num150.txt,fixed,3084,8,385.5,26.253570556640625,16.552946090698242,1.1364340934960637e-05,-5.333333333,-0.469241889,0.1666666716337204,0.04163331910967827,0.09333333373069763,0.23333333432674408,-0.120298728,-0.115892049,0.004738595423987135,0.6775977686047554,0.013789356584311463,0.051845096750184894,0.0003,1000,200,84.8634304447804,16.57899308204651,19.761748552322388,36.3407416343689,1364,0.5651114003267139,0,0,TRUE,pair,415,7.283136198995635,4.6682879381297315,40,0,7.4313253012048195,7.283136198995635,0.8210886941524222,8.079605896607973,cpu,cuda:0,0,670.38427734375,41
571,1,DDT600_num150.txt,fixed,3005,8,375.625,22.36033058166504,14.940178871154785,1.1309186447761022e-05,-5.533333333,-0.472465815,0.15416665375232697,0.026549221947789192,0.11999999731779099,0.19333332777023315,-0.073515348,-0.06862965,0.003500923456158489,0.6636165231466293,0.015507941949181259,0.08703515667002648,0.0003,1015,185,118.60955158070192,14.96749496459961,10.367732763290405,25.335227727890015,1376,0.5534851007396355,0,0,TRUE,pair,414,6.3980104005895555,4.847254575548473,52,0,7.258454106280193,6.3980104005895555,0.6716333018848673,7.549355904222466,cpu,cuda:0,0,670.3818359,42
572,1,DDT600_num150.txt,fixed,3141,8,392.625,16.224498748779297,17.818187713623047,9.464947652304545e-06,-5.48,-0.440703276,0.1574999988079071,0.02559025213122368,0.1066666692495346,0.19333332777023315,-0.069659759,-0.064722126,0.0026536675974388013,0.6264469948681918,0.009627837624231523,0.04411144004288045,0.0003,1011,189,80.32445627245582,17.84478521347046,21.25912094116211,39.10390615463257,1401,0.6450729997595772,0,0,TRUE,pair,419,7.892428600229323,4.686723973560546,50,0,7.4964200477326965,7.892428600229323,0.8790376015240327,8.64831109798979,cpu,cuda:0,0,670.3847656,44
573,1,DDT600_num150.txt,fixed,3139,8,392.375,16.544919967651367,17.915142059326172,8.313940270454623e-06,-5.173333333,-0.446690427,0.17666666209697723,0.026034167036414146,0.11999999731779099,0.20666666328907013,-0.01040544,-0.004972104,0.001301183772739023,0.6083931624889374,0.011425742278030762,0.029067819006741047,0.0003,988,212,88.11900777663989,17.94781494140625,17.67446541786194,35.62228035926819,1354,0.5974033009260893,0,0,TRUE,pair,421,7.9725092995213345,4.733673144465383,44,0,7.4560570071258905,7.9725092995213345,0.835948999854736,8.710692999185994,cpu,cuda:0,0,670.3847656,46
574,1,DDT600_num150.txt,fixed,3156,8,394.5,20.724382400512695,17.433612823486328,1.1621530575212091e-05,-5.306666667,-0.435210119,0.16833333671092987,0.03662877157330513,0.11999999731779099,0.2266666740179062,-0.053670643,-0.048056184,0.001254818867892027,0.6241868469450209,0.013648307274302674,0.07050074233363073,0.0003,998,202,90.31084995218457,17.46186113357544,17.484106063842773,34.94596719741821,1388,0.5997374984435737,0,0,TRUE,pair,442,7.50594870140776,4.8608998721241194,36,0,7.14027149321267,7.50594870140776,0.8429293038789183,8.690561301773414,cpu,cuda:0,0,670.3847656,46
575,1,DDT600_num150.txt,fixed,3090,8,386.25,18.932445526123047,17.322418212890625,9.841807695920579e-06,-5.293333333,-0.437303854,0.1691666692495346,0.035580504685640335,0.11999999731779099,0.24666666984558105,0.03128663897514343,0.035164788365364075,0.0021169262006878855,0.49366154670715334,0.015747642191126943,0.05378478020429611,0.0003,997,203,104.5610509856084,17.357118606567383,12.194994449615479,29.55211305618286,1371,0.5646019008709118,0,0,TRUE,pair,428,7.662699501262978,4.691585759977692,50,0,7.219626168224299,7.662699501262978,0.8586162038845941,8.411317995982245,cpu,cuda:0,0,670.38427734375,48
576,1,DDT600_num150.txt,fixed,3172,8,396.5,29.436372756958008,15.04166030883789,1.657652137510013e-05,-5.266666667,-0.42441515,0.17083333432674408,0.04040592536330223,0.1066666692495346,0.23999999463558197,-0.045961918,-0.041183116,0.0018585397192509845,0.5708073936402798,0.011774995422456414,0.04446939961053431,0.0003,995,205,90.03515768853906,15.074870824813843,20.155811071395874,35.23068189620972,1400,0.6426541002001613,0,0,TRUE,pair,429,6.116586601012386,4.841424966144081,70,0,7.393939393939394,6.116586601012386,0.6362240964081138,7.963962005218491,cpu,cuda:0,0,670.3847656,48
577,1,DDT600_num150.txt,fixed,3181,8,397.625,16.431201934814453,15.630252838134766,1.0425191248941701e-05,-5.24,-0.438983319,0.17249999940395355,0.024366987869143486,0.14000000059604645,0.2133333384990692,-0.031445623,-0.026248016,0.0018991139833815396,0.6147165775299073,0.013585985265672207,0.07899482492357493,0.0003,993,207,76.26461970362737,15.662498474121094,26.047537088394165,41.71003556251526,1420,0.5667367995483801,0,0,TRUE,pair,415,6.2125940000405535,4.742848162904396,68,0,7.6650602409638555,6.2125940000405535,0.6683667034376413,8.407993103843182,cpu,cuda:0,0,670.3847656,49
578,1,DDT600_num150.txt,fixed,3137,8,392.125,12.312975883483887,17.128528594970703,6.810596914874623e-06,-5.333333333,-0.435836228,0.1666666567325592,0.023804763332009315,0.11999999731779099,0.20000000298023224,-0.416530207,-0.409819735,0.0013150226247186463,0.7367990414301554,0.0180255493032746,0.059731428821881614,0.0003,1000,200,140.08277898694593,17.15546703338623,5.238434791564941,22.393901824951172,1374,0.6821227011969313,0,0,TRUE,pair,406,7.60227710113395,4.787057697373969,76,0,7.726600985221675,7.60227710113395,0.8056325020734221,8.346790900453925,cpu,cuda:0,0,670.3847656,50
579,1,DDT600_num150.txt,fixed,3038,8,379.75,15.769828796386719,15.593517303466797,9.20925504033221e-06,-5.653333333,-0.463729629,0.14666666090488434,0.01885618083178997,0.1133333370089531,0.1666666716337204,-0.223711537,-0.218743046,0.0016181808818752567,0.5777574876944224,0.016356056494017442,0.0704937847952048,0.0003,1024,176,69.90348091456231,15.622025728225708,27.83789873123169,43.4599244594574,1373,0.5608534024795517,0,0,TRUE,pair,408,6.4829185991548,4.757735351969962,45,0,7.446078431372549,6.4829185991548,0.7312899002572522,8.025574395782314,cpu,cuda:0,0,670.38232421875,50
580,1,DDT600_num150.txt,fixed,3010,8,376.25,17.448137283325195,17.988971710205078,1.0831658073584549e-05,-5.866666667,-0.485859815,0.13333332538604736,0.01972026564180851,0.10000000149011612,0.1599999964237213,-0.234104767,-0.229463905,0.0021001032049146793,0.5690923631191254,0.010974780336255208,0.04495690669864416,0.0003,1040,160,102.10378460575573,18.019927263259888,11.459881067276001,29.47980833053589,1399,0.6604273002594709,0,0,TRUE,pair,409,7.841362799168564,4.863122924538546,45,0,7.359413202933985,7.841362799168564,0.8941824012435973,8.846233100397512,cpu,cuda:0,0,670.38232421875,50
581,1,DDT600_num150.txt,fixed,3011,8,376.375,15.67591667175293,15.36803150177002,9.128661076829303e-06,-5.586666667,-0.477683857,0.15083332359790802,0.0191304013133049,0.1133333370089531,0.1666666716337204,-0.145311996,-0.141468629,0.0030592340044677258,0.5372988432645798,0.016602215822786093,0.05211182916536927,0.0003,1019,181,119.549176355399,15.394924640655518,9.79136347770691,25.186288118362427,1385,0.5776867009699345,0,0,TRUE,pair,408,6.477018900681287,4.920292262261352,95,0,7.379901960784314,6.477018900681287,0.6725197999039665,7.888376603019424,cpu,cuda:0,0,670.38232421875,51
582,1,DDT600_num150.txt,fixed,3023,8,377.875,24.649734497070312,15.489524841308594,1.4743447536602616e-05,-5.533333333,-0.482165533,0.15416665375232697,0.03008090890944004,0.10000000149011612,0.19333332777023315,0.08120536680022876,0.08483585466941197,0.0023785272302726903,0.4819752772649129,0.011162649684896072,0.016927083333333332,0.0003,1015,185,132.18404115244383,15.522394895553589,7.34723424911499,22.86962914466858,1375,0.6831589012872428,0,0,TRUE,pair,417,6.65286519844085,4.9715514386524395,60,0,7.249400479616307,6.65286519844085,0.6961553000146523,7.804460298386402,cpu,cuda:0,0,670.38232421875,51
583,1,DDT600_num150.txt,fixed,3034,8,379.25,23.247312545776367,16.207565307617188,4.748781066155061e-05,-5.68,-0.502751373,0.14499999582767487,0.024664413183927536,0.1066666692495346,0.18666666746139526,-0.050579142,-0.045931121,0.0022085499755727747,0.5752295901377996,0.011150965680523464,0.02225530636496842,0.0003,1026,174,96.07104918524122,16.237624406814575,15.343169450759888,31.580793857574463,1388,0.580252998159267,0,0,TRUE,pair,409,7.1652798996074125,4.7445616345697905,80,0,7.418092909535452,7.1652798996074125,0.7527466000756249,7.937889202614315,cpu,cuda:0,0,670.38232421875,52
584,1,DDT600_num150.txt,fixed,3005,8,375.625,26.631454467773438,16.86994171142578,1.0468720574863255e-05,-5.613333333,-0.515797514,0.14916667342185974,0.028074802830815315,0.08666666597127914,0.18000000715255737,0.10324990376830101,0.10802089050412178,0.00151273790106643,0.552735336124897,0.016357969492673874,0.022619470371864736,0.0003,1021,179,109.52374622154139,16.903533458709717,10.533438920974731,27.43697237968445,1355,0.6801688002888113,0,0,TRUE,pair,406,7.65791760024149,4.8562395997928105,51,0,7.401477832512315,7.65791760024149,0.8176726994570345,8.024930799379945,cpu,cuda:0,0,670.3818359,52
585,1,DDT600_num150.txt,fixed,3061,8,382.625,15.507558822631836,22.60814666748047,1.4209427718014922e-05,-5.546666667,-0.500564351,0.15333333611488342,0.023333335295319557,0.11999999731779099,0.18666666746139526,-0.012604129,-0.005070528,0.0030049870256334543,0.9036094784736634,0.01335571464151144,0.11203910633921624,0.0003,1016,184,88.13768832619657,22.647287130355835,12.082464218139648,34.72975134849548,1370,0.8943758974783123,0,0,TRUE,pair,407,7.840703700319864,4.895459002429697,42,0,7.520884520884521,7.840703700319864,0.9629840004490688,13.313371102674864,cpu,cuda:0,0,670.38232421875,53
586,1,DDT600_num150.txt,fixed,3099,8,387.375,21.834247589111328,16.586559295654297,1.1483759408292826e-05,-5.466666667,-0.476630863,0.15833333134651184,0.033291641622781754,0.07999999821186066,0.18666666746139526,-0.103789873,-0.098869332,0.002742083956642697,0.6291581789652506,0.013638766521277526,0.040808459278196096,0.0003,1010,190,74.43713738830985,16.61547064781189,25.016973972320557,41.632444620132446,1393,0.608357104472816,0,0,TRUE,pair,423,7.159121500677429,4.783801223817045,55,0,7.326241134751773,7.159121500677429,0.774824499618262,8.279174004797824,cpu,cuda:0,0,670.38427734375,46
587,1,DDT600_num150.txt,fixed,3157,8,394.625,35.241798400878906,17.705690383911133,1.8356682630837895e-05,-5.466666667,-0.47196993,0.15833333134651184,0.04493822902441025,0.07999999821186066,0.2133333384990692,-0.03230735,-0.027281746,0.0019877240660467316,0.6019459409373147,0.012208095169626176,0.03933567999462996,0.0003,1010,190,89.65035169303691,17.73660969734192,17.477976083755493,35.21458578109741,1406,0.6136149019002914,0,0,TRUE,pair,439,7.83992430055514,4.745961354509124,70,0,7.191343963553531,7.83992430055514,0.8484133045421913,8.626864597084932,cpu,cuda:0,0,670.3847656,43
588,1,DDT600_num150.txt,fixed,3021,8,377.625,19.16988182067871,15.688982009887695,9.678737114882097e-06,-5.546666667,-0.467265506,0.15333333611488342,0.01490712258964777,0.13333334028720856,0.18000000715255737,-0.005107503,0.00025997931758562726,0.0016304771997965872,0.6182722250620524,0.016433534387033433,0.047559925665458046,0.0003,1016,184,105.69505399568251,15.720659494400024,12.861567258834839,28.582226753234863,1368,0.5894799004308879,0,0,TRUE,pair,423,6.758996400167234,4.998344919848071,50,0,7.141843971631205,6.758996400167234,0.6803198017878458,7.906924301292747,cpu,cuda:0,0,670.38232421875,40
589,1,DDT600_num150.txt,fixed,3104,8,388,28.965496063232422,17.152542114257812,1.5318277291953564e-05,-5.44,-0.461576483,0.1599999964237213,0.03299831598997116,0.10000000149011612,0.20666666328907013,-0.101579897,-0.096880236,0.00181316079882284,0.5606242815653483,0.016205083986278623,0.05364267543579141,0.0003,1008,192,108.4911717130556,17.19637703895569,11.414245843887329,28.610622882843018,1376,0.6506252996623516,0,0,TRUE,pair,418,7.179732701042667,4.896585052391303,55,0,7.425837320574162,7.179732701042667,0.7821992022218183,8.800588199868798,cpu,cuda:0,0,670.38427734375,39
590,1,DDT600_num150.txt,fixed,3140,8,392.5,18.439088821411133,16.203296661376953,1.0704967280616984e-05,-5.546666667,-0.485565667,0.15333333611488342,0.028480011969804764,0.1133333370089531,0.19333332777023315,-0.215930016,-0.21045772,0.0018085334915667773,0.6376567840576172,0.015742081333883107,0.05416444651782513,0.0003,1016,184,120.03274559602593,16.230892181396484,9.928636074066162,26.159528255462646,1393,0.7057152999332175,0,0,TRUE,pair,422,6.781953600584529,4.775159234909495,45,0,7.440758293838862,6.781953600584529,0.7361894957721233,8.323120597284287,cpu,cuda:0,0,670.3847656,38
591,1,DDT600_num150.txt,fixed,3014,8,376.75,15.48991584777832,16.69978904724121,7.804412598488852e-05,-5.653333333,-0.489279046,0.14666666090488434,0.021343747153878212,0.11999999731779099,0.1733333319425583,-0.115500669,-0.110949804,0.0018147407875706751,0.545822948217392,0.008219859727735942,0.03365671945114931,0.0003,1024,176,97.59542305685214,16.730997800827026,14.15159797668457,30.882595777511597,1347,0.6159849993418902,0,0,TRUE,pair,399,7.296548899030313,4.921035168656625,65,0,7.553884711779449,7.296548899030313,0.7413842004025355,8.299552502809092,cpu,cuda:0,0,670.38232421875,38
592,1,DDT600_num150.txt,fixed,3144,8,393,26.90724754333496,16.56043243408203,1.2579827853187453e-05,-5.413333333,-0.448786694,0.1616666615009308,0.028625940904021263,0.11999999731779099,0.20666666328907013,-0.15013646,-0.143913758,0.002377831423655152,0.7411615252494812,0.012905035639414563,0.041551065351814034,0.0003,1006,194,117.8554477440904,16.590505361557007,10.086241960525513,26.67674732208252,1390,0.6154887994052842,0,0,TRUE,pair,426,7.021765099721961,4.743002541875112,45,0,7.380281690140845,7.021765099721961,0.7161176024237648,8.46540800074581,cpu,cuda:0,0,670.3847656,38
593,1,DDT600_num150.txt,fixed,3103,8,387.875,24.791316986083984,17.605945587158203,8.996945325634442e-06,-5.333333333,-0.441531681,0.1666666567325592,0.031797975301742554,0.1066666692495346,0.2133333384990692,-0.039855639,-0.034513464,0.0017867652932181954,0.6235561370849609,0.018977515671091776,0.043619791666666664,0.0003,1000,200,116.84559463185543,17.63319730758667,8.923216819763184,26.556414127349854,1368,0.6553869033232331,0,0,TRUE,pair,428,7.270248098648153,4.795681597761596,40,0,7.25,7.270248098648153,0.7124455006560311,9.24821429734584,cpu,cuda:0,0,670.38427734375,41
594,1,DDT600_num150.txt,fixed,3159,8,394.875,27.62895965576172,57.89432907104492,6.410224159481004e-05,-5.093333333,-0.407956901,0.18166667222976685,0.038405727595090866,0.11999999731779099,0.23999999463558197,0.03347501915413886,0.03820814425125718,0.0017392775043845177,0.560276448726654,0.02028404310112819,0.028717071400023997,0.0003,982,218,44.830050098262475,57.95985150337219,12.506275415420532,70.46612691879272,1367,1.1997083028545603,0,0,TRUE,pair,429,18.951063799555413,4.614434946485243,55,0,7.363636363636363,18.951063799555413,2.6396974965464324,35.00890320446342,cpu,cuda:0,0,670.3847656,42
595,1,DDT600_num150.txt,fixed,3116,8,389.5,18.06239128112793,16.788330078125,7.950464350869879e-06,-5.253333333,-0.393543075,0.17166666686534882,0.03678013011813164,0.12666666507720947,0.2199999988079071,-0.028729722,-0.023725198,0.001476832665503025,0.5742942343155543,0.014997125380129242,0.03448945198518535,0.0003,994,206,96.29235557118761,16.82178497314453,15.53800082206726,32.35978579521179,1336,0.6100289975292981,0,0,TRUE,pair,418,7.271097501274198,4.768292684686658,45,0,7.454545454545454,7.271097501274198,0.7640862975968048,8.37379679956939,cpu,cuda:0,0,670.38427734375,43
596,1,DDT600_num150.txt,fixed,3107,8,388.375,22.141237258911133,15.56803035736084,1.1562686268007383e-05,-5.533333333,-0.401639193,0.15416665375232697,0.021969042718410492,0.11999999731779099,0.18666666746139526,-0.025901102,-0.020259947,0.0008941072301240638,0.6088208481669426,0.018019960072706454,0.051861157175153494,0.0003,1015,185,127.14910904267502,15.699074745178223,8.736802339553833,24.435877084732056,1391,0.5798907995922491,0,0,TRUE,pair,428,6.45469050121028,4.574187318573514,40,0,7.259345794392523,6.45469050121028,0.7168485989095643,8.050410400843248,cpu,cuda:0,0,670.38427734375,44
597,1,DDT600_num150.txt,fixed,3299,8,412.375,16.04631996154785,17.134918212890625,9.295267773268279e-06,-4.813333333,-0.362737705,0.1991666704416275,0.029895653948187828,0.14666666090488434,0.24666666984558105,0.017977525053235393,0.023575550876557827,0.00102518036874244,0.6110616301496824,0.0082489013899855,0.0462221868801862,0.0003,961,239,48.70198041229922,17.16470694541931,50.573811531066895,67.7385184764862,1375,0.5940535959089175,0,0,TRUE,pair,437,7.215687699033879,4.515307666677964,44,0,7.549199084668192,7.215687699033879,0.8061693019699305,8.724543297081254,cpu,cuda:0,0,670.38720703125,48
598,1,DDT600_num150.txt,fixed,2960,8,370,24.103940963745117,15.937614440917969,1.0176871001021937e-05,-5.8,-0.442037243,0.13750000298023224,0.0310800950974226,0.05999999865889549,0.1666666716337204,-0.255915653,-0.251100106,0.0024417096910138545,0.6036412968085363,0.012401058732603606,0.05552361893037764,0.0003,1035,165,70.04899684534243,15.968473672866821,26.287663221359253,42.256136894226074,1356,0.5782413004199043,0,0,TRUE,pair,399,6.836823401041329,4.771283786522376,40,0,7.4185463659147866,6.836823401041329,0.775606299052015,7.965941401896998,cpu,cuda:0,0,670.3818359,49
599,1,DDT600_num150.txt,fixed,3205,8,400.625,18.661039352416992,15.920156478881836,1.1911388355656527e-05,-5.146666667,-0.344872382,0.1783333420753479,0.023979157209396362,0.14000000059604645,0.2133333384990692,0.029039825361810233,0.03438112438705407,0.0012859857065211002,0.5984290101026234,0.011515249194895947,0.0491380784170408,0.0003,986,214,51.60849366115824,15.947508573532104,46.154672145843506,62.10218071937561,1365,0.6807937984121963,0,0,TRUE,pair,425,6.660733399912715,4.644305771115046,35,0,7.541176470588235,6.660733399912715,0.7216024022782221,8.18554310244508,cpu,cuda:0,0,670.3867188,49
600,1,DDT600_num150.txt,fixed,3031,8,378.875,26.32697105407715,14.893807411193848,9.916608178173192e-06,-5.44,-0.362957179,0.1599999964237213,0.038586121052503586,0.06666667014360428,0.20000000298023224,0.08294783160090446,0.08725164644420147,0.0013709749619010836,0.4989303722977638,0.01599311362951994,0.01779777742922306,0.0003,1008,192,120.02448900987677,14.921364545822144,10.331815242767334,25.253179788589478,1337,0.5426720024552196,0,0,TRUE,pair,402,6.170606199419126,4.887825803527027,45,0,7.539800995024875,6.170606199419126,0.642677393858321,7.765516899875365,cpu,cuda:0,0,670.38232421875,51
601,1,DDT600_num150.txt,fixed,3128,8,391,35.675621032714844,15.462667465209961,1.6208956367336214e-05,-5.253333333,-0.35068283,0.17166668176651,0.04918785020709038,0.08666666597127914,0.23999999463558197,-0.050308837,-0.044623324,0.0015282315318472684,0.6449629902839661,0.010097308456897736,0.03733710534870625,0.0003,994,206,79.99353085514029,15.49117636680603,23.611985683441162,39.10316205024719,1352,0.5658327008131891,0,0,TRUE,pair,431,6.4985254999483,4.56809463106153,40,0,7.25754060324826,6.4985254999483,0.6622437000041828,7.970770101412199,cpu,cuda:0,0,670.38427734375,51
602,1,DDT600_num150.txt,fixed,3033,8,379.125,26.872093200683594,15.607742309570312,1.4092937817622442e-05,-5.573333333,-0.378219622,0.15166667103767395,0.031224988400936127,0.1066666692495346,0.20666666328907013,-0.110455385,-0.104392191,0.0010988920306166012,0.6612635602553686,0.010725625092163682,0.11348601554830869,0.0003,1018,182,117.92960374354149,15.638536214828491,10.080196857452393,25.718733072280884,1379,0.6666241002967581,0,0,TRUE,pair,437,6.511986000346951,4.85459940652819,45,0,6.940503432494279,6.511986000346951,0.7205887957243249,8.025009800447151,cpu,cuda:0,0,670.38232421875,51
603,1,DDT600_num150.txt,fixed,3151,8,393.875,22.24543571472168,15.02635383605957,1.1483759408292826e-05,-5.386666667,-0.35758669,0.16333332657814026,0.03036811202764511,0.09333333373069763,0.19333332777023315,-0.032317228,-0.025381924,0.0010134809726878302,0.7442042902112007,0.014399236490135081,0.0420675752684474,0.0003,1004,196,96.30287165521676,15.053294897079468,17.666393995285034,32.7196888923645,1370,0.5375503995455801,0,0,TRUE,pair,425,6.0539503012550995,4.676610599885248,52,0,7.4141176470588235,6.0539503012550995,0.6439561013830826,8.00377310323529,cpu,cuda:0,0,670.3847656,52
604,1,DDT600_num150.txt,fixed,2988,8,373.5,27.422618865966797,15.167591094970703,1.4141256542643532e-05,-5.546666667,-0.38798885,0.15333332121372223,0.03399346396327019,0.11999999731779099,0.23333333432674408,-0.088482518,-0.084067085,0.0021594446152448654,0.5495144767420632,0.01707068822413151,0.05845797673932144,0.0003,1016,184,99.49107141928611,15.200055360794067,14.83279037475586,30.032845735549927,1363,0.6948344013653696,0,0,TRUE,pair,420,6.4322116007097065,4.914658633899816,60,0,7.114285714285714,6.4322116007097065,0.6439177992288023,7.765038002748042,cpu,cuda:0,0,670.3818359,51
605,1,DDT600_num150.txt,fixed,3135,8,391.875,16.52602195739746,16.988550186157227,9.022181984619237e-06,-5.333333333,-0.373659543,0.1666666567325592,0.04000000283122063,0.07999999821186066,0.2133333384990692,-0.049384509,-0.043379987,0.0015428404569522375,0.6775941120253669,0.011885747307840373,0.04455173139770826,0.0003,1000,200,90.97980405243261,17.01508331298828,17.443113565444946,34.45819687843323,1367,0.5883699988480657,0,0,TRUE,pair,407,7.452293498907238,4.846570973419117,48,0,7.702702702702703,7.452293498907238,0.7895664017414674,8.382914801477455,cpu,cuda:0,0,670.38427734375,52
606,1,DDT600_num150.txt,fixed,3027,8,378.375,20.844287872314453,16.334054946899414,2.073007999570109e-05,-5.666666667,-0.372111663,0.1458333283662796,0.02989565208554268,0.1133333370089531,0.2133333384990692,0.0805771142244339,0.0857546478509903,0.0020548919215798377,0.6204974532127381,0.02614308043848723,0.026711495034396647,0.0003,1025,175,111.01792972311594,16.36754822731018,10.898317813873291,27.26586604118347,1354,0.5532574027311057,0,0,TRUE,pair,413,7.12081009906251,4.87281136454471,40,0,7.329297820823244,7.12081009906251,0.8228265958605334,8.02343730290886,cpu,cuda:0,0,670.38232421875,49
607,1,DDT600_num150.txt,fixed,2961,8,370.125,24.46138572692871,14.212416648864746,1.2273347238078713e-05,-6.013333333,-0.386218366,0.12416666746139526,0.021842235699295998,0.08666666597127914,0.15333333611488342,-0.120456536,-0.114605525,0.0016483421745111368,0.6675182219062533,0.011709555405624477,0.06953973269888333,0.0003,1051,149,74.29301245549651,14.239466667175293,25.616233110427856,39.85569977760315,1363,0.5350336019182578,0,0,TRUE,pair,412,5.689703399548307,4.848362036308538,55,0,7.186893203883495,5.689703399548307,0.6128640025854111,7.603256100905128,cpu,cuda:0,0,670.3818359,43
608,1,DDT600_num150.txt,fixed,3095,8,386.875,17.821598052978516,16.85405731201172,1.007018636300927e-05,-5.32,-0.31958263,0.16749998927116394,0.023199018090963364,0.13333334028720856,0.2133333384990692,0.039380246152480446,0.04490758292376995,0.001683156316479047,0.6368914147218069,0.015365408461851379,0.03665951173752546,0.0003,999,201,95.05151731452202,16.888970136642456,15.672319650650024,32.56128978729248,1366,0.5947471967665479,0,0,TRUE,pair,428,7.290072499890812,4.878836831907848,60,0,7.231308411214953,7.290072499890812,0.7797378993127495,8.413709701388143,cpu,cuda:0,0,670.38427734375,40
609,1,DDT600_num150.txt,fixed,3131,8,391.375,25.059616088867188,16.239879608154297,1.4257351722335443e-05,-5.373333333,-0.336238077,0.164166659116745,0.018837757408618927,0.12666666507720947,0.18666666746139526,-0.03677003,-0.02918606,0.0015962740095953147,0.8382107416788737,0.02159000017369787,0.10934136528521776,0.0003,1003,197,141.39755535045418,16.27046513557434,5.872774839401245,22.143239974975586,1400,0.6157440976239741,0,0,TRUE,pair,422,6.813288299483247,5.116576173441816,45,0,7.419431279620853,6.813288299483247,0.7480433017481118,8.318673199275509,cpu,cuda:0,0,670.38427734375,42
610,1,DDT600_num150.txt,fixed,3045,8,380.625,26.44776725769043,14.875167846679688,1.2785994840669446e-05,-5.626666667,-0.358462147,0.1483333259820938,0.031578827649354935,0.10000000149011612,0.18666666746139526,-0.088337501,-0.081680412,0.001430071211264779,0.7372123897075653,0.011856665820232593,0.05482185763927797,0.0003,1022,178,73.66162657677015,14.905971050262451,26.4316987991333,41.33766984939575,1376,0.654664201894775,0,0,TRUE,pair,419,6.165423901518807,4.903448276096964,65,0,7.2673031026252985,6.165423901518807,0.6409238988999277,7.746400899835862,cpu,cuda:0,0,670.38232421875,40
611,1,DDT600_num150.txt,fixed,3098,8,387.25,22.840478897094727,15.319741249084473,9.910873814078514e-06,-5.68,-0.391189452,0.14499999582767487,0.036930862814188004,0.08666666597127914,0.19333332777023315,0.088254314661026,0.09359672963619232,0.0013257522718049587,0.600528883934021,0.009182530478574336,0.03708384782075882,0.0003,1026,174,121.07026900914339,15.354538440704346,10.233907222747803,25.58844566345215,1379,0.5631707991706207,0,0,TRUE,pair,435,6.373817399493419,4.867333762718062,55,0,7.12183908045977,6.373817399493419,0.6876148020382971,7.919473600806668,cpu,cuda:0,0,670.38427734375,39
612,1,DDT600_num150.txt,fixed,3055,8,381.875,29.561113357543945,16.264652252197266,1.5900928701739758e-05,-5.44,-0.382216893,0.1599999964237213,0.03382963687181473,0.1066666692495346,0.20666666328907013,-0.017860071,-0.011921477,0.0012393744053462376,0.6558279349253728,0.014501562270407494,0.06241499396184316,0.0003,1008,192,62.24763285081746,16.297013998031616,32.78115749359131,49.078171491622925,1365,0.5911067008273676,0,0,TRUE,pair,430,6.811909901443869,4.986579376273772,60,0,7.104651162790698,6.811909901443869,0.8106001999694854,8.261906396015547,cpu,cuda:0,0,670.38232421875,41
613,1,DDT600_num150.txt,fixed,3101,8,387.625,22.112991333007812,15.444114685058594,8.529922524758149e-06,-5.6,-0.410428257,0.14999999105930328,0.032317865639925,0.1133333370089531,0.2199999988079071,-0.356072932,-0.349578356,0.0016122045150647561,0.7300672729810079,0.027777860348578542,0.07045967690646648,0.0003,1020,180,165.56394382499278,15.472406387329102,3.257517099380493,18.729923486709595,1385,0.5496378998504952,0,0,TRUE,pair,422,6.327816700330004,4.799742020241332,70,0,7.348341232227488,6.327816700330004,0.6706571013201028,8.11063399980776,cpu,cuda:0,0,385.1162109,41
614,1,DDT600_num150.txt,fixed,2949,8,368.625,17.065589904785156,16.605093002319336,1.2794883332389873e-05,-5.64,-0.414482685,0.14749999344348907,0.013514394871890545,0.12666666507720947,0.1666666716337204,-0.494266137,-0.487400368,0.001938442379469052,0.78349868953228,0.012066815645084716,0.04738233890384436,0.0003,1023,177,129.48699048583302,16.633774042129517,6.140714645385742,22.77448868751526,1335,0.5959015007829294,0,0,TRUE,pair,386,7.126636200002395,5.045439128432689,56,0,7.639896373056994,7.126636200002395,0.7849990968825296,8.331622002879158,cpu,cuda:0,0,670.3818359,44
615,1,DDT600_num150.txt,fixed,3095,8,386.875,24.836654663085938,15.576987266540527,1.170924133475637e-05,-5.88,-0.41492155,0.13249999284744263,0.03642915561795235,0.07999999821186066,0.18666666746139526,-0.062761412,-0.05710403,0.002229640459907906,0.6772198336465018,0.17359979004582524,0.05637083734784808,0.0003,1041,159,96.35342778455677,15.606431484222412,16.514895915985107,32.12132740020752,1379,0.5564897008007392,0,0,TRUE,pair,421,6.507126300013624,4.878190630972867,55,0,7.351543942992874,6.507126300013624,0.7128256023861468,8.009246996836737,cpu,cuda:0,0,670.38427734375,44
616,1,DDT600_num150.txt,fixed,3140,8,392.5,24.077999114990234,15.051981925964355,1.3313067938724998e-05,-5.4,-0.407182468,0.16249999403953552,0.03558050096035004,0.09333333373069763,0.20666666328907013,-0.15867764,-0.152193477,0.0018456586403772235,0.7406990442957196,0.014712118909561209,0.06665972088064466,0.0003,1005,195,97.34865130973635,15.079072713851929,17.176125049591064,32.25519776344299,1405,0.5668455025879666,0,0,TRUE,pair,419,6.0597265001852065,4.8442675148605545,65,0,7.494033412887828,6.0597265001852065,0.6493749000364915,8.01253849756904,cpu,cuda:0,0,670.3847656,45
617,1,DDT600_num150.txt,fixed,3079,8,384.875,24.947132110595703,15.606725692749023,3.2120213290909305e-05,-5.706666667,-0.422765245,0.1433333307504654,0.029439203441143036,0.10000000149011612,0.18666666746139526,-0.223981935,-0.217155759,0.0023579306646504187,0.8005150014703925,0.015017718727573414,0.03654941256073388,0.0003,1028,172,77.5056367552432,15.64587926864624,24.08026361465454,39.72614288330078,1396,0.6775074012111872,0,0,TRUE,pair,423,6.348441399168223,5.003572590051436,55,0,7.278959810874705,6.348441399168223,0.7036513013299555,8.205369295901619,cpu,cuda:0,0,670.38427734375,46
618,1,DDT600_num150.txt,fixed,3133,8,391.625,25.198896408081055,15.450638771057129,1.4221423043636605e-05,-5.64,-0.407873498,0.14749999344348907,0.026339134201407433,0.10000000149011612,0.18666666746139526,0.03963866233825684,0.046491847932338716,0.0016881494550034404,0.7697255849838257,0.01687331802677363,0.06480003371834755,0.0003,1023,177,115.93195872861597,15.479135036468506,11.545337200164795,27.0244722366333,1419,0.6671141987899318,0,0,TRUE,pair,429,6.3010287979850546,5.13692945814574,54,0,7.303030303030303,6.3010287979850546,0.6866292021004483,8.123541402979754,cpu,cuda:0,0,670.38427734375,46
619,1,DDT600_num150.txt,fixed,3111,8,388.875,18.691158294677734,16.961633682250977,1.2470909496187232e-05,-5.453333333,-0.400078173,0.15916666388511658,0.016478098928928375,0.14000000059604645,0.19333332777023315,0.03502838810284933,0.04192426800727844,0.0010047839799275,0.7398281494776408,0.024223330159050722,0.0635182959958911,0.0003,1009,191,124.31053554502301,16.99308204650879,8.032954454421997,25.026036500930786,1392,0.6207784988218918,0,0,TRUE,pair,419,7.305898599792272,4.935390550888685,45,0,7.424821002386635,7.305898599792272,0.8194802025100216,8.449240100570023,cpu,cuda:0,0,670.38427734375,47
620,1,DDT600_num150.txt,fixed,2967,8,370.875,19.088199615478516,14.430757522583008,9.3196968009579e-06,-5.906666667,-0.446789967,0.13083332777023315,0.03414633497595787,0.10000000149011612,0.20666666328907013,-0.146194219,-0.140276365,0.002834120162085376,0.7334917241876776,0.016359431388660927,0.08983886762606827,0.0003,1043,157,74.79539927484555,14.460984945297241,25.20723032951355,39.66821527481079,1340,0.5447787005687132,0,0,TRUE,pair,411,5.855413199868053,4.9524772477383,45,0,7.218978102189781,5.855413199868053,0.625497902976349,7.637001501978375,cpu,cuda:0,0,670.3818359,49
621,1,DDT600_num150.txt,fixed,3116,8,389.5,20.340845108032227,15.187718391418457,1.1621530575212091e-05,-5.653333333,-0.425822197,0.14666666090488434,0.026666663587093353,0.1066666692495346,0.19333332777023315,-0.619249716,-0.612802848,0.004209507838822901,0.855163037776947,0.021494813001481816,0.07953468116465956,0.0003,1024,176,174.29631727358495,15.214447021484375,2.663153886795044,17.87760090827942,1405,0.5692294999025762,0,0,TRUE,pair,420,6.071730099618435,4.832156611957966,40,0,7.419047619047619,6.071730099618435,0.6652827016077936,8.114998101140372,cpu,cuda:0,0,559.6865234,47
622,1,DDT600_num150.txt,fixed,2966,8,370.75,20.370014190673828,16.451887130737305,1.1543005712155718e-05,-5.693333333,-0.428844724,0.14416666328907013,0.024252718314528465,0.1133333370089531,0.18666666746139526,-0.252012784,-0.244333764,0.0026399158717443547,0.8998989264170328,0.023375414214873064,0.058674568931261696,0.0003,1027,173,128.96264976819222,16.48998713493347,6.508919954299927,22.9989070892334,1312,0.6746873987140134,0,0,TRUE,pair,409,7.281619800138287,5.256237356146686,55,0,7.251833740831296,7.281619800138287,0.7786126025021076,8.027903100824915,cpu,cuda:0,0,670.3818359,49
623,1,DDT600_num150.txt,fixed,3118,8,389.75,17.260866165161133,14.555956840515137,9.962359399651177e-06,-5.706666667,-0.412936832,0.1433333307504654,0.03036811389029026,0.07333333045244217,0.18000000715255737,-0.002510184,0.0039155855774879456,0.0033025226090103387,0.807703149318695,0.017337582353502513,0.039098330587148664,0.0003,1028,172,120.87252986271068,14.583638668060303,11.21213150024414,25.795770168304443,1377,0.6430727024562657,0,0,TRUE,pair,418,5.82836969953496,4.975304682335844,45,0,7.45933014354067,5.82836969953496,0.6142519031418487,7.798743701307103,cpu,cuda:0,0,670.38427734375,49
624,1,DDT600_num150.txt,fixed,3023,8,377.875,27.948333740234375,16.27715301513672,1.4972990356909577e-05,-5.746666667,-0.417769857,0.14083333313465118,0.02989565208554268,0.07999999821186066,0.18666666746139526,0.13736045658588408,0.14395896792411805,0.0033884542994201184,0.8292747139930725,0.01610978173557669,0.0886944042518735,0.0003,1031,169,100.74315042643289,16.308004140853882,13.69899868965149,30.00700283050537,1372,0.6735366981010884,0,0,TRUE,pair,425,6.9742968019563705,5.09163083187839,55,0,7.1129411764705885,6.9742968019563705,0.7442965003428981,8.194392601959407,cpu,cuda:0,0,670.38232421875,50
625,1,DDT600_num150.txt,fixed,3098,8,387.25,19.46631622314453,16.16779136657715,1.1968517355853692e-05,-5.52,-0.422796314,0.1549999862909317,0.028625939041376114,0.11999999731779099,0.2199999988079071,-0.544296563,-0.537244953,0.005157347652129829,0.9630304574966431,0.01693514926591888,0.04359266301617026,0.0003,1014,186,171.00022249584754,16.196329355239868,1.9206061363220215,18.11693549156189,1385,0.5844803010113537,0,0,TRUE,pair,414,6.8219656004803255,5.044544866579129,80,0,7.483091787439614,6.8219656004803255,0.7598054992267862,8.220527299912646,cpu,cuda:0,0,383.1083984,48
626,1,DDT600_num150.txt,fixed,3027,8,378.375,19.195947647094727,15.401798248291016,1.0425191248941701e-05,-5.533333333,-0.42347506,0.15416665375232697,0.029521647840738297,0.10000000149011612,0.19333332777023315,0.001604733367760976,0.009616782267888388,0.002723344562885662,0.9373723467191061,0.018205890237974625,0.0618305162837108,0.0003,1015,185,106.0327764641371,15.430840969085693,13.11693549156189,28.547776460647583,1343,0.6288364011561498,0,0,TRUE,pair,399,6.497936999890953,5.354146019082122,55,0,7.586466165413534,6.497936999890953,0.7520722948247567,7.810251097078435,cpu,cuda:0,0,670.38232421875,48
627,1,DDT600_num150.txt,fixed,3083,8,385.375,21.312774658203125,16.644062042236328,9.678737114882097e-06,-5.76,-0.431626401,0.14000000059604645,0.0334995836019516,0.10000000149011612,0.20666666328907013,-0.109941412,-0.102283355,0.002713695443658666,0.9014895449985157,0.014958125618498096,0.06287827346981927,0.0003,1032,168,77.97110309601503,16.66975712776184,22.870532512664795,39.540289640426636,1407,0.7051437996560708,0,0,TRUE,pair,430,7.216377600445412,5.177424588297777,45,0,7.169767441860465,7.216377600445412,0.7849538982845843,8.273516200250015,cpu,cuda:0,0,670.38427734375,49
628,1,DDT600_num150.txt,fixed,3127,8,390.875,17.18602180480957,14.8329496383667,9.97376446321141e-06,-5.533333333,-0.422449131,0.15416666865348816,0.03762940689921379,0.09333333373069763,0.2133333384990692,0.1683395504951477,0.17579437792301178,0.0025527728721499443,0.8731215596199036,0.02861851640045643,0.040039063,0.0003,1015,185,150.19430948176094,14.860087871551514,5.959609031677246,20.81969690322876,1394,0.5490528021473438,0,0,TRUE,pair,429,5.930257999687456,5.088903101328504,55,0,7.2890442890442895,5.930257999687456,0.6317167949164286,7.949100296245888,cpu,cuda:0,0,670.38427734375,50
629,1,DDT600_num150.txt,fixed,3090,8,386.25,21.775846481323242,17.542848587036133,1.328314647253137e-05,-5.693333333,-0.438340571,0.14416667819023132,0.02961559407413006,0.1066666692495346,0.20000000298023224,-0.156829268,-0.148734778,0.0028520366565013924,0.9520517190297445,0.08447268162854016,0.06773050005237262,0.0003,1027,173,134.76508113086214,17.57192373275757,5.3568644523620605,22.92878818511963,1381,0.6277719977078959,0,0,TRUE,pair,418,7.716389199136756,5.384466019957583,60,0,7.392344497607655,7.716389199136756,0.8786399001255631,8.547386401332915,cpu,cuda:0,0,655.7197266,49
630,1,DDT600_num150.txt,fixed,3128,8,391,28.469282150268555,15.54984188079834,1.4781951904296875e-05,-5.68,-0.433074466,0.14499999582767487,0.029202360659837723,0.09333333373069763,0.18000000715255737,0.05903916954994202,0.06637081205844879,0.002682883618399501,0.8673081278800965,0.018858222017297522,0.052348058018833396,0.0003,1026,174,103.87718353037057,15.57587742805481,14.535602331161499,30.112483739852905,1418,0.6120378013001755,0,0,TRUE,pair,437,6.389617302105762,5.178708438754387,64,0,7.157894736842105,6.389617302105762,0.6686765002086759,8.147762701380998,cpu,cuda:0,0,670.38427734375,50
631,1,DDT600_num150.txt,fixed,3132,8,391.5,16.785409927368164,14.98745059967041,8.113241165119689e-06,-5.24,-0.414037786,0.17249999940395355,0.026339132338762283,0.1133333370089531,0.20000000298023224,-0.20825623,-0.199936454,0.0018948804742346208,0.9267202417055765,0.019315274238275986,0.0974896674354871,0.0003,993,207,154.85244842390304,15.016541481018066,5.2091639041900635,20.22570538520813,1407,0.6421585993375629,0,0,TRUE,pair,410,6.19153350032866,5.286398466138852,50,0,7.639024390243902,6.19153350032866,0.651061300537549,7.8241253985324875,cpu,cuda:0,0,670.38427734375,48
632,1,DDT600_num150.txt,fixed,3028,8,378.5,18.377975463867188,14.948470115661621,9.374429282615893e-06,-5.973333333,-0.454900068,0.12666666507720947,0.03282952681183815,0.08666666597127914,0.18000000715255737,-0.199931599,-0.192537837,0.002718248520977795,0.87528857588768,0.026915017166174948,0.07562796771526337,0.0003,1048,152,161.70356408699686,14.980640888214111,3.7449822425842285,18.72562313079834,1383,0.5729634029557928,0,0,TRUE,pair,410,5.9385938997147605,5.265852046690025,60,0,7.385365853658537,5.9385938997147605,0.6816913989605382,7.99485830264166,cpu,cuda:0,0,670.38232421875,49
633,1,DDT600_num150.txt,fixed,3115,8,389.375,24.165769577026367,15.45317268371582,1.01264768090914e-05,-5.626666667,-0.433761311,0.1483333259820938,0.01481365691870451,0.13333334028720856,0.18000000715255737,-0.077494321,-0.069414721,0.0024066189486932543,0.9282913037708828,0.017609582698371793,0.093735471367836,0.0003,1022,178,61.95641527544569,15.480055809020996,34.79722356796265,50.27727937698364,1398,0.660736300284043,0,0,TRUE,pair,427,6.400476800161414,5.3913322633189145,56,0,7.295081967213115,6.400476800161414,0.6788104013539851,8.035661899251863,cpu,cuda:0,0,670.38427734375,49
634,1,DDT600_num150.txt,fixed,3057,8,382.125,19.996484756469727,15.132798194885254,1.2448098459572066e-05,-5.56,-0.452818637,0.1525000035762787,0.025262512266635895,0.12666666507720947,0.20000000298023224,0.2809794694185257,0.2888927459716797,0.0014878327492624521,0.865719199180603,0.01594250393100083,0.068359375,0.0003,1017,183,145.6913885646123,15.161275148391724,5.821433782577515,20.98270893096924,1376,0.5773073004093021,0,0,TRUE,pair,417,6.077633498352952,5.407589138665541,60,0,7.330935251798561,6.077633498352952,0.6921896019484848,8.022150696720928,cpu,cuda:0,0,670.38232421875,50
635,1,DDT600_num150.txt,fixed,3054,8,381.75,13.226393699645996,16.487611770629883,8.286546290037222e-06,-5.666666667,-0.447982638,0.1458333283662796,0.01613742858171463,0.11999999731779099,0.1733333319425583,0.3218729645013809,0.32984599471092224,0.0015347646549344063,0.8740435540676117,0.03724947076989338,0.028320313,0.0003,1025,175,141.03818150456223,16.516156911849976,5.137553930282593,21.65371084213257,1389,0.5657169016776606,0,0,TRUE,pair,413,7.356744399527088,5.399803535565099,48,0,7.394673123486683,7.356744399527088,0.8066956009715796,7.960847394308075,cpu,cuda:0,0,670.38232421875,48
636,1,DDT600_num150.txt,fixed,3055,8,381.875,21.589567184448242,14.948380470275879,1.0326580195396673e-05,-5.933333333,-0.471940716,0.12916666269302368,0.03348921611905098,0.09333333373069763,0.20666666328907013,-0.356979385,-0.351129085,0.005519249592907727,0.8609923124313354,0.023474499583244324,0.021546379197388887,0.0003,1045,155,138.89126870752392,14.976622819900513,7.019000291824341,21.995623111724854,1387,0.5670107996556908,0,0,TRUE,pair,424,6.0975146010750905,5.095581014495824,60,0,7.205188679245283,6.0975146010750905,0.6711713984841481,7.848900699522346,cpu,cuda:0,0,670.38232421875,52
637,1,DDT600_num150.txt,fixed,3128,8,391,25.74878692626953,18.321714401245117,1.4368552001542412e-05,-5.613333333,-0.461333691,0.14916667342185974,0.03619967773556709,0.09333333373069763,0.20000000298023224,-0.389985096,-0.382661395,0.002828252676408738,0.8737826198339462,0.025008759112097323,0.047519147861748934,0.0003,1021,179,117.25258833785924,18.35061740875244,8.326832056045532,26.677449464797974,1404,0.6420871048467234,0,0,TRUE,pair,429,8.179781400831416,5.171675192806727,54,0,7.291375291375291,8.179781400831416,0.9120102014858276,8.812330399407074,cpu,cuda:0,0,637.1308594,50
638,1,DDT600_num150.txt,fixed,3087,8,385.875,24.750946044921875,15.99612045288086,1.1493654710648116e-05,-5.64,-0.457686569,0.14749999344348907,0.033572062849998474,0.07333333045244217,0.19333332777023315,-0.250595927,-0.243617833,0.003362272633239627,0.8659221768379212,0.018096747761592268,0.04744006469845772,0.0003,1023,177,119.14532544844133,16.032819032669067,9.876716136932373,25.90953516960144,1370,0.5593093978241086,0,0,TRUE,pair,425,6.932599600520916,5.079365076121289,48,0,7.263529411764706,6.932599600520916,0.7503233987372369,7.9584445973159745,cpu,cuda:0,0,670.38427734375,50
639,1,DDT600_num150.txt,fixed,2922,8,365.25,20.234561920166016,14.83668041229248,1.115228224080056e-05,-5.933333333,-0.465789022,0.12916666269302368,0.03348921984434128,0.08666666597127914,0.18666666746139526,0.06770941615104675,0.07461291799942653,0.0034603117189059653,0.8633655110994974,0.015272592046433905,0.05823789583519101,0.0003,1045,155,98.76794999134836,14.865142107009888,14.719353675842285,29.584495782852173,1363,0.560287700383924,0,0,TRUE,pair,395,6.232776798773557,5.252566734296993,55,0,7.39746835443038,6.232776798773557,0.6872204013634473,7.587628300418146,cpu,cuda:0,0,670.3798828,50
640,1,DDT600_num150.txt,fixed,3061,8,382.625,19.117645263671875,15.958884239196777,9.778068488230929e-06,-5.64,-0.452564816,0.14750000834465027,0.03008090704679489,0.1066666692495346,0.19333332777023315,0.19394811242818832,0.20087745413184166,0.0022785189794376493,0.8068600594997406,0.011955719499383122,0.07315017282962799,0.0003,1023,177,118.86728412744259,15.990915775299072,9.76049280166626,25.751408576965332,1366,0.5740618007257581,0,0,TRUE,pair,415,6.857014799374156,5.065338123082258,60,0,7.375903614457831,6.857014799374156,0.7445678983349353,8.008040396496654,cpu,cuda:0,0,670.38232421875,50
641,1,DDT600_num150.txt,fixed,3134,8,391.75,14.060138702392578,16.526554107666016,9.678737114882097e-06,-5.586666667,-0.467631587,0.15083332359790802,0.026861269026994705,0.10000000149011612,0.18666666746139526,-0.181509015,-0.17445,0.002616127448466917,0.8367083370685577,0.018672415676216286,0.06758713504920404,0.0003,1019,181,109.09922848824772,16.553158283233643,12.17298436164856,28.726142644882202,1418,0.599494498455897,0,0,TRUE,pair,406,6.983953599468805,5.048819399290809,55,0,7.719211822660099,6.983953599468805,0.7708642029901966,8.400830999948084,cpu,cuda:0,0,670.38427734375,50
642,1,DDT600_num150.txt,fixed,3151,8,393.875,9.184736251831055,17.01232147216797,7.168434422055725e-06,-5.466666667,-0.456031544,0.15833333134651184,0.02303379215300083,0.13333334028720856,0.2133333384990692,-0.387999438,-0.381113019,0.0028786432230845094,0.8325727432966232,0.01633272471372038,0.12004975788295269,0.0003,1010,190,136.04008453387843,17.03986620903015,6.122424602508545,23.162290811538696,1411,0.7108931983821094,0,0,TRUE,pair,404,7.246846699621528,5.088543317159824,45,0,7.7995049504950495,7.246846699621528,0.7944484984036535,8.599902398651466,cpu,cuda:0,0,670.3847656,50
643,1,DDT600_num150.txt,fixed,3063,8,382.875,31.37848663330078,15.829663276672363,1.5542989785899408e-05,-5.666666667,-0.44354552,0.1458333432674408,0.0445268340408802,0.08666666597127914,0.2199999988079071,-0.064364431,-0.056290282,0.0034956600138684735,0.9821982979774475,0.015524929853199865,0.0943517885170877,0.0003,1025,175,86.03564707621884,15.858763456344604,19.742758750915527,35.60152220726013,1405,0.59162350196857,0,0,TRUE,pair,446,6.516448599635623,5.7512242899118515,50,0,6.867713004484305,6.516448599635623,0.7421638984233141,8.204831896699034,cpu,cuda:0,0,670.38232421875,50
644,1,DDT600_num150.txt,fixed,3021,8,377.625,24.565919876098633,15.2050142288208,9.07244611880742e-06,-5.92,-0.474941341,0.12999999523162842,0.033166248351335526,0.08666666597127914,0.1733333319425583,-0.224103995,-0.216014775,0.003682913666125387,0.9930675178766251,0.05616582473885501,0.12705075065605342,0.0003,1044,156,123.7376502041067,15.233631372451782,9.180926322937012,24.414557695388794,1417,0.5765723994700238,0,0,TRUE,pair,412,6.216462698532268,5.816285997145778,60,0,7.33252427184466,6.216462698532268,0.7111418017884716,7.9349753997521475,cpu,cuda:0,0,670.38232421875,50
645,1,DDT600_num150.txt,fixed,3147,8,393.375,15.968230247497559,16.419631958007812,8.231485480791889e-06,-5.48,-0.46248376,0.1574999988079071,0.021065374836325645,0.1133333370089531,0.18000000715255737,-0.12553206,-0.118012378,0.0026078373193740845,0.8823604534069697,0.013630891257586578,0.05320146792413046,0.0003,1011,189,71.29428924437312,16.463874340057373,27.67710852622986,44.14098286628723,1445,0.6233336018631235,0,0,TRUE,pair,420,6.916655000532046,5.213536702075155,45,0,7.492857142857143,6.916655000532046,0.714049298549071,8.32599829917308,cpu,cuda:0,0,670.3847656,49
646,1,DDT600_num150.txt,fixed,3129,8,391.125,22.530187606811523,15.22443962097168,1.299326595471939e-05,-5.28,-0.441603794,0.16999998688697815,0.03999999910593033,0.08666666597127914,0.2199999988079071,-0.14131551,-0.132842595,0.002480573564146956,0.9713194370269775,0.02020721680795153,0.05733492380628983,0.0003,996,204,145.74724445443488,15.252301216125488,6.21637225151062,21.46867346763611,1369,0.5591090004891157,0,0,TRUE,pair,424,6.161956801195629,5.382869926341694,60,0,7.379716981132075,6.161956801195629,0.6662783971987665,8.058050104,cpu,cuda:0,0,638.2724609,50
647,1,DDT600_num150.txt,fixed,3083,8,385.375,10.605865478515625,15.433960914611816,5.761645297752693e-06,-5.893333333,-0.480013507,0.1316666603088379,0.021538080647587776,0.08666666597127914,0.1599999964237213,-0.085568289,-0.078467155,0.004055496980436146,0.9128879507382711,0.013463907418190502,0.067848289757967,0.0003,1042,158,65.30655624170076,15.462443590164185,31.745680332183838,47.20812392234802,1403,0.5716243014903739,0,0,TRUE,pair,402,6.343346899491735,5.152773272554247,60,0,7.669154228855722,6.343346899491735,0.6795548016671091,8.069024498807266,cpu,cuda:0,0,670.38427734375,49
648,1,DDT600_num150.txt,fixed,3062,8,382.75,17.27534294128418,17.48611831665039,7.747687050141394e-06,-5.666666667,-0.45395589,0.1458333283662796,0.01984313689172268,0.11999999731779099,0.1733333319425583,-0.16177563,-0.154287323,0.003629479199074782,0.9303044630930974,0.015408179227961227,0.057267484899896845,0.0003,1025,175,64.2251794515173,17.51296639442444,30.163038969039917,47.676005363464355,1411,0.6463695989223197,0,0,TRUE,pair,401,7.378872899455018,5.759634226696854,100,0,7.635910224438903,7.378872899455018,0.8713606981327757,8.828977900091559,cpu,cuda:0,0,670.38232421875,50
649,1,DDT600_num150.txt,fixed,3057,8,382.125,26.0405330657959,14.739120483398438,1.3175727872294374e-05,-5.746666667,-0.427725357,0.14083333313465118,0.03307189419865608,0.07999999821186066,0.20000000298023224,-0.427468807,-0.420898418,0.0029222754140694938,0.8031530777613322,0.01816014013214347,0.049431254621595144,0.0003,1031,169,141.6227375960693,14.765795469284058,6.819721460342407,21.585516929626465,1386,0.5576793982181698,0,0,TRUE,pair,419,5.97409040061757,5.303565586709024,55,0,7.2959427207637235,5.97409040061757,0.6574500997085124,7.778717302600853,cpu,cuda:0,0,670.38232421875,50
650,1,DDT600_num150.txt,fixed,3103,8,387.875,12.761636734008789,16.202930450439453,9.12243194761686e-06,-5.373333333,-0.404095158,0.164166659116745,0.027271781116724014,0.11999999731779099,0.20000000298023224,-0.23655657,-0.228213797,0.0019390149585281808,0.931226889292399,0.01551266088305662,0.022520727788408596,0.0003,1003,197,143.42778608117203,16.230947971343994,5.403632640838623,21.634580612182617,1386,0.6005507010268047,0,0,TRUE,pair,412,6.611145298578776,5.510151466553418,65,0,7.531553398058253,6.611145298578776,0.7673668994102627,8.4531771998154,cpu,cuda:0,0,670.38427734375,50
651,1,DDT600_num150.txt,fixed,3138,8,392.25,15.769828796386719,17.18466567993164,1.007018636300927e-05,-5.373333333,-0.397641062,0.164166659116745,0.01288302056491375,0.14000000059604645,0.18000000715255737,-0.223015329,-0.214603442,0.0011692149797454475,0.8996503829956055,0.01792189810075797,0.05068956948816776,0.0003,1003,197,123.74972358115689,17.215837717056274,8.141794681549072,25.357632398605347,1410,0.60154969827272,0,0,TRUE,pair,423,7.661396999959834,5.319949014085049,70,0,7.418439716312057,7.661396999959834,0.8326558993430808,8.311182297533378,cpu,cuda:0,0,670.3847656,50
652,1,DDT600_num150.txt,fixed,2979,8,372.375,19.390316009521484,14.683874130249023,7.072637799865333e-06,-5.84,-0.441459523,0.13500000536441803,0.02533114142715931,0.1066666692495346,0.18000000715255737,-0.431627296,-0.424149811,0.0027280370995867997,0.8841492682695389,0.01139785507984925,0.0164750749245286,0.0003,1038,162,129.53138124267645,14.710158586502075,8.288129329681396,22.99828791618347,1349,0.5240613995119929,0,0,TRUE,pair,405,6.278795400052331,5.440080566748792,70,0,7.355555555555555,6.278795400052331,0.6675865997094661,7.415484000230208,cpu,cuda:0,0,670.3818359,50
653,1,DDT600_num150.txt,fixed,3043,8,380.375,15.402414321899414,16.268587112426758,7.136645308492007e-06,-5.773333333,-0.425961185,0.1391666680574417,0.024137912318110466,0.1066666692495346,0.18666666746139526,0.02154343407601118,0.028437045961618425,0.0017949489410966635,0.7791091203689575,0.017244825582019986,0.037994954735040665,0.0003,1033,167,110.49226526609418,16.295156717300415,11.245232582092285,27.5403892993927,1378,0.5685381003422663,0,0,TRUE,pair,405,6.919538600370288,5.279658232791386,52,0,7.51358024691358,6.919538600370288,0.7521982975304127,8.235887196846306,cpu,cuda:0,0,670.38232421875,49
654,1,DDT600_num150.txt,fixed,3139,8,392.375,26.59857749938965,17.428728103637695,1.2006453289359342e-05,-5.546666667,-0.399207111,0.15333333611488342,0.02309400960803032,0.1133333370089531,0.18666666746139526,-0.175798285,-0.168187556,0.0017999983586681385,0.8510730862617493,0.008224851238386085,0.03290585490564505,0.0003,1016,184,113.45297972406493,17.46033525466919,10.207514524459839,27.66784977912903,1382,0.711597997113131,0,0,TRUE,pair,440,7.674498199834488,5.326537112439275,70,0,7.134090909090909,7.674498199834488,0.8675594980595633,8.493228998966515,cpu,cuda:0,0,670.3847656,51
655,1,DDT600_num150.txt,fixed,3166,8,395.75,19.389108657836914,17.183128356933594,1.0936112630588468e-05,-5.653333333,-0.426640174,0.14666667580604553,0.02666666731238365,0.10000000149011612,0.18000000715255737,-0.345122671,-0.337210439,0.0014140437124297023,0.8619265755017599,0.030535864643752575,0.045086730271577835,0.0003,1024,176,144.54214456599917,17.212355852127075,4.691290378570557,21.903646230697632,1422,0.6007205996429548,0,0,TRUE,pair,424,7.5142211015336215,5.213834491547194,45,0,7.466981132075472,7.5142211015336215,0.8797607992310077,8.395913298241794,cpu,cuda:0,0,531.9375,50
656,1,DDT600_num150.txt,fixed,3101,8,387.625,18.841028213500977,16.116838455200195,9.725607924337965e-06,-5.706666667,-0.424965248,0.1433333307504654,0.024267030879855156,0.1066666692495346,0.18666666746139526,-0.412525489,-0.405669478,0.0016352594248019159,0.7673640996217728,0.012109069430152886,0.06209833291359246,0.0003,1028,172,137.31591802402713,16.149165153503418,6.433795690536499,22.582960844039917,1410,0.5917189009487629,0,0,TRUE,pair,422,6.734526701271534,5.127055788839759,50,0,7.348341232227488,6.734526701271534,0.7861304020043463,8.230325896875001,cpu,cuda:0,0,633.62939453125,50
657,1,DDT600_num150.txt,fixed,3113,8,389.125,18.237581253051758,16.105154037475586,1.078959303413285e-05,-5.653333333,-0.407061511,0.14666666090488434,0.023804759606719017,0.1066666692495346,0.19333332777023315,0.24640899896621704,0.252634733915329,0.0015353299677371979,0.6993394096692404,0.016080249100923538,0.026041666666666668,0.0003,1024,176,121.73462458801103,16.136350631713867,9.435667276382446,25.572017908096313,1379,0.7174201017478481,0,0,TRUE,pair,432,6.634489100193605,4.872149053356711,52,0,7.206018518518518,6.634489100193605,0.723828999674879,8.392513195285574,cpu,cuda:0,0,670.38427734375,51
658,1,DDT600_num150.txt,fixed,3099,8,387.375,14.308542251586914,16.166454315185547,8.818265087029431e-06,-5.413333333,-0.401467118,0.1616666615009308,0.031578827649354935,0.1133333370089531,0.2266666740179062,-0.376959801,-0.371104121,0.0009271738235838711,0.6319258213043213,0.03982529416680336,0.014084506779909134,0.0003,1006,194,183.57204153115472,16.202884674072266,0.6787710189819336,16.8816556930542,1375,0.6832264000549912,0,0,TRUE,pair,421,6.79075140086934,4.934817683200523,64,0,7.3610451306413305,6.79075140086934,0.7047133003361523,8.317760003264993,cpu,cuda:0,0,209.9492188,49
659,1,DDT600_num150.txt,fixed,3141,8,392.625,27.01822280883789,15.971016883850098,1.3240283806226216e-05,-5.52,-0.411870574,0.1550000011920929,0.026822460815310478,0.1066666692495346,0.19333332777023315,0.21605791747570038,0.2223827749490738,0.001574089704081416,0.7111899852752686,0.04238641399424523,0.10625,0.0003,1014,186,105.85812441575102,16.003312826156616,13.668476819992065,29.67178964614868,1385,0.5795057995710522,0,0,TRUE,pair,425,6.68563270138111,4.7656797191513,45,0,7.390588235294118,6.68563270138111,0.7405749986646697,8.189203801564872,cpu,cuda:0,0,670.3847656,50
660,1,DDT600_num150.txt,fixed,3031,8,378.875,25.457992553710938,15.221345901489258,1.3745818250754382e-05,-5.733333333,-0.436148661,0.14166666567325592,0.037527766078710556,0.08666666597127914,0.2199999988079071,-0.172611633,-0.166173145,0.002437263075262308,0.7657125890254974,0.017387341911671683,0.06617815233767033,0.0003,1030,170,93.86950821268964,15.250553369522095,17.038952112197876,32.28950548171997,1377,0.5601736991666257,0,0,TRUE,pair,412,6.3719444999005646,4.96931705282923,45,0,7.356796116504855,6.3719444999005646,0.6890210004057735,7.824463301454671,cpu,cuda:0,0,670.38232421875,51
661,1,DDT600_num150.txt,fixed,3077,8,384.625,34.6263542175293,16.33723258972168,1.9204167983843945e-05,-5.586666667,-0.412405701,0.15083332359790802,0.0385771244764328,0.09333333373069763,0.2133333384990692,-0.067332953,-0.0608362,0.0021576106179660806,0.757555271188418,0.012931640677076453,0.05848335847258568,0.0003,1019,181,74.04850656220734,16.363555908203125,25.190286874771118,41.55384278297424,1350,0.5415332992561162,0,0,TRUE,pair,444,7.270690601668321,4.883327916182207,44,0,6.93018018018018,7.270690601668321,0.7932287015719339,7.906900597852655,cpu,cuda:0,0,670.38427734375,51
662,1,DDT600_num150.txt,fixed,3106,8,388.25,17.718280792236328,16.536800384521484,1.0873560313484631e-05,-5.626666667,-0.407020422,0.148333340883255,0.03996526449918747,0.07999999821186066,0.20000000298023224,-0.091052946,-0.084509065,0.0020695250568678603,0.7578638717532158,0.012478399243263993,0.05312319321092218,0.0003,1022,178,97.60079619124362,16.565144062042236,15.258366823196411,31.823510885238647,1399,0.572084098123014,0,0,TRUE,pair,417,7.19820259953849,4.989375400834903,40,0,7.448441247002398,7.19820259953849,0.7886538995662704,8.182387599139474,cpu,cuda:0,0,670.38427734375,51
663,1,DDT600_num150.txt,fixed,2938,8,367.25,19.746835708618164,15.417452812194824,1.1258811355219223e-05,-5.84,-0.45297935,0.13500000536441803,0.0373794361948967,0.08666666597127914,0.20000000298023224,-0.773094138,-0.7672592,0.0034529524855315685,0.7561396161715189,0.07520773545062791,0.10482381408413251,0.0003,1038,162,148.9427415556984,15.44558572769165,4.280115365982056,19.725701093673706,1345,0.5978003013879061,0,0,TRUE,pair,396,6.407284899847582,5.15997277002419,42,0,7.41919191919192,6.407284899847582,0.6996030984446406,7.965944701805711,cpu,cuda:0,0,632.3828125,51
664,1,DDT600_num150.txt,fixed,3097,8,387.125,18.030790328979492,16.919315338134766,7.5394573286757804e-06,-5.56,-0.411772233,0.15250001847743988,0.041957318782806396,0.07333333045244217,0.2199999988079071,-0.101252002,-0.095559621,0.002402880594932607,0.6893811736788068,0.014479909541218408,0.05556654065315213,0.0003,1017,183,96.78675933809089,16.949594736099243,15.048583745956421,31.998178482055664,1371,0.7024313000729308,0,0,TRUE,pair,404,7.422051899484359,4.895705519470816,35,0,7.665841584158416,7.422051899484359,0.784821594832465,8.336316099506803,cpu,cuda:0,0,670.38427734375,50
665,1,DDT600_num150.txt,fixed,3192,8,399,18.89444351196289,16.098634719848633,9.5367431640625e-06,-5.146666667,-0.379449366,0.1783333271741867,0.029011493548750877,0.13333334028720856,0.2266666740179062,-0.057257269,-0.051463756,0.001787032571155578,0.6687028050422669,0.015804820670746268,0.05801867302507162,0.0003,986,214,88.32717768876049,16.12692928314209,20.011438131332397,36.13836741447449,1395,0.6063298005610704,0,0,TRUE,pair,425,6.671197699266486,4.671679197173369,40,0,7.510588235294118,6.671197699266486,0.7451134029543027,8.317995997145772,cpu,cuda:0,0,670.3847656,50
666,1,DDT600_num150.txt,fixed,3062,8,382.75,28.76955795288086,16.770143508911133,1.4257351722335443e-05,-5.573333333,-0.394053924,0.15166665613651276,0.04675586521625519,0.07999999821186066,0.23333333432674408,-0.024012327,-0.018117535,0.002129141374358109,0.6959359134946551,0.015855789317616394,0.03285226412117481,0.0003,1018,182,87.00423742411299,16.801841259002686,18.391846895217896,35.19368815422058,1378,0.6116191020701081,0,0,TRUE,pair,427,7.110618500038981,4.879490529455288,42,0,7.17096018735363,7.110618500038981,0.7738072987413034,8.514722696971148,cpu,cuda:0,0,670.38232421875,51
667,1,DDT600_num150.txt,fixed,3202,8,400.25,20.80714988708496,14.941843032836914,9.165946721623186e-06,-5.28,-0.385416201,0.16999998688697815,0.02309400960803032,0.15333333611488342,0.2199999988079071,-0.098989187,-0.093067522,0.0012923753917372476,0.6567851603031158,0.014586776543486243,0.045399331177274384,0.0003,996,204,110.04413977178152,14.968497276306152,14.128917694091797,29.09741497039795,1423,0.5633662984473631,0,0,TRUE,pair,426,6.028987898491323,4.81199250393998,42,0,7.516431924882629,6.028987898491323,0.630900198710151,7.960663596866652,cpu,cuda:0,0,670.3867188,51
668,1,DDT600_num150.txt,fixed,3071,8,383.875,24.50223159790039,14.815345764160156,1.4221423043636605e-05,-5.613333333,-0.403045003,0.14916667342185974,0.03526683896780014,0.1066666692495346,0.2133333384990692,-0.128072098,-0.121643444,0.0017327847890555859,0.7295051018397013,0.016138379306842882,0.02914283735056718,0.0003,1021,179,139.2966167262017,14.844290733337402,7.202188730239868,22.04647946357727,1369,0.5537067011464387,0,0,TRUE,pair,416,6.073580900323577,4.876587430804299,60,0,7.382211538461538,6.073580900323577,0.6582068016286939,7.76151109742932,cpu,cuda:0,0,670.38232421875,50
669,1,DDT600_num150.txt,fixed,3064,8,383,18.4526424407959,15.367133140563965,1.200171755044721e-05,-5.52,-0.417479514,0.1549999862909317,0.03295619785785675,0.10000000149011612,0.2199999988079071,-0.300819685,-0.294886967,0.001916728331707418,0.6891073783238729,0.016844801449527342,0.08276090274254481,0.0003,1014,186,155.96356403237402,15.394665718078613,4.250948429107666,19.64561414718628,1368,0.5752830990822986,0,0,TRUE,pair,421,6.409809700911865,4.820822452596211,40,0,7.27790973871734,6.409809700911865,0.6747060023481026,7.943866304005496,cpu,cuda:0,0,670.38232421875,50
670,1,DDT600_num150.txt,fixed,3134,8,391.75,26.55536651611328,16.727535247802734,1.5742849427624606e-05,-5.626666667,-0.407015687,0.1483333259820938,0.03362373635172844,0.07333333045244217,0.18000000715255737,-0.082035101,-0.075372731,0.002158429109840654,0.7741585597395897,0.019914236501790583,0.042518054600805044,0.0003,1022,178,97.61469041990989,16.756392240524292,15.349431037902832,32.105823278427124,1385,0.5711552938446403,0,0,TRUE,pair,436,7.235599799430929,5.07275047831727,45,0,7.1880733944954125,7.235599799430929,0.8395912010455504,8.259454096085392,cpu,cuda:0,0,670.38427734375,50
671,1,DDT600_num150.txt,fixed,3118,8,389.75,15.872539520263672,17.059526443481445,2.429531014058739e-05,-5.56,-0.41767884,0.1525000035762787,0.0332394540309906,0.08666666597127914,0.20000000298023224,-0.299233332,-0.293405809,0.001994435820961371,0.6824762523174286,0.026716419699369,0.08810450811870396,0.0003,1017,183,123.5656797045015,17.09736943244934,8.136174440383911,25.233543872833252,1409,0.5975458978209645,0,0,TRUE,pair,410,7.532782698166557,5.035279024633709,40,0,7.6048780487804875,7.532782698166557,0.8171451007947326,8.332642801571637,cpu,cuda:0,0,670.38427734375,50
672,1,DDT600_num150.txt,fixed,2985,8,373.125,30.82384490966797,15.207515716552734,1.5063828868733253e-05,-5.933333333,-0.424601031,0.12916666269302368,0.03843284025788307,0.046666666865348816,0.1733333319425583,-0.015861975,-0.009837031,0.002045927652423935,0.704791077545711,0.012716384687727051,0.054047929123044014,0.0003,1045,155,92.35126077716198,15.236891984939575,17.085352182388306,32.32224416732788,1363,0.5729487033095211,0,0,TRUE,pair,409,6.259965799166821,5.1477386936270815,60,0,7.298288508557457,6.259965799166821,0.672705399338156,7.939723600284196,cpu,cuda:0,0,670.3818359,49
673,1,DDT600_num150.txt,fixed,2979,8,372.375,28.95227813720703,15.300122261047363,1.3006383596803062e-05,-5.773333333,-0.418653217,0.1391666829586029,0.04730955883860588,0.06666667014360428,0.2133333384990692,-0.078980868,-0.072949561,0.0031004642036610414,0.7581544177872794,0.017735395015084317,0.06722661959273475,0.0003,1033,167,87.77141685677448,15.326015710830688,18.614418506622314,33.940434217453,1334,0.6642613001167774,0,0,TRUE,pair,420,6.491919300053269,4.950318900319945,45,0,7.0928571428571425,6.491919300053269,0.7049869986949489,7.765887199668214,cpu,cuda:0,0,670.3818359,51
674,1,DDT600_num150.txt,fixed,3107,8,388.375,22.93979835510254,15.372626304626465,1.0199189091508742e-05,-5.186666667,-0.403663288,0.1758333444595337,0.0286623053252697,0.13333334028720856,0.2133333384990692,-0.171355722,-0.164902054,0.0019452227861620486,0.7426281273365021,0.021970069938106462,0.0331719028763473,0.0003,989,211,166.57522665874947,15.408495903015137,3.2437374591827393,18.652233362197876,1379,0.5411251006880775,0,0,TRUE,pair,418,6.42055009806063,4.922755068124281,50,0,7.4330143540669855,6.42055009806063,0.7202833011979237,7.887750804191455,cpu,cuda:0,0,618.3681641,49
675,1,DDT600_num150.txt,fixed,3098,8,387.25,30.625764846801758,16.66830062866211,1.612809683138039e-05,-5.586666667,-0.429941899,0.1508333384990692,0.032987792044878006,0.09333333373069763,0.19333332777023315,0.18985441327095032,0.1963605284690857,0.0017361545469611883,0.7374192476272583,0.03008069284260273,0.01171875,0.0003,1019,181,152.2279221632459,16.698436975479126,3.652625799179077,20.351062774658203,1359,0.6080892025493085,0,0,TRUE,pair,449,7.261662798584439,4.85474499615644,48,0,6.8997772828507795,7.261662798584439,0.788727801060304,8.243848900892772,cpu,cuda:0,0,670.38427734375,51
676,1,DDT600_num150.txt,fixed,3173,8,396.625,14.141583442687988,15.393789291381836,1.0137697245227173e-05,-5.466666667,-0.427532964,0.15833333134651184,0.03570714592933655,0.08666666597127914,0.2133333384990692,-0.315531678,-0.309203155,0.0023115217918530107,0.7484282404184341,0.014681101572932675,0.04776721238158643,0.0003,1010,190,146.6875819215745,15.424247026443481,6.206759214401245,21.631006240844727,1380,0.6545121989911422,0,0,TRUE,pair,418,6.3190874989377335,4.702804917384501,45,0,7.590909090909091,6.3190874989377335,0.6883643972687423,8.044263300253078,cpu,cuda:0,0,670.3847656,50
677,1,DDT600_num150.txt,fixed,3046,8,380.75,27.082050323486328,16.67212677001953,1.166059428214794e-05,-5.613333333,-0.428773971,0.14916667342185974,0.02885548397898674,0.10000000149011612,0.18666666746139526,0.024978455156087875,0.0302899070084095,0.002216073015006259,0.6419493108987808,0.015785578259965405,0.10984814073890448,0.0003,1021,179,113.46196139526884,16.698962926864624,10.147038698196411,26.846001625061035,1333,0.5798391990829259,0,0,TRUE,pair,427,7.343802101910114,4.693696648763029,35,0,7.133489461358314,7.343802101910114,0.792672696756199,8.167221700423397,cpu,cuda:0,0,670.38232421875,51
678,1,DDT600_num150.txt,fixed,3146,8,393.25,13.273564338684082,15.219045639038086,8.429369700024836e-06,-5.386666667,-0.4218196,0.16333332657814026,0.020548049360513687,0.12666666507720947,0.19333332777023315,-0.010157559,-0.004160659,0.0015784248147004594,0.6786112835009893,0.010629112657625228,0.05396119334424535,0.0003,1004,196,74.77360898910756,15.246808290481567,26.826859712600708,42.073668003082275,1384,0.5521349014015868,0,0,TRUE,pair,409,6.267884000088088,4.823267640540044,40,0,7.691931540342298,6.267884000088088,0.6730839040828869,7.944166898028925,cpu,cuda:0,0,670.3847656,50
679,1,DDT600_num150.txt,fixed,3165,8,395.625,20.407949447631836,16.31208038330078,1.1284027095825877e-05,-5.24,-0.392444345,0.17249999940395355,0.030810803174972534,0.1133333370089531,0.2133333384990692,0.10177509393543005,0.10757687734439969,0.001296262111281976,0.644991472363472,0.019075959833571687,0.03556550294160843,0.0003,993,207,125.21224968674706,16.340232372283936,8.93684720993042,25.277079582214355,1411,0.6592914023203775,0,0,TRUE,pair,429,6.968807398341596,4.819589257579279,40,0,7.3776223776223775,6.968807398341596,0.714925401378423,8.276637897477485,cpu,cuda:0,0,670.3847656,49
680,1,DDT600_num150.txt,fixed,3205,8,400.625,15.7792387008667,17.097274780273438,8.740569683141075e-06,-5.533333333,-0.42879504,0.15416665375232697,0.01681187003850937,0.13333334028720856,0.18000000715255737,-0.075996453,-0.07046129,0.001642732578329742,0.635653305053711,0.02137912972830236,0.055530942231416705,0.0003,1015,185,86.8566023590154,17.123514652252197,19.77638602256775,36.899900674819946,1400,0.6691849008202553,0,0,TRUE,pair,434,7.497152300085872,4.702964118192795,44,0,7.38479262672811,7.497152300085872,0.8411781027680263,8.37149019970093,cpu,cuda:0,0,670.3867188,50
681,1,DDT600_num150.txt,fixed,3185,8,398.125,16.743934631347656,16.58832359313965,1.0249225852021482e-05,-5.386666667,-0.409325715,0.16333332657814026,0.02687419205904007,0.11999999731779099,0.20000000298023224,-0.087745044,-0.081370618,0.0013133063753643496,0.7031076875599948,0.01162901285781779,0.0600812839852138,0.0003,1004,196,72.41589239050076,16.617511749267578,27.364546537399292,43.98205828666687,1393,0.5885842987336218,0,0,TRUE,pair,425,6.959615900064819,4.791208790909365,40,0,7.4941176470588236,6.959615900064819,0.7601631962461397,8.509503098903224,cpu,cuda:0,0,670.3847656,51
682,1,DDT600_num150.txt,fixed,3091,8,386.375,29.32975196838379,14.47706127166748,1.1339304364810232e-05,-5.453333333,-0.409338395,0.15916666388511658,0.039219822734594345,0.1066666692495346,0.2266666740179062,-0.074470954,-0.06833447,0.0016332141822203994,0.6953092813491821,0.019824169679648347,0.07801597482628292,0.0003,1009,191,82.16669134385405,14.505556344985962,23.113093614578247,37.61864995956421,1400,0.5544916975777596,0,0,TRUE,pair,436,5.723736000829376,4.869945001848999,40,0,7.089449541284404,5.723736000829376,0.6280265988316387,7.80723309610039,cpu,cuda:0,0,670.38427734375,51
683,1,DDT600_num150.txt,fixed,3151,8,393.875,27.88116455078125,15.81057357788086,1.488159796281252e-05,-5.493333333,-0.419599185,0.15666666626930237,0.03162277489900589,0.12666666507720947,0.23333333432674408,-0.223664353,-0.216733346,0.0013394896135044594,0.7600750724474589,0.01950277597643435,0.03820022319753965,0.0003,1012,188,160.98676457242908,15.83928370475769,3.7337539196014404,19.57303762435913,1381,0.6686843946808949,0,0,TRUE,pair,446,6.668898599687964,4.651221833657326,40,0,7.065022421524664,6.668898599687964,0.6792477964190766,8.123174700536765,cpu,cuda:0,0,670.3847656,49
684,1,DDT600_num150.txt,fixed,3171,8,396.375,27.508806228637695,16.814279556274414,1.5139110473683104e-05,-5.24,-0.401970211,0.17249999940395355,0.0422213077545166,0.1133333370089531,0.23333333432674408,-0.050470018,-0.044508725,0.0017970364424400032,0.6859811147054037,0.010214121177947769,0.06290085365374883,0.0003,993,207,103.31603258805546,16.845819234848022,13.846416234970093,30.692235469818115,1392,0.5857646001968533,0,0,TRUE,pair,446,7.573030599276535,4.716493218300735,40,0,7.109865470852018,7.573030599276535,0.7917273009661585,8.078238000278361,cpu,cuda:0,0,670.3847656,51
685,1,DDT600_num150.txt,fixed,3268,8,408.5,21.1660099029541,17.195266723632812,1.2597889508469962e-05,-4.973333333,-0.39198854,0.18916666507720947,0.02259240299463272,0.15333333611488342,0.2199999988079071,-0.006253899,0.0005928511834806866,0.0010173440160643724,0.735542270872328,0.013019342354608752,0.041699818438953824,0.0003,973,227,101.02839431570769,17.22514843940735,15.122193336486816,32.347341775894165,1405,0.5858550029806793,0,0,TRUE,pair,432,7.546005598385818,4.671052630776437,35,0,7.564814814814815,7.546005598385818,0.8378776976605877,8.430823395960033,cpu,cuda:0,0,670.38720703125,52
686,1,DDT600_num150.txt,fixed,3134,8,391.75,26.56948471069336,17.46306037902832,1.632427483855281e-05,-5.6,-0.424343966,0.14999999105930328,0.034480269998311996,0.07333333045244217,0.20000000298023224,-0.037265944,-0.030963831,0.0019637165823951364,0.7283971722309406,0.011285578343981447,0.05969171963918667,0.0003,1020,180,69.30732270599684,17.49584174156189,27.723045349121094,45.21888709068298,1428,0.7278801009524614,0,0,TRUE,pair,426,7.638984799850732,4.932354815689409,40,0,7.356807511737089,7.638984799850732,0.8210708987899125,8.611827299930155,cpu,cuda:0,0,670.38427734375,45
687,1,DDT600_num150.txt,fixed,2967,8,370.875,25.408843994140625,15.61848258972168,1.4225420272850897e-05,-5.946666667,-0.470184201,0.12833333015441895,0.03362373635172844,0.07999999821186066,0.18000000715255737,-0.122473178,-0.116211215,0.0029868720448575914,0.7755391299724579,0.01946046474040486,0.06755273276939988,0.0003,1046,154,98.45708711314887,15.647606134414673,14.48734998703003,30.134956121444702,1363,0.5819988994626328,0,0,TRUE,pair,407,6.705558099667542,5.348163127175959,60,0,7.2899262899262895,6.705558099667542,0.7272104013245553,7.839677494252101,cpu,cuda:0,0,670.3818359,41
688,1,DDT600_num150.txt,fixed,3258,8,407.25,11.840080261230469,18.009475708007812,8.740569683141075e-06,-5.093333333,-0.421930498,0.18166665732860565,0.025110865011811256,0.12666666507720947,0.2199999988079071,0.11823548376560211,0.1245216965675354,0.0011780055472627282,0.6875213742256164,0.011712827952578664,0.030397480353713036,0.0003,982,218,100.095773242941,18.035673141479492,14.513153791427612,32.548826932907104,1401,0.7219926997786388,0,0,TRUE,pair,426,7.822736000875011,4.839472066412095,48,0,7.647887323943662,7.822736000875011,0.8254506996599957,8.968424900434911,cpu,cuda:0,0,670.3867188,40
689,1,DDT600_num150.txt,fixed,3091,8,386.375,20.1800479888916,15.468688011169434,1.3869323083781637e-05,-5.426666667,-0.450860268,0.16083334386348724,0.03204813972115517,0.1066666692495346,0.2133333384990692,-0.216527792,-0.209859494,0.002143114533585807,0.7739854156970978,0.015893117122080486,0.04980927620393535,0.0003,1007,193,115.18536236998116,15.497252464294434,11.337754487991333,26.835006952285767,1390,0.6755721004446968,0,0,TRUE,pair,416,6.489329599891789,4.903267550877251,39,0,7.430288461538462,6.489329599891789,0.6880774039309472,7.951255896594375,cpu,cuda:0,0,670.38427734375,39
690,1,DDT600_num150.txt,fixed,3208,8,401,27.991069793701172,17.63001823425293,1.604328463145066e-05,-5.306666667,-0.449846442,0.16833333671092987,0.029011491686105728,0.1133333370089531,0.2133333384990692,-0.093740219,-0.086851812,0.0016816709992579287,0.7729240589671664,0.012595318374224007,0.04534924113088184,0.0003,998,202,90.54396151333926,17.658331155776978,17.771971940994263,35.43030309677124,1404,0.6997649988625199,0,0,TRUE,pair,433,7.745628498843871,4.831359101947109,50,0,7.40877598152425,7.745628498843871,0.8540882997913286,8.635099502047524,cpu,cuda:0,0,670.3867188,37
691,1,DDT600_num150.txt,fixed,3115,8,389.375,25.6170711517334,15.908991813659668,2.1898198610870168e-05,-5.506666667,-0.456989473,0.15583333373069763,0.04040592536330223,0.09333333373069763,0.2199999988079071,-0.109502395,-0.103190576,0.002423581473218898,0.7523611982663473,0.007454176811734214,0.02189073928942283,0.0003,1013,187,97.04872180842075,15.947126626968384,16.150153398513794,32.09728002548218,1395,0.5775710989255458,0,0,TRUE,pair,442,6.686784799443558,5.262600319190354,85,0,7.047511312217194,6.686784799443558,0.7285534982802346,8.14458050194662,cpu,cuda:0,0,670.38427734375,40
692,1,DDT600_num150.txt,fixed,3130,8,391.25,24.334903717041016,16.775161743164062,1.2044268260069657e-05,-5.36,-0.445665015,0.16500002145767212,0.02939198724925518,0.10000000149011612,0.20000000298023224,-0.073635741,-0.066376311,0.001641285263330621,0.8080077171325684,0.011371033538393128,0.05720759383128846,0.0003,1002,198,48.309617385579855,16.81158971786499,47.978821992874146,64.79041171073914,1412,0.6641595021355897,0,0,TRUE,pair,423,7.342735999613069,4.897124601476871,52,0,7.39952718676123,7.342735999613069,0.8086692995857447,8.253647902864031,cpu,cuda:0,0,670.38427734375,43
693,1,DDT600_num150.txt,fixed,3193,8,399.125,18.5972957611084,20.515302658081055,1.1523290595505387e-05,-5.56,-0.450024044,0.1525000035762787,0.03703414276242256,0.10000000149011612,0.20666666328907013,-0.128930186,-0.121523217,0.0016777367116166996,0.8245836450503423,0.009991496071541825,0.045605965675069735,0.0003,1017,183,64.5529470532095,20.542245626449585,28.921026706695557,49.46327233314514,1418,0.7262079988140613,0,0,TRUE,pair,435,8.908504600636661,5.0845599751692,65,0,7.340229885057472,8.908504600636661,0.9391361991874874,10.17754459765274,cpu,cuda:0,0,670.3847656,45
694,1,DDT600_num150.txt,fixed,3242,8,405.25,22.76373291015625,16.576749801635742,3.5247267078375444e-05,-5.266666667,-0.408836258,0.17083331942558289,0.0191304013133049,0.14000000059604645,0.20000000298023224,-0.006718603,0.0011443663388490677,0.001304448955731156,0.8515194406112035,0.011767887680131631,0.03933814928556482,0.0003,995,205,64.28646893984883,16.62007188796997,33.810447216033936,50.430519104003906,1406,0.584877198911272,0,0,TRUE,pair,429,7.022035700501874,4.883405306028923,45,0,7.557109557109557,7.022035700501874,0.7205507002072409,8.473166498239152,cpu,cuda:0,0,670.3867188,48
695,1,DDT600_num150.txt,fixed,3117,8,389.625,16.68035888671875,15.880855560302734,9.760613465914503e-06,-5.693333333,-0.46915904,0.14416666328907013,0.025372225791215897,0.1133333370089531,0.20666666328907013,-0.109365226,-0.102376453,0.0023876406557974406,0.8182600811123848,0.015145781639148481,0.038878047838807106,0.0003,1027,173,93.52788362566656,15.909936666488647,17.417022943496704,33.32695960998535,1415,0.7145103010116145,0,0,TRUE,pair,419,6.521272998536006,5.14180301694408,40,0,7.4391408114558475,6.521272998536006,0.7063753007678315,8.297324795974419,cpu,cuda:0,0,670.38427734375,47
696,1,DDT600_num150.txt,fixed,3057,8,382.125,19.996484756469727,17.479307174682617,7.864199687901419e-06,-5.653333333,-0.458170341,0.14666667580604553,0.029249882325530052,0.09333333373069763,0.18000000715255737,-0.255643636,-0.248242493,0.0021313299890607595,0.8466814279556274,0.011220644251443446,0.03591627720743418,0.0003,1024,176,102.51250325178904,17.507749557495117,12.313003063201904,29.82075262069702,1386,0.6434076991863549,0,0,TRUE,pair,412,7.444672101177275,5.133137061933618,50,0,7.419902912621359,7.444672101177275,0.835516098071821,8.799192804493941,cpu,cuda:0,0,670.38232421875,48
697,1,DDT600_num150.txt,fixed,3062,8,382.75,26.123504638671875,14.810948371887207,1.3227397175796796e-05,-5.613333333,-0.44895468,0.14916667342185974,0.0310800950974226,0.10000000149011612,0.20000000298023224,-0.127232002,-0.120318912,0.0021951315720798448,0.8010651245713234,0.014552430409821682,0.0463170813745819,0.0003,1021,179,91.26402340914423,14.839830875396729,18.711177349090576,33.551008224487305,1380,0.5483449976891279,0,0,TRUE,pair,431,6.153023699647747,4.9539516643322346,100,0,7.104408352668213,6.153023699647747,0.6073641007533297,7.633822200004943,cpu,cuda:0,0,670.38232421875,48
698,1,DDT600_num150.txt,fixed,3076,8,384.5,27.74887466430664,16.90797996520996,1.1968517355853692e-05,-5.36,-0.436788721,0.16499999165534973,0.028431201353669167,0.1066666692495346,0.20666666328907013,-0.162221811,-0.155676932,0.003050586092285812,0.807017594575882,0.012140703166369348,0.049279560521245006,0.0003,1002,198,82.85173534103498,16.938464879989624,20.188096046447754,37.12656092643738,1391,0.6317742010578513,0,0,TRUE,pair,431,7.417580100824125,4.959362807757523,55,0,7.1368909512761025,7.417580100824125,0.7772005973383784,8.340476101730019,cpu,cuda:0,0,670.38427734375,49
699,1,DDT600_num150.txt,fixed,2864,8,358,19.118053436279297,15.919560432434082,9.649327694205567e-06,-6.2,-0.515191511,0.11249999701976776,0.03134707361459732,0.05999999865889549,0.15333333611488342,-0.311655715,-0.30660319,0.004766669799573719,0.743586003780365,0.014976128237321973,0.06609139144420624,0.0003,1065,135,75.60351865869535,15.952447414398193,21.92938733100891,37.881834745407104,1380,0.5953512025298551,0,0,TRUE,pair,388,6.885281800990924,5.187499999167533,54,0,7.381443298969073,6.885281800990924,0.7898843013681471,7.886280800099485,cpu,cuda:0,0,670.37939453125,50
700,1,DDT600_num150.txt,fixed,3096,8,387,24.06241798400879,15.590385437011719,1.2901066838821862e-05,-5.653333333,-0.492157595,0.14666666090488434,0.03333333507180214,0.10000000149011612,0.2133333384990692,-0.141930783,-0.13667601,0.004949636660361041,0.7729590833187103,0.011032107611147998,0.05756747008611759,0.0003,1024,176,75.13957347438182,15.622405529022217,25.580915927886963,41.20332145690918,1441,0.6040165992453694,0,0,TRUE,pair,427,6.516471399343573,4.982235141810829,60,0,7.250585480093677,6.516471399343573,0.6569268995663151,8.082288401317783,cpu,cuda:0,0,670.38427734375,50
701,1,DDT600_num150.txt,fixed,2978,8,372.25,19.581560134887695,17.011581420898438,1.2044268260069657e-05,-5.813333333,-0.460772789,0.1366666704416275,0.023804763332009315,0.08666666597127914,0.1666666716337204,-0.094913675,-0.08803142,0.0030756061314605176,0.8420055732131004,0.017109292981331237,0.06354588060639799,0.0003,1036,164,82.9951176576499,17.045211791992188,18.836416959762573,35.88162875175476,1371,0.7832187998574227,0,0,TRUE,pair,400,7.096154998871498,5.297850907049058,55,0,7.445,7.096154998871498,0.7812577958684415,8.751575700007379,cpu,cuda:0,0,670.3818359,51
702,1,DDT600_num150.txt,fixed,3068,8,383.5,35.57035446166992,15.017351150512695,1.5184100448095705e-05,-5.72,-0.441331862,0.14249999821186066,0.034630995243787766,0.07999999821186066,0.18666666746139526,-0.059237794,-0.051476151,0.002400799411010336,0.896204336123033,0.009988668972668662,0.043136644092473114,0.0003,1029,171,71.72892939216526,15.046395778656006,27.725746870040894,42.7721426486969,1425,0.5736438018502668,0,0,TRUE,pair,441,6.225537201506086,5.1799217743077834,72,0,6.956916099773243,6.225537201506086,0.6404320981819183,7.8260554015869275,cpu,cuda:0,0,670.38232421875,51
703,1,DDT600_num150.txt,fixed,3067,8,383.375,19.071821212768555,14.79215145111084,9.128661076829303e-06,-5.666666667,-0.435376921,0.1458333283662796,0.028370074927806854,0.10000000149011612,0.18666666746139526,-0.100200701,-0.092692341,0.0017876604912229455,0.8402193417915931,0.013122571650176095,0.06797428285846344,0.0003,1025,175,64.87595635375806,14.820555210113525,32.454277753829956,47.27483296394348,1419,0.5591764018172398,0,0,TRUE,pair,417,6.27737869869452,5.202151939695574,55,0,7.3549160671462825,6.27737869869452,0.6149227002169937,7.58667820005212,cpu,cuda:0,0,670.38232421875,51
704,1,DDT600_num150.txt,fixed,3135,8,391.875,16.07356071472168,17.665367126464844,9.795493497222196e-06,-5.64,-0.446809511,0.14750000834465027,0.026757657527923584,0.1066666692495346,0.18666666746139526,-0.104827764,-0.09783023,0.002469933292429362,0.8232507450239999,0.014778746558087212,0.031105320900678635,0.0003,1023,177,93.2498590346103,17.69405484199524,15.925298929214478,33.61935377120972,1419,0.6452853985829279,0,0,TRUE,pair,429,7.78863469872158,5.13779904161724,50,0,7.3076923076923075,7.78863469872158,0.820791196776554,8.659565806156024,cpu,cuda:0,0,670.38427734375,50
705,1,DDT600_num150.txt,fixed,3058,8,382.25,36.550479888916016,16.470752716064453,1.8282213204656728e-05,-5.68,-0.463362385,0.14499999582767487,0.03898005187511444,0.08666666597127914,0.20000000298023224,-0.10554634,-0.098070609,0.0025626546315227947,0.8757042355007596,0.014724082206763947,0.05285518285300997,0.0003,1026,174,75.80763156192391,16.49707579612732,23.84187078475952,40.33894658088684,1402,0.6113873993745074,0,0,TRUE,pair,438,7.251686799572781,5.375408762650524,85,0,6.981735159817352,7.251686799572781,0.7476974981836975,8.112385497544892,cpu,cuda:0,0,670.38232421875,52
706,1,DDT600_num150.txt,fixed,3058,8,382.25,22.548559188842773,17.12134552001953,1.4064675269764848e-05,-5.6,-0.474929079,0.14999999105930328,0.03590109944343567,0.1066666692495346,0.2199999988079071,-0.150970268,-0.143526182,0.0022277533267201347,0.855796526778828,0.008903763701461932,0.037991993467916145,0.0003,1020,180,77.76639942267664,17.148848056793213,22.174047470092773,39.322895526885986,1405,0.6518018025672063,0,0,TRUE,pair,426,7.5141314011998475,4.99967298927145,48,0,7.178403755868545,7.5141314011998475,0.7858312025200576,8.444869702216238,cpu,cuda:0,0,670.38232421875,44
707,1,DDT600_num150.txt,fixed,3198,8,399.75,24.20098114013672,17.874866485595703,1.753308970364742e-05,-5.52,-0.440467023,0.1550000011920929,0.036930862814188004,0.1066666692495346,0.19333332777023315,-0.25802623,-0.250301367,0.0012970064029407997,0.8373375137646993,0.018210387652895104,0.056784769209722676,0.0003,1014,186,151.2851241954051,17.9224910736084,3.2164015769958496,21.138892650604248,1427,0.668436799547635,0,0,TRUE,pair,426,7.886509199859574,5.107567230189421,51,0,7.507042253521127,7.886509199859574,0.8219916023081169,8.77312720194459,cpu,cuda:0,0,358.37646484375,42
708,1,DDT600_num150.txt,fixed,3119,8,389.875,24.323020935058594,17.845529556274414,1.1582334082049783e-05,-5.68,-0.457708791,0.14499999582767487,0.03227486088871956,0.09333333373069763,0.20666666328907013,-0.269919969,-0.262447747,0.0022014237959713987,0.8572932084401449,0.013913034907697389,0.03487164185692867,0.0003,1026,174,110.58621127448077,17.87864327430725,10.325596332550049,28.2042396068573,1426,0.6775136989308521,0,0,TRUE,pair,419,7.522943299380131,5.030137860037341,65,0,7.443914081145585,7.522943299380131,0.8758979015983641,9.028863104642369,cpu,cuda:0,0,670.38427734375,40
709,1,DDT600_num150.txt,fixed,3043,8,380.375,22.16944694519043,17.532804489135742,9.368363862449769e-06,-5.72,-0.439710371,0.14249999821186066,0.032987792044878006,0.10000000149011612,0.19333332777023315,-0.054838909,-0.048072287,0.0022941746812483125,0.7913709391247142,0.02057686111551117,0.09013564630665562,0.0003,1029,171,68.65155352154177,17.56291174888611,26.762377977371216,44.325289726257324,1362,0.6206130975624546,0,0,TRUE,pair,423,7.815402201027609,4.995070655918654,70,0,7.193853427895981,7.815402201027609,0.8205930039985105,8.502198002184741,cpu,cuda:0,0,670.38232421875,39
710,1,DDT600_num150.txt,fixed,3017,8,377.125,16.63157844543457,15.227784156799316,9.737290383782238e-06,-5.72,-0.435634277,0.14249999821186066,0.02379016950726509,0.11999999731779099,0.19333332777023315,-0.003821859,0.0037334389411486112,0.00213778625206592,0.862419068813324,0.013936187624214934,0.07097520106113873,0.0003,1029,171,63.118337668226786,15.256826877593994,32.542277336120605,47.7991042137146,1398,0.5896365025546402,0,0,TRUE,pair,404,6.373933098861016,5.186277759047506,100,0,7.467821782178218,6.373933098861016,0.6402492946945131,7.888154201675206,cpu,cuda:0,0,670.38232421875,39
711,1,DDT600_num150.txt,fixed,3127,8,390.875,19.075098037719727,16.773895263671875,1.4415947589441203e-05,-5.8,-0.436904536,0.13749998807907104,0.018238389864563942,0.10000000149011612,0.1599999964237213,0.03171465670069059,0.040274230763316154,0.0017211714681858818,0.9420152107874552,0.015561741374161405,0.0604716413654387,0.0003,1035,165,63.48136771402189,16.80243492126465,32.45611310005188,49.25854802131653,1438,0.647005399223417,0,0,TRUE,pair,419,7.131330000469461,5.479053403609166,70,0,7.463007159904534,7.131330000469461,0.7664524983847514,8.49974570365157,cpu,cuda:0,0,670.38427734375,43
712,1,DDT600_num150.txt,fixed,3155,8,394.375,28.965227127075195,17.54800033569336,1.3803591173200402e-05,-5.386666667,-0.422371836,0.16333332657814026,0.03415650129318237,0.1066666692495346,0.2199999988079071,0.03027818032673427,0.038928204349109104,0.0011581025402327733,0.9229078207697187,0.020907801908573935,0.04082500322588852,0.0003,1004,196,101.06227821459112,17.578408002853394,13.639966011047363,31.218374013900757,1412,0.6305241967784241,0,0,TRUE,pair,432,7.619011298753321,5.37591125311451,48,0,7.3032407407407405,7.619011298753321,0.8430247998330742,8.683682701434009,cpu,cuda:0,0,670.3847656,43
713,1,DDT600_num150.txt,fixed,3066,8,383.25,26.30945587158203,17.91415786743164,2.0049854356329888e-05,-5.893333333,-0.471441656,0.13166667520999908,0.02619372308254242,0.07333333045244217,0.1733333319425583,0.0018441272633416311,0.010604360273906164,0.0021497145228620085,0.983508689062936,0.011086555447296373,0.05350600661975997,0.0003,1042,158,89.04446291089401,17.952904224395752,16.479332208633423,34.432236433029175,1436,0.793349098181352,0,0,TRUE,pair,418,7.685517399921082,5.6431832993955915,80,0,7.3349282296650715,7.685517399921082,0.8796757026575506,8.933704995084554,cpu,cuda:0,0,670.38232421875,46
714,1,DDT600_num150.txt,fixed,2988,8,373.5,18.76166343688965,15.167854309082031,1.1901840480277315e-05,-6.04,-0.503295528,0.12250000983476639,0.016976291313767433,0.10000000149011612,0.15333333611488342,-0.295088742,-0.288205516,0.004104636522242799,0.8935529738664627,0.03162976768362569,0.06764619669411331,0.0003,1053,147,119.79313368225817,15.194696187973022,9.748302698135376,24.9429988861084,1375,0.5816536991624162,0,0,TRUE,pair,398,6.139358298969455,5.582329316790324,72,0,7.507537688442211,6.139358298969455,0.6755889045307413,8.015561696141958,cpu,cuda:0,0,670.3818359,45
715,1,DDT600_num150.txt,fixed,3041,8,380.125,18.956775665283203,17.602846145629883,1.168007747764932e-05,-5.933333333,-0.47695226,0.12916666269302368,0.026020824909210205,0.10000000149011612,0.1666666716337204,-0.095303637,-0.086819744,0.0021599329775199294,0.9563859403133392,0.010182133162743412,0.037831722875125706,0.0003,1045,155,90.91130181941014,17.63456678390503,15.815619707107544,33.45018649101257,1412,0.6834883004194126,0,0,TRUE,pair,408,7.600300498539582,5.412364354066181,80,0,7.453431372549019,7.600300498539582,0.8275285952258855,8.775986503227614,cpu,cuda:0,0,670.38232421875,45
716,1,DDT600_num150.txt,fixed,2959,8,369.875,29.31483268737793,16.49667739868164,1.5958023141138256e-05,-5.973333333,-0.480882893,0.12666666507720947,0.03333333507180214,0.07333333045244217,0.18000000715255737,0.09650512337684632,0.10557617545127869,0.002215361385606229,1.0178734421730042,0.01680479848291725,0.09343566112220288,0.0003,1048,152,104.02864742416864,16.527014017105103,11.917073965072632,28.444087982177734,1359,0.6018312983214855,0,0,TRUE,pair,426,7.36744739941787,5.423115915122488,50,0,6.946009389671362,7.36744739941787,0.7389117003185675,8.039275896153413,cpu,cuda:0,0,670.3818359,48
717,1,DDT600_num150.txt,fixed,3036,8,379.5,25.956695556640625,16.957067489624023,1.1203136637050193e-05,-5.893333333,-0.523072598,0.1316666603088379,0.03362373635172844,0.08666666597127914,0.18000000715255737,0.32332734763622284,0.3333257660269737,0.0013415267458185554,1.066919133067131,0.03085834348166827,0.06557955592870712,0.0003,1042,158,113.02094341136515,16.986192226409912,9.876085758209229,26.86227798461914,1419,0.6451797994086519,0,0,TRUE,pair,430,7.255560300545767,5.566864295439287,50,0,7.06046511627907,7.255560300545767,0.8227359993616119,8.492333503090777,cpu,cuda:0,0,670.38232421875,47
718,1,DDT600_num150.txt,fixed,3070,8,383.75,19.240257263183594,15.402533531188965,3.3158186852233484e-05,-5.826666667,-0.543618498,0.13583332300186157,0.022095123305916786,0.09333333373069763,0.1666666716337204,0.14960455298423767,0.16001197695732117,0.0028418418020009994,1.182835006713867,0.01570375501178205,0.0449532613158226,0.0003,1037,163,111.4422275398944,15.43174433708191,12.116161584854126,27.547905921936035,1426,0.5804286004276946,0,0,TRUE,pair,412,6.43325649946928,5.9811074901481405,55,0,7.451456310679611,6.43325649946928,0.6698599996743724,7.964014002587646,cpu,cuda:0,0,670.38232421875,48
719,1,DDT600_num150.txt,fixed,3072,8,384,29.3001708984375,15.70051383972168,1.4269307030190248e-05,-5.986666667,-0.585173568,0.12583334743976593,0.03204813972115517,0.05999999865889549,0.1666666716337204,-0.259944335,-0.251912939,0.005576617491897196,1.0819707016150157,0.011120532498656152,0.029210371741404135,0.0003,1049,151,114.19021842419897,15.729034662246704,11.173444747924805,26.90247941017151,1464,0.7214376989286393,0,0,TRUE,pair,433,6.637920500477776,5.987304687111949,70,0,7.094688221709007,6.637920500477776,0.7132982047041878,8.001885502948426,cpu,cuda:0,0,670.38232421875,48
720,1,DDT600_num150.txt,fixed,3026,8,378.25,17.397916793823242,17.007415771484375,1.3197281077736989e-05,-5.906666667,-0.573214647,0.13083332777023315,0.02259240113198757,0.09333333373069763,0.1599999964237213,-0.058448953,-0.049115161,0.00432879535946995,1.1498180727163951,0.017237293078020837,0.0653941985219717,0.0003,1043,157,100.58553121837203,17.037977695465088,13.04587197303772,30.083849668502808,1423,0.632287600194104,0,0,TRUE,pair,412,7.406644098111428,5.860872438075286,70,0,7.344660194174757,7.406644098111428,0.8450395982945338,8.362765201600268,cpu,cuda:0,0,670.38232421875,49
721,1,DDT600_num150.txt,fixed,3013,8,376.625,24.803918838500977,16.950647354125977,1.2157010132796131e-05,-6.053333333,-0.60214211,0.12166666984558105,0.022298479452729225,0.07333333045244217,0.14666666090488434,0.3614319637417793,0.3749924749135971,0.0016230548790190369,1.4372040331363678,0.01973556816665223,0.05801048502326012,0.0003,1054,146,101.75216315492563,17.00721836090088,12.6039457321167,29.611164093017578,1448,0.6662296972936019,0,0,TRUE,pair,419,7.5185971992323175,6.7168934614287235,90,0,7.190930787589499,7.5185971992323175,0.753629201091826,8.304510400048457,cpu,cuda:0,0,670.38232421875,49
722,1,DDT600_num150.txt,fixed,3088,8,386,16.070158004760742,17.67786407470703,1.0576759450486861e-05,-5.853333333,-0.625337942,0.1341666728258133,0.022958295419812202,0.1066666692495346,0.18000000715255737,-0.067955576,-0.057580252,0.0050178481615148485,1.288424164056778,0.007910539105068892,0.0383501430042088,0.0003,1039,161,86.58296495884295,17.707841873168945,17.957372426986694,35.66521430015564,1467,0.6828016001963988,0,0,TRUE,pair,416,7.6176561993779615,6.724417097364682,60,0,7.423076923076923,7.6176561993779615,0.814289803034626,8.856877600657754,cpu,cuda:0,0,670.38427734375,48
723,1,DDT600_num150.txt,fixed,3044,8,380.5,18.069311141967773,16.08677101135254,1.0337583262298722e-05,-5.853333333,-0.60107185,0.1341666728258133,0.01984313502907753,0.1066666692495346,0.1666666716337204,-0.114894955,-0.104976478,0.006038993131369352,1.2937967851758003,0.012478710296818463,0.05022911535343155,0.0003,1039,161,55.01112788324244,16.11377501487732,39.220484018325806,55.334259033203125,1437,0.6269501013448462,0,0,TRUE,pair,404,6.84800210071262,6.9152431014176265,80,0,7.534653465346534,6.84800210071262,0.7580785010941327,8.118125299108215,cpu,cuda:0,0,670.38232421875,49
724,1,DDT600_num150.txt,fixed,3034,8,379.25,28.056861877441406,15.832735061645508,1.5048726709210314e-05,-6.24,-0.55931253,0.10999999195337296,0.040688518434762955,0.0533333346247673,0.1666666716337204,-0.04351529,-0.032800402,0.005207698125476864,1.3318730105053296,0.012915769478488735,0.0758774907709184,0.0003,1068,132,44.805991484250775,15.86009931564331,51.85405898094177,67.71415829658508,1486,0.630161800654605,0,0,TRUE,pair,421,6.789161200053059,6.98549769155745,90,0,7.206650831353919,6.789161200053059,0.7341090000700206,7.958025201223791,cpu,cuda:0,0,670.38232421875,51
725,1,DDT600_num150.txt,fixed,2990,8,373.75,7.066647052764893,16.926467895507812,5.878843239770504e-06,-6.093333333,-0.583724776,0.11916667222976685,0.026757659390568733,0.09333333373069763,0.18000000715255737,-0.79581974,-0.789046288,0.008224506629630923,1.0885714093844097,0.0251351233649378,0.030192161444574594,0.0003,1057,143,140.51488519173813,16.960622787475586,4.318261623382568,21.278884410858154,1479,0.6714924961561337,0,0,TRUE,pair,384,7.309480001102202,7.265217392181473,75,0,7.786458333333333,7.309480001102202,0.8169360990868881,8.411359200486913,cpu,cuda:0,0,583.11962890625,50
726,1,DDT600_num150.txt,fixed,3058,8,382.25,21.539209365844727,15.140974998474121,2.5676252334960736e-05,-6.053333333,-0.57001482,0.12166666984558105,0.022047927603125572,0.07999999821186066,0.1599999964237213,0.08068184022392545,0.09303175977298192,0.0022474060699875864,1.3473622798919678,0.020089853182850805,0.05903762698705707,0.0003,1054,146,95.65888747529804,15.177858352661133,16.789897918701172,31.967756271362305,1457,0.6221666005440056,0,0,TRUE,pair,408,6.090263400110416,6.812949637675925,50,0,7.495098039215686,6.090263400110416,0.6680306984344497,8.039458402781747,cpu,cuda:0,0,670.38232421875,51
727,1,DDT600_num150.txt,fixed,3114,8,389.25,19.6325626373291,17.22066307067871,8.971637726062909e-06,-5.893333333,-0.582128462,0.13166667520999908,0.028819359838962555,0.1066666692495346,0.20000000298023224,-0.16212409,-0.151246671,0.00439175470576932,1.3073286149236891,0.010545251066711595,0.028208000274995964,0.0003,1042,158,88.86304337107363,17.249356031417847,17.793333053588867,35.042689085006714,1447,0.7563896954525262,0,0,TRUE,pair,431,7.3867353005334735,6.859023763724605,90,0,7.225058004640371,7.3867353005334735,0.820298601873219,8.622109101503156,cpu,cuda:0,0,670.38427734375,50
728,1,DDT600_num150.txt,fixed,3116,8,389.5,26.443336486816406,17.942325592041016,9.416778993909247e-06,-5.973333333,-0.583506335,0.12666666507720947,0.033665016293525696,0.07333333045244217,0.1733333319425583,-0.141542295,-0.1309439,0.004496375552844256,1.2846585035324096,0.010164935361535754,0.04150814339518547,0.0003,1048,152,73.18332375330684,17.97443127632141,24.603574752807617,42.57800602912903,1475,0.6914295017486438,0,0,TRUE,pair,432,7.953473299741745,6.829589211359257,80,0,7.212962962962963,7.953473299741745,0.8340777968987823,8.748093998292461,cpu,cuda:0,0,670.38427734375,51
729,1,DDT600_num150.txt,fixed,3022,8,377.75,15.47376823425293,14.527227401733398,8.84401197254192e-06,-5.973333333,-0.557454738,0.12666666507720947,0.02808716520667076,0.08666666597127914,0.1733333319425583,-0.111370432,-0.100359857,0.00405981092314635,1.3040476952280318,0.008545192403419475,0.031346186729414124,0.0003,1048,152,96.29085630558127,14.555389642715454,16.828691005706787,31.38408064842224,1479,0.6096450980985537,0,0,TRUE,pair,405,5.801193499355577,7.0231634675075805,90,0,7.461728395061728,5.801193499355577,0.6294758982257918,7.772998801199719,cpu,cuda:0,0,670.38232421875,51
730,1,DDT600_num150.txt,fixed,3025,8,378.125,26.17936897277832,17.353683471679688,1.2342623449512757e-05,-6.066666667,-0.529396502,0.12083332985639572,0.04402492940425873,0.06666667014360428,0.18666666746139526,-0.112346563,-0.10285363,0.005797103440272622,1.2391485124826431,0.015102880082849879,0.03524574066977948,0.0003,1055,145,82.94583236758652,17.380069255828857,19.08951473236084,36.4695839881897,1432,0.655620796023868,0,0,TRUE,pair,425,7.697908099391498,6.760330578591213,60,0,7.117647058823529,7.697908099391498,0.871458699228242,8.388140396913514,cpu,cuda:0,0,670.38232421875,52
731,1,DDT600_num150.txt,fixed,3002,8,375.25,13.282978057861328,15.192977905273438,7.784284207446035e-06,-6.186666667,-0.618466917,0.1133333295583725,0.019999999552965164,0.08666666597127914,0.14666666090488434,-0.096253946,-0.084954714,0.0055354632349917665,1.4066966623067856,0.011793786254202132,0.0996460560709238,0.0003,1064,136,87.73147993724899,15.221387386322021,18.996660709381104,34.218048095703125,1463,0.71926859987434,0,0,TRUE,pair,395,6.222950999275781,7.051299133195947,55,0,7.6,6.222950999275781,0.6620887053431943,7.9701240989379585,cpu,cuda:0,0,670.3818359,45
732,1,DDT600_num150.txt,fixed,2846,8,355.75,19.064037322998047,16.823453903198242,1.1699527931341436e-05,-6.453333333,-0.634055937,0.09666667133569717,0.032489314675331116,0.05999999865889549,0.1599999964237213,-0.285831111,-0.27446425,0.005833301285747439,1.4283516108989716,0.019854492566082627,0.043368847807869315,0.0003,1084,116,117.86780341216392,16.855934381484985,7.28976035118103,24.145694732666016,1429,0.6853718996280804,0,0,TRUE,pair,376,7.179660198860802,7.685523542734576,70,0,7.569148936170213,7.179660198860802,0.842429600073956,8.41561759787146,cpu,cuda:0,0,670.37939453125,42
733,1,DDT600_num150.txt,fixed,3150,8,393.75,14.315638542175293,16.117427825927734,1.0359554835304152e-05,-5.933333333,-0.53664153,0.12916666269302368,0.028467819094657898,0.07999999821186066,0.1666666716337204,-0.051196065,-0.039408788,0.0026168574549956247,1.309570997953415,0.009111290499276947,0.0194080155051779,0.0003,1045,155,90.18053474612461,16.143718242645264,18.786214351654053,34.929932594299316,1493,0.6588803027989343,0,0,TRUE,pair,415,6.458203100250103,6.674285713453141,60,0,7.590361445783133,6.458203100250103,0.7104866973822936,8.586243293364532,cpu,cuda:0,0,670.3847656,39
734,1,DDT600_num150.txt,fixed,3006,8,375.75,22.938777923583984,16.92648696899414,1.3621193829749245e-05,-6.026666667,-0.572567308,0.12333333492279053,0.018257416784763336,0.09333333373069763,0.14666666090488434,-0.069350972,-0.057194199,0.003351422351053251,1.383248086486544,0.016394621441057616,0.06296665836790842,0.0003,1052,148,62.5902599989706,16.953529596328735,31.07311224937439,48.026641845703125,1466,0.8005791979376227,0,0,TRUE,pair,406,7.208678998751566,7.335994679374212,65,0,7.403940886699507,7.208678998751566,0.8467048020102084,8.482906500808895,cpu,cuda:0,0,670.3818359,38
735,1,DDT600_num150.txt,fixed,3035,8,379.375,22.928897857666016,16.550559997558594,1.2507321116572712e-05,-5.96,-0.561599951,0.1274999976158142,0.011273124255239964,0.1066666692495346,0.14000000059604645,0.02710025225366865,0.04033721344811576,0.00305423275234976,1.476407996245793,0.01154936068009452,0.0466572539381949,0.0003,1047,153,58.28300579086096,16.58516550064087,35.488332748413086,52.073498249053955,1450,0.6491931978380308,0,0,TRUE,pair,417,7.054115299717523,7.757166392799264,90,0,7.278177458033573,7.054115299717523,0.7514770005363971,8.369122996693477,cpu,cuda:0,0,670.38232421875,40
736,1,DDT600_num150.txt,fixed,3088,8,386,19.685020446777344,15.315196990966797,9.876401236397214e-06,-6.053333333,-0.569321482,0.12166666239500046,0.0257660411298275,0.08666666597127914,0.1599999964237213,-0.29566521,-0.286375156,0.004165239818394184,1.137267804145813,0.01300450749695301,0.04068541396409273,0.0003,1054,146,125.00997634184301,15.343135118484497,9.358893394470215,24.702028512954712,1498,0.6133751982124522,0,0,TRUE,pair,415,6.254231899860315,6.646373053366038,60,0,7.440963855421686,6.254231899860315,0.6615917995804921,8.06138379976619,cpu,cuda:0,0,670.38427734375,40
737,1,DDT600_num150.txt,fixed,3031,8,378.875,21.056100845336914,17.37839126586914,1.0425191248941701e-05,-5.773333333,-0.510058129,0.13916665315628052,0.02196904458105564,0.10000000149011612,0.1666666716337204,0.031668856739997864,0.043242228031158444,0.0031448371009901166,1.3145788431167602,0.009327031006978358,0.01750149726867676,0.0003,1033,167,92.59678985918916,17.409947395324707,15.323368787765503,32.73331618309021,1432,0.6624505002982914,0,0,TRUE,pair,404,7.624673699378036,7.1501154724971885,90,0,7.502475247524752,7.624673699378036,0.8675991971977055,8.48046949878335,cpu,cuda:0,0,670.38232421875,43
738,1,DDT600_num150.txt,fixed,2968,8,371,9.604686737060547,16.624160766601562,8.449575943814125e-06,-6.133333333,-0.566469296,0.11666666716337204,0.01855921559035778,0.09333333373069763,0.15333333611488342,-0.109601808,-0.098313832,0.0033237218449357897,1.2949844226241112,0.012431340570856264,0.050947635900229216,0.0003,1060,140,91.46077107915443,16.655603647232056,15.795467615127563,32.45107126235962,1453,0.6589755014283583,0,0,TRUE,pair,381,7.0775463005993515,7.091644204209114,80,0,7.79002624671916,7.0775463005993515,0.7864334994228557,8.382045105448924,cpu,cuda:0,0,670.3818359,45
739,1,DDT600_num150.txt,fixed,3040,8,380,16.703292846679688,16.92894744873047,1.0726186701504048e-05,-5.973333333,-0.543667416,0.12666666507720947,0.014907118864357471,0.10000000149011612,0.14666666090488434,-0.061343004,-0.050730297,0.003291491319292358,1.2258455327578954,0.013745971090559448,0.042609376300658496,0.0003,1048,152,86.70383720256723,16.9600191116333,18.101866245269775,35.061885356903076,1474,0.6470023014117032,0,0,TRUE,pair,412,7.559529098449275,6.486513156796756,55,0,7.378640776699029,7.559529098449275,0.8037923994706944,8.194837596151046,cpu,cuda:0,0,670.38232421875,45
740,1,DDT600_num150.txt,fixed,3002,8,375.25,15.449514389038086,14.61861515045166,9.882155609375332e-06,-5.933333333,-0.592380393,0.12916666269302368,0.027876215055584908,0.07999999821186066,0.1733333319425583,-0.099726228,-0.089042866,0.004108176962472498,1.273744817574819,0.01193036256202807,0.04322539319594701,0.0003,1045,155,58.129097715011774,14.646507978439331,36.99716305732727,51.6436710357666,1433,0.601226401864551,0,0,TRUE,pair,391,5.876019500545226,6.888740839996313,70,0,7.67774936061381,5.876019500545226,0.6550730001181364,7.7566198002314195,cpu,cuda:0,0,670.3818359,47
741,1,DDT600_num150.txt,fixed,3077,8,384.625,16.14727210998535,15.073161125183105,8.71451720740879e-06,-5.8,-0.577706863,0.13750000298023224,0.024252722039818764,0.1066666692495346,0.18000000715255737,-0.139737503,-0.129456364,0.0043185231916140765,1.2440406704942386,0.007322235356696183,0.04805619107598128,0.0003,1035,165,44.88626710698813,15.106820106506348,53.44421339035034,68.55103349685669,1440,0.5898152013542131,0,0,TRUE,pair,404,6.119243399705738,6.590510236624196,70,0,7.616336633663367,6.119243399705738,0.642107795109041,7.984899603878148,cpu,cuda:0,0,670.38427734375,48
742,1,DDT600_num150.txt,fixed,3005,8,375.625,16.59018898010254,16.63479232788086,1.0315565305063501e-05,-5.973333333,-0.612880062,0.12666666507720947,0.024037007242441177,0.09333333373069763,0.1733333319425583,-0.070398399,-0.060919715,0.005859466336135354,1.2408418910843986,0.013256625380433564,0.059565768244543245,0.0003,1048,152,92.33410759465383,16.664417505264282,15.880435943603516,32.5448534488678,1413,0.608596102334559,0,0,TRUE,pair,406,7.29179159773048,6.746089852947165,70,0,7.401477832512315,7.29179159773048,0.8391895047388971,8.117225697264075,cpu,cuda:0,0,670.3818359,48
743,1,DDT600_num150.txt,fixed,3033,8,379.125,12.613856315612793,15.23050308227539,1.9224877178203315e-05,-5.826666667,-0.618018758,0.13583333790302277,0.02706730365753174,0.07999999821186066,0.1733333319425583,-0.176271685,-0.16704549,0.0045236121778461065,1.1488001888448542,0.01207310051276264,0.05001910822466016,0.0003,1037,163,83.21274812209454,15.272506713867188,21.17623543739319,36.448742151260376,1447,0.6007537981495261,0,0,TRUE,pair,396,6.25269659946207,6.298714142760702,70,0,7.659090909090909,6.25269659946207,0.6456447036471218,8.003911499166861,cpu,cuda:0,0,670.38232421875,48
744,1,DDT600_num150.txt,fixed,3087,8,385.875,23.347578048706055,16.677980422973633,1.2268715181562584e-05,-5.706666667,-0.53333414,0.1433333307504654,0.01855921372771263,0.1133333370089531,0.1733333319425583,-0.076784524,-0.066937834,0.0025547812692821026,1.1124083201090496,0.014660687619349725,0.046103898228870496,0.0003,1028,172,87.8085472551468,16.705487966537476,18.45054292678833,35.156030893325806,1427,0.621455300366506,0,0,TRUE,pair,424,6.965607298770919,5.7013281496898776,80,0,7.28066037735849,6.965607298770919,0.761777201318182,8.577997104730457,cpu,cuda:0,0,670.38427734375,48
745,1,DDT600_num150.txt,fixed,3094,8,386.75,24.24742317199707,17.068927764892578,2.486878292984329e-05,-5.746666667,-0.501176785,0.14083333313465118,0.0422213114798069,0.07333333045244217,0.2133333384990692,0.021572716534137726,0.03284963220357895,0.0018304767852116907,1.2192150609833854,0.009802443079284526,0.038685056780065806,0.0003,1031,169,95.78395413781716,17.09777069091797,15.204090595245361,32.30186128616333,1446,0.6759805991314352,0,0,TRUE,pair,425,7.2463076984276995,5.871363930958044,64,0,7.28,7.2463076984276995,0.7965956928674132,8.641490799956955,cpu,cuda:0,0,670.38427734375,49
746,1,DDT600_num150.txt,fixed,2964,8,370.5,18.788293838500977,14.819003105163574,1.0635713806550484e-05,-6.16,-0.549870286,0.11500000208616257,0.01755942404270172,0.08666666597127914,0.14000000059604645,-0.264532149,-0.254665246,0.0034263316774740815,1.1580068469047546,0.01181856012165857,0.023275936643282574,0.0003,1062,138,111.01092945253012,14.848807334899902,11.851266384124756,26.700073719024658,1437,0.5891292029991746,0,0,TRUE,pair,402,6.203798403148539,6.149122807982801,90,0,7.373134328358209,6.203798403148539,0.6651846959721297,7.623414897359908,cpu,cuda:0,0,670.3818359,49
747,1,DDT600_num150.txt,fixed,3117,8,389.625,31.116464614868164,18.288206100463867,5.778983177151531e-05,-5.64,-0.485771804,0.14749999344348907,0.02612735889852047,0.09333333373069763,0.1733333319425583,-0.060912391,-0.050889555,0.0031286134714415916,1.1587141801913579,0.011679142182401847,0.05208912077553881,0.0003,1023,177,42.64280918272459,18.325146913528442,54.77041268348694,73.09555959701538,1455,0.6879327978240326,0,0,TRUE,pair,434,7.98599720094353,5.887712542353665,90,0,7.182027649769585,7.98599720094353,0.8876773966476321,8.992967002093792,cpu,cuda:0,0,670.38427734375,50
748,1,DDT600_num150.txt,fixed,2999,8,374.875,21.467636108398438,15.168994903564453,1.1655718481051736e-05,-5.906666667,-0.563803992,0.13083332777023315,0.025590253993868828,0.09333333373069763,0.1666666716337204,-0.104969053,-0.094827402,0.002815728323184885,1.154951736330986,0.01278753396763932,0.04372335795778781,0.0003,1043,157,92.49650399267888,15.211669683456421,17.211177349090576,32.422847032547,1438,0.5859598008682951,0,0,TRUE,pair,402,6.470870598917827,5.899299766032367,65,0,7.460199004975125,6.470870598917827,0.6920324001694098,7.6716333066578954,cpu,cuda:0,0,670.3818359,51
749,1,DDT600_num150.txt,fixed,2959,8,369.875,23.99186134338379,16.59086036682129,3.5085624404018745e-05,-5.986666667,-0.56165277,0.12583333253860474,0.029895653948187828,0.08666666597127914,0.18000000715255737,0.0696187000721693,0.08167642603317897,0.002379787057482948,1.3247615297635396,0.015000191667544035,0.024847506312653422,0.0003,1049,151,95.33674036224171,16.617995023727417,14.419357299804688,31.037352323532104,1426,0.6364615976344794,0,0,TRUE,pair,411,7.06232750043273,6.449138221888979,55,0,7.199513381995134,7.06232750043273,0.8073078010929748,8.338691495242529,cpu,cuda:0,0,670.3818359,51
750,1,DDT600_num150.txt,fixed,3036,8,379.5,21.587032318115234,15.38650131225586,1.2475466974137817e-05,-6.16,-0.608091791,0.11499999463558197,0.021538080647587776,0.07333333045244217,0.14666666090488434,-0.104267482,-0.094423536,0.004313705794629641,1.2000801861286163,0.010980342279253819,0.044408716494217515,0.0003,1062,138,91.10655409342006,15.416133880615234,17.90748405456543,33.323617935180664,1464,0.6011330008041114,0,0,TRUE,pair,407,6.443570698611438,6.194005270799001,52,0,7.45945945945946,6.443570698611438,0.6870496997144073,7.91383770108223,cpu,cuda:0,0,670.38232421875,51
751,1,DDT600_num150.txt,fixed,3108,8,388.5,26.339134216308594,17.333477020263672,1.338545644102851e-05,-6,-0.547628874,0.1249999925494194,0.04530759155750275,0.07333333045244217,0.20000000298023224,-0.132752102,-0.124461273,0.006112130850346552,1.1346895164913602,0.04244249179949596,0.04102226346731186,0.0003,1050,150,75.35315165808275,17.36878752708435,23.876998901367188,41.24578642845154,1479,0.6762530001578853,0,0,TRUE,pair,441,7.384485100978054,5.769305020455688,80,0,7.0476190476190474,7.384485100978054,0.8710827006725594,8.666637202142738,cpu,cuda:0,0,670.38427734375,51
752,1,DDT600_num150.txt,fixed,3047,8,380.875,21.745330810546875,16.243608474731445,9.655216672399547e-06,-5.946666667,-0.571393464,0.12833333015441895,0.022546250373125076,0.10000000149011612,0.18000000715255737,-0.429368787,-0.420877427,0.0039699182962067425,1.0476311892271042,0.03528111816922319,0.04495616257190704,0.0003,1046,154,139.55542369300218,16.27170443534851,5.561914920806885,21.833619356155396,1454,0.7477284991182387,0,0,TRUE,pair,428,6.697048800764605,6.490318346070508,80,0,7.119158878504673,6.697048800764605,0.7372608052100986,8.441873895353638,cpu,cuda:0,0,579.9169922,51
753,1,DDT600_num150.txt,fixed,3039,8,379.875,20.847286224365234,17.262557983398438,4.1640745621407405e-05,-5.906666667,-0.485335029,0.13083332777023315,0.029988422989845276,0.08666666597127914,0.1733333319425583,-0.29648537,-0.287149334,0.00257097645662725,1.0621524930000306,0.011942203890066594,0.021678522787988187,0.0003,1043,157,123.18157345607723,17.300352811813354,7.370544910430908,24.670897722244263,1437,0.7605708028422669,0,0,TRUE,pair,409,7.414475199999288,6.134912797282031,56,0,7.430317848410758,7.414475199999288,0.8280941979028285,8.624067901750095,cpu,cuda:0,0,670.38232421875,50
754,1,DDT600_num150.txt,fixed,3053,8,381.625,15.386175155639648,15.667949676513672,9.69047596299788e-06,-5.946666667,-0.446512379,0.12833333015441895,0.028235124424099922,0.07999999821186066,0.1666666716337204,-0.202424192,-0.192701588,0.0022576838752932167,1.0851441892710598,0.01729699661584825,0.04779782484878193,0.0003,1046,154,76.01446878577163,15.69549012184143,24.467916250228882,40.16340637207031,1434,0.7120053000980988,0,0,TRUE,pair,405,6.405918798409402,6.053062562586399,80,0,7.538271604938272,6.405918798409402,0.6897649945458397,8.220055704470724,cpu,cuda:0,0,670.38232421875,50
755,1,DDT600_num150.txt,fixed,3031,8,378.875,23.603164672851562,15.71098804473877,1.4221423043636605e-05,-5.693333333,-0.380743186,0.14416666328907013,0.027676202356815338,0.1133333370089531,0.20666666328907013,0.033711908757686614,0.04341009333729744,0.0018473540665581822,1.062186098098755,0.011362119489058386,0.025322916731238366,0.0003,1027,173,99.94695719719351,15.73807954788208,14.588006258010864,30.326085805892944,1419,0.7303985037142411,0,0,TRUE,pair,418,6.569558999850415,5.774331902796897,60,0,7.251196172248804,6.569558999850415,0.7144434954971075,8.075073102139868,cpu,cuda:0,0,670.38232421875,51
756,1,DDT600_num150.txt,fixed,3103,8,387.875,29.053560256958008,17.28667640686035,1.0249225852021482e-05,-5.44,-0.38554254,0.1599999964237213,0.03999999910593033,0.09333333373069763,0.2199999988079071,-0.056899134,-0.047537515,0.0021287558234429787,1.0425994055611747,0.013370850913426173,0.03449634715382542,0.0003,1008,192,94.09756946571513,17.327106475830078,15.649303197860718,32.976409673690796,1418,0.6309402040205896,0,0,TRUE,pair,412,7.6688784008147195,5.675475345593747,70,0,7.531553398058253,7.6688784008147195,0.844974803738296,8.387043298454955,cpu,cuda:0,0,670.38427734375,47
757,1,DDT600_num150.txt,fixed,3115,8,389.375,18.28891372680664,15.93474006652832,9.678737114882097e-06,-5.293333333,-0.345444284,0.1691666543483734,0.02980259247124195,0.14000000059604645,0.2266666740179062,0.0013843668358666556,0.011357902416161128,0.002239976011748825,1.1093528526169913,0.013504293453089693,0.023475981184414456,0.0003,997,203,93.62453706031299,15.963812589645386,17.307379961013794,33.27119255065918,1416,0.6922410003608093,0,0,TRUE,pair,428,6.8085073014954105,5.620224719024585,56,0,7.27803738317757,6.8085073014954105,0.7009231966221705,8.08145649987273,cpu,cuda:0,0,670.38427734375,42
758,1,DDT600_num150.txt,fixed,3118,8,389.75,27.384986877441406,15.750154495239258,1.2794883332389873e-05,-5.613333333,-0.406137908,0.14916665852069855,0.029427407309412956,0.11999999731779099,0.2199999988079071,-0.031186977,-0.021181324,0.0017516785633883306,1.0881492836134774,0.01023222176341473,0.036840188183954785,0.0003,1021,179,88.68622506014384,15.783832550048828,19.373825788497925,35.15765833854675,1426,0.6146904992638156,0,0,TRUE,pair,440,6.451318701496348,5.702052597513254,50,0,7.086363636363636,6.451318701496348,0.6842769018840045,8.267352603143081,cpu,cuda:0,0,670.38427734375,40
759,1,DDT600_num150.txt,fixed,3036,8,379.5,21.183719635009766,15.968175888061523,9.933789442584384e-06,-5.64,-0.404045924,0.14750000834465027,0.032903481274843216,0.10000000149011612,0.20000000298023224,0.08869298696517944,0.10018076598644257,0.0013866605469956994,1.2181111812591552,0.011919594858773053,0.0363241583108902,0.0003,1023,177,111.4475006231881,15.99710726737976,11.244418859481812,27.241526126861572,1417,0.6068890962051228,0,0,TRUE,pair,409,6.847091801930219,5.900527008515887,50,0,7.422982885085575,6.847091801930219,0.7339271019445732,8.033992399112321,cpu,cuda:0,0,670.38232421875,39
760,1,DDT600_num150.txt,fixed,3105,8,388.125,27.37442970275879,17.190872192382812,1.1777008694480173e-05,-5.586666667,-0.406114094,0.1508333384990692,0.02559025213122368,0.10000000149011612,0.19333332777023315,-0.004797509,0.00482200990830149,0.0012325211095490626,1.0235779881477356,0.01443933419484113,0.03312298336199352,0.0003,1019,181,96.37399936129621,17.223673582077026,14.99455976486206,32.21823334693909,1422,0.6433693018043414,0,0,TRUE,pair,427,7.254917699377984,5.647987114404135,60,0,7.2716627634660425,7.254917699377984,0.8036090986570343,8.743159297970124,cpu,cuda:0,0,670.38427734375,37
761,1,DDT600_num150.txt,fixed,2986,8,373.25,23.878599166870117,17.540834426879883,1.6366007912438363e-05,-5.88,-0.445308957,0.13250000774860382,0.025262512266635895,0.09333333373069763,0.1666666716337204,-0.151117106,-0.142056897,0.0020596472119602063,1.0090042054653168,0.011290959640367268,0.03592912914852301,0.0003,1041,159,89.61089578542597,17.57373047,15.748110294342041,33.32184076309204,1393,0.6879610989708453,0,0,TRUE,pair,416,7.555636100121774,5.7726054897423325,65,0,7.177884615384615,7.555636100121774,0.7975405032048002,8.783269703621045,cpu,cuda:0,0,670.3818359,39
762,1,DDT600_num150.txt,fixed,3042,8,380.25,33.15776824951172,15.66193962097168,1.667226206336636e-05,-5.666666667,-0.444723572,0.1458333432674408,0.04949045926332474,0.08666666597127914,0.23333333432674408,-0.235413897,-0.226829529,0.0025835384407805074,0.9876126580768161,0.013367205984751409,0.04290932357414729,0.0003,1025,175,75.24021501984619,15.693668127059937,24.736838340759277,40.430506467819214,1423,0.6090114006074145,0,0,TRUE,pair,434,6.6153862996725366,5.494740300943474,50,0,7.009216589861751,6.6153862996725366,0.710660902550444,7.98860260238871,cpu,cuda:0,0,670.38232421875,41
763,1,DDT600_num150.txt,fixed,3182,8,397.75,20.974687576293945,17.98587417602539,1.2669877833104692e-05,-5.506666667,-0.424030411,0.15583333373069763,0.029988422989845276,0.1133333370089531,0.20000000298023224,-0.069210172,-0.060561694,0.0016880606417544186,0.9492500027020773,0.010310842791416993,0.046162914019078016,0.0003,1013,187,95.67754753725045,18.015148639678955,15.242392778396606,33.25754141807556,1448,0.7154504989739507,0,0,TRUE,pair,436,7.682932200841606,5.397548709703945,60,0,7.298165137614679,7.682932200841606,0.7488595964387059,9.150509600178339,cpu,cuda:0,0,670.3847656,42
764,1,DDT600_num150.txt,fixed,3145,8,393.125,33.594783782958984,15.117029190063477,1.7314507203991525e-05,-5.573333333,-0.42734598,0.15166667103767395,0.024209730327129364,0.1133333370089531,0.18666666746139526,0.05387143480281035,0.06455530474583308,0.0011711046390701085,1.1269425650437672,0.028323504820339924,0.04965029160181681,0.0003,1018,182,101.13171004057371,15.149894714355469,15.94816541671753,31.098060131072998,1435,0.5874920981004834,0,0,TRUE,pair,458,6.068675200687721,5.5046104943619625,48,0,6.866812227074236,6.068675200687721,0.6370860990136862,8.079772101598792,cpu,cuda:0,0,670.3847656,43
765,1,DDT600_num150.txt,fixed,3121,8,390.125,22.871583938598633,16.632488250732422,1.3248866707726847e-05,-5.666666667,-0.434612851,0.1458333283662796,0.025698572397232056,0.1133333370089531,0.18666666746139526,-0.184102922,-0.17439727,0.0020303246980932143,1.0720813508544649,0.008044902160950837,0.030341566806393012,0.0003,1025,175,70.78130069043388,16.659770488739014,27.433796167373657,44.09356665611267,1444,0.7586808982305229,0,0,TRUE,pair,423,7.006406100699678,5.756808714544265,60,0,7.378250591016548,7.006406100699678,0.7593025016831234,8.499136401922442,cpu,cuda:0,0,670.38427734375,45
766,1,DDT600_num150.txt,fixed,3091,8,386.375,31.152597427368164,18.102075576782227,1.4431710951612331e-05,-5.4,-0.375588223,0.16249999403953552,0.04228704795241356,0.10000000149011612,0.2266666740179062,-0.038400111,-0.027829595,0.0014502501968915265,1.129563421010971,0.010737921886175172,0.03158163403471311,0.0003,1005,195,93.79449460354385,18.134973526000977,14.8200523853302,32.95502591133118,1427,0.6725834996905178,0,0,TRUE,pair,445,8.004440900753252,5.491103200918646,45,0,6.9460674157303375,8.004440900753252,0.8640621998347342,8.824956805096008,cpu,cuda:0,0,670.38427734375,46
767,1,DDT600_num150.txt,fixed,3009,8,376.125,29.382978439331055,14.630071640014648,1.5502708265557885e-05,-6.066666667,-0.445836306,0.12083333730697632,0.02989565208554268,0.07999999821186066,0.18666666746139526,-0.014037333,-0.003272876,0.0016310086648445576,1.1579964756965637,0.01484907150734216,0.023075226694345474,0.0003,1055,145,125.83151870253,14.660932779312134,9.251994848251343,23.912927627563477,1421,0.5798994987271726,0,0,TRUE,pair,437,5.960622498183511,5.780658027269231,60,0,6.88558352402746,5.960622498183511,0.6145650967955589,7.738590000197291,cpu,cuda:0,0,670.38232421875,46
768,1,DDT600_num150.txt,fixed,3053,8,381.625,32.88212966918945,18.001949310302734,1.9718239855137654e-05,-5.853333333,-0.442709481,0.1341666579246521,0.04033712297677994,0.05999999865889549,0.18666666746139526,-0.034330703,-0.023655025,0.0020187788031762466,1.1685066670179367,0.015363669401267543,0.046330555342137814,0.0003,1039,161,85.16983122436537,18.029247522354126,17.816778659820557,35.84602618217468,1420,0.6974838024470955,0,0,TRUE,pair,423,7.671314798761159,5.999017359739517,65,0,7.217494089834515,7.671314798761159,0.8706284937215969,9.04302089731209,cpu,cuda:0,0,670.38232421875,48
769,1,DDT600_num150.txt,fixed,3140,8,392.5,19.84943389892578,15.943742752075195,1.0993138857884333e-05,-5.546666667,-0.424214314,0.15333332121372223,0.03333333134651184,0.09333333373069763,0.20666666328907013,-0.03244362,-0.021244742,0.001757365360390395,1.2077548503875732,0.021459343581227586,0.026485048234462738,0.0003,1016,184,120.96508318596295,15.976467847824097,9.981436014175415,25.95790386199951,1475,0.6123175005195662,0,0,TRUE,pair,424,6.6193369997199625,5.94171974522293,60,0,7.40566037735849,6.6193369997199625,0.7002480941591784,8.27491510193795,cpu,cuda:0,0,670.3847656,48
770,1,DDT600_num150.txt,fixed,2959,8,369.875,24.497129440307617,16.2425537109375,1.0293499144609086e-05,-6.013333333,-0.475160756,0.12416666746139526,0.02706730179488659,0.07999999821186066,0.1599999964237213,-0.014835268,-0.004734556,0.002582708567691346,1.1392070204019547,0.015670722282569233,0.020073402828226488,0.0003,1051,149,98.5292234783428,16.273343563079834,13.758355617523193,30.031699180603027,1412,0.6179046019678935,0,0,TRUE,pair,407,7.044198300456628,6.470429200423493,55,0,7.27027027027027,7.044198300456628,0.7783461014041677,8.057924497989006,cpu,cuda:0,0,670.3818359,49
771,1,DDT600_num150.txt,fixed,3092,8,386.5,24.601829528808594,16.523147583007812,1.0204760656051803e-05,-5.6,-0.478350642,0.15000000596046448,0.03109126351773739,0.09333333373069763,0.19333332777023315,-0.356698183,-0.348554535,0.002682516089407727,0.9484913498163223,0.015452103114512283,0.028254785807803273,0.0003,1020,180,126.71537767887126,16.550447940826416,7.85069465637207,24.401142597198486,1440,0.643735800171271,0,0,TRUE,pair,417,6.994575100601651,5.951811125330907,70,0,7.414868105515588,6.994575100601651,0.7350953998975456,8.430167803657241,cpu,cuda:0,0,670.38427734375,49
772,1,DDT600_num150.txt,fixed,3028,8,378.5,23.048860549926758,14.998013496398926,1.178183447336778e-05,-5.693333333,-0.479735837,0.14416666328907013,0.049095991998910904,0.07999999821186066,0.23999999463558197,-0.119114883,-0.107488289,0.001947322947671637,1.2600262463092804,0.016479250494739972,0.02042346354573965,0.0003,1027,173,130.1322265747796,15.025998592376709,8.242641925811768,23.268640518188477,1429,0.5837984001263976,0,0,TRUE,pair,427,6.178906799526885,6.595772785743603,90,0,7.091334894613583,6.178906799526885,0.6622695021796972,7.825252906768583,cpu,cuda:0,0,670.38232421875,49
773,1,DDT600_num150.txt,fixed,3092,8,386.5,20.65187644958496,15.746074676513672,1.1636194358288776e-05,-5.64,-0.467467871,0.14750000834465027,0.03044804185628891,0.1133333370089531,0.2199999988079071,0.07795318712790807,0.089681309958299,0.0018401795726579924,1.2648209929466248,0.013536759060419476,0.04115729779005051,0.0003,1023,177,106.83671824429696,15.775755405426025,13.165605306625366,28.94136071205139,1455,0.6009017006726936,0,0,TRUE,pair,431,6.513465899974108,6.283958603154487,60,0,7.174013921113689,6.513465899974108,0.6916777013102546,8.19481599854771,cpu,cuda:0,0,670.38427734375,49
774,1,DDT600_num150.txt,fixed,3067,8,383.375,27.133638381958008,17.523338317871094,1.0425191248941701e-05,-5.813333333,-0.494726137,0.1366666704416275,0.03590109944343567,0.09333333373069763,0.20666666328907013,0.1578282356262207,0.1705776035785675,0.0016948984935879706,1.3596810817718505,0.01916918326205632,0.018240950629115106,0.0003,1036,164,103.8695984417861,17.555352210998535,11.972055673599243,29.52740788459778,1442,0.6625548996962607,0,0,TRUE,pair,433,7.542005401104689,6.4316922047257155,60,0,7.083140877598153,7.542005401104689,0.8918267992557958,8.685133701539598,cpu,cuda:0,0,670.38232421875,49
775,1,DDT600_num150.txt,fixed,3091,8,386.375,20.444665908813477,15.900652885437012,1.2520948075689375e-05,-5.653333333,-0.495151454,0.14666666090488434,0.029439201578497887,0.1066666692495346,0.18666666746139526,0.05275497088829676,0.06396474999686082,0.0020901976774136224,1.2254874010880787,0.010846220994911468,0.017496131360530853,0.0003,1024,176,95.05915676035866,15.930049419403076,16.586544513702393,32.51659393310547,1432,0.6099362999666482,0,0,TRUE,pair,422,6.569053699960932,6.553219021735782,90,0,7.3246445497630335,6.569053699960932,0.762192199123092,8.207746703410521,cpu,cuda:0,0,670.38427734375,50
776,1,DDT600_num150.txt,fixed,2969,8,371.125,10.481382369995117,15.095277786254883,1.9674949726322666e-05,-5.853333333,-0.526006736,0.1341666579246521,0.01839006133377552,0.1066666692495346,0.1599999964237213,-0.056348722,-0.045783324,0.003780455844077681,1.245562425681523,0.015381972101749852,0.04361194239131042,0.0003,1039,161,58.535687948414505,15.152599096298218,35.56859517097473,50.72119426727295,1415,0.608526703203097,0,0,TRUE,pair,386,6.186811500112526,6.603233411441391,65,0,7.691709844559585,6.186811500112526,0.6581182023510337,7.920455999090336,cpu,cuda:0,0,670.3818359,51
777,1,DDT600_num150.txt,fixed,3158,8,394.75,15.303186416625977,17.272783279418945,1.1641078344837297e-05,-5.506666667,-0.508862202,0.15583333373069763,0.033983245491981506,0.1066666692495346,0.20666666328907013,-0.01574604,-0.004767947,0.0026292104351644716,1.2292700111865997,0.029895666496789392,0.02241566280523936,0.0003,1013,187,100.39586532158846,17.30931305885315,14.146165609359741,31.45547866821289,1489,0.7456678994931281,0,0,TRUE,pair,425,7.453879798995331,6.11589613521001,70,0,7.430588235294118,7.453879798995331,0.8291061950149015,8.59822040097788,cpu,cuda:0,0,670.3847656,50
778,1,DDT600_num150.txt,fixed,2990,8,373.75,21.434494018554688,16.768482208251953,9.24621599551756e-06,-5.973333333,-0.544216183,0.12666666507720947,0.031269438564777374,0.09333333373069763,0.19333332777023315,-0.005083283,0.005295609434445699,0.004338252125307918,1.2548027634620667,0.012574407113182437,0.02830967182914416,0.0003,1048,152,91.5388049144044,16.797969341278076,15.865773677825928,32.663743019104004,1453,0.6555848981952295,0,0,TRUE,pair,410,7.326583600020967,6.667224079868865,80,0,7.2926829268292686,7.326583600020967,0.7949904014822096,8.267750300001353,cpu,cuda:0,0,670.3818359,52
779,1,DDT600_num150.txt,fixed,3155,8,394.375,21.4180850982666,17.809362411499023,1.261592569790082e-05,-5.706666667,-0.532924959,0.1433333307504654,0.028087163344025612,0.10000000149011612,0.19333332777023315,-0.759617209,-0.757590473,0.007074958179146051,0.5564234852790833,0.061698321253061295,0.008333333767950535,0.0003,1028,172,151.61613669689052,17.83604860305786,2.9730820655822754,20.809130668640137,1465,0.6630575999151915,0,0,TRUE,pair,432,7.916952099185437,6.294453247300041,65,0,7.3032407407407405,7.916952099185437,0.852629502187483,8.63798610214144,cpu,cuda:0,0,628.8916016,52
780,1,DDT600_num150.txt,fixed,3159,8,394.875,18.401342391967773,15.400511741638184,8.990625246951822e-06,-5.36,-0.498988594,0.16499999165534973,0.015898987650871277,0.14666666090488434,0.19333332777023315,0.026541031897068024,0.038380067174633346,0.0016434541709410648,1.2660758097966511,0.014133249924877115,0.03276053381462892,0.0003,1002,198,103.1652385962262,15.427714347839355,15.19306492805481,30.620779275894165,1471,0.6966654001735151,0,0,TRUE,pair,414,6.280644699698314,6.1329534643245065,55,0,7.630434782608695,6.280644699698314,0.6660361979156733,8.115176896797493,cpu,cuda:0,0,670.3847656,51
781,1,DDT600_num150.txt,fixed,3171,8,396.375,13.443748474121094,16.027795791625977,8.66217669681646e-06,-5.386666667,-0.48721261,0.16333334147930145,0.036055512726306915,0.09333333373069763,0.2266666740179062,-0.064060831,-0.053890799,0.0022619425532563278,1.1300996219118435,0.0109120351595872,0.039181954227387905,0.0003,1004,196,79.8170505598922,16.057844161987305,23.670509338378906,39.72835350036621,1464,0.6159218022366986,0,0,TRUE,pair,418,6.614600599743426,6.006937873660484,50,0,7.586124401913875,6.614600599743426,0.7294692032737657,8.205294403946027,cpu,cuda:0,0,670.3847656,46
782,1,DDT600_num150.txt,fixed,3108,8,388.5,26.004806518554688,17.459863662719727,1.4225420272850897e-05,-5.373333333,-0.459678029,0.1641666740179062,0.0576326958835125,0.08666666597127914,0.24666666984558105,-0.025637637,-0.014589272,0.0018803677909697096,1.198854386806488,0.01316112074952495,0.018021096475422382,0.0003,1003,197,100.65043062101877,17.49072551727295,13.388427019119263,30.879152536392212,1422,0.7609962951391935,0,0,TRUE,pair,430,7.41851230035536,6.093629343092365,56,0,7.227906976744186,7.41851230035536,0.8152377044316381,8.83357729529962,cpu,cuda:0,0,670.38427734375,42
783,1,DDT600_num150.txt,fixed,3206,8,400.75,17.512495040893555,17.207117080688477,7.62939453125e-06,-5.24,-0.439269408,0.17249998450279236,0.03373713791370392,0.12666666507720947,0.24666666984558105,-0.154618919,-0.146083426,0.0020137708634138107,0.9542375028133392,0.010904199318611063,0.045471088401973246,0.0003,993,207,114.52713961512266,17.23332977294922,10.760035037994385,27.993364810943604,1439,0.6702586025930941,0,0,TRUE,pair,422,7.2705244002863765,6.021834059499311,75,0,7.597156398104265,7.2705244002863765,0.7921012965962291,8.75403799279593,cpu,cuda:0,0,670.3867188,41
784,1,DDT600_num150.txt,fixed,3043,8,380.375,28.053241729736328,17.805866241455078,1.2507321116572712e-05,-5.373333333,-0.447332225,0.1641666740179062,0.04122263565659523,0.1133333370089531,0.23333333432674408,-0.539495371,-0.531893127,0.0025574750907253474,0.8880977630615234,0.020565770286339102,0.01343753025867045,0.0003,1003,197,119.99477979571247,17.837775945663452,7.521660566329956,25.359436511993408,1422,0.6833262017462403,0,0,TRUE,pair,421,7.802688900381327,6.017417020559546,60,0,7.228028503562945,7.802688900381327,0.8402450969442725,8.754740995471366,cpu,cuda:0,0,586.9267578,40
785,1,DDT600_num150.txt,fixed,3003,8,375.375,27.312713623046875,15.608365058898926,1.3608668268716428e-05,-5.773333333,-0.463642326,0.1391666680574417,0.02548147179186344,0.1066666692495346,0.1733333319425583,-0.161684287,-0.152122816,0.0022459402098320425,1.0684445589780807,0.011267179866263178,0.046362701803445816,0.0003,1033,167,80.33312433935458,15.638254404067993,21.74358558654785,37.381839990615845,1419,0.6329510007053614,0,0,TRUE,pair,419,6.671169401612133,6.158508154300304,100,0,7.167064439140812,6.671169401612133,0.6852880027145147,7.904441691469401,cpu,cuda:0,0,670.3818359,40
786,1,DDT600_num150.txt,fixed,3135,8,391.875,20.43549346923828,17.073373794555664,1.1987500329269096e-05,-5.36,-0.403798006,0.16500002145767212,0.028625939041376114,0.1066666692495346,0.20666666328907013,-0.1428908,-0.134957686,0.0017819736967794597,0.8824102878570557,0.009491445423918776,0.026659349736291915,0.0003,1002,198,127.40002818097885,17.10151767730713,7.506012201309204,24.607529878616333,1437,0.7028974022250623,0,0,TRUE,pair,417,7.444237499963492,5.430303030074879,45,0,7.517985611510792,7.444237499963492,0.8183898973511532,8.427894699154422,cpu,cuda:0,0,670.38427734375,38
787,1,DDT600_num150.txt,fixed,3007,8,375.875,32.586185455322266,14.596135139465332,1.9289816918899305e-05,-5.666666667,-0.423668617,0.1458333432674408,0.04514636471867561,0.10000000149011612,0.2199999988079071,-0.086989843,-0.077733913,0.002727919474377164,1.0619890945298331,0.015493252307351213,0.04440425070268767,0.0003,1025,175,90.72619354361248,14.623989582061768,18.519691228866577,33.143680810928345,1430,0.6991174012655392,0,0,TRUE,pair,425,5.928816399420612,5.8806119069808895,65,0,7.075294117647059,5.928816399420612,0.6164471986703575,7.7360059027560055,cpu,cuda:0,0,670.3818359,40
788,1,DDT600_num150.txt,fixed,3181,8,397.625,22.42173957824707,16.446027755737305,1.2342623449512757e-05,-5.066666667,-0.385330809,0.18333332240581512,0.022852182388305664,0.15333333611488342,0.2199999988079071,0.012909104426701864,0.021188730994860332,0.0011246950986484687,0.8841972549756368,0.011135928652947769,0.006564096625273426,0.0003,980,220,134.90521822389167,16.47299027442932,7.105472803115845,23.57951784133911,1400,0.5962624044623226,0,0,TRUE,pair,427,7.000859700725414,5.39170072319297,72,0,7.4496487119437935,7.000859700725414,0.7431860994547606,8.34376639907714,cpu,cuda:0,0,670.3847656,40
789,1,DDT600_num150.txt,fixed,3060,8,382.5,23.99479103088379,16.641557693481445,9.560555554344319e-06,-5.333333333,-0.401718666,0.1666666716337204,0.03711843118071556,0.11999999731779099,0.24666666984558105,-0.107136642,-0.097290383,0.0015380781630731442,1.0615293817086653,0.013450682279653847,0.038807712495326996,0.0003,1000,200,76.07735598299533,16.67898678779602,23.54323124885559,40.22221803665161,1420,0.6312689011683688,0,0,TRUE,pair,433,7.308967999415472,5.701307190711202,50,0,7.066974595842956,7.308967999415472,0.7670196022372693,8.196235807379708,cpu,cuda:0,0,670.38232421875,43
790,1,DDT600_num150.txt,fixed,3155,8,394.375,26.9533748626709,17.923816680908203,1.2379412510199472e-05,-5.186666667,-0.386339284,0.1758333444595337,0.039431724697351456,0.12666666507720947,0.23999999463558197,0.02836825077732404,0.03801199048757553,0.001364836663318177,1.0326158305009205,0.013755663661868311,0.022333092677096527,0.0003,989,211,96.02083942955721,17.9530189037323,14.904431819915771,32.85745072364807,1445,0.7798663000576198,0,0,TRUE,pair,448,7.5647416992578655,5.557527733378101,60,0,7.042410714285714,7.5647416992578655,0.8875487018376589,9.053599503124133,cpu,cuda:0,0,670.3847656,45
791,1,DDT600_num150.txt,fixed,3237,8,404.625,21.719446182250977,17.448406219482422,9.416778993909247e-06,-4.92,-0.362992041,0.1925000101327896,0.01956116035580635,0.14666666090488434,0.2133333384990692,-0.038385204,-0.029563152,0.0009554061814144786,0.9299755884068353,0.015057186311293793,0.05856899604467409,0.0003,969,231,70.3620989672404,17.488415241241455,28.51646590232849,46.004881143569946,1437,0.6287745013833046,0,0,TRUE,pair,438,7.57098270021379,5.150447946070593,48,0,7.390410958904109,7.57098270021379,0.7735858991509303,8.72401299700141,cpu,cuda:0,0,670.3867188,45
792,1,DDT600_num150.txt,fixed,3071,8,383.875,20.36195945739746,15.975221633911133,9.356220289191697e-06,-5.586666667,-0.404526483,0.1508333384990692,0.018837759271264076,0.11999999731779099,0.18000000715255737,-0.129035722,-0.119458165,0.0013437320812954567,1.024942733347416,0.011213723162654787,0.03285771037917584,0.0003,1019,181,88.49081951998593,16.006500005722046,18.697664976119995,34.70416498184204,1417,0.6186909014359117,0,0,TRUE,pair,416,6.715745599358343,5.638554217799096,60,0,7.382211538461538,6.715745599358343,0.6970632987795398,8.212745002354495,cpu,cuda:0,0,670.38232421875,47
793,1,DDT600_num150.txt,fixed,3087,8,385.875,37.20362091064453,15.510258674621582,1.74420747498516e-05,-5.24,-0.408218185,0.17249999940395355,0.03455068916082382,0.11999999731779099,0.2199999988079071,0.0049804141744971275,0.014378646521696023,0.0011672209199917103,0.9981837038482938,0.018694780143310448,0.0886497630937291,0.0003,993,207,70.41441968537512,15.540408849716187,28.30004334449768,43.84045219421387,1390,0.5779740007128567,0,0,TRUE,pair,435,6.445188200566918,5.380304501286053,60,0,7.096551724137931,6.445188200566918,0.6734553015558049,8.05323500558734,cpu,cuda:0,0,670.38427734375,48
794,1,DDT600_num150.txt,fixed,3080,8,385,28.513154983520508,18.367332458496094,1.4712571100972127e-05,-5.453333333,-0.430216645,0.15916666388511658,0.03879253938794136,0.09333333373069763,0.20666666328907013,-0.167338636,-0.158292173,0.0020861775423823433,1.0089551508426666,0.015369444037787616,0.046786105683581394,0.0003,1009,191,72.78045383697416,18.401557207107544,23.917497396469116,42.31905460357666,1423,0.7890758001012728,0,0,TRUE,pair,423,8.199545900104567,5.72662337755228,60,0,7.281323877068558,8.199545900104567,0.8497092004399747,8.906323201605119,cpu,cuda:0,0,670.38427734375,49
795,1,DDT600_num150.txt,fixed,3053,8,381.625,20.217180252075195,15.088593482971191,1.146890008385526e-05,-5.36,-0.406451119,0.16499999165534973,0.016244657337665558,0.14000000059604645,0.20000000298023224,-0.394698977,-0.38698208,0.0016954768681898714,0.8564643621444702,0.017680240128538572,0.04045313452370465,0.0003,1002,198,123.71782287488682,15.120882272720337,9.556241273880005,24.677123546600342,1382,0.5649848014581949,0,0,TRUE,pair,420,6.2868456995347515,5.341631183068244,40,0,7.269047619047619,6.2868456995347515,0.6603991015581414,7.8130393964238465,cpu,cuda:0,0,670.38232421875,50
796,1,DDT600_num150.txt,fixed,3184,8,398,23.874671936035156,17.330020904541016,4.2312414734624326e-05,-5.04,-0.33297216,0.1850000023841858,0.03570714220404625,0.14000000059604645,0.24666666984558105,-0.202012935,-0.193298216,0.001177230104804039,0.9303330510854722,0.016578711170586756,0.06333457548171281,0.0003,978,222,52.32770575674692,17.360244750976562,43.48706269264221,60.847307443618774,1395,0.6115588020766154,0,0,TRUE,pair,435,7.590764699969441,5.3470477386185875,70,0,7.319540229885058,7.590764699969441,0.8516660989262164,8.495628399308771,cpu,cuda:0,0,670.3847656,51
797,1,DDT600_num150.txt,fixed,3090,8,386.25,21.21173095703125,14.52651596069336,9.05362958292244e-06,-4.986666667,-0.310937958,0.18833333253860474,0.03492054343223572,0.13333334028720856,0.23333333432674408,-0.237973904,-0.230443267,0.0013399312544303636,0.8200598657131195,0.011812379797144482,0.028712191929419834,0.0003,974,226,105.61331797663048,14.557640790939331,14.700032949447632,29.257673740386963,1388,0.5631492011016235,0,0,TRUE,pair,428,5.859791099908762,5.420064726616572,75,0,7.219626168224299,5.859791099908762,0.6176291012670845,7.730361102381721,cpu,cuda:0,0,670.38427734375,51
798,1,DDT600_num150.txt,fixed,3178,8,397.25,31.657344818115234,16.89430809020996,1.5018477824924048e-05,-5,-0.311296534,0.1875000149011612,0.035345517098903656,0.11999999731779099,0.23333333432674408,-0.063094305,-0.054285987,0.0010320219549943101,0.9324329874732278,0.008316291855325371,0.020128810608928852,0.0003,975,225,75.49332675597265,16.921854972839355,25.174581050872803,42.09643602371216,1410,0.6066492982208729,0,0,TRUE,pair,434,7.397262198734097,5.4269981108197936,70,0,7.32258064516129,7.397262198734097,0.7864245036616921,8.342387797310948,cpu,cuda:0,0,670.3847656,51
799,1,DDT600_num150.txt,fixed,3276,8,409.5,27.463611602783203,16.406265258789062,1.2561740732053295e-05,-4.68,-0.292723679,0.20749999582767487,0.03502975404262543,0.15333333611488342,0.2666666805744171,-0.029890067,-0.02166082,0.0006405176882253727,0.8549506366252899,0.011900497250053377,0.06139304139651358,0.0003,951,249,59.46150747199905,16.434417247772217,38.660048723220825,55.09446597099304,1434,0.607590299914591,0,0,TRUE,pair,444,6.765132200205699,4.927960928397592,55,0,7.378378378378378,6.765132200205699,0.7724645007401705,8.49815530097112,cpu,cuda:0,0,670.38720703125,45
800,1,DDT600_num150.txt,fixed,3032,8,379,20.95829200744629,16.23875617980957,1.1364340934960637e-05,-5.133333333,-0.326569315,0.17916665971279144,0.026757655665278435,0.1599999964237213,0.23999999463558197,-0.030625959,-0.022179232,0.0010183509563960666,0.8955909737518856,0.009599382024524468,0.03221540505598698,0.0003,985,215,98.41375719438668,16.274545669555664,14.534155130386353,30.808700799942017,1373,0.5848576008575037,0,0,TRUE,pair,426,6.995061600697227,5.248350923640118,64,0,7.117370892018779,6.995061600697227,0.771347496425733,8.115920898737386,cpu,cuda:0,0,670.38232421875,41
801,1,DDT600_num150.txt,fixed,3189,8,398.625,29.436105728149414,17.890445709228516,1.3248866707726847e-05,-4.706666667,-0.310847479,0.2058333307504654,0.038069743663072586,0.13333334028720856,0.24666666984558105,0.09362817058960597,0.10294297710061073,0.0007627239683642983,0.9696166614691416,0.01620236087910598,0.02529171419640382,0.0003,953,247,95.45828731689329,17.91738510131836,15.489876747131348,33.40726184844971,1426,0.7371603003703058,0,0,TRUE,pair,442,7.894026400055736,5.174662902385847,70,0,7.214932126696833,7.894026400055736,0.8594146970426664,8.735496598645113,cpu,cuda:0,0,670.3847656,40
802,1,DDT600_num150.txt,fixed,3125,8,390.625,25.888885498046875,15.501142501831055,1.4092937817622442e-05,-4.826666667,-0.340950261,0.19833332300186157,0.036930862814188004,0.13333334028720856,0.25999999046325684,-0.095696942,-0.086915659,0.000822555490727113,0.9192558310248635,0.008159086166415364,0.02497381285171617,0.0003,962,238,79.75776499698755,15.526922225952148,23.654215812683105,39.181138038635254,1378,0.5695019010454416,0,0,TRUE,pair,426,6.203519799979404,5.377599999847412,45,0,7.335680751173709,6.203519799979404,0.6959625062299892,8.257087600766681,cpu,cuda:0,0,670.38427734375,39
803,1,DDT600_num150.txt,fixed,3129,8,391.125,26.227073669433594,17.039724349975586,1.9049630282097496e-05,-4.88,-0.345792135,0.19499999284744263,0.03678012639284134,0.15333333611488342,0.25999999046325684,-0.153584585,-0.145508069,0.001289753254968673,0.8721399545669556,0.007761393266264349,0.009879755042493343,0.0003,966,234,101.75597685011842,17.08050775527954,13.669528722763062,30.750036478042603,1386,0.6107960996450856,0,0,TRUE,pair,429,7.166409899480641,5.5465004801483495,52,0,7.293706293706293,7.166409899480641,0.7941798055544496,8.697425896651112,cpu,cuda:0,0,670.38427734375,40
804,1,DDT600_num150.txt,fixed,3131,8,391.375,22.39942741394043,16.686614990234375,3.157223909511231e-05,-4.96,-0.349625757,0.1900000125169754,0.04320494085550308,0.12666666507720947,0.2666666805744171,-0.129048928,-0.120585344,0.001262708249019592,0.9094934910535812,0.013007988521297063,0.07709320075809956,0.0003,972,228,76.094644591645,16.719242334365845,24.426885843276978,41.14612817764282,1437,0.5965506015345454,0,0,TRUE,pair,422,7.24467800243292,5.416160970631212,70,0,7.419431279620853,7.24467800243292,0.7564508004579693,8.313499704701826,cpu,cuda:0,0,670.38427734375,40
805,1,DDT600_num150.txt,fixed,3110,8,388.75,17.347549438476562,16.88706398010254,1.06410570879234e-05,-4.88,-0.32384052,0.19500000774860382,0.019930435344576836,0.1666666716337204,0.2266666740179062,-0.176648281,-0.169063511,0.0011610463684932752,0.8165293715216897,0.013581579822295515,0.06667576645585624,0.0003,966,234,81.69690043456363,16.918848276138306,21.148691415786743,38.06753969192505,1384,0.5837932009017095,0,0,TRUE,pair,407,7.356269100098871,5.295819937071233,90,0,7.641277641277641,7.356269100098871,0.8293490075739101,8.326781500247307,cpu,cuda:0,0,670.38427734375,41
806,1,DDT600_num150.txt,fixed,3229,8,403.625,20.371166229248047,16.827064514160156,6.641573236265685e-06,-4.546666667,-0.282330229,0.21583333611488342,0.04054318740963936,0.1599999964237213,0.273333340883255,-0.034551195,-0.027727812,0.0009241462976206094,0.7285455995135837,0.010494130045925785,0.03429849026724696,0.0003,941,259,79.19639194834522,16.86476469039917,23.907294750213623,40.77205944061279,1374,0.5926431973930448,0,0,TRUE,pair,425,7.123431198298931,4.959739858574747,50,0,7.597647058823529,7.123431198298931,0.8032554985256866,8.5270543982042,cpu,cuda:0,0,670.3867188,47
807,1,DDT600_num150.txt,fixed,3162,8,395.25,25.766984939575195,15.528962135314941,1.4854836081212852e-05,-4.56,-0.301337089,0.2150000035762787,0.04567397013306618,0.14666666090488434,0.273333340883255,0.08205269277095795,0.09021867563327153,0.0007567629994203647,0.8544360200564066,0.02857005845604969,0.03153709260125955,0.0003,942,258,112.72280904679131,15.55668044090271,12.494430303573608,28.05111074447632,1391,0.6665697024436668,0,0,TRUE,pair,428,6.394613599753939,5.123972170455481,56,0,7.38785046728972,6.394613599753939,0.6786629999987781,8.118184602470137,cpu,cuda:0,0,670.3847656,45
808,1,DDT600_num150.txt,fixed,3140,8,392.5,21.313140869140625,17.279918670654297,9.5367431640625e-06,-4.906666667,-0.334534115,0.19333332777023315,0.025385910645127296,0.15333333611488342,0.23333333432674408,-0.014440053,-0.006675342,0.0011229831725358963,0.8326204759734017,0.012416115222419779,0.047331122415406365,0.0003,968,232,93.68282808484894,17.31240963935852,16.204938888549805,33.517348527908325,1367,0.6273701001191512,0,0,TRUE,pair,417,7.4875291988719255,5.329299360096075,60,0,7.5299760191846525,7.4875291988719255,0.8225622997852042,8.584221400436945,cpu,cuda:0,0,670.3847656,47
809,1,DDT600_num150.txt,fixed,3226,8,403.25,23.155723571777344,16.836891174316406,1.066240292857401e-05,-4.84,-0.339443879,0.19749999046325684,0.028074800968170166,0.1733333319425583,0.25333333015441895,-0.163352123,-0.156421484,0.001538342228741385,0.769980964064598,0.008567632389895153,0.04589997716248036,0.0003,963,237,89.66869043347398,16.866943836212158,19.109939336776733,35.97688317298889,1416,0.6077276989817619,0,0,TRUE,pair,432,7.031457701115869,5.037507748722069,40,0,7.467592592592593,7.031457701115869,0.774755000253208,8.656636801315472,cpu,cuda:0,0,670.3867188,47
810,1,DDT600_num150.txt,fixed,3056,8,382,17.233688354492188,16.779224395751953,1.0726186701504048e-05,-5.2,-0.40166444,0.17499999701976776,0.02351122722029686,0.14000000059604645,0.2133333384990692,-0.131302773,-0.124833758,0.002736553219923129,0.7837294191122055,0.01175813855176481,0.06523828123075266,0.0003,990,210,43.37789855710556,16.805356740951538,53.64526677131653,70.45062351226807,1391,0.7131500988034531,0,0,TRUE,pair,405,7.134359998628497,5.06217277463506,52,0,7.545679012345679,7.134359998628497,0.8053374012233689,8.460152501938865,cpu,cuda:0,0,670.38232421875,50
811,1,DDT600_num150.txt,fixed,3249,8,406.125,16.31285858154297,15.66106128692627,9.20925504033221e-06,-4.72,-0.350972386,0.20500001311302185,0.023033790290355682,0.18000000715255737,0.23999999463558197,-0.085638815,-0.079185774,0.0011469175413367338,0.7026507258415222,0.0160414601690718,0.06338176652789115,0.0003,954,246,57.07894300050881,15.696340560913086,41.224825620651245,56.92116618156433,1408,0.5595058031613007,0,0,TRUE,pair,438,6.504204501048662,4.857186825835327,80,0,7.417808219178082,6.504204501048662,0.7017609013710171,8.111380898277275,cpu,cuda:0,0,670.3867188,50
812,1,DDT600_num150.txt,fixed,3072,8,384,25.3426513671875,16.152090072631836,1.3419386959867552e-05,-5.266666667,-0.385432413,0.17083331942558289,0.025590255856513977,0.14666666090488434,0.2133333384990692,-0.156965919,-0.150693069,0.0019547165235659727,0.7250203986962637,0.01759539114815804,0.08559896191582084,0.0003,995,205,98.85848074004618,16.18729877471924,14.887425184249878,31.074723958969116,1390,0.5921366990078241,0,0,TRUE,pair,434,6.903332599205896,5.022460938276102,40,0,7.078341013824885,6.903332599205896,0.762027601711452,8.12139480037149,cpu,cuda:0,0,670.38232421875,52
813,1,DDT600_num150.txt,fixed,3173,8,396.625,14.798120498657227,16.957029342651367,8.688386515132152e-06,-4.88,-0.345575857,0.19499999284744263,0.02939198911190033,0.14666666090488434,0.23333333432674408,-0.152815556,-0.146080576,0.0010403131734794723,0.7255131533512702,0.015092681985921584,0.0701546472712205,0.0003,966,234,75.9477679678401,16.985322952270508,24.793390035629272,41.77871298789978,1400,0.5858479019952938,0,0,TRUE,pair,415,7.237716400064528,5.100220611408761,65,0,7.645783132530121,7.237716400064528,0.798577502835542,8.550743601983413,cpu,cuda:0,0,670.3847656,52
814,1,DDT600_num150.txt,fixed,3176,8,397,25.2586612701416,17.01915168762207,8.680269820615649e-05,-4.933333333,-0.349376415,0.19166666269302368,0.026614531874656677,0.14666666090488434,0.23999999463558197,-0.156096259,-0.149132626,0.0010478767696494127,0.7487575920189128,0.01028027881607961,0.05028057092910304,0.0003,970,230,58.928898738573615,17.067495107650757,36.82796311378479,53.89545822143555,1393,0.5790306988637894,0,0,TRUE,pair,436,7.437851001275703,5.008501258695156,56,0,7.284403669724771,7.437851001275703,0.7996431003557518,8.406833000364713,cpu,cuda:0,0,670.3847656,44
815,1,DDT600_num150.txt,fixed,3067,8,383.375,26.59857749938965,16.704463958740234,1.4368552001542412e-05,-5.04,-0.356170125,0.1850000023841858,0.03982601314783096,0.1066666692495346,0.23333333432674408,-0.142178903,-0.135047649,0.0014625982245585571,0.7862556551893553,0.012066529214280308,0.06974235755236198,0.0003,978,222,43.22242592117748,16.73614001274109,54.22239446640015,70.95853447914124,1357,0.5841993010835722,0,0,TRUE,pair,424,7.309513601008803,5.010107597078063,40,0,7.2334905660377355,7.309513601008803,0.8467040014220402,8.169427798013203,cpu,cuda:0,0,670.38232421875,41
816,1,DDT600_num150.txt,fixed,3083,8,385.375,25.524192810058594,15.667946815490723,9.128661076829303e-06,-4.973333333,-0.366535133,0.18916666507720947,0.03230711817741394,0.14666666090488434,0.23999999463558197,-0.091769316,-0.084815645,0.0016301071986423007,0.776872626372746,0.0094087069831273,0.04109777217464788,0.0003,973,227,90.36222677790758,15.69632625579834,18.42191219329834,34.11823844909668,1382,0.5596662005409598,0,0,TRUE,pair,418,6.617072700755671,5.222186178423312,45,0,7.375598086124402,6.617072700755671,0.7261963975615799,7.98313770245295,cpu,cuda:0,0,670.38427734375,40
817,1,DDT600_num150.txt,fixed,3082,8,385.25,22.31451416015625,17.223081588745117,1.307612365053501e-05,-4.96,-0.364689919,0.1899999976158142,0.031446605920791626,0.1599999964237213,0.24666666984558105,-0.061377667,-0.054522408,0.001412092900584237,0.7561298150282639,0.023242960294457868,0.024198593141940925,0.0003,972,228,64.69124738692167,17.251042366027832,30.390642166137695,47.64168453216553,1377,0.6995415003038943,0,0,TRUE,pair,411,7.637763700215146,4.925373133129303,40,0,7.4987834549878345,7.637763700215146,0.7963714997749776,8.419124201405793,cpu,cuda:0,0,670.38427734375,40
818,1,DDT600_num150.txt,fixed,3278,8,409.75,30.412784576416016,16.802928924560547,1.5124083802220412e-05,-4.72,-0.366099893,0.20499999821186066,0.0391223169863224,0.14000000059604645,0.25333333015441895,-0.062422111,-0.055266873,0.0010539136516551177,0.7682196721434593,0.011013039022752006,0.032678473236349724,0.0003,954,246,76.85174634693506,16.83655858039856,25.816993951797485,42.653552532196045,1408,0.5782414993736893,0,0,TRUE,pair,439,7.068247401504777,4.75655887670965,65,0,7.466970387243736,7.068247401504777,0.7353437999263406,8.63902609969955,cpu,cuda:0,0,670.38720703125,40
819,1,DDT600_num150.txt,fixed,3162,8,395.25,20.528942108154297,15.769404411315918,7.356285550486064e-06,-4.853333333,-0.384006101,0.1966666728258133,0.03431876748800278,0.14000000059604645,0.2266666740179062,-0.266956016,-0.261113468,0.001688778015291477,0.6686939407478679,0.01811281623523345,0.044189272533086216,0.0003,964,236,83.33696896894321,15.800698518753052,22.141646146774292,37.942344665527344,1395,0.5614307026844472,0,0,TRUE,pair,417,6.655871001072228,5.008855152401571,40,0,7.58273381294964,6.655871001072228,0.6842099997447804,8.09422420070041,cpu,cuda:0,0,670.3847656,40
820,1,DDT600_num150.txt,fixed,3173,8,396.625,20.802268981933594,15.870161056518555,1.2674364370468538e-05,-4.746666667,-0.360864018,0.20333334803581238,0.030000003054738045,0.1666666716337204,0.2666666805744171,-0.156204304,-0.149297186,0.0013046394317195965,0.7559432410276853,0.012940410913030904,0.056211869877118334,0.0003,956,244,69.53934152496448,15.897131443023682,29.73171591758728,45.62884736061096,1395,0.5705283009447157,0,0,TRUE,pair,429,6.57818750012666,4.93980459689042,50,0,7.396270396270396,6.57818750012666,0.7058346010744572,8.236978898989037,cpu,cuda:0,0,670.3847656,43
821,1,DDT600_num150.txt,fixed,3134,8,391.75,22.481937408447266,14.569790840148926,1.3811824828735553e-05,-4.893333333,-0.36266716,0.1941666603088379,0.036276329308748245,0.13333334028720856,0.23999999463558197,-0.160795109,-0.154415122,0.0012828851060476155,0.7021426737308503,0.008436144870938734,0.019668952468782662,0.0003,967,233,81.26794473543058,14.602283477783203,23.961507081985474,38.56379055976868,1392,0.5296839980874211,0,0,TRUE,pair,421,6.040393999777734,4.9135290356144905,50,0,7.444180522565321,6.040393999777734,0.6153003976214677,7.603852302883752,cpu,cuda:0,0,670.38427734375,45
822,1,DDT600_num150.txt,fixed,3249,8,406.125,34.649810791015625,15.567044258117676,1.6702919310773723e-05,-4.546666667,-0.346152558,0.21583333611488342,0.03971250727772713,0.18000000715255737,0.2866666615009308,-0.086987863,-0.080286268,0.0011242286365648563,0.7263714481483806,0.006867378457999704,0.027203285092995924,0.0003,941,259,80.59536695036152,15.593861103057861,24.718629837036133,40.312490940093994,1372,0.5328350047348067,0,0,TRUE,pair,457,6.663763900171034,4.7639273629257515,55,0,7.109409190371991,6.663763900171034,0.6701000056928024,7.903396898298524,cpu,cuda:0,0,670.3867188,47
823,1,DDT600_num150.txt,fixed,3127,8,390.875,28.16219711303711,15.209397315979004,1.4157326404529158e-05,-4.693333333,-0.349593386,0.20666667819023132,0.054670728743076324,0.10000000149011612,0.2866666615009308,-0.070034941,-0.062536231,0.001259795215446502,0.8128605430776422,0.008210536572732963,0.0433668303726749,0.0003,952,248,76.57206834340353,15.236444234848022,25.600901126861572,40.837345361709595,1373,0.5358149018138647,0,0,TRUE,pair,442,6.335459101013839,5.1969939238124665,60,0,7.074660633484163,6.335459101013839,0.673884195741266,7.867880203179084,cpu,cuda:0,0,670.38427734375,47
824,1,DDT600_num150.txt,fixed,3125,8,390.625,26.748538970947266,17.10239601135254,1.4384368114406243e-05,-4.68,-0.366596853,0.20749999582767487,0.03733295947313309,0.14000000059604645,0.24666666984558105,0.06205341964960098,0.06960856573035319,0.0010490989758788298,0.8079692324002584,0.013326704618521035,0.027952998876571655,0.0003,951,249,100.84803540145208,17.12983226776123,13.857385158538818,30.98721742630005,1375,0.5978232990019023,0,0,TRUE,pair,416,7.57203640055377,4.992319998626709,40,0,7.512019230769231,7.57203640055377,0.8033409005729482,8.346029497217387,cpu,cuda:0,0,670.38427734375,49
825,1,DDT600_num150.txt,fixed,3058,8,382.25,31.72833824157715,15.461994171142578,1.8797305529005826e-05,-4.973333333,-0.391217394,0.18916666507720947,0.04122263193130493,0.1133333370089531,0.25333333015441895,-0.24508661,-0.239226821,0.0020731351370076563,0.6896358511664651,0.0064634109611771155,0.03564855109222911,0.0003,973,227,73.46437310162923,15.489774465560913,26.135844469070435,41.62561893463135,1335,0.5675330018857494,0,0,TRUE,pair,445,6.386606200132519,5.159581426080338,48,0,6.871910112359551,6.386606200132519,0.6870347954099998,8.045774601399899,cpu,cuda:0,0,670.38232421875,50
826,1,DDT600_num150.txt,fixed,3239,8,404.875,34.68947219848633,17.439193725585938,1.5048726709210314e-05,-4.293333333,-0.322082629,0.2316666692495346,0.03261730819940567,0.15333333611488342,0.2666666805744171,-0.088989781,-0.083665708,0.0013867856876458972,0.6017464444041252,0.011037591134663672,0.03803040757775307,0.0003,922,278,74.78164697567459,17.469109296798706,25.84365701675415,43.312766313552856,1369,0.7102891980903223,0,0,TRUE,pair,445,7.461420898907818,4.938561282617216,40,0,7.278651685393259,7.461420898907818,0.8324156953021884,8.74518260161858,cpu,cuda:0,0,670.3867188,50
827,1,DDT600_num150.txt,fixed,3319,8,414.875,19.858484268188477,17.98648452758789,1.0204760656051803e-05,-3.986666667,-0.310533585,0.25083333253860474,0.03635282441973686,0.18666666746139526,0.30000001192092896,0.023557354230433702,0.030187333934009075,0.0007996839558472857,0.7029821574687958,0.01453376206336543,0.026367188,0.0003,899,301,114.21446052126589,18.017520427703857,11.041847229003906,29.059367656707764,1404,0.7079612027155235,0,0,TRUE,pair,443,7.36523379990831,4.834890025679912,40,0,7.492099322799097,7.36523379990831,0.7608492042636499,9.450478702434339,cpu,cuda:0,0,670.38720703125,49
828,1,DDT600_num150.txt,fixed,3281,8,410.125,27.849763870239258,17.806392669677734,1.6518124539288692e-05,-3.813333333,-0.30876566,0.2616666555404663,0.051720403134822845,0.1599999964237213,0.31333333253860474,-0.042012773,-0.036857648,0.0011836014862637966,0.5746926099061966,0.015257765486603602,0.04187761002685875,0.0003,886,314,80.05137048920297,17.836498260498047,23.149683237075806,40.98618149757385,1392,0.6313360990025103,0,0,TRUE,pair,435,7.783397299121134,4.742151782120993,60,0,7.5425287356321835,7.783397299121134,0.846645002020523,8.776297895237803,cpu,cuda:0,0,670.38720703125,50
829,1,DDT600_num150.txt,fixed,3285,8,410.625,27.312713623046875,16.370506286621094,3.2340671168640256e-05,-4.173333333,-0.319272986,0.23916666209697723,0.046240612864494324,0.1666666716337204,0.30000001192092896,0.027688239301953996,0.03353906316416604,0.0008848125913313457,0.6293234399386815,0.030995859248962785,0.029352428524621894,0.0003,913,287,100.59309433018004,16.40792489051819,16.248392343521118,32.65631723403931,1389,0.6004926016321406,0,0,TRUE,pair,444,6.902909501222894,4.779604258457456,44,0,7.398648648648648,6.902909501222894,0.6994467009790242,8.413770797778852,cpu,cuda:0,0,670.38720703125,51
830,1,DDT600_num150.txt,fixed,3074,8,384.25,28.551488876342773,16.384521484375,1.5407080354634672e-05,-4.693333333,-0.356835965,0.20666664838790894,0.046067580580711365,0.1599999964237213,0.2933333218097687,-0.459711872,-0.453869753,0.0011519764375407249,0.6418105065822601,0.03828553184575867,0.005353292333893478,0.0003,952,248,158.05980748815404,16.411086082458496,3.037248373031616,19.448334455490112,1348,0.5933322000782937,0,0,TRUE,pair,422,6.981839499203488,4.912166558230319,44,0,7.2843601895734595,6.981839499203488,0.74584310001228,8.297181700821966,cpu,cuda:0,0,390.5126953,52
831,1,DDT600_num150.txt,fixed,3281,8,410.125,21.49091339111328,17.425376892089844,1.0704967280616984e-05,-3.893333333,-0.313218575,0.2566666603088379,0.034801021218299866,0.18000000715255737,0.30666667222976685,-0.007575388,-0.002343781,0.000748988482103284,0.5606099920613425,0.017139115703425238,0.04905216475682599,0.0003,892,308,106.67311149545904,17.457124948501587,13.300391674041748,30.757516622543335,1345,0.5802402015542611,0,0,TRUE,pair,429,7.639701399602927,4.785736056298463,45,0,7.648018648018648,7.639701399602927,0.7643029994796962,8.649910500040278,cpu,cuda:0,0,670.38720703125,52
832,1,DDT600_num150.txt,fixed,3157,8,394.625,29.916290283203125,16.869901657104492,1.5318277291953564e-05,-4.48,-0.339611682,0.2199999988079071,0.045215532183647156,0.13333334028720856,0.273333340883255,0.011713287660053797,0.017348210726465498,0.000935044330877385,0.6102444784981864,0.006175471910475088,0.021228211798838208,0.0003,936,264,101.59183832269885,16.898582935333252,14.176748037338257,31.07533097267151,1349,0.6002361017744988,0,0,TRUE,pair,434,7.1720733002293855,4.903706048612622,60,0,7.274193548387097,7.1720733002293855,0.7597416036296636,8.567777599208057,cpu,cuda:0,0,670.3847656,49
833,1,DDT600_num150.txt,fixed,3207,8,400.875,26.553895950317383,16.65144157409668,1.8194947188021615e-05,-4.466666667,-0.348732373,0.22083333134651184,0.034389518201351166,0.1733333319425583,0.273333340883255,-0.097445434,-0.092262505,0.0011294717180796645,0.5747663189064373,0.011670446795919403,0.04624373245645653,0.0003,935,265,79.7124995596922,16.68715476989746,23.54492950439453,40.23208427429199,1363,0.5879218009067699,0,0,TRUE,pair,438,7.140539399464615,4.859681944628538,45,0,7.321917808219178,7.140539399464615,0.7420824953587726,8.40534320648294,cpu,cuda:0,0,670.3867188,45
834,1,DDT600_num150.txt,fixed,3115,8,389.375,22.770252227783203,17.67090606689453,1.2081965905963443e-05,-4.453333333,-0.345665579,0.22166666388511658,0.028625939041376114,0.18000000715255737,0.2800000011920929,0.06080511212348938,0.06637362241744996,0.0011539981001988052,0.6145519137382507,0.007277167111169547,0.01485835425555706,0.0003,934,266,101.31896128029162,17.698991537094116,13.04550051689148,30.744492053985596,1344,0.6223451001569629,0,0,TRUE,pair,438,7.820784300332889,4.804494381716316,36,0,7.1118721461187215,7.820784300332889,0.8082533004926518,8.652977996272966,cpu,cuda:0,0,670.38427734375,42
835,1,DDT600_num150.txt,fixed,3188,8,398.5,24.974987030029297,16.658653259277344,8.55653706821613e-06,-4.346666667,-0.326915324,0.22833332419395447,0.04663689434528351,0.1666666716337204,0.2800000011920929,-0.149240266,-0.143044041,0.00076121527235955,0.6576833605766297,0.011492902948521077,0.056069735810160636,0.0003,926,274,113.70131058481931,16.688639879226685,11.349735260009766,28.03837513923645,1375,0.5931260997895151,0,0,TRUE,pair,430,7.1155036992859095,4.957967375721806,35,0,7.413953488372093,7.1155036992859095,0.7565740993013605,8.42051270394586,cpu,cuda:0,0,670.3847656,42
836,1,DDT600_num150.txt,fixed,3208,8,401,25.2586612701416,16.364179611206055,1.4016092791280244e-05,-4.573333333,-0.340306903,0.21416667103767395,0.03487079218029976,0.15333333611488342,0.25999999046325684,-0.032975378,-0.027347786,0.0010577262645321234,0.6156459067549024,0.009274218959035352,0.021828717419079373,0.0003,943,257,100.52214911531492,16.393235683441162,15.520128965377808,31.91336464881897,1390,0.596301099169068,0,0,TRUE,pair,439,6.914410900673829,4.689214465847039,35,0,7.30751708428246,6.914410900673829,0.71178150374908,8.385084598790854,cpu,cuda:0,0,670.3867188,41
837,1,DDT600_num150.txt,fixed,3194,8,399.25,25.547748565673828,16.975814819335938,9.818678336159792e-06,-4.44,-0.345448686,0.2224999964237213,0.03604588657617569,0.1733333319425583,0.30000001192092896,-0.079754689,-0.073649547,0.000751350270002149,0.6480819910764695,0.015627011633478106,0.04583368077874184,0.0003,933,267,74.71373280257978,17.004395961761475,25.745442390441895,42.74983835220337,1370,0.686982000246644,0,0,TRUE,pair,436,7.455681301304139,4.817470256432788,50,0,7.325688073394495,7.455681301304139,0.7685916969785467,8.37979870045092,cpu,cuda:0,0,670.3847656,40
838,1,DDT600_num150.txt,fixed,3137,8,392.125,21.635835647583008,15.08446216583252,1.2370225704216864e-05,-4.493333333,-0.359577267,0.21916666626930237,0.03273420035839081,0.1599999964237213,0.273333340883255,-0.599684397,-0.594195118,0.000839753852536281,0.5909197827180227,0.012473004288040102,0.024289298181732494,0.0003,937,263,171.18500065214727,15.113795518875122,3.2114081382751465,18.32520365715027,1368,0.5676012987969443,0,0,TRUE,pair,422,6.118091999320313,4.873445966496831,40,0,7.4336492890995265,6.118091999320313,0.6351717986399308,8.005039702984504,cpu,cuda:0,0,383.8408203,40
839,1,DDT600_num150.txt,fixed,3307,8,413.375,29.769689559936523,18.665103912353516,1.4650622688350268e-05,-4.16,-0.351189737,0.23999997973442078,0.04690415784716606,0.1599999964237213,0.30666667222976685,-0.246138588,-0.240608318,0.0009262068662792445,0.5993382632732391,0.012084216601215303,0.024325171113014223,0.0003,912,288,123.45577035759715,18.692119121551514,8.094802141189575,26.78692126274109,1369,0.6630806976463646,0,0,TRUE,pair,452,8.022461599321105,4.837314786166989,40,0,7.316371681415929,8.022461599321105,0.8853175021940842,9.334673401899636,cpu,cuda:0,0,670.38720703125,41
840,1,DDT600_num150.txt,fixed,3068,8,383.5,16.469669342041016,15.377070426940918,1.4193416973284911e-05,-4.946666667,-0.391191721,0.19083333015441895,0.028074800968170166,0.15333333611488342,0.24666666984558105,0.38855835795402527,0.3956588879227638,0.0007253540243254974,0.7463205754756927,0.0132609451393364,0.01542036235332489,0.0003,971,229,110.976679772045,15.421146392822266,12.2243013381958,27.645447731018066,1358,0.667897597537376,0,0,TRUE,pair,418,6.367147601325996,4.948500652589885,40,0,7.339712918660287,6.367147601325996,0.6788208009675145,7.994018901605159,cpu,cuda:0,0,670.38232421875,41
841,1,DDT600_num150.txt,fixed,3187,8,398.375,27.653831481933594,17.894739151000977,1.3902073078497779e-05,-4.44,-0.382324616,0.2224999964237213,0.036657195538282394,0.14000000059604645,0.273333340883255,-0.362048477,-0.356023993,0.0009016393742058426,0.6475309431552887,0.03731588553637266,0.011010284535586834,0.0003,933,267,155.08526826680335,17.922056674957275,2.6279287338256836,20.54998540878296,1366,0.6106464037438855,0,0,TRUE,pair,431,7.730277900467627,4.796673989198707,45,0,7.3944315545243615,7.730277900467627,0.8781227013096213,8.869766198680736,cpu,cuda:0,0,386.43017578125,41
842,1,DDT600_num150.txt,fixed,3337,8,417.125,27.966218948364258,16.1396541595459,1.4666134120489005e-05,-4.146666667,-0.360723077,0.2408333271741867,0.030990593135356903,0.1733333319425583,0.2800000011920929,0.01157483458518982,0.017316976562142372,0.0006985588406678289,0.6091422289609909,0.023604476533364505,0.033639461267739534,0.0003,911,289,122.42587654286086,16.168659448623657,11.088649988174438,27.257309436798096,1405,0.5790747021092102,0,0,TRUE,pair,445,6.6254067968111485,4.6469883087833805,40,0,7.498876404494382,6.6254067968111485,0.6847694034222513,8.482506494154222,cpu,cuda:0,0,670.38916015625,42
843,1,DDT600_num150.txt,fixed,3315,8,414.375,21.488004684448242,16.296205520629883,1.2687811249634251e-05,-4.24,-0.374345787,0.23499998450279236,0.04330126568675041,0.18000000715255737,0.3266666531562805,0.07170498371124268,0.07748732715845108,0.0007526483677793294,0.6158666908740997,0.01404503101366572,0.01993534481152892,0.0003,918,282,118.59344824000634,16.32828998565674,11.624350309371948,27.952640295028687,1398,0.6878903979668394,0,0,TRUE,pair,458,6.7539801019011065,4.63016591352575,55,0,7.237991266375546,6.7539801019011065,0.6941759985638782,8.498107700492255,cpu,cuda:0,0,670.38720703125,44
844,1,DDT600_num150.txt,fixed,3279,8,409.875,28.64628028869629,16.0842342376709,1.3006383596803062e-05,-4,-0.358795034,0.25,0.04533823952078819,0.18666666746139526,0.3333333432674408,0.19603867332140604,0.20186113317807516,0.0008966712436328331,0.6270799438158671,0.015119011901939908,0.011067708333333334,0.0003,900,300,128.13109297128833,16.11198616027832,9.478991985321045,25.590978145599365,1348,0.5435316999210045,0,0,TRUE,pair,449,6.740677899681032,4.702958219550884,50,0,7.302895322939866,6.740677899681032,0.7032013973221183,8.291563202161342,cpu,cuda:0,0,670.38720703125,45
845,1,DDT600_num150.txt,fixed,3335,8,416.875,19.218725204467773,16.606046676635742,1.206313208967913e-05,-4.066666667,-0.362804318,0.24583333730697632,0.045269258320331573,0.19333332777023315,0.30666667222976685,0.0790326576679945,0.08511081477627158,0.0006881402029345433,0.6422229409217834,0.011175583368943384,0.012190042762085795,0.0003,905,295,133.05669166631392,16.63614249229431,8.428361654281616,25.064504146575928,1406,0.6070640034740791,0,0,TRUE,pair,447,7.02760649996344,4.622488753120045,55,0,7.460850111856823,7.02760649996344,0.7234465017681941,8.490056801354513,cpu,cuda:0,0,670.38916015625,45
846,1,DDT600_num150.txt,fixed,3200,8,400,28.543825149536133,17.232175827026367,1.4557206668541767e-05,-4.36,-0.375271445,0.22750000655651093,0.04128996282815933,0.1733333319425583,0.2933333218097687,-0.090959855,-0.085199324,0.0008803430944681167,0.6200705409049988,0.01201526653021574,0.04228422492742538,0.0003,927,273,125.04975405114443,17.265252351760864,8.323512554168701,25.58981442451477,1378,0.7280255996156484,0,0,TRUE,pair,449,7.2648592999903485,4.812187501639127,48,0,7.12694877505568,7.2648592999903485,0.7735484993318096,8.812551103765145,cpu,cuda:0,0,670.3847656,47
847,1,DDT600_num150.txt,fixed,3279,8,409.875,20.42937469482422,16.631093978881836,9.5367431640625e-06,-4.133333333,-0.3560827,0.24166665971279144,0.023746345192193985,0.19333332777023315,0.2666666805744171,-0.294528387,-0.29005947,0.0007887626312973831,0.4863307608708662,0.016968803424485184,0.02668087324127555,0.0003,910,290,129.54215490418926,16.66326093673706,8.64896273612976,25.31222367286682,1373,0.5853947020368651,0,0,TRUE,pair,432,6.997354999999516,4.733150350643971,45,0,7.590277777777778,6.997354999999516,0.7348075018962845,8.528769002179615,cpu,cuda:0,0,670.38720703125,47
848,1,DDT600_num150.txt,fixed,3368,8,421,24.545875549316406,18.14217758178711,1.925146898429375e-05,-3.773333333,-0.342599568,0.2641666829586029,0.03430865332484245,0.19333332777023315,0.30000001192092896,-0.053457916,-0.048425312,0.0007488742024482539,0.5407041311264038,0.027352067913549643,0.039419897831976414,0.0003,883,317,107.4261429708918,18.172406435012817,13.179366111755371,31.35177254676819,1368,0.6146518978057429,0,0,TRUE,pair,450,7.878240098711103,4.615201898326217,40,0,7.484444444444445,7.878240098711103,0.8946436020778492,8.955105499713682,cpu,cuda:0,0,670.38916015625,47
849,1,DDT600_num150.txt,fixed,3346,8,418.25,23.247312545776367,17.592979431152344,9.608002073946409e-06,-3.906666667,-0.34344305,0.25583332777023315,0.037109073251485825,0.19333332777023315,0.3266666531562805,-0.11173247,-0.106466159,0.0006944789129192941,0.5613542795181274,0.033414342819014564,0.025629688519984484,0.0003,893,307,135.00511982093695,17.625112533569336,7.159132719039917,24.784245252609253,1394,0.6165855993749574,0,0,TRUE,pair,447,7.618307300261222,4.607591152868083,55,0,7.485458612975392,7.618307300261222,0.7754268012940884,8.811682700295933,cpu,cuda:0,0,670.38916015625,48
850,1,DDT600_num150.txt,fixed,3199,8,399.875,21.945600509643555,16.431655883789062,1.150354182755109e-05,-4.12,-0.361487261,0.24250000715255737,0.03017311543226242,0.20000000298023224,0.273333340883255,0.27906859666109085,0.28449806943535805,0.0005683295603375882,0.5713641941547394,0.015330378719227156,0.015625,0.0003,909,291,106.90630783603395,16.468567848205566,13.454830169677734,29.9233980178833,1369,0.6741977988276631,0,0,TRUE,pair,423,7.035286602098495,4.760237573943834,35,0,7.5626477541371155,7.035286602098495,0.7403932012384757,8.296821599826217,cpu,cuda:0,0,670.3847656,49
851,1,DDT600_num150.txt,fixed,3222,8,402.75,26.989582061767578,17.58819580078125,1.0977615602314472e-05,-3.933333333,-0.356695568,0.2541666626930237,0.03357206657528877,0.2133333384990692,0.30000001192092896,-0.584762653,-0.581102689,0.0012462681625038385,0.42830819884936017,0.019072006456553936,0.03318400743107001,0.0003,895,305,148.9399799889469,17.619096517562866,4.0137786865234375,21.632875204086304,1317,0.5784769981401041,0,0,TRUE,pair,447,7.9524992004735395,4.863438857408283,45,0,7.208053691275167,7.9524992004735395,0.7866293023107573,8.473136101965792,cpu,cuda:0,0,670.3867188,49
852,1,DDT600_num150.txt,fixed,3289,8,411.125,24.0646915435791,16.105342864990234,1.1364340934960637e-05,-3.946666667,-0.353925484,0.25333333015441895,0.04749268665909767,0.18000000715255737,0.3199999928474426,-0.182066633,-0.178066698,0.0014162215811666101,0.4708050141731898,0.01109077569465929,0.03562182063857714,0.0003,896,304,102.43441791892052,16.13274884223938,15.975599765777588,32.10834860801697,1362,0.5766265002312139,0,0,TRUE,pair,450,6.555994100752287,4.676801456583057,35,0,7.308888888888889,6.555994100752287,0.7096043003257364,8.480941099347547,cpu,cuda:0,0,670.38720703125,50
853,1,DDT600_num150.txt,fixed,3314,8,414.25,17.54102325439453,16.587135314941406,9.818678336159792e-06,-3.76,-0.341735895,0.26500001549720764,0.02939198911190033,0.2199999988079071,0.30000001192092896,-0.017876693,-0.013132369,0.0007027181499223742,0.5095678137408363,0.011190565451720936,0.03918325621634722,0.0003,882,318,91.58448076745951,16.616108655929565,19.569061279296875,36.18516993522644,1370,0.5832040001405403,0,0,TRUE,pair,439,6.959565200493671,4.672601084717801,40,0,7.548974943052392,6.959565200493671,0.746090798638761,8.517185601522215,cpu,cuda:0,0,670.38720703125,51
854,1,DDT600_num150.txt,fixed,3243,8,405.375,17.196929931640625,15.75274658203125,1.120820888900198e-05,-4.066666667,-0.356246698,0.24583333730697632,0.0195611584931612,0.2199999988079071,0.2800000011920929,-0.350506097,-0.346512675,0.0010684068081900477,0.4527642548084259,0.017073577060364185,0.038647656934335826,0.0003,905,295,127.14868457453335,15.781083583831787,9.724488973617554,25.50557255744934,1355,0.5531280973227695,0,0,TRUE,pair,434,6.639163799933158,4.713536848082353,50,0,7.472350230414746,6.639163799933158,0.6594052055152133,8.123291298863478,cpu,cuda:0,0,670.3867188,50
855,1,DDT600_num150.txt,fixed,3323,8,415.375,18.913867950439453,17.91837501525879,3.188753908034414e-05,-3.826666667,-0.336215383,0.2608333230018616,0.03422759100794792,0.20000000298023224,0.30666667222976685,-0.629591467,-0.625593957,0.0009342546036350541,0.44646427780389786,0.014456315839197487,0.0374167452682741,0.0003,887,313,129.13302756492595,17.959575414657593,7.773577928543091,25.733153343200684,1374,0.6083940014941618,0,0,TRUE,pair,446,7.958681102725677,4.745711704926285,48,0,7.45067264573991,7.958681102725677,0.8270746972411871,8.745374996913597,cpu,cuda:0,0,648.2636719,51
856,1,DDT600_num150.txt,fixed,3211,8,401.375,21.959835052490234,18.679994583129883,1.2025375326629728e-05,-3.946666667,-0.328878768,0.25333333015441895,0.030368110164999962,0.2133333384990692,0.30666667222976685,-0.168385395,-0.164401563,0.0015677983809093182,0.4767724600705234,0.01340083083645864,0.047982502220706505,0.0003,896,304,82.38338348121886,18.710392951965332,20.265913486480713,38.976306438446045,1334,0.633561899419874,0,0,TRUE,pair,444,8.293509898125194,4.725007784474271,36,0,7.231981981981982,8.293509898125194,0.8994555013487116,9.058455102727748,cpu,cuda:0,0,670.3867188,52
857,1,DDT600_num150.txt,fixed,3372,8,421.5,13.266499519348145,18.632492065429688,8.55653706821613e-06,-3.746666667,-0.331143096,0.26583331823349,0.028759058564901352,0.2266666740179062,0.30000001192092896,-0.351838127,-0.34811253,0.001237337791826576,0.4344270586967468,0.009516875317785889,0.030055111274123192,0.0003,881,319,125.91432613487673,18.661763429641724,8.118350505828857,26.78011393547058,1381,0.6200341982766986,0,0,TRUE,pair,437,7.980250300141051,4.635527876348258,55,0,7.7162471395881,7.980250300141051,0.8982437029480934,9.337267304421403,cpu,cuda:0,0,670.38916015625,49
858,1,DDT600_num150.txt,fixed,3429,8,428.625,29.689802169799805,16.960735321044922,1.166059428214794e-05,-3.173333333,-0.283561787,0.3016666769981384,0.037527766078710556,0.2199999988079071,0.3466666638851166,-0.156532598,-0.152525953,0.0006782438256777823,0.43457637429237367,0.01639204806415364,0.028993579000234602,0.0003,838,362,114.85660155785034,16.993768453598022,12.860849857330322,29.854618310928345,1352,0.5562762999907136,0,0,TRUE,pair,462,7.2161377012962475,4.633420819824588,40,0,7.422077922077922,7.2161377012962475,0.7199095007963479,8.659519698,cpu,cuda:0,0,670.3896484,45
859,1,DDT600_num150.txt,fixed,3343,8,417.875,21.699295043945312,16.137231826782227,1.068370693246834e-05,-3.266666667,-0.284992898,0.2958333194255829,0.03814264014363289,0.20666666328907013,0.3333333432674408,-0.549173027,-0.546409984,0.001073870245212068,0.3299967149893443,0.01695700455456972,0.017980319758256275,0.0003,845,355,166.96270801039006,16.166051387786865,3.856383800506592,20.022435188293457,1354,0.5668718994129449,0,0,TRUE,pair,438,6.7314175989013165,4.682919535350201,45,0,7.632420091324201,6.7314175989013165,0.6585858046310022,8.402252701343969,cpu,cuda:0,0,670.38916015625,42
860,1,DDT600_num150.txt,fixed,3178,8,397.25,17.732385635375977,17.47195816040039,9.440894245926756e-06,-4.04,-0.30652446,0.2475000023841858,0.03008090890944004,0.2133333384990692,0.30666667222976685,-0.381806318,-0.378206287,0.0009179186599794775,0.4058990105986595,0.011303640712867491,0.03183621424250305,0.0003,903,297,121.59253940656538,17.499709367752075,8.636762619018555,26.13647198677063,1367,0.6054470002418384,0,0,TRUE,pair,427,7.678122101002373,4.595342983083203,35,0,7.442622950819672,7.678122101002373,0.8283554994268343,8.57399890339002,cpu,cuda:0,0,670.3847656,41
861,1,DDT600_num150.txt,fixed,3392,8,424,19.448650360107422,16.515321731567383,1.1543005712155718e-05,-3.133333333,-0.255878266,0.30416667461395264,0.02379017323255539,0.25333333015441895,0.3333333432674408,0.07754198554903269,0.08184836525470018,0.0004713610469480045,0.4542059078812599,0.015002872693003155,0.01128135179169476,0.0003,835,365,111.7914972804809,16.548378229141235,13.793822050094604,30.34220027923584,1337,0.6496670006308705,0,0,TRUE,pair,461,6.91538519912865,4.693691036330079,60,0,7.357917570498915,6.91538519912865,0.6937769014621153,8.555369194713421,cpu,cuda:0,0,670.38916015625,41
862,1,DDT600_num150.txt,fixed,3249,8,406.125,23.512962341308594,16.716463088989258,1.160194915428292e-05,-3.8,-0.284454729,0.26250001788139343,0.03125832974910736,0.2199999988079071,0.31333333253860474,-0.456883937,-0.453039626,0.0005390928514922658,0.41138508915901184,0.030180892247396212,0.027618246463437874,0.0003,885,315,142.53321974850954,16.746513605117798,6.048172473907471,22.79468607902527,1364,0.5754480994073674,0,0,TRUE,pair,445,7.153607200365514,4.597722376702785,30,0,7.301123595505618,7.153607200365514,0.7492518980288878,8.452894701622427,cpu,cuda:0,0,633.6318359,39
863,1,DDT600_num150.txt,fixed,3419,8,427.375,17.17510986328125,19.425872802734375,8.529922524758149e-06,-3.2,-0.25399825,0.29999998211860657,0.017638344317674637,0.25999999046325684,0.3199999928474426,0.04864906519651413,0.05341459810733795,0.0004745424375869334,0.5002805590629578,0.05727307125926018,0.012376237660646439,0.0003,840,360,152.0170925243019,19.460084199905396,3.0308077335357666,22.490891933441162,1352,0.6292119999416173,0,0,TRUE,pair,455,8.748313999501988,4.692600175978043,48,0,7.514285714285714,8.748313999501988,0.8888351997593418,9.359959001187235,cpu,cuda:0,0,535.4306641,40
864,1,DDT600_num150.txt,fixed,3332,8,416.5,15.435349464416504,16.070619583129883,8.792442713456694e-06,-3.626666667,-0.272158899,0.2733333110809326,0.01598609983921051,0.24666666984558105,0.2933333218097687,-0.375450273,-0.371336088,0.00034145349248622853,0.42849252621332806,0.14536881276095906,0.046459817637999855,0.0003,872,328,166.27559184475328,16.106873989105225,3.9321465492248535,20.039020538330078,1341,0.5515527999959886,0,0,TRUE,pair,451,6.669988299836405,4.730192077260058,60,0,7.388026607538802,6.669988299836405,0.6885312956292182,8.36359420150984,cpu,cuda:0,0,670.38916015625,39
865,1,DDT600_num150.txt,fixed,3274,8,409.25,20.915006637573242,17.47943687438965,1.150354182755109e-05,-3.773333333,-0.260667034,0.2641666531562805,0.02706729993224144,0.2199999988079071,0.2933333218097687,-0.117665514,-0.113106161,0.0005582558951573446,0.48384684324264526,0.08620458282530308,0.02968212403357029,0.0003,883,317,147.37095343642162,17.51481318473816,4.701233625411987,22.216046810150146,1318,0.5878522993298247,0,0,TRUE,pair,433,7.400011001271196,5.033598045204642,60,0,7.561200923787529,7.400011001271196,0.7997414956334978,8.89442100469023,cpu,cuda:0,0,670.38720703125,40
866,1,DDT600_num150.txt,fixed,3191,8,398.875,13.760790824890137,17.8065185546875,8.203816832974553e-06,-3.866666667,-0.263582202,0.25833332538604736,0.028037670999765396,0.23333333432674408,0.3199999928474426,0.341000571846962,0.34645046293735504,0.0007141245878301561,0.5806955099105835,0.0806792788207531,0.025390625,0.0003,890,310,134.2470925636653,17.837458610534668,5.932143688201904,23.769602298736572,1317,0.6938787018880248,0,0,TRUE,pair,423,7.7563784995581955,5.445314947918492,90,0,7.543735224586288,7.7563784995581955,0.8617982023861259,8.789021997828968,cpu,cuda:0,0,670.3847656,41
867,1,DDT600_num150.txt,fixed,3289,8,411.125,16.412172317504883,15.332545280456543,8.837581845000386e-06,-3.56,-0.252388389,0.2775000035762787,0.028074797242879868,0.23333333432674408,0.3266666531562805,-0.511185013,-0.506728068,0.0005305865633999929,0.47222281992435455,0.02993650466669351,0.026150942780077457,0.0003,867,333,184.5283187885048,15.362882852554321,2.460939645767212,17.823822498321533,1350,0.6460939996177331,0,0,TRUE,pair,445,6.174392101354897,5.363940406186344,50,0,7.391011235955056,6.174392101354897,0.6550074056722224,8.168263004161417,cpu,cuda:0,0,426.6435547,42
868,1,DDT600_num150.txt,fixed,3167,8,395.875,21.12721824645996,17.54425811767578,1.3470122212311253e-05,-4.173333333,-0.277159936,0.23916666209697723,0.01898464560508728,0.20666666328907013,0.273333340883255,-0.529672461,-0.52550786,0.0005598446102036784,0.4444515605767568,0.11015687657830615,0.032163274784882866,0.0003,913,287,142.5102855075203,17.574291467666626,4.647668838500977,22.222957372665405,1343,0.6228304984979331,0,0,TRUE,pair,432,7.374894598615356,5.502052415610489,45,0,7.331018518518518,7.374894598615356,0.8217610017163679,8.947636197204702,cpu,cuda:0,0,670.3847656,42
869,1,DDT600_num150.txt,fixed,3211,8,401.375,27.10137176513672,15.97374439239502,1.3359952390601393e-05,-3.946666667,-0.264135486,0.25333333015441895,0.040551748126745224,0.20666666328907013,0.3199999928474426,-0.273348868,-0.269045055,0.0005892675253562629,0.4598430097103119,0.15144579112529755,0.05054151639342308,0.0003,896,304,176.33234579752622,16.00663113594055,2.203300714492798,18.20993185043335,1345,0.6557055972516537,0,0,TRUE,pair,450,6.561730699962936,5.25443786971111,60,0,7.135555555555555,6.561730699962936,0.718962702085264,8.342874902766198,cpu,cuda:0,0,384.78759765625,44
870,1,DDT600_num150.txt,fixed,3322,8,415.25,15.155444145202637,16.1254825592041,1.0315565305063501e-05,-3.586666667,-0.252088868,0.2758333086967468,0.02706730365753174,0.23999999463558197,0.31333333253860474,-0.515376031,-0.512342453,0.0004703064914792776,0.32687312364578247,0.03547666594386101,0.008196720853447914,0.0003,869,331,179.0068842378558,16.15373730659485,2.403198719024658,18.557945489883423,1343,0.5686004004674032,0,0,TRUE,pair,440,6.703064499073662,5.546959661992467,55,0,7.55,6.703064499073662,0.6874147020280361,8.387536196503788,cpu,cuda:0,0,638.2753906,43
871,1,DDT600_num150.txt,fixed,3161,8,395.125,24.333297729492188,16.95335578918457,1.1621530575212091e-05,-4.213333333,-0.276445079,0.23666666448116302,0.025166111066937447,0.20666666328907013,0.2866666615009308,-0.82197845,-0.817010522,0.0005404721014201641,0.5238146185874939,0.03162751719355583,0.03999999910593033,0.0003,916,284,170.29630136848883,16.981395959854126,1.580369472503662,18.561765432357788,1339,0.6706237981561571,0,0,TRUE,pair,441,7.3641892983578146,5.401771591117736,60,0,7.167800453514739,7.3641892983578146,0.796613700222224,8.422043798607774,cpu,cuda:0,0,384.5498047,45
872,1,DDT600_num150.txt,fixed,3091,8,386.375,18.86092185974121,14.842005729675293,7.4560621214914136e-06,-4.36,-0.270505348,0.22750000655651093,0.02696448378264904,0.1599999964237213,0.25333333015441895,-0.925269365,-0.922642231,0.0012666875263676047,0.32604867219924927,0.031920965760946274,0.008163264952600002,0.0003,927,273,172.20016324263614,14.87779426574707,3.072246789932251,17.95004105567932,1325,0.5420468989759684,0,0,TRUE,pair,415,5.972295799525455,5.619217079767939,55,0,7.448192771084337,5.972295799525455,0.6462502016220242,7.900734800728969,cpu,cuda:0,0,640.6953125,44
873,1,DDT600_num150.txt,fixed,3058,8,382.25,20.55328369140625,16.462160110473633,9.88790543487994e-06,-4.32,-0.263040198,0.23000000417232513,0.033166248351335526,0.1733333319425583,0.2866666615009308,0.4413638114929199,0.44639700651168823,0.0009374641231261194,0.5501916408538818,0.11441583931446075,0.0234375,0.0003,924,276,160.6527770241675,16.49803113937378,2.5368094444274902,19.03484058380127,1353,0.5884808026021346,0,0,TRUE,pair,404,7.103032899671234,5.9977109224052505,55,0,7.569306930693069,7.103032899671234,0.8184275018284097,8.166943300282583,cpu,cuda:0,0,670.38232421875,45
874,1,DDT600_num150.txt,fixed,3071,8,383.875,18.82443618774414,15.412210464477539,1.178183447336778e-05,-4.546666667,-0.271901382,0.21583333611488342,0.020531142130494118,0.18666666746139526,0.24666666984558105,0.17129524052143097,0.1758979856967926,0.0008941707783378661,0.5049829483032227,0.06422291696071625,0.031141869723796844,0.0003,941,259,178.56740941729973,15.443551540374756,1.7544355392456055,17.19798707962036,1334,0.6437440998852253,0,0,TRUE,pair,419,6.331074800342321,5.821556496410563,55,0,7.329355608591886,6.331074800342321,0.7144497985718772,8.025441399542615,cpu,cuda:0,0,390.5107422,46
875,1,DDT600_num150.txt,fixed,3057,8,382.125,19.10129165649414,16.684255599975586,1.007018636300927e-05,-4.373333333,-0.266919949,0.2266666740179062,0.026034170761704445,0.20666666328907013,0.273333340883255,-0.376308729,-0.372554064,0.0010830381652340293,0.42961684862772626,0.030622283831083525,0.014322916666666666,0.0003,928,272,140.51480643085463,16.712088584899902,5.043625831604004,21.755714416503906,1320,0.5990825995104387,0,0,TRUE,pair,414,7.161713501554914,5.997383055594922,65,0,7.384057971014493,7.161713501554914,0.7826056000776589,8.371594001888297,cpu,cuda:0,0,670.38232421875,47
876,1,DDT600_num150.txt,fixed,3013,8,376.625,16.139528274536133,16.11880111694336,9.772254088602494e-06,-4.386666667,-0.263075315,0.22583332657814026,0.031874313950538635,0.18666666746139526,0.2933333218097687,0.3986276239156723,0.40340542793273926,0.0012194510782137513,0.538753092288971,0.0354402270168066,0.022460938,0.0003,929,271,136.41176449761667,16.14734673500061,5.940191030502319,22.08753776550293,1295,0.5777070982148871,0,0,TRUE,pair,397,6.75759419973474,5.974444074880788,50,0,7.589420654911839,6.75759419973474,0.7843685008119792,8.209294301108457,cpu,cuda:0,0,670.38232421875,47
877,1,DDT600_num150.txt,fixed,3003,8,375.375,11.789163589477539,14.434382438659668,8.155169780366123e-06,-4.586666667,-0.28828149,0.2133333683013916,0.021081851795315742,0.18000000715255737,0.24666666984558105,-0.638461171,-0.633951571,0.0009774724021553993,0.4998317360877991,0.026575977526022143,0.017349681816995144,0.0003,944,256,140.73305725486327,14.461486339569092,6.876783847808838,21.33827018737793,1296,0.62944010051433,0,0,TRUE,pair,395,5.859093900187872,6.091242091162698,65,0,7.60253164556962,5.859093900187872,0.6380741993198171,7.620682395994663,cpu,cuda:0,0,670.3818359,47
878,1,DDT600_num150.txt,fixed,3083,8,385.375,15.531721115112305,17.492679595947266,1.0024927178164944e-05,-4.413333333,-0.291143336,0.22416667640209198,0.03414633125066757,0.1733333319425583,0.2933333218097687,0.3971725106239319,0.40248486399650574,0.0009365748264826834,0.578064501285553,0.05313187465071678,0.03125,0.0003,931,269,149.39931262660446,17.539047479629517,3.096924304962158,20.635971784591675,1321,0.6139161989558488,0,0,TRUE,pair,405,7.677876600180753,5.854362633643582,80,0,7.612345679012345,7.677876600180753,0.8171839038841426,8.60220460279379,cpu,cuda:0,0,670.38427734375,48
879,1,DDT600_num150.txt,fixed,3136,8,392,20.892581939697266,17.369544982910156,1.3571023373515345e-05,-3.893333333,-0.275140209,0.2566666603088379,0.027080129832029343,0.2133333384990692,0.30000001192092896,-0.631733656,-0.627138227,0.0006113219860708341,0.49010802805423737,0.0438885512194247,0.024436090141534805,0.0003,892,308,141.6361466419957,17.404041528701782,4.737199068069458,22.14124059677124,1301,0.5940398988313973,0,0,TRUE,pair,421,7.61515280068852,5.635522957967252,45,0,7.448931116389549,7.61515280068852,0.8541029050247744,8.505363301374018,cpu,cuda:0,0,617.2626953,48
880,1,DDT600_num150.txt,fixed,3094,8,386.75,16.207637786865234,14.86911392211914,5.4306077799992636e-05,-4.44,-0.290477465,0.2224999964237213,0.019130399450659752,0.19333332777023315,0.25999999046325684,0.34856078028678894,0.3538656532764435,0.0007786137284711003,0.5694170594215393,0.036793969571590424,0.033203125,0.0003,933,267,171.44212527108414,14.904139757156372,3.1427667140960693,18.04690647125244,1334,0.5502412035129964,0,0,TRUE,pair,411,5.933813200215809,6.03846153745978,75,0,7.527980535279806,5.933813200215809,0.6560139995999634,7.945785599178635,cpu,cuda:0,0,670.38427734375,48
881,1,DDT600_num150.txt,fixed,3041,8,380.125,19.585948944091797,16.56099510192871,9.772254088602494e-06,-4.4,-0.292959397,0.22500000894069672,0.020749829709529877,0.18666666746139526,0.25333333015441895,0.40008888641993207,0.4057020942370097,0.0006825922755524516,0.5954519311587015,0.05333399182806412,0.037109375,0.0003,930,270,115.46512596790436,16.58902931213379,9.747927188873291,26.33695650100708,1313,0.5778023982420564,0,0,TRUE,pair,417,7.223484499147162,6.116409073845017,65,0,7.292565947242206,7.223484499147162,0.7653806030284613,8.227048599743284,cpu,cuda:0,0,670.38232421875,49
882,1,DDT600_num150.txt,fixed,3119,8,389.875,14.146001815795898,14.887226104736328,9.933789442584384e-06,-4.333333333,-0.304525273,0.2291666716337204,0.026861269026994705,0.1733333319425583,0.2800000011920929,-0.746919155,-0.742888987,0.0009460460278205574,0.45031917095184326,0.03644435480237007,0.04615384712815285,0.0003,925,275,194.6940659228337,14.915385961532593,1.1046195030212402,16.020005464553833,1345,0.5504083031555638,0,0,TRUE,pair,406,5.878962699323893,6.219301056502606,80,0,7.682266009852217,5.878962699323893,0.6665170022752136,8.009078299044631,cpu,cuda:0,0,276.07080078125,50
883,1,DDT600_num150.txt,fixed,3090,8,386.25,21.810260772705078,16.771854400634766,1.0160100828215946e-05,-4.32,-0.309016398,0.23000001907348633,0.034480269998311996,0.19333332777023315,0.2800000011920929,-0.573984332,-0.57051374,0.0012129436508985236,0.4077075496315956,0.04921389403170906,0.040179687552154064,0.0003,924,276,127.39146124885904,16.80172824859619,7.454214572906494,24.255942821502686,1329,0.5922903025057167,0,0,TRUE,pair,422,7.216595801408403,6.284142393664634,65,0,7.322274881516588,7.216595801408403,0.8133137995610014,8.36015119892545,cpu,cuda:0,0,670.38427734375,50
884,1,DDT600_num150.txt,fixed,2998,8,374.75,11.913752555847168,14.65491771697998,7.979011570569128e-06,-4.386666667,-0.313172099,0.22583334147930145,0.012219063006341457,0.20000000298023224,0.23999999463558197,-0.162978246,-0.15761453,0.0007154730071003238,0.5721458196640015,0.031722416363966964,0.037100011482834816,0.0003,929,271,143.86892953363397,14.684500932693481,6.153910875320435,20.838411808013916,1315,0.5399989995639771,0,0,TRUE,pair,390,5.831465200637467,6.706470978188467,60,0,7.687179487179487,5.831465200637467,0.6680533009348437,7.830242200405337,cpu,cuda:0,0,670.3818359,50
885,1,DDT600_num150.txt,fixed,2991,8,373.875,21.693532943725586,17.350692749023438,1.328314647253137e-05,-4.68,-0.330236555,0.20750001072883606,0.01613743230700493,0.19333332777023315,0.23999999463558197,-0.869393349,-0.864617884,0.0010885082883760333,0.5319731831550598,0.033859144896268845,0.03896103799343109,0.0003,951,249,165.67667520809385,17.378827571868896,0.6744077205657959,18.053235292434692,1346,0.6231558017898351,0,0,TRUE,pair,404,7.568930999841541,6.590437979572236,70,0,7.403465346534653,7.568930999841541,0.8871765028452501,8.490935099311173,cpu,cuda:0,0,223.8476563,49
886,1,DDT600_num150.txt,fixed,3122,8,390.25,20.85515594482422,15.704692840576172,0.000109533553768415,-4.266666667,-0.314685451,0.23333334922790527,0.01943650282919407,0.20666666328907013,0.25999999046325684,0.32769617438316345,0.33409377932548523,0.000751455663703382,0.6773329377174377,0.03577485680580139,0.04296875,0.0003,920,280,158.61083860553654,15.73355484008789,3.9498414993286133,19.683396339416504,1356,0.5849230006569996,0,0,TRUE,pair,425,6.333255100646056,6.543561817895595,90,0,7.345882352941176,6.333255100646056,0.7074786988086998,8.307803100557067,cpu,cuda:0,0,670.38427734375,50
887,1,DDT600_num150.txt,fixed,3157,8,394.625,16.13178062438965,16.755552291870117,9.979462447518017e-06,-4.4,-0.318156358,0.22500000894069672,0.025110865011811256,0.20000000298023224,0.2800000011920929,-0.210637882,-0.205110148,0.000789263314800337,0.5922368913888931,0.036368805449455976,0.05763901025056839,0.0003,930,270,156.90053253733086,16.78420662879944,3.3368213176727295,20.121027946472168,1369,0.5839862023713067,0,0,TRUE,pair,415,7.144735399750061,6.143173898289692,70,0,7.607228915662651,7.144735399750061,0.7918339944444597,8.435397004708648,cpu,cuda:0,0,670.3847656,49
888,1,DDT600_num150.txt,fixed,3078,8,384.75,14.694811820983887,16.45137596130371,1.150354182755109e-05,-4.266666667,-0.316845303,0.23333333432674408,0.017950547859072685,0.20666666328907013,0.25999999046325684,-0.51741159,-0.511868834,0.0004848745884373784,0.5785176753997803,0.06417181342840195,0.05154639109969139,0.0003,920,280,164.99544848831414,16.48104166984558,2.174018383026123,18.655060052871704,1340,0.6924393000081182,0,0,TRUE,pair,410,7.023643999826163,6.213125405875486,60,0,7.507317073170731,7.023643999826163,0.8111628027400002,8.238060699775815,cpu,cuda:0,0,392.9501953,51
889,1,DDT600_num150.txt,fixed,3164,8,395.5,17.449928283691406,17.981590270996094,1.130415876104962e-05,-3.866666667,-0.300956377,0.25833332538604736,0.02682245895266533,0.2266666740179062,0.30666667222976685,-0.355195574,-0.350610927,0.0005868072912562639,0.4878048151731491,0.032506085583008826,0.037214530631899834,0.0003,890,310,138.4751349964735,18.015444040298462,4.833423376083374,22.848867416381836,1342,0.600073000183329,0,0,TRUE,pair,419,7.717502799583599,6.269911505178314,60,0,7.551312649164678,7.717502799583599,0.9261041986756027,8.795866102795117,cpu,cuda:0,0,641.83935546875,51
890,1,DDT600_num150.txt,fixed,3157,8,394.625,15.361783027648926,15.98886489868164,4.000746048404835e-05,-4.146666667,-0.308354533,0.2408333420753479,0.02612735889852047,0.19333332777023315,0.2866666615009308,-0.557839468,-0.551886755,0.0005348459332405279,0.622014582157135,0.04318389327575763,0.03120170161128044,0.0003,911,289,151.36637339485375,16.020529747009277,4.836150169372559,20.856679916381836,1335,0.5547192989615723,0,0,TRUE,pair,423,6.675985600333661,6.069052898396712,80,0,7.463356973995272,6.675985600333661,0.6987527020974085,8.264033697661944,cpu,cuda:0,0,558.4111328,50
891,1,DDT600_num150.txt,fixed,3177,8,397.125,21.067970275878906,17.891197204589844,3.293975169071928e-05,-4.093333333,-0.302098379,0.24416665732860565,0.034308649599552155,0.1666666716337204,0.2800000011920929,0.11800304055213928,0.12451912959416707,0.0006838457387251159,0.6858017444610596,0.016989683732390404,0.056001038601001106,0.0003,907,293,116.84562353054633,17.930630683898926,9.259091138839722,27.189721822738647,1330,0.6239038972416893,0,0,TRUE,pair,426,7.861531399656087,5.949638019390064,60,0,7.457746478873239,7.861531399656087,0.8731348033761606,8.74503759527579,cpu,cuda:0,0,670.3847656,52
892,1,DDT600_num150.txt,fixed,3251,8,406.375,18.144817352294922,17.271198272705078,1.0533676686463878e-05,-3.973333333,-0.300858683,0.2516666650772095,0.02702879160642624,0.2133333384990692,0.30666667222976685,-0.150583108,-0.145008971,0.0006653449575727185,0.590681274731954,0.042717564889850713,0.027716438596447308,0.0003,898,302,137.8539249360409,17.305763244628906,6.277170658111572,23.58293390274048,1375,0.5924251056276262,0,0,TRUE,pair,427,7.522554299910553,5.610888955997196,50,0,7.613583138173302,7.522554299910553,0.8357099015265703,8.51680649642367,cpu,cuda:0,0,670.3867188,51
893,1,DDT600_num150.txt,fixed,3201,8,400.125,14.86133861541748,17.22200584411621,8.688386515132152e-06,-4.146666667,-0.299413799,0.2408333271741867,0.029709238559007645,0.1733333319425583,0.2866666615009308,-0.388027179,-0.382662427,0.0006194801128003747,0.5674495100975037,0.03567547909915447,0.08019153401255608,0.0003,911,289,130.76190769487891,17.250829458236694,7.228776693344116,24.47960615158081,1357,0.677380500244908,0,0,TRUE,pair,430,7.549064900144003,5.362074352733346,70,0,7.444186046511628,7.549064900144003,0.825265800463967,8.457669699797407,cpu,cuda:0,0,670.3867188,47
894,1,DDT600_num150.txt,fixed,3188,8,398.5,31.93743896484375,17.041481018066406,1.5243880625348538e-05,-4.16,-0.297917316,0.23999999463558197,0.039581138640642166,0.1733333319425583,0.2933333218097687,-0.20509167,-0.199350521,0.000908031506696716,0.6195161938667297,0.03146475460380316,0.029932281002402306,0.0003,912,288,154.78215413580685,17.072450160980225,3.5242395401000977,20.596689701080322,1333,0.5652853001374751,0,0,TRUE,pair,459,7.566520900465548,5.516624841666132,60,0,6.94553376906318,7.566520900465548,0.7566545001463965,8.352682502008975,cpu,cuda:0,0,670.3847656,44
895,1,DDT600_num150.txt,fixed,3193,8,399.125,14.86133861541748,16.76557731628418,1.3300252248882316e-05,-4,-0.289324137,0.25,0.029439199715852737,0.2133333384990692,0.2933333218097687,-0.95183605,-0.947746515,0.0008181679877452552,0.449861615896225,0.03900516778230667,0.0260416679084301,0.0003,900,300,172.3152491144058,16.803895950317383,1.7260949611663818,18.529990911483765,1352,0.586373099940829,0,0,TRUE,pair,425,7.1935421992093325,5.512683995495087,60,0,7.512941176470588,7.1935421992093325,0.7854336986783892,8.408867800841108,cpu,cuda:0,0,273.18603515625,43
896,1,DDT600_num150.txt,fixed,3154,8,394.25,24.422069549560547,16.81092643737793,1.3571023373515345e-05,-4.186666667,-0.29743659,0.2383333146572113,0.030138565227389336,0.19333332777023315,0.2933333218097687,-0.39951614,-0.39448985,0.0007186931519148251,0.538563738266627,0.06585687891735385,0.042417955274383225,0.0003,914,286,145.26564751771247,16.845133066177368,4.866813659667969,21.711946725845337,1354,0.5668721015099436,0,0,TRUE,pair,443,7.494785698829219,5.630310718591408,70,0,7.119638826185102,7.494785698829219,0.8106230010744184,8.128775898483582,cpu,cuda:0,0,639.5517578,41
897,1,DDT600_num150.txt,fixed,3143,8,392.875,14.700658798217773,16.54263687133789,1.588662235008087e-05,-4.133333333,-0.288689504,0.24166667461395264,0.02351122535765171,0.20000000298023224,0.2800000011920929,-0.335461726,-0.330476711,0.000830284688466539,0.5400141974290212,0.02693700499366969,0.018180972896516323,0.0003,910,290,125.68503368565867,16.575002670288086,8.431952476501465,25.00695514678955,1323,0.5739471989218146,0,0,TRUE,pair,417,7.042466201004572,5.584791599243946,60,0,7.537170263788969,7.042466201004572,0.7237646004650742,8.414212097064592,cpu,cuda:0,0,670.3847656,41
898,1,DDT600_num150.txt,fixed,3157,8,394.625,15.67591667175293,16.38023567199707,1.0533676686463878e-05,-4.253333333,-0.290750999,0.23416666686534882,0.028759054839611053,0.18666666746139526,0.2666666805744171,0.28341342508792877,0.2895793914794922,0.0006870403012726456,0.6509489417076111,0.046097825281322,0.03125,0.0003,919,281,144.03188881371776,16.41261601448059,5.506141185760498,21.91875720024109,1344,0.6812454994069412,0,0,TRUE,pair,413,6.718277599662542,5.5508394048755445,75,0,7.6440677966101696,6.718277599662542,0.7694483018713072,8.522662501432933,cpu,cuda:0,0,670.3847656,41
899,1,DDT600_num150.txt,fixed,3236,8,404.5,17.839563369750977,17.201852798461914,8.395584700338077e-06,-4,-0.278140372,0.2499999850988388,0.03972125053405762,0.1599999964237213,0.2866666615009308,-0.266666847,-0.261906075,0.0007652625014695028,0.5143405099709829,0.021618284517899156,0.021278925395260256,0.0003,900,300,143.63844105187258,17.236246585845947,5.29254150390625,22.528788089752197,1356,0.6058965997071937,0,0,TRUE,pair,428,7.32274019846227,5.580655129789864,90,0,7.5607476635514015,7.32274019846227,0.7888292011339217,8.711364404880442,cpu,cuda:0,0,662.12060546875,39
900,1,DDT600_num150.txt,fixed,3130,8,391.25,18.45094871520996,17.246387481689453,9.24621599551756e-06,-4.44,-0.302110269,0.2224999964237213,0.02158639393746853,0.19333332777023315,0.2666666805744171,-0.215003975,-0.209523978,0.00044305830670055,0.5701521635055542,0.023121500009438023,0.01837434060871601,0.0003,933,267,146.49444881670453,17.274481058120728,4.0915162563323975,21.365997314453125,1366,0.6096229014219716,0,0,TRUE,pair,421,7.427475601551123,5.752076678078015,80,0,7.434679334916865,7.427475601551123,0.8060984008479863,8.63031729659997,cpu,cuda:0,0,478.50048828125,40
901,1,DDT600_num150.txt,fixed,3187,8,398.375,27.05521011352539,17.93935775756836,1.2416092431521975e-05,-4.253333333,-0.287823961,0.23416668176651,0.029521651566028595,0.20000000298023224,0.30000001192092896,-0.34926031,-0.344320258,0.000570264644920826,0.5225178599357605,0.03875623569668581,0.024175348381201427,0.0003,919,281,144.14847784681976,17.97032332420349,4.138824462890625,22.109147787094116,1368,0.6414225024636835,0,0,TRUE,pair,438,7.726124299108051,5.550988389288403,50,0,7.276255707762557,7.726124299108051,0.8834844011580572,8.914808400790207,cpu,cuda:0,0,670.3847656,40
902,1,DDT600_num150.txt,fixed,3203,8,400.375,12.277392387390137,15.284544944763184,8.189947038772516e-06,-4.373333333,-0.291825679,0.2266666740179062,0.01972026936709881,0.20000000298023224,0.2666666805744171,-0.24365139,-0.237578288,0.0004989595618098974,0.6322580575942993,0.09801986813545227,0.024930747225880623,0.0003,928,272,181.07984257173044,15.322218894958496,2.3661110401153564,17.688329935073853,1355,0.546162499114871,0,0,TRUE,pair,425,6.1928750006482005,5.329066499932796,50,0,7.536470588235294,6.1928750006482005,0.6823630010476336,8.072832199395634,cpu,cuda:0,0,481.4638672,40
903,1,DDT600_num150.txt,fixed,3232,8,404,19.26136016845703,17.801523208618164,8.139262354234233e-05,-4.28,-0.292277603,0.23250000178813934,0.02459392510354519,0.18666666746139526,0.2666666805744171,0.20817391574382782,0.21435056626796722,0.0007859507750254124,0.656962126493454,0.027990645030513406,0.025390625,0.0003,921,279,136.24414243750107,17.833473920822144,5.888646841049194,23.722120761871338,1357,0.5989053007215261,0,0,TRUE,pair,443,8.105041801230982,5.351485148219779,80,0,7.295711060948081,8.105041801230982,0.8270557003561407,8.480030594742857,cpu,cuda:0,0,670.3867188,41
904,1,DDT600_num150.txt,fixed,3191,8,398.875,15.070148468017578,14.878435134887695,8.092194548225962e-06,-4.106666667,-0.279852756,0.24333332479000092,0.02867441624403,0.20000000298023224,0.2800000011920929,-0.026917728,-0.020965348,0.0007615977665409446,0.6333179871241251,0.02209548931568861,0.029682890822490055,0.0003,908,292,138.9437977812447,14.911272048950195,8.054848432540894,22.96612048149109,1337,0.6297778999432921,0,0,TRUE,pair,422,5.9575286991894245,5.468191788660549,55,0,7.561611374407583,5.9575286991894245,0.6291339006274939,7.9703974986914545,cpu,cuda:0,0,670.3847656,42
905,1,DDT600_num150.txt,fixed,3279,8,409.875,14.995311737060547,17.227489471435547,1.0137697245227173e-05,-4.106666667,-0.300893126,0.24333332479000092,0.02905932627618313,0.19333332777023315,0.2866666615009308,-0.125499964,-0.119256273,0.0006925440393388271,0.658997118473053,0.03678020462393761,0.010676156729459763,0.0003,908,292,171.36478535820913,17.25586771965027,1.8787519931793213,19.13461971282959,1351,0.6728276002686471,0,0,TRUE,pair,438,7.481421801028773,5.181457760640127,90,0,7.486301369863014,7.481421801028773,0.7739798987749964,8.598923797137104,cpu,cuda:0,0,385.56396484375,43
906,1,DDT600_num150.txt,fixed,3336,8,417,13.490737915039062,19.1882266998291,7.168434422055725e-06,-4.013333333,-0.30414563,0.24916666746139526,0.030720515176653862,0.19333332777023315,0.2866666615009308,-0.294018716,-0.289668007,0.0007281711616087705,0.47148042917251587,0.024658388263196683,0.02874325290322304,0.0003,901,299,128.13353596435903,19.215999603271484,6.819339036941528,26.035338640213013,1359,0.6271449009655043,0,0,TRUE,pair,435,8.495381401269697,5.184952039798673,60,0,7.6689655172413795,8.495381401269697,0.9226561026880518,9.342625597375445,cpu,cuda:0,0,670.38916015625,48
907,1,DDT600_num150.txt,fixed,3201,8,400.125,6.152997016906738,15.088665008544922,5.046370006311918e-06,-4.426666667,-0.328454344,0.22333334386348724,0.020816659554839134,0.18666666746139526,0.24666666984558105,-0.24442184,-0.238286972,0.0006771602784283459,0.6473440229892731,0.0918937623500824,0.03527589421719313,0.0003,932,268,184.06519471913387,15.119164943695068,2.2714123725891113,17.39057731628418,1370,0.6547118038870394,0,0,TRUE,pair,409,5.988331600092351,5.318962823894016,65,0,7.82640586797066,5.988331600092351,0.6391638974891976,8.135910601587966,cpu,cuda:0,0,384.31884765625,44
908,1,DDT600_num150.txt,fixed,3255,8,406.875,17.744277954101562,16.883081436157227,1.4510273103951477e-05,-4.333333333,-0.315852251,0.2291666716337204,0.030539140105247498,0.19333332777023315,0.2866666615009308,-0.370233141,-0.365138248,0.0005884990678168833,0.5389135926961899,0.025086648645810783,0.016253394074738026,0.0003,925,275,154.4863072051677,16.91121554374695,4.158612966537476,21.069828510284424,1355,0.7015171992825344,0,0,TRUE,pair,446,7.156333599239588,5.490629799940986,65,0,7.298206278026906,7.156333599239588,0.7946114010410383,8.55136030097492,cpu,cuda:0,0,403.86767578125,46
909,1,DDT600_num150.txt,fixed,3228,8,403.5,12.990381240844727,17.098995208740234,8.895282007870264e-06,-4.373333333,-0.310198102,0.22666668891906738,0.014907119795680046,0.20666666328907013,0.25333333015441895,-0.192681363,-0.186962247,0.0005643762269755825,0.6001299321651459,0.03352683095727116,0.017260254826396704,0.0003,928,272,163.45334389620393,17.12823510169983,2.6205196380615234,19.748754739761353,1379,0.5879963017068803,0,0,TRUE,pair,425,7.553585297893733,5.395291202499669,50,0,7.595294117647059,7.553585297893733,0.8092028995743021,8.356025300570764,cpu,cuda:0,0,471.70068359375,45
910,1,DDT600_num150.txt,fixed,3241,8,405.125,21.162689208984375,16.715187072753906,8.035802238737233e-06,-3.986666667,-0.289741249,0.25083333253860474,0.023318449035286903,0.20000000298023224,0.273333340883255,-0.049730051,-0.04372894,0.0005803303502034396,0.6291270330548286,0.023566681891679764,0.022949219,0.0003,899,301,120.33961762694238,16.742848873138428,10.189262628555298,26.932111501693726,1353,0.5883040998596698,0,0,TRUE,pair,436,7.155278298771009,5.469299595652448,70,0,7.43348623853211,7.155278298771009,0.7452051982982084,8.442895002430305,cpu,cuda:0,0,670.3867188,47
911,1,DDT600_num150.txt,fixed,3153,8,394.125,10.623529434204102,17.334064483642578,7.950464350869879e-06,-4.493333333,-0.315926189,0.21916666626930237,0.025041630491614342,0.1733333319425583,0.25999999046325684,-0.773200214,-0.769073665,0.0009213908342644572,0.45872411131858826,0.040162898638906576,0.015026527146498362,0.0003,937,263,140.51281625407194,17.367886304855347,5.071347951889038,22.439234256744385,1367,0.6202182014239952,0,0,TRUE,pair,411,7.451765799778514,5.4164287980458035,60,0,7.671532846715328,7.451765799778514,0.813034397084266,8.685416996362619,cpu,cuda:0,0,670.3847656,48
912,1,DDT600_num150.txt,fixed,3147,8,393.375,17.189659118652344,16.91050910949707,1.0831658073584549e-05,-4.586666667,-0.31528704,0.2133333384990692,0.019999999552965164,0.18000000715255737,0.23999999463558197,0.2942112237215042,0.3002207279205322,0.0007274767267517745,0.6373241543769836,0.052913374500349164,0.029296875,0.0003,944,256,144.86317285736453,16.942302703857422,4.781645059585571,21.723947763442993,1349,0.6797951005864888,0,0,TRUE,pair,414,7.384411700768396,5.56085160318768,80,0,7.601449275362318,7.384411700768396,0.8142170978244394,8.332561401533894,cpu,cuda:0,0,670.3847656,47
913,1,DDT600_num150.txt,fixed,3205,8,400.625,25.763042449951172,16.92702865600586,1.307612365053501e-05,-4.24,-0.299342306,0.23499999940395355,0.03443996608257294,0.1599999964237213,0.2800000011920929,-0.427660901,-0.422683583,0.0006702212655606369,0.5312421321868896,0.056847469648346305,0.044292074938615165,0.0003,918,282,144.39109435332435,16.9551522731781,5.241507530212402,22.196659803390503,1342,0.5882125002099201,0,0,TRUE,pair,443,7.395424499758519,5.519500779956812,60,0,7.234762979683973,7.395424499758519,0.800656599807553,8.356022197054699,cpu,cuda:0,0,540.77001953125,49
914,1,DDT600_num150.txt,fixed,3161,8,395.125,27.32872772216797,17.162094116210938,3.0263197913882323e-05,-4.533333333,-0.318826205,0.21666668355464935,0.01914854161441326,0.1733333319425583,0.23999999463558197,-0.518520236,-0.514479518,0.0005064569413661957,0.42939049005508423,0.04537634924054146,0.011627906933426857,0.0003,940,260,174.22857148864549,17.193288803100586,0.9495449066162109,18.142833709716797,1355,0.5831942000659183,0,0,TRUE,pair,437,7.6302649977151304,5.363492566247184,65,0,7.233409610983982,7.6302649977151304,0.7898977019358426,8.37562340137083,cpu,cuda:0,0,245.8486328,49
915,1,DDT600_num150.txt,fixed,3155,8,394.375,9.45961856842041,16.760316848754883,7.325311344175134e-06,-4.48,-0.314173859,0.2199999988079071,0.031972214579582214,0.1599999964237213,0.2666666805744171,-0.200373098,-0.194373623,0.0003632073930930346,0.6181073188781738,0.05182701349258423,0.016483517363667488,0.0003,936,264,167.74023034144727,16.789972066879272,2.0188729763031006,18.808845043182373,1351,0.7181720999069512,0,0,TRUE,pair,414,6.988748302101158,5.71473851075452,70,0,7.620772946859903,6.988748302101158,0.8145627988269553,8.573925897944719,cpu,cuda:0,0,484.29248046875,50
916,1,DDT600_num150.txt,fixed,3102,8,387.75,24.651317596435547,14.952622413635254,4.0318831452168524e-05,-4.6,-0.320557216,0.21250000596046448,0.022715022787451744,0.18000000715255737,0.25333333015441895,-0.374945901,-0.369808473,0.000725494798643922,0.5500173345208168,0.04306287001236342,0.042869625613093376,0.0003,945,255,140.6224995095512,15.001800775527954,7.057258129119873,22.059058904647827,1355,0.6624875019770116,0,0,TRUE,pair,422,6.02458349999506,5.505802707084912,55,0,7.350710900473934,6.02458349999506,0.6416138979839161,7.9605084012728184,cpu,cuda:0,0,670.38427734375,50
917,1,DDT600_num150.txt,fixed,3163,8,395.375,17.599271774291992,16.990053176879883,1.0533676686463878e-05,-4.386666667,-0.313280935,0.22583335638046265,0.021714692935347557,0.19333332777023315,0.273333340883255,0.22989310324192047,0.23521538078784943,0.0004733742098324001,0.5558974742889404,0.07223039865493774,0.004819277208298445,0.0003,929,271,166.15293841746976,17.02022075653076,2.0164573192596436,19.036678075790405,1335,0.5760404000757262,0,0,TRUE,pair,427,7.499328498728573,5.411318369315766,100,0,7.407494145199063,7.499328498728573,0.7785135961603373,8.344486897811294,cpu,cuda:0,0,546.82568359375,49
918,1,DDT600_num150.txt,fixed,3117,8,389.625,15.539767265319824,15.922676086425781,6.607249360968126e-06,-4.493333333,-0.323239562,0.21916668117046356,0.012219063937664032,0.20000000298023224,0.23999999463558197,-0.357274041,-0.353339282,0.0004838931296641628,0.4176707665125529,0.05142057314515114,0.03508167713880539,0.0003,937,263,157.62131305296225,15.953581094741821,3.8216633796691895,19.77524447441101,1348,0.683020596858114,0,0,TRUE,pair,412,6.671584500698373,5.3891562412746605,80,0,7.565533980582524,6.671584500698373,0.7017061014194041,8.19968330336269,cpu,cuda:0,0,356.02001953125,50
919,1,DDT600_num150.txt,fixed,3184,8,398,23.43608283996582,17.43947982788086,1.2579827853187453e-05,-4.16,-0.3037387,0.24000000953674316,0.02211083471775055,0.20666666328907013,0.273333340883255,-0.399413983,-0.394863402,0.0007418540578025082,0.49215108156204224,0.04743507939080397,0.042100695272286735,0.0003,912,288,138.59660628926233,17.467915773391724,5.505229711532593,22.973145484924316,1343,0.6825929009355605,0,0,TRUE,pair,446,7.712197600048967,5.306218591766741,60,0,7.139013452914798,7.712197600048967,0.8052351961378008,8.53945399983786,cpu,cuda:0,0,670.3847656,50
920,1,DDT600_num150.txt,fixed,3161,8,395.125,21.180400848388672,16.33570671081543,1.225016876560403e-05,-4.24,-0.315756093,0.23499999940395355,0.03378855809569359,0.1666666716337204,0.2866666615009308,-0.285502071,-0.281423783,0.0007601730700116605,0.4458379983901978,0.03167526633478701,0.05798312723636627,0.0003,918,282,114.90826635642642,16.36887764930725,11.140022277832031,27.508899927139282,1316,0.6689072999870405,0,0,TRUE,pair,439,6.753813600516878,5.553938628072718,60,0,7.2004555808656034,6.753813600516878,0.7546269987942651,8.450059002148919,cpu,cuda:0,0,670.3847656,53
921,1,DDT600_num150.txt,fixed,3152,8,394,9.643651008605957,16.210487365722656,1.3093500456307083e-05,-4.36,-0.322043668,0.22750002145767212,0.017775606364011765,0.18666666746139526,0.24666666984558105,-0.685921301,-0.681882001,0.0010242628341075033,0.4551418622334798,0.028803006823485095,0.038190968024233975,0.0003,927,273,140.87936240280504,16.248428344726562,6.125324249267578,22.37375259399414,1333,0.6014696994097903,0,0,TRUE,pair,405,6.6731356009840965,5.343591370104533,55,0,7.782716049382716,6.6731356009840965,0.707037600222975,8.47498230135534,cpu,cuda:0,0,616.15869140625,51
922,1,DDT600_num150.txt,fixed,3071,8,383.875,12.839757919311523,16.13241195678711,7.864199687901419e-06,-4.573333333,-0.315985938,0.21416667103767395,0.025698572397232056,0.1733333319425583,0.25333333015441895,-0.434252888,-0.43002522,0.0011675545344284426,0.4811452627182007,0.03269009610327581,0.02289907882610957,0.0003,943,257,143.3680943352089,16.162861585617065,5.2575249671936035,21.42038655281067,1339,0.5768246983643621,0,0,TRUE,pair,410,6.70171479950659,5.387821557039704,65,0,7.490243902439024,6.70171479950659,0.7381729978369549,8.331221703090705,cpu,cuda:0,0,670.38232421875,55
923,1,DDT600_num150.txt,fixed,3118,8,389.75,27.634897232055664,16.833003997802734,1.585797144798562e-05,-4.226666667,-0.293544704,0.23583334684371948,0.037407293915748596,0.19333332777023315,0.30666667222976685,-0.026212603,-0.021650255,0.00047905884275678545,0.4801866412162781,0.019992709043435752,0.017431150656193495,0.0003,917,283,149.4936970339964,16.86195135116577,3.995115280151367,20.85706663131714,1321,0.5948709981748834,0,0,TRUE,pair,435,7.249420199659653,5.480115458321464,65,0,7.167816091954023,7.249420199659653,0.8021673967596143,8.40794570487924,cpu,cuda:0,0,670.38427734375,50
924,1,DDT600_num150.txt,fixed,3128,8,391,26.429149627685547,15.799347877502441,1.3406673133431468e-05,-4.28,-0.302050823,0.23250001668930054,0.022715026512742043,0.20666666328907013,0.2666666805744171,-0.298046494,-0.293633494,0.00045195391673284274,0.4638986090819041,0.02708782721310854,0.020325403350094955,0.0003,921,279,151.08692212456188,15.828397989273071,4.874916076660156,20.703314065933228,1328,0.5603076033294201,0,0,TRUE,pair,427,6.676992699736729,5.377237852043508,50,0,7.325526932084309,6.676992699736729,0.6941656988346949,8.087874501012266,cpu,cuda:0,0,419.04638671875,52
925,1,DDT600_num150.txt,fixed,3153,8,394.125,24.28702163696289,16.94383430480957,1.5078914657351561e-05,-4.093333333,-0.300586681,0.24416667222976685,0.034791041165590286,0.20000000298023224,0.30666667222976685,-0.383228749,-0.378730178,0.000752539800790449,0.4874837597211202,0.03996943089684161,0.018229166666666668,0.0003,907,293,143.59738806135454,16.984089374542236,4.973134517669678,21.957223892211914,1331,0.6781018009642139,0,0,TRUE,pair,428,7.4736639014445245,5.373612430940308,50,0,7.366822429906542,7.4736639014445245,0.7739948004018515,8.32797990157269,cpu,cuda:0,0,670.3847656,51
926,1,DDT600_num150.txt,fixed,3092,8,386.5,16.911535263061523,16.86573028564453,7.80616028350778e-06,-4.28,-0.320338218,0.23250000178813934,0.021969040855765343,0.18666666746139526,0.25999999046325684,-0.699059784,-0.694784582,0.0007637604139745235,0.465708464384079,0.03660449758172035,0.021276595070958138,0.0003,921,279,172.36367866174805,16.89107322692871,1.0477409362792969,17.938814163208008,1313,0.6582264980534092,0,0,TRUE,pair,410,7.316106401151046,5.398124191538945,75,0,7.541463414634146,7.316106401151046,0.782749604433775,8.399030401487835,cpu,cuda:0,0,208.7861328,52
927,1,DDT600_num150.txt,fixed,3161,8,395.125,14.373912811279297,16.701248168945312,8.529922524758149e-06,-4.253333333,-0.323382137,0.23416668176651,0.025041630491614342,0.20000000298023224,0.2666666805744171,0.37955300509929657,0.3846035599708557,0.0006835514213889837,0.5392320156097412,0.016880335344467312,0.013671875,0.0003,919,281,146.2862501552986,16.730726957321167,4.877592325210571,21.60831928253174,1356,0.5792983991559595,0,0,TRUE,pair,418,7.230702700675465,5.49636190965635,60,0,7.562200956937799,7.230702700675465,0.814680399489589,8.275052103796043,cpu,cuda:0,0,670.3847656,51
928,1,DDT600_num150.txt,fixed,3157,8,394.625,16.777496337890625,16.85567283630371,3.154341902700253e-05,-3.88,-0.306818163,0.2574999928474426,0.028074804693460464,0.2133333384990692,0.30000001192092896,0.3771156668663025,0.38229671120643616,0.000518074695719406,0.5440092086791992,0.11700373387429863,0.015625,0.0003,891,309,132.14172219151664,16.88298225402832,7.0070250034332275,23.891016006469727,1333,0.583147302037105,0,0,TRUE,pair,431,7.0498324991203845,5.600886919017377,70,0,7.324825986078887,7.0498324991203845,0.8115999061847106,8.603979704203084,cpu,cuda:0,0,670.3847656,52
929,1,DDT600_num150.txt,fixed,3152,8,394,26.443336486816406,16.01838493347168,1.594376954017207e-05,-4.386666667,-0.340578984,0.22583334147930145,0.02716973051428795,0.18000000715255737,0.25999999046325684,-0.349903941,-0.344979376,0.00044969041482545435,0.5149434208869934,0.05856944993138313,0.010989011265337467,0.0003,929,271,180.3713752375651,16.05586886405945,1.4191877841949463,17.475056648254395,1339,0.5679132008226588,0,0,TRUE,pair,450,6.6101087991846725,5.408629441170523,80,0,7.004444444444444,6.6101087991846725,0.7322405979502946,8.318327003042214,cpu,cuda:0,0,384.31689453125,49
930,1,DDT600_num150.txt,fixed,3173,8,396.625,23.978832244873047,16.915616989135742,1.37540864670882e-05,-4.026666667,-0.324379217,0.24833333492279053,0.02939198724925518,0.20000000298023224,0.30000001192092896,-0.197547466,-0.193054646,0.0007758296851534396,0.48807312548160553,0.03298203184385784,0.017412293702363968,0.0003,902,298,155.8570464717155,16.947738647460938,3.410660743713379,20.358399391174316,1355,0.6640846972586587,0,0,TRUE,pair,450,7.53448510018643,5.487551212836769,80,0,7.051111111111111,7.53448510018643,0.786304002511315,8.232290404615924,cpu,cuda:0,0,670.3847656,44
931,1,DDT600_num150.txt,fixed,3198,8,399.75,22.2415714263916,16.27994728088379,1.2379412510199472e-05,-4.16,-0.335976051,0.24000000953674316,0.02828427590429783,0.20666666328907013,0.30000001192092896,-0.358193699,-0.353319015,0.0006638647464569658,0.520661324262619,0.09582640463486314,0.03712233901023865,0.0003,912,288,163.42563100370654,16.30723476409912,3.2612991333007812,19.568533897399902,1327,0.6594407018274069,0,0,TRUE,pair,437,6.799373298534192,5.424015008784444,70,0,7.3180778032036615,6.799373298534192,0.7019015018595383,8.422865100903437,cpu,cuda:0,0,411.4111328,44
932,1,DDT600_num150.txt,fixed,3141,8,392.625,22.775741577148438,16.633750915527344,1.2561740732053295e-05,-4.28,-0.349593459,0.23250000178813934,0.02196904458105564,0.20000000298023224,0.273333340883255,-0.246678233,-0.241941661,0.0010396013385616243,0.5256382822990417,0.02256461899378337,0.01802681596018374,0.0003,921,279,159.13073586782124,16.665050745010376,3.0734364986419678,19.738487243652344,1291,0.5628593995934352,0,0,TRUE,pair,423,7.1690370994620025,5.3549824885143975,50,0,7.425531914893617,7.1690370994620025,0.7647372031351551,8.332907600444742,cpu,cuda:0,0,670.3847656,42
933,1,DDT600_num150.txt,fixed,3284,8,410.5,26.856098175048828,17.561643600463867,1.0092740012623835e-05,-3.733333333,-0.321931959,0.2666666507720947,0.040824826806783676,0.20666666328907013,0.3199999928474426,0.037888649851083755,0.04281548410654068,0.00045237483573146164,0.5153022408485413,0.04638797417283058,0.02675585262477398,0.0003,880,320,164.49822653280899,17.59172511100769,2.372015953063965,19.963741064071655,1361,0.607680803630501,0,0,TRUE,pair,444,7.573546000756323,5.157125456977849,70,0,7.396396396396397,7.573546000756323,0.782500603236258,8.825076800538227,cpu,cuda:0,0,404.8886719,42
934,1,DDT600_num150.txt,fixed,3318,8,414.75,12.295832633972168,16.604833602905273,9.19690228329273e-06,-3.533333333,-0.319956812,0.27916666865348816,0.02066599205136299,0.24666666984558105,0.30666667222976685,0.25468025356531143,0.25990571081638336,0.00046940632455516607,0.5460158586502075,0.025839255831670016,0.022460938,0.0003,865,335,155.40732034808772,16.634422302246094,4.715923309326172,21.350345611572266,1338,0.689174797036685,0,0,TRUE,pair,431,6.93965680024121,5.0901145261766825,50,0,7.698375870069605,6.93965680024121,0.7208262988133356,8.578306003008038,cpu,cuda:0,0,670.38720703125,40
935,1,DDT600_num150.txt,fixed,3254,8,406.75,16.776098251342773,16.618650436401367,9.512871656625066e-06,-4,-0.348719584,0.25,0.03756475821137428,0.18666666746139526,0.31333333253860474,-0.791074514,-0.786094308,0.0008927078451961279,0.5426557660102844,0.0771518424153328,0.020134229212999344,0.0003,900,300,185.95152133128238,16.653087615966797,0.8460969924926758,17.499184608459473,1351,0.6667198035866022,0,0,TRUE,pair,437,6.970855398918502,4.915795942501708,50,0,7.446224256292906,6.970855398918502,0.7684768973849714,8.510008700657636,cpu,cuda:0,0,217.32861328125,40
936,1,DDT600_num150.txt,fixed,3406,8,425.75,17.397916793823242,17.076618194580078,1.732435339363292e-05,-3.666666667,-0.329176361,0.2708333432674408,0.028074802830815315,0.2199999988079071,0.30000001192092896,-0.229096254,-0.224350487,0.000523538280200834,0.5007530351479849,0.03811292474468549,0.02549794999261697,0.0003,875,325,157.55007955530508,17.112149715423584,4.506373167037964,21.618522882461548,1386,0.6755150987301022,0,0,TRUE,pair,450,7.257479999912903,4.68643570128288,48,0,7.568888888888889,7.257479999912903,0.7383087009657174,8.710960400523618,cpu,cuda:0,0,470.7734375,40
937,1,DDT600_num150.txt,fixed,3275,8,409.375,8.169111251831055,15.756120681762695,6.760333690181142e-06,-4.04,-0.332851624,0.2475000023841858,0.023199019953608513,0.2199999988079071,0.30000001192092896,-0.99460717,-0.989804884,0.0015984084069107969,0.560150275627772,0.09476541075855494,0.04681126152475675,0.0003,903,297,167.1385787309488,15.786968469619751,3.8075501918792725,19.594518661499023,1344,0.6644430003361776,0,0,TRUE,pair,424,6.500379900098778,4.957557251617199,45,0,7.724056603773585,6.500379900098778,0.6843577024992555,8.224528602091596,cpu,cuda:0,0,670.38720703125,39
938,1,DDT600_num150.txt,fixed,3286,8,410.75,14.333090782165527,18.30620574951172,2.2527718101628125e-05,-3.733333333,-0.30289022,0.2666666507720947,0.02808716706931591,0.23999999463558197,0.3199999928474426,0.26854047179222107,0.27400854229927063,0.0006503311451524496,0.5793236494064331,0.08798364805988967,0.022460938,0.0003,880,320,138.1814176427405,18.337615251541138,5.442716836929321,23.78033208847046,1343,0.6045440000016242,0,0,TRUE,pair,438,8.272783201304264,5.108338405936503,40,0,7.502283105022831,8.272783201304264,0.8360949013149366,8.79122209630441,cpu,cuda:0,0,670.38720703125,41
939,1,DDT600_num150.txt,fixed,3216,8,402,23.021728515625,15.456185340881348,1.2356432307569776e-05,-3.893333333,-0.300671901,0.2566666603088379,0.0326598659157753,0.2199999988079071,0.31333333253860474,-0.258821309,-0.253719032,0.0009060059092007577,0.5555298030376434,0.017598254547920078,0.013863985426723957,0.0003,892,308,166.68223440576645,15.487472534179688,3.806725263595581,19.29419779777527,1339,0.6407318988349289,0,0,TRUE,pair,433,6.333855801029131,5.343594524175374,60,0,7.427251732101617,6.333855801029131,0.6570341011974961,8.134473702521063,cpu,cuda:0,0,670.3867188,40
940,1,DDT600_num150.txt,fixed,3097,8,387.125,21.739580154418945,16.534717559814453,1.1364340934960637e-05,-4.24,-0.31721899,0.23500001430511475,0.027233555912971497,0.18000000715255737,0.273333340883255,-0.109486826,-0.103999801,0.0004124024126213044,0.5693230032920837,0.08482454717159271,0.026923077180981636,0.0003,918,282,173.29116291956166,16.568805932998657,1.3028497695922852,17.871655702590942,1292,0.6611933006206527,0,0,TRUE,pair,431,7.234336500405334,5.408782693621494,55,0,7.185614849187935,7.234336500405334,0.7976198974065483,8.12838400225155,cpu,cuda:0,0,354.94580078125,40
941,1,DDT600_num150.txt,fixed,3199,8,399.875,21.268741607666016,16.339014053344727,2.716716699069366e-05,-4.32,-0.324849832,0.23000001907348633,0.023333337157964706,0.19333332777023315,0.2666666805744171,-1.073119223,-1.068310201,0.0018832978676073253,0.5750685632228851,0.057409896166063845,0.018554688,0.0003,924,276,156.36919070295008,16.3727285861969,4.085265636444092,20.45799422264099,1338,0.5645270990207791,0,0,TRUE,pair,435,6.988597801304422,5.280400124144726,55,0,7.354022988505747,6.988597801304422,0.7269698005402461,8.265494097373448,cpu,cuda:0,0,670.3847656,42
942,1,DDT600_num150.txt,fixed,3218,8,402.25,23.236555099487305,16.453222274780273,1.4510273103951477e-05,-4.093333333,-0.314050109,0.24416667222976685,0.027676202356815338,0.2133333384990692,0.30666667222976685,-0.434090118,-0.428711896,0.0006811963103245944,0.5718820691108704,0.0480706887319684,0.018652276135981083,0.0003,907,293,169.89102096291376,16.485921382904053,2.4556329250335693,18.941554307937622,1341,0.5734092002967373,0,0,TRUE,pair,438,7.006208800245076,5.140459912174455,45,0,7.34703196347032,7.006208800245076,0.7427700023399666,8.34409379644785,cpu,cuda:0,0,478.5029297,42
943,1,DDT600_num150.txt,fixed,3182,8,397.75,14.506464004516602,16.775253295898438,9.047348612511996e-06,-4.146666667,-0.315003061,0.2408333420753479,0.032221026718616486,0.19333332777023315,0.30666667222976685,-0.153269579,-0.147923455,0.0007080876384861767,0.5700165430704752,0.09093230582463245,0.032496102464695774,0.0003,911,289,139.7632586163015,16.80380082130432,5.963269948959351,22.767070770263672,1330,0.5750648997491226,0,0,TRUE,pair,419,7.158977199811488,5.474230042648795,80,0,7.594272076372315,7.158977199811488,0.7887018009787425,8.449950699927285,cpu,cuda:0,0,670.3847656,46
944,1,DDT600_num150.txt,fixed,3121,8,390.125,24.389739990234375,15.897247314453125,8.996945325634442e-06,-4.293333333,-0.313781774,0.2316666692495346,0.01724012941122055,0.20000000298023224,0.25999999046325684,-0.239529699,-0.234072407,0.0007789181351351241,0.5846749742825826,0.038030725826198854,0.020360838000973065,0.0003,922,278,151.85167959643698,15.930004358291626,4.622945785522461,20.552950143814087,1357,0.5690180007368326,0,0,TRUE,pair,434,6.778041099663824,5.727971803679829,60,0,7.191244239631336,6.778041099663824,0.7227296982891858,8.048895000945777,cpu,cuda:0,0,670.38427734375,45
945,1,DDT600_num150.txt,fixed,3068,8,383.5,14.98332405090332,16.30365562438965,7.747687050141394e-06,-4.306666667,-0.321067577,0.23083335161209106,0.03108009696006775,0.19333332777023315,0.2800000011920929,-0.318924814,-0.314190358,0.00100241246400401,0.5235683023929596,0.10799944121390581,0.030924479477107525,0.0003,923,277,154.1081756816661,16.33380889892578,3.574284791946411,19.908093690872192,1297,0.6754664980107918,0,0,TRUE,pair,411,6.920528999646194,5.731747066181984,60,0,7.464720194647202,6.920528999646194,0.7624468015274033,8.256055603269488,cpu,cuda:0,0,670.38232421875,45
946,1,DDT600_num150.txt,fixed,3261,8,407.625,16.69533920288086,15.125414848327637,9.368363862449769e-06,-3.84,-0.300855286,0.25999999046325684,0.029814237728714943,0.20000000298023224,0.2933333218097687,0.3304898291826248,0.33611123263835907,0.0005029868189012632,0.5872914493083954,0.032251643016934395,0.014648438,0.0003,888,312,147.1539486887302,15.157883167266846,7.002582311630249,22.160465478897095,1358,0.5408998004859313,0,0,TRUE,pair,433,6.097866300609894,5.5973627706204265,90,0,7.531177829099307,6.097866300609894,0.6571515029063448,8.035810202243738,cpu,cuda:0,0,670.3867188,46
947,1,DDT600_num150.txt,fixed,3095,8,386.875,23.671911239624023,17.738916397094727,3.331041079945862e-05,-4.413333333,-0.343242682,0.22416667640209198,0.0375555157661438,0.15333333611488342,0.273333340883255,-0.532471001,-0.527613461,0.00093384455734243,0.5324445168177286,0.04054983662596593,0.02198176768918832,0.0003,931,269,141.9576118217513,17.779376983642578,4.0229058265686035,21.80228281021118,1335,0.5946101966546848,0,0,TRUE,pair,438,8.167148100328632,5.339903069004682,60,0,7.066210045662101,8.167148100328632,0.8175917990738526,8.365099301561713,cpu,cuda:0,0,392.9501953,46
948,1,DDT600_num150.txt,fixed,3037,8,379.625,23.194490432739258,14.460478782653809,1.2091371900169179e-05,-4.186666667,-0.323304804,0.2383333146572113,0.038405731320381165,0.19333332777023315,0.31333333253860474,-0.576077074,-0.570210371,0.0006924897024873644,0.6212925910949707,0.02587660402059555,0.01689466810785234,0.0003,914,286,171.96110999055733,14.489302635192871,3.1716673374176025,17.660969972610474,1314,0.5208520982414484,0,0,TRUE,pair,430,5.786996599985287,5.7115574587243225,55,0,7.062790697674418,5.786996599985287,0.6320130001986399,7.724545403150842,cpu,cuda:0,0,384.4306641,47
949,1,DDT600_num150.txt,fixed,3077,8,384.625,21.78266143798828,16.04032325744629,8.66217669681646e-06,-4.253333333,-0.304490837,0.23416666686534882,0.028370071202516556,0.1666666716337204,0.25999999046325684,0.3777280847231547,0.38330674171447754,0.0009272982133552432,0.6042299071947733,0.026988723509324093,0.016927083333333332,0.0003,919,281,131.92196848397623,16.07318925857544,7.251204967498779,23.32439422607422,1318,0.5729940991150215,0,0,TRUE,pair,422,6.763050600304268,5.7159570985154975,85,0,7.291469194312796,6.763050600304268,0.7280415007844567,8.19548399746418,cpu,cuda:0,0,670.38427734375,47
950,1,DDT600_num150.txt,fixed,3086,8,385.75,17.476770401000977,16.436206817626953,8.203816832974553e-06,-3.88,-0.286157839,0.2574999928474426,0.016308654099702835,0.23333333432674408,0.2866666615009308,0.40498457352320355,0.4106408655643463,0.0005592868837993592,0.593593696753184,0.019541337465246517,0.018229166666666668,0.0003,891,309,119.89935259684809,16.46412682533264,9.27412724494934,25.738254070281982,1301,0.710543199791573,0,0,TRUE,pair,412,6.987580299144611,5.881723914761398,60,0,7.490291262135922,6.987580299144611,0.7687508054077625,8.314465500065126,cpu,cuda:0,0,670.38427734375,48
951,1,DDT600_num150.txt,fixed,3152,8,394,14.404860496520996,15.858369827270508,8.971637726062909e-06,-3.973333333,-0.323391426,0.2516666650772095,0.019930433481931686,0.2266666740179062,0.2800000011920929,-0.564847191,-0.561047077,0.0015635596549448867,0.45818812648455304,0.06165296669738988,0.03294270858168602,0.0003,898,302,149.5694345423091,15.888684272766113,5.185140132904053,21.073824405670166,1310,0.5455186029430479,0,0,TRUE,pair,416,6.691462900023907,5.745241117205111,60,0,7.576923076923077,6.691462900023907,0.7063404985237867,8.110035396879539,cpu,cuda:0,0,670.3847656,48
952,1,DDT600_num150.txt,fixed,3119,8,389.875,24.710512161254883,16.642793655395508,1.1384330719010904e-05,-4.04,-0.330157337,0.2475000023841858,0.04074820876121521,0.20666666328907013,0.3199999928474426,0.3716336339712143,0.3769975006580353,0.0007434175931848586,0.5735568404197693,0.03297477267915383,0.026367188,0.0003,903,297,128.53390735170075,16.681070804595947,7.584899663925171,24.265970468521118,1293,0.5701924971072003,0,0,TRUE,pair,427,7.122247898601927,5.62327669292889,80,0,7.304449648711944,7.122247898601927,0.7908941995119676,8.356396096292883,cpu,cuda:0,0,670.38427734375,50
953,1,DDT600_num150.txt,fixed,3302,8,412.75,19.162137985229492,16.322175979614258,1.1080694093834609e-05,-3.746666667,-0.329323109,0.26583331823349,0.02548147365450859,0.2266666740179062,0.30666667222976685,-0.150367245,-0.145956576,0.000787219061749056,0.48042769730091095,0.05475911023677327,0.016983133275061846,0.0003,881,319,170.18207423435533,16.351536512374878,3.0512120723724365,19.402748584747314,1361,0.58215060189832,0,0,TRUE,pair,448,6.862315300386399,5.223500908973504,70,0,7.370535714285714,6.862315300386399,0.6981308002723381,8.409727802616544,cpu,cuda:0,0,670.38720703125,49
954,1,DDT600_num150.txt,fixed,3175,8,396.875,15.061851501464844,17.498933792114258,8.60951877257321e-06,-3.68,-0.335420007,0.26999998092651367,0.01563471555709839,0.24666666984558105,0.2933333218097687,-0.140437961,-0.134697467,0.0007042151410132647,0.6092625558376312,0.028701224364340305,0.02042863192036748,0.0003,876,324,139.24500037260847,17.529293298721313,5.272243499755859,22.801536798477173,1320,0.588385499548167,0,0,TRUE,pair,418,7.686452898662537,5.4614173226093685,50,0,7.595693779904306,7.686452898662537,0.8365079992217943,8.578899897052906,cpu,cuda:0,0,670.3847656,50
955,1,DDT600_num150.txt,fixed,3174,8,396.75,19.81634521484375,16.926898956298828,1.8541548342909664e-05,-3.893333333,-0.33983888,0.2566666603088379,0.033166248351335526,0.20000000298023224,0.31333333253860474,-0.118907286,-0.114243546,0.0012867274012283555,0.5307096242904663,0.016047250766340376,0.026671836019626687,0.0003,892,308,104.09100207270774,16.958061695098877,13.53448748588562,30.492549180984497,1353,0.6718793008476496,0,0,TRUE,pair,426,7.361205998924561,5.349086324448997,50,0,7.450704225352113,7.361205998924561,0.7886955009307712,8.403248798334971,cpu,cuda:0,0,670.3847656,50
956,1,DDT600_num150.txt,fixed,3212,8,401.5,13.693063735961914,17.431869506835938,8.946258276409935e-06,-3.84,-0.354815135,0.25999999046325684,0.02309400960803032,0.2199999988079071,0.2933333218097687,-0.541541457,-0.537023902,0.0010978484060615301,0.5066449046134949,0.030148960649967194,0.03999999910593033,0.0003,888,312,167.03210584615525,17.458850860595703,1.7709851264953613,19.229835987091064,1332,0.6020693986210972,0,0,TRUE,pair,420,7.534312098636292,5.345267746917634,55,0,7.647619047619048,7.534312098636292,0.8172636973904446,8.692982202279381,cpu,cuda:0,0,384.5517578,51
957,1,DDT600_num150.txt,fixed,3154,8,394.25,23.225793838500977,17.233957290649414,1.0293499144609086e-05,-3.8,-0.359976694,0.26249998807907104,0.03281894698739052,0.2133333384990692,0.3199999928474426,0.38428767025470734,0.38982632756233215,0.0006619827472604811,0.5869648456573486,0.06877334497403353,0.016601563,0.0003,885,315,132.0767466833711,17.261543035507202,6.618512153625488,23.88005518913269,1296,0.5615154011175036,0,0,TRUE,pair,448,7.576104801497422,5.570703868103995,60,0,7.040178571428571,7.576104801497422,0.7807753003435209,8.506390698603354,cpu,cuda:0,0,670.3847656,51
958,1,DDT600_num150.txt,fixed,3167,8,395.875,13.09043025970459,15.85344123840332,8.80536299519008e-06,-3.626666667,-0.366074122,0.2733333110809326,0.01632993295788765,0.24666666984558105,0.30000001192092896,-0.738761604,-0.73559922,0.00137400405947119,0.38493942221005756,0.03744206242845394,0.022576021030545235,0.0003,872,328,154.3883522074157,15.880668640136719,4.632536888122559,20.513205528259277,1290,0.5504191061481833,0,0,TRUE,pair,417,6.602238900843076,5.553520680527827,45,0,7.594724220623501,6.602238900843076,0.6941058016382158,8.214618204161525,cpu,cuda:0,0,670.3847656,51
959,1,DDT600_num150.txt,fixed,3177,8,397.125,14.039565086364746,17.228647232055664,9.464947652304545e-06,-3.933333333,-0.367970148,0.2541666626930237,0.02548147365450859,0.2199999988079071,0.2933333218097687,0.21731682028621435,0.22196241794154048,0.0007745183247607201,0.5032854080200195,0.09796286025084555,0.028303991071879864,0.0003,895,305,142.7012538490443,17.25966191291809,5.003632307052612,22.263294219970703,1336,0.5847145990701392,0,0,TRUE,pair,416,7.74934770015534,5.447906828992277,60,0,7.637019230769231,7.74934770015534,0.7927522979443893,8.318183999857865,cpu,cuda:0,0,670.3847656,51
960,1,DDT600_num150.txt,fixed,3167,8,395.875,16.158878326416016,15.49367904663086,2.4285949621116742e-05,-3.68,-0.337831444,0.26999998092651367,0.03179796785116196,0.2199999988079071,0.3199999928474426,-0.437712977,-0.434251629,0.0013422423411005486,0.41324763000011444,0.08463473392960925,0.04153912064308921,0.0003,876,324,119.96845562866852,15.529836416244507,10.868769645690918,26.398606061935425,1300,0.5372176993405446,0,0,TRUE,pair,423,6.418282000464387,5.707925482958621,64,0,7.486997635933806,6.418282000464387,0.6633352026110515,8.077011096524075,cpu,cuda:0,0,670.3847656,52
961,1,DDT600_num150.txt,fixed,3174,8,396.75,20.926956176757812,16.18234634399414,9.39260280574672e-06,-3.693333333,-0.314781837,0.26916664838790894,0.02448071911931038,0.2266666740179062,0.30666667222976685,0.08239466945330302,0.08657636245091756,0.0007923911907710135,0.4577894906202952,0.03562165532882015,0.02860863134264946,0.0003,877,323,141.75346888541424,16.210493326187134,6.180493116378784,22.390986442565918,1270,0.6357565999496728,0,0,TRUE,pair,440,6.803657800192013,5.553560173353762,65,0,7.213636363636364,6.803657800192013,0.7432453967630863,8.273422400350682,cpu,cuda:0,0,670.3847656,48
962,1,DDT600_num150.txt,fixed,3193,8,399.125,16.104639053344727,17.516803741455078,1.0533676686463878e-05,-3.613333333,-0.32791118,0.27416664361953735,0.024137912318110466,0.23999999463558197,0.31333333253860474,-0.103812009,-0.099573731,0.0008228089136537164,0.4649703651666641,0.1572642414830625,0.033398437313735485,0.0003,871,329,136.2144168549813,17.544172048568726,5.896812200546265,23.44098424911499,1296,0.5661460013361648,0,0,TRUE,pair,428,7.691369500476867,5.447854681855789,60,0,7.460280373831775,7.691369500476867,0.8248097040923312,8.609046101104468,cpu,cuda:0,0,670.3847656,45
963,1,DDT600_num150.txt,fixed,3131,8,391.375,13.443748474121094,14.934989929199219,2.159761788789183e-05,-3.76,-0.339818725,0.26499998569488525,0.023273734375834465,0.23333333432674408,0.30000001192092896,-0.342329184,-0.339312111,0.000883454088276873,0.34587963422139484,0.03841045475564897,0.04013041531046232,0.0003,882,318,155.61062183303378,14.984094619750977,5.136639833450317,20.120734453201294,1276,0.5210388989653438,0,0,TRUE,pair,416,6.071051799575798,5.639731715944619,70,0,7.5264423076923075,6.071051799575798,0.6426710047526285,7.898094500298612,cpu,cuda:0,0,670.38427734375,44
964,1,DDT600_num150.txt,fixed,3218,8,402.25,18.75999641418457,16.69747543334961,8.818265087029431e-06,-3.706666667,-0.32657494,0.2683333158493042,0.029953667894005775,0.20666666328907013,0.31333333253860474,0.24013987183570862,0.2444198876619339,0.0007427679956890643,0.46513888239860535,0.032655358081683517,0.01953125,0.0003,878,322,144.03865558545633,16.724183559417725,5.617041349411011,22.341224908828735,1317,0.6912520001642406,0,0,TRUE,pair,423,7.103819899843074,5.5146053458979,60,0,7.607565011820331,7.103819899843074,0.7458938945783302,8.480119000189006,cpu,cuda:0,0,670.3867188,42
965,1,DDT600_num150.txt,fixed,3146,8,393.25,21.981525421142578,16.674509048461914,2.075200609397143e-05,-3.853333333,-0.332577698,0.2591666877269745,0.025698570534586906,0.2133333384990692,0.2866666615009308,-0.060676346,-0.056456531,0.00111811359723409,0.477889080842336,0.01959869242273271,0.015625,0.0003,889,311,122.52904021871085,16.709057331085205,8.966488599777222,25.675545930862427,1295,0.5916667993878946,0,0,TRUE,pair,420,7.070530801080167,5.396694212526708,60,0,7.4904761904761905,7.070530801080167,0.7673007004195824,8.460684700170532,cpu,cuda:0,0,670.3847656,42
966,1,DDT600_num150.txt,fixed,3090,8,386.25,24.625951766967773,15.405181884765625,1.3162778486730531e-05,-3.88,-0.332672606,0.2574999928474426,0.037850216031074524,0.20666666328907013,0.3266666531562805,-0.170037096,-0.166297987,0.001185790344607085,0.4331992169221242,0.04939902145027494,0.026443524130930502,0.0003,891,309,153.66065561780215,15.440312623977661,4.668933868408203,20.109246492385864,1286,0.6910558003000915,0,0,TRUE,pair,430,6.302357500302605,5.638511324623256,55,0,7.186046511627907,6.302357500302605,0.6726495025213808,8.09180869802367,cpu,cuda:0,0,670.38427734375,41
967,1,DDT600_num150.txt,fixed,3129,8,391.125,19.5156192779541,16.113834381103516,1.103957856685156e-05,-3.92,-0.343866208,0.2549999952316284,0.03192874416708946,0.20666666328907013,0.30666667222976685,-0.671332486,-0.667795435,0.0017242808535229415,0.4399206340312958,0.1113571785390377,0.03379103261977434,0.0003,894,306,174.09615584567328,16.146127223968506,1.8266992568969727,17.97282648086548,1307,0.6426738016307354,0,0,TRUE,pair,422,6.791683400981128,5.688398848710711,65,0,7.414691943127962,6.791683400981128,0.7730316978413612,8.18843620235566,cpu,cuda:0,0,400.6630859,39
968,1,DDT600_num150.txt,fixed,3137,8,392.125,11.815641403198242,16.278230667114258,9.725607924337965e-06,-3.64,-0.338336962,0.27250000834465027,0.024818789213895798,0.23999999463558197,0.31333333253860474,-1.298221827,-1.294900417,0.002969929948449135,0.48064130544662476,0.07523239403963089,0.01342281885445118,0.0003,873,327,182.55051133097282,16.313652992248535,0.8706319332122803,17.184284925460815,1304,0.5545644027879462,0,0,TRUE,pair,403,6.8960170013597235,5.602167675895679,55,0,7.784119106699752,6.8960170013597235,0.7631237999303266,8.254990300978534,cpu,cuda:0,0,217.46044921875,40
969,1,DDT600_num150.txt,fixed,3050,8,381.25,12.14238452911377,16.78285789489746,6.572746769961668e-06,-4.133333333,-0.352888348,0.24166667461395264,0.019930431619286537,0.2133333384990692,0.2866666615009308,-0.735271335,-0.73296988,0.0016578813083469868,0.31304001808166504,0.04219235107302666,0.013671875,0.0003,910,290,148.0509141944551,16.810009717941284,3.791011333465576,20.60102105140686,1260,0.5662245989078656,0,0,TRUE,pair,394,7.4289750984171405,5.697049182360289,90,0,7.741116751269035,7.4289750984171405,0.7973708969075233,8.181522897211835,cpu,cuda:0,0,670.38232421875,40
970,1,DDT600_num150.txt,fixed,3172,8,396.5,19.403608322143555,16.53875732421875,1.0092740012623835e-05,-3.826666667,-0.333777292,0.2608333230018616,0.022715020924806595,0.2266666740179062,0.30000001192092896,-0.535939693,-0.533353031,0.0013048137770965695,0.3239096999168396,0.04648996517062187,0.017578125,0.0003,887,313,166.47599220009886,16.56655240058899,2.487246036529541,19.05379843711853,1292,0.5439180977409706,0,0,TRUE,pair,425,7.150133799063042,5.479823455533945,45,0,7.463529411764706,7.150133799063042,0.741036395309493,8.288810002151877,cpu,cuda:0,0,670.3847656,39
971,1,DDT600_num150.txt,fixed,3108,8,388.5,17.76935577392578,16.13037109,1.0337583262298722e-05,-3.946666667,-0.329506319,0.25333333015441895,0.022360678762197495,0.20000000298023224,0.2800000011920929,-0.608354464,-0.604644404,0.0009442266775295139,0.4182164669036865,0.032568960729986426,0.030214721523225307,0.0003,896,304,131.51593769678743,16.158792734146118,7.4733240604400635,23.63211679458618,1281,0.6731465973425657,0,0,TRUE,pair,418,6.835727501427755,5.732947232717099,100,0,7.435406698564593,6.835727501427755,0.7712228016462177,8.163091605645604,cpu,cuda:0,0,670.38427734375,39
972,1,DDT600_num150.txt,fixed,3234,8,404.25,15.95109748840332,16.792844772338867,1.0598235348879825e-05,-3.506666667,-0.281705895,0.28083333373069763,0.023437269032001495,0.24666666984558105,0.31333333253860474,0.1969538852572441,0.20116684585809708,0.001016995229292661,0.47214601933956146,0.06789382814895362,0.0234375,0.0003,863,337,143.96321080737405,16.822173595428467,5.64189887046814,22.464072465896606,1319,0.5893221966689453,0,0,TRUE,pair,424,7.135515201021917,5.436611008703082,70,0,7.627358490566038,7.135515201021917,0.7699258005013689,8.51317599916365,cpu,cuda:0,0,670.3867188,42
973,1,DDT600_num150.txt,fixed,3235,8,404.375,19.098020553588867,15.58552360534668,7.907449798949528e-06,-3.786666667,-0.273954741,0.2633333206176758,0.015986105427145958,0.23999999463558197,0.2866666615009308,-0.368795861,-0.365358405,0.0007744891481706873,0.3824705332517624,0.04886918299598619,0.028337694704532623,0.0003,884,316,141.02156305049468,15.620821714401245,7.31893253326416,22.939754247665405,1338,0.5464259977452457,0,0,TRUE,pair,431,6.3966866007540375,5.364451312576601,60,0,7.505800464037123,6.3966866007540375,0.6681650017853826,8.088935096631758,cpu,cuda:0,0,670.3867188,42
974,1,DDT600_num150.txt,fixed,3211,8,401.375,18.151704788208008,16.30991554260254,9.488939213042613e-06,-3.293333333,-0.241615897,0.2941666543483734,0.02933286502957344,0.25333333015441895,0.3400000035762787,-0.118894436,-0.115765934,0.0012472322559915483,0.3752119168639183,0.07141723085806007,0.017642449587583542,0.0003,847,353,144.75829587565622,16.339954614639282,5.841848373413086,22.181802988052368,1305,0.5280572032788768,0,0,TRUE,pair,428,7.135077800019644,5.517284335692104,60,0,7.502336448598131,7.135077800019644,0.7501438952749595,8.072400298551656,cpu,cuda:0,0,670.3867188,42
975,1,DDT600_num150.txt,fixed,3239,8,404.875,19.432172775268555,17.18730354309082,7.864199687901419e-06,-3.533333333,-0.241961934,0.27916666865348816,0.034389518201351166,0.2133333384990692,0.3400000035762787,0.21997955441474915,0.22469298541545868,0.0007775251870043576,0.5102195888757706,0.043903485377086326,0.017578125,0.0003,865,335,131.85643690300955,17.21562170982361,7.348973512649536,24.564595222473145,1316,0.5800701027037576,0,0,TRUE,pair,432,7.351259200018831,5.464032109411604,80,0,7.497685185185185,7.351259200018831,0.7736684976844117,8.683775101439096,cpu,cuda:0,0,670.3867188,44
976,1,DDT600_num150.txt,fixed,3185,8,398.125,17.14232635498047,15.82789421081543,1.0689025657484308e-05,-3.44,-0.24085249,0.2849999964237213,0.03210226818919182,0.24666666984558105,0.3400000035762787,-0.408663347,-0.406077762,0.0012836124515160918,0.32273736596107483,0.02931067832590391,0.016337317725022633,0.0003,858,342,147.77949565228974,15.86120080947876,5.691180229187012,21.55238103866577,1306,0.5540562984533608,0,0,TRUE,pair,433,6.520336400019005,5.609733124767406,60,0,7.355658198614319,6.520336400019005,0.6869333976646885,8.277563205105253,cpu,cuda:0,0,670.3847656,45
977,1,DDT600_num150.txt,fixed,3062,8,382.75,23.204256057739258,15.870006561279297,1.2072552635800093e-05,-3.88,-0.2544636,0.2574999928474426,0.029238004237413406,0.2266666740179062,0.3266666531562805,-0.354297072,-0.351374611,0.0009770026517799124,0.3410973437130451,0.0441382021363097,0.013671875,0.0003,891,309,129.36668191377885,15.899356603622437,7.769798040390015,23.66915464401245,1293,0.545420900802128,0,0,TRUE,pair,421,6.872473100316711,5.356629652341622,55,0,7.273159144893111,6.872473100316711,0.7527506035985425,7.900173298199661,cpu,cuda:0,0,670.38232421875,45
978,1,DDT600_num150.txt,fixed,3200,8,400,24.728525161743164,15.760056495666504,2.3394197341986e-05,-3.68,-0.232212731,0.26999998092651367,0.022607766091823578,0.23333333432674408,0.31333333253860474,-0.546521877,-0.542210643,0.0006911202993554374,0.4656784037748973,0.022442674380727112,0.014747474963466326,0.0003,876,324,163.20818787338746,15.786911249160767,3.819948196411133,19.6068594455719,1300,0.5534984995611012,0,0,TRUE,pair,437,6.479574801051058,5.288749998956919,55,0,7.322654462242563,6.479574801051058,0.7080923012690619,8.222423598403111,cpu,cuda:0,0,440.6679688,46
979,1,DDT600_num150.txt,fixed,3267,8,408.375,10.873562812805176,17.02252197265625,8.71451720740879e-06,-3.333333333,-0.204868339,0.2916666567325592,0.03708098828792572,0.2266666740179062,0.3466666638851166,0.1494915634393692,0.15348972380161285,0.0008434726041741669,0.4419897645711899,0.053028492256999016,0.01953125,0.0003,850,350,142.78991601682526,17.053497791290283,5.826269149780273,22.879766941070557,1311,0.5598592977039516,0,0,TRUE,pair,424,7.300333499326371,5.398836853382308,55,0,7.705188679245283,7.300333499326371,0.7790931011550128,8.57053890323732,cpu,cuda:0,0,670.38720703125,46
980,1,DDT600_num150.txt,fixed,3164,8,395.5,15.20690631866455,15.495779991149902,1.0972436029987875e-05,-3.653333333,-0.221092361,0.27166667580604553,0.017240136861801147,0.25333333015441895,0.30666667222976685,0.2332928068935871,0.23763206601142883,0.0006441416771849617,0.4661337062716484,0.023222845746204257,0.016601563,0.0003,874,326,112.56340751313397,15.527862310409546,12.580739498138428,28.108601808547974,1293,0.6364866009680554,0,0,TRUE,pair,421,6.380312401219271,5.450695321924617,70,0,7.515439429928741,6.380312401219271,0.6630835004616529,8.118251703097485,cpu,cuda:0,0,670.3847656,48
981,1,DDT600_num150.txt,fixed,3241,8,405.125,13.59630012512207,15.925017356872559,8.55653706821613e-06,-3.506666667,-0.235186979,0.28083333373069763,0.03821539878845215,0.2133333384990692,0.36000001430511475,-0.163380504,-0.160086145,0.0005774653109256178,0.35830919941266376,0.02156630751233024,0.0078125,0.0003,863,337,145.19693359642176,15.953324794769287,6.368083238601685,22.32140803337097,1297,0.5378947968129069,0,0,TRUE,pair,433,6.628438400104642,5.254242518035691,55,0,7.484988452655889,6.628438400104642,0.6902622050838545,8.258538102149032,cpu,cuda:0,0,670.3867188,47
982,1,DDT600_num150.txt,fixed,3206,8,400.75,10.928746223449707,15.833578109741211,7.309775355679449e-06,-3.72,-0.240679498,0.26750001311302185,0.024818791076540947,0.23999999463558197,0.30666667222976685,0.09723285585641861,0.10139109939336777,0.0006214057793840766,0.4468937963247299,0.0326603073917795,0.012984340079128742,0.0003,879,321,159.09007002266574,15.87420105934143,4.277905225753784,20.152106285095215,1307,0.6509839008795097,0,0,TRUE,pair,423,6.486071899766102,5.350592638207315,60,0,7.57919621749409,6.486071899766102,0.6568646969972178,8.351131801726297,cpu,cuda:0,0,670.3867188,48
983,1,DDT600_num150.txt,fixed,3251,8,406.375,24.05170249938965,16.523717880249023,1.2633935511985328e-05,-3.426666667,-0.230425355,0.28583332896232605,0.03658134117722511,0.2266666740179062,0.3400000035762787,-0.598984063,-0.595564306,0.00048795994371175766,0.36637772619724274,0.01542593605699949,0.010805191472172737,0.0003,857,343,161.17704327749357,16.551461219787598,3.6189050674438477,20.170366287231445,1314,0.6787870026892051,0,0,TRUE,pair,453,6.99514130060561,5.214087972088031,50,0,7.176600441501104,6.99514130060561,0.7434984011342749,8.422508403542452,cpu,cuda:0,0,670.3867188,48
984,1,DDT600_num150.txt,fixed,3276,8,409.5,14.849242210388184,17.325809478759766,5.9556941778282635e-06,-3.626666667,-0.235612185,0.273333340883255,0.011055411770939827,0.25333333015441895,0.2933333218097687,0.004009142518043518,0.00801098346710205,0.0008015852460327247,0.44026246170202893,0.03398230294988025,0.03484064961473147,0.0003,872,328,108.64766999638132,17.358707666397095,12.793802738189697,30.152510404586792,1331,0.5924306011293083,0,0,TRUE,pair,425,7.313448900589719,5.22008546790215,55,0,7.708235294117647,7.313448900589719,0.8119647960411385,8.814779706764966,cpu,cuda:0,0,670.38720703125,48
985,1,DDT600_num150.txt,fixed,3319,8,414.875,25.295442581176758,18.449779510498047,1.1080694093834609e-05,-3.146666667,-0.225283014,0.3033333420753479,0.04841945692896843,0.24666666984558105,0.41333332657814026,-0.826564938,-0.823921651,0.0009080404997803271,0.30973079800605774,0.03009826852940023,0.018755468539893627,0.0003,836,364,155.54102316776493,18.47920298576355,2.8592190742492676,21.338422060012817,1326,0.6112496991408989,0,0,TRUE,pair,459,7.956523400149308,5.051521544213681,70,0,7.230936819172113,7.956523400149308,0.8404627930140123,9.252235596301034,cpu,cuda:0,0,660.98583984375,48
986,1,DDT600_num150.txt,fixed,3177,8,397.125,12.751837730407715,15.725874900817871,9.416778993909247e-06,-3.56,-0.239949731,0.2774999737739563,0.019982628524303436,0.25999999046325684,0.3266666531562805,-0.213618144,-0.20933944,0.0004725171020254493,0.4514956772327423,0.053553543984889984,0.03543306887149811,0.0003,867,333,180.47847155596824,15.753614902496338,1.849592685699463,17.6032075881958,1311,0.7630353003041819,0,0,TRUE,pair,418,6.4727653990266845,5.461126848103154,60,0,7.600478468899522,6.4727653990266845,0.6872123992070556,8.229820799664594,cpu,cuda:0,0,346.5771484,49
987,1,DDT600_num150.txt,fixed,3253,8,406.625,20.69986343383789,15.741046905517578,1.0024927178164944e-05,-3.586666667,-0.231332314,0.2758333384990692,0.014117559418082237,0.25999999046325684,0.30000001192092896,-0.377010804,-0.373651832,0.0005625641351798549,0.3640269637107849,0.020317151182098314,0.019702343735843897,0.0003,869,331,137.8737704689924,15.7699716091156,7.824073791503906,23.594045400619507,1325,0.5432387022301555,0,0,TRUE,pair,442,6.515454899519682,5.295112204559026,60,0,7.35972850678733,6.515454899519682,0.6689445982920006,8.215782503364608,cpu,cuda:0,0,670.3867188,50
988,1,DDT600_num150.txt,fixed,3158,8,394.75,12.99759578704834,15.872920036315918,8.415871889155824e-06,-3.64,-0.232703293,0.2724999785423279,0.02145732007920742,0.24666666984558105,0.31333333253860474,-0.566455019,-0.563231864,0.0007079241622705013,0.35771147285898525,0.022048189368736832,0.024485342670232058,0.0003,873,327,132.86660638576456,15.90659785270691,7.8616015911102295,23.76819944381714,1284,0.5260235017631203,0,0,TRUE,pair,423,6.774879599572159,5.575364154528183,100,0,7.465721040189125,6.774879599572159,0.68810840183869,8.068370401742868,cpu,cuda:0,0,670.3847656,49
989,1,DDT600_num150.txt,fixed,3258,8,407.25,15.538259506225586,17.397598266601562,1.0047582691186108e-05,-3.533333333,-0.216705509,0.27916666865348816,0.03273419663310051,0.23333333432674408,0.3266666531562805,-0.328121776,-0.323934097,0.000656546195386909,0.45159438252449036,0.02192210842622444,0.02215692074969411,0.0003,865,335,141.32611546784554,17.425100326538086,5.6279637813568115,23.053064107894897,1300,0.5587499995017424,0,0,TRUE,pair,429,7.680193898850121,5.080417434008594,70,0,7.594405594405594,7.680193898850121,0.8142306008376181,8.522460298030637,cpu,cuda:0,0,670.3867188,49
990,1,DDT600_num150.txt,fixed,3219,8,402.375,13.056966781616211,16.380292892456055,1.0403358828625642e-05,-3.493333333,-0.207423144,0.28166666626930237,0.020207256078720093,0.25333333015441895,0.3199999928474426,-0.60636167,-0.602988703,0.0003765391302295029,0.35612688461939496,0.0731052958581131,0.01549584666887919,0.0003,862,338,146.16658624046082,16.41029715538025,5.612519979476929,22.022817134857178,1303,0.5669377024751157,0,0,TRUE,pair,425,6.854896400123835,5.436470953786399,70,0,7.574117647058824,6.854896400123835,0.7333397011971101,8.431560094701126,cpu,cuda:0,0,670.3867188,50
991,1,DDT600_num150.txt,fixed,3273,8,409.125,18.543445587158203,16.247081756591797,9.631638022256084e-06,-3.386666667,-0.203025236,0.28833332657814026,0.03539459779858589,0.2199999988079071,0.3466666638851166,-0.307404765,-0.304122227,0.0005501486302819103,0.35576247423887253,0.016914850813918747,0.014859523507766426,0.0003,854,346,130.7933710076206,16.27686905860901,8.747334957122803,25.02420401573181,1313,0.549031300120987,0,0,TRUE,pair,446,6.735629398841411,5.380079438043158,56,0,7.338565022421525,6.735629398841411,0.6778873989824206,8.486744698137045,cpu,cuda:0,0,670.38720703125,50
992,1,DDT600_num150.txt,fixed,3221,8,402.625,17.761878967285156,15.909871101379395,2.4912174922064878e-05,-3.373333333,-0.193035273,0.289166659116745,0.03999131917953491,0.2133333384990692,0.3400000035762787,-0.020651474,-0.016139014,0.0005845394625794142,0.48047348111867905,0.01205684244632721,0.01804094365797937,0.0003,853,347,136.5121672060421,15.945262908935547,7.649703502655029,23.594966411590576,1316,0.5472488987725228,0,0,TRUE,pair,427,6.526283199549653,5.446755664017733,65,0,7.543325526932084,6.526283199549653,0.6857043023919687,8.350797602441162,cpu,cuda:0,0,670.3867188,50
993,1,DDT600_num150.txt,fixed,3241,8,405.125,19.94014549255371,16.457664489746094,1.4866311175865121e-05,-3.493333333,-0.202558322,0.28166666626930237,0.038260798901319504,0.23333333432674408,0.35333332419395447,-0.462729275,-0.45756039,0.0002557998523116112,0.5296803116798401,0.06395848840475082,0.016460904851555824,0.0003,862,338,181.08351836225958,16.49076008796692,1.4070587158203125,17.89781880378723,1343,0.5507144985022023,0,0,TRUE,pair,445,7.144087500171736,5.231718604927334,45,0,7.28314606741573,7.144087500171736,0.7444576001726091,8.207832704181783,cpu,cuda:0,0,335.65673828125,50
994,1,DDT600_num150.txt,fixed,3231,8,403.875,14.434659004211426,16.130027770996094,9.24621599551756e-06,-3.346666667,-0.195724949,0.29083332419395447,0.022345149889588356,0.25333333015441895,0.3333333432674408,-0.590041816,-0.586413562,0.0005701325062545948,0.39133256673812866,0.054311214087647386,0.02805676031857729,0.0003,851,349,135.00303770368174,16.163423538208008,7.769371271133423,23.93279480934143,1292,0.5434361002407968,0,0,TRUE,pair,426,6.669665699475445,5.432992879763656,60,0,7.584507042253521,6.669665699475445,0.6832957998849452,8.425366297829896,cpu,cuda:0,0,670.3867188,51
995,1,DDT600_num150.txt,fixed,3271,8,408.875,13.905372619628906,17.27982521057129,9.221591426467057e-06,-3.253333333,-0.191516554,0.2966666519641876,0.0235702283680439,0.25999999046325684,0.3400000035762787,-0.694276184,-0.689442635,0.00044946458365302533,0.5058312565088272,0.03673978883307427,0.02562579233199358,0.0003,844,356,171.80447995026228,17.30864691734314,1.7304375171661377,19.039084434509277,1293,0.5657951986650005,0,0,TRUE,pair,429,7.557563199545257,5.335982878468372,55,0,7.624708624708624,7.557563199545257,0.80713979981374,8.536225592019036,cpu,cuda:0,0,358.3789063,49
996,1,DDT600_num150.txt,fixed,3319,8,414.875,17.352502822875977,16.58858299255371,1.1018963050446473e-05,-3.346666667,-0.197102858,0.29083332419395447,0.019418634474277496,0.25333333015441895,0.31333333253860474,0.015981532633304596,0.020383771508932114,0.00044017500476911664,0.4622326195240021,0.04530717059969902,0.017751479521393776,0.0003,851,349,179.06107893957122,16.61610460281372,1.9194700717926025,18.535574674606323,1353,0.5724271003855392,0,0,TRUE,pair,434,6.830213699024171,5.2877372676042524,55,0,7.647465437788019,6.830213699024171,0.7456768972333521,8.643612998886965,cpu,cuda:0,0,450.7353516,51
997,1,DDT600_num150.txt,fixed,3171,8,396.375,20.210996627807617,15.530141830444336,9.996535482059699e-06,-3.533333333,-0.203396234,0.27916666865348816,0.025698572397232056,0.24666666984558105,0.3199999928474426,0.476317822933197,0.48105233907699585,0.0006909403891768306,0.507998064160347,0.06208769232034683,0.020507813,0.0003,865,335,155.30620003359485,15.56519889831543,4.8525307178497314,20.41772961616516,1292,0.5259386987891048,0,0,TRUE,pair,434,6.436980998027138,5.506149479208291,55,0,7.306451612903226,6.436980998027138,0.666922195116058,8.094612900167704,cpu,cuda:0,0,670.3847656,49
998,1,DDT600_num150.txt,fixed,3170,8,396.25,19.65801429748535,17.04179573059082,9.795493497222196e-06,-3.733333333,-0.217703488,0.2666666507720947,0.03559026122093201,0.2199999988079071,0.3400000035762787,0.45638854801654816,0.4608921855688095,0.0008413631585426629,0.49243029952049255,0.036489948208327405,0.0234375,0.0003,880,320,138.91980637363972,17.06792378425598,5.7509965896606445,22.818920373916626,1316,0.5799537015845999,0,0,TRUE,pair,435,7.2366978011559695,5.409779180487623,70,0,7.287356321839081,7.2366978011559695,0.814456598367542,8.60205570049584,cpu,cuda:0,0,670.3847656,50
999,1,DDT600_num150.txt,fixed,3186,8,398.25,25.733003616333008,16.410703659057617,1.3770608347840607e-05,-3.44,-0.227358833,0.2849999964237213,0.024888642132282257,0.25333333015441895,0.3400000035762787,0.5245018402735392,0.5290191570917765,0.0005423391024426868,0.4788475235303243,0.023723261430859566,0.020833333333333332,0.0003,858,342,116.14803979897802,16.438719034194946,10.991791248321533,27.43051028251648,1305,0.6503389033023268,0,0,TRUE,pair,432,6.9431751993251964,5.505021969178003,72,0,7.375,6.9431751993251964,0.7246073036221787,8.384437599801458,cpu,cuda:0,0,670.3847656,51
