iteration,instance_id,instance_name,instance_selection,transitions,episode_count,episode_transition_mean,episode_transition_std,episode_seconds_mean,episode_seconds_std,reward,mean_return,fulfillment_rate_mean,fulfillment_rate_std,fulfillment_rate_min,fulfillment_rate_max,loss,policy_loss,value_loss,entropy,approx_kl,clip_fraction,learning_rate,discard_count,completion_count,steps_per_second,rollout_seconds,update_seconds,elapsed_seconds,fluid_solve_count,fluid_solve_seconds,fluid_cache_hit_count,fluid_fallback_count,sparse_attention_enabled,sparse_attention_scope,policy_forward_count,policy_forward_seconds,avg_action_tokens,max_action_tokens,padding_ratio,actor_batch_size_mean,policy_act_seconds,simulator_step_seconds,obs_build_seconds,rollout_device,update_device,cpu_memory_mb,gpu_memory_mb,gpu_temperature
2000,1,DDT500_num150.txt,fixed,2645,8,330.625,8.454843521118164,15.085803985595703,7.064596502459608e-06,-5.56,-0.515596427,0.1524999886751175,0.018984641879796982,0.1066666692495346,0.1733333319425583,-0.099103347,-0.093011156,0.006936017665653848,0.9560187413142278,0.006030348916913051,0.021364613257061977,0.0003,1017,183,57.527365887520226,15.102109670639038,30.87600803375244,45.97811770439148,1252,0.5984654994681478,0,0,TRUE,pair,341,5.261261300649494,6.681285444054126,60,0,7.756598240469208,5.261261300649494,0.628672200080473,8.85112849919824,cpu,cuda:0,0,148.14794921875,51
2001,1,DDT500_num150.txt,fixed,2632,8,329,9.746794700622559,12.864048957824707,8.12724101706408e-06,-5.586666667,-0.585993609,0.15083332359790802,0.009965216740965843,0.13333334028720856,0.1666666716337204,-0.02732342,-0.02016845,0.005324041509690384,0.9816993706756167,0.009881912427469311,0.03132153438248982,0.0003,1019,181,40.189396013425565,12.879415035247803,52.61049675941467,65.48991179466248,1283,0.5359898990718648,0,0,TRUE,pair,350,3.9017946997773834,6.572568388876582,75,0,7.52,3.9017946997773834,0.6587603011284955,7.959769700304605,cpu,cuda:0,0,148.14794921875,51
2002,1,DDT500_num150.txt,fixed,2648,8,331,10.198039054870605,10.905248641967773,6.0785050663980655e-06,-5.453333333,-0.537921058,0.15916664898395538,0.013919409364461899,0.13333334028720856,0.18666666746139526,-0.079537478,-0.071644635,0.003424251657527159,0.9604970392058877,0.008286253033421578,0.03849202556097332,0.0003,1009,191,47.93775346727351,10.920701265335083,44.31759858131409,55.23829984664917,1260,0.4594422015361488,0,0,TRUE,pair,346,2.946566399477888,6.139350452992131,70,0,7.6531791907514455,2.946566399477888,0.5500323988962919,7.1137200995581225,cpu,cuda:0,0,148.14794921875,43
2003,1,DDT500_num150.txt,fixed,2601,8,325.125,12.761636734008789,12.382448196411133,1.0092740012623835e-05,-5.506666667,-0.544840158,0.15583331882953644,0.013307267799973488,0.13333334028720856,0.18000000715255737,-0.033538606,-0.026247105,0.005292058754194941,0.9937528040673997,0.008014035850667116,0.014557037994058596,0.0003,1013,187,71.71853362182244,12.399553060531616,23.867223024368286,36.2667760848999,1237,0.5734066991135478,0,0,TRUE,pair,345,3.822880200983491,6.626682044908845,80,0,7.539130434782609,3.822880200983491,0.6451676008291543,7.5798506998689845,cpu,cuda:0,0,148.1474609,40
2004,1,DDT500_num150.txt,fixed,2656,8,332,15.984367370605469,12.47188949584961,1.0528279744903557e-05,-5.56,-0.547514717,0.1524999886751175,0.01266556978225708,0.13333334028720856,0.1733333319425583,-0.034068838,-0.027182393,0.005693877686835116,0.9733386295182365,0.007672486159468203,0.036751949183997656,0.0003,1017,183,42.06323029597047,12.497503757476807,50.645530700683594,63.1430344581604,1253,0.5549010001705028,0,0,TRUE,pair,356,3.6121144996141084,6.648719876555793,65,0,7.46067415730337,3.6121144996141084,0.6593271007877775,7.854413700581063,cpu,cuda:0,0,148.14794921875,38
2005,1,DDT500_num150.txt,fixed,2709,8,338.625,16.844417572021484,12.255308151245117,1.0904881492024288e-05,-5.493333333,-0.598477181,0.15666665136814117,0.015275253914296627,0.12666666507720947,0.1733333319425583,-0.041822048,-0.034743721,0.004750516905914992,0.9453584187560611,0.00938949977323015,0.03490173594198293,0.0003,1012,188,51.85625142400955,12.272136449813843,39.96843099594116,52.240567445755005,1291,0.5304498007753864,0,0,TRUE,pair,368,3.7201225996250287,6.297895903779203,65,0,7.361413043478261,3.7201225996250287,0.6256445001927204,7.583809598931111,cpu,cuda:0,0,148.14990234375,40
2006,1,DDT500_num150.txt,fixed,2646,8,330.75,4.4087982177734375,13.924878120422363,4.909339168079896e-06,-5.506666667,-0.51789285,0.15583331882953644,0.016308654099702835,0.13333334028720856,0.18666666746139526,-0.016289089,-0.008888348,0.004221191452372642,0.9511333987826392,0.006303930963332234,0.021885269698465153,0.0003,1013,187,40.140968851080636,13.942281723022461,51.975409746170044,65.9176914691925,1278,0.6281904987990856,0,0,TRUE,pair,338,4.294003500021063,6.473922901953699,56,0,7.828402366863905,4.294003500021063,0.7570931013906375,8.478920200199354,cpu,cuda:0,0,148.14794921875,44
2007,1,DDT500_num150.txt,fixed,2611,8,326.375,22.248245239257812,12.194580078125,1.3708549886359833e-05,-5.4,-0.564016523,0.16250000894069672,0.017931198701262474,0.12666666507720947,0.18666666746139526,0.03787269381185373,0.045346626391013466,0.004410226790544887,0.96790412068367,0.006924409656069959,0.02478321207066377,0.0003,1005,195,60.11480966931416,12.211477041244507,31.222079753875732,43.43355679512024,1235,0.5242858997662552,0,0,TRUE,pair,346,3.5624090996570885,6.421294516687967,50,0,7.546242774566474,3.5624090996570885,0.6331342021003366,7.680401699850336,cpu,cuda:0,0,148.1474609,0
2008,1,DDT500_num150.txt,fixed,2582,8,322.75,10.871407508850098,13.182099342346191,3.912390093319118e-05,-5.573333333,-0.611474625,0.15166665613651276,0.012801911681890488,0.14000000059604645,0.18000000715255737,-0.095483254,-0.087465533,0.004347390972543508,1.0191418558359147,0.016052627018325438,0.02105263164266944,0.0003,1018,182,52.13956801398216,13.211700916290283,36.30923104286194,49.52093195915222,1218,0.558827000495512,0,0,TRUE,pair,349,3.9492200003005564,6.8791634395637775,80,0,7.3982808022922635,3.9492200003005564,0.7288101998856291,8.135653099510819,cpu,cuda:0,0,148.1474609,48
2009,1,DDT500_num150.txt,fixed,2712,8,339,17.741195678710938,13.445781707763672,1.2282606803637464e-05,-5.413333333,-0.615196595,0.1616666615009308,0.014043585397303104,0.14000000059604645,0.18000000715255737,0.004751483948590855,0.012012790345276395,0.004292181319518325,0.9407396465539932,0.008055730685818127,0.03750666059204377,0.0003,1006,194,43.3597350866541,13.462336301803589,49.084171295166016,62.546507596969604,1300,0.5809082009945996,0,0,TRUE,pair,369,4.002389199915342,6.675147492273719,60,0,7.349593495934959,4.002389199915342,0.7363030984997749,8.327012199733872,cpu,cuda:0,0,148.14990234375,48
2010,1,DDT500_num150.txt,fixed,2696,8,337,15.57241153717041,12.826313018798828,8.971637726062909e-06,-5.453333333,-0.625829969,0.15916666388511658,0.019275054335594177,0.11999999731779099,0.19333332777023315,-0.115889461,-0.108683719,0.0036883056629449127,0.90498921473821,0.01265834328563263,0.07465769954336186,0.0003,1009,191,66.87543222793539,12.8472900390625,27.46646809577942,40.31375813484192,1281,0.5618370005395263,0,0,TRUE,pair,356,3.7976537997601554,6.515578634484232,65,0,7.573033707865169,3.7976537997601554,0.6689640985568985,8.011034299386665,cpu,cuda:0,0,148.14990234375,49
2011,1,DDT500_num150.txt,fixed,2606,8,325.75,15.618498802185059,13.005717277526855,8.90805313247256e-06,-5.533333333,-0.639032745,0.15416666865348816,0.02012116089463234,0.11999999731779099,0.18000000715255737,-0.008131189,-0.001033188,0.004666719521628693,0.9431357353925705,0.011775789617968258,0.026778981019742788,0.0003,1015,185,38.442924974144724,13.025171041488647,54.7636353969574,67.78880643844604,1246,0.5885785999707878,0,0,TRUE,pair,355,3.954395500011742,6.619723713132664,60,0,7.340845070422535,3.954395500011742,0.6711575003573671,8.030454700114205,cpu,cuda:0,0,148.1474609,51
2012,1,DDT500_num150.txt,fixed,2670,8,333.75,17.60504150390625,12.337872505187988,6.843900791864144e-06,-5.506666667,-0.600896948,0.15583333373069763,0.016645822674036026,0.12666666507720947,0.18000000715255737,-0.003215789,0.0037366441329536233,0.005497186044838441,0.9701023257297018,0.011630466698486098,0.03235577350563329,0.0003,1013,187,42.19285250181538,12.355614423751831,50.92524576187134,63.28086018562317,1287,0.5613822987070307,0,0,TRUE,pair,355,3.5649555007112212,6.884644193952896,70,0,7.52112676056338,3.5649555007112212,0.6412916000117548,7.801171803206671,cpu,cuda:0,0,148.14794921875,51
2013,1,DDT500_num150.txt,fixed,2657,8,332.125,10.43356990814209,12.720515251159668,7.659138645976782e-06,-5.48,-0.558811222,0.1575000137090683,0.011516896076500416,0.14000000059604645,0.1733333319425583,-0.0081531,-0.001117166,0.004849057621322572,0.9460463851690293,0.0063636599547862716,0.03918838487006724,0.0003,1011,189,43.38607354262436,12.742368936538696,48.498480558395386,61.24084949493408,1282,0.6083438997738995,0,0,TRUE,pair,346,3.90298539964715,6.776439591193495,65,0,7.679190751445087,3.90298539964715,0.6809825992095284,7.780935198476072,cpu,cuda:0,0,148.14794921875,42
2014,1,DDT500_num150.txt,fixed,2589,8,323.625,10.40357494354248,12.186144828796387,7.718283995927777e-06,-5.56,-0.533303644,0.1525000035762787,0.01431297231465578,0.11999999731779099,0.1666666716337204,0.05207522585988045,0.06017975819607576,0.0036918119941320685,0.9950439135233561,0.009681100699203348,0.023286150095777378,0.0003,1017,183,82.9837203456633,12.2047278881073,18.994162559509277,31.198890447616577,1242,0.5428614999400452,0,0,TRUE,pair,338,3.6137524998630397,7.037079953742147,52,0,7.659763313609467,3.6137524998630397,0.6209457997465506,7.623978399555199,cpu,cuda:0,0,148.1474609,39
2015,1,DDT500_num150.txt,fixed,2637,8,329.625,14.670867919921875,12.391548156738281,1.2212990441184957e-05,-5.346666667,-0.547455523,0.16583332419395447,0.007772817742079496,0.15333333611488342,0.18000000715255737,-0.027829288,-0.020751406,0.004701710364315659,0.9428738603989283,0.007098883257034079,0.032028251249964036,0.0003,1001,199,65.8580989721434,12.412322759628296,27.628310680389404,40.0406334400177,1244,0.612832200829871,0,0,TRUE,pair,362,3.5930212996318005,6.984831246002452,90,0,7.2845303867403315,3.5930212996318005,0.6465225979336537,7.811947298003361,cpu,cuda:0,0,148.14794921875,38
2016,1,DDT500_num150.txt,fixed,2660,8,332.5,10.368220329284668,12.318665504455566,7.75502030592179e-06,-5.28,-0.466357676,0.16999998688697815,0.01914854161441326,0.14666666090488434,0.20000000298023224,-0.032126956,-0.024195814,0.0033141611066336433,0.9588221470514934,0.006687149224239875,0.03336820052936673,0.0003,996,204,50.70469386995022,12.340786695480347,40.119839668273926,52.46062636375427,1246,0.5989933997625485,0,0,TRUE,pair,351,3.7453371002338827,7.004511277030285,72,0,7.578347578347579,3.7453371002338827,0.6342904994962737,7.6079731992213055,cpu,cuda:0,0,148.14794921875,38
2017,1,DDT500_num150.txt,fixed,2689,8,336.125,11.95237922668457,12.147218704223633,1.2379412510199472e-05,-5.48,-0.477462575,0.1574999988079071,0.017300449311733246,0.13333334028720856,0.18666666746139526,-0.022980992,-0.014883712,0.002752784889889881,0.9473672479391098,0.013450064034122989,0.035758621292188764,0.0003,1011,189,51.278906049490786,12.16689682006836,40.27181935310364,52.438716173172,1305,0.6103700986132026,0,0,TRUE,pair,354,3.6655195997445844,7.096690218969099,90,0,7.596045197740113,3.6655195997445844,0.6176257010083646,7.5395056997658685,cpu,cuda:0,0,148.14990234375,42
2018,1,DDT500_num150.txt,fixed,2658,8,332.25,17.647592544555664,12.68977165222168,1.488159796281252e-05,-5.493333333,-0.41998248,0.15666666626930237,0.014142136089503765,0.13333334028720856,0.18000000715255737,0.005049472497332664,0.013335239718712512,0.0026079960211756684,0.9589765015102568,0.00995105685658581,0.04288244398222083,0.0003,1012,188,43.16024346498591,12.708869457244873,48.87558388710022,61.58445334434509,1250,0.5261994006577879,0,0,TRUE,pair,359,3.9001829001354054,6.930398795010902,60,0,7.403899721448468,3.9001829001354054,0.6631201996351592,7.777052202902269,cpu,cuda:0,0,148.14794921875,43
2019,1,DDT500_num150.txt,fixed,2732,8,341.5,13.181426048278809,11.94943618774414,8.984300620795693e-06,-5.306666667,-0.374771313,0.16833333671092987,0.01518405880779028,0.14666666090488434,0.18666666746139526,-0.00627117,0.0014518036374023982,0.0029929778206029107,0.9219463694663275,0.011120512408697755,0.04137684240759838,0.0003,998,202,46.263490517348664,11.965904712677002,47.08714056015015,59.05304527282715,1281,0.6019172003725544,0,0,TRUE,pair,361,3.35370099946158,6.798682284564609,70,0,7.56786703601108,3.35370099946158,0.6262078997679055,7.640755898144562,cpu,cuda:0,0,148.14990234375,47
2020,1,DDT500_num150.txt,fixed,2694,8,336.75,11.913752555847168,13.352864265441895,6.885304173920304e-06,-5.466666667,-0.380719013,0.15833333134651184,0.01724013313651085,0.13333334028720856,0.18666666746139526,0.0050574098713696,0.013518952997401357,0.0021555420171353035,0.9539313837885857,0.007243976086707941,0.03107317356625572,0.0003,1010,190,42.739054735809106,13.371130228042603,49.66255211830139,63.033682346343994,1295,0.5748389002983458,0,0,TRUE,pair,357,4.134890400106087,6.793244245765647,72,0,7.546218487394958,4.134890400106087,0.7364960999693722,8.10961949895136,cpu,cuda:0,0,148.14990234375,48
2021,1,DDT500_num150.txt,fixed,2609,8,326.125,7.131576061248779,12.114827156066895,2.0556604795274325e-05,-5.506666667,-0.379581311,0.15583333373069763,0.00939118955284357,0.14000000059604645,0.1733333319425583,0.16067925840616226,0.16952965259552003,0.0013535423204302788,0.9527160286903381,0.010007278254488484,0.017628205195069312,0.0003,1013,187,112.821693739453,12.135316133499146,10.98966908454895,23.124985218048096,1243,0.5160174000775442,0,0,TRUE,pair,341,3.656233000336215,7.083556917262928,65,0,7.651026392961877,3.656233000336215,0.654990300477948,7.47386499872664,cpu,cuda:0,0,148.1474609,49
2022,1,DDT500_num150.txt,fixed,2746,8,343.25,8.940777778625488,12.625308990478516,6.868772743473528e-06,-5.573333333,-0.382769461,0.15166667103767395,0.019930435344576836,0.11999999731779099,0.1733333319425583,0.14244925491511823,0.1505897104740143,0.0014923501177690924,0.8886627912521362,0.009176127234968589,0.03106660209596157,0.0003,1018,182,90.00677189755899,12.64163327217102,17.86718225479126,30.50881552696228,1305,0.5411337012192234,0,0,TRUE,pair,355,3.7420780002721585,6.648943915995732,90,0,7.735211267605634,3.7420780002721585,0.642790999612771,7.9020217004581355,cpu,cuda:0,0,148.14990234375,50
2023,1,DDT500_num150.txt,fixed,2657,8,332.125,8.00683307647705,13.43470287322998,5.7220458984375e-06,-5.453333333,-0.374039078,0.15916666388511658,0.010769041255116463,0.14000000059604645,0.1733333319425583,-0.006032638,0.003043393249667826,0.0012864238455048984,0.9719243986266,0.0065374847035855055,0.031731207943743185,0.0003,1009,191,38.8946728684554,13.45417833328247,54.85851860046387,68.31269693374634,1272,0.5764835995505564,0,0,TRUE,pair,343,4.234337799891364,6.897628904869559,65,0,7.746355685131196,4.234337799891364,0.7057958996156231,8.125684498576447,cpu,cuda:0,0,148.14794921875,50
2024,1,DDT500_num150.txt,fixed,2708,8,338.5,12.257650375366211,12.472389221191406,7.509238912462024e-06,-5.266666667,-0.358317643,0.17083331942558289,0.01371840015053749,0.14666666090488434,0.19333332777023315,0.01830298675654026,0.026899354317440435,0.0015911377939538886,0.9391935605269212,0.010743008567190442,0.06722717990095799,0.0003,995,205,72.91104341591146,12.492730140686035,24.648419857025146,37.14114999771118,1259,0.5239294987986796,0,0,TRUE,pair,366,3.894396399904508,6.823485967239566,65,0,7.398907103825136,3.894396399904508,0.6176401009433903,7.629118801269215,cpu,cuda:0,0,148.14990234375,50
2025,1,DDT500_num150.txt,fixed,2674,8,334.25,13.093414306640625,12.45150089263916,7.016152721917024e-06,-5.44,-0.377400646,0.1600000113248825,0.027688749134540558,0.11999999731779099,0.2133333384990692,0.004400351177901029,0.01324566434486769,0.0016511387017089873,0.9670880675315857,0.011196282378296018,0.030212429305538534,0.0003,1008,192,65.8827053500734,12.472787857055664,28.114495038986206,40.58728289604187,1281,0.5473133013001643,0,0,TRUE,pair,350,3.7011191000929102,7.114809276813345,80,0,7.64,3.7011191000929102,0.6372543012257665,7.778235498873983,cpu,cuda:0,0,148.14794921875,52
2026,1,DDT500_num150.txt,fixed,2694,8,336.75,10.497023582458496,13.445931434631348,7.80616028350778e-06,-5.453333333,-0.348025946,0.15916666388511658,0.013096863403916359,0.14000000059604645,0.18000000715255737,0.017459698331852753,0.02647090540267527,0.0013970987492939457,0.9709755877653757,0.00953009890205673,0.02899767419633766,0.0003,1009,191,62.82489250754002,13.463053941726685,29.41803812980652,42.8810920715332,1276,0.6738564015831798,0,0,TRUE,pair,352,4.186048400588334,6.9981440228714975,90,0,7.653409090909091,4.186048400588334,0.7120460994192399,8.1774156014435,cpu,cuda:0,0,148.14990234375,0
2027,1,DDT500_num150.txt,fixed,2743,8,342.875,4.985917568206787,12.249805450439453,5.712103302357718e-06,-5.36,-0.337835272,0.16500000655651093,0.013642256148159504,0.14000000059604645,0.18000000715255737,-0.022159215,-0.01296878,0.0011670281334469716,0.977394719918569,0.025274444934135925,0.011384593478093544,0.0003,1002,198,159.28802343583783,12.269393920898438,4.950984239578247,17.220378160476685,1304,0.530573999916669,0,0,TRUE,pair,352,3.512076599523425,7.098796937137983,70,0,7.792613636363637,3.512076599523425,0.6245119994855486,7.789266000385396,cpu,cuda:0,0,148.14990234375,40
2028,1,DDT500_num150.txt,fixed,2777,8,347.125,10.970842361450195,13.012941360473633,1.2030101970594842e-05,-5.453333333,-0.325904428,0.15916664898395538,0.01613743044435978,0.14000000059604645,0.19333332777023315,0.08649422437883914,0.09532405668869615,0.0013862990357059364,0.9522980799277624,0.005901985539821908,0.032098724079939224,0.0003,1009,191,39.71885858009849,13.034932374954224,56.88147759437561,69.91640996932983,1304,0.5637924995389767,0,0,TRUE,pair,369,3.80385400011437,6.788260712742075,70,0,7.5257452574525745,3.80385400011437,0.684299600252416,8.169031701923814,cpu,cuda:0,0,148.1503906,38
2029,1,DDT500_num150.txt,fixed,2704,8,338,12.609519958496094,12.21258544921875,9.165946721623186e-06,-5.453333333,-0.332004283,0.15916664898395538,0.02093309536576271,0.12666666507720947,0.20000000298023224,0.009812390059232711,0.018870295491069555,0.0014226907107513398,0.976925152540207,0.0059984943000017665,0.01541375946253538,0.0003,1009,191,81.31019410014407,12.23280119895935,21.02256155014038,33.25536274909973,1298,0.5304347989731468,0,0,TRUE,pair,351,3.598019800032489,7.086538460656736,90,0,7.703703703703703,3.598019800032489,0.6321321001159959,7.649898897914682,cpu,cuda:0,0,148.14990234375,38
2030,1,DDT500_num150.txt,fixed,2718,8,339.75,12.22446346282959,12.55472469329834,7.95761116023641e-06,-5.493333333,-0.343789845,0.15666666626930237,0.019999999552965164,0.12666666507720947,0.18666666746139526,0.004106110139262108,0.013027931940520094,0.0013762143900662306,0.9609926768711635,0.007813917532552122,0.020933918344477814,0.0003,1012,188,43.01603706123687,12.572998046875,50.612738847732544,63.185736894607544,1255,0.5678904002998024,0,0,TRUE,pair,362,3.579005300474819,6.731788079908791,90,0,7.50828729281768,3.579005300474819,0.6527580007095821,7.978854999644682,cpu,cuda:0,0,148.14990234375,40
2031,1,DDT500_num150.txt,fixed,2746,8,343.25,10.50892448425293,12.589929580688477,2.002999826800078e-05,-5.64,-0.327837806,0.14749999344348907,0.01681186817586422,0.11999999731779099,0.1733333319425583,0.0910837147384882,0.09991753101348877,0.000746898032957688,0.9207266867160797,0.00867880621808581,0.020768003189004958,0.0003,1023,177,124.73428142455299,12.621750831604004,9.393047094345093,22.014797925949097,1291,0.534105800150428,0,0,TRUE,pair,363,3.9627447003731504,7.000364165191484,52,0,7.564738292011019,3.9627447003731504,0.6523486008518375,7.631172701192554,cpu,cuda:0,0,148.14990234375,42
2032,1,DDT500_num150.txt,fixed,2719,8,339.875,10.03042221069336,12.260760307312012,1.1339304364810232e-05,-5.466666667,-0.322485977,0.15833333134651184,0.022298477590084076,0.12666666507720947,0.19333332777023315,0.019373056744890555,0.028539974508540972,0.001123645035217383,0.9728740113122123,0.0106793713348452,0.016510412629161562,0.0003,1010,190,104.04103096471437,12.283668041229248,13.850252151489258,26.133920192718506,1278,0.5367386997095309,0,0,TRUE,pair,355,3.6613234000396915,6.974255240458958,90,0,7.659154929577465,3.6613234000396915,0.623875999066513,7.641464697662741,cpu,cuda:0,0,148.14990234375,43
2033,1,DDT500_num150.txt,fixed,2721,8,340.125,14.827655792236328,13.57697868347168,7.379430371656781e-06,-5.426666667,-0.323123385,0.16083332896232605,0.013096862472593784,0.14000000059604645,0.18000000715255737,-0.000392486,0.008981913328170776,0.0010577083836930494,0.9903257191181183,0.011892808697060294,0.024101652554236352,0.0003,1007,193,91.185050175542,13.599151134490967,16.24126672744751,29.840417861938477,1291,0.5767243005684577,0,0,TRUE,pair,360,4.201569400494918,6.955163543165628,90,0,7.558333333333334,4.201569400494918,0.7253673007944599,8.27568500029156,cpu,cuda:0,0,148.14990234375,45
2034,1,DDT500_num150.txt,fixed,2720,8,340,13.105342864990234,14.188518524169922,8.77950333233457e-06,-5.413333333,-0.327863401,0.1616666615009308,0.016583120450377464,0.13333334028720856,0.19333332777023315,0.0026904955092403623,0.011860589807232222,0.0010441089398227632,0.9692150553067526,0.005804167902371976,0.023159037447637983,0.0003,1006,194,79.09900803379475,14.209031105041504,20.17825222015381,34.38728332519531,1286,0.6474290020996705,0,0,TRUE,pair,367,4.505163900030311,7.055514706583584,50,0,7.4114441416893735,4.505163900030311,0.7319348976598121,8.57200750085758,cpu,cuda:0,0,148.14990234375,42
2035,1,DDT500_num150.txt,fixed,2753,8,344.125,10.005467414855957,13.05573558807373,1.1111431376775727e-05,-5.48,-0.3444511,0.1574999839067459,0.015612496063113213,0.13333334028720856,0.18000000715255737,0.00825400770242725,0.01717541872390679,0.0009933683655357786,0.9418095861162458,0.00913831580796146,0.04057868623307773,0.0003,1011,189,88.34465131620071,13.078397274017334,18.08364772796631,31.162045001983643,1303,0.6624271009932272,0,0,TRUE,pair,361,3.8853610999067314,6.976026153027513,80,0,7.626038781163435,3.8853610999067314,0.6676232002209872,8.144490300561301,cpu,cuda:0,0,148.1503906,47
2036,1,DDT500_num150.txt,fixed,2774,8,346.75,9.256753921508789,14.278400421142578,6.432885129470378e-06,-5.36,-0.319230645,0.16499999165534973,0.009279610589146614,0.14666666090488434,0.18000000715255737,0.028020089382634443,0.036744718001607585,0.0010154806762276327,0.9232368328992058,0.010021268770180862,0.030288612908300233,0.0003,1002,198,45.25336562057772,14.298839330673218,47.000468730926514,61.29930806159973,1273,0.5946729995193891,0,0,TRUE,pair,367,4.663033300195821,6.630136987074898,65,0,7.55858310626703,4.663033300195821,0.7667201990261674,8.458616400021128,cpu,cuda:0,0,148.1503906,47
2037,1,DDT500_num150.txt,fixed,2788,8,348.5,12.913171768188477,11.576967239379883,8.668736882100347e-06,-5.266666667,-0.320393656,0.17083333432674408,0.012444320134818554,0.15333333611488342,0.18666666746139526,-0.042578504,-0.033923257,0.0010293439700035378,0.9169920980930328,0.00825422970622943,0.029402177974892158,0.0003,995,205,74.75670916321621,11.595248222351074,25.699063301086426,37.2943115234375,1310,0.509498800674919,0,0,TRUE,pair,362,3.300317200133577,6.657101864281138,56,0,7.701657458563536,3.300317200133577,0.5763556000893004,7.386752099322621,cpu,cuda:0,0,148.1503906,49
2038,1,DDT500_num150.txt,fixed,2774,8,346.75,12.356678009033203,13.739575386047363,7.309775355679449e-06,-5.333333333,-0.338402558,0.1666666716337204,0.014529663138091564,0.13333334028720856,0.18000000715255737,0.010048509885867437,0.01922441894809405,0.0011901353039623548,0.9770974616209666,0.010354274233880764,0.010318962081025044,0.0003,1000,200,92.11056748940105,13.759180307388306,16.356799602508545,30.11597990989685,1307,0.6082619003136642,0,0,TRUE,pair,363,4.214492800179869,6.854001440757801,70,0,7.641873278236915,4.214492800179869,0.7455535021144897,8.406339700391982,cpu,cuda:0,0,148.1503906,49
2039,1,DDT500_num150.txt,fixed,2810,8,351.25,12.517487525939941,14.361248016357422,8.59630381455645e-06,-5.28,-0.326378992,0.16999998688697815,0.01666666939854622,0.14666666090488434,0.20000000298023224,0.05206039299567541,0.06069662794470787,0.0010756919024667393,0.917408267656962,0.013851587168270877,0.016239227959886193,0.0003,996,204,88.7578652998501,14.384438753128052,17.27472734451294,31.65916609764099,1316,0.6441189001197927,0,0,TRUE,pair,368,4.309198200237006,6.709252669208839,70,0,7.635869565217392,4.309198200237006,0.7316354986396618,8.929110999568366,cpu,cuda:0,0,148.1503906,50
2040,1,DDT500_num150.txt,fixed,2717,8,339.625,10.319127082824707,11.99605655670166,6.012687663314864e-06,-5.426666667,-0.342818513,0.16083332896232605,0.009682461619377136,0.14666666090488434,0.18000000715255737,-0.007137839,0.0017202576622366906,0.0010764670907519758,0.9396331012248993,0.008996974696128746,0.032345274835824965,0.0003,1007,193,42.8311291973739,12.01526689529419,51.41990399360657,63.43517088890076,1287,0.6051999994087964,0,0,TRUE,pair,355,3.485226399905514,6.826278982945212,55,0,7.653521126760563,3.485226399905514,0.5990955008310266,7.58809369825758,cpu,cuda:0,0,148.14990234375,51
2041,1,DDT500_num150.txt,fixed,2748,8,343.5,13.416407585144043,14.192744255065918,3.9374452171614394e-05,-5.266666667,-0.332158791,0.17083334922790527,0.011023963801562786,0.15333333611488342,0.18666666746139526,-0.000271607,0.008615242317318916,0.0008838220383040607,0.9328762094179789,0.008508022263413295,0.014458197867497802,0.0003,995,205,87.88821105345322,14.212176322937012,17.054815769195557,31.26699209213257,1269,0.708714900247287,0,0,TRUE,pair,365,4.424624400853645,6.852256185102671,72,0,7.528767123287671,4.424624400853645,0.7665307006682269,8.618064599926583,cpu,cuda:0,0,148.14990234375,50
2042,1,DDT500_num150.txt,fixed,2777,8,347.125,7.4235687255859375,12.359563827514648,6.208046215760987e-06,-5.226666667,-0.324156408,0.1733333170413971,0.017320509999990463,0.14666666090488434,0.20000000298023224,-0.121645659,-0.112853259,0.0009866538341157139,0.9285726904869079,0.008654292091705429,0.023575776629149912,0.0003,992,208,67.68600248355173,12.37809681892395,28.649588346481323,41.02768516540527,1304,0.5364693011506461,0,0,TRUE,pair,364,3.6660532004316337,6.614332013307049,64,0,7.6291208791208796,3.6660532004316337,0.629874499165453,7.730284899182152,cpu,cuda:0,0,148.1503906,51
2043,1,DDT500_num150.txt,fixed,2725,8,340.625,11.201980590820312,11.856181144714355,9.066177881322801e-06,-5.453333333,-0.351543345,0.15916666388511658,0.007021794095635414,0.14666666090488434,0.1666666716337204,0.07203191071748734,0.08086319118738175,0.0008742030477151275,0.9268382549285888,0.011326019931584597,0.013706142269074916,0.0003,1009,191,118.36376938185144,11.87360405921936,11.148643493652344,23.022247552871704,1309,0.5312361006508581,0,0,TRUE,pair,354,3.33167020016117,6.903119267454935,80,0,7.69774011299435,3.33167020016117,0.5979153009830043,7.613534196512774,cpu,cuda:0,0,148.14990234375,51
2044,1,DDT500_num150.txt,fixed,2782,8,347.75,17.879806518554688,13.813447952270508,9.702201168693136e-06,-5.386666667,-0.340333992,0.16333332657814026,0.008164964616298676,0.15333333611488342,0.1733333319425583,-0.073155543,-0.064321399,0.0008035473256313708,0.9235920667648315,0.0045670642037293875,0.015618659649044275,0.0003,1004,196,70.78340252383873,13.831071376800537,25.471927642822266,39.3029990196228,1305,0.5724772994872183,0,0,TRUE,pair,377,4.435469900374301,6.731488136658987,56,0,7.379310344827586,4.435469900374301,0.7094046002603136,8.299436602042988,cpu,cuda:0,0,148.1503906,52
2045,1,DDT500_num150.txt,fixed,2750,8,343.75,8.302861213684082,13.35559368133545,5.266838343231939e-06,-5.346666667,-0.331662382,0.16583333909511566,0.009090596809983253,0.15333333611488342,0.18000000715255737,-0.00072853,0.008318463806062937,0.0008861937494657468,0.9490091651678085,0.010548357410016251,0.027600159402936697,0.0003,1001,199,58.740649386411846,13.375877857208252,33.4400839805603,46.815961837768555,1305,0.7734924991964363,0,0,TRUE,pair,356,3.9736954995896667,6.968727271600203,72,0,7.724719101123595,3.9736954995896667,0.7000140014570206,8.311504600511398,cpu,cuda:0,0,148.14990234375,43
2046,1,DDT500_num150.txt,fixed,2738,8,342.25,11.627016067504883,13.337498664855957,8.231485480791889e-06,-5.146666667,-0.315408496,0.1783333271741867,0.015898987650871277,0.14666666090488434,0.20666666328907013,0.052428331936856636,0.06141725678830162,0.0008978377016702373,0.9437845004232306,0.010631029037636165,0.028402630533826977,0.0003,986,214,46.271514204146754,13.358631372451782,45.81384325027466,59.17247462272644,1285,0.6011331002810039,0,0,TRUE,pair,362,4.000166999583598,6.846603360029796,60,0,7.56353591160221,4.000166999583598,0.7225127988494933,8.169326098519377,cpu,cuda:0,0,148.14990234375,39
2047,1,DDT500_num150.txt,fixed,2759,8,344.875,12.108235359191895,13.315458297729492,7.62939453125e-06,-5.226666667,-0.326469604,0.1733333170413971,0.014529664069414139,0.14666666090488434,0.19333332777023315,-0.063474253,-0.054741353,0.0007031512795947492,0.9084477424621582,0.044590701087145135,0.011387087404727936,0.0003,992,208,164.43166195144,13.333934545516968,3.4450724124908447,16.779006958007812,1293,0.5784560006577522,0,0,TRUE,pair,362,4.030779899680056,6.7375860826050555,60,0,7.621546961325967,4.030779899680056,0.7092035013483837,8.206344799313229,cpu,cuda:0,0,148.1503906,37
2048,1,DDT500_num150.txt,fixed,2786,8,348.25,14.897566795349121,12.405743598937988,1.3063075130048674e-05,-5.213333333,-0.329484931,0.17416666448116302,0.01613743044435978,0.14000000059604645,0.19333332777023315,0.1602584309875965,0.16855420544743538,0.0008029384916881099,0.8697242736816406,0.03212076582349255,0.020585546270012856,0.0003,991,209,122.75744410628946,12.433221578598022,10.261939764022827,22.69516134262085,1286,0.56265150179388,0,0,TRUE,pair,374,3.405026299180463,6.713208901137649,64,0,7.449197860962567,3.405026299180463,0.6383732000249438,8.025440299708862,cpu,cuda:0,0,148.1503906,38
2049,1,DDT500_num150.txt,fixed,2775,8,346.875,8.936407089233398,14.510350227355957,7.231593372125644e-06,-5.173333333,-0.329120714,0.17666667699813843,0.013333333656191826,0.15333333611488342,0.20000000298023224,-0.044392373,-0.035243899,0.0010240200790576637,0.9660478472709656,0.012433462037006394,0.03179086595773697,0.0003,988,212,106.26074247059667,14.529531955718994,11.585474729537964,26.115006685256958,1299,0.7572660985752009,0,0,TRUE,pair,361,4.480609700491186,6.915675676534842,80,0,7.686980609418282,4.480609700491186,0.7796014021150768,8.848736898973584,cpu,cuda:0,0,148.1503906,40
2050,1,DDT500_num150.txt,fixed,2774,8,346.75,11.431863784790039,12.889939308166504,7.4560621214914136e-06,-5.453333333,-0.352352655,0.15916666388511658,0.013514394871890545,0.13333334028720856,0.18000000715255737,0.09877363219857216,0.10744843166321516,0.0006158596370369196,0.8982734233140945,0.0138174449239159,0.017711292952299118,0.0003,1009,191,132.96619609391806,12.914999723434448,7.947445631027222,20.86244535446167,1313,0.5972762993187644,0,0,TRUE,pair,370,3.5844015996553935,6.940158615803323,92,0,7.4972972972972975,3.5844015996553935,0.6780192994629033,8.26995859813178,cpu,cuda:0,0,148.1503906,40
2051,1,DDT500_num150.txt,fixed,2711,8,338.875,14.2516450881958,13.431312561035156,9.28302870306652e-06,-5.466666667,-0.36001854,0.15833333134651184,0.011426091194152832,0.14000000059604645,0.1733333319425583,-0.008979718,9.561578432718913e-07,0.0005974934028927237,0.9279416600863138,0.02428580665340026,0.017690973356366158,0.0003,1010,190,118.79721776869737,13.451347589492798,9.369052171707153,22.82039976119995,1297,0.7192876997869462,0,0,TRUE,pair,366,4.141785399697255,7.019181113980081,56,0,7.407103825136612,4.141785399697255,0.6920584015315399,8.23414270178182,cpu,cuda:0,0,148.14990234375,43
2052,1,DDT500_num150.txt,fixed,2793,8,349.125,10.397565841674805,14.369115829467773,6.942853815417038e-06,-5.226666667,-0.344722255,0.1733333319425583,0.014142136089503765,0.15333333611488342,0.20000000298023224,-0.053678081,-0.044677086,0.0009952563850674778,0.9498623907566071,0.012590421860295464,0.030639152391813695,0.0003,992,208,85.6473864575592,14.395745754241943,18.214706420898438,32.61045217514038,1314,0.6537623003823683,0,0,TRUE,pair,369,4.473601600970142,6.783029000220485,52,0,7.569105691056911,4.473601600970142,0.7388651026994921,8.768676099018194,cpu,cuda:0,0,148.1503906,0
2053,1,DDT500_num150.txt,fixed,2762,8,345.25,15.602483749389648,12.5236177444458,1.0238128197670449e-05,-5.32,-0.358463695,0.16750000417232513,0.01613743230700493,0.14666666090488434,0.18666666746139526,-0.014459954,-0.005614532,0.0009407436518813483,0.9315791130065918,0.024005709234188544,0.03091399883851409,0.0003,999,201,86.84451610436633,12.544858455657959,19.25910711288452,31.80396556854248,1325,0.6297232999349944,0,0,TRUE,pair,368,3.7435085001052357,6.80847212096041,72,0,7.505434782608695,3.7435085001052357,0.6314901006990112,7.813457000767812,cpu,cuda:0,0,148.1503906,45
2054,1,DDT500_num150.txt,fixed,2760,8,345,9.40744400024414,12.47903823852539,7.38712969905464e-06,-5.293333333,-0.35150023,0.1691666692495346,0.010507934726774693,0.15333333611488342,0.18666666746139526,-0.017799557,-0.008700328,0.0008205392819252752,0.9509502110027132,0.007608386218721751,0.030219546397260967,0.0003,997,203,41.92867411207461,12.497517347335815,53.328556537628174,65.82607388496399,1281,0.6420291999238543,0,0,TRUE,pair,356,3.6279775004368275,6.898913045119548,70,0,7.752808988764045,3.6279775004368275,0.6433573996764608,7.86806350183906,cpu,cuda:0,0,148.1503906,47
2055,1,DDT500_num150.txt,fixed,2768,8,346,7.681145668029785,13.770832061767578,5.9269918892823625e-06,-5.48,-0.374488369,0.1574999839067459,0.007406828459352255,0.14666666090488434,0.1733333319425583,0.0004950008140160487,0.009944412857294083,0.0007650208471414561,0.983191925745744,0.006880537401929569,0.029991051450801585,0.0003,1011,189,67.46395212777617,13.789590835571289,27.23972797393799,41.02931880950928,1293,0.5765483006834984,0,0,TRUE,pair,360,4.470437200448941,6.959898844102904,65,0,7.688888888888889,4.470437200448941,0.7512852028594352,8.167433399357833,cpu,cuda:0,0,148.1503906,46
2056,1,DDT500_num150.txt,fixed,2748,8,343.5,10.28348159790039,12.822249412536621,7.577060841867933e-06,-5.453333333,-0.359249896,0.15916666388511658,0.01613742858171463,0.13333334028720856,0.18000000715255737,-0.016145198,-0.007002122,0.0008049889317286821,0.954557274778684,0.009832223851446997,0.027654806307206552,0.0003,1009,191,76.45498183957045,12.842305660247803,23.100414276123047,35.94271993637085,1316,0.6373830985976383,0,0,TRUE,pair,358,3.904809399624355,6.767831148972851,80,0,7.675977653631285,3.904809399624355,0.6830717000411823,7.885986500186846,cpu,cuda:0,0,148.14990234375,46
2057,1,DDT500_num150.txt,fixed,2789,8,348.625,15.04109001159668,13.539848327636719,1.0282448783982545e-05,-5.213333333,-0.347660349,0.17416666448116302,0.025262512266635895,0.14666666090488434,0.2199999988079071,0.043755668215453625,0.0527538723545149,0.0008160767101799138,0.9406239688396454,0.0075301978547486215,0.023642205633223057,0.0003,991,209,83.8703800903415,13.557913541793823,19.695780992507935,33.25369453430176,1302,0.5898414998664521,0,0,TRUE,pair,371,4.149221200146712,6.588024382097142,54,0,7.517520215633423,4.149221200146712,0.6887058993452229,8.338398399471771,cpu,cuda:0,0,148.1503906,48
2058,1,DDT500_num150.txt,fixed,2707,8,338.375,5.498579502105713,12.804376602172852,5.540347046917304e-06,-5.253333333,-0.356281399,0.17166665196418762,0.01878238096833229,0.14666666090488434,0.20000000298023224,-0.011068187,-0.001813269,0.0009152151926952813,0.9712524839809963,0.006432362631910239,0.021450134781411008,0.0003,994,206,40.58255605759128,12.828709602355957,53.87482666969299,66.70353627204895,1262,0.5463613010942936,0,0,TRUE,pair,347,3.801987999875564,6.749907645080025,56,0,7.801152737752162,3.801987999875564,0.6628373002167791,7.991479897405952,cpu,cuda:0,0,148.14990234375,49
2059,1,DDT500_num150.txt,fixed,2711,8,338.875,15.430792808532715,11.611408233642578,8.509907274856232e-06,-5.346666667,-0.34486968,0.16583332419395447,0.012665572576224804,0.14666666090488434,0.18666666746139526,-0.128849177,-0.119663176,0.0009375214576721191,0.9654760020119804,0.009319046075688675,0.035669209834720404,0.0003,1001,199,94.07414002423211,11.632727861404419,17.1849684715271,28.81769633293152,1276,0.5902424997766502,0,0,TRUE,pair,361,3.236734699632507,6.665805974159677,56,0,7.509695290858725,3.236734699632507,0.595110300113447,7.4639826996135525,cpu,cuda:0,0,148.14990234375,50
2060,1,DDT500_num150.txt,fixed,2801,8,350.125,16.197511672973633,13.633310317993164,9.128661076829303e-06,-5.133333333,-0.317276744,0.17916665971279144,0.013514392077922821,0.1666666716337204,0.20666666328907013,-0.082781652,-0.073575546,0.0008172672029710762,0.9614738573630651,0.008670238690683618,0.03417135218235975,0.0003,985,215,42.50885424865166,13.652280807495117,52.2398738861084,65.89215469360352,1303,0.6469417991465889,0,0,TRUE,pair,383,4.136812899727374,6.627990003485034,80,0,7.31331592689295,4.136812899727374,0.6926742007490247,8.437057099945378,cpu,cuda:0,0,148.1503906,51
2061,1,DDT500_num150.txt,fixed,2807,8,350.875,14.434659004211426,12.839641571044922,9.4046990852803e-06,-5.28,-0.331593424,0.16999998688697815,0.01943650282919407,0.13333334028720856,0.19333332777023315,0.03805827010761608,0.04681521738794717,0.001149808342399245,0.9331849596717141,0.010083760821461592,0.03291299905289303,0.0003,996,204,72.25121975441961,12.859018087387085,25.99153709411621,38.850555181503296,1298,0.5294541005860083,0,0,TRUE,pair,374,4.202872100286186,6.232988956520725,55,0,7.505347593582887,4.202872100286186,0.6599063011817634,7.633977499732282,cpu,cuda:0,0,148.1503906,48
2062,1,DDT500_num150.txt,fixed,2789,8,348.625,8.01463508605957,14.351948738098145,6.818937890784582e-06,-5.16,-0.3320477,0.17750000953674316,0.012444321066141129,0.1599999964237213,0.20000000298023224,0.0019748911261558534,0.011203862726688385,0.0007341178687056526,0.9596029996871949,0.008224267846526346,0.02738405482377857,0.0003,987,213,80.24295104934036,14.369940757751465,20.387006282806396,34.75694704055786,1300,0.6248249998316169,0,0,TRUE,pair,365,4.679622599098366,6.405521691678971,56,0,7.641095890410959,4.679622599098366,0.7428133005159907,8.543083598429803,cpu,cuda:0,0,148.1503906,41
2063,1,DDT500_num150.txt,fixed,2811,8,351.375,9.936517715454102,12.93899917602539,7.907449798949528e-06,-5.413333333,-0.357709967,0.1616666615009308,0.01818118616938591,0.14000000059604645,0.19333332777023315,0.04254004479769398,0.051894773455227125,0.0008833772513111506,0.9796417530845193,0.010764073149081977,0.03814216938746326,0.0003,1006,194,50.87030886874617,12.957975625991821,42.300190925598145,55.258166551589966,1300,0.6092875984031707,0,0,TRUE,pair,367,3.970212900545448,6.431163286153467,64,0,7.659400544959128,3.970212900545448,0.6817016010754742,7.936052400211338,cpu,cuda:0,0,148.1503906,39
2064,1,DDT500_num150.txt,fixed,2828,8,353.5,9.69536018371582,12.240789413452148,8.07109427114483e-06,-5.24,-0.338494514,0.17250001430511475,0.01024017296731472,0.1599999964237213,0.18666666746139526,0.0035919335026007434,0.012760518369479822,0.0007110773630511875,0.9524123393572294,0.0093513084274701,0.028586332668335393,0.0003,993,207,60.01369097338966,12.259432077407837,34.86314868927002,47.122580766677856,1315,0.5469164989190176,0,0,TRUE,pair,366,3.433296199713368,6.373408768858228,60,0,7.726775956284153,3.433296199713368,0.6085891986149363,7.874538000265602,cpu,cuda:0,0,148.1523438,41
2065,1,DDT500_num150.txt,fixed,2713,8,339.125,8.8943452835083,13.580168724060059,6.830348866060376e-05,-5.32,-0.36004075,0.16749998927116394,0.008457411080598831,0.15333333611488342,0.18000000715255737,-0.011389668,-0.001709626,0.0008952839784079084,1.0127683595607155,0.010199731009810134,0.032556281155465466,0.0003,999,201,45.44247433130339,13.600944995880127,46.10090970993042,59.70185470581055,1266,0.6497078007669188,0,0,TRUE,pair,354,4.176619999867398,6.766678952661072,75,0,7.663841807909605,4.176619999867398,0.7273384027066641,8.305422598321456,cpu,cuda:0,0,148.14990234375,42
2066,1,DDT500_num150.txt,fixed,2756,8,344.5,11.48912525177002,12.066571235656738,7.607010047649965e-06,-5.16,-0.343393995,0.17749999463558197,0.01450574491173029,0.15333333611488342,0.20000000298023224,0.004017760045826435,0.01379890856333077,0.0010606000250845682,1.0311448648571968,0.008411681914822111,0.01483763544820249,0.0003,987,213,97.33884198365439,12.08294939994812,16.2305166721344,28.31346607208252,1261,0.5981656993972138,0,0,TRUE,pair,359,3.319335300649982,6.515239478022682,80,0,7.676880222841226,3.319335300649982,0.6129618980339728,7.8106451977510005,cpu,cuda:0,0,148.1503906,43
2067,1,DDT500_num150.txt,fixed,2786,8,348.25,8.584142684936523,12.968843460083008,7.064596502459608e-06,-5.426666667,-0.373099981,0.16083332896232605,0.009090596809983253,0.14666666090488434,0.18000000715255737,-0.021385492,-0.012247901,0.00094117984149812,0.9608181251419915,0.009258481836392699,0.02320913691073656,0.0003,1007,193,73.80938114099477,12.98865294456482,24.75722646713257,37.74587941169739,1276,0.554248898755759,0,0,TRUE,pair,359,3.838984799105674,6.643216079888545,65,0,7.7604456824512535,3.838984799105674,0.6691595022566617,8.028803402907215,cpu,cuda:0,0,148.1503906,45
2068,1,DDT500_num150.txt,fixed,2829,8,353.625,13.11428165435791,13.263801574707031,8.382032319786958e-06,-5.093333333,-0.327820486,0.18166665732860565,0.02020725980401039,0.1599999964237213,0.2199999988079071,-0.046124337,-0.03694521,0.0008637213807863494,0.9610984590318468,0.008659154671407678,0.02927441977792316,0.0003,982,218,75.72664024694711,13.285426616668701,24.072628498077393,37.358055114746094,1314,0.5735289996373467,0,0,TRUE,pair,377,4.130132899445016,6.393778720311623,54,0,7.503978779840849,4.130132899445016,0.6895814012386836,8.077402802067809,cpu,cuda:0,0,148.1523438,47
2069,1,DDT500_num150.txt,fixed,2800,8,350,14.98332405090332,14.024227142333984,2.756597132247407e-05,-5.373333333,-0.354630043,0.1641666740179062,0.009965217672288418,0.15333333611488342,0.18666666746139526,0.000853345263749361,0.009890695701220207,0.0008329140421535287,0.9453807515757424,0.03076359640797412,0.04353365591461105,0.0003,1003,197,61.765323508145684,14.043713331222534,31.289166688919067,45.3328800201416,1292,0.5648696000571363,0,0,TRUE,pair,368,4.475936300528701,6.218214283840997,60,0,7.608695652173913,4.475936300528701,0.7586245029233396,8.401237198966555,cpu,cuda:0,0,148.1503906,48
2070,1,DDT500_num150.txt,fixed,2821,8,352.625,16.339656829833984,13.824321746826172,1.0731484508141875e-05,-5.173333333,-0.323870627,0.17666667699813843,0.016996731981635094,0.14000000059604645,0.20000000298023224,0.007835482247173786,0.017094971612095833,0.0008742562094994355,0.9696613848209381,0.012304154998957983,0.028976501431316137,0.0003,988,212,83.5787194813125,13.848456859588623,19.904154062271118,33.75261092185974,1292,0.6448014994384721,0,0,TRUE,pair,380,4.3423802999896,6.222970577302194,56,0,7.423684210526316,4.3423802999896,0.709429300040938,8.401593700167723,cpu,cuda:0,0,148.1523438,48
2071,1,DDT500_num150.txt,fixed,2716,8,339.5,6.383572578430176,14.265631675720215,5.751770913775545e-06,-5.32,-0.356429764,0.16749998927116394,0.009682458825409412,0.15333333611488342,0.18000000715255737,-0.011742728,-0.002187276,0.0009066612954484298,1.0008782505989076,0.009603948283438513,0.023543065832927822,0.0003,999,201,42.16320395604465,14.283523321151733,50.13283371925354,64.41635704040527,1290,0.7305523990653455,0,0,TRUE,pair,354,4.541617501003202,6.910530191721375,85,0,7.672316384180791,4.541617501003202,0.8260580014321022,8.494511099823285,cpu,cuda:0,0,148.14990234375,50
2072,1,DDT500_num150.txt,fixed,2760,8,345,13.351030349731445,13.484176635742188,9.590236913936678e-06,-5.12,-0.330724257,0.17999999225139618,0.020816657692193985,0.15333333611488342,0.2199999988079071,-0.000991115,0.008262142539024353,0.0009778737051722903,0.97421928246816,0.011653482591403494,0.04135795938782394,0.0003,984,216,106.1228078424368,13.502469301223755,12.50513505935669,26.007604360580444,1292,0.5689605005318299,0,0,TRUE,pair,363,4.19717380014481,6.468115942115369,50,0,7.603305785123967,4.19717380014481,0.7160578990587965,8.202660201466642,cpu,cuda:0,0,148.1503906,51
2073,1,DDT500_num150.txt,fixed,2784,8,348,13.247641563415527,12.251415252685547,9.725607924337965e-06,-5.253333333,-0.342892829,0.17166665196418762,0.009279606863856316,0.1599999964237213,0.18666666746139526,-0.038487594,-0.029141945,0.0007961501716636122,0.974372285604477,0.008348858885983645,0.02310135904699564,0.0003,994,206,70.71823877685198,12.270417928695679,27.097078323364258,39.36749625205994,1281,0.541661299415864,0,0,TRUE,pair,374,3.5627858004882,6.627514367901731,52,0,7.44385026737968,3.5627858004882,0.6313692984404042,7.729910098190885,cpu,cuda:0,0,148.1503906,0
2074,1,DDT500_num150.txt,fixed,2735,8,341.875,8.115379333496094,13.742798805236816,6.650126124441158e-06,-5.333333333,-0.35564657,0.1666666567325592,0.01914854347705841,0.12666666507720947,0.19333332777023315,-0.00872466,0.0005139319137448357,0.0008243906195275486,0.9650788732937404,0.009707327256667972,0.03428828938021546,0.0003,1000,200,42.69830319879126,13.76026964187622,50.293797969818115,64.05406761169434,1252,0.5500941987847909,0,0,TRUE,pair,358,4.344771099975333,6.616819012012517,52,0,7.639664804469274,4.344771099975333,0.7249736005323939,8.30398230010178,cpu,cuda:0,0,148.14990234375,51
2075,1,DDT500_num150.txt,fixed,2741,8,342.625,8.107673645019531,12.825214385986328,8.6949266915326e-06,-5.346666667,-0.361538538,0.16583332419395447,0.011273126117885113,0.14666666090488434,0.18666666746139526,-0.034624676,-0.025446364,0.0007828481547120544,0.9569738109906515,0.010902526864305805,0.01702859428607755,0.0003,1001,199,75.35000925540015,12.844174861907959,23.53272843360901,36.37690329551697,1287,0.5609535992261954,0,0,TRUE,pair,353,3.961229600943625,6.415176942112758,80,0,7.764872521246459,3.961229600943625,0.6401686005410738,7.88166150014149,cpu,cuda:0,0,148.14990234375,51
2076,1,DDT500_num150.txt,fixed,2744,8,343,13.865424156188965,13.971595764160156,3.6531764635583386e-05,-5.36,-0.35214462,0.16499999165534973,0.012801911681890488,0.14000000059604645,0.18000000715255737,-0.031039772,-0.021837523,0.0008303522315275456,0.9617424578893752,0.003716955813572332,0.016483211424201727,0.0003,1002,198,38.621837817928295,13.99501371383667,57.05287408828735,71.04788780212402,1289,0.6204488009680063,0,0,TRUE,pair,369,4.400617900595535,6.529518949829107,55,0,7.436314363143631,4.400617900595535,0.7382858005585149,8.455800799536519,cpu,cuda:0,0,148.14990234375,42
2077,1,DDT500_num150.txt,fixed,2813,8,351.625,9.564746856689453,12.621023178100586,7.176359758886974e-06,-5.173333333,-0.312961845,0.17666666209697723,0.012472189031541348,0.15333333611488342,0.19333332777023315,-0.051705901,-0.042449131,0.001017143117375478,0.9765338450670242,0.006255426224925031,0.023948355626392488,0.0003,988,212,41.63442824182511,12.640429258346558,54.92384672164917,67.56427597999573,1339,0.5635773004614748,0,0,TRUE,pair,368,3.6777096997830085,6.3355847850966365,60,0,7.644021739130435,3.6777096997830085,0.6296931002871133,7.981410199718084,cpu,cuda:0,0,148.1503906,39
2078,1,DDT500_num150.txt,fixed,2825,8,353.125,7.785202503204346,13.270034790039062,6.217195732460823e-06,-5.16,-0.323773876,0.17750000953674316,0.012444321066141129,0.1599999964237213,0.20000000298023224,-0.027293197,-0.018207831,0.0009115366514639131,0.9541135345186506,0.004580913898756816,0.019958318488317587,0.0003,987,213,42.69922898631488,13.295669555664062,52.86477565765381,66.16044521331787,1312,0.6657589007518254,0,0,TRUE,pair,365,3.969864299753681,6.332743361143939,70,0,7.739726027397261,3.969864299753681,0.7181991001707502,8.215936700173188,cpu,cuda:0,0,148.1523438,40
2079,1,DDT500_num150.txt,fixed,2789,8,348.625,9.564746856689453,13.116463661193848,7.262967301358003e-06,-5.28,-0.319156621,0.16999998688697815,0.017950549721717834,0.14666666090488434,0.20000000298023224,-0.010428653,-0.000754344,0.0008423678737017326,1.0095493669311206,0.007174272073219375,0.029853727610316128,0.0003,996,204,41.96215557485816,13.141209602355957,53.32344079017639,66.46465039253235,1266,0.6413568020798266,0,0,TRUE,pair,364,4.11580870085163,6.6145571892130715,65,0,7.662087912087912,4.11580870085163,0.6804239998455159,7.970014100079425,cpu,cuda:0,0,148.1503906,41
2080,1,DDT500_num150.txt,fixed,2799,8,349.875,17.453062057495117,12.475459098815918,9.39260280574672e-06,-5.213333333,-0.303692916,0.17416667938232422,0.015069284476339817,0.15333333611488342,0.20000000298023224,-0.038458068,-0.028949071,0.0006881359454599165,0.9853066745258513,0.0040028969635299986,0.02077937407773875,0.0003,991,209,38.79619996701424,12.49439811706543,59.65184307098389,72.14624118804932,1294,0.5266755001503043,0,0,TRUE,pair,383,3.6701252000639215,6.460164347134475,65,0,7.308093994778068,3.6701252000639215,0.6521678001736291,7.809457898954861,cpu,cuda:0,0,148.1503906,46
2081,1,DDT500_num150.txt,fixed,2793,8,349.125,13.128570556640625,12.84769058227539,7.776979146001395e-06,-5.146666667,-0.294372774,0.1783333420753479,0.008660252206027508,0.1666666716337204,0.19333332777023315,-0.013970239,-0.004446677,0.000609878874716482,0.9828503983361381,0.02766947639715259,0.030730591089065586,0.0003,986,214,109.43196588001614,12.867823839187622,12.65488314628601,25.522706985473633,1283,0.5336554994573817,0,0,TRUE,pair,375,3.776476100902073,6.684210525035346,90,0,7.448,3.776476100902073,0.668000900070183,8.060020501725376,cpu,cuda:0,0,148.1503906,44
2082,1,DDT500_num150.txt,fixed,2774,8,346.75,6.057020664215088,12.577666282653809,5.761645297752693e-06,-5.306666667,-0.317511553,0.16833332180976868,0.017559422180056572,0.14666666090488434,0.19333332777023315,-0.001281445,0.00833357646617861,0.0008215465059038252,1.0025794562839327,0.007347995562278291,0.04074787574687174,0.0003,998,202,44.228443746105086,12.601625204086304,50.11819410324097,62.71981930732727,1287,0.5330727001419291,0,0,TRUE,pair,357,3.7492134998901747,6.679163660518369,90,0,7.7703081232493,3.7492134998901747,0.6466609996859916,7.8436380989151075,cpu,cuda:0,0,148.1503906,49
2083,1,DDT500_num150.txt,fixed,2783,8,347.875,16.28217887878418,13.735864639282227,1.105501451093005e-05,-5.266666667,-0.3301064,0.17083333432674408,0.017300451174378395,0.14666666090488434,0.20000000298023224,-0.007670436,0.0019174872431904078,0.0006928927468834445,0.9934369300802549,0.005797095970895801,0.02938622025734124,0.0003,995,205,41.11925785200415,13.755861043930054,53.92532157897949,67.68118262290955,1279,0.6032598001766019,0,0,TRUE,pair,365,3.9668609994114377,6.6701401373999945,65,0,7.624657534246575,3.9668609994114377,0.726230901258532,8.664876799972262,cpu,cuda:0,0,148.1503906,50
2084,1,DDT500_num150.txt,fixed,2837,8,354.625,11.65050983428955,14.445327758789062,3.6927951441612095e-05,-5.16,-0.323778657,0.17749997973442078,0.02259240485727787,0.14666666090488434,0.2133333384990692,-0.031182342,-0.022120229,0.0007473023101088724,0.943576455116272,0.006816321935600301,0.031706533095400245,0.0003,987,213,52.91140229862426,14.46550440788269,39.152428150177,53.61793255805969,1284,0.6160567993647419,0,0,TRUE,pair,377,4.442673500161618,6.330278463753588,80,0,7.525198938992043,4.442673500161618,0.76042819902068,8.840002801734954,cpu,cuda:0,0,148.1523438,50
2085,1,DDT500_num150.txt,fixed,2729,8,341.125,16.93692398071289,11.95628547668457,7.84248550189659e-06,-5.333333333,-0.331804552,0.1666666567325592,0.013743684627115726,0.14666666090488434,0.19333332777023315,0.008349429461218062,0.01779140815848396,0.0006884205753781966,0.9786187807718912,0.0065457210065298045,0.023031272149334352,0.0003,1000,200,39.68049785287055,11.975205659866333,56.79913306236267,68.774338722229,1259,0.5442453991854563,0,0,TRUE,pair,364,3.344694299972616,6.6823012096709755,65,0,7.497252747252747,3.344694299972616,0.5995596001157537,7.692428599810228,cpu,cuda:0,0,148.14990234375,52
2086,1,DDT500_num150.txt,fixed,2712,8,339,12.737739562988281,12.174734115600586,8.141218131640926e-06,-5.266666667,-0.328856398,0.17083331942558289,0.012883022427558899,0.15333333611488342,0.18666666746139526,-0.037949642,-0.028271463,0.000727240019235372,1.0041798998912175,0.008951427806702364,0.0460715217438216,0.0003,995,205,41.651775065281605,12.194149017333984,52.91712164878845,65.11127066612244,1260,0.5355329020530917,0,0,TRUE,pair,357,3.449730899767019,6.90966076546714,64,0,7.5966386554621845,3.449730899767019,0.6262220012722537,7.773079402570147,cpu,cuda:0,0,148.14990234375,42
2087,1,DDT500_num150.txt,fixed,2801,8,350.125,9.803539276123047,13.84626293182373,6.810596914874623e-06,-5.253333333,-0.31480894,0.17166666686534882,0.020749833434820175,0.12666666507720947,0.19333332777023315,-0.002880028,0.00664604969677471,0.0008305360180591899,0.9941347780681792,0.009060359107260345,0.03814974498181116,0.0003,994,206,47.4758505360525,13.875747680664062,45.122668743133545,58.99841642379761,1289,0.5744951982633211,0,0,TRUE,pair,366,4.294605000060983,6.695822919619505,70,0,7.6530054644808745,4.294605000060983,0.7187258998746984,8.452529799134936,cpu,cuda:0,0,148.1503906,37
2088,1,DDT500_num150.txt,fixed,2865,8,358.125,9.905017852783203,12.708168029785156,7.207973794720601e-06,-5.213333333,-0.312063286,0.17416666448116302,0.01868971809744835,0.14000000059604645,0.20000000298023224,-0.002019327,0.007394548246843947,0.0006598175677936524,0.9743782899997853,0.010951385317538451,0.046709347033390296,0.0003,991,209,38.682516599214146,12.730244159698486,61.33422350883484,74.06446766853333,1311,0.5649396004155278,0,0,TRUE,pair,370,3.6191167004290037,6.4984293189556395,50,0,7.743243243243243,3.6191167004290037,0.644078200974036,8.102835300611332,cpu,cuda:0,0,148.1523438,40
2089,1,DDT500_num150.txt,fixed,2835,8,354.375,12.318050384521484,14.287370681762695,9.078708899323829e-06,-5.426666667,-0.323567923,0.16083332896232605,0.01681186817586422,0.13333334028720856,0.18000000715255737,-0.009643538,-0.000364919,0.0007015618204604835,0.9629400372505188,0.011666961553237343,0.05277731716632843,0.0003,1007,193,87.06348698640186,14.309297323226929,18.2531476020813,32.56244492530823,1321,0.6319556987145916,0,0,TRUE,pair,376,4.262278299429454,6.558730160243927,70,0,7.539893617021277,4.262278299429454,0.7717214957228862,8.857334100175649,cpu,cuda:0,0,148.1523438,42
2090,1,DDT500_num150.txt,fixed,2820,8,352.5,10.943034172058105,13.868115425109863,6.827269317000173e-06,-5.28,-0.317654093,0.16999998688697815,0.008819172158837318,0.1599999964237213,0.18666666746139526,-0.014991588,-0.005273745,0.0006918647341080941,1.0063772425055504,0.005859130041471872,0.02039252797840163,0.0003,996,204,83.59959367894099,13.8899827003479,19.842238664627075,33.732221364974976,1300,0.6794534015934914,0,0,TRUE,pair,367,4.145030300191138,6.745035461838364,65,0,7.683923705722071,4.145030300191138,0.7307133018039167,8.608421899494715,cpu,cuda:0,0,148.1523438,44
2091,1,DDT500_num150.txt,fixed,2855,8,356.875,11.185230255126953,14.09483528137207,7.856968295527622e-06,-5.186666667,-0.313248967,0.1758333295583725,0.01288302056491375,0.15333333611488342,0.20000000298023224,-0.010131217,-0.000872825,0.0007537175346549382,0.9635252531837014,0.010164389148806496,0.02982379572794718,0.0003,989,211,49.64644045348992,14.116175889968872,43.390464544296265,57.50664043426514,1314,0.6054429001524113,0,0,TRUE,pair,377,4.354268500581384,6.43222416762504,90,0,7.572944297082228,4.354268500581384,0.7682925998233259,8.582311501842923,cpu,cuda:0,0,148.1523438,46
2092,1,DDT500_num150.txt,fixed,2779,8,347.375,8.873239517211914,13.640432357788086,1.0120861588802654e-05,-5.213333333,-0.324578776,0.17416666448116302,0.015069287270307541,0.14666666090488434,0.20000000298023224,0.02171191708608107,0.03139790587804534,0.0006501649993217804,1.001107226718556,0.006844238594370919,0.01814746856689453,0.0003,991,209,68.17889632678549,13.66272258758545,27.09769082069397,40.76041340827942,1292,0.5684934997116216,0,0,TRUE,pair,361,4.206672700238414,6.86541921494461,90,0,7.698060941828255,4.206672700238414,0.7247719974839129,8.338029098231345,cpu,cuda:0,0,148.1503906,47
2093,1,DDT500_num150.txt,fixed,2828,8,353.5,15.10794448852539,13.021862030029297,9.009572750073858e-06,-5.266666667,-0.324549647,0.17083331942558289,0.017931198701262474,0.14000000059604645,0.18666666746139526,0.009020410478115082,0.01824963493989064,0.0006968771877626961,0.9577662944793701,0.005636160697367114,0.02451023101233519,0.0003,995,205,62.28401375740696,13.041425228118896,32.363484144210815,45.40490937232971,1289,0.6327635002671741,0,0,TRUE,pair,375,3.845489500032272,6.4784299870360185,65,0,7.541333333333333,3.845489500032272,0.6550643010996282,8.174794602848124,cpu,cuda:0,0,148.1523438,47
2094,1,DDT500_num150.txt,fixed,2865,8,358.125,9.829007148742676,13.434072494506836,7.1921840572031215e-06,-5.213333333,-0.315883389,0.17416666448116302,0.018689719960093498,0.14666666090488434,0.20666666328907013,-0.034501547,-0.025185081,0.000640317250508815,0.9636624038219452,0.010254948316287482,0.028066227957606316,0.0003,991,209,65.37003014238424,13.452482461929321,30.374941110610962,43.82742357254028,1310,0.6478889013524167,0,0,TRUE,pair,374,3.8900749996537343,6.498778358845603,80,0,7.660427807486631,3.8900749996537343,0.6875834030215628,8.495621600945015,cpu,cuda:0,0,148.1523438,49
2095,1,DDT500_num150.txt,fixed,2836,8,354.5,6.928203105926514,14.542150497436523,4.672031082009198e-06,-5.146666667,-0.315121833,0.1783333420753479,0.01848422922194004,0.1599999964237213,0.2133333384990692,-0.0391613,-0.029706165,0.0006732181063853204,0.979174792766571,0.012076877896712782,0.00942297155658404,0.0003,986,214,139.05523241884288,14.562808752059937,5.83196496963501,20.394773721694946,1293,0.615823598462157,0,0,TRUE,pair,366,4.775369800336193,6.509873059639978,65,0,7.748633879781421,4.775369800336193,0.7388458987697959,8.562724600022193,cpu,cuda:0,0,148.1523438,50
2096,1,DDT500_num150.txt,fixed,2809,8,351.125,9.31983757019043,12.19466495513916,7.696157808823045e-06,-5.2,-0.324825176,0.17499998211860657,0.007264833897352219,0.1599999964237213,0.18666666746139526,-0.042306488,-0.033000782,0.0006701548500132049,0.964078463613987,0.008535914484895102,0.022860095195937902,0.0003,990,210,54.47461889301099,12.22265625,39.34264254570007,51.56529879570007,1267,0.5438959028688259,0,0,TRUE,pair,366,3.3970335999620147,6.73584905567013,50,0,7.674863387978142,3.3970335999620147,0.6227120018447749,7.846154300146736,cpu,cuda:0,0,148.1503906,50
2097,1,DDT500_num150.txt,fixed,2845,8,355.625,7.140334606170654,14.447458267211914,6.097179266362218e-06,-5.306666667,-0.32634594,0.16833333671092987,0.016583124175667763,0.13333334028720856,0.18666666746139526,0.07165700197219849,0.0810694545507431,0.0008044495043577626,0.9814677834510803,0.013741904305220487,0.010253906,0.0003,998,202,114.45337717696549,14.466070175170898,10.391212940216064,24.857283115386963,1296,0.6042909012176096,0,0,TRUE,pair,367,4.742764599854127,6.536731105697176,80,0,7.752043596730245,4.742764599854127,0.8152501007425599,8.4951182003133,cpu,cuda:0,0,148.1523438,50
2098,1,DDT500_num150.txt,fixed,2806,8,350.75,7.838207721710205,14.574116706848145,7.95761116023641e-06,-5.173333333,-0.306655911,0.17666667699813843,0.009428087621927261,0.1666666716337204,0.19333332777023315,-0.009374022,6.110187281261791e-05,0.0006741619674192572,0.9772206978364424,0.010696730848973279,0.025397303514182568,0.0003,988,212,80.35727585733075,14.595653772354126,20.323399543762207,34.91905331611633,1302,0.6596028006752022,0,0,TRUE,pair,366,4.550531400251202,6.564504634034013,55,0,7.666666666666667,4.550531400251202,0.7897716997540556,8.831562299455982,cpu,cuda:0,0,148.1503906,50
2099,1,DDT500_num150.txt,fixed,2724,8,340.5,8.276473045349121,13.19375228881836,2.6360083211329766e-05,-5.293333333,-0.333955001,0.1691666543483734,0.007406831718981266,0.1599999964237213,0.18000000715255737,-0.001839059,0.007691314133505027,0.0007067938762096068,0.9883767515420914,0.014822729767350514,0.028867578832432628,0.0003,997,203,67.08006665543782,13.218857765197754,27.389330863952637,40.60818862915039,1262,0.5616017000866123,0,0,TRUE,pair,354,4.150820200215094,6.952643172593894,90,0,7.694915254237288,4.150820200215094,0.6607194000971504,8.03160350129474,cpu,cuda:0,0,148.14990234375,51
2100,1,DDT500_num150.txt,fixed,2767,8,345.875,13.09043025970459,13.14584732055664,7.325311344175134e-06,-5.186666667,-0.308556548,0.1758333444595337,0.02158638834953308,0.13333334028720856,0.20666666328907013,0.02638295479118824,0.03585508248458306,0.0006052459454319129,0.9774750272432963,0.011908526137564953,0.012694140275319418,0.0003,989,211,117.5050170309611,13.163075685501099,10.384855031967163,23.54793071746826,1298,0.5507643009186722,0,0,TRUE,pair,376,3.854707399965264,6.7296711243917935,70,0,7.35904255319149,3.854707399965264,0.704521200095769,8.222027298761532,cpu,cuda:0,0,148.1503906,50
2101,1,DDT500_num150.txt,fixed,2819,8,352.375,8.045767784118652,12.110634803771973,6.511926585517358e-06,-5.24,-0.32433989,0.17249999940395355,0.013096862472593784,0.1599999964237213,0.20000000298023224,-0.000630044,0.00876547273115388,0.0006647270721649485,0.9727881919770014,0.00855429170310561,0.03066972731834366,0.0003,993,207,49.13902752116328,12.130399465560913,45.23744320869446,57.36784267425537,1301,0.5166364005417563,0,0,TRUE,pair,367,3.45149770117132,6.555870875858931,64,0,7.6811989100817435,3.45149770117132,0.5925418980186805,7.745205799757969,cpu,cuda:0,0,148.1523438,48
2102,1,DDT500_num150.txt,fixed,2831,8,353.875,10.409581184387207,14.387887954711914,2.9413547963486053e-05,-5.28,-0.346348255,0.16999998688697815,0.009428092278540134,0.15333333611488342,0.18000000715255737,0.018882964892933767,0.02819624139616887,0.0006945512189607447,0.9660552988449732,0.008577392517812163,0.012664850083334992,0.0003,996,204,69.43942231816376,14.416152954101562,26.353195428848267,40.76934838294983,1308,0.5805318998754956,0,0,TRUE,pair,370,4.610543900169432,6.3083715991306875,48,0,7.651351351351352,4.610543900169432,0.7626328998012468,8.63626310165273,cpu,cuda:0,0,148.1523438,41
2103,1,DDT500_num150.txt,fixed,2846,8,355.75,10.280442237854004,13.76523208618164,1.0747363376140129e-05,-5.253333333,-0.34097456,0.17166668176651,0.012360332533717155,0.15333333611488342,0.18666666746139526,-0.020984146,-0.011798157,0.0005800325386437842,0.9476004459641196,0.011843730727626033,0.029714245518500156,0.0003,994,206,70.54188397870037,13.789254665374756,26.55557084083557,40.34482550621033,1324,0.5770538003998809,0,0,TRUE,pair,374,4.13497760030441,6.503865071107029,70,0,7.609625668449198,4.13497760030441,0.699109700450208,8.561338902276475,cpu,cuda:0,0,148.1523438,39
2104,1,DDT500_num150.txt,fixed,2817,8,352.125,12.946403503417969,13.142903327941895,9.470951226830948e-06,-5.24,-0.346134464,0.17249998450279236,0.011273125186562538,0.15333333611488342,0.18666666746139526,-0.007245188,0.002057047826903207,0.0007109380704129027,0.9657704773403349,0.008130177334481101,0.030963504243464696,0.0003,993,207,46.58824032077898,13.162705898284912,47.30319666862488,60.46590256690979,1291,0.6225584001513198,0,0,TRUE,pair,374,4.073513900744729,6.825701098514864,56,0,7.532085561497326,4.073513900744729,0.6830276983673684,8.036072999238968,cpu,cuda:0,0,148.1523438,38
2105,1,DDT500_num150.txt,fixed,2853,8,356.625,11.789163589477539,13.556961059570312,6.92645971867023e-06,-5.293333333,-0.340769808,0.1691666692495346,0.011516896076500416,0.15333333611488342,0.18666666746139526,-0.004285129,0.004855569340288639,0.0006321944040246308,0.9456796264648437,0.012466839724147576,0.028880911925807596,0.0003,997,203,44.579142512404076,13.579642295837402,50.41889691352844,63.998539209365845,1295,0.576360200997442,0,0,TRUE,pair,377,4.283143000269774,6.458815281657725,60,0,7.56763925729443,4.283143000269774,0.6641982001601718,8.254723100864794,cpu,cuda:0,0,148.1523438,40
2106,1,DDT500_num150.txt,fixed,2823,8,352.875,8.978272438049316,13.358100891113281,1.0238128197670449e-05,-5.173333333,-0.331380237,0.17666666209697723,0.018257420510053635,0.14666666090488434,0.20000000298023224,-0.011373357,-0.002037533,0.0005988521205092019,0.963525035164573,0.008321343069176444,0.029460207686166872,0.0003,988,212,64.34422718739785,13.378321409225464,30.495078325271606,43.87339973449707,1303,0.568266699439846,0,0,TRUE,pair,370,4.00990610034205,6.7226354939017865,65,0,7.629729729729729,4.00990610034205,0.6913471002480946,8.288565800816286,cpu,cuda:0,0,148.1523438,43
2107,1,DDT500_num150.txt,fixed,2842,8,355.25,9.832980155944824,12.96467113494873,6.3439056248171255e-06,-5.253333333,-0.344744802,0.17166666686534882,0.015184057876467705,0.14666666090488434,0.20000000298023224,-0.049708888,-0.040336456,0.0006673138923360966,0.9706089099248251,0.006957648248013963,0.026947662253708888,0.0003,994,206,42.97784054353829,12.982999086380005,53.14410185813904,66.12710094451904,1296,0.5326635998790152,0,0,TRUE,pair,372,3.889532599132508,6.846235044903524,76,0,7.639784946236559,3.889532599132508,0.6837158015114255,8.042630902316887,cpu,cuda:0,0,148.1523438,45
2108,1,DDT500_num150.txt,fixed,2827,8,353.375,12.951231002807617,14.02678394317627,8.231485480791889e-06,-5.16,-0.328804781,0.17749999463558197,0.022345146164298058,0.14000000059604645,0.2133333384990692,-0.026966403,-0.017934519,0.0008355589905897012,0.9449664170925434,0.010031798178365884,0.035053849005355284,0.0003,987,213,65.86411525656662,14.046452283859253,28.875250816345215,42.92170310020447,1269,0.5926486997050233,0,0,TRUE,pair,378,4.2320266997558065,6.69260700321636,48,0,7.478835978835979,4.2320266997558065,0.7727178005734459,8.63939499965636,cpu,cuda:0,0,148.1523438,48
2109,1,DDT500_num150.txt,fixed,2807,8,350.875,12.333263397216797,14.002154350280762,7.371723768301308e-06,-5.453333333,-0.358013469,0.15916666388511658,0.017775608226656914,0.13333334028720856,0.18666666746139526,-0.003067903,0.006345737725496292,0.0007438049242072911,0.9785543591887863,0.006156712614374219,0.031338657907865664,0.0003,1009,191,41.54965931210807,14.020449876785278,53.53726410865784,67.55771398544312,1300,0.6171910017728806,0,0,TRUE,pair,367,4.238117800210603,6.5849661534903605,60,0,7.64850136239782,4.238117800210603,0.7208324985695072,8.661544902715832,cpu,cuda:0,0,148.1503906,49
2110,1,DDT500_num150.txt,fixed,2837,8,354.625,12.123711585998535,14.08776569366455,6.3618012973165605e-06,-5.28,-0.336230673,0.16999998688697815,0.014529664069414139,0.14000000059604645,0.18666666746139526,0.17354968190193176,0.18273337930440903,0.0007212553027784452,0.9544323980808258,0.011510870947972762,0.006835938,0.0003,996,204,122.66312802530807,14.105675220489502,9.022709369659424,23.128384590148926,1307,0.5737776005407795,0,0,TRUE,pair,385,4.244585800624918,6.643990130083301,60,0,7.368831168831169,4.244585800624918,0.7326264986768365,8.729185501346365,cpu,cuda:0,0,148.1523438,50
2111,1,DDT500_num150.txt,fixed,2865,8,358.125,8.192030906677246,13.992636680603027,7.160500445024809e-06,-5.186666667,-0.343098094,0.1758333295583725,0.01151689700782299,0.1599999964237213,0.19333332777023315,-0.033542771,-0.024174385,0.000651573995128274,0.9694174799052152,0.005135536059655847,0.01067084213718772,0.0003,989,211,67.07256755715859,14.010810136795044,28.704119443893433,42.71492958068848,1296,0.5594220992643386,0,0,TRUE,pair,373,4.382275400450453,6.520418847751451,60,0,7.680965147453083,4.382275400450453,0.7325269025750458,8.504174800473265,cpu,cuda:0,0,148.1523438,50
2112,1,DDT500_num150.txt,fixed,2881,8,360.125,12.60394287109375,13.209884643554688,1.0941308573819697e-05,-5.12,-0.34872608,0.18000000715255737,0.020275874063372612,0.14666666090488434,0.20666666328907013,-0.036969291,-0.027796294,0.0008895498176570982,0.9617772052685419,0.00557047328917785,0.02859295633000632,0.0003,984,216,41.888421191809606,13.230602264404297,55.547353982925415,68.77795624732971,1304,0.5518080985639244,0,0,TRUE,pair,380,4.01401860039914,6.47205831316849,90,0,7.581578947368421,4.01401860039914,0.6495523995254189,8.1973769000615,cpu,cuda:0,0,148.15283203125,51
2113,1,DDT500_num150.txt,fixed,2819,8,352.375,14.899140357971191,13.097907066345215,9.344062164018396e-06,-5.12,-0.320382414,0.18000000715255737,0.014907121658325195,0.14666666090488434,0.20000000298023224,0.008108447409338422,0.01747340170873536,0.0008751206591518389,0.9802510738372803,0.011097038084699307,0.02923124066243569,0.0003,984,216,77.70668916073605,13.127181768417358,23.150261402130127,36.277443170547485,1287,0.5242961012409069,0,0,TRUE,pair,369,4.07441279978957,6.783611207280695,72,0,7.639566395663957,4.07441279978957,0.665033898781985,8.012543901160825,cpu,cuda:0,0,148.1523438,52
2114,1,DDT500_num150.txt,fixed,2828,8,353.5,10.665364265441895,12.907892227172852,6.125084382802015e-06,-5.133333333,-0.338355479,0.17916665971279144,0.010240168310701847,0.1666666716337204,0.19333332777023315,-0.031333782,-0.022263329,0.0008307936514029279,0.9485847701629003,0.0119242052314803,0.019400699879042804,0.0003,985,215,73.84868249630972,12.925952434539795,25.36856961250305,38.29452204704285,1280,0.5567351013305597,0,0,TRUE,pair,372,3.808405199612025,6.606789249679156,55,0,7.602150537634409,3.808405199612025,0.6380047007696703,8.121540398686193,cpu,cuda:0,0,148.1523438,44
2115,1,DDT500_num150.txt,fixed,2818,8,352.25,13.32056713104248,13.792616844177246,8.176054507202934e-06,-5.266666667,-0.327883097,0.17083333432674408,0.012444320134818554,0.15333333611488342,0.18666666746139526,-0.080625515,-0.071574117,0.000888370857865084,0.9495585709810257,0.008976702692859995,0.031900339206913486,0.0003,995,205,58.07916718802326,13.815654039382935,34.704325437545776,48.51997947692871,1280,0.5555893008131534,0,0,TRUE,pair,379,4.222718299890403,6.830376153131001,70,0,7.435356200527704,4.222718299890403,0.7343783003743738,8.46121120027965,cpu,cuda:0,0,148.1523438,40
2116,1,DDT500_num150.txt,fixed,2793,8,349.125,10.154278755187988,13.584525108337402,7.835234100639354e-06,-5.346666667,-0.328276744,0.16583333909511566,0.015789413824677467,0.14000000059604645,0.20000000298023224,0.0017641170627691529,0.01069353503937071,0.0008573166401633484,0.9358074773441661,0.015601843907709488,0.019166493280367417,0.0003,1001,199,77.58699648710063,13.602551937103271,22.395748376846313,35.998300313949585,1295,0.57866849884158,0,0,TRUE,pair,362,4.087337200238835,6.686358753686475,64,0,7.7154696132596685,4.087337200238835,0.692871097533498,8.438832296640612,cpu,cuda:0,0,148.1503906,37
2117,1,DDT500_num150.txt,fixed,2848,8,356,13.774977684020996,12.542975425720215,7.993246981641278e-06,-5.186666667,-0.332303061,0.1758333444595337,0.013307265937328339,0.15333333611488342,0.19333332777023315,0.05926726620506357,0.06802576856204758,0.0009452450041728163,0.923113019378097,0.006216389290515239,0.028572097093004872,0.0003,989,211,39.04512558548349,12.561512470245361,60.37973070144653,72.9412431716919,1298,0.5255612002802081,0,0,TRUE,pair,384,3.7091773002175614,6.69101123411334,75,0,7.416666666666667,3.7091773002175614,0.643004902813118,7.853044599702116,cpu,cuda:0,0,148.1523438,40
2118,1,DDT500_num150.txt,fixed,2931,8,366.375,15.659960746765137,13.905282974243164,8.354862075066194e-06,-5.106666667,-0.32960418,0.1808333545923233,0.03273419663310051,0.13333334028720856,0.23999999463558197,0.0008429217019251414,0.009854405320116453,0.0007261142766635333,0.9374542193753379,0.006976918982250676,0.02218021239553179,0.0003,983,217,71.05061378145886,13.92627739906311,27.326005220413208,41.25228261947632,1332,0.5946811002795584,0,0,TRUE,pair,388,4.250160399824381,6.277038552743996,56,0,7.554123711340206,4.250160399824381,0.7143361013149843,8.566512000747025,cpu,cuda:0,0,148.15283203125,43
2119,1,DDT500_num150.txt,fixed,2880,8,360,13.219304084777832,14.617945671081543,1.0468720574863255e-05,-5.093333333,-0.337506063,0.18166667222976685,0.009279606863856316,0.1666666716337204,0.20000000298023224,-0.045687399,-0.036923162,0.0007620489433113681,0.9145259323873018,0.006571866943485666,0.04773083911277354,0.0003,982,218,48.39367198700394,14.645015478134155,44.86689758300781,59.51191306114197,1306,0.6337209996418096,0,0,TRUE,pair,383,4.677979499800131,6.358333334326744,60,0,7.51958224543081,4.677979499800131,0.7550963003304787,8.796168999921065,cpu,cuda:0,0,148.1523438,43
2120,1,DDT500_num150.txt,fixed,2906,8,363.25,10.009370803833008,12.43622875213623,6.424042567232391e-06,-5.253333333,-0.354924058,0.17166665196418762,0.013228756375610828,0.15333333611488342,0.19333332777023315,0.007987367687746882,0.017053624615073204,0.0007081904223014135,0.9420351013541222,0.004502928172873529,0.016642797680106014,0.0003,994,206,40.815276685468454,12.455085277557373,58.74374604225159,71.19883131980896,1337,0.5910061994800344,0,0,TRUE,pair,377,3.5675446998211555,6.404679972552794,70,0,7.708222811671088,3.5675446998211555,0.6313074002973735,7.905914599716198,cpu,cuda:0,0,148.15283203125,0
2121,1,DDT500_num150.txt,fixed,2871,8,358.875,5.797359466552734,12.92648983001709,5.3205285439617e-06,-5.146666667,-0.35221089,0.1783333420753479,0.02127857506275177,0.14000000059604645,0.2133333384990692,-0.073533546,-0.064166325,0.000633453783978309,0.9683944412640163,0.01169326329584562,0.024697639314191683,0.0003,986,214,98.00493916344534,12.9478759765625,16.34656596183777,29.29444193840027,1273,0.529582999413833,0,0,TRUE,pair,368,3.841765599907376,6.5242075930900665,60,0,7.801630434782608,3.841765599907376,0.649098600668367,8.089040300692432,cpu,cuda:0,0,148.1523438,48
2122,1,DDT500_num150.txt,fixed,2922,8,365.25,13.790848731994629,14.215384483337402,9.398652764502913e-06,-5.253333333,-0.362857132,0.17166665196418762,0.02351122908294201,0.14666666090488434,0.2266666740179062,-0.137767609,-0.128891966,0.0006407138690437106,0.919599554755471,0.006568554911692362,0.019818489355119793,0.0003,994,206,69.35500575492186,14.233697175979614,27.897364139556885,42.1310613155365,1346,0.6014813010697253,0,0,TRUE,pair,389,4.488309999520425,6.409650926717253,75,0,7.5115681233933165,4.488309999520425,0.7239881994319148,8.6291535,cpu,cuda:0,0,148.15283203125,48
2123,1,DDT500_num150.txt,fixed,2847,8,355.875,11.95237922668457,13.406299591064453,7.577060841867933e-06,-5.373333333,-0.367187327,0.164166659116745,0.014883809722959995,0.14000000059604645,0.18666666746139526,0.020476601746243734,0.029878987343787838,0.0008206536646563715,0.9812713364760081,0.010759562198169684,0.057065510734294854,0.0003,1003,197,43.3090117055703,13.427183628082275,52.309712409973145,65.73689603805542,1302,0.5805929001653567,0,0,TRUE,pair,375,4.090857800038066,6.482613277385057,80,0,7.592,4.090857800038066,0.705779000709299,8.238894002046436,cpu,cuda:0,0,148.1523438,0
2124,1,DDT500_num150.txt,fixed,2854,8,356.75,6.239992141723633,13.370058059692383,4.317944330978207e-06,-5.253333333,-0.353905131,0.17166665196418762,0.012801910750567913,0.14666666090488434,0.19333332777023315,-0.002527954,0.006876492727315053,0.0007993567232915666,0.980412557721138,0.004864231475494307,0.02214215621643234,0.0003,994,206,54.81568705545443,13.392876148223877,38.6725115776062,52.06538772583008,1289,0.5547477004001848,0,0,TRUE,pair,365,3.95720120012993,6.522775050970584,90,0,7.8191780821917805,3.95720120012993,0.6709409996983595,8.387276898662094,cpu,cuda:0,0,148.1523438,51
2125,1,DDT500_num150.txt,fixed,2886,8,360.75,11.82951831817627,13.32273006439209,7.921813448774628e-06,-5.093333333,-0.332597392,0.18166665732860565,0.0172401312738657,0.1599999964237213,0.20666666328907013,0.04227632494724315,0.05189490512661312,0.0006968200940046581,0.9966992347136788,0.007366567956405165,0.021681093772792297,0.0003,982,218,45.63444332662673,13.340725898742676,49.90097904205322,63.2417049407959,1309,0.6726814001449384,0,0,TRUE,pair,385,3.907592500501778,6.309424808929137,60,0,7.496103896103896,3.907592500501778,0.6993246003403328,8.353374700120185,cpu,cuda:0,0,148.15283203125,51
2126,1,DDT500_num150.txt,fixed,2828,8,353.5,11.853269577026367,12.892037391662598,6.959209258639021e-06,-5.16,-0.342915908,0.17749999463558197,0.013307265937328339,0.15333333611488342,0.20000000298023224,-0.067774367,-0.058168143,0.000704652211145283,0.9958551388520461,0.005966341110321922,0.008639828051225497,0.0003,987,213,61.41350736195031,12.91045093536377,33.13805079460144,46.04850172996521,1296,0.528920499724336,0,0,TRUE,pair,368,3.9398221998708323,6.5434936346562615,70,0,7.684782608695652,3.9398221998708323,0.6722155010793358,7.93798310024431,cpu,cuda:0,0,148.1523438,0
2127,1,DDT500_num150.txt,fixed,2833,8,354.125,10.936607360839844,12.478987693786621,7.681371243961621e-06,-5.2,-0.35069092,0.17499999701976776,0.01624465547502041,0.14000000059604645,0.19333332777023315,-0.052151563,-0.0425504,0.001007984111007924,1.0105156456982647,0.004050304036489386,0.023460203195335688,0.0003,990,210,40.52622390060899,12.49889588356018,57.40645742416382,69.905353307724,1290,0.5243718986166641,0,0,TRUE,pair,369,3.649389299680479,6.516060714034953,80,0,7.677506775067751,3.649389299680479,0.6244884002371691,7.873258899839129,cpu,cuda:0,0,148.1523438,38
2128,1,DDT500_num150.txt,fixed,2829,8,353.625,11.16845417022705,13.15266227722168,8.14819668448763e-06,-5.306666667,-0.344696188,0.16833333671092987,0.019364917650818825,0.14000000059604645,0.20000000298023224,-0.005141552,0.004506252890981462,0.0006655208368708069,0.998056560754776,0.005810298921384553,0.020790042898928125,0.0003,998,202,42.46934325027687,13.177882671356201,53.43487334251404,66.61275601387024,1292,0.6496861008927226,0,0,TRUE,pair,368,3.964927300985437,6.828207845526055,60,0,7.6875,3.964927300985437,0.6672209000098519,8.174256197409704,cpu,cuda:0,0,148.1523438,38
2129,1,DDT500_num150.txt,fixed,2794,8,349.25,11.627016067504883,13.619566917419434,7.223728971439414e-06,-5.28,-0.360687119,0.16999998688697815,0.013743683695793152,0.15333333611488342,0.19333332777023315,-0.025557559,-0.015649664,0.0008058860577875749,1.0310835778713225,0.006685550442853128,0.026380912866443396,0.0003,996,204,76.79394229513447,13.642911434173584,22.740166664123535,36.38307809829712,1293,0.5900977005367167,0,0,TRUE,pair,365,4.165659299644176,6.833214029040436,72,0,7.654794520547945,4.165659299644176,0.7327288016676903,8.351332998019643,cpu,cuda:0,0,148.1503906,41
2130,1,DDT500_num150.txt,fixed,2798,8,349.75,13.488420486450195,12.708639144897461,2.2233090930967592e-05,-5.226666667,-0.356219846,0.1733333319425583,0.012472189962863922,0.15333333611488342,0.19333332777023315,-0.005402941,0.004369927589626362,0.0006525819262606092,1.0099157442649205,0.005058984564504006,0.018825526155220967,0.0003,992,208,39.22033229252314,12.729567289352417,58.61098074913025,71.34054803848267,1284,0.6484733987017535,0,0,TRUE,pair,379,3.7529217005358078,6.774839172199678,65,0,7.382585751978892,3.7529217005358078,0.6415877995314077,7.976439899241086,cpu,cuda:0,0,148.1503906,44
2131,1,DDT500_num150.txt,fixed,2888,8,361,10.630146026611328,14.11812686920166,7.524363354605157e-06,-5.04,-0.343303954,0.1850000023841858,0.01818118616938591,0.1599999964237213,0.2199999988079071,-0.013110126,-0.003739533,0.0007292289985343814,0.9735208710034688,0.014320218498081278,0.02208851302663485,0.0003,978,222,66.33893251162651,14.135553121566772,29.398460626602173,43.534013748168945,1302,0.568243399146013,0,0,TRUE,pair,377,4.275219100352842,6.512811633771146,70,0,7.660477453580902,4.275219100352842,0.765577697136905,8.687251900380943,cpu,cuda:0,0,148.15283203125,0
2132,1,DDT500_num150.txt,fixed,2810,8,351.25,8.954747200012207,13.889979362487793,2.690223846002482e-05,-5.24,-0.367449244,0.17249998450279236,0.016137434169650078,0.14666666090488434,0.20000000298023224,0.011177892131464822,0.020826667813318118,0.0006731550238328055,0.9985351009028298,0.007845905586991973,0.029522881543795978,0.0003,993,207,64.7164324524789,13.915975332260132,29.504217863082886,43.42019319534302,1279,0.5666316999704577,0,0,TRUE,pair,362,4.422842099389527,6.787188613202648,70,0,7.762430939226519,4.422842099389527,0.7252438002615236,8.368724499130622,cpu,cuda:0,0,148.1503906,47
2133,1,DDT500_num150.txt,fixed,2803,8,350.375,14.662345886230469,12.846805572509766,7.92898572399281e-06,-5.266666667,-0.36892751,0.17083333432674408,0.016308657824993134,0.14666666090488434,0.20000000298023224,-0.021709445,-0.012080608,0.0006909874945824198,0.997433066368103,0.009774296874478323,0.01991578476393924,0.0003,995,205,55.211699887209555,12.86670207977295,37.90152287483215,50.7682249546051,1288,0.5509654004126787,0,0,TRUE,pair,368,3.8039434999227524,6.72351052452316,65,0,7.616847826086956,3.8039434999227524,0.6460113995708525,8.04673259955598,cpu,cuda:0,0,148.1503906,48
2134,1,DDT500_num150.txt,fixed,2817,8,352.125,7.590084075927734,13.439834594726562,6.793883585487492e-06,-5.293333333,-0.362180093,0.1691666543483734,0.019418634474277496,0.14000000059604645,0.20666666328907013,0.025288890503967803,0.03503313090186566,0.0007667582346281657,1.0127621243397396,0.010412597236305979,0.019461750246894855,0.0003,997,203,63.871818990953265,13.465264081954956,30.6386935710907,44.103957653045654,1273,0.5600409993785433,0,0,TRUE,pair,364,4.127065100183245,6.50301739413729,70,0,7.739010989010989,4.127065100183245,0.6952246985747479,8.257671301136725,cpu,cuda:0,0,148.1523438,50
2135,1,DDT500_num150.txt,fixed,2892,8,361.5,9.77241039276123,13.743322372436523,6.316967755992664e-06,-5.12,-0.33749669,0.18000000715255737,0.004714046139270067,0.1733333319425583,0.18666666746139526,0.02798421277354161,0.037554685647288956,0.0005975726865775263,0.9869258552789688,0.012021526569697016,0.016732757600645225,0.0003,984,216,73.60447589745678,13.763605833053589,25.527482986450195,39.291088819503784,1328,0.564458399952855,0,0,TRUE,pair,373,4.2051963996491395,6.426002765757085,60,0,7.753351206434316,4.2051963996491395,0.7193387006991543,8.443996801157482,cpu,cuda:0,0,148.15283203125,47
2136,1,DDT500_num150.txt,fixed,2885,8,360.625,8.929410934448242,11.828927993774414,6.942853815417038e-06,-5.28,-0.358973013,0.17000001668930054,0.020548047497868538,0.14000000059604645,0.20000000298023224,0.014256776898707213,0.023863567308963912,0.0006814315397365901,0.9947507067730552,0.011325768247173218,0.02590877947544581,0.0003,996,204,49.97364174991927,11.847720623016357,45.882712841033936,57.73043346405029,1318,0.5029768000822514,0,0,TRUE,pair,374,3.358265599992592,6.47452339845059,75,0,7.713903743315508,3.358265599992592,0.593089500151109,7.559493799402844,cpu,cuda:0,0,148.15283203125,51
2137,1,DDT500_num150.txt,fixed,2861,8,357.625,13.692493438720703,12.556114196777344,8.773025911068544e-06,-5.24,-0.353843031,0.17249998450279236,0.013919410295784473,0.1599999964237213,0.20666666328907013,0.034595359634194106,0.04408440304299196,0.0008262613426066107,0.9902173744307624,0.024824037598692585,0.02980641358428531,0.0003,993,207,95.40393686231299,12.573904514312744,17.41437578201294,29.988280296325684,1312,0.6612965995445848,0,0,TRUE,pair,383,3.56200649990933,6.162880110348992,50,0,7.469973890339426,3.56200649990933,0.6117670001694933,8.053530702716671,cpu,cuda:0,0,148.1523438,50
2138,1,DDT500_num150.txt,fixed,2843,8,355.375,19.22197723388672,13.800931930541992,9.66110201261472e-06,-5.08,-0.345247727,0.18250000476837158,0.019702650606632233,0.15333333611488342,0.2133333384990692,-0.011914723,-0.002364018,0.0007646546950318703,0.9933033020872819,0.00776125536705015,0.01926313629864078,0.0003,981,219,45.587299462428064,13.821609020233154,48.54225182533264,62.363860845565796,1316,0.6098266005865298,0,0,TRUE,pair,380,4.355662799614947,6.363348574861439,75,0,7.481578947368421,4.355662799614947,0.6888769993674941,8.399949599406682,cpu,cuda:0,0,148.1523438,53
2139,1,DDT500_num150.txt,fixed,2774,8,346.75,8.212034225463867,13.62263298034668,6.572746769961668e-06,-5.186666667,-0.361335634,0.1758333146572113,0.01525250356644392,0.15333333611488342,0.20000000298023224,0.034695463813841344,0.04459722172468901,0.0007112608174793423,1.025738787651062,0.013145782746687474,0.015300925821065903,0.0003,989,211,123.07341224234736,13.642759323120117,8.896633625030518,22.539392948150635,1306,0.5809781990246847,0,0,TRUE,pair,358,4.185375800123438,6.63914924297044,70,0,7.748603351955308,4.185375800123438,0.7375552007579245,8.330646401562262,cpu,cuda:0,0,148.1503906,48
2140,1,DDT500_num150.txt,fixed,2863,8,357.875,12.159744262695312,12.873037338256836,8.000355592230335e-06,-5.146666667,-0.347244086,0.1783333271741867,0.014043583534657955,0.14666666090488434,0.19333332777023315,-0.016207373,-0.006604813,0.0007435673116041082,0.9974344628197807,0.009693996201219437,0.01052487884382052,0.0003,986,214,87.16117563540078,12.89040231704712,19.956791162490845,32.847193479537964,1298,0.5532707998063415,0,0,TRUE,pair,376,3.8865323993959464,6.582605657817349,60,0,7.61436170212766,3.8865323993959464,0.6475117985391989,8.00052719929954,cpu,cuda:0,0,148.1523438,42
2141,1,DDT500_num150.txt,fixed,2839,8,354.875,7.833222389221191,14.235786437988281,5.859473276359495e-06,-5.2,-0.347307742,0.17500001192092896,0.019930435344576836,0.14000000059604645,0.20666666328907013,0.11418645456433296,0.12367946468293667,0.0005656838111463003,0.9775851219892502,0.01945594862991129,0.012381114065647125,0.0003,990,210,115.92041295898973,14.25719952583313,10.233741521835327,24.490941047668457,1309,0.6251370992977172,0,0,TRUE,pair,369,4.534906099550426,6.331806973446923,64,0,7.693766937669377,4.534906099550426,0.7388440993381664,8.582720099715516,cpu,cuda:0,0,148.1523438,40
2142,1,DDT500_num150.txt,fixed,2855,8,356.875,12.108235359191895,14.357504844665527,8.84401197254192e-06,-5.133333333,-0.337789853,0.17916665971279144,0.01543354894965887,0.15333333611488342,0.20000000298023224,-0.01132661,-0.002028785,0.000767825356888352,0.9681736789643764,0.015252558268002758,0.0280264001339674,0.0003,985,215,57.8807111452795,14.37584638595581,34.94973969459534,49.32558608055115,1291,0.6021262999274768,0,0,TRUE,pair,370,4.59485919913277,6.148161122093268,65,0,7.716216216216216,4.59485919913277,0.789731900615152,8.590446701913606,cpu,cuda:0,0,148.1523438,37
2143,1,DDT500_num150.txt,fixed,2800,8,350,15.394804000854492,12.677529335021973,7.914634807093535e-06,-5.133333333,-0.346812358,0.17916665971279144,0.017139138653874397,0.1599999964237213,0.20000000298023224,0.06978562898002565,0.07939478643238544,0.0006032256234902889,0.9910774528980255,0.013268271067136083,0.01572293769568205,0.0003,985,215,73.06510460657549,12.697391986846924,25.624595165252686,38.32198715209961,1292,0.6275708009488881,0,0,TRUE,pair,371,3.9360933000571094,6.304285714711462,60,0,7.547169811320755,3.9360933000571094,0.6408496995572932,7.762711400864646,cpu,cuda:0,0,148.1503906,39
2144,1,DDT500_num150.txt,fixed,2814,8,351.75,13.64505386352539,13.930740356445312,7.885854756750632e-06,-5.266666667,-0.3565165,0.17083331942558289,0.02283698506653309,0.14666666090488434,0.2133333384990692,0.22125831991434097,0.23110492527484894,0.0007073278829921037,1.0200263261795044,0.052091913705226034,0.007936508394777775,0.0003,995,205,168.91304214544297,13.949886322021484,2.709573268890381,16.659459590911865,1272,0.5764967994182371,0,0,TRUE,pair,365,4.197643599763978,6.45771144134573,64,0,7.7095890410958905,4.197643599763978,0.7331577003351413,8.61953140271362,cpu,cuda:0,0,148.1503906,36
2145,1,DDT500_num150.txt,fixed,2838,8,354.75,13.29238510131836,12.918585777282715,1.2475466974137817e-05,-5.253333333,-0.359574296,0.17166665196418762,0.014433758333325386,0.14666666090488434,0.19333332777023315,-0.027053244,-0.01760617,0.0007316032165868415,0.9812877376874288,0.008647846692636248,0.013885666926701864,0.0003,994,206,84.9333561650135,12.942589282989502,20.47184443473816,33.41443371772766,1289,0.5547871983726509,0,0,TRUE,pair,374,3.720512498926837,6.47603946541967,80,0,7.588235294117647,3.720512498926837,0.665709598804824,8.184744299505837,cpu,cuda:0,0,148.1523438,39
2146,1,DDT500_num150.txt,fixed,2841,8,355.125,14.76006031036377,14.480978965759277,8.12024427432334e-06,-5.253333333,-0.368641027,0.17166668176651,0.014813655987381935,0.15333333611488342,0.19333332777023315,-0.044974362,-0.035288488,0.0006880400469526649,1.0029894434488738,0.008946571648150527,0.01690017763310327,0.0003,994,206,69.15228846902852,14.499654531478882,26.583584547042847,41.08323907852173,1312,0.6324301003478467,0,0,TRUE,pair,383,4.671240098832641,6.415346708569633,76,0,7.417754569190601,4.671240098832641,0.7772931982763112,8.643565299746115,cpu,cuda:0,0,148.1523438,42
2147,1,DDT500_num150.txt,fixed,2875,8,359.375,10.123456954956055,14.40349006652832,8.07109427114483e-06,-5.106666667,-0.342394728,0.1808333396911621,0.02066599577665329,0.15333333611488342,0.2133333384990692,0.10019103810191154,0.10975832119584084,0.0004623031709343195,0.9798431694507599,0.08303114917362109,0.009451426565647125,0.0003,983,217,149.42605051003343,14.426206350326538,4.814079999923706,19.240286350250244,1335,0.6474233996123075,0,0,TRUE,pair,374,4.5850863992236555,6.435478260371996,70,0,7.68716577540107,4.5850863992236555,0.722094499738887,8.722330602060538,cpu,cuda:0,0,148.1523438,43
2148,1,DDT500_num150.txt,fixed,2785,8,348.125,11.10672664642334,13.657215118408203,7.835234100639354e-06,-5.32,-0.367073133,0.16749997437000275,0.010769041255116463,0.15333333611488342,0.18666666746139526,-0.006059562,0.003826931118965149,0.000719883847826471,1.0246446530024211,0.016649454831773863,0.019495738049348194,0.0003,999,201,124.44330770767966,13.67625093460083,8.703417778015137,22.379668712615967,1300,0.5821728991577402,0,0,TRUE,pair,366,4.0649477993138134,6.642369839019365,80,0,7.609289617486339,4.0649477993138134,0.6843529004836455,8.547263698128518,cpu,cuda:0,0,148.1503906,44
2149,1,DDT500_num150.txt,fixed,2830,8,353.75,15.384651184082031,12.824122428894043,8.035802238737233e-06,-5.466666667,-0.378318748,0.15833333134651184,0.015184053219854832,0.13333334028720856,0.1733333319425583,-0.068950616,-0.059153512,0.00074486847006483,1.0169537216424942,0.026929689880489605,0.01779773470479995,0.0003,1010,190,140.17310241878744,12.842779159545898,7.346543550491333,20.18932271003723,1318,0.5575519009726122,0,0,TRUE,pair,371,3.8459182002115995,6.495759713270639,55,0,7.6280323450134775,3.8459182002115995,0.6515527993906289,7.9875087987747975,cpu,cuda:0,0,148.1523438,44
2150,1,DDT500_num150.txt,fixed,2751,8,343.875,14.555390357971191,13.789885520935059,8.354862075066194e-06,-5.6,-0.396877864,0.14999999105930328,0.022852182388305664,0.1133333370089531,0.18666666746139526,0.14998227854569754,0.15981189906597137,0.0005877895067290714,1.0123512148857117,0.03548367624171078,0.029795204599698383,0.0003,1020,180,119.76212237872556,13.80953311920166,9.161001682281494,22.970534801483154,1281,0.5997380002518184,0,0,TRUE,pair,363,4.15032839984633,6.808796803589866,60,0,7.578512396694215,4.15032839984633,0.7132557994336821,8.549392799963243,cpu,cuda:0,0,148.14990234375,45
2151,1,DDT500_num150.txt,fixed,2754,8,344.25,10.627205848693848,13.54810619354248,7.4025033427460585e-06,-5.56,-0.39964606,0.1524999886751175,0.007772817742079496,0.14000000059604645,0.1666666716337204,0.274988517165184,0.2849682420492172,0.0006035167025402188,1.0281487107276917,0.025188639236148447,0.008013730868697166,0.0003,1017,183,145.50683512005014,13.567326068878174,5.359619855880737,18.92694592475891,1258,0.576268699252978,0,0,TRUE,pair,362,4.203300700115506,6.81917211277033,80,0,7.607734806629834,4.203300700115506,0.7093266011215746,8.271957398974337,cpu,cuda:0,0,148.1503906,45
2152,1,DDT500_num150.txt,fixed,2785,8,348.125,13.280036926269531,12.362180709838867,1.080012498277938e-05,-5.386666667,-0.38913093,0.16333332657814026,0.011547006666660309,0.15333333611488342,0.18000000715255737,0.10454171895980835,0.1142481155693531,0.0005861979443579912,0.9999493360519409,0.08280076461960562,0.026006611064076424,0.0003,1004,196,173.97751892998033,12.381760597229004,3.6260547637939453,16.00781536102295,1298,0.6046081989770755,0,0,TRUE,pair,370,3.6963940003188327,6.9041292636569995,72,0,7.527027027027027,3.6963940003188327,0.6345944991335273,7.697157698392402,cpu,cuda:0,0,148.1503906,45
2153,1,DDT500_num150.txt,fixed,2730,8,341.25,17.54102325439453,11.548118591308594,1.0941308573819697e-05,-5.413333333,-0.412528649,0.1616666615009308,0.015545632690191269,0.14000000059604645,0.18666666746139526,-0.156342916,-0.146396145,0.001481132348999381,1.0687331557273865,0.023053205733958748,0.0078125,0.0003,1006,194,164.4277855725931,11.565857648849487,5.03717565536499,16.603033304214478,1274,0.49663399875862524,0,0,TRUE,pair,373,3.26318990055006,7.1956043949494,60,0,7.319034852546917,3.26318990055006,0.5876528982189484,7.385559500544332,cpu,cuda:0,0,148.14990234375,46
2154,1,DDT500_num150.txt,fixed,2738,8,342.25,13.553135871887207,13.258830070495605,7.44079898140626e-06,-5.6,-0.434200221,0.14999999105930328,0.014529663138091564,0.11999999731779099,0.1666666716337204,-0.336797535,-0.32718577,0.0018644176501159866,1.0543960730234783,0.01267151026695501,0.016186098102480173,0.0003,1020,180,118.80147760264543,13.277430534362793,9.769420862197876,23.04685139656067,1278,0.5838838000781834,0,0,TRUE,pair,366,3.952454400830902,7.196859020747957,64,0,7.48087431693989,3.952454400830902,0.71299930033274,8.22560479992535,cpu,cuda:0,0,148.14990234375,47
2155,1,DDT500_num150.txt,fixed,2814,8,351.75,14.855554580688477,13.858902931213379,9.066177881322801e-06,-5.413333333,-0.38519796,0.1616666615009308,0.015545632690191269,0.14000000059604645,0.18666666746139526,-0.097024923,-0.087269981,0.0007795771962264553,1.0144733488559723,0.010686121677281335,0.00973557704128325,0.0003,1006,194,112.73686201609144,13.878357648849487,11.082422256469727,24.960779905319214,1296,0.6148356014746241,0,0,TRUE,pair,382,4.338910300110001,6.836176260702137,72,0,7.366492146596858,4.338910300110001,0.7281653994577937,8.41512459993828,cpu,cuda:0,0,148.1503906,48
2156,1,DDT500_num150.txt,fixed,2746,8,343.25,16.581239700317383,14.316793441772461,1.0619667591527104e-05,-5.493333333,-0.394606964,0.15666666626930237,0.01632993295788765,0.11999999731779099,0.1733333319425583,0.05102858766913414,0.0611925158649683,0.0009773255907930434,1.0652599453926086,0.021098140251706355,0.028083083033561707,0.0003,1012,188,96.07683665232655,14.336613655090332,14.244677066802979,28.58129072189331,1307,0.6377593984361738,0,0,TRUE,pair,360,4.4905586001696065,7.300801164636799,65,0,7.627777777777778,4.4905586001696065,0.7550346010248177,8.690395201265346,cpu,cuda:0,0,148.14990234375,47
2157,1,DDT500_num150.txt,fixed,2844,8,355.5,7.745966911315918,12.003988265991211,6.538061825267505e-06,-5.28,-0.389067058,0.17000000178813934,0.01914854347705841,0.14666666090488434,0.20000000298023224,-0.038260918,-0.027839456,0.0006898136634845287,1.0766369104385376,0.020958740431524348,0.008610150311142206,0.0003,996,204,179.5368918298331,12.02262544631958,3.8181300163269043,15.840755462646484,1293,0.5910988010000437,0,0,TRUE,pair,367,3.312510699906852,6.883966242713767,75,0,7.7493188010899186,3.312510699906852,0.6068531998316757,7.759128598961979,cpu,cuda:0,0,148.1523438,47
2158,1,DDT500_num150.txt,fixed,2814,8,351.75,12.803808212280273,14.09804916381836,7.798875230946578e-06,-5.4,-0.396313717,0.16249999403953552,0.010507935658097267,0.14000000059604645,0.18000000715255737,0.09575004279613494,0.1054062470793724,0.00084519914817065,1.007880413532257,0.0191699830989819,0.017421875149011612,0.0003,1005,195,105.60529411388912,14.12202787399292,12.52436351776123,26.64639139175415,1285,0.5968756001675501,0,0,TRUE,pair,378,4.538842100475449,6.630419330810433,72,0,7.444444444444445,4.538842100475449,0.7424827007343993,8.436664097825997,cpu,cuda:0,0,148.1503906,49
2159,1,DDT500_num150.txt,fixed,2822,8,352.75,12.959070205688477,13.882686614990234,6.650126124441158e-06,-5.253333333,-0.372091978,0.17166665196418762,0.019364917650818825,0.12666666507720947,0.19333332777023315,0.06736232191324235,0.07704530581831932,0.0010963464912492782,1.0231157541275024,0.013568440137896686,0.021974743250757454,0.0003,994,206,67.48174391719655,13.90820026397705,27.91051745414734,41.81871771812439,1295,0.5964380998630077,0,0,TRUE,pair,378,4.398710200213827,6.6109142445402735,50,0,7.465608465608466,4.398710200213827,0.7835236000246368,8.309617802209686,cpu,cuda:0,0,148.1523438,50
2160,1,DDT500_num150.txt,fixed,2836,8,354.5,19.94367027282715,12.3046875,1.1939987416553777e-05,-5.293333333,-0.393872783,0.1691666543483734,0.019702650606632233,0.14000000059604645,0.20000000298023224,-0.102296269,-0.092444196,0.0011648569585910689,1.0434494316577911,0.01423526127715983,0.03075109647276501,0.0003,997,203,117.2844475904228,12.326042413711548,11.85448670387268,24.18052911758423,1314,0.5571792011032812,0,0,TRUE,pair,399,3.4661581997643225,6.4862482359446325,65,0,7.1077694235588975,3.4661581997643225,0.6206798981293105,7.88904030242702,cpu,cuda:0,0,148.1523438,49
2161,1,DDT500_num150.txt,fixed,2753,8,344.125,12.732217788696289,12.1868257522583,7.914634807093535e-06,-5.533333333,-0.423416989,0.15416665375232697,0.009682458825409412,0.14000000059604645,0.1733333319425583,0.031031902879476547,0.0404837392270565,0.0016840080497786403,1.0293837189674377,0.05911757599096745,0.03309596981853247,0.0003,1015,185,114.2794361949239,12.204787015914917,11.885286331176758,24.090073347091675,1264,0.5526224983623251,0,0,TRUE,pair,364,3.3558320002048276,6.695604793989914,76,0,7.563186813186813,3.3558320002048276,0.6100247011636384,7.895812701783143,cpu,cuda:0,0,148.1503906,49
2162,1,DDT500_num150.txt,fixed,2861,8,357.625,12.236599922180176,15.441380500793457,7.577060841867933e-06,-5.173333333,-0.346757285,0.17666667699813843,0.01490712072700262,0.14666666090488434,0.19333332777023315,-0.053777007,-0.045137942,0.0014990237541496754,0.9388580719629923,0.020227707849699073,0.010491838057835897,0.0003,988,212,129.78748355592913,15.460226058959961,6.5835020542144775,22.04372811317444,1314,0.666818299330771,0,0,TRUE,pair,372,4.836213600181509,6.448794125843948,60,0,7.690860215053763,4.836213600181509,0.8581898979027756,9.321258200041484,cpu,cuda:0,0,148.1523438,49
2163,1,DDT500_num150.txt,fixed,2859,8,357.375,15.214611053466797,12.532832145690918,8.19688466435764e-06,-5.186666667,-0.346569391,0.1758333146572113,0.01525250356644392,0.15333333611488342,0.19333332777023315,0.03953266888856888,0.04895235598087311,0.0007032225257717073,0.9771300554275513,0.03615030273795128,0.00390625,0.0003,989,211,175.59117418357457,12.552395343780518,3.7297441959381104,16.282139539718628,1300,0.690842397918459,0,0,TRUE,pair,374,3.475491699471604,6.473592163925198,70,0,7.644385026737968,3.475491699471604,0.6331419003545307,8.092137600993738,cpu,cuda:0,0,148.1523438,49
2164,1,DDT500_num150.txt,fixed,2828,8,353.5,9.96242904663086,14.125490188598633,6.951036539248889e-06,-5.346666667,-0.379405633,0.16583333909511566,0.02196904458105564,0.12666666507720947,0.20000000298023224,-0.029746554,-0.020487374,0.0016637077981916566,1.0091037551561992,0.011700745005934246,0.023188096781571705,0.0003,1001,199,91.4644039399082,14.144368410110474,16.774763822555542,30.919132232666016,1310,0.5934394001378678,0,0,TRUE,pair,366,4.331468199903611,6.542079207414954,56,0,7.726775956284153,4.331468199903611,0.738762999069877,8.679113298770972,cpu,cuda:0,0,148.1523438,50
2165,1,DDT500_num150.txt,fixed,2801,8,350.125,10.658769607543945,14.417458534240723,8.106231689453125e-06,-5.333333333,-0.337504209,0.1666666567325592,0.015275251120328903,0.14000000059604645,0.19333332777023315,-0.024612395,-0.015365123,0.0009491466684266925,0.972184544801712,0.012658296326117124,0.01703432179056108,0.0003,1000,200,72.92602667060365,14.436967611312866,23.971816301345825,38.40878391265869,1287,0.6613718000007793,0,0,TRUE,pair,369,4.41782849986339,6.531952873888462,56,0,7.590785907859079,4.41782849986339,0.7689701006747782,8.83735330082709,cpu,cuda:0,0,148.1503906,50
2166,1,DDT500_num150.txt,fixed,2820,8,352.5,15.54026985168457,13.216196060180664,1.5465999240404926e-05,-5.306666667,-0.337220919,0.16833332180976868,0.0178730096668005,0.14000000059604645,0.18666666746139526,-0.062755469,-0.053806905,0.000814216400613077,0.9355672001838684,0.019845572183839977,0.010582748800516129,0.0003,998,202,133.1074420092488,13.236933708190918,7.948959112167358,21.185892820358276,1296,0.576595599995926,0,0,TRUE,pair,373,3.8888719005626626,6.473758865163681,105,0,7.560321715817694,3.8888719005626626,0.6706678993068635,8.30445899796905,cpu,cuda:0,0,148.1523438,0
2167,1,DDT500_num150.txt,fixed,2771,8,346.375,5.2900261878967285,13.745683670043945,5.179777417652076e-06,-5.266666667,-0.337116841,0.17083333432674408,0.017931196838617325,0.14666666090488434,0.19333332777023315,0.05772752687335014,0.06681075692176819,0.0015136744477786124,0.9840070307254791,0.020277431827707915,0.008743243757635355,0.0003,995,205,120.10651816072189,13.763413190841675,9.307774305343628,23.071187496185303,1261,0.5534214997314848,0,0,TRUE,pair,353,4.273549999343231,6.530133523737984,55,0,7.84985835694051,4.273549999343231,0.7384500016341917,8.356544202717487,cpu,cuda:0,0,148.1503906,51
2168,1,DDT500_num150.txt,fixed,2830,8,353.75,17.732385635375977,13.913557052612305,9.12243194761686e-06,-5.133333333,-0.292180735,0.17916667461395264,0.010240171104669571,0.1599999964237213,0.19333332777023315,-0.005382398,0.003721790181265937,0.0014938297358134554,0.9851102497842577,0.03549285507890292,0.043743445796685085,0.0003,985,215,51.16948705563815,13.935305118560791,41.371092557907104,55.306397676467896,1309,0.5780390008585528,0,0,TRUE,pair,379,4.417861000110861,6.366077736915211,52,0,7.467018469656992,4.417861000110861,0.7276320011587813,8.402167599706445,cpu,cuda:0,0,148.1523438,49
2169,1,DDT500_num150.txt,fixed,2842,8,355.25,6.179603576660156,12.47694206237793,6.012687663314864e-06,-5.253333333,-0.312739812,0.17166665196418762,0.02179449237883091,0.13333334028720856,0.20666666328907013,0.0463129621413019,0.05640915781259537,0.0010019085182446158,1.0597153570916917,0.013582577725982346,0.03614573273807764,0.0003,994,206,87.3224334506837,12.504000902175903,20.042045831680298,32.5460467338562,1319,0.5808881982811727,0,0,TRUE,pair,364,3.4763128996710293,6.388810696273015,64,0,7.8076923076923075,3.4763128996710293,0.6306436001323164,8.033181599224918,cpu,cuda:0,0,148.1523438,43
2170,1,DDT500_num150.txt,fixed,2819,8,352.375,15.539767265319824,13.0501708984375,1.4109063158684876e-05,-5.2,-0.303379225,0.17499999701976776,0.014813657850027084,0.14666666090488434,0.19333332777023315,-0.035721919,-0.026261148,0.0009030512592289597,0.9912293950716654,0.007622015898353614,0.020450069879492123,0.0003,990,210,98.23495740361889,13.069373369216919,15.627132177352905,28.696505546569824,1298,0.550459400343243,0,0,TRUE,pair,381,4.054893100110348,6.682511529502991,56,0,7.398950131233596,4.054893100110348,0.6661932987626642,7.98457690118812,cpu,cuda:0,0,148.1523438,40
2171,1,DDT500_num150.txt,fixed,2845,8,355.625,18.620805740356445,13.144646644592285,1.0512069820833858e-05,-5.253333333,-0.311540104,0.17166666686534882,0.012360332533717155,0.15333333611488342,0.18666666746139526,0.0367472093552351,0.045576827973127364,0.0009360115742310882,0.9297625184059143,0.007928537730913376,0.022591415047645568,0.0003,994,206,137.12545313484424,13.16393518447876,7.583489418029785,20.747424602508545,1280,0.5524500997271389,0,0,TRUE,pair,391,4.0623211996862665,6.232688926602918,65,0,7.276214833759591,4.0623211996862665,0.681997797160875,8.046995799406432,cpu,cuda:0,0,148.1523438,0
2172,1,DDT500_num150.txt,fixed,2863,8,357.875,16.684104919433594,13.831563949584961,8.293402970593888e-06,-5.186666667,-0.304038855,0.1758333444595337,0.009965217672288418,0.1599999964237213,0.18666666746139526,0.031219412262241047,0.040612866481145225,0.000795217192110916,0.9791060785452524,0.017026180709459975,0.02036443290611108,0.0003,989,211,103.94607407582326,13.85400128364563,13.68912649154663,27.54312777519226,1303,0.5526343993842602,0,0,TRUE,pair,382,4.146440500160679,6.39538945262348,90,0,7.494764397905759,4.146440500160679,0.7149986994336359,8.587140499730594,cpu,cuda:0,0,148.1523438,40
2173,1,DDT500_num150.txt,fixed,2870,8,358.75,14.813423156738281,14.168929100036621,4.980266749043949e-05,-5.28,-0.328396088,0.16999998688697815,0.011547005735337734,0.15333333611488342,0.18666666746139526,-0.004624267,0.004815078207424709,0.0008088637093481209,0.9843775033950806,0.022281962388141046,0.017574460844376256,0.0003,996,204,89.7281183377949,14.193746328353882,17.791767835617065,31.985514163970947,1316,0.6996403000084683,0,0,TRUE,pair,387,4.301647600368597,6.217421601790584,65,0,7.416020671834626,4.301647600368597,0.7185218994272873,8.77498190238839,cpu,cuda:0,0,148.1523438,38
2174,1,DDT500_num150.txt,fixed,2873,8,359.125,10.117280960083008,14.317912101745605,7.718283995927777e-06,-5.186666667,-0.324542197,0.1758333444595337,0.01525250542908907,0.1599999964237213,0.20000000298023224,0.08891672417521476,0.09876296818256378,0.0005328216240741313,1.0112655520439149,0.11007431953039486,0.02730591460131109,0.0003,989,211,111.67796433564833,14.335744857788086,11.390010595321655,25.72575545310974,1291,0.6007922990247607,0,0,TRUE,pair,373,4.54891520034289,6.293769577011762,72,0,7.702412868632708,4.54891520034289,0.7399890013621189,8.640217101026792,cpu,cuda:0,0,148.1523438,0
2175,1,DDT500_num150.txt,fixed,2777,8,347.125,11.580560684204102,12.572511672973633,7.666556484764442e-06,-5.16,-0.330407209,0.17750000953674316,0.013718399219214916,0.15333333611488342,0.20000000298023224,-0.051723834,-0.042197311,0.0006612831930397078,0.9857165962457657,0.016896964552870486,0.012571896659210324,0.0003,987,213,117.73651168085533,12.590914249420166,10.995651721954346,23.58656597137451,1296,0.5400576999527402,0,0,TRUE,pair,360,3.5585741003160365,6.530068420187621,56,0,7.713888888888889,3.5585741003160365,0.6479178988956846,8.026386199635454,cpu,cuda:0,0,148.1503906,40
2176,1,DDT500_num150.txt,fixed,2870,8,358.75,13.562355995178223,13.378016471862793,9.05362958292244e-06,-5.2,-0.326060165,0.17499998211860657,0.013642254285514355,0.14666666090488434,0.19333332777023315,0.026132884621620178,0.03529804050922394,0.0007033127010799944,0.951681649684906,0.02025004328461364,0.02450145510956645,0.0003,990,210,108.60642805674277,13.396791219711304,13.028900623321533,26.425691843032837,1313,0.5584001005627215,0,0,TRUE,pair,384,3.999573399371002,6.011846690310834,55,0,7.473958333333333,3.999573399371002,0.6712124010082334,8.34321069798898,cpu,cuda:0,0,148.1523438,42
2177,1,DDT500_num150.txt,fixed,2804,8,350.5,8.902246475219727,12.672282218933105,6.768736511730822e-06,-5.2,-0.327148721,0.17499998211860657,0.01878237910568714,0.14000000059604645,0.20000000298023224,0.0358050346840173,0.045112375975198425,0.0006589074885899512,0.963679775595665,0.008042370460316306,0.022744202132647235,0.0003,990,210,73.41361613795274,12.690828323364258,25.503721237182617,38.194549560546875,1292,0.5465407993178815,0,0,TRUE,pair,365,3.6229059001780115,6.297788873633713,64,0,7.682191780821918,3.6229059001780115,0.6534561992739327,8.061101900995709,cpu,cuda:0,0,148.1503906,43
2178,1,DDT500_num150.txt,fixed,2796,8,349.5,10.488088607788086,12.930055618286133,6.5813892433652654e-06,-5.346666667,-0.352633029,0.16583332419395447,0.011755614541471004,0.14666666090488434,0.18666666746139526,0.017326525279453824,0.026746425245489393,0.0007350966999573367,0.9787448985236031,0.0074447380091961736,0.01610139504607235,0.0003,1001,199,86.84214563911772,12.947826862335205,19.24852180480957,32.196348667144775,1273,0.6217326000332832,0,0,TRUE,pair,367,4.031042900169268,6.357653792238713,65,0,7.618528610354224,4.031042900169268,0.6734384008450434,7.875797299784608,cpu,cuda:0,0,148.1503906,46
2179,1,DDT500_num150.txt,fixed,2894,8,361.75,10.790620803833008,14.095474243164062,6.134357590781292e-06,-5.04,-0.306971846,0.1849999874830246,0.014043581672012806,0.1666666716337204,0.20666666328907013,-0.015731432,-0.006923668,0.0007740798367497822,0.9194807767868042,0.012897232789934302,0.03899103080232938,0.0003,978,222,62.19281198708469,14.11338472366333,32.41932392120361,46.53270864486694,1315,0.5999969008844346,0,0,TRUE,pair,375,4.403266899171285,5.863856253577827,54,0,7.717333333333333,4.403266899171285,0.713172301184386,8.607531999819912,cpu,cuda:0,0,148.15283203125,47
2180,1,DDT500_num150.txt,fixed,2849,8,356.125,9.61037826538086,14.032468795776367,7.348553936026292e-06,-5.013333333,-0.319700036,0.18666666746139526,0.011547003872692585,0.1733333319425583,0.20666666328907013,0.08015536144375801,0.08863106866677602,0.0007023838649426276,0.8826904147863388,0.0069464487945272895,0.01912018470466137,0.0003,976,224,91.75663993058865,14.053494691848755,16.996029376983643,31.049524068832397,1302,0.6117716002627276,0,0,TRUE,pair,371,4.164123900642153,5.97507897415844,70,0,7.679245283018868,4.164123900642153,0.7472550008096732,8.737092798692174,cpu,cuda:0,0,148.1523438,48
2181,1,DDT500_num150.txt,fixed,2927,8,365.875,8.222492218017578,13.764761924743652,6.624433353863424e-06,-5.12,-0.305734388,0.18000000715255737,0.018257418647408485,0.15333333611488342,0.20000000298023224,-0.001835585,0.0072349416732322425,0.0006342529468383873,0.9387652911245823,0.010018397930025458,0.02295090223196894,0.0003,984,216,50.58018246184648,13.784099578857422,44.0844144821167,57.86851406097412,1336,0.6361692995997146,0,0,TRUE,pair,375,3.9961592997424304,5.7232661418308775,60,0,7.8053333333333335,3.9961592997424304,0.6964885997003876,8.70089899894083,cpu,cuda:0,0,148.15283203125,49
2182,1,DDT500_num150.txt,fixed,2859,8,357.375,13.674222946166992,12.897977828979492,1.633819738344755e-05,-5.186666667,-0.32042547,0.1758333295583725,0.00939118955284357,0.1599999964237213,0.19333332777023315,0.02168627316132188,0.031187495682388544,0.0007614511268911883,0.9881948754191399,0.009527331239269188,0.007922930060885847,0.0003,989,211,95.53416854116502,12.918992757797241,17.00747275352478,29.92646551132202,1303,0.5539064014446922,0,0,TRUE,pair,381,3.8977460003225133,5.87268275604168,57,0,7.503937007874016,3.8977460003225133,0.6433686021482572,8.01314550061943,cpu,cuda:0,0,148.1523438,50
2183,1,DDT500_num150.txt,fixed,2857,8,357.125,8.594147682189941,14.10017204284668,7.294205715879798e-06,-5.133333333,-0.314440816,0.17916667461395264,0.01578941009938717,0.15333333611488342,0.19333332777023315,-0.02927715,-0.020164551,0.0007256792575520064,0.9475437828472683,0.012063327020898993,0.012381365090342504,0.0003,985,215,81.82159989179425,14.120026111602783,20.797404050827026,34.91743016242981,1300,0.7304131996352226,0,0,TRUE,pair,370,4.379811799561139,6.031851592996882,60,0,7.721621621621622,4.379811799561139,0.713164797401987,8.64250850112876,cpu,cuda:0,0,148.1523438,50
2184,1,DDT500_num150.txt,fixed,2859,8,357.375,11.10109806060791,13.438076972961426,7.136645308492007e-06,-5.213333333,-0.306411197,0.17416667938232422,0.01469599362462759,0.15333333611488342,0.20000000298023224,-0.037470574,-0.028256985,0.0006390042041088096,0.9533085639660175,0.00911527259939668,0.02538368062904248,0.0003,991,209,63.465558589703335,13.456766605377197,31.591288805007935,45.04805541038513,1307,0.6424306001863442,0,0,TRUE,pair,368,4.209734499687329,5.873032528189105,40,0,7.769021739130435,4.209734499687329,0.6898053983459249,8.182402499427553,cpu,cuda:0,0,148.1523438,51
2185,1,DDT500_num150.txt,fixed,2859,8,357.375,7.532222270965576,13.53235149383545,5.984258677926846e-06,-5.266666667,-0.326407502,0.17083331942558289,0.019702648743987083,0.13333334028720856,0.19333332777023315,-0.016994181,-0.007952177,0.0008339217220920892,0.9458966453870138,0.00285322501232648,0.02097433435154103,0.0003,995,205,38.68124989397467,13.555381298065186,60.35639786720276,73.91177916526794,1299,0.5839622009079903,0,0,TRUE,pair,374,4.134958300506696,5.784889821699342,60,0,7.644385026737968,4.134958300506696,0.6770581009332091,8.35975070198765,cpu,cuda:0,0,148.1523438,45
2186,1,DDT500_num150.txt,fixed,2834,8,354.25,11.840080261230469,12.006120681762695,8.496536793245468e-06,-5.36,-0.358220796,0.16499997675418854,0.011426093056797981,0.14666666090488434,0.18666666746139526,-0.031826514,-0.022631096,0.0006447574941419242,0.9517795443534851,0.004981754775231127,0.021095383502099486,0.0003,1002,198,39.70319556970784,12.024939775466919,59.35470509529114,71.37964487075806,1305,0.5228790000546724,0,0,TRUE,pair,377,3.3582367007038556,6.036697250735028,64,0,7.517241379310345,3.3582367007038556,0.6149211993906647,7.7113438014057465,cpu,cuda:0,0,148.1523438,41
2187,1,DDT500_num150.txt,fixed,2907,8,363.375,12.873785972595215,13.982882499694824,7.501665550080361e-06,-5.106666667,-0.331075297,0.18083332479000092,0.009682458825409412,0.1666666716337204,0.20000000298023224,-0.028810281,-0.019595155,0.0008615221571138439,0.9645886247356733,0.005966737365573256,0.028771362160720553,0.0003,983,217,42.742782905034666,14.001853942871094,54.00962781906128,68.01148176193237,1321,0.6952366999466904,0,0,TRUE,pair,379,4.377203000127338,5.7609219130347755,56,0,7.670184696569921,4.377203000127338,0.7137884997646324,8.52067879930837,cpu,cuda:0,0,148.15283203125,40
2188,1,DDT500_num150.txt,fixed,2872,8,359,10.404326438903809,14.740263938903809,8.14819668448763e-06,-5.32,-0.354040696,0.16750000417232513,0.01808544620871544,0.14000000059604645,0.20000000298023224,-0.027984524,-0.018875549,0.0008975524300088485,0.9557752297038123,0.007214063617842233,0.026569156818801447,0.0003,999,201,41.07238845342831,14.760189056396484,55.165133237838745,69.92532229423523,1317,0.6633812010404654,0,0,TRUE,pair,377,4.636962499644142,5.844707520725335,60,0,7.618037135278515,4.636962499644142,0.7388585999142379,8.972937300102785,cpu,cuda:0,0,148.1523438,39
2189,1,DDT500_num150.txt,fixed,2872,8,359,16.370704650878906,14.527898788452148,8.668736882100347e-06,-5.253333333,-0.349500332,0.17166665196418762,0.010408329777419567,0.1599999964237213,0.19333332777023315,-0.046834882,-0.037543845,0.0006729985234414926,0.9627538248896599,0.010108815693456563,0.02167032056604512,0.0003,994,206,52.23889515503897,14.545991897583008,40.43219995498657,54.97819185256958,1318,0.6120115997036919,0,0,TRUE,pair,386,4.676775700354483,5.829038997297499,65,0,7.4404145077720205,4.676775700354483,0.7713132001226768,8.688913301099092,cpu,cuda:0,0,148.1523438,41
2190,1,DDT500_num150.txt,fixed,2867,8,358.375,13.09520435333252,12.816076278686523,8.231485480791889e-06,-5.2,-0.357462947,0.17499999701976776,0.012360330671072006,0.1599999964237213,0.19333332777023315,0.056816906481981275,0.06560579035431147,0.0007480709813535213,0.916291868686676,0.007060976180946454,0.014279159810394048,0.0003,990,210,71.0376836988428,12.834705829620361,27.524155139923096,40.35886096954346,1326,0.584842799755279,0,0,TRUE,pair,376,3.727451600250788,5.67666550226481,72,0,7.625,3.727451600250788,0.6192949016694911,8.135613800375722,cpu,cuda:0,0,148.1523438,44
2191,1,DDT500_num150.txt,fixed,2891,8,361.375,13.591702461242676,13.305107116699219,9.301380487158895e-06,-5.213333333,-0.363228176,0.17416666448116302,0.011273123323917389,0.15333333611488342,0.19333332777023315,-0.034466915,-0.025243091,0.0007746227700928492,0.9611136686234247,0.0029443570847866966,0.02022728939274592,0.0003,991,209,39.53639340630592,13.328324556350708,59.794177293777466,73.12250185012817,1330,0.5894061998696998,0,0,TRUE,pair,388,3.912167599715758,5.803182288710529,60,0,7.451030927835052,3.912167599715758,0.6616014002356678,8.379296700761188,cpu,cuda:0,0,148.15283203125,48
2192,1,DDT500_num150.txt,fixed,2970,8,371.25,9.562295913696289,14.749604225158691,6.572746769961668e-06,-5.4,-0.359221231,0.16249999403953552,0.005713046528398991,0.15333333611488342,0.1733333319425583,0.0011550101917237043,0.010246844962239265,0.0007825174034223892,0.9483093172311783,0.008888759385627054,0.027280502690700814,0.0003,1005,195,52.33448229381052,14.767535924911499,41.982810497283936,56.750346422195435,1381,0.6253431995864958,0,0,TRUE,pair,385,4.757394399493933,5.667676766954287,70,0,7.714285714285714,4.757394399493933,0.7598671984160319,8.847500899748411,cpu,cuda:0,0,148.15478515625,49
2193,1,DDT500_num150.txt,fixed,2919,8,364.875,10.856306076049805,14.319592475891113,7.47889862395823e-06,-5.16,-0.357783444,0.17750000953674316,0.008779710158705711,0.1666666716337204,0.18666666746139526,-0.01322212,-0.003881171,0.000608210790059751,0.9645055873053414,0.004818867064473341,0.021017717995813916,0.0003,987,213,40.01293316818376,14.346897602081299,58.604515075683594,72.95141267776489,1343,0.6079291999340057,0,0,TRUE,pair,385,4.575323599972762,5.778006165188525,72,0,7.581818181818182,4.575323599972762,0.7313738989178091,8.638885900378227,cpu,cuda:0,0,148.15283203125,0
2194,1,DDT500_num150.txt,fixed,2908,8,363.5,13.629013061523438,13.399833679199219,7.278603334270883e-06,-5.213333333,-0.350561245,0.17416664958000183,0.015789415687322617,0.1599999964237213,0.20000000298023224,0.03529110907887419,0.04458108159403006,0.0006577688424537579,0.9618858456611633,0.005848956941311674,0.018909970422585805,0.0003,991,209,58.48469341131142,13.421245098114014,36.30116653442383,49.72241163253784,1359,0.5959805003367364,0,0,TRUE,pair,391,3.897411399462726,5.756877578928186,56,0,7.437340153452685,3.897411399462726,0.6766698990250006,8.467319400806446,cpu,cuda:0,0,148.15283203125,51
2195,1,DDT500_num150.txt,fixed,2886,8,360.75,6.590713024139404,12.99142074584961,4.839368557441048e-06,-5.333333333,-0.368517594,0.1666666567325592,0.013743686489760876,0.14666666090488434,0.18666666746139526,0.09326291803947905,0.10267382352189584,0.0006278945267523413,0.972485439343886,0.009293212853146377,0.032299127683720806,0.0003,1000,200,48.37204110273149,13.010645389556885,46.65191864967346,59.66256403923035,1319,0.5440402014064603,0,0,TRUE,pair,371,3.951079199789092,5.732501730684266,64,0,7.7789757412398925,3.951079199789092,0.6561324003268965,8.042851297534071,cpu,cuda:0,0,148.15283203125,0
2196,1,DDT500_num150.txt,fixed,2876,8,359.5,6.689544200897217,14.100292205810547,6.901795586600201e-06,-5.24,-0.35737781,0.17249998450279236,0.009090593084692955,0.1599999964237213,0.18666666746139526,0.016267032246105373,0.02596573477300505,0.0006520400856970809,1.0024721225102742,0.006628044161213135,0.035115008358843625,0.0003,993,207,40.98095981591767,14.120029926300049,56.05890226364136,70.1789321899414,1325,0.58921010105405,0,0,TRUE,pair,369,4.179671100398991,5.824061195442507,52,0,7.794037940379404,4.179671100398991,0.7389300983049907,8.800881201575976,cpu,cuda:0,0,148.1523438,37
2197,1,DDT500_num150.txt,fixed,2855,8,356.875,9.81628131866455,12.56952953338623,7.417845154122915e-06,-5.32,-0.371353686,0.16750000417232513,0.00618016766384244,0.1599999964237213,0.18000000715255737,-0.003934167,0.006255282461643219,0.0006353004238917493,1.0507103264331819,0.025196824387239757,0.016228594770655035,0.0003,999,201,76.93289715098686,12.589805841445923,24.520456552505493,37.110262393951416,1317,0.6533683998277411,0,0,TRUE,pair,376,3.6448355998727493,5.911033274455162,55,0,7.593085106382978,3.6448355998727493,0.6164488030481152,7.9792570999707095,cpu,cuda:0,0,148.1523438,39
2198,1,DDT500_num150.txt,fixed,2934,8,366.75,12.959070205688477,12.705880165100098,9.24006599234417e-06,-5.133333333,-0.332268884,0.17916665971279144,0.007021790836006403,0.1733333319425583,0.19333332777023315,-0.116610644,-0.107360937,0.0006688182281019787,0.9584117333094279,0.011841644571783641,0.0341465063393116,0.0003,985,215,135.5020487463871,12.729946374893188,8.922862768173218,21.652809143066406,1306,0.5562321000616066,0,0,TRUE,pair,384,3.5090918010100722,5.592365372237821,65,0,7.640625,3.5090918010100722,0.6307700987672433,8.225700000592042,cpu,cuda:0,0,148.15283203125,40
2199,1,DDT500_num150.txt,fixed,2822,8,352.75,16.26922035217285,14.28083610534668,2.1484147509909235e-05,-5.413333333,-0.357828861,0.1616666615009308,0.016914816573262215,0.14000000059604645,0.19333332777023315,-0.000961194,0.00854362001021703,0.0007968706117632489,0.9903249780337016,0.008182039692216373,0.030706959528227648,0.0003,1006,194,60.40755948047806,14.335448503494263,32.38055896759033,46.716007471084595,1299,0.612726099207066,0,0,TRUE,pair,380,4.696481199585833,5.734939760979315,50,0,7.426315789473684,4.696481199585833,0.7294066005852073,8.474823900090996,cpu,cuda:0,0,148.1523438,41
2200,1,DDT500_num150.txt,fixed,2839,8,354.875,12.712567329406738,14.272075653076172,8.320774213643745e-06,-5.266666667,-0.351451352,0.17083331942558289,0.010507931932806969,0.15333333611488342,0.18666666746139526,-0.011315488,-0.001707319,0.0006520743930498915,0.9934206282099088,0.005579947875655004,0.02722314276616089,0.0003,995,205,41.61832151226203,14.291200637817383,53.92394828796387,68.21514892578125,1319,0.6927624983363785,0,0,TRUE,pair,375,4.551856400619727,5.883409651705563,48,0,7.570666666666667,4.551856400619727,0.7320509002893232,8.610588499868754,cpu,cuda:0,0,148.1523438,0
2201,1,DDT500_num150.txt,fixed,2816,8,352,10.58300495147705,13.790468215942383,6.910026968398597e-06,-5.266666667,-0.347725314,0.17083331942558289,0.014505746774375439,0.14000000059604645,0.18666666746139526,-0.037975041,-0.028190741,0.000591700489167124,1.0080151160558064,0.005538322075153701,0.008167338014269868,0.0003,995,205,108.54113677687883,13.8102388381958,12.133841753005981,25.944080591201782,1304,0.6806018991046585,0,0,TRUE,pair,371,4.269601100240834,5.79687499940734,60,0,7.590296495956873,4.269601100240834,0.7108517006854527,8.439335100760218,cpu,cuda:0,0,148.1503906,46
2202,1,DDT500_num150.txt,fixed,2736,8,342,9.987492561340332,13.524312973022461,7.008046395640122e-06,-5.106666667,-0.330833468,0.18083330988883972,0.009682458825409412,0.1599999964237213,0.19333332777023315,0.010648217273964769,0.019853592323627146,0.0007224954622090861,0.9566623653684344,0.008013064012283437,0.028666485854912372,0.0003,983,217,40.52529112866446,13.543418407440186,53.96997690200806,67.51339530944824,1259,0.6504190997220576,0,0,TRUE,pair,356,4.303505100077018,6.02814327276241,60,0,7.685393258426966,4.303505100077018,0.7400697990087792,8.119570998183917,cpu,cuda:0,0,148.14990234375,48
2203,1,DDT500_num150.txt,fixed,2865,8,358.125,10.552695274353027,14.152408599853516,6.991805094003212e-06,-5.106666667,-0.309701308,0.18083330988883972,0.01175561174750328,0.15333333611488342,0.19333332777023315,0.05141283821706709,0.06083862017840147,0.0008581060576130097,0.9854835993365237,0.003923443787483082,0.012424998585820982,0.0003,983,217,49.290345022666266,14.173612356185913,43.95136117935181,58.12497353553772,1313,0.6303662013378926,0,0,TRUE,pair,377,4.222193399036769,5.704712041718381,54,0,7.599469496021221,4.222193399036769,0.7403734995168634,8.811279401183128,cpu,cuda:0,0,148.1523438,49
2204,1,DDT500_num150.txt,fixed,2772,8,346.5,12.54990005493164,13.142507553100586,8.56981296237791e-06,-5.346666667,-0.330480453,0.16583332419395447,0.011273127980530262,0.14666666090488434,0.18000000715255737,-0.020452753,-0.011159325,0.0006551270064217254,0.962099144091973,0.010695786929248313,0.027745346287981823,0.0003,1001,199,55.35628371468632,13.161254644393921,36.914361238479614,50.075615882873535,1317,0.593917099176906,0,0,TRUE,pair,369,4.187515000696294,5.828282827508742,42,0,7.512195121951219,4.187515000696294,0.6819835987989791,7.926581801555585,cpu,cuda:0,0,148.1503906,51
2205,1,DDT500_num150.txt,fixed,2825,8,353.125,8.80961799621582,14.216903686523438,7.136645308492007e-06,-5.32,-0.33576292,0.16749998927116394,0.012219068594276905,0.14666666090488434,0.18666666746139526,-0.012295384,-0.003073746,0.0007412172878199877,0.9592245817184448,0.008071473594100098,0.034822361126619704,0.0003,999,201,42.115073291259094,14.235471487045288,52.842649936676025,67.07812142372131,1307,0.7292163008823991,0,0,TRUE,pair,370,4.524415799533017,5.721769912263988,42,0,7.635135135135135,4.524415799533017,0.7271726002218202,8.584943099238444,cpu,cuda:0,0,148.1523438,46
2206,1,DDT500_num150.txt,fixed,2874,8,359.25,10.755812644958496,13.593351364135742,7.1921840572031215e-06,-5.106666667,-0.290842263,0.1808333396911621,0.02390665002167225,0.14666666090488434,0.2133333384990692,-0.026700673,-0.018075841,0.0010900109636542551,0.9169838814174428,0.004921125481333173,0.01891473082222921,0.0003,983,217,53.77552489726303,13.610932350158691,39.833455324172974,53.444387674331665,1305,0.5759467000607401,0,0,TRUE,pair,370,4.250339399033692,5.628044535737114,64,0,7.767567567567568,4.250339399033692,0.6900807005586103,8.296672001073603,cpu,cuda:0,0,148.1523438,42
2207,1,DDT500_num150.txt,fixed,2840,8,355,12.6293306350708,13.460946083068848,6.106495220592478e-06,-5.226666667,-0.318328729,0.1733333319425583,0.02211083471775055,0.14666666090488434,0.2133333384990692,-0.020413578,-0.011267309,0.0007953096273164798,0.9543925678202262,0.004855833475933953,0.02174213664450993,0.0003,992,208,42.95451042678506,13.47966718673706,52.63576602935791,66.11645603179932,1341,0.6301855997880921,0,0,TRUE,pair,369,3.825033100496512,5.792957747654176,56,0,7.696476964769648,3.825033100496512,0.7009168004151434,8.566590100701433,cpu,cuda:0,0,148.1523438,41
2208,1,DDT500_num150.txt,fixed,2858,8,357.25,16.153560638427734,12.67112922668457,9.331886758445762e-06,-5.026666667,-0.31163268,0.18583333492279053,0.020395398139953613,0.1599999964237213,0.2199999988079071,-0.031584864,-0.022300508,0.0006983884515994717,0.963354882739839,0.006837337366527035,0.02935514459386468,0.0003,977,223,39.0596098535892,12.692258358001709,60.47795534133911,73.17021369934082,1317,0.5895538996555842,0,0,TRUE,pair,388,3.66784199886024,5.907627712353866,65,0,7.365979381443299,3.66784199886024,0.6192044992931187,8.049578100268263,cpu,cuda:0,0,148.1523438,40
2209,1,DDT500_num150.txt,fixed,2889,8,361.125,16.081336975097656,14.632558822631836,8.971637726062909e-06,-5.066666667,-0.314238133,0.18333333730697632,0.01632993295788765,0.1599999964237213,0.20666666328907013,0.000796988761673371,0.009817812902232012,0.0006591751055869585,0.9350412040948868,0.005164830996212307,0.018620053965908785,0.0003,980,220,77.29400426067505,14.651134014129639,22.725633144378662,37.3767671585083,1304,0.6172737004817463,0,0,TRUE,pair,390,4.481311499956064,5.782969885608572,50,0,7.407692307692308,4.481311499956064,0.7861241995706223,8.953076600213535,cpu,cuda:0,0,148.15283203125,40
2210,1,DDT500_num150.txt,fixed,2863,8,357.875,9.967917442321777,13.680935859680176,7.59953354645404e-06,-5.36,-0.344382617,0.16499999165534973,0.008660255931317806,0.14666666090488434,0.1733333319425583,0.026299712176506337,0.035421198377242454,0.0006563959961148122,0.94496822815675,0.007829751412814927,0.028752238453867342,0.0003,1002,198,68.47172521875409,13.700114965438843,28.112764596939087,41.81287956237793,1341,0.6047086002654396,0,0,TRUE,pair,372,4.013558199047111,6.003842121981009,60,0,7.696236559139785,4.013558199047111,0.6760656982078217,8.626882098498754,cpu,cuda:0,0,148.1523438,43
2211,1,DDT500_num150.txt,fixed,2933,8,366.625,12.509371757507324,12.234514236450195,7.340814590861555e-06,-4.92,-0.321093523,0.19249999523162842,0.01681186817586422,0.1666666716337204,0.2266666740179062,-0.06543955,-0.056247532,0.0006764694408047944,0.9530251423517863,0.012374993088693978,0.004126942095657189,0.0003,969,231,143.35394751090962,12.25297737121582,8.206870794296265,20.459848165512085,1346,0.533726800349541,0,0,TRUE,pair,389,3.4255192995187826,5.812137741543431,57,0,7.539845758354756,3.4255192995187826,0.6012587996083312,7.882996799482498,cpu,cuda:0,0,148.15283203125,44
2212,1,DDT500_num150.txt,fixed,2950,8,368.75,11.431863784790039,13.7674560546875,7.849730536690913e-06,-5.106666667,-0.336095959,0.1808333396911621,0.020395396277308464,0.15333333611488342,0.20666666328907013,-0.009358262,-0.000313395,0.0007074064183556898,0.9398571632125161,0.011302465665556321,0.02868652174418623,0.0003,983,217,60.13525877929223,13.785682916641235,35.2703959941864,49.05607891082764,1339,0.5999238009098917,0,0,TRUE,pair,381,4.069074200291652,5.709491523888151,50,0,7.742782152230971,4.069074200291652,0.6606759997084737,8.679770200047642,cpu,cuda:0,0,148.15478515625,47
2213,1,DDT500_num150.txt,fixed,2899,8,362.375,9.961645126342773,14.741410255432129,6.893554655107437e-06,-5.066666667,-0.335794876,0.18333332240581512,0.014142136089503765,0.1666666716337204,0.20000000298023224,0.01621273117295156,0.02571085050779705,0.0006857273074274417,0.9840983326236407,0.004008253146866518,0.019046102863891672,0.0003,980,220,40.846041018372716,14.768148183822632,56.20568251609802,70.97383069992065,1328,0.6584713992779143,0,0,TRUE,pair,378,4.802737999823876,5.828216626422904,55,0,7.669312169312169,4.802737999823876,0.770699399348814,8.775606400915422,cpu,cuda:0,0,148.15283203125,50
2214,1,DDT500_num150.txt,fixed,2902,8,362.75,9.883698463439941,15.384875297546387,1.4923555681889411e-05,-5.146666667,-0.325315624,0.1783333271741867,0.010929063893854618,0.1599999964237213,0.19333332777023315,0.00044925142789170857,0.00963377788520163,0.0006428467486763285,0.9505951489721026,0.0076382754609983835,0.03000192197838,0.0003,986,214,41.26795988424017,15.418978452682495,54.90191960334778,70.32089805603027,1310,0.6912528984248638,0,0,TRUE,pair,377,4.8345066003385,5.676430047667495,50,0,7.69761273209549,4.8345066003385,0.8047029976150952,9.324520901835058,cpu,cuda:0,0,148.15283203125,52
2215,1,DDT500_num150.txt,fixed,2933,8,366.625,9.48600959777832,14.406808853149414,6.901795586600201e-06,-5.146666667,-0.332034637,0.1783333122730255,0.016914818435907364,0.15333333611488342,0.20666666328907013,-0.032732511,-0.023455266,0.0006132794878794812,0.9583886464436849,0.007535240643543754,0.03620542777935043,0.0003,986,214,42.96803838035333,14.426527738571167,53.83351182937622,68.26003956794739,1320,0.6390639001037925,0,0,TRUE,pair,384,4.34062149975216,5.701670644960426,65,0,7.638020833333333,4.34062149975216,0.7196644998621196,8.958325799787417,cpu,cuda:0,0,148.15283203125,46
2216,1,DDT500_num150.txt,fixed,2891,8,361.375,7.663835525512695,13.938373565673828,6.546750228153542e-06,-5.16,-0.319047106,0.17750000953674316,0.019702650606632233,0.14666666090488434,0.2199999988079071,-0.011745546,-0.002630462,0.0007981718717928743,0.9514168774088224,0.007080478126340495,0.02449959993828088,0.0003,987,213,42.22074854349658,13.958898782730103,54.514543771743774,68.47344255447388,1326,0.5845999998273328,0,0,TRUE,pair,372,4.300394699967001,5.622276028725813,55,0,7.771505376344086,4.300394699967001,0.7274148011347279,8.547176897583995,cpu,cuda:0,0,148.15283203125,0
2217,1,DDT500_num150.txt,fixed,2892,8,361.5,15.386682510375977,14.209822654724121,7.607010047649965e-06,-5.333333333,-0.345021028,0.1666666567325592,0.015275251120328903,0.13333334028720856,0.18666666746139526,-0.01915248,-0.010146531,0.000626840393912668,0.9319369157155355,0.007034360565755075,0.03607496879994869,0.0003,1000,200,71.28430248117465,14.22915267944336,26.340789079666138,40.5699417591095,1341,0.5991123000858352,0,0,TRUE,pair,382,4.389353600272443,5.843706779789958,48,0,7.570680628272251,4.389353600272443,0.7514828010462224,8.576585900620557,cpu,cuda:0,0,148.15283203125,40
2218,1,DDT500_num150.txt,fixed,2869,8,358.625,7.175261497497559,12.701799392700195,9.047348612511996e-06,-5.333333333,-0.340315287,0.1666666567325592,0.011547006666660309,0.15333333611488342,0.18666666746139526,-0.00689397,0.00251711971525635,0.0006455048964458651,0.9733841674668449,0.007619899947842766,0.01884044779996787,0.0003,1000,200,65.35076984571457,12.720495223999023,31.181053400039673,43.901548624038696,1298,0.5338310014922172,0,0,TRUE,pair,371,3.8684368007234298,5.662948761637845,48,0,7.7331536388140165,3.8684368007234298,0.6210653007728979,7.875632902607322,cpu,cuda:0,0,148.1523438,40
2219,1,DDT500_num150.txt,fixed,2961,8,370.125,10.288798332214355,12.896567344665527,6.999930519668851e-06,-5.16,-0.324226467,0.17749997973442078,0.012444321066141129,0.1599999964237213,0.20000000298023224,-0.005283126,0.003710387481583489,0.0006556735024787486,0.9321346349186368,0.006183713161716595,0.022425752133131027,0.0003,987,213,97.27391713992208,12.915185451507568,17.52462911605835,30.439814567565918,1351,0.6517325004097074,0,0,TRUE,pair,392,3.7282892001676373,5.483620398675055,54,0,7.553571428571429,3.7282892001676373,0.6130190009134822,8.218200700473972,cpu,cuda:0,0,148.15478515625,40
2220,1,DDT500_num150.txt,fixed,2921,8,365.125,12.118555068969727,14.617005348205566,6.92645971867023e-06,-5.24,-0.323525717,0.17249999940395355,0.014695991761982441,0.15333333611488342,0.19333332777023315,-0.004959016,0.004193542214731376,0.0006135166752048665,0.9459315339724222,0.0075237386918161064,0.03066494170990255,0.0003,993,207,41.683089782192525,14.640831708908081,55.43554735183716,70.07637906074524,1320,0.6282965995487757,0,0,TRUE,pair,386,4.728220399294514,5.538514207055086,60,0,7.567357512953368,4.728220399294514,0.7704971981584094,8.73194220016012,cpu,cuda:0,0,148.15283203125,42
2221,1,DDT500_num150.txt,fixed,3010,8,376.25,12.705805778503418,14.070090293884277,9.24621599551756e-06,-5.173333333,-0.317611329,0.17666667699813843,0.022360680624842644,0.14666666090488434,0.2199999988079071,0.004606207402852865,0.013340394800672164,0.000493400939516365,0.8980889320373535,0.007799235971805711,0.0226254638356085,0.0003,988,212,65.84245073995899,14.088980674743652,31.62620711326599,45.715187788009644,1358,0.6046062017558143,0,0,TRUE,pair,394,4.452235600270797,5.4395348834833035,55,0,7.6395939086294415,4.452235600270797,0.7131261007743888,8.534283999586478,cpu,cuda:0,0,148.1552734,0
2222,1,DDT500_num150.txt,fixed,2930,8,366.25,12.059746742248535,12.770062446594238,6.959209258639021e-06,-5.133333333,-0.314789343,0.17916664481163025,0.023673122748732567,0.14666666090488434,0.2199999988079071,-0.012238045,-0.003147283,0.0006486564367757334,0.9415091027816137,0.004340508506478121,0.021898560497599345,0.0003,985,215,44.469361259931304,12.788362264633179,53.09868907928467,65.88806128501892,1306,0.5406363998772576,0,0,TRUE,pair,386,3.702990199730266,5.697269623352806,65,0,7.590673575129534,3.702990199730266,0.6269837021245621,8.111653198546264,cpu,cuda:0,0,148.15283203125,46
2223,1,DDT500_num150.txt,fixed,2934,8,366.75,10.662433624267578,14.257478713989258,1.153315224655671e-05,-5.093333333,-0.32152877,0.18166667222976685,0.012360328808426857,0.1599999964237213,0.19333332777023315,-0.024743561,-0.015520822,0.0004970011026931129,0.9471239149570465,0.00792212849153527,0.02608408353158406,0.0003,982,218,64.68230490640107,14.280362367630005,31.07980227470398,45.360164642333984,1316,0.6103361007408239,0,0,TRUE,pair,389,4.221987799915951,5.885821404063791,70,0,7.5424164524421595,4.221987799915951,0.6837835019105114,8.981909299851395,cpu,cuda:0,0,148.15283203125,49
2224,1,DDT500_num150.txt,fixed,2959,8,369.875,9.492595672607422,14.685851097106934,1.1728643585229293e-05,-5.173333333,-0.329902712,0.17666666209697723,0.02054804563522339,0.14000000059604645,0.20000000298023224,0.03417579755187035,0.04323575869202614,0.0005770842893980443,0.9348497807979583,0.0063905563903972505,0.023808771115727722,0.0003,988,212,85.14558491448793,14.708933115005493,20.043309211730957,34.75224232673645,1337,0.6308796005323529,0,0,TRUE,pair,386,4.393029100319836,5.649881716473919,48,0,7.66580310880829,4.393029100319836,0.7506038008723408,9.149162499641534,cpu,cuda:0,0,148.15478515625,50
2225,1,DDT500_num150.txt,fixed,2869,8,358.625,7.515608787536621,14.266071319580078,6.262743681872962e-06,-5.213333333,-0.349473568,0.17416666448116302,0.01351439394056797,0.15333333611488342,0.19333332777023315,-0.018589333,-0.009308493,0.0005765086563769728,0.9569092233975728,0.01072414447976371,0.052908191146949925,0.0003,991,209,59.63536430279656,14.288456439971924,33.82058143615723,48.10903787612915,1301,0.6681876992224716,0,0,TRUE,pair,373,4.258071600459516,5.881143254991108,64,0,7.6916890080428955,4.258071600459516,0.7420066006015986,8.878916701418348,cpu,cuda:0,0,148.1523438,52
2226,1,DDT500_num150.txt,fixed,2974,8,371.75,10.07161808013916,14.823308944702148,7.1206973188964184e-06,-5.28,-0.335284044,0.17000000178813934,0.007453559432178736,0.15333333611488342,0.18000000715255737,-0.02288498,-0.013406275,0.0005000446708436357,0.9728729762136936,0.012926200860761128,0.018146484027965926,0.0003,996,204,61.406694661095194,14.841412544250488,33.58978891372681,48.431201457977295,1335,0.7195248014177196,0,0,TRUE,pair,392,4.769181300245691,5.5897780745800665,48,0,7.586734693877551,4.769181300245691,0.7312154993996955,8.939300799567718,cpu,cuda:0,0,148.15478515625,49
2227,1,DDT500_num150.txt,fixed,2939,8,367.375,12.746935844421387,13.1650972366333,7.747687050141394e-06,-5.173333333,-0.336679956,0.17666666209697723,0.017950549721717834,0.15333333611488342,0.2133333384990692,0.025901923949519793,0.03505399314065774,0.0005981713475193828,0.9451154748598735,0.007813880683564397,0.02511426986505588,0.0003,988,212,64.92531318622854,13.184818267822266,32.08257985115051,45.26739811897278,1339,0.5927799999481067,0,0,TRUE,pair,398,3.7948506001848727,5.4855392997302985,45,0,7.384422110552764,3.7948506001848727,0.6274291995796375,8.3976060001296,cpu,cuda:0,0,148.15283203125,44
2228,1,DDT500_num150.txt,fixed,2928,8,366,11.401754379272461,14.561949729919434,7.835234100639354e-06,-5.28,-0.344543184,0.16999998688697815,0.0110554164275527,0.1599999964237213,0.19333332777023315,-0.050262439,-0.040849989,0.000618107484721501,0.9721504126985868,0.006868249768558599,0.030190724413841963,0.0003,996,204,45.44001863404085,14.586228847503662,49.850364446640015,64.43659329414368,1293,0.678112898778636,0,0,TRUE,pair,389,4.719031600339804,5.672814207080283,60,0,7.526992287917738,4.719031600339804,0.7083266996196471,8.756075300101656,cpu,cuda:0,0,148.15283203125,40
2229,1,DDT500_num150.txt,fixed,2933,8,366.625,11.021994590759277,13.251070976257324,1.3097840565023944e-05,-5.28,-0.367162775,0.17000000178813934,0.015275251120328903,0.14000000059604645,0.19333332777023315,-0.002745457,0.005678290594369173,0.0008700298067803185,0.8858764469623566,0.007649086829042062,0.02229866770406564,0.0003,996,204,64.11120971889316,13.279238939285278,32.469390869140625,45.7486298084259,1338,0.5781528003280982,0,0,TRUE,pair,391,3.9120596992434002,5.733378791987916,55,0,7.501278772378517,3.9120596992434002,0.6383408001274802,8.353035900101531,cpu,cuda:0,0,148.15283203125,40
2230,1,DDT500_num150.txt,fixed,2946,8,368.25,9.024272918701172,13.391538619995117,9.778068488230929e-06,-5.36,-0.372085442,0.16499999165534973,0.009860136546194553,0.14666666090488434,0.18000000715255737,-0.054875361,-0.045677838,0.0005980512590516204,0.9496549566586813,0.007633429546331172,0.033215229448008664,0.0003,1002,198,40.790132384672546,13.417890071868896,58.80545973777771,72.2233498096466,1350,0.585901799146086,0,0,TRUE,pair,385,3.9370801010518335,5.754243041169295,52,0,7.651948051948052,3.9370801010518335,0.6549813989549875,8.44584299979033,cpu,cuda:0,0,148.15478515625,0
2231,1,DDT500_num150.txt,fixed,2932,8,366.5,12.29837417602539,12.913516998291016,6.852201295259874e-06,-5.146666667,-0.353036219,0.1783333122730255,0.021015869453549385,0.15333333611488342,0.2266666740179062,-0.030169074,-0.021017686,0.0007833622915383715,0.9543069967856774,0.004578659671376674,0.018466984530767568,0.0003,986,214,64.9783022379792,12.932506799697876,32.190248012542725,45.1227548122406,1344,0.6689840993494727,0,0,TRUE,pair,386,3.6681791007285938,5.844815824480694,56,0,7.595854922279793,3.6681791007285938,0.6245452031726018,8.283368897915352,cpu,cuda:0,0,148.15283203125,43
2232,1,DDT500_num150.txt,fixed,2934,8,366.75,8.656644821166992,13.077086448669434,6.572746769961668e-06,-5.266666667,-0.363863365,0.17083333432674408,0.010507936589419842,0.15333333611488342,0.18000000715255737,-0.025972657,-0.016699611,0.0006732123838446569,0.9609649752577146,0.005943658815037149,0.034458701071950294,0.0003,995,205,43.68936838213844,13.095839262008667,54.06008696556091,67.15592622756958,1341,0.5604831012897193,0,0,TRUE,pair,382,3.9076609000912867,5.719154736584518,55,0,7.680628272251309,3.9076609000912867,0.6436879987013526,8.185152101621497,cpu,cuda:0,0,148.15283203125,44
2233,1,DDT500_num150.txt,fixed,2946,8,368.25,11.562331199645996,13.787564277648926,1.1839589205919765e-05,-5.346666667,-0.372164725,0.16583332419395447,0.008457411080598831,0.1599999964237213,0.18666666746139526,-0.132131112,-0.122787731,0.0007129957375582308,0.9699878096580505,0.009034794013132341,0.008404561784118414,0.0003,1001,199,125.3657772789651,13.817466974258423,9.681769132614136,23.49923610687256,1339,0.6179131999379024,0,0,TRUE,pair,383,3.963272400724236,5.649015611478931,50,0,7.691906005221932,3.963272400724236,0.6571340005612001,8.80050479946658,cpu,cuda:0,0,148.15478515625,46
2234,1,DDT500_num150.txt,fixed,2965,8,370.625,9.48600959777832,14.608968734741211,7.2472971623938065e-06,-5.146666667,-0.351216643,0.1783333271741867,0.013228758238255978,0.1599999964237213,0.20000000298023224,-0.042866235,-0.033420642,0.0006742271507391706,0.9782702624797821,0.00901610118478402,0.03194243257166818,0.0003,986,214,53.219871659948026,14.647055625915527,41.06521701812744,55.71227264404297,1326,0.6503687998629175,0,0,TRUE,pair,389,4.403698400361463,5.755143337667893,55,0,7.622107969151671,4.403698400361463,0.6974217996466905,9.116594302409794,cpu,cuda:0,0,148.15478515625,49
2235,1,DDT500_num150.txt,fixed,2882,8,360.25,12.193748474121094,14.551298141479492,8.092194548225962e-06,-5.213333333,-0.342104191,0.17416666448116302,0.014312967658042908,0.15333333611488342,0.19333332777023315,-0.039968491,-0.030953726,0.0006799846262395106,0.9354758549619604,0.014239255317146739,0.029905355328487024,0.0003,991,209,41.063737152439835,14.57221794128418,55.6113600730896,70.18357801437378,1318,0.6394916988210753,0,0,TRUE,pair,380,4.447812300524674,5.8376127691586595,56,0,7.58421052631579,4.447812300524674,0.7501902020885609,8.960635299386922,cpu,cuda:0,0,148.15283203125,51
2236,1,DDT500_num150.txt,fixed,2831,8,353.875,11.229843139648438,14.09866714477539,1.3885707630834077e-05,-5.24,-0.340104638,0.17249999940395355,0.01898464374244213,0.14666666090488434,0.20000000298023224,-0.024444457,-0.01529568,0.0009098417329369112,0.9603699088096619,0.007248911752139975,0.025271685887128116,0.0003,993,207,45.653436712713614,14.14365530014038,47.86701035499573,62.01066565513611,1303,0.7411189003614709,0,0,TRUE,pair,375,4.29748289991403,5.944542564549071,54,0,7.549333333333333,4.29748289991403,0.6944372993893921,8.722152302216273,cpu,cuda:0,0,148.1523438,47
2237,1,DDT500_num150.txt,fixed,2889,8,361.125,12.333263397216797,13.543290138244629,8.113241165119689e-06,-5.333333333,-0.343051752,0.1666666567325592,0.0066666677594184875,0.1599999964237213,0.1733333319425583,-0.016226965,-0.007117123,0.0008794053064775653,0.9549545496702194,0.008145011201728872,0.03198416472878307,0.0003,1000,200,42.3144445278037,13.561079263687134,54.713478803634644,68.27455806732178,1313,0.7176264993613586,0,0,TRUE,pair,379,3.90298579930095,5.691242643358303,48,0,7.62269129287599,3.90298579930095,0.6587217997293919,8.629861900466494,cpu,cuda:0,0,148.15283203125,43
2238,1,DDT500_num150.txt,fixed,2890,8,361.25,16.656455993652344,15.778037071228027,1.551004061184358e-05,-5.253333333,-0.33198562,0.17166666686534882,0.012801913544535637,0.14666666090488434,0.18000000715255737,0.014021817594766617,0.023532573850109026,0.0006637611077167094,0.9842638740172753,0.005299696279577732,0.021323631374308698,0.0003,994,206,61.528169599247136,15.814301490783691,31.15605401992798,46.97035551071167,1322,0.7817050988669507,0,0,TRUE,pair,388,5.056578500196338,5.8294117656958555,64,0,7.448453608247423,5.056578500196338,0.7915604986483231,9.502539001230616,cpu,cuda:0,0,148.15283203125,42
2239,1,DDT500_num150.txt,fixed,2962,8,370.25,10.97440242767334,14.576441764831543,8.368458111362997e-06,-5.333333333,-0.33469034,0.1666666865348816,0.0163299310952425,0.14000000059604645,0.19333332777023315,-0.020983607,-0.011757436,0.0006359851589271178,0.9544167121251425,0.0057620623709529655,0.03483111186263462,0.0003,1000,200,42.73384730142125,14.596060752868652,54.71667814254761,69.31273889541626,1347,0.6219443016452715,0,0,TRUE,pair,390,4.454148900404107,5.787305873926228,48,0,7.5948717948717945,4.454148900404107,0.7119664992787875,9.027095498982817,cpu,cuda:0,0,148.15478515625,41
2240,1,DDT500_num150.txt,fixed,2899,8,362.375,7.904706001281738,14.584173202514648,1.8733693650574423e-05,-5.186666667,-0.32359629,0.1758333295583725,0.009391186758875847,0.1666666716337204,0.19333332777023315,-0.022644276,-0.013465707,0.0006684187234592779,0.9512777825196584,0.009860646396835667,0.045592663421606026,0.0003,989,211,40.413784351810754,14.6060791015625,57.12687158584595,71.73295068740845,1305,0.6139017997775227,0,0,TRUE,pair,373,4.631666899309494,5.748878922697674,54,0,7.772117962466488,4.631666899309494,0.7574390974477865,8.801570500363596,cpu,cuda:0,0,148.15283203125,39
2241,1,DDT500_num150.txt,fixed,2950,8,368.75,16.18448257446289,14.299680709838867,1.5075144801812712e-05,-5.213333333,-0.330733061,0.17416664958000183,0.022220486775040627,0.14666666090488434,0.2199999988079071,-0.023651484,-0.014582307,0.00084749172674492,0.9492923617362976,0.007986993103637966,0.03235465663601644,0.0003,991,209,42.658428350658426,14.324515342712402,54.82946228981018,69.15397763252258,1344,0.6273245993070304,0,0,TRUE,pair,382,4.256761500320863,5.74338982751814,48,0,7.722513089005235,4.256761500320863,0.7259173009661026,8.927821900288109,cpu,cuda:0,0,148.15478515625,43
2242,1,DDT500_num150.txt,fixed,2930,8,366.25,7.693341255187988,13.415027618408203,6.959209258639021e-06,-5.093333333,-0.30145178,0.18166664242744446,0.011426090262830257,0.1599999964237213,0.19333332777023315,-0.032146944,-0.023322332,0.0007280726464766,0.9188651515675398,0.005172412137196621,0.02543041354510933,0.0003,982,218,42.01751496975022,13.438098192214966,56.29472637176514,69.7328245639801,1321,0.5645811007125303,0,0,TRUE,pair,378,4.094780199229717,5.716040956770601,90,0,7.751322751322752,4.094780199229717,0.6628567001898773,8.299542698950972,cpu,cuda:0,0,148.15283203125,47
2243,1,DDT500_num150.txt,fixed,3005,8,375.625,10.523039817810059,14.909085273742676,6.967372428334784e-06,-5.24,-0.323922762,0.17249999940395355,0.013919409364461899,0.15333333611488342,0.19333332777023315,0.10459942296147347,0.11377482612927754,0.0009481812206407388,0.9649494091669718,0.011050182027143555,0.02634837981313467,0.0003,993,207,59.95295495144039,14.936654329299927,35.18597936630249,50.12263369560242,1358,0.6359444006811827,0,0,TRUE,pair,389,4.589701300195884,5.551414310118918,56,0,7.724935732647815,4.589701300195884,0.7474801988573745,9.176253201032523,cpu,cuda:0,0,148.15478515625,48
2244,1,DDT500_num150.txt,fixed,2919,8,364.875,10.092540740966797,13.25667667388916,7.348553936026292e-06,-5.36,-0.339902458,0.16499999165534973,0.010408329777419567,0.15333333611488342,0.18666666746139526,-0.012757097,-0.003692244,0.000978474373308321,0.9554092248280843,0.013675558289105539,0.03607191679378351,0.0003,1002,198,58.65353949767699,13.284688949584961,36.482128620147705,49.766817569732666,1325,0.5536367008462548,0,0,TRUE,pair,376,3.9320578001788817,5.9119561478960145,55,0,7.763297872340425,3.9320578001788817,0.6511574998148717,8.32637779880315,cpu,cuda:0,0,148.15283203125,50
2245,1,DDT500_num150.txt,fixed,2933,8,366.625,16.17047882080078,13.949756622314453,1.0699656741053332e-05,-5.386666667,-0.347612094,0.16333332657814026,0.008164968341588974,0.14666666090488434,0.1733333319425583,-0.041371795,-0.03248787,0.0008740966707894889,0.9320974772175153,0.0060797583503339565,0.030319075003111113,0.0003,1004,196,41.295132326917745,13.974435091018677,57.05088520050049,71.02532029151917,1350,0.600437201326713,0,0,TRUE,pair,391,4.2083168007666245,5.677463348758046,64,0,7.501278772378517,4.2083168007666245,0.669256501016207,8.706070900370833,cpu,cuda:0,0,148.15283203125,51
2246,1,DDT500_num150.txt,fixed,2934,8,366.75,10.046765327453613,13.575332641601562,1.0260312592436094e-05,-5.12,-0.324915342,0.17999999225139618,0.011547003872692585,0.1599999964237213,0.19333332777023315,-0.006913065,0.0021255624014884233,0.0012183591582773563,0.9647807255387306,0.009271700593671994,0.036118289669199534,0.0003,984,216,42.25576651716613,13.598560810089111,55.83574938774109,69.4343101978302,1322,0.5706230003270321,0,0,TRUE,pair,379,4.179318099922966,5.8820722556553005,55,0,7.741424802110818,4.179318099922966,0.6588717019185424,8.38178010151023,cpu,cuda:0,0,148.15283203125,44
2247,1,DDT500_num150.txt,fixed,2963,8,370.375,12.883492469787598,13.673616409301758,1.787026303645689e-05,-5.186666667,-0.308028469,0.1758333295583725,0.014117560349404812,0.15333333611488342,0.20666666328907013,-0.046043356,-0.037143007,0.0008207062783185393,0.9310700084481921,0.009818487944617768,0.03266975446604192,0.0003,989,211,66.64291080249056,13.692516088485718,30.768326997756958,44.460843086242676,1362,0.583225600013975,0,0,TRUE,pair,391,4.108952999522444,5.791765103901796,50,0,7.578005115089514,4.108952999522444,0.6892022002721205,8.511910398723558,cpu,cuda:0,0,148.15478515625,42
2248,1,DDT500_num150.txt,fixed,2920,8,365,4.527692794799805,13.860725402832031,5.091227649245411e-06,-5.293333333,-0.296736898,0.1691666692495346,0.007406828459352255,0.15333333611488342,0.18000000715255737,-0.018639055,-0.009363907,0.0007070673879449411,0.9628684396545092,0.005895080274664603,0.03676732452974344,0.0003,997,203,41.41819585611132,13.882983922958374,56.61743116378784,70.50041508674622,1302,0.7040628007380292,0,0,TRUE,pair,372,4.175553900655359,5.81404109572711,70,0,7.849462365591398,4.175553900655359,0.7016228007851169,8.614762699580751,cpu,cuda:0,0,148.15283203125,41
2249,1,DDT500_num150.txt,fixed,2953,8,369.125,8.950384140014648,15.40058708190918,6.709693479933776e-06,-5.186666667,-0.282167633,0.1758333444595337,0.016645820811390877,0.14000000059604645,0.19333332777023315,0.0043266890080351575,0.01347062775963231,0.0006573900264859395,0.9472635011923941,0.00816283471919489,0.03067161456534737,0.0003,989,211,45.34075122094755,15.419778108596802,49.7092707157135,65.1290488243103,1338,0.6977057023905218,0,0,TRUE,pair,383,4.6611124006449245,5.805282763291568,75,0,7.710182767624021,4.6611124006449245,0.7961304019554518,9.525266899319831,cpu,cuda:0,0,148.15478515625,41
2250,1,DDT500_num150.txt,fixed,2924,8,365.5,10.641898155212402,13.268285751342773,8.361663276446052e-06,-5.2,-0.284819202,0.17499998211860657,0.012801910750567913,0.14666666090488434,0.19333332777023315,-0.006081467,0.0031532213712731996,0.0007458631953340955,0.9607620239257812,0.003575884927461933,0.023847824467035632,0.0003,990,210,43.482035953354696,13.2885262966156,53.957634925842285,67.24616122245789,1287,0.5459644992370158,0,0,TRUE,pair,380,3.9547021003090777,5.996922023889956,70,0,7.6947368421052635,3.9547021003090777,0.6640588997397572,8.301415198366158,cpu,cuda:0,0,148.15283203125,39
2251,1,DDT500_num150.txt,fixed,2930,8,366.25,10.328964233398438,14.943892478942871,8.113241165119689e-06,-4.973333333,-0.256509518,0.18916666507720947,0.012883017770946026,0.18000000715255737,0.2199999988079071,-0.009737632,-0.000441871,0.0005692011982318945,0.9580364028612772,0.004943137295185807,0.030082241942485172,0.0003,973,227,38.717193474240105,14.96503472328186,60.71193814277649,75.67697286605835,1280,0.6322612981894054,0,0,TRUE,pair,378,4.626765999477357,5.921160407033796,70,0,7.751322751322752,4.626765999477357,0.7540200022049248,9.164067000965588,cpu,cuda:0,0,148.15283203125,45
2252,1,DDT500_num150.txt,fixed,2927,8,365.875,8.115379333496094,14.296967506408691,6.5813892433652654e-06,-5.04,-0.271027514,0.1850000023841858,0.015545632690191269,0.1599999964237213,0.2133333384990692,0.0018868255040918787,0.01116037011767427,0.0006077475081838202,0.9577418714761734,0.00660798267381324,0.0325225866981782,0.0003,978,222,42.80996131531925,14.317792892456055,54.054144620895386,68.37193751335144,1316,0.6062119987909682,0,0,TRUE,pair,377,4.540663699968718,6.096686027625904,52,0,7.76392572944297,4.540663699968718,0.7542324992245995,8.624703300185502,cpu,cuda:0,0,148.15283203125,48
2253,1,DDT500_num150.txt,fixed,2892,8,361.5,13.973188400268555,13.548715591430664,7.740346518403385e-06,-5.133333333,-0.281493647,0.17916667461395264,0.009682458825409412,0.1599999964237213,0.19333332777023315,-0.016714791,-0.007421161,0.0004974042860102718,0.954233195470727,0.004694950598723549,0.017806021091730698,0.0003,985,215,42.33248539890416,13.570183515548706,54.746145486831665,68.31632900238037,1298,0.5851786993443966,0,0,TRUE,pair,384,4.10292480076896,6.026970956005661,52,0,7.53125,4.10292480076896,0.6523812990053557,8.438547498953994,cpu,cuda:0,0,148.15283203125,50
2254,1,DDT500_num150.txt,fixed,2925,8,365.625,14.568265914916992,13.789012908935547,3.309297972009517e-05,-5.106666667,-0.287145255,0.1808333396911621,0.007772813551127911,0.1666666716337204,0.19333332777023315,-0.021268799,-0.0118763,0.0004554805600491818,0.962023913860321,0.014408528766921336,0.02181831537745893,0.0003,983,217,86.15127536421484,13.818415880203247,20.133490085601807,33.951905965805054,1319,0.5990495005971752,0,0,TRUE,pair,387,4.069283700489905,6.086495726088174,70,0,7.558139534883721,4.069283700489905,0.6974554002517834,8.650438299984671,cpu,cuda:0,0,148.15283203125,51
2255,1,DDT500_num150.txt,fixed,2881,8,360.125,10.092540740966797,14.903962135314941,6.893554655107437e-06,-5.213333333,-0.304155733,0.17416664958000183,0.01808544620871544,0.14000000059604645,0.20666666328907013,-0.001477654,0.008188118721591309,0.0004894876565231243,0.9910515397787094,0.004981640038996223,0.03606807073811069,0.0003,991,209,41.42351720340295,14.925763130187988,54.62410116195679,69.54986429214478,1301,0.6519857004168443,0,0,TRUE,pair,380,4.68975910032168,6.236029155136023,55,0,7.581578947368421,4.68975910032168,0.827968401776161,8.970822504314128,cpu,cuda:0,0,148.15283203125,50
2256,1,DDT500_num150.txt,fixed,2899,8,362.375,13.490158081054688,14.311962127685547,9.649327694205567e-06,-5.173333333,-0.298788587,0.17666667699813843,0.013743686489760876,0.14666666090488434,0.19333332777023315,-0.043664506,-0.034030239,0.0004932017584976095,0.988087012217595,0.006851626128012028,0.026259576686872885,0.0003,988,212,62.29559524191758,14.330840110778809,32.205355405807495,46.536195516586304,1310,0.5969336990383454,0,0,TRUE,pair,377,4.4987209003884345,6.128665055271345,60,0,7.689655172413793,4.4987209003884345,0.7256166996667162,8.71213139872998,cpu,cuda:0,0,148.15283203125,0
2257,1,DDT500_num150.txt,fixed,2911,8,363.875,14.538204193115234,14.178078651428223,9.19690228329273e-06,-5.293333333,-0.305919012,0.1691666543483734,0.014505746774375439,0.14666666090488434,0.19333332777023315,-0.024878922,-0.015582108,0.0005873872200027108,0.9590511441230773,0.009356027276953682,0.02857915684580803,0.0003,997,203,126.23830948952235,14.205753564834595,8.85380744934082,23.059561014175415,1330,0.5988432986778207,0,0,TRUE,pair,386,4.503075799555518,6.006526968725684,52,0,7.541450777202073,4.503075799555518,0.7162837976356968,8.585307697067037,cpu,cuda:0,0,148.15283203125,42
2258,1,DDT500_num150.txt,fixed,2882,8,360.25,10.145812034606934,13.854582786560059,1.4972990356909577e-05,-5.333333333,-0.315185909,0.1666666716337204,0.014529665000736713,0.14000000059604645,0.18666666746139526,0.040626159203904014,0.049983066506683826,0.0005524208827409893,0.9633116807256427,0.007184625734225847,0.009826919729156154,0.0003,1000,200,91.17773906154963,13.874109745025635,17.734482765197754,31.60859251022339,1309,0.5955490001942962,0,0,TRUE,pair,377,4.259488000359852,5.798056904678954,55,0,7.644562334217507,4.259488000359852,0.6775025003007613,8.44490240252344,cpu,cuda:0,0,148.15283203125,41
2259,1,DDT500_num150.txt,fixed,2976,8,372,11.618949890136719,15.402896881103516,2.3810844140825793e-05,-5.186666667,-0.318332178,0.1758333295583725,0.010507932864129543,0.15333333611488342,0.19333332777023315,0.0074621983138578275,0.016840198459768935,0.0004408249577474115,0.9598414046423775,0.007822461202262534,0.0245277291729248,0.0003,989,211,55.76455072841473,15.429458141326904,37.93777894973755,53.36723709106445,1345,0.6755920012947172,0,0,TRUE,pair,390,4.966246800206136,5.958669355079051,50,0,7.630769230769231,4.966246800206136,0.7615282985498197,9.272173502133228,cpu,cuda:0,0,148.15478515625,40
2260,1,DDT500_num150.txt,fixed,2914,8,364.25,11.808365821838379,13.686653137207031,7.200083018688019e-06,-5.28,-0.321293388,0.17000000178813934,0.01598610356450081,0.14000000059604645,0.19333332777023315,-0.015079387,-0.005743374,0.0005201991233560774,0.9596115185154809,0.0064419471680897305,0.020555722941127088,0.0003,996,204,51.84389865651483,13.709819316864014,42.49737334251404,56.20719265937805,1332,0.6190486997365952,0,0,TRUE,pair,387,3.9251887997379526,5.921070692387033,64,0,7.529715762273902,3.9251887997379526,0.6605412021744996,8.73733719822485,cpu,cuda:0,0,148.15283203125,40
2261,1,DDT500_num150.txt,fixed,2886,8,360.75,10.779030799865723,14.872133255004883,6.012687663314864e-06,-5.24,-0.331414028,0.17249999940395355,0.013919413089752197,0.15333333611488342,0.20000000298023224,-0.074284181,-0.06501766,0.0005981311683585359,0.9565584497018293,0.011534182330995629,0.025187934706495566,0.0003,993,207,68.37692260646806,14.90404224395752,27.3031804561615,42.20722270011902,1320,0.6401715021347627,0,0,TRUE,pair,374,4.4674700003815815,6.047470546644426,60,0,7.716577540106952,4.4674700003815815,0.7515463001909666,9.247795201372355,cpu,cuda:0,0,148.15283203125,40
2262,1,DDT500_num150.txt,fixed,2843,8,355.375,14.585416793823242,13.597187042236328,6.424042567232391e-06,-5.346666667,-0.341093756,0.16583332419395447,0.011755615472793579,0.15333333611488342,0.18000000715255737,-0.033362515,-0.023835648,0.0005486644452806407,0.9801198070247968,0.005504389013746429,0.03200928692240268,0.0003,1001,199,39.93967155374957,13.615371465682983,57.56698656082153,71.18235802650452,1285,0.6868490990600549,0,0,TRUE,pair,375,4.1418068000348285,5.99964825921691,50,0,7.581333333333333,4.1418068000348285,0.7123869991046377,8.370984999637585,cpu,cuda:0,0,148.1523438,44
2263,1,DDT500_num150.txt,fixed,2851,8,356.375,12.90288257598877,15.104259490966797,7.152557373046875e-06,-5.4,-0.35302456,0.16249999403953552,0.013718399219214916,0.14000000059604645,0.18000000715255737,-0.036432868,-0.026805763,0.0006418403427232988,0.9948025817672411,0.0022790057816640306,0.01758692068203042,0.0003,1005,195,41.3387243982368,15.122452974319458,53.84435820579529,68.96681118011475,1299,0.8510978002450429,0,0,TRUE,pair,385,4.573548899614252,6.0733076104445445,54,0,7.405194805194805,4.573548899614252,0.7948081986396573,9.327662501775194,cpu,cuda:0,0,148.1523438,48
2264,1,DDT500_num150.txt,fixed,2935,8,366.875,10.227872848510742,15.226546287536621,6.590020802832441e-06,-5.306666667,-0.351534899,0.16833332180976868,0.013228759169578552,0.14666666090488434,0.18666666746139526,-0.010034828,-0.000816995,0.0006189672107881817,0.9527320171657362,0.004325652896927511,0.017758871257109076,0.0003,998,202,49.947250015748644,15.245498895645142,43.51649498939514,58.76199388504028,1349,0.6746281982632354,0,0,TRUE,pair,379,4.762574400519952,5.71856899302091,60,0,7.744063324538258,4.762574400519952,0.7529825012898073,9.312651400803588,cpu,cuda:0,0,148.15283203125,49
2265,1,DDT500_num150.txt,fixed,2838,8,354.75,11.808365821838379,13.733736038208008,7.993246981641278e-06,-5.306666667,-0.344833058,0.16833332180976868,0.013228755444288254,0.15333333611488342,0.19333332777023315,-0.024162574,-0.014724804,0.0006305071644116348,0.97530248016119,0.005230026244438098,0.03364650834312973,0.0003,998,202,42.35106746462229,13.75772738456726,53.253570556640625,67.01129794120789,1315,0.6010434000054374,0,0,TRUE,pair,371,4.090222900791559,5.891120505803399,65,0,7.649595687331536,4.090222900791559,0.6781594974454492,8.59844930039253,cpu,cuda:0,0,148.1523438,52
2266,1,DDT500_num150.txt,fixed,2827,8,353.375,12.618810653686523,15.397416114807129,6.134357590781292e-06,-5.373333333,-0.341428859,0.164166659116745,0.011989579536020756,0.14000000059604645,0.18000000715255737,-0.056654046,-0.046774674,0.0005375806358642876,1.0148161053657532,0.011978264563367702,0.006601112196221948,0.0003,1003,197,113.355667271709,15.417219161987305,9.521983861923218,24.939203023910522,1271,0.6795808004098944,0,0,TRUE,pair,368,4.881501000374556,6.060841880588511,56,0,7.682065217391305,4.881501000374556,0.7898926013149321,9.305851701181382,cpu,cuda:0,0,148.1523438,52
2267,1,DDT500_num150.txt,fixed,2882,8,360.25,12.920429229736328,16.105812072753906,7.569555236841552e-06,-5.226666667,-0.335678602,0.1733333319425583,0.012018506415188313,0.1599999964237213,0.18666666746139526,-0.028627333,-0.019139275,0.0006282778097859895,0.9802198335528374,0.0053992846090598805,0.028429808754784364,0.0003,992,208,40.30640338548091,16.12428116798401,55.378005266189575,71.50228643417358,1327,0.7218542007030919,0,0,TRUE,pair,376,5.341807500575669,5.920888270626955,50,0,7.664893617021277,5.341807500575669,0.8445466993143782,9.48357739992207,cpu,cuda:0,0,148.15283203125,46
2268,1,DDT500_num150.txt,fixed,2877,8,359.625,8.557708740234375,15.278657913208008,9.578375284036156e-06,-5.12,-0.33217929,0.17999999225139618,0.019436506554484367,0.14666666090488434,0.20666666328907013,0.040416641440242526,0.04981255745515227,0.0006395947420969605,0.9715713739395142,0.006943105779828329,0.010354582872241735,0.0003,984,216,72.77797490728778,15.318641185760498,24.212549448013306,39.531190633773804,1310,0.6692084998358041,0,0,TRUE,pair,373,4.760065499925986,6.008689606483919,60,0,7.71313672922252,4.760065499925986,0.7955843997187912,9.311763301491737,cpu,cuda:0,0,148.1523438,42
2269,1,DDT500_num150.txt,fixed,2812,8,351.5,10.677078247070312,13.176830291748047,8.320774213643745e-06,-5.306666667,-0.347990854,0.16833332180976868,0.008660254999995232,0.15333333611488342,0.18000000715255737,-0.014577548,-0.004928313,0.000639836760596014,0.9969155559172997,0.004219765097542012,0.015290453671835937,0.0003,998,202,62.4476760129547,13.195804357528687,31.83389377593994,45.02969813346863,1309,0.5655901992577128,0,0,TRUE,pair,370,3.9206214995938353,5.958036984267988,50,0,7.6,3.9206214995938353,0.6480459002777934,8.264323600800708,cpu,cuda:0,0,148.1503906,41
2270,1,DDT500_num150.txt,fixed,2793,8,349.125,12.211034774780273,12.35479736328125,7.636841473868117e-06,-5.106666667,-0.333603893,0.1808333396911621,0.010240170173346996,0.1666666716337204,0.20000000298023224,-0.005647878,0.003917733151562667,0.0006526650904561393,0.9891944403449694,0.005699415746600304,0.030690530606079847,0.0003,983,217,40.68822561106366,12.373061656951904,56.270875453948975,68.64393711090088,1283,0.5291969005484134,0,0,TRUE,pair,367,3.6604234000551514,6.036877908119369,60,0,7.610354223433243,3.6604234000551514,0.625662500038743,7.741199800046161,cpu,cuda:0,0,148.1503906,39
2271,1,DDT500_num150.txt,fixed,2897,8,362.125,13.270620346069336,12.385651588439941,3.171952994307503e-05,-5.293333333,-0.345703463,0.1691666543483734,0.012444321997463703,0.14666666090488434,0.18666666746139526,0.0026496231633548937,0.012130440251591304,0.0005706981028197333,0.9766166135668755,0.004940349606234425,0.031647812419881426,0.0003,997,203,39.1890545551278,12.404186010360718,61.51951622962952,73.92370223999023,1336,0.5478010002407245,0,0,TRUE,pair,390,3.4562548004905693,5.8971349679481415,80,0,7.4282051282051285,3.4562548004905693,0.598493100667838,7.998859598592389,cpu,cuda:0,0,148.15283203125,40
2272,1,DDT500_num150.txt,fixed,2808,8,351,13.610657691955566,13.883321762084961,8.300254194182344e-06,-5.306666667,-0.340346692,0.16833333671092987,0.017240134999155998,0.14666666090488434,0.20000000298023224,-0.018415213,-0.008659228,0.0006085030105341936,1.0060235914729891,0.0033525847543712317,0.022890254600150955,0.0003,998,202,41.36030075908491,13.90213918685913,53.98904991149902,67.89118909835815,1291,0.7355305989622138,0,0,TRUE,pair,372,4.148607499431819,6.05911680937153,60,0,7.548387096774194,4.148607499431819,0.716985099541489,8.632925098878331,cpu,cuda:0,0,148.1503906,45
2273,1,DDT500_num150.txt,fixed,2865,8,358.125,9.790780067443848,13.531752586364746,1.1810747309937142e-05,-5.346666667,-0.343976646,0.16583332419395447,0.019561154767870903,0.13333334028720856,0.19333332777023315,-0.008365484,0.001019163429737091,0.0008351089200004935,0.9802201827367146,0.009302971164963007,0.033839411785205206,0.0003,1001,199,57.9658642470467,13.562185287475586,35.8634557723999,49.42564105987549,1310,0.7067953001242131,0,0,TRUE,pair,378,3.9373958004289307,5.743455497049328,45,0,7.579365079365079,3.9373958004289307,0.6552639998262748,8.57968830165919,cpu,cuda:0,0,148.1523438,46
2274,1,DDT500_num150.txt,fixed,2810,8,351.25,11.691343307495117,15.078445434570312,7.433155587932561e-06,-5.373333333,-0.335302492,0.164166659116745,0.014117561280727386,0.14000000059604645,0.18666666746139526,-0.047338858,-0.037747534,0.0007190839015594167,0.9950866003831228,0.009326757289171737,0.0358312132043971,0.0003,1003,197,51.17826012450297,15.096863985061646,39.80926203727722,54.90612602233887,1315,0.7969312006025575,0,0,TRUE,pair,367,4.689673600660171,5.820640569395017,56,0,7.656675749318801,4.689673600660171,0.7862103008083068,9.18744140130002,cpu,cuda:0,0,148.1503906,47
2275,1,DDT500_num150.txt,fixed,2823,8,352.875,15.877952575683594,13.957266807556152,8.049937605392188e-06,-5.373333333,-0.320732656,0.164166659116745,0.01854049600660801,0.14000000059604645,0.20000000298023224,-0.037182065,-0.027617571,0.0006390886431160782,0.9884038624309358,0.007769325548256997,0.04050044348419067,0.0003,1003,197,46.341640259256465,13.982732772827148,46.93440318107605,60.9171359539032,1323,0.6221229010843672,0,0,TRUE,pair,385,4.213720899599139,5.7874601470887805,50,0,7.332467532467533,4.213720899599139,0.710504800605122,8.661391900503077,cpu,cuda:0,0,148.1523438,50
2276,1,DDT500_num150.txt,fixed,2828,8,353.5,8.381526947021484,14.716778755187988,7.38712969905464e-06,-5.546666667,-0.334090002,0.15333333611488342,0.013333333656191826,0.13333334028720856,0.1733333319425583,-0.017253055,-0.007622545,0.0006083394625117459,0.9934682125846545,0.005257022797953444,0.04189239954575896,0.0003,1016,184,41.17965910960346,14.736412763595581,53.93826937675476,68.67468214035034,1293,0.6386975994100794,0,0,TRUE,pair,363,4.597066000394989,5.763437056305385,50,0,7.790633608815427,4.597066000394989,0.7226571996579878,9.016216199262999,cpu,cuda:0,0,148.1523438,52
2277,1,DDT500_num150.txt,fixed,2756,8,344.5,10.124228477478027,14.307456970214844,7.871424713812303e-06,-5.44,-0.319233749,0.1599999964237213,0.0163299310952425,0.14000000059604645,0.19333332777023315,-0.014386015,-0.004925886,0.0006216844485606998,0.9770971462130547,0.005197065354423103,0.021977576179779135,0.0003,1008,192,56.38686510098667,14.33606219291687,34.540568828582764,48.876631021499634,1279,0.6321052004350349,0,0,TRUE,pair,361,4.4608894003904425,5.95174165405279,52,0,7.634349030470914,4.4608894003904425,0.6956040991935879,8.777168897155207,cpu,cuda:0,0,148.1503906,46
2278,1,DDT500_num150.txt,fixed,2817,8,352.125,10.203400611877441,13.83880615234375,6.564092473126948e-06,-5.48,-0.328766051,0.1574999839067459,0.01488381065428257,0.14000000059604645,0.18666666746139526,-0.030866787,-0.021327777,0.0006704704872773666,0.9874245242068642,0.01028440837935226,0.03366259362940725,0.0003,1011,189,46.44379215967003,13.85793137550354,46.79603052139282,60.65396189689636,1315,0.6243151996168308,0,0,TRUE,pair,370,4.265988299099263,5.705005324390453,50,0,7.613513513513514,4.265988299099263,0.690533600805793,8.511230901407544,cpu,cuda:0,0,148.1523438,42
2279,1,DDT500_num150.txt,fixed,2857,8,357.125,14.83608341217041,12.90018081665039,9.398652764502913e-06,-5.52,-0.319721266,0.1550000011920929,0.015184056013822556,0.14000000059604645,0.18666666746139526,-0.014636527,-0.005323937,0.0007303505432597982,0.9677766114473343,0.00740170293738629,0.02974282720242627,0.0003,1014,186,40.594662496141844,12.920185327529907,57.45852518081665,70.37871050834656,1311,0.5562954004271887,0,0,TRUE,pair,382,3.688725100713782,5.602030102756835,60,0,7.479057591623037,3.688725100713782,0.6236118014785461,8.25069979840191,cpu,cuda:0,0,148.1523438,41
2280,1,DDT500_num150.txt,fixed,2878,8,359.75,13.112494468688965,15.2408447265625,1.262493333342718e-05,-5.266666667,-0.307789007,0.17083331942558289,0.016308657824993134,0.14666666090488434,0.18666666746139526,0.001125297392718494,0.010389940347522497,0.0006581490282163335,0.9593718846638998,0.005901872261044143,0.033072042414763324,0.0003,995,205,41.09891610250709,15.263864278793335,54.76231336593628,70.02617764472961,1319,0.6725918991724029,0,0,TRUE,pair,382,4.8922894997522235,5.62890896306757,70,0,7.534031413612565,4.8922894997522235,0.7698030996834859,9.178728299797513,cpu,cuda:0,0,148.1523438,40
2281,1,DDT500_num150.txt,fixed,2806,8,350.75,8.042854309082031,14.645956993103027,6.777129328838782e-06,-5.6,-0.341947469,0.14999999105930328,0.010540924966335297,0.13333334028720856,0.1666666716337204,-0.016961088,-0.007578492,0.0006422541350946718,0.9703721177010309,0.005283164316053791,0.019842326707605804,0.0003,1020,180,47.96702889807159,14.67363452911377,43.82488131523132,58.49851584434509,1315,0.7845721994526684,0,0,TRUE,pair,362,4.545044499973301,5.647897362624078,50,0,7.751381215469613,4.545044499973301,0.767356600612402,8.930919701699167,cpu,cuda:0,0,148.1503906,40
2282,1,DDT500_num150.txt,fixed,2800,8,350,16.69580841064453,14.268753051757812,1.1268904017924797e-05,-5.493333333,-0.328031202,0.15666665136814117,0.015634721145033836,0.11999999731779099,0.1733333319425583,-0.013191019,-0.0036147,0.0008410253928256376,0.999683253467083,0.007162400803887674,0.03695441646656642,0.0003,1012,188,38.796678301291806,14.289857625961304,57.881269454956055,72.17112708091736,1310,0.7059910001116805,0,0,TRUE,pair,375,4.366037900093943,5.994999999318804,65,0,7.466666666666667,4.366037900093943,0.7341701003024355,8.794850199483335,cpu,cuda:0,0,148.1503906,44
2283,1,DDT500_num150.txt,fixed,2859,8,357.375,13.97262954711914,12.127964973449707,9.24621599551756e-06,-5.36,-0.3072021,0.16499999165534973,0.013228756375610828,0.14666666090488434,0.19333332777023315,-0.027197391,-0.017717696,0.0006206221272198794,0.979000320037206,0.006930828551692987,0.029507369288088132,0.0003,1002,198,38.95738827633564,12.146796703338623,61.241079807281494,73.38787651062012,1311,0.5356373001704924,0,0,TRUE,pair,385,3.380199100356549,5.850297306583827,45,0,7.425974025974026,3.380199100356549,0.5645829983986914,7.866480501368642,cpu,cuda:0,0,148.1523438,48
2284,1,DDT500_num150.txt,fixed,2835,8,354.375,8.57230281829834,14.00377368927002,5.394796517066425e-06,-5.533333333,-0.325455227,0.15416666865348816,0.01351439580321312,0.13333334028720856,0.1733333319425583,-0.004507247,0.0050745620392262936,0.0006640187748416793,0.9913819283246994,0.006301253271885798,0.027215340873226523,0.0003,1015,185,41.85282597525955,14.02397632598877,53.71338510513306,67.73736143112183,1316,0.6479540994041599,0,0,TRUE,pair,373,4.2678271000040695,5.697354498363676,45,0,7.600536193029491,4.2678271000040695,0.6954545006738044,8.662422900961246,cpu,cuda:0,0,148.1523438,51
2285,1,DDT500_num150.txt,fixed,2778,8,347.25,12.346558570861816,14.607551574707031,1.3023853171034716e-05,-5.506666667,-0.304159089,0.15583331882953644,0.0046398029662668705,0.14666666090488434,0.1599999964237213,-0.011364584,-0.001681712,0.0006799367256462574,1.0022841095924377,0.009268068396186603,0.042718894445620804,0.0003,1013,187,43.15790696152429,14.65060806274414,49.71766638755798,64.36827445030212,1288,0.6687905005528592,0,0,TRUE,pair,374,4.494155000487808,5.7897768175971,64,0,7.427807486631016,4.494155000487808,0.7243584996904247,8.99051550088916,cpu,cuda:0,0,148.1503906,0
2286,1,DDT500_num150.txt,fixed,2848,8,356,14.422204971313477,14.431343078613281,1.013208839140134e-05,-5.466666667,-0.314274344,0.15833331644535065,0.013642257079482079,0.14000000059604645,0.18000000715255737,0.008724910135452565,0.018507202370808676,0.0006436885204703475,1.0104136237731347,0.01137994227400878,0.03758353772214972,0.0003,1010,190,63.66421643132277,14.450122594833374,30.28458333015442,44.73470592498779,1364,0.6529038016451523,0,0,TRUE,pair,380,4.52133980038343,5.805828649173962,54,0,7.494736842105263,4.52133980038343,0.7040310994489118,8.82899689610349,cpu,cuda:0,0,148.1523438,45
2287,1,DDT500_num150.txt,fixed,2860,8,357.5,19.209373474121094,13.881982803344727,1.01433024610742e-05,-5.4,-0.316742948,0.16249999403953552,0.020799972116947174,0.14000000059604645,0.19333332777023315,-0.012367662,-0.002505546,0.0007046079784534717,1.0214418768882751,0.007937516499926764,0.02944222019868903,0.0003,1005,195,42.86766281149252,13.901637554168701,52.8153190612793,66.716956615448,1324,0.6138430016580969,0,0,TRUE,pair,393,4.408968400850426,5.644405593988779,52,0,7.2773536895674305,4.408968400850426,0.6845642003463581,8.426018601283431,cpu,cuda:0,0,148.1523438,41
2288,1,DDT500_num150.txt,fixed,2814,8,351.75,11.669939994812012,13.46093463897705,9.190719538310077e-06,-5.613333333,-0.342875647,0.14916667342185974,0.017931194975972176,0.12666666507720947,0.1733333319425583,-0.019618034,-0.009855394,0.0008199638565808224,1.0172618180513382,0.006956716354390362,0.029833114938810468,0.0003,1021,179,39.25008654108325,13.490241765975952,58.2038676738739,71.69410943984985,1314,0.5853964997222647,0,0,TRUE,pair,370,4.278386700316332,5.882729211256872,48,0,7.605405405405405,4.278386700316332,0.6750952012953348,8.152095200901385,cpu,cuda:0,0,148.1503906,40
2289,1,DDT500_num150.txt,fixed,2764,8,345.5,11.694015502929688,11.901080131530762,5.6420135479129385e-06,-5.653333333,-0.348997735,0.14666666090488434,0.014529665932059288,0.11999999731779099,0.1666666716337204,-0.024418754,-0.014330367,0.0007398380862119106,1.045830955872169,0.008727367136089015,0.028870520181953907,0.0003,1024,176,62.0597984288471,11.91893720626831,32.618751764297485,44.537688970565796,1301,0.5380683004041202,0,0,TRUE,pair,356,3.4327239005360752,5.9099131684572415,75,0,7.764044943820225,3.4327239005360752,0.577010300650727,7.579611298453528,cpu,cuda:0,0,148.1503906,40
2290,1,DDT500_num150.txt,fixed,2821,8,352.625,12.999399185180664,14.467567443847656,7.979011570569128e-06,-5.493333333,-0.363060644,0.15666666626930237,0.017320509999990463,0.13333334028720856,0.18000000715255737,-0.025855927,-0.015928453,0.0007496098490567723,1.0302280882994335,0.004754782878004941,0.030421310802921653,0.0003,1012,188,41.24382744290396,14.486608028411865,53.911505699157715,68.39811372756958,1317,0.752485899545718,0,0,TRUE,pair,374,4.467835599847604,5.774902516415422,60,0,7.542780748663102,4.467835599847604,0.7596865000086837,8.845372801355552,cpu,cuda:0,0,148.1523438,40
2291,1,DDT500_num150.txt,fixed,2828,8,353.5,10,14.644487380981445,5.0576218200149015e-06,-5.466666667,-0.346506076,0.15833334624767303,0.02533114142715931,0.11999999731779099,0.18666666746139526,-0.03733945,-0.027558184,0.0007892341076512821,1.0175881057977676,0.008630928429192863,0.03270092569291592,0.0003,1010,190,48.025886730201975,14.664198398590088,44.22071123123169,58.88490962982178,1329,0.6902952003292739,0,0,TRUE,pair,365,4.645779899787158,5.643564355592579,45,0,7.747945205479452,4.645779899787158,0.7165581017034128,8.896483398624696,cpu,cuda:0,0,148.1523438,43
2292,1,DDT500_num150.txt,fixed,2872,8,359,10.700467109680176,13.79979133605957,7.813438969606068e-06,-5.413333333,-0.350046376,0.1616666615009308,0.014433757402002811,0.13333334028720856,0.18000000715255737,-0.007409778,0.0025738562856401715,0.0007113215494124839,1.0339294955843972,0.01444133660628549,0.048971754720523245,0.0003,1006,194,52.27264389422735,13.817182064056396,41.12551426887512,54.94269633293152,1320,0.6782313991570845,0,0,TRUE,pair,371,4.267271800606977,5.729805012931399,55,0,7.741239892183288,4.267271800606977,0.6950709978700615,8.473368399776518,cpu,cuda:0,0,148.1523438,47
2293,1,DDT500_num150.txt,fixed,2857,8,357.125,13.270620346069336,14.68088150024414,6.810596914874623e-06,-5.413333333,-0.364548605,0.1616666615009308,0.016244657337665558,0.14000000059604645,0.20000000298023224,-0.015534133,-0.005574853,0.0005249415873549879,1.022175121307373,0.008413923800981138,0.010092905536293984,0.0003,1006,194,110.11691004424699,14.698856592178345,11.246295690536499,25.945152282714844,1330,0.6491031990735792,0,0,TRUE,pair,376,4.62325449968921,5.7913895691446715,52,0,7.598404255319149,4.62325449968921,0.7272493991185911,8.945051200280432,cpu,cuda:0,0,148.1523438,48
2294,1,DDT500_num150.txt,fixed,2805,8,350.625,11.179640769958496,12.59769058227539,6.743495760019869e-06,-5.573333333,-0.374137439,0.15166665613651276,0.008660255931317806,0.14000000059604645,0.1666666716337204,-0.011776978,-0.001698474,0.00076279322409233,1.045990008374919,0.010612342195362662,0.038382908795028925,0.0003,1018,182,41.02918504045812,12.617325067520142,55.74864411354065,68.36596918106079,1307,0.583373098867014,0,0,TRUE,pair,366,3.7064128998899832,5.96684491927611,70,0,7.663934426229508,3.7064128998899832,0.5987170991720632,7.964197000139393,cpu,cuda:0,0,148.1503906,50
2295,1,DDT500_num150.txt,fixed,2860,8,357.5,10.770329475402832,12.697559356689453,7.659138645976782e-06,-5.48,-0.35903368,0.1574999839067459,0.010507934726774693,0.14000000059604645,0.1733333319425583,-0.021775634,-0.011782847,0.0006563656400733938,1.032096932331721,0.00829871064828088,0.041083037465189896,0.0003,1011,189,42.50058315712962,12.717355728149414,54.575838565826416,67.29319429397583,1328,0.6469200998544693,0,0,TRUE,pair,374,3.599092999706045,5.753846152178891,60,0,7.647058823529412,3.599092999706045,0.6215450998279266,8.14350919809658,cpu,cuda:0,0,148.1523438,50
2296,1,DDT500_num150.txt,fixed,2808,8,351,13.171939849853516,13.210793495178223,8.449575943814125e-06,-5.506666667,-0.38806043,0.15583331882953644,0.012444320134818554,0.13333334028720856,0.18000000715255737,0.001531258648769422,0.011628926964476705,0.0007862795504148711,1.0490809326822108,0.007165802891739242,0.03750333748757839,0.0003,1013,187,45.390372517594756,13.232185125350952,48.63115382194519,61.86333894729614,1318,0.655011699476745,0,0,TRUE,pair,370,4.075404700299259,5.836538462557344,48,0,7.589189189189189,4.075404700299259,0.6482051991042681,8.13979599904269,cpu,cuda:0,0,148.1503906,47
2297,1,DDT500_num150.txt,fixed,2782,8,347.75,12.901065826416016,14.119277954101562,8.85685676621506e-06,-5.44,-0.382810141,0.1599999964237213,0.024267032742500305,0.1133333370089531,0.20000000298023224,-0.026592777,-0.016453516,0.0007895344412342334,1.0534028237064679,0.006863790211961411,0.039798585329360016,0.0003,1008,192,39.62779249121639,14.140076875686646,56.06317758560181,70.20325446128845,1281,0.6404154984047636,0,0,TRUE,pair,366,4.316478599503171,6.109633356097103,64,0,7.601092896174864,4.316478599503171,0.7462107015307993,8.674129401159007,cpu,cuda:0,0,148.1503906,43
2298,1,DDT500_num150.txt,fixed,2891,8,361.375,12.648492813110352,12.625874519348145,1.3729267266171519e-05,-5.506666667,-0.380173346,0.15583333373069763,0.018837761133909225,0.11999999731779099,0.18000000715255737,-0.025426206,-0.015447032,0.0007029157256641026,1.0330632158688136,0.00985289392971416,0.038680561152952056,0.0003,1013,187,61.296697179708474,12.65181016921997,34.51223182678223,47.1640419960022,1346,0.5943006998859346,0,0,TRUE,pair,378,3.6269352001254447,5.823590452305712,45,0,7.648148148148148,3.6269352001254447,0.6055785021162592,8.062191501143388,cpu,cuda:0,0,148.15283203125,42
2299,1,DDT500_num150.txt,fixed,2833,8,354.125,9.116434097290039,12.393159866333008,7.184276000771206e-06,-5.466666667,-0.377560001,0.15833333134651184,0.01280190795660019,0.13333334028720856,0.1733333319425583,-0.002226145,0.007957831428696712,0.0007473576037834088,1.0557657678922017,0.008960174122087968,0.02875551658992966,0.0003,1010,190,55.725712023917694,12.410758018493652,38.4275336265564,50.83829164505005,1351,0.5822502002702095,0,0,TRUE,pair,375,3.52062299993122,5.823155665709027,76,0,7.554666666666667,3.52062299993122,0.5898476009606384,7.962868999398779,cpu,cuda:0,0,148.1523438,41
2300,1,DDT500_num150.txt,fixed,2813,8,351.625,11.201980590820312,14.906474113464355,7.531914434366627e-06,-5.413333333,-0.395249932,0.1616666615009308,0.021015869453549385,0.14000000059604645,0.2133333384990692,-0.005027851,0.005283276201225817,0.0010579247779484529,1.0840088725090027,0.009055961721363323,0.03879901202162728,0.0003,1006,194,41.17117358056315,14.925079822540283,53.39942383766174,68.32450366020203,1306,0.6687693994608708,0,0,TRUE,pair,367,4.718710999644827,5.940277283360345,70,0,7.664850136239782,4.718710999644827,0.7471887999563478,9.050763600680511,cpu,cuda:0,0,148.1503906,41
2301,1,DDT500_num150.txt,fixed,2852,8,356.5,11.54339599609375,14.625385284423828,8.183003956219181e-06,-5.493333333,-0.416430845,0.15666666626930237,0.01333333645015955,0.14000000059604645,0.18000000715255737,-0.014796759,-0.004791088,0.000966621343703831,1.0488978133482092,0.011825201820208938,0.04002663454807857,0.0003,1012,188,44.87607731624007,14.644261837005615,48.90852999687195,63.55279183387756,1335,0.664058999507688,0,0,TRUE,pair,369,4.526480000524316,5.886746142221534,52,0,7.7289972899729,4.526480000524316,0.7404026002623141,8.95949589915108,cpu,cuda:0,0,148.1523438,41
2302,1,DDT500_num150.txt,fixed,2744,8,343,11.554220199584961,11.894104957580566,7.4712943387567066e-06,-5.546666667,-0.411183128,0.15333333611488342,0.012472189031541348,0.13333334028720856,0.1666666716337204,-0.022855526,-0.012965248,0.0016885773080435615,1.073456757598453,0.006534765764256547,0.03722968359512312,0.0003,1016,184,43.41198955790557,11.913047790527344,51.29414939880371,63.20834469795227,1295,0.5372205997118726,0,0,TRUE,pair,357,3.376858000701759,6.045918366738728,45,0,7.686274509803922,3.376858000701759,0.5965843992889859,7.60259760171175,cpu,cuda:0,0,148.14990234375,46
2303,1,DDT500_num150.txt,fixed,2799,8,349.875,12.34339427947998,13.699151039123535,7.072637799865333e-06,-5.333333333,-0.391050162,0.1666666567325592,0.012909946031868458,0.14000000059604645,0.18000000715255737,0.003472459399037891,0.010920153309901556,0.006222665038270255,1.055902573797438,0.005757398963548137,0.01798689127382305,0.0003,1000,200,78.53690213380608,13.716636180877686,21.922661066055298,35.63929724693298,1318,0.6248055000905879,0,0,TRUE,pair,368,4.128144699905533,5.7959985704071055,45,0,7.605978260869565,4.128144699905533,0.6818951002205722,8.529649996373337,cpu,cuda:0,0,148.1503906,49
2304,1,DDT500_num150.txt,fixed,2825,8,353.125,9.713875770568848,14.256346702575684,8.176054507202934e-06,-5.453333333,-0.434004057,0.15916664898395538,0.011755617335438728,0.14666666090488434,0.18000000715255737,-0.012360111,-0.002974324,0.001995007628768993,1.0383290648460388,0.004760787755306713,0.030863667062173288,0.0003,1009,191,42.20482600316584,14.274248600006104,52.661224603652954,66.93547320365906,1305,0.6212651004898362,0,0,TRUE,pair,367,4.289426799747162,5.964601769489525,60,0,7.697547683923705,4.289426799747162,0.7594102013972588,8.820078200602438,cpu,cuda:0,0,148.1523438,50
2305,1,DDT500_num150.txt,fixed,2805,8,350.625,18.323055267333984,13.437530517578125,1.0457855751155876e-05,-5.573333333,-0.460370587,0.15166665613651276,0.011426090262830257,0.14000000059604645,0.1733333319425583,-0.05158392,-0.041279358,0.0008637522635884428,1.073644037048022,0.004013819139557562,0.028895007504615933,0.0003,1018,182,40.53737773998722,13.459385395050049,55.73601293563843,69.19539833068848,1315,0.5790897007100284,0,0,TRUE,pair,381,4.11600070015993,6.114795007382697,52,0,7.362204724409449,4.11600070015993,0.6784397007431835,8.287245301704388,cpu,cuda:0,0,148.1503906,45
2306,1,DDT500_num150.txt,fixed,2887,8,360.875,9.649319648742676,12.658692359924316,1.0726186701504048e-05,-5.586666667,-0.435362787,0.15083332359790802,0.016645822674036026,0.12666666507720947,0.18000000715255737,-0.004748137,0.0049284062697552145,0.000933330156840384,1.0143209509551525,0.006471897841493046,0.022761453481507488,0.0003,1019,181,54.34549740878202,12.688245058059692,40.43483114242554,53.12307620048523,1356,0.5596533998614177,0,0,TRUE,pair,375,3.621347499836702,5.713543470896029,45,0,7.698666666666667,3.621347499836702,0.6181723992922343,8.07531709811883,cpu,cuda:0,0,148.15283203125,44
2307,1,DDT500_num150.txt,fixed,2765,8,345.625,13.237611770629883,13.559952735900879,8.58306884765625e-06,-5.586666667,-0.450060802,0.15083332359790802,0.011516894213855267,0.13333334028720856,0.1733333319425583,-0.032862769,-0.02270615,0.0009031976320936034,1.0608218063910801,0.008369229231713385,0.03512701535752664,0.0003,1019,181,42.9045594175225,13.578531503677368,50.86683368682861,64.44536519050598,1314,0.5966359994490631,0,0,TRUE,pair,376,4.146527399367187,5.963833634374802,72,0,7.3537234042553195,4.146527399367187,0.6831081999116577,8.372340700298082,cpu,cuda:0,0,148.1503906,40
2308,1,DDT500_num150.txt,fixed,2784,8,348,14.370107650756836,13.254899024963379,4.619417813955806e-05,-5.533333333,-0.430314284,0.15416666865348816,0.011273127049207687,0.14000000059604645,0.18000000715255737,0.008259024354629219,0.01787993769782285,0.0012550546404478762,1.0248444651563962,0.003957012737752545,0.032185765206425763,0.0003,1015,185,39.04509091274839,13.2747642993927,58.02741312980652,71.30217742919922,1318,0.5732142008491792,0,0,TRUE,pair,368,4.057300099928398,5.900502873220663,45,0,7.565217391304348,4.057300099928398,0.665367201610934,8.185951498919167,cpu,cuda:0,0,148.1503906,41
2309,1,DDT500_num150.txt,fixed,2833,8,354.125,15.607991218566895,13.333995819091797,9.672862688603345e-06,-5.373333333,-0.425769628,0.1641666740179062,0.016308655962347984,0.14000000059604645,0.19333332777023315,-0.029129446,-0.019235397,0.001069802371299981,1.0428951904177666,0.008074695038582528,0.05802089479402639,0.0003,1003,197,41.17319171286995,13.353577852249146,55.45332980155945,68.8069076538086,1336,0.5926724009332247,0,0,TRUE,pair,389,3.929929498990532,5.842922695693808,45,0,7.282776349614396,3.929929498990532,0.6490305005572736,8.402470700326376,cpu,cuda:0,0,148.1523438,40
2310,1,DDT500_num150.txt,fixed,2826,8,353.25,12.22446346282959,14.07625961303711,8.90805313247256e-06,-5.386666667,-0.420807736,0.16333334147930145,0.016996733844280243,0.14000000059604645,0.18666666746139526,0.024138290168983594,0.03434842212923935,0.0008764429283993584,1.0648353610719954,0.00789016867098066,0.01871165500155517,0.0003,1004,196,89.6113450287331,14.095147609710693,17.441037893295288,31.53618550300598,1309,0.6231266002869233,0,0,TRUE,pair,376,4.36493410053663,5.809978768746227,50,0,7.51595744680851,4.36493410053663,0.7112403027131222,8.637013102241326,cpu,cuda:0,0,148.1523438,40
2311,1,DDT500_num150.txt,fixed,2846,8,355.75,9.653367042541504,12.700448036193848,6.05038530920865e-06,-5.56,-0.446564964,0.1524999886751175,0.010240172035992146,0.13333334028720856,0.1666666716337204,-0.019403431,-0.009576945,0.0008153360686264932,1.0234153824193137,0.01026589801767841,0.03716160749484386,0.0003,1017,183,65.3380058688985,12.720147132873535,30.83796215057373,43.558109283447266,1314,0.5569718999322504,0,0,TRUE,pair,366,3.7120821005664766,5.748770201281603,40,0,7.775956284153006,3.7120821005664766,0.5963947994168848,8.06370849837549,cpu,cuda:0,0,148.1523438,42
2312,1,DDT500_num150.txt,fixed,2855,8,356.875,11.01632308959961,13.268913269042969,3.1494724680669606e-05,-5.293333333,-0.42230769,0.1691666543483734,0.015964368358254433,0.14000000059604645,0.19333332777023315,-0.024373206,-0.014880746,0.0009298063870075913,0.9957362895920163,0.007070673732197888,0.028197390836707893,0.0003,997,203,41.2967242786914,13.30543065071106,55.82838201522827,69.13381266593933,1327,0.55811529973289,0,0,TRUE,pair,371,4.087995699781459,5.729597197898424,45,0,7.695417789757412,4.087995699781459,0.6526173007441685,8.185002400306985,cpu,cuda:0,0,148.1523438,45
2313,1,DDT500_num150.txt,fixed,2807,8,350.875,10.215643882751465,12.213420867919922,8.238388545578346e-06,-5.506666667,-0.433791608,0.15583331882953644,0.010507934726774693,0.14666666090488434,0.1733333319425583,-0.016505073,-0.006931792,0.0009597412281436846,1.005315251648426,0.013501961628207937,0.025659811042714864,0.0003,1013,187,91.92207263704329,12.239075422286987,18.297659873962402,30.53673529624939,1301,0.5313122000079602,0,0,TRUE,pair,362,3.396437499555759,5.784111148316452,40,0,7.754143646408839,3.396437499555759,0.6095554998610169,7.88421710091643,cpu,cuda:0,0,148.1503906,48
2314,1,DDT500_num150.txt,fixed,2838,8,354.75,12.754900932312012,14.182633399963379,9.022181984619237e-06,-5.466666667,-0.430540308,0.15833333134651184,0.02048034407198429,0.11999999731779099,0.19333332777023315,0.020478703454136847,0.030223353952169418,0.0009858425182756037,1.023757165670395,0.009247579460497946,0.04497721437364817,0.0003,1010,190,74.20907860895733,14.201159715652466,24.042139530181885,38.24329924583435,1329,0.7230127999209799,0,0,TRUE,pair,376,4.359250099805649,5.557082454951571,40,0,7.547872340425532,4.359250099805649,0.7072170012979768,8.744264500914142,cpu,cuda:0,0,148.1523438,49
2315,1,DDT500_num150.txt,fixed,2808,8,351,11.034038543701172,13.3958158493042,6.726615993102314e-06,-5.413333333,-0.407871815,0.1616666615009308,0.020749833434820175,0.14000000059604645,0.20666666328907013,-0.049614681,-0.040099416,0.0013676322569760183,1.0199081659317017,0.008952342241536826,0.025964357346917193,0.0003,1006,194,60.43210066311648,13.422398090362549,33.042973279953,46.46537137031555,1319,0.6246370993321761,0,0,TRUE,pair,368,3.8574954999494366,5.827991453415987,56,0,7.630434782608695,3.8574954999494366,0.6533119990490377,8.530281600134913,cpu,cuda:0,0,148.1503906,50
2316,1,DDT500_num150.txt,fixed,2785,8,348.125,13.042598724365234,13.592059135437012,8.279684152512345e-06,-5.466666667,-0.42015635,0.15833333134651184,0.02179449237883091,0.13333334028720856,0.20666666328907013,0.00796238926704973,0.01783696806523949,0.001024261078176399,1.0386710812648137,0.008683958239240988,0.04765651027749603,0.0003,1010,190,41.429621518641994,13.612874746322632,53.609559297561646,67.22243404388428,1303,0.6277715005562641,0,0,TRUE,pair,377,4.021973899391014,5.844165170299728,40,0,7.387267904509284,4.021973899391014,0.679994301230181,8.52438740094658,cpu,cuda:0,0,148.1503906,52
2317,1,DDT500_num150.txt,fixed,2833,8,354.125,9.061422348022461,14.689437866210938,7.144605660869274e-06,-5.466666667,-0.401593457,0.15833333134651184,0.010929066687822342,0.14666666090488434,0.1733333319425583,0.003376592482839312,0.01319064838545663,0.00095223292841443,1.0290171589170183,0.01228847483097135,0.016853625487004007,0.0003,1010,190,90.72937497311803,14.70918893814087,16.515538454055786,31.224727392196655,1330,0.6674531011958607,0,0,TRUE,pair,366,4.760217200673651,5.783621601868214,68,0,7.740437158469946,4.760217200673651,0.7388615019153804,8.794125600310508,cpu,cuda:0,0,148.1523438,44
2318,1,DDT500_num150.txt,fixed,2794,8,349.25,9.66630744934082,12.145990371704102,4.3702848415705375e-06,-5.52,-0.399204755,0.1549999862909317,0.011426090262830257,0.13333334028720856,0.1733333319425583,0.007138935849070549,0.01689278893172741,0.0008383088279515505,1.0173005759716034,0.015765446612931555,0.006553819461259991,0.0003,1014,186,115.71602139682147,12.163511991500854,11.981804847717285,24.14531683921814,1311,0.5319663003319874,0,0,TRUE,pair,360,3.510631500335876,5.756263420593764,54,0,7.761111111111111,3.510631500335876,0.6012732004164718,7.713176000921521,cpu,cuda:0,0,148.1503906,44
2319,1,DDT500_num150.txt,fixed,2764,8,345.5,15.124483108520508,13.450272560119629,1.0815902896865737e-05,-5.546666667,-0.40486627,0.15333332121372223,0.01054092962294817,0.14000000059604645,0.1666666716337204,-0.023409217,-0.013537199,0.0007951084553496912,1.0269573008020718,0.008619256120368846,0.042293195923169456,0.0003,1016,184,42.495001641784384,13.473461866378784,51.56948184967041,65.0429437160492,1320,0.5836875000386499,0,0,TRUE,pair,372,4.111892200889997,5.677279303629388,50,0,7.43010752688172,4.111892200889997,0.6715652979328297,8.319229899032507,cpu,cuda:0,0,148.1503906,42
2320,1,DDT500_num150.txt,fixed,2797,8,349.625,18.22043800354004,14.187798500061035,8.850436643115245e-06,-5.373333333,-0.367970636,0.1641666740179062,0.011989581398665905,0.14666666090488434,0.18000000715255737,0.0013190514485662181,0.01118933221247668,0.0008238438337381618,1.0282201170921326,0.00621804089833707,0.037694408907555044,0.0003,1003,197,41.53032478773598,14.20598840713501,53.14238929748535,67.34837770462036,1324,0.6467490993090905,0,0,TRUE,pair,375,4.344051299500279,5.752949588504228,48,0,7.458666666666667,4.344051299500279,0.7276045013568364,8.74890610127477,cpu,cuda:0,0,148.1503906,41
2321,1,DDT500_num150.txt,fixed,2810,8,351.25,9.175374984741211,14.130029678344727,6.5813892433652654e-06,-5.506666667,-0.37579466,0.15583331882953644,0.022095121443271637,0.12666666507720947,0.19333332777023315,-0.014540761,-0.00487208,0.0010087415357702412,1.0173051357269287,0.010533666270930553,0.015920814650598913,0.0003,1013,187,81.42700924162463,14.149055480957031,20.36037850379944,34.50943398475647,1337,0.6860438986914232,0,0,TRUE,pair,371,4.237598100444302,5.664768683613407,45,0,7.574123989218329,4.237598100444302,0.688881000969559,8.829640298499726,cpu,cuda:0,0,148.1503906,40
2322,1,DDT500_num150.txt,fixed,2807,8,350.875,12.221267700195312,11.868318557739258,8.785975296632387e-06,-5.466666667,-0.358995298,0.15833331644535065,0.013228757306933403,0.13333334028720856,0.18000000715255737,-0.012065483,-0.002266897,0.0008463072147042979,1.0221741994222004,0.007828705639223613,0.03717770094850233,0.0003,1010,190,40.54726965076224,11.887299537658691,57.340543031692505,69.2278425693512,1289,0.5164426000555977,0,0,TRUE,pair,368,3.321455300145317,5.71001068867098,70,0,7.627717391304348,3.321455300145317,0.5808656995650381,7.652415699325502,cpu,cuda:0,0,148.1503906,40
2323,1,DDT500_num150.txt,fixed,2876,8,359.5,16.324827194213867,12.879379272460938,1.106015497498447e-05,-5.426666667,-0.380046537,0.16083334386348724,0.012665570713579655,0.13333334028720856,0.1733333319425583,0.007177736610174179,0.016798085222641628,0.0008178428009462854,1.002927045027415,0.010612662362594468,0.03427560764571859,0.0003,1007,193,77.61131676128649,12.896915912628174,24.1595356464386,37.05645155906677,1344,0.6002864995971322,0,0,TRUE,pair,383,3.5498972996138036,5.665507649513213,36,0,7.509138381201044,3.5498972996138036,0.610356600722298,8.382582201447804,cpu,cuda:0,0,148.1523438,42
2324,1,DDT500_num150.txt,fixed,2863,8,357.875,13.232890129089355,14.5429048538208,8.760058335610665e-06,-5.56,-0.381808887,0.1524999886751175,0.014312970452010632,0.13333334028720856,0.18000000715255737,-0.017956502,-0.008171866,0.0008319980042870156,1.0200635517636936,0.010391242210365212,0.05566052560849736,0.0003,1017,183,38.35420942882831,14.565556049346924,60.080748558044434,74.64630460739136,1345,0.6613231995725073,0,0,TRUE,pair,379,4.416319000243675,5.686692281323965,45,0,7.554089709762533,4.416319000243675,0.7495176002848893,8.986227299959864,cpu,cuda:0,0,148.1523438,47
2325,1,DDT500_num150.txt,fixed,2790,8,348.75,10.963006019592285,12.25679874420166,6.0785050663980655e-06,-5.52,-0.370201231,0.1549999862909317,0.010929063893854618,0.14000000059604645,0.1733333319425583,-0.007514109,0.002365152584388852,0.000866680325998459,1.0312604531645775,0.009399132897669915,0.040121093625202775,0.0003,1014,186,90.62242767728021,12.276276588439941,18.510804176330566,30.787080764770508,1350,0.579441002162639,0,0,TRUE,pair,361,3.562910700973589,5.848028674518763,50,0,7.728531855955679,3.562910700973589,0.5883626976865344,7.788175000168849,cpu,cuda:0,0,148.1503906,47
2326,1,DDT500_num150.txt,fixed,2809,8,351.125,13.513303756713867,14.170343399047852,7.950464350869879e-06,-5.4,-0.35822977,0.16249999403953552,0.015964370220899582,0.14000000059604645,0.19333332777023315,-0.024628529,-0.014578542,0.0008095715477663491,1.0454773477145605,0.01233117736202465,0.0342270021459886,0.0003,1005,195,44.92955108663461,14.190224885940552,48.32987451553345,62.520099401474,1338,0.6539544007973745,0,0,TRUE,pair,370,4.3333508998621255,5.6219295116029375,40,0,7.591891891891892,4.3333508998621255,0.7223503020359203,8.747057999891695,cpu,cuda:0,0,148.1503906,49
2327,1,DDT500_num150.txt,fixed,2855,8,356.875,9.77800464630127,12.988080024719238,6.810596914874623e-06,-5.373333333,-0.353089013,0.164166659116745,0.014117565006017685,0.14000000059604645,0.18000000715255737,-0.04944372,-0.039446375,0.0007424696781931238,1.0368583268589444,0.012563340081315901,0.03439325958283411,0.0003,1003,197,92.29792399428344,13.00704574584961,17.925394296646118,30.932440042495728,1376,0.5865528000867926,0,0,TRUE,pair,370,3.944271700340323,5.767075306897405,52,0,7.716216216216216,3.944271700340323,0.6308743027038872,8.077821900893468,cpu,cuda:0,0,148.1523438,49
2328,1,DDT500_num150.txt,fixed,2902,8,362.75,7.996092796325684,14.82575511932373,6.607249360968126e-06,-5.506666667,-0.384437213,0.15583331882953644,0.014117562212049961,0.13333334028720856,0.18000000715255737,-0.086556994,-0.076079716,0.0007786476344335824,1.0866601864496868,0.006796280077348153,0.020162846039359767,0.0003,1013,187,100.18338650865529,14.84607458114624,14.120804071426392,28.966878652572632,1359,0.6822307009715587,0,0,TRUE,pair,377,4.559522499446757,5.942453479865434,56,0,7.69761273209549,4.559522499446757,0.7559854004648514,9.117910099972505,cpu,cuda:0,0,148.15283203125,50
2329,1,DDT500_num150.txt,fixed,2821,8,352.625,14.628204345703125,13.509170532226562,8.476442417304497e-06,-5.426666667,-0.365664913,0.16083331406116486,0.01984313689172268,0.12666666507720947,0.20000000298023224,-0.038606738,-0.028668661,0.0007556309108622372,1.0315892934799193,0.01374908935977146,0.01281543429940939,0.0003,1007,193,109.70693529360905,13.527688980102539,12.186273336410522,25.71396231651306,1330,0.6099242010386661,0,0,TRUE,pair,390,4.05791440064786,6.002126907043024,45,0,7.233333333333333,4.05791440064786,0.6797021984239109,8.410497599863447,cpu,cuda:0,0,148.1523438,0
2330,1,DDT500_num150.txt,fixed,2826,8,353.25,7.660776615142822,12.778312683105469,8.529922524758149e-06,-5.506666667,-0.362698137,0.15583333373069763,0.008779715746641159,0.14666666090488434,0.1666666716337204,-0.162763439,-0.152715298,0.000670427941561987,1.0383355617523193,0.014630568291371068,0.012524004559963942,0.0003,1013,187,150.12572561086125,12.79996132850647,6.024260759353638,18.824222087860107,1364,0.5828222002601251,0,0,TRUE,pair,366,3.863942400261294,5.859164896537797,45,0,7.721311475409836,3.863942400261294,0.6004975998657756,7.983016100653913,cpu,cuda:0,0,148.1523438,50
2331,1,DDT500_num150.txt,fixed,2818,8,352.25,16.037065505981445,13.57693099975586,9.116198270930909e-06,-5.56,-0.388582821,0.1525000035762787,0.010769040323793888,0.13333334028720856,0.1666666716337204,0.12789972791714327,0.13787535336866444,0.0007592169651096421,1.0355233635221208,0.16301345965725236,0.0279437963451658,0.0003,1017,183,88.63675929714185,13.599244356155396,18.193434238433838,31.792678594589233,1337,0.5910227003623731,0,0,TRUE,pair,386,4.149970399448648,5.795954578560747,60,0,7.300518134715026,4.149970399448648,0.6787765992921777,8.391300796763971,cpu,cuda:0,0,148.1523438,53
2332,1,DDT500_num150.txt,fixed,2833,8,354.125,10.576358795166016,13.82295036315918,5.080050414107973e-06,-5.44,-0.392626588,0.1599999964237213,0.012018505483865738,0.14000000059604645,0.18000000715255737,-0.047266563,-0.037315886,0.0008387441630475223,1.0370046954888563,0.012982887372625275,0.02645011697537624,0.0003,1008,192,74.28587256505926,13.841858625411987,24.29459857940674,38.136457204818726,1370,0.7150469014886767,0,0,TRUE,pair,372,4.227899900346529,5.663607483822425,70,0,7.615591397849462,4.227899900346529,0.6904175000963733,8.546603099966887,cpu,cuda:0,0,148.1523438,47
2333,1,DDT500_num150.txt,fixed,2823,8,352.875,11.00497055053711,13.534272193908691,6.397441666194936e-06,-5.426666667,-0.363172131,0.16083332896232605,0.012219063006341457,0.13333334028720856,0.1733333319425583,0.012718738988041878,0.022892698778637817,0.0008293902834079095,1.0588654705456324,0.010454090511172711,0.046389639494009316,0.0003,1007,193,65.62993436923527,13.553237199783325,29.460671424865723,43.01390862464905,1342,0.6095425991807133,0,0,TRUE,pair,376,3.9799156993976794,5.71200850176296,40,0,7.507978723404255,3.9799156993976794,0.662117299856618,8.533521499484777,cpu,cuda:0,0,148.1523438,0
2334,1,DDT500_num150.txt,fixed,2799,8,349.875,16.011226654052734,13.118706703186035,7.379430371656781e-06,-5.4,-0.367870633,0.16249999403953552,0.0191304013133049,0.12666666507720947,0.18666666746139526,0.034743425569364,0.044665013040815084,0.0008350396279378661,1.0339108620371138,0.009083064054201324,0.02438186069152185,0.0003,1005,195,94.30685545051388,13.147859334945679,16.53184938430786,29.67970871925354,1345,0.5740937984664924,0,0,TRUE,pair,371,4.006018300016876,5.685601999096122,45,0,7.544474393530997,4.006018300016876,0.6604599011479877,8.1057511990075,cpu,cuda:0,0,148.1503906,43
2335,1,DDT500_num150.txt,fixed,2824,8,353,8.514693260192871,14.097984313964844,7.112710136425449e-06,-5.493333333,-0.387768111,0.15666665136814117,0.011055417358875275,0.14000000059604645,0.18000000715255737,-0.045408515,-0.035302863,0.000789114883733227,1.0500210147154958,0.012742424382227719,0.05080366752257472,0.0003,1012,188,53.44419885289335,14.12189507484436,38.71826457977295,52.84015965461731,1375,0.6353806006372906,0,0,TRUE,pair,363,4.36958659987431,5.7528328613586535,40,0,7.779614325068871,4.36958659987431,0.6988490982330404,8.656930302153341,cpu,cuda:0,0,148.1523438,42
2336,1,DDT500_num150.txt,fixed,2788,8,348.5,14.03566837310791,14.785250663757324,8.734064067539293e-06,-5.6,-0.378681615,0.14999999105930328,0.018257420510053635,0.12666666507720947,0.18000000715255737,-0.041169063,-0.03099714,0.000746666279155761,1.0545255882399422,0.007158766991259264,0.03995698344494615,0.0003,1020,180,62.95977406041187,14.805818796157837,29.476423978805542,44.28224277496338,1357,0.6812042010715231,0,0,TRUE,pair,368,4.814848300127778,5.84827833538247,56,0,7.576086956521739,4.814848300127778,0.7203161987126805,8.861586600425653,cpu,cuda:0,0,148.1503906,41
2337,1,DDT500_num150.txt,fixed,2778,8,347.25,8.011710166931152,14.389013290405273,7.008046395640122e-06,-5.653333333,-0.414600839,0.14666666090488434,0.014529661275446415,0.12666666507720947,0.1733333319425583,-0.009208896,0.0008209163788706064,0.0013006469137811412,1.0680134097735088,0.0040622052777810795,0.037249693336586155,0.0003,1024,176,41.16904011,14.407838344573975,53.07005262374878,67.47789096832275,1344,0.6497869995655492,0,0,TRUE,pair,359,4.51565209927503,5.677465801105129,45,0,7.73816155988858,4.51565209927503,0.7324418994830921,8.752968700020574,cpu,cuda:0,0,148.1503906,0
2338,1,DDT500_num150.txt,fixed,2845,8,355.625,12.529340744018555,14.199618339538574,8.217662980314344e-06,-5.386666667,-0.360026528,0.16333332657814026,0.012018507346510887,0.14666666090488434,0.18666666746139526,-0.042469147,-0.032398385,0.0008286773615206281,1.0485099976261456,0.006177254668727983,0.0333206691138912,0.0003,1004,196,40.57814827011731,14.228642702102661,55.88298439979553,70.1116271018982,1380,0.645220797683578,0,0,TRUE,pair,375,4.346375300432555,5.72970122989326,60,0,7.586666666666667,4.346375300432555,0.7063179991673678,8.767627899476793,cpu,cuda:0,0,148.1523438,41
2339,1,DDT500_num150.txt,fixed,2793,8,349.125,10.409581184387207,13.817992210388184,6.868772743473528e-06,-5.586666667,-0.379925212,0.15083332359790802,0.018837759271264076,0.11999999731779099,0.1733333319425583,-0.048370339,-0.038198863,0.0009565479968759147,1.0649747902696782,0.009993347180583938,0.027736432088369675,0.0003,1019,181,67.08507903686834,13.845013856887817,27.78868532180786,41.63369917869568,1350,0.6333053000853397,0,0,TRUE,pair,367,4.246513099933509,5.736126028505483,54,0,7.610354223433243,4.246513099933509,0.6774515999713913,8.536871002230328,cpu,cuda:0,0,148.1503906,43
2340,1,DDT500_num150.txt,fixed,2869,8,358.625,15.18171215057373,12.611413955688477,8.162137419276405e-06,-5.306666667,-0.362211292,0.16833332180976868,0.025110865011811256,0.12666666507720947,0.20666666328907013,-0.012162511,-0.002129222,0.001041624690211999,1.055410238603751,0.0043850311394635355,0.02955613093217835,0.0003,998,202,40.8957451529393,12.635149717330933,57.518847703933716,70.15399742126465,1366,0.6604761998751201,0,0,TRUE,pair,380,3.5531579998205416,5.576158941228368,40,0,7.55,3.5531579998205416,0.5848718003253452,8.14477989973966,cpu,cuda:0,0,148.1523438,46
2341,1,DDT500_num150.txt,fixed,2869,8,358.625,12.21615219116211,12.498238563537598,8.84401197254192e-06,-5.533333333,-0.390303569,0.15416665375232697,0.017775608226656914,0.12666666507720947,0.18666666746139526,-0.024587293,-0.0146888,0.001077910405001603,1.0437448273102443,0.00570985550560484,0.028710282970375072,0.0003,1015,185,42.66206774,12.51802921295166,54.731406927108765,67.24943614006042,1382,0.6565404002321884,0,0,TRUE,pair,370,3.6081505003967322,5.540606482679647,40,0,7.754054054054054,3.6081505003967322,0.5961786009720527,7.968450797779951,cpu,cuda:0,0,148.1523438,46
2342,1,DDT500_num150.txt,fixed,2791,8,348.875,10.752180099487305,12.57554817199707,7.813438969606068e-06,-5.546666667,-0.388532807,0.15333332121372223,0.020548049360513687,0.11999999731779099,0.18000000715255737,-0.052029126,-0.041939024,0.0009476655221078544,1.0563936829566956,0.007356152113061398,0.022467261366546153,0.0003,1016,184,73.20651480123878,12.593921661376953,25.531100511550903,38.125022172927856,1346,0.5542290011653677,0,0,TRUE,pair,366,3.8879267005831935,5.78323181766372,52,0,7.6256830601092895,3.8879267005831935,0.6371292004478164,7.7195096999639645,cpu,cuda:0,0,148.1503906,51
2343,1,DDT500_num150.txt,fixed,2810,8,351.25,11.669939994812012,13.398300170898438,2.0440134903765284e-05,-5.666666667,-0.400746475,0.1458333283662796,0.014695991761982441,0.13333334028720856,0.1733333319425583,0.004295957833528518,0.014668602123856544,0.0007526642992161214,1.0748974561691285,0.009603864746168256,0.007213356345891953,0.0003,1025,175,103.02648030094447,13.419086933135986,13.855454444885254,27.27454137802124,1380,0.7423053995007649,0,0,TRUE,pair,375,4.04705240012845,5.655871885866457,40,0,7.493333333333333,4.04705240012845,0.6454861999955028,8.35395190055715,cpu,cuda:0,0,148.1503906,50
2344,1,DDT500_num150.txt,fixed,2802,8,350.25,12.676257133483887,14.946605682373047,6.9182483457552735e-06,-5.48,-0.38740425,0.1574999988079071,0.01411756407469511,0.14000000059604645,0.18000000715255737,-0.039671943,-0.029632538,0.0008121240971377119,1.0445467506845791,0.007132010480139191,0.033697327298189826,0.0003,1011,189,42.12520927984635,14.965584754943848,51.55040526390076,66.5159900188446,1376,0.737299500440713,0,0,TRUE,pair,374,4.567706199944951,5.657030690831001,40,0,7.491978609625669,4.567706199944951,0.7294015986844897,9.247978399740532,cpu,cuda:0,0,148.1503906,50
2345,1,DDT500_num150.txt,fixed,2799,8,349.875,8.476990699768066,14.935181617736816,5.878843239770504e-06,-5.533333333,-0.37536337,0.15416665375232697,0.010769037529826164,0.13333334028720856,0.1733333319425583,-0.014323148,-0.004013217,0.0006497480826510582,1.0634807248910267,0.004408452583447797,0.0251837454464597,0.0003,1015,185,41.68823566517629,14.954102993011475,52.18714094161987,67.14124393463135,1352,0.6796094998717308,0,0,TRUE,pair,361,4.7035367001080886,5.703822794110488,45,0,7.753462603878116,4.7035367001080886,0.7707986009772867,9.055690999841318,cpu,cuda:0,0,148.1503906,0
2346,1,DDT500_num150.txt,fixed,2854,8,356.75,15.746030807495117,14.093476295471191,6.520650003949413e-06,-5.413333333,-0.357703226,0.1616666465997696,0.013642256148159504,0.14000000059604645,0.18666666746139526,-0.031141645,-0.021113484,0.0007861712607943142,1.0421246861418088,0.00395055139476123,0.022795470722485334,0.0003,1006,194,40.75185693897677,14.112197160720825,55.92142128944397,70.0336184501648,1347,0.6827263007871807,0,0,TRUE,pair,374,4.233678999473341,5.610021024378514,40,0,7.6310160427807485,4.233678999473341,0.7260436010546982,8.753135899954941,cpu,cuda:0,0,148.1523438,40
2347,1,DDT500_num150.txt,fixed,2787,8,348.375,8.985231399536133,13.688949584960938,1.0176871001021937e-05,-5.48,-0.354456849,0.1574999988079071,0.011023965664207935,0.14000000059604645,0.18000000715255737,-0.06250924,-0.052337465,0.0009187367346991474,1.0631140545010567,0.00950255123518673,0.041272241913247854,0.0003,1011,189,39.67441388065708,13.722917318344116,56.52386713027954,70.24678444862366,1358,0.6443373985821381,0,0,TRUE,pair,361,4.009261600091122,5.714029420093691,50,0,7.7202216066482,4.009261600091122,0.6744226015871391,8.640043798834085,cpu,cuda:0,0,148.1503906,40
2348,1,DDT500_num150.txt,fixed,2819,8,352.375,10.463478088378906,12.634987831115723,8.734064067539293e-06,-5.52,-0.337418401,0.1549999862909317,0.010929067619144917,0.14666666090488434,0.18000000715255737,-0.069673241,-0.059994095,0.0010070235002785921,1.0182654857635498,0.010390860529150813,0.014519295282661914,0.0003,1014,186,121.17073577855673,12.655130386352539,10.609562873840332,23.26469326019287,1337,0.5599564998992719,0,0,TRUE,pair,361,3.6338127999333665,5.759843914506282,45,0,7.808864265927978,3.6338127999333665,0.5886096021858975,8.087280702078715,cpu,cuda:0,0,148.1523438,41
2349,1,DDT500_num150.txt,fixed,2805,8,350.625,10.036651611328125,14.263680458068848,6.143617156340042e-06,-5.466666667,-0.338545846,0.15833333134651184,0.014043581672012806,0.13333334028720856,0.18666666746139526,-0.185119877,-0.175307926,0.0010718865814851597,1.034789353609085,0.013638276679557748,0.01241233292967081,0.0003,1010,190,136.10551429761082,14.297735452651978,6.311275243759155,20.609010696411133,1353,0.6258567017503083,0,0,TRUE,pair,367,4.404056700412184,5.886274510483903,48,0,7.643051771117166,4.404056700412184,0.7012900991248898,8.789863699232228,cpu,cuda:0,0,148.1503906,0
2350,1,DDT500_num150.txt,fixed,2837,8,354.625,16.301361083984375,12.571022987365723,9.69047596299788e-06,-5.52,-0.354837422,0.1549999862909317,0.013228758238255978,0.13333334028720856,0.18000000715255737,6.81824583028044e-05,0.0101344434411398,0.000782716428927545,1.0457618151392256,0.011635920284399097,0.04193888501530247,0.0003,1014,186,61.67780638779763,12.589940071105957,33.40614461898804,45.99709630012512,1373,0.5698289994033985,0,0,TRUE,pair,375,3.5369420000351965,5.884384912296547,48,0,7.565333333333333,3.5369420000351965,0.5971198999322951,8.117393701337278,cpu,cuda:0,0,148.1523438,42
2351,1,DDT500_num150.txt,fixed,2757,8,344.625,11.04465389251709,12.204851150512695,6.590020802832441e-06,-5.64,-0.36291567,0.14749999344348907,0.016478100791573524,0.13333334028720856,0.18000000715255737,0.005077279328058164,0.015278745287408432,0.000658462920303767,1.0530696312586467,0.015530955842374775,0.04533868966003259,0.0003,1023,177,67.19526546127915,12.224204063415527,28.805472373962402,41.02967643737793,1345,0.5668345002341084,0,0,TRUE,pair,364,3.5698466998292133,6.002538992176464,50,0,7.574175824175824,3.5698466998292133,0.6059463003766723,7.712051099399105,cpu,cuda:0,0,148.1503906,43
2352,1,DDT500_num150.txt,fixed,2811,8,351.375,9.733158111572266,12.794631958007812,7.5394573286757804e-06,-5.44,-0.352126351,0.1599999964237213,0.014907121658325195,0.14000000059604645,0.18666666746139526,-0.007992937,0.002294571604579687,0.0007472856003525001,1.066115243094308,0.006601947613359828,0.03382486357752766,0.0003,1008,192,68.63700431966105,12.825093030929565,28.129491567611694,40.95458459854126,1338,0.5680339012178592,0,0,TRUE,pair,370,3.821810399997048,6.081109924614959,54,0,7.597297297297297,3.821810399997048,0.609627801051829,8.025676099408884,cpu,cuda:0,0,148.1503906,45
2353,1,DDT500_num150.txt,fixed,2766,8,345.75,11.680645942687988,13.017414093017578,6.615847269131336e-06,-5.573333333,-0.356968997,0.15166665613651276,0.014813659712672234,0.12666666507720947,0.18000000715255737,0.025467312584320705,0.03563128598034382,0.0006885828139881293,1.0508262316385906,0.01754553882528853,0.008463541666666666,0.0003,1018,182,122.89152342327381,13.035987138748169,9.470667839050293,22.507654905319214,1351,0.5910638991626911,0,0,TRUE,pair,359,4.012728600180708,6.080983369659015,48,0,7.704735376044568,4.012728600180708,0.6338382999529131,8.040984399267472,cpu,cuda:0,0,148.1503906,46
2354,1,DDT500_num150.txt,fixed,2786,8,348.25,6.905613422393799,13.151996612548828,5.080050414107973e-06,-5.466666667,-0.337452146,0.15833331644535065,0.007264831569045782,0.14666666090488434,0.1733333319425583,-0.108941757,-0.09875636,0.0006476135604316369,1.0509208639462788,0.010893887257073706,0.01281268266029656,0.0003,1010,190,105.16142252259709,13.169871091842651,13.322733640670776,26.492604732513428,1364,0.6938219006406143,0,0,TRUE,pair,360,3.95646879990818,5.973438620738476,70,0,7.738888888888889,3.95646879990818,0.6457402005326003,8.209996900113765,cpu,cuda:0,0,148.1503906,47
2355,1,DDT500_num150.txt,fixed,2837,8,354.625,13.228165626525879,13.730623245239258,1.5340527170337737e-05,-5.493333333,-0.370353355,0.15666666626930237,0.017950549721717834,0.13333334028720856,0.18666666746139526,-0.087353892,-0.077361574,0.0009567922970745713,1.0470709800720215,0.008019943441468058,0.02277092111762613,0.0003,1012,188,108.9825870794856,13.752225637435913,12.27945590019226,26.031681537628174,1348,0.6124300010851584,0,0,TRUE,pair,373,4.19164090056438,6.053577722022346,48,0,7.605898123324397,4.19164090056438,0.6741260014241561,8.507357497874182,cpu,cuda:0,0,148.1523438,49
2356,1,DDT500_num150.txt,fixed,2779,8,347.375,11.936681747436523,12.64048957824707,1.2402349966578186e-05,-5.546666667,-0.382614665,0.15333332121372223,0.01632993295788765,0.11999999731779099,0.1733333319425583,-0.002598343,0.007567086306057479,0.0007631809046295913,1.0547020560816716,0.011487699505730569,0.04037945907513954,0.0003,1016,184,45.96769841429342,12.66989254951477,47.785603284835815,60.455495834350586,1368,0.5926156998611987,0,0,TRUE,pair,369,3.652717799996026,6.122706009613262,40,0,7.531165311653116,3.652717799996026,0.6143485993961804,8.045700898917858,cpu,cuda:0,0,148.1503906,50
2357,1,DDT500_num150.txt,fixed,2777,8,347.125,14.190114974975586,13.630386352539062,8.113241165119689e-06,-5.506666667,-0.388896533,0.15583331882953644,0.00939119141548872,0.14666666090488434,0.1733333319425583,0.023423113549749058,0.03329487765828768,0.0011190220781524356,1.0431275516748428,0.011766518817845887,0.03586403792724013,0.0003,1013,187,66.31834550062595,13.648035764694214,28.225747108459473,41.87378287315369,1351,0.636616499396041,0,0,TRUE,pair,376,4.153261699771974,6.101908534561338,56,0,7.38563829787234,4.153261699771974,0.6920647969818674,8.426603899279144,cpu,cuda:0,0,148.1503906,52
2358,1,DDT500_num150.txt,fixed,2849,8,356.125,5.8829731941223145,15.175590515136719,7.223728971439414e-06,-5.373333333,-0.31749339,0.164166659116745,0.011989581398665905,0.14666666090488434,0.18000000715255737,0.054842439480125904,0.06454943834493558,0.0014181854833926384,1.0416086961825688,0.011502176479552872,0.024448506301268935,0.0003,1003,197,70.57993329301844,15.200698375701904,25.16488242149353,40.365580797195435,1380,0.6850481999572366,0,0,TRUE,pair,364,4.832742899423465,6.175500174998065,50,0,7.826923076923077,4.832742899423465,0.7632905000355095,9.184708601038437,cpu,cuda:0,0,148.1523438,52
2359,1,DDT500_num150.txt,fixed,2736,8,342,5.5677642822265625,14.35987663269043,8.869684279488865e-06,-5.706666667,-0.356373013,0.1433333307504654,0.009428090415894985,0.12666666507720947,0.1599999964237213,-0.063860874,-0.054179986,0.0019207546720281243,1.0641264220078785,0.01132777856279669,0.03923415237416824,0.0003,1028,172,65.61244480824347,14.385398626327515,27.31400775909424,41.69940638542175,1310,0.6413382990285754,0,0,TRUE,pair,356,4.659135200665332,6.166666666318101,60,0,7.685393258426966,4.659135200665332,0.75265360227786,8.56630190188298,cpu,cuda:0,0,148.14990234375,45
2360,1,DDT500_num150.txt,fixed,2800,8,350,8.185352325439453,13.169721603393555,1.8279102732776664e-05,-5.546666667,-0.361747453,0.15333333611488342,0.013743686489760876,0.11999999731779099,0.1666666716337204,0.046309226751327516,0.05545186400413513,0.0026407041703350844,1.0462987661361693,0.012223721697228029,0.00909081632271409,0.0003,1016,184,107.39992401378763,13.224128484725952,12.846653461456299,26.07078194618225,1343,0.6028164008166641,0,0,TRUE,pair,362,4.0261299997218885,5.891785713008472,40,0,7.734806629834254,4.0261299997218885,0.6340570003958419,8.16423930041492,cpu,cuda:0,0,148.1503906,45
2361,1,DDT500_num150.txt,fixed,2806,8,350.75,9.256753921508789,13.817298889160156,5.436780156742316e-06,-5.493333333,-0.361239295,0.15666665136814117,0.010540926828980446,0.14666666090488434,0.1733333319425583,0.016859118234027515,0.021757194433699955,0.0104483519627882,1.012225259434093,0.018338676347246455,0.02038352293047038,0.0003,1012,188,73.02205262551226,13.840144395828247,24.58660340309143,38.42674779891968,1365,0.6163743000361137,0,0,TRUE,pair,362,4.275987399334554,5.702423378984502,50,0,7.751381215469613,4.275987399334554,0.6736066009616479,8.510013300401624,cpu,cuda:0,0,148.1503906,39
2362,1,DDT500_num150.txt,fixed,2820,8,352.5,11.202678680419922,12.583560943603516,1.3006383596803062e-05,-5.613333333,-0.394180726,0.14916665852069855,0.011989577673375607,0.13333334028720856,0.1733333319425583,0.01779347020559586,0.02604013753051941,0.003983389102638914,1.0238362046388478,0.015534719879864357,0.02716198841181512,0.0003,1021,179,63.61546846393258,12.60366678237915,31.72517442703247,44.32884120941162,1378,0.7206277992809191,0,0,TRUE,pair,371,3.578201500698924,5.85673758907521,45,0,7.601078167115903,3.578201500698924,0.6159965005354024,8.063734401133843,cpu,cuda:0,0,148.1523438,41
2363,1,DDT500_num150.txt,fixed,2761,8,345.125,9.306415557861328,13.456033706665039,7.562041901110206e-06,-5.546666667,-0.394738679,0.15333332121372223,0.012472190894186497,0.12666666507720947,0.1666666716337204,-0.03477615,-0.024963274,0.001218223059064864,1.0421984096368153,0.005135660544813921,0.031186324369627982,0.0003,1016,184,41.83419079924567,13.480103492736816,52.51854372024536,65.99864721298218,1337,0.6033127000555396,0,0,TRUE,pair,355,4.11124649993144,5.896414343233948,45,0,7.777464788732394,4.11124649993144,0.6693350998102687,8.32832039881032,cpu,cuda:0,0,148.1503906,41
2364,1,DDT500_num150.txt,fixed,2806,8,350.75,11.840080261230469,14.295702934265137,7.056545655359514e-06,-5.493333333,-0.376093982,0.15666666626930237,0.015275253914296627,0.12666666507720947,0.1733333319425583,0.017399183940142393,0.02736546689023574,0.000851143995532766,1.0391861498355865,0.011376263082638616,0.005331880878657103,0.0003,1012,188,85.49755224636625,14.314437627792358,18.505215406417847,32.819653034210205,1339,0.6810799997765571,0,0,TRUE,pair,373,4.385766400024295,5.819315750515639,45,0,7.522788203753351,4.385766400024295,0.7059386994806118,8.832287399913184,cpu,cuda:0,0,148.1503906,40
2365,1,DDT500_num150.txt,fixed,2809,8,351.125,12.333263397216797,12.964882850646973,7.864199687901419e-06,-5.426666667,-0.370561941,0.16083332896232605,0.016478102654218674,0.14000000059604645,0.18000000715255737,0.011871435834715763,0.021600959274413373,0.0008734851629318049,1.0166266411542892,0.008341381396803627,0.027035813390587766,0.0003,1007,193,68.52918291405028,12.983598470687866,28.006237983703613,40.98983645439148,1350,0.6699484012788162,0,0,TRUE,pair,374,3.939477100444492,5.950160198086053,40,0,7.510695187165775,3.939477100444492,0.6549025009735487,8.032776899985038,cpu,cuda:0,0,148.1503906,40
2366,1,DDT500_num150.txt,fixed,2812,8,351.5,6.745368957519531,12.212905883789062,5.8981499932997394e-06,-5.28,-0.377006755,0.17000000178813934,0.012909945100545883,0.14666666090488434,0.19333332777023315,0.013097925297915935,0.02312221433967352,0.0008719407254830003,1.0460256934165955,0.006124175529112108,0.019822050631046296,0.0003,996,204,79.56413791971993,12.231789588928223,23.110766410827637,35.34255599975586,1329,0.5809131991700269,0,0,TRUE,pair,364,3.3906613000435755,5.977596017154488,54,0,7.725274725274725,3.3906613000435755,0.5905496024060994,7.9154706005356275,cpu,cuda:0,0,148.1503906,0
2367,1,DDT500_num150.txt,fixed,2768,8,346,15.264337539672852,13.948500633239746,9.807092283153906e-06,-5.48,-0.417177032,0.1574999988079071,0.01411756407469511,0.14000000059604645,0.18000000715255737,0.16569372359663248,0.1756993374680557,0.0007426474864284197,1.037694017092387,0.011857600203560045,0.007494089736913641,0.0003,1011,189,135.79974002340094,13.969838857650757,6.413116216659546,20.382955074310303,1350,0.6140205995761789,0,0,TRUE,pair,364,4.4010678001795895,5.961343929085428,44,0,7.604395604395604,4.4010678001795895,0.7492742987815291,8.411846400762442,cpu,cuda:0,0,148.1503906,0
2368,1,DDT500_num150.txt,fixed,2740,8,342.5,11.224971771240234,13.46888256072998,8.320774213643745e-06,-5.44,-0.423062429,0.1599999964237213,0.01855921372771263,0.13333334028720856,0.18666666746139526,-0.004426798,0.005745383186472787,0.001084277994879004,1.0714322990841336,0.012140480693132203,0.034792789051102266,0.0003,1008,192,75.87447181418182,13.487433195114136,22.624844551086426,36.11227774620056,1327,0.6624725999427028,0,0,TRUE,pair,360,4.011264299391769,6.228467152588559,48,0,7.611111111111111,4.011264299391769,0.6885984993423335,8.411589300667401,cpu,cuda:0,0,148.14990234375,45
2369,1,DDT500_num150.txt,fixed,2821,8,352.625,11.357129096984863,12.301870346069336,6.967372428334784e-06,-5.36,-0.420667343,0.16499999165534973,0.007993054576218128,0.15333333611488342,0.18000000715255737,-0.025889593,-0.01638488,0.0013447528638477837,1.0177090338298254,0.010761889404550726,0.026594496864293302,0.0003,1002,198,104.78548058508791,12.32270336151123,14.598965406417847,26.921668767929077,1338,0.6498531005927362,0,0,TRUE,pair,370,3.4758006007177755,5.970932292963587,52,0,7.624324324324324,3.4758006007177755,0.6269905976369046,7.876591301115695,cpu,cuda:0,0,148.1523438,46
2370,1,DDT500_num150.txt,fixed,2827,8,353.375,11.412027359008789,13.346893310546875,7.681371243961621e-06,-5.28,-0.414627545,0.17000000178813934,0.015634719282388687,0.15333333611488342,0.20000000298023224,-0.022103278,-0.012167196,0.001516140012037275,1.069415501185826,0.03471772785009567,0.03905606782063842,0.0003,996,204,59.84247479617239,13.368164539337158,33.87252879142761,47.24069333076477,1347,0.7574550993158482,0,0,TRUE,pair,375,4.098069499828853,6.387336398166188,60,0,7.538666666666667,4.098069499828853,0.6772777987062,8.217391199199483,cpu,cuda:0,0,148.1523438,46
2371,1,DDT500_num150.txt,fixed,2814,8,351.75,11.076438903808594,13.114643096923828,8.635888661956415e-06,-5.546666667,-0.417694017,0.15333332121372223,0.018257418647408485,0.12666666507720947,0.18666666746139526,-0.004275909,0.005530820383379857,0.0010989267563369747,1.0356191595395405,0.011986166524972456,0.048791079161067806,0.0003,1016,184,63.67112982434941,13.13829493522644,31.057559728622437,44.19585466384888,1340,0.5837432010448538,0,0,TRUE,pair,370,3.8489203993813135,6.109808102599593,60,0,7.605405405405405,3.8489203993813135,0.6618436995195225,8.257452599878889,cpu,cuda:0,0,148.1503906,49
2372,1,DDT500_num150.txt,fixed,2762,8,345.25,12.457427978515625,13.25040054321289,8.307099960802589e-06,-5.573333333,-0.405779951,0.15166665613651276,0.012801909819245338,0.12666666507720947,0.1733333319425583,-0.017371664,-0.007177659,0.0009639571944717318,1.0675986508528392,0.013574510909772167,0.04629937411906818,0.0003,1018,182,63.91129023924897,13.269442796707153,29.94670867919922,43.21615147590637,1360,0.5909811003948562,0,0,TRUE,pair,369,4.114396100107115,6.4040550312039475,45,0,7.485094850948509,4.114396100107115,0.6885468005202711,8.022290800116025,cpu,cuda:0,0,148.1503906,50
2373,1,DDT500_num150.txt,fixed,2755,8,344.375,13.692493438720703,11.93216323852539,9.578375284036156e-06,-5.586666667,-0.414992631,0.15083332359790802,0.016976291313767433,0.12666666507720947,0.1733333319425583,-0.022300559,-0.012192026,0.0008744579157792032,1.0545763492584228,0.011113393711275421,0.041284490190446374,0.0003,1019,181,59.8410353678813,11.960867404937744,34.07777452468872,46.038641929626465,1328,0.5472059001331218,0,0,TRUE,pair,362,3.2483133001369424,6.117604355630338,54,0,7.610497237569061,3.2483133001369424,0.5685661996831186,7.804295000096317,cpu,cuda:0,0,148.1503906,50
2374,1,DDT500_num150.txt,fixed,2814,8,351.75,10.940177917480469,12.344244956970215,1.4912124242982827e-05,-5.386666667,-0.37490635,0.16333332657814026,0.008164968341588974,0.15333333611488342,0.18000000715255737,-0.023918852,-0.013967795,0.0011630859153228812,1.053259439766407,0.013729770524150808,0.04528603400103748,0.0003,1004,196,57.54448728178093,12.365209102630615,36.53608679771423,48.90129590034485,1325,0.561822400719393,0,0,TRUE,pair,368,3.4005766000482254,6.163468373525032,60,0,7.646739130434782,3.4005766000482254,0.618383199966047,7.996036799449939,cpu,cuda:0,0,148.1503906,0
2375,1,DDT500_num150.txt,fixed,2769,8,346.125,12.097908020019531,12.924363136291504,3.533585186232813e-05,-5.48,-0.410720123,0.1574999988079071,0.01823839172720909,0.13333334028720856,0.18666666746139526,-0.067169501,-0.056590329,0.0009704973781481385,1.1064419746398926,0.017650146465409005,0.013064236690600714,0.0003,1011,189,140.5366623687365,12.98780608177185,6.715237617492676,19.703043699264526,1340,0.5910022989264689,0,0,TRUE,pair,366,3.8493179995566607,6.336583603930929,50,0,7.565573770491803,3.8493179995566607,0.6415940001024865,8.094189798925072,cpu,cuda:0,0,148.1503906,47
2376,1,DDT500_num150.txt,fixed,2805,8,350.625,6.019499778747559,12.632436752319336,4.9209038479602896e-06,-5.426666667,-0.390447717,0.16083332896232605,0.016478100791573524,0.14666666090488434,0.19333332777023315,-0.022597833,-0.012519343,0.000662055831136448,1.0409517628805978,0.02997697382982421,0.021636312029191425,0.0003,1007,193,93.6237914138849,12.652281284332275,17.30805206298828,29.960333347320557,1343,0.5654583007562906,0,0,TRUE,pair,360,3.739996299962513,6.267379679739369,50,0,7.791666666666667,3.739996299962513,0.6321108019910753,7.926866198016796,cpu,cuda:0,0,148.1503906,45
2377,1,DDT500_num150.txt,fixed,2817,8,352.125,15.325121879577637,13.016468048095703,8.84401197254192e-06,-5.373333333,-0.360671524,0.164166659116745,0.01288302056491375,0.14000000059604645,0.18666666746139526,0.0005772673757746816,0.010787673410959542,0.0006492398824775591,1.053502470254898,0.008356152207852574,0.018906340061221272,0.0003,1003,197,87.89358896907319,13.035006046295166,19.01511311531067,32.050119161605835,1327,0.5868584009003825,0,0,TRUE,pair,370,3.798890800855588,6.157969470222156,40,0,7.613513513513514,3.798890800855588,0.6557310008211061,8.220114901429042,cpu,cuda:0,0,148.1523438,42
2378,1,DDT500_num150.txt,fixed,2785,8,348.125,11.868419647216797,14.706398963928223,1.295383208343992e-05,-5.573333333,-0.39932217,0.15166667103767395,0.015898985788226128,0.12666666507720947,0.1733333319425583,0.037168821319937706,0.047491793520748615,0.0007291790534509346,1.0687560141086578,0.01648286110139452,0.02351187588647008,0.0003,1018,182,105.38536118553779,14.727097272872925,11.6997230052948,26.426820278167725,1350,0.6770031994092278,0,0,TRUE,pair,371,4.591759300092235,6.5012567318106464,50,0,7.506738544474394,4.591759300092235,0.7480593975633383,8.98151310090907,cpu,cuda:0,0,148.1503906,42
2379,1,DDT500_num150.txt,fixed,2785,8,348.125,4.512136459350586,14.2068510055542,4.074098342243815e-06,-5.333333333,-0.373858989,0.1666666567325592,0.012909947894513607,0.14666666090488434,0.18000000715255737,-0.018185517,-0.008321819,0.0016361937353697915,1.0681793451309205,0.0101278302584736,0.047073195998867355,0.0003,1000,200,62.530083732696454,14.224403619766235,30.31415820121765,44.53856182098389,1301,0.619507398805581,0,0,TRUE,pair,356,4.557314399746247,6.491202872959459,45,0,7.823033707865169,4.557314399746247,0.7752260988927446,8.488073899585288,cpu,cuda:0,0,148.1503906,41
2380,1,DDT500_num150.txt,fixed,2822,8,352.75,8.968695640563965,14.89886474609375,6.189706255099736e-06,-5.506666667,-0.37997604,0.15583333373069763,0.013718399219214916,0.14000000059604645,0.18000000715255737,0.007148010190576315,0.016066561453044415,0.0032422409421997145,1.0539672672748566,0.02293026256666053,0.01172896649222821,0.0003,1013,187,106.21993179012298,14.92207384109497,11.645444631576538,26.56751847267151,1358,0.7784705998492427,0,0,TRUE,pair,365,4.742603100195993,6.331325299937534,45,0,7.7315068493150685,4.742603100195993,0.8021134998416528,8.959587698220275,cpu,cuda:0,0,148.1523438,41
2381,1,DDT500_num150.txt,fixed,2708,8,338.5,8.5440034866333,13.644186973571777,6.406321062968345e-06,-5.546666667,-0.389749861,0.15333332121372223,0.01374368742108345,0.12666666507720947,0.1666666716337204,0.006745852530002594,0.016482321545481682,0.0022629043960478157,1.0867921113967896,0.02351870456186589,0.011866311309859157,0.0003,1016,184,118.3276581487312,13.664139747619629,9.22146487236023,22.88560461997986,1297,0.6427741999505088,0,0,TRUE,pair,349,4.18638760043541,6.704209747307409,40,0,7.759312320916905,4.18638760043541,0.717096000618767,8.375973698799498,cpu,cuda:0,0,148.14990234375,41
2382,1,DDT500_num150.txt,fixed,2756,8,344.5,11.180339813232422,12.274639129638672,8.00745783635648e-06,-5.44,-0.409537889,0.15999998152256012,0.008819172158837318,0.15333333611488342,0.18000000715255737,-0.044447847,-0.035250838,0.0030072762863710524,1.070064949989319,0.012225525837857276,0.024219726352021097,0.0003,1008,192,115.41752685884593,12.297848463058472,11.580673933029175,23.878522396087646,1324,0.5652023014845327,0,0,TRUE,pair,364,3.489471699751448,6.523584905227833,45,0,7.571428571428571,3.489471699751448,0.6137680997489952,7.84608429990476,cpu,cuda:0,0,148.1503906,40
2383,1,DDT500_num150.txt,fixed,2819,8,352.375,12.529340744018555,13.588587760925293,8.463020094495732e-06,-5.386666667,-0.345569672,0.16333332657814026,0.011055417358875275,0.15333333611488342,0.18000000715255737,-0.045047494,-0.03505894,0.0008709602116141468,1.0424034595489502,0.01988375571090728,0.015682445839047432,0.0003,1004,196,155.93242092245,13.607372522354126,4.4709718227386475,18.078344345092773,1337,0.5886632999172434,0,0,TRUE,pair,377,4.162063000432681,6.217807732731283,64,0,7.477453580901857,4.162063000432681,0.697296800208278,8.368425598309841,cpu,cuda:0,0,148.1523438,40
2384,1,DDT500_num150.txt,fixed,2767,8,345.875,9.130135536193848,13.005057334899902,6.189706255099736e-06,-5.506666667,-0.374589479,0.15583331882953644,0.011516896076500416,0.14000000059604645,0.1733333319425583,0.01661428324878216,0.02701594545505941,0.0007756840670481325,1.0789505243301392,0.02288955806870945,0.018084695003926753,0.0003,1013,187,109.77809462587075,13.026075601577759,12.179317235946655,25.205392837524414,1325,0.5938939016195945,0,0,TRUE,pair,361,3.8659179998212494,6.391037223655307,45,0,7.664819944598338,3.8659179998212494,0.666258699784521,8.129977501288522,cpu,cuda:0,0,148.1503906,0
2385,1,DDT500_num150.txt,fixed,2793,8,349.125,9.373332977294922,13.358248710632324,6.868772743473528e-06,-5.426666667,-0.358867024,0.16083334386348724,0.01681186631321907,0.13333334028720856,0.18666666746139526,-0.081924297,-0.071508171,0.0006045929912943393,1.0718423128128052,0.013202084985096008,0.009237651363946497,0.0003,1007,193,115.67496301019015,13.377550601959229,10.767691612243652,24.14524221420288,1348,0.6993461009114981,0,0,TRUE,pair,361,3.768241100187879,6.403866808942856,48,0,7.7368421052631575,3.768241100187879,0.6783311996259727,8.554667700314894,cpu,cuda:0,0,148.1503906,41
2386,1,DDT500_num150.txt,fixed,2799,8,349.875,7.736884117126465,13.326681137084961,7.056545655359514e-06,-5.506666667,-0.360243004,0.15583333373069763,0.01151689700782299,0.13333334028720856,0.1666666716337204,-0.0044299,0.0059271689504385,0.0007959171857995291,1.0755029916763306,0.012301075108310518,0.035164876654744145,0.0003,1013,187,56.74296658368382,13.345968246459961,35.98173117637634,49.327699422836304,1346,0.5961735997116193,0,0,TRUE,pair,360,4.004144299135078,6.314040727639207,54,0,7.775,4.004144299135078,0.6621421005693264,8.304348099743947,cpu,cuda:0,0,148.1503906,45
2387,1,DDT500_num150.txt,fixed,2845,8,355.625,13.619264602661133,14.052616119384766,8.327602699864656e-06,-5.413333333,-0.36960361,0.1616666615009308,0.01848422735929489,0.12666666507720947,0.19333332777023315,-0.000770125,0.009161241973439852,0.0009295752000374099,1.0396155383851793,0.017659166442980576,0.016075291205197573,0.0003,1006,194,74.77492304874576,14.070285081863403,23.977229833602905,38.04751491546631,1372,0.6133093990501948,0,0,TRUE,pair,375,4.393097299791407,6.1543057999837165,45,0,7.586666666666667,4.393097299791407,0.747655300074257,8.531049599929247,cpu,cuda:0,0,148.1523438,46
2388,1,DDT500_num150.txt,fixed,2813,8,351.625,16.038528442382812,13.472441673278809,8.77950333233457e-06,-5.6,-0.394357022,0.14999999105930328,0.014907119795680046,0.12666666507720947,0.1733333319425583,0.005654955489767922,0.015870110028319888,0.0009087349236425427,1.066952109336853,0.013800847350567993,0.044558747878505126,0.0003,1020,180,71.0822344592394,13.490641593933105,26.08324098587036,39.57388257980347,1356,0.59912050049752,0,0,TRUE,pair,376,4.214947500207927,6.0650551031799536,40,0,7.4813829787234045,4.214947500207927,0.688377198704984,8.209278001100756,cpu,cuda:0,0,148.1503906,50
2389,1,DDT500_num150.txt,fixed,2812,8,351.5,7.158910751342773,12.628294944763184,6.47691604171996e-06,-5.453333333,-0.390674011,0.15916666388511658,0.015069286338984966,0.14000000059604645,0.18000000715255737,-0.076260264,-0.066239579,0.0009811358468141407,1.051125094294548,0.017040272869053297,0.024415560415945947,0.0003,1009,191,127.27914814790354,12.647340297698975,9.445830821990967,22.09317111968994,1366,0.6950101011316292,0,0,TRUE,pair,362,3.5570237999781966,6.0654338536357475,55,0,7.767955801104972,3.5570237999781966,0.6139160025049932,8.123073599126656,cpu,cuda:0,0,148.1503906,49
2390,1,DDT500_num150.txt,fixed,2825,8,353.125,18.251283645629883,15.37807559967041,1.078959303413285e-05,-5.546666667,-0.400273861,0.15333333611488342,0.010000000707805157,0.14000000059604645,0.1733333319425583,-0.020412132,-0.010199592,0.0007554884341516299,1.059028472751379,0.009210366341903864,0.02457106205110904,0.0003,1016,184,50.64937906713231,15.402216911315918,40.373392820358276,55.775609731674194,1372,0.7136126015684567,0,0,TRUE,pair,376,4.960015200602356,6.007787612391784,42,0,7.513297872340425,4.960015200602356,0.7712771986261941,9.234799502242822,cpu,cuda:0,0,148.1523438,50
2391,1,DDT500_num150.txt,fixed,2818,8,352.25,8.302861213684082,14.694241523742676,6.810596914874623e-06,-5.4,-0.401101265,0.16249999403953552,0.024022558704018593,0.11999999731779099,0.19333332777023315,-0.05062761,-0.040809048,0.0010783316489929955,1.0357732077439625,0.01720554320490919,0.022171875927597284,0.0003,1005,195,93.58432895118405,14.716813564300537,15.395065546035767,30.111879110336304,1357,0.6777403986779973,0,0,TRUE,pair,366,4.5602691999520175,5.979063165534718,45,0,7.699453551912568,4.5602691999520175,0.7891902999253944,8.943143299373332,cpu,cuda:0,0,148.1523438,0
2392,1,DDT500_num150.txt,fixed,2877,8,359.625,11.56435775756836,12.564220428466797,6.244564247026574e-06,-5.413333333,-0.409088573,0.1616666615009308,0.01878238283097744,0.12666666507720947,0.18666666746139526,-0.108565781,-0.098784813,0.0008308159145103259,1.019637487151406,0.015664955630861434,0.046400722454894676,0.0003,1006,194,76.92201673597461,12.58387541770935,24.81764006614685,37.4015154838562,1390,0.5931055011460558,0,0,TRUE,pair,379,3.6311006997711957,5.937087244899645,60,0,7.591029023746702,3.6311006997711957,0.6008050993550569,7.999962498957757,cpu,cuda:0,0,148.1523438,51
2393,1,DDT500_num150.txt,fixed,2851,8,356.375,8.184398651123047,14.286434173583984,6.189706255099736e-06,-5.6,-0.403342482,0.14999999105930328,0.015634721145033836,0.11999999731779099,0.1733333319425583,-0.054384231,-0.044745476,0.0007542986568296328,1.0015903115272522,0.013473543975123903,0.04286932642571628,0.0003,1020,180,83.39154735672508,14.312455892562866,19.875661373138428,34.188117265701294,1373,0.6895376988104545,0,0,TRUE,pair,367,4.398277900472749,5.787793755322245,39,0,7.768392370572207,4.398277900472749,0.7320049984846264,8.762020901660435,cpu,cuda:0,0,148.1523438,49
2394,1,DDT500_num150.txt,fixed,2730,8,341.25,7.996092796325684,12.567262649536133,6.189706255099736e-06,-5.56,-0.390250648,0.1524999886751175,0.01808544620871544,0.12666666507720947,0.18000000715255737,-0.004797486,0.005447862475800018,0.0009330348596752932,1.0711866368850071,0.007785916900199179,0.03513331878154228,0.0003,1017,183,40.56941244955485,12.588245391845703,54.70383095741272,67.29207634925842,1354,0.6771222007810138,0,0,TRUE,pair,353,3.7277100005885586,6.057875457264128,80,0,7.73371104815864,3.7277100005885586,0.6095587997115217,7.900597399973776,cpu,cuda:0,0,148.14990234375,43
2395,1,DDT500_num150.txt,fixed,2808,8,351,10.22252368927002,13.627498626708984,6.235454748093616e-06,-5.52,-0.400786595,0.1550000011920929,0.013642256148159504,0.13333334028720856,0.18000000715255737,-0.016864916,-0.006625184,0.000801602591915677,1.0640533765157063,0.01131937259924598,0.035573604283854365,0.0003,1014,186,113.85220717259863,13.661600589752197,11.001952886581421,24.663553476333618,1376,0.6403825001325458,0,0,TRUE,pair,360,4.100598799064755,6.026353275758928,54,0,7.8,4.100598799064755,0.6849152997601777,8.478865701006725,cpu,cuda:0,0,148.1503906,41
2396,1,DDT500_num150.txt,fixed,2838,8,354.75,12.00780963897705,13.310640335083008,9.047348612511996e-06,-5.493333333,-0.393319349,0.15666665136814117,0.014142136089503765,0.14000000059604645,0.18666666746139526,0.1026641245931387,0.11354041993618011,0.0006224209209904075,1.118750524520874,0.009561620544991456,0.025250589847564696,0.0003,1012,188,115.66703154753347,13.331385612487793,11.204560041427612,24.535945653915405,1370,0.6034245018963702,0,0,TRUE,pair,378,4.060360299365129,5.754756870363866,42,0,7.507936507936508,4.060360299365129,0.6445895000360906,8.25888510083314,cpu,cuda:0,0,148.1523438,42
2397,1,DDT500_num150.txt,fixed,2749,8,343.625,14.238482475280762,13.677085876464844,8.66217669681646e-06,-5.533333333,-0.388559337,0.15416665375232697,0.013514396734535694,0.14000000059604645,0.18666666746139526,-0.030112696,-0.01983862,0.0007778291384546229,1.0662992000579834,0.01714600679500878,0.023846168250132065,0.0003,1015,185,63.91417880272343,13.696110486984253,29.314690113067627,43.01080060005188,1323,0.6935755996964872,0,0,TRUE,pair,373,4.285966999945231,5.89850854786928,50,0,7.369973190348525,4.285966999945231,0.7180387008702382,8.307059900835156,cpu,cuda:0,0,148.14990234375,40
2398,1,DDT500_num150.txt,fixed,2867,8,358.375,15.715736389160156,13.541916847229004,2.0112129277549684e-05,-5.36,-0.371947234,0.16500000655651093,0.016583126038312912,0.14000000059604645,0.18000000715255737,-0.031733718,-0.021558725,0.0008262546893785752,1.058811902999878,0.01070181381267806,0.04905930777922982,0.0003,1002,198,42.58938780951437,13.577297925949097,53.739941120147705,67.3172390460968,1382,0.608077799261082,0,0,TRUE,pair,387,4.2265477002365515,5.630275548024173,36,0,7.40826873385013,4.2265477002365515,0.6943552007433027,8.263336201780476,cpu,cuda:0,0,148.1523438,41
2399,1,DDT500_num150.txt,fixed,2781,8,347.625,5.543859004974365,13.423478126525879,4.978326160198776e-06,-5.373333333,-0.379563969,0.164166659116745,0.017931198701262474,0.12666666507720947,0.18666666746139526,-0.004430214,0.006025608163326979,0.0009276442454263036,1.091964338506971,0.009394709742602052,0.03591830602713993,0.0003,1003,197,64.76807631914109,13.442585706710815,29.49523425102234,42.937819957733154,1329,0.687224501860328,0,0,TRUE,pair,358,4.226777799718548,6.025170801012519,45,0,7.768156424581005,4.226777799718548,0.6507941994350404,8.199306001071818,cpu,cuda:0,0,148.1503906,40
2400,1,DDT500_num150.txt,fixed,2836,8,354.5,10.319883346557617,14.67860221862793,6.768736511730822e-06,-5.48,-0.357883218,0.1574999988079071,0.020799973979592323,0.13333334028720856,0.20000000298023224,-0.010589077,-0.000653485,0.0011466053605545313,1.0508894443511962,0.011706431873972179,0.018510071188211442,0.0003,1011,189,69.2723353700272,14.697562217712402,26.24230194091797,40.93986415863037,1358,0.6670226002461277,0,0,TRUE,pair,376,4.55620579974493,5.809590972445075,48,0,7.542553191489362,4.55620579974493,0.7598594987648539,8.972438997589052,cpu,cuda:0,0,148.1523438,41
2401,1,DDT500_num150.txt,fixed,2854,8,356.75,11.35506534576416,12.765151023864746,5.936574780207593e-06,-5.493333333,-0.375007597,0.15666666626930237,0.0110554164275527,0.13333334028720856,0.1666666716337204,-0.045150043,-0.035165954,0.0005933769231584544,1.0280776818593342,0.019664394333328044,0.027417345981424052,0.0003,1012,188,114.68795290821835,12.783748149871826,12.10116720199585,24.884915351867676,1372,0.5817205004277639,0,0,TRUE,pair,383,3.617572099377867,5.7578836720392435,45,0,7.4516971279373365,3.617572099377867,0.6403239996288903,8.170116401277483,cpu,cuda:0,0,148.1523438,42
2402,1,DDT500_num150.txt,fixed,2793,8,349.125,15.25153636932373,15.35459041595459,7.76234628574457e-06,-5.56,-0.372797358,0.1524999886751175,0.01175561174750328,0.13333334028720856,0.1733333319425583,0.017897738542939936,0.028080877465462045,0.0007015524731416788,1.0533915587833949,0.006862508620802795,0.027092210416282927,0.0003,1017,183,89.83100867071147,15.374356985092163,15.71735668182373,31.091713666915894,1361,0.7989657988655381,0,0,TRUE,pair,374,5.113051799184177,5.799498748147611,48,0,7.467914438502674,5.113051799184177,0.8100111997919157,9.024339399533346,cpu,cuda:0,0,148.1503906,42
2403,1,DDT500_num150.txt,fixed,2709,8,338.625,17.29116439819336,11.653121948242188,1.2222295481478795e-05,-5.6,-0.385742021,0.14999999105930328,0.014142136089503765,0.11999999731779099,0.1666666716337204,0.009930475614964962,0.020106445997953415,0.0007875075680203736,1.0569727420806885,0.012710796361716348,0.004673549206927419,0.0003,1020,180,122.60727905086449,11.670393943786621,10.42454218864441,22.09493613243103,1321,0.6273445999831893,0,0,TRUE,pair,360,3.2514966994640417,5.882613512016654,40,0,7.525,3.2514966994640417,0.5784720990341157,7.516583098855335,cpu,cuda:0,0,148.14990234375,44
2404,1,DDT500_num150.txt,fixed,2757,8,344.625,9.784394264221191,13.776227951049805,6.793883585487492e-06,-5.506666667,-0.378943404,0.15583333373069763,0.016645822674036026,0.13333334028720856,0.18000000715255737,-0.006249661,0.0038084658195397685,0.0008116344189537423,1.0463945397308894,0.01434502777003997,0.041073378308543136,0.0003,1013,187,56.41433186878907,13.803351163864136,35.067209005355835,48.87056016921997,1306,0.6179534997791052,0,0,TRUE,pair,360,4.370017200068105,5.861806311294312,45,0,7.658333333333333,4.370017200068105,0.69726619834546,8.342672797851264,cpu,cuda:0,0,148.1503906,47
2405,1,DDT500_num150.txt,fixed,2784,8,348,11.989579200744629,14.097845077514648,8.286546290037222e-06,-5.573333333,-0.383148142,0.15166665613651276,0.011902381666004658,0.14000000059604645,0.1733333319425583,0.011880495119839907,0.02199490585674842,0.0007928288153683146,1.051082452138265,0.009767867260961793,0.032948040791476764,0.0003,1018,182,101.0190249168544,14.1174156665802,13.441749572753906,27.559165239334106,1401,0.6994837002712302,0,0,TRUE,pair,371,4.232603300071787,5.693247125580393,50,0,7.504043126684636,4.232603300071787,0.7218856998952106,8.757723501941655,cpu,cuda:0,0,148.1503906,0
2406,1,DDT500_num150.txt,fixed,2775,8,346.875,13.950246810913086,12.358280181884766,8.792442713456694e-06,-5.533333333,-0.359713661,0.15416665375232697,0.013514396734535694,0.14000000059604645,0.18666666746139526,0.004867764274505052,0.01485263033431362,0.0007369832125153731,1.035335819829594,0.010304811115433537,0.03253029989586635,0.0003,1015,185,45.634312549120565,12.378971576690674,48.43053436279297,60.80950593948364,1365,0.5648968994501047,0,0,TRUE,pair,378,3.6786001005093567,5.670990990905074,35,0,7.341269841269841,3.6786001005093567,0.5993117002071813,7.662494502204936,cpu,cuda:0,0,148.1503906,49
2407,1,DDT500_num150.txt,fixed,2831,8,353.875,11.1404390335083,15.29682445526123,7.740346518403385e-06,-5.306666667,-0.349095044,0.16833335161209106,0.01404358446598053,0.14666666090488434,0.18666666746139526,-0.03130737,-0.021548072,0.0011011118913302198,1.030984491109848,0.010093791070971747,0.00441360502736643,0.0003,998,202,102.00082302824968,15.319888353347778,12.434789657592773,27.75467801094055,1360,0.8024911012034863,0,0,TRUE,pair,373,4.503416199237108,5.665135993000813,35,0,7.589812332439679,4.503416199237108,0.8010259986040182,9.577224400884006,cpu,cuda:0,0,148.1523438,50
2408,1,DDT500_num150.txt,fixed,2826,8,353.25,7.838207721710205,13.601274490356445,6.564092473126948e-06,-5.413333333,-0.344173744,0.1616666615009308,0.012801911681890488,0.14666666090488434,0.18666666746139526,-0.013139645,-0.003055838,0.0007262696259810278,1.0446942216820188,0.008440070276265033,0.03963892045430839,0.0003,1006,194,53.08545234652924,13.620299339294434,39.61462426185608,53.23492360115051,1354,0.617244100139942,0,0,TRUE,pair,365,4.002207199751865,5.617834394566994,50,0,7.742465753424658,4.002207199751865,0.6815555014763959,8.550161800638307,cpu,cuda:0,0,148.1523438,51
2409,1,DDT500_num150.txt,fixed,2811,8,351.375,17.89509391784668,13.683313369750977,5.228057852946222e-05,-5.386666667,-0.360067858,0.16333332657814026,0.01632993295788765,0.13333334028720856,0.18000000715255737,-0.035404458,-0.025419155,0.0007243257805384928,1.0347466059029102,0.006090350778322318,0.022396084532374516,0.0003,1004,196,61.247027003086274,13.709091901779175,32.187013387680054,45.89610528945923,1354,0.7118481999495998,0,0,TRUE,pair,375,4.028680500341579,5.700462468872288,40,0,7.496,4.028680500341579,0.7044591981102712,8.585801700421143,cpu,cuda:0,0,148.1503906,47
2410,1,DDT500_num150.txt,fixed,2815,8,351.875,12.88834285736084,13.067559242248535,8.60951877257321e-06,-5.493333333,-0.347994842,0.15666666626930237,0.013743685558438301,0.13333334028720856,0.18000000715255737,-0.000118445,0.010116906526188055,0.0007347369372534255,1.0602720379829407,0.009031070786295458,0.02743267556652427,0.0003,1012,188,64.32039557719104,13.085635423660278,30.67964267730713,43.76527810096741,1366,0.6025698015582748,0,0,TRUE,pair,380,3.8907842005137354,5.732859681469932,36,0,7.407894736842105,3.8907842005137354,0.625931900634896,8.209312400897034,cpu,cuda:0,0,148.1503906,44
2411,1,DDT500_num150.txt,fixed,2740,8,342.5,10.307764053344727,13.479604721069336,8.00745783635648e-06,-5.6,-0.354612052,0.14999999105930328,0.015275253914296627,0.12666666507720947,0.18000000715255737,-0.025944703,-0.015502883,0.0006764737627236173,1.0780057931939762,0.004574467113343417,0.039694217402332775,0.0003,1020,180,42.19926376479366,13.498567819595337,51.431474924087524,64.93004274368286,1339,0.636210200667847,0,0,TRUE,pair,357,4.057745599769987,5.7215328465413,40,0,7.675070028011205,4.057745599769987,0.6999361026682891,8.354199299763422,cpu,cuda:0,0,148.14990234375,42
2412,1,DDT500_num150.txt,fixed,2811,8,351.375,12.398966789245605,12.459654808044434,7.056545655359514e-06,-5.453333333,-0.342858799,0.15916666388511658,0.02196904458105564,0.11999999731779099,0.18666666746139526,-0.009088001,0.001095148113866647,0.0008691547094106985,1.0617727786302567,0.008727190594678783,0.04141107570224752,0.0003,1009,191,43.489000800597935,12.476759910583496,52.16027355194092,64.63703346252441,1375,0.6824118008371443,0,0,TRUE,pair,365,3.539380000089295,5.523657060186874,35,0,7.701369863013698,3.539380000089295,0.6073116001789458,7.990864599880297,cpu,cuda:0,0,148.1503906,41
2413,1,DDT500_num150.txt,fixed,2767,8,345.875,12.633660316467285,13.636571884155273,9.818678336159792e-06,-5.56,-0.347972529,0.1524999886751175,0.010240170173346996,0.13333334028720856,0.1666666716337204,-0.025725323,-0.015255902,0.0006869497657236126,1.08128954966863,0.010201043031378908,0.025242753689073853,0.0003,1017,183,46.932208732663625,13.655843019485474,45.30153560638428,58.95737862586975,1363,0.6235856994753703,0,0,TRUE,pair,364,4.155163100571372,5.7405131914402805,50,0,7.601648351648351,4.155163100571372,0.6835454005631618,8.446188896719832,cpu,cuda:0,0,148.1503906,40
2414,1,DDT500_num150.txt,fixed,2776,8,347,13.509256362915039,13.143651962280273,9.672862688603345e-06,-5.506666667,-0.350539948,0.15583331882953644,0.009965217672288418,0.14000000059604645,0.1733333319425583,-0.020781511,-0.010473124,0.0009247210109606385,1.0770748002188546,0.008008717517311328,0.04022201632947794,0.0003,1013,187,61.29497325526668,13.169993877410889,32.11920118331909,45.28919506072998,1391,0.6195632999879308,0,0,TRUE,pair,363,3.8657563001615927,5.688040343502413,35,0,7.647382920110193,3.8657563001615927,0.643903900985606,8.283987900416832,cpu,cuda:0,0,148.1503906,41
2415,1,DDT500_num150.txt,fixed,2834,8,354.25,13.311179161071777,13.945048332214355,7.592050224047853e-06,-5.4,-0.342487338,0.16250000894069672,0.015612494200468063,0.13333334028720856,0.18000000715255737,-0.045391871,-0.035099545,0.0006599624495720491,1.062230920791626,0.012030836880148854,0.04797962056472897,0.0003,1005,195,84.02167568632744,13.962604284286499,19.76678729057312,33.72939157485962,1377,0.6752164987265132,0,0,TRUE,pair,371,3.945624700107146,5.732886379507114,50,0,7.638814016172507,3.945624700107146,0.6832358005340211,8.949588799267076,cpu,cuda:0,0,148.1523438,44
2416,1,DDT500_num150.txt,fixed,2763,8,345.375,14.551095008850098,13.914994239807129,3.0221846827771515e-05,-5.56,-0.367242817,0.1524999886751175,0.0171391349285841,0.13333334028720856,0.18666666746139526,-0.009449523,0.0010999418795108796,0.000710308738052845,1.090461927652359,0.010614591937337537,0.03517956370487809,0.0003,1017,183,68.40554071292881,13.935244083404541,26.456220865249634,40.391464948654175,1376,0.7280862984480336,0,0,TRUE,pair,366,4.233745399687905,5.771625045499549,60,0,7.549180327868853,4.233745399687905,0.7176951020956039,8.590439499763306,cpu,cuda:0,0,148.1503906,45
2417,1,DDT500_num150.txt,fixed,2707,8,338.375,6.243746757507324,12.604833602905273,5.80097457714146e-06,-5.68,-0.375601168,0.14499999582767487,0.012801911681890488,0.12666666507720947,0.1666666716337204,0.0759612275287509,0.08640366792678833,0.0006926949135959148,1.0788786113262177,0.01215797887834924,0.013752933591604233,0.0003,1026,174,129.21776740230175,12.626626014709473,8.322505474090576,20.94913148880005,1333,0.5602642007288523,0,0,TRUE,pair,350,3.6574098992859945,5.801625415677288,54,0,7.734285714285714,3.6574098992859945,0.6604413009481505,7.953585600247607,cpu,cuda:0,0,148.14990234375,45
2418,1,DDT500_num150.txt,fixed,2707,8,338.375,8.65935230255127,12.174459457397461,6.793883585487492e-06,-5.546666667,-0.375272211,0.15333333611488342,0.009428093209862709,0.14000000059604645,0.1666666716337204,-0.026266775,-0.015759925,0.000729918152501341,1.0871810019016266,0.006519972854221123,0.018683340516872704,0.0003,1016,184,89.57312361248304,12.192733764648438,18.028384923934937,30.221118688583374,1340,0.5578935000812635,0,0,TRUE,pair,353,3.5508832004270516,5.837458441254834,50,0,7.668555240793201,3.5508832004270516,0.6073735021636821,7.698311899148393,cpu,cuda:0,0,148.14990234375,48
2419,1,DDT500_num150.txt,fixed,2780,8,347.5,7.245688438415527,13.278241157531738,6.189706255099736e-06,-5.546666667,-0.39255712,0.15333332121372223,0.00942808948457241,0.13333334028720856,0.1666666716337204,-0.01925395,-0.009111469,0.0007552918395958841,1.0520127236843109,0.005033766434644349,0.019538806681521238,0.0003,1016,184,85.2721742852558,13.297778606414795,19.303712129592896,32.60149073600769,1374,0.6344671001425013,0,0,TRUE,pair,357,3.8561296003172174,5.546762588641626,36,0,7.787114845938375,3.8561296003172174,0.6607772002462298,8.295685500313994,cpu,cuda:0,0,148.1503906,48
2420,1,DDT500_num150.txt,fixed,2727,8,340.875,16.510887145996094,13.977782249450684,8.449575943814125e-06,-5.6,-0.401250142,0.14999999105930328,0.015986105427145958,0.1133333370089531,0.1666666716337204,-0.034704588,-0.024397892,0.0009608082599816439,1.0787099081536997,0.009192748678090182,0.03940605584774976,0.0003,1020,180,42.28949595902863,13.99625849723816,50.487839460372925,64.48409795761108,1367,0.6558494991040789,0,0,TRUE,pair,364,4.347830298822373,5.710671068,40,0,7.491758241758242,4.347830298822373,0.7358009001472965,8.513765099341981,cpu,cuda:0,0,148.14990234375,51
2421,1,DDT500_num150.txt,fixed,2753,8,344.125,10.117280960083008,13.977648735046387,7.1206973188964184e-06,-5.533333333,-0.402352158,0.15416665375232697,0.010769040323793888,0.13333334028720856,0.1666666716337204,-0.001438804,0.009204067018193504,0.0007858826647861861,1.1035812571644783,0.011927093707072345,0.04591691064221474,0.0003,1015,185,42.18976137220088,13.999808311462402,51.25299024581909,65.2527985572815,1355,0.6448028000304475,0,0,TRUE,pair,364,4.594636498950422,5.8964765716196625,52,0,7.563186813186813,4.594636498950422,0.732618400012143,8.280499800050166,cpu,cuda:0,0,148.1503906,0
2422,1,DDT500_num150.txt,fixed,2818,8,352.25,14.872373580932617,12.308039665222168,9.841807695920579e-06,-5.453333333,-0.396208506,0.15916666388511658,0.013096864335238934,0.14000000059604645,0.18000000715255737,-0.009072185,0.0005826113576238805,0.0024154620848342097,1.086252678524364,0.031379527196391296,0.029666463474065742,0.0003,1009,191,43.69580479375996,12.327422380447388,52.16389465332031,64.4913170337677,1352,0.5783594997483306,0,0,TRUE,pair,376,3.5134852001210675,5.586941092043078,40,0,7.49468085106383,3.5134852001210675,0.5871140005765483,7.889529799460433,cpu,cuda:0,0,148.1523438,44
2423,1,DDT500_num150.txt,fixed,2702,8,337.75,11.594718933105469,11.862244606018066,6.760333690181142e-06,-5.733333333,-0.490444386,0.14166666567325592,0.012801908887922764,0.11999999731779099,0.1599999964237213,-0.043650267,-0.034071946,0.002789490254751096,1.0973070512215297,0.007062298026539793,0.03647678092238493,0.0003,1030,170,40.933450528670264,11.884862184524536,54.12472081184387,66.00958299636841,1377,0.5555808005155995,0,0,TRUE,pair,357,3.412481800885871,5.7105847495648705,32,0,7.568627450980392,3.412481800885871,0.5676752998260781,7.574904199747834,cpu,cuda:0,0,148.14990234375,42
2424,1,DDT500_num150.txt,fixed,2740,8,342.5,9.219544410705566,13.479455947875977,5.447225248644827e-06,-5.626666667,-0.512803961,0.1483333259820938,0.007993051782250404,0.14000000059604645,0.1599999964237213,0.1489201212922732,0.15937677274147669,0.0007729721837677062,1.084313193957011,0.016044993996426154,0.015148969988028208,0.0003,1022,178,133.59182552927587,13.496829748153687,7.013407230377197,20.510236978530884,1344,0.6051465994096361,0,0,TRUE,pair,353,4.3590231001144275,5.736496349407808,36,0,7.762039660056657,4.3590231001144275,0.6764410994946957,8.100167402648367,cpu,cuda:0,0,148.14990234375,40
2425,1,DDT500_num150.txt,fixed,2741,8,342.625,9.655795097351074,11.577203750610352,7.47889862395823e-06,-5.533333333,-0.49518117,0.15416665375232697,0.013919411227107048,0.14000000059604645,0.18666666746139526,-0.027836502,-0.017607215,0.0012390392774250358,1.084880715608597,0.0129913506543744,0.053423455567099154,0.0003,1015,185,50.93159460971721,11.594897031784058,42.22238516807556,53.81728219985962,1377,0.5553551990306005,0,0,TRUE,pair,352,3.264969899901189,5.666545057418528,35,0,7.786931818181818,3.264969899901189,0.5418146009324118,7.474357697297819,cpu,cuda:0,0,148.14990234375,39
2426,1,DDT500_num150.txt,fixed,2766,8,345.75,9.73075008392334,13.76678466796875,1.1916159564862028e-05,-5.48,-0.495036885,0.1574999988079071,0.007406831718981266,0.14666666090488434,0.1666666716337204,-0.033004591,-0.022996534,0.0013874896831111982,1.0701799904821778,0.008651573284706419,0.037312890138392424,0.0003,1011,189,40.61694718850301,13.787734746932983,54.31191802024841,68.0996527671814,1353,0.6394211996812373,0,0,TRUE,pair,361,4.090352599916514,5.759942154218904,50,0,7.662049861495845,4.090352599916514,0.6929203986655921,8.617087599763181,cpu,cuda:0,0,148.1503906,40
2427,1,DDT500_num150.txt,fixed,2714,8,339.25,19.376209259033203,12.206062316894531,1.3633707567350939e-05,-5.64,-0.51319657,0.14749999344348907,0.015789411962032318,0.12666666507720947,0.1733333319425583,-0.009037534,0.0009359917603433132,0.0023813256120774895,1.1164189875125885,0.012666906613048923,0.03357530903303996,0.0003,1023,177,58.12091038809916,12.232811689376831,34.46294689178467,46.6957585811615,1320,0.5594464994501323,0,0,TRUE,pair,361,3.5517745995312,5.877302876402546,48,0,7.518005540166205,3.5517745995312,0.5932538986671716,7.746058301010635,cpu,cuda:0,0,148.14990234375,42
2428,1,DDT500_num150.txt,fixed,2675,8,334.375,8.454843521118164,11.920520782470703,7.309775355679449e-06,-5.546666667,-0.465650456,0.15333333611488342,0.020275874063372612,0.12666666507720947,0.19333332777023315,0.006341495706389348,0.015870020290215812,0.0029684901470318436,1.1012772480646769,0.012974921161367092,0.05904319289450844,0.0003,1016,184,56.18055843161521,11.938528776168823,35.6758074760437,47.614336252212524,1309,0.5359420966706239,0,0,TRUE,pair,350,3.6570605005836114,5.868785045392046,64,0,7.642857142857143,3.6570605005836114,0.5986412000493146,7.350428199395537,cpu,cuda:0,0,148.14794921875,45
2429,1,DDT500_num150.txt,fixed,2708,8,338.5,18.03468894958496,12.937703132629395,9.631638022256084e-06,-5.6,-0.421083286,0.14999999105930328,0.015275252051651478,0.12666666507720947,0.1733333319425583,0.011151168909337785,0.021556415491633944,0.0013892347407009867,1.1099864112006292,0.010106027554785315,0.03528333227667543,0.0003,1020,180,93.71555194502027,12.958223104476929,15.937727928161621,28.89595103263855,1331,0.5876885003526695,0,0,TRUE,pair,382,3.867174199433066,5.805391431911305,64,0,7.0890052356020945,3.867174199433066,0.647367600351572,8.080505800433457,cpu,cuda:0,0,148.14990234375,47
2430,1,DDT500_num150.txt,fixed,2714,8,339.25,13.07430648803711,13.395376205444336,7.864199687901419e-06,-5.506666667,-0.43322452,0.15583333373069763,0.012444320134818554,0.13333334028720856,0.1733333319425583,-0.025835644,-0.015717645,0.001973222462563879,1.1104605065451727,0.012327152436935447,0.03924396282268895,0.0003,1013,187,76.70482505186601,13.413520097732544,21.96886944770813,35.382389545440674,1319,0.7290009991265833,0,0,TRUE,pair,359,3.9793494004989043,6.049005156065843,60,0,7.559888579387187,3.9793494004989043,0.6644527005264536,8.401331600849517,cpu,cuda:0,0,148.14990234375,47
2431,1,DDT500_num150.txt,fixed,2812,8,351.5,13.982131004333496,11.963296890258789,6.885304173920304e-06,-5.426666667,-0.345751675,0.16083332896232605,0.014695991761982441,0.13333334028720856,0.18666666746139526,-0.017498384,-0.008541434,0.004596389339505029,1.1255141922405787,0.011942835505968625,0.03914390178397298,0.0003,1007,193,63.840557639832845,11.981613397598267,32.06562089920044,44.047234296798706,1369,0.5699355003307573,0,0,TRUE,pair,374,3.390497799788136,5.847083924844289,36,0,7.518716577540107,3.390497799788136,0.5692698983475566,7.691113502369262,cpu,cuda:0,0,148.1503906,49
2432,1,DDT500_num150.txt,fixed,2735,8,341.875,10.154278755187988,13.53847885131836,6.379646492860047e-06,-5.626666667,-0.342352215,0.1483333259820938,0.01364225335419178,0.12666666507720947,0.1733333319425583,-0.022597385,-0.011771227,0.0011447061939785879,1.1398511081933975,0.007407324394686536,0.04439939063740894,0.0003,1022,178,42.67845071970018,13.56541633605957,50.518446922302246,64.08386325836182,1334,0.654732299677562,0,0,TRUE,pair,357,4.049813800491393,5.955758681288585,60,0,7.661064425770308,4.049813800491393,0.692537399881985,8.351958199695218,cpu,cuda:0,0,148.14990234375,52
2433,1,DDT500_num150.txt,fixed,2702,8,337.75,11.388042449951172,12.317042350769043,8.327602699864656e-06,-5.48,-0.319988992,0.1574999988079071,0.011023965664207935,0.14000000059604645,0.18000000715255737,0.018280424842877046,0.029021786924983774,0.0010909180231725,1.1286823068346297,0.011649259330234989,0.05635819570826633,0.0003,1011,189,72.5809608660922,12.33505129814148,24.89234232902527,37.22739362716675,1329,0.5260973982512951,0,0,TRUE,pair,353,3.833439099951647,5.8575129531031624,54,0,7.6543909348441925,3.833439099951647,0.6119968997663818,7.550230399647262,cpu,cuda:0,0,148.14990234375,51
2434,1,DDT500_num150.txt,fixed,2722,8,340.25,12.78426742553711,11.224842071533203,8.224576959037222e-06,-5.56,-0.322197607,0.1525000035762787,0.01024017482995987,0.14666666090488434,0.1733333319425583,-0.004057447,0.007076125930656086,0.0009312493917108936,1.1599200422113591,0.011890233920315619,0.027107182530347596,0.0003,1017,183,79.00545503164447,11.247740745544434,23.205576419830322,34.453317165374756,1342,0.4701788012753241,0,0,TRUE,pair,357,3.110756598820444,6.001469508503221,45,0,7.624649859943977,3.110756598820444,0.5693512027501129,7.246650098182727,cpu,cuda:0,0,148.14990234375,52
2435,1,DDT500_num150.txt,fixed,2692,8,336.5,6.324555397033691,12.917760848999023,5.9556941778282635e-06,-5.64,-0.337176049,0.14749999344348907,0.010240171104669571,0.12666666507720947,0.1599999964237213,-0.00099,0.010565840905266148,0.0008924939320422709,1.2002086980002267,0.010887739743338898,0.04004359005817345,0.0003,1023,177,100.34081968965552,12.942306280136108,13.886256694793701,26.82856297492981,1325,0.49919690092792735,0,0,TRUE,pair,350,4.3495057004038244,6.302748885409793,50,0,7.691428571428571,4.3495057004038244,0.6887717003119178,7.557494803040754,cpu,cuda:0,0,148.14990234375,50
2436,1,DDT500_num150.txt,fixed,2735,8,341.875,11.117975234985352,12.998710632324219,8.529922524758149e-06,-5.506666667,-0.329511978,0.15583331882953644,0.014505748637020588,0.14000000059604645,0.18000000715255737,-0.002470854,0.008786768148032328,0.0009362293737164388,1.172573745250702,0.0065188288993643555,0.015236317568148175,0.0003,1013,187,85.1950858285376,13.017284154891968,19.085506439208984,32.10279059410095,1345,0.4976489996770397,0,0,TRUE,pair,361,4.279663199500646,5.999268737789482,50,0,7.576177285318559,4.279663199500646,0.6972205005586147,7.686294799263123,cpu,cuda:0,0,148.14990234375,44
2437,1,DDT500_num150.txt,fixed,2732,8,341.5,9.759610176086426,12.894644737243652,6.75191995469504e-06,-5.506666667,-0.304807322,0.15583333373069763,0.011023965664207935,0.14000000059604645,0.18000000715255737,0.018422243894920462,0.029762264219157043,0.0008196214552126115,1.1749828486215501,0.00660550149456997,0.03512836549253691,0.0003,1013,187,47.894224722325674,12.912111520767212,44.13025665283203,57.04236817359924,1353,0.5078557996894233,0,0,TRUE,pair,358,4.3171005007461645,6.176061492189656,50,0,7.631284916201118,4.3171005007461645,0.6574814015766606,7.596664698445238,cpu,cuda:0,0,148.14990234375,41
2438,1,DDT500_num150.txt,fixed,2722,8,340.25,11.529852867126465,11.285639762878418,2.231985126854852e-05,-5.573333333,-0.320000033,0.15166665613651276,0.006454972550272942,0.14000000059604645,0.1599999964237213,-0.011752646,-0.000643026,0.0007054744720725077,1.1462357328051613,0.0027173841739394924,0.02010541803957451,0.0003,1018,182,51.96607380406157,11.304084300994873,41.07624387741089,52.38032817840576,1355,0.45481169963022694,0,0,TRUE,pair,356,3.339033500174992,6.0257163836095895,54,0,7.646067415730337,3.339033500174992,0.535542301426176,7.129699601442553,cpu,cuda:0,0,148.14990234375,40
2439,1,DDT500_num150.txt,fixed,2727,8,340.875,9.439776420593262,12.098770141601562,1.2736997632600833e-05,-5.533333333,-0.327648185,0.15416666865348816,0.011273123323917389,0.13333334028720856,0.1666666716337204,-0.005386041,0.0058578854825879845,0.0007174113388395025,1.1602632091158913,0.005235627314375181,0.02933047747328168,0.0003,1015,185,45.66605789060604,12.11646032333374,47.59966421127319,59.716124534606934,1326,0.5413154001580551,0,0,TRUE,pair,352,3.9007432992802933,6.114044738331687,45,0,7.747159090909091,3.9007432992802933,0.5683335997746326,7.33562329976121,cpu,cuda:0,0,148.14990234375,40
2440,1,DDT500_num150.txt,fixed,2713,8,339.125,17.99609375,12.416889190673828,1.0098370694322512e-05,-5.44,-0.324304117,0.1599999964237213,0.013743686489760876,0.14000000059604645,0.18666666746139526,-0.010603478,0.00041527021676301956,0.000857822516644817,1.1447662398928689,0.00575456025390373,0.03295936415504132,0.0003,1008,192,50.94354657968414,12.434180974960327,40.820847034454346,53.25502800941467,1334,0.566426798759494,0,0,TRUE,pair,361,4.126435699465219,5.985256175295348,36,0,7.515235457063712,4.126435699465219,0.6390323009691201,7.343930400966201,cpu,cuda:0,0,148.14990234375,40
2441,1,DDT500_num150.txt,fixed,2689,8,336.125,11.751994132995605,13.029779434204102,9.147322998614982e-06,-5.573333333,-0.32052136,0.15166665613651276,0.011426091194152832,0.13333334028720856,0.1666666716337204,-0.069850464,-0.058805138,0.0008175528928404674,1.1454102049271266,0.007370421716283697,0.03304331412073225,0.0003,1018,182,73.80480574201118,13.052871465682983,23.381070375442505,36.43394184112549,1334,0.5002830007579178,0,0,TRUE,pair,357,4.5184226999408565,6.0568984756242745,42,0,7.5322128851540615,4.5184226999408565,0.6773876016377471,7.51754639839055,cpu,cuda:0,0,148.14990234375,42
2442,1,DDT500_num150.txt,fixed,2674,8,334.25,10.755812644958496,10.946452140808105,7.562041901110206e-06,-5.626666667,-0.326821026,0.1483333259820938,0.00927960779517889,0.13333334028720856,0.1666666716337204,-0.021818366,-0.010902395,0.0006530769252484399,1.1242510080337524,0.0067333972019696375,0.014806571283510752,0.0003,1022,178,115.47117588233316,10.96273398399353,12.194560289382935,23.157294273376465,1323,0.5245080013992265,0,0,TRUE,pair,355,3.189598599274177,5.856394913362404,40,0,7.532394366197183,3.189598599274177,0.5452407981501892,6.935517202480696,cpu,cuda:0,0,148.14794921875,42
2443,1,DDT500_num150.txt,fixed,2758,8,344.75,7.693341255187988,13.379255294799805,1.5407080354634672e-05,-5.493333333,-0.31901594,0.15666666626930237,0.015275252982974052,0.13333334028720856,0.18000000715255737,-0.011088693,-0.000124652,0.0005954097390973143,1.1261745691299438,0.006232793323024886,0.03990560209023811,0.0003,1012,188,46.04111196611157,13.410727500915527,46.49225664138794,59.90298414230347,1352,0.5236033013206907,0,0,TRUE,pair,355,4.230505299172364,5.8255982596084115,55,0,7.769014084507043,4.230505299172364,0.7200953988940455,8.073663000308443,cpu,cuda:0,0,148.1503906,45
2444,1,DDT500_num150.txt,fixed,2757,8,344.625,12.844624519348145,11.219639778137207,9.434871572011616e-06,-5.52,-0.323618062,0.1549999862909317,0.012360328808426857,0.13333334028720856,0.1733333319425583,-0.030049671,-0.019380963,0.0007915842053036959,1.1064500524884178,0.0032901424017923305,0.028885754967285765,0.0003,1014,186,51.42678925556917,11.243577480316162,42.3666136264801,53.610191106796265,1341,0.5127818991895765,0,0,TRUE,pair,361,3.141165599809028,5.73739571756412,35,0,7.637119113573407,3.141165599809028,0.5499895024695434,7.245643297559582,cpu,cuda:0,0,148.1503906,46
2445,1,DDT500_num150.txt,fixed,2698,8,337.25,13.329947471618652,12.64870834350586,8.85685676621506e-06,-5.546666667,-0.328092608,0.15333332121372223,0.012472189962863922,0.13333334028720856,0.1733333319425583,-0.03355471,-0.022653324,0.0007072769249567674,1.1255024671554565,0.005323798547448989,0.030501505138263815,0.0003,1016,184,50.78714255887742,12.667394876480103,40.456286907196045,53.12368178367615,1308,0.4857683001901023,0,0,TRUE,pair,366,4.26206389995059,5.908080060010136,40,0,7.371584699453552,4.26206389995059,0.6237615002319217,7.455245997873135,cpu,cuda:0,0,148.14990234375,49
2446,1,DDT500_num150.txt,fixed,2690,8,336.25,8.525696754455566,12.34162425994873,6.134357590781292e-06,-5.56,-0.319712421,0.1524999886751175,0.015789413824677467,0.11999999731779099,0.1733333319425583,-0.011879728,-0.001137974,0.0007082587908371352,1.1095882977048557,0.007881770219682949,0.042978636299570404,0.0003,1017,183,50.29976811915887,12.360212802886963,41.11915898323059,53.479371786117554,1327,0.4785689998534508,0,0,TRUE,pair,350,4.068502300651744,5.880669143208784,40,0,7.685714285714286,4.068502300651744,0.6270945021533407,7.335565698565915,cpu,cuda:0,0,148.14990234375,50
2447,1,DDT500_num150.txt,fixed,2687,8,335.875,7.769129753112793,10.606346130371094,6.334938916552346e-06,-5.52,-0.306291394,0.1549999862909317,0.011902381666004658,0.14000000059604645,0.1733333319425583,-0.005396699,0.0054870972609413525,0.0006609697427068438,1.1214283108711243,0.014115712077390137,0.041486512936119525,0.0003,1014,186,77.45389678408766,10.624330997467041,24.06727409362793,34.69160509109497,1325,0.43721809942508116,0,0,TRUE,pair,346,3.021956700424198,5.87346483057744,40,0,7.765895953757226,3.021956700424198,0.513241300417576,6.80013510142453,cpu,cuda:0,0,148.14794921875,51
2448,1,DDT500_num150.txt,fixed,2840,8,355,13.928388595581055,12.33071231842041,7.813438969606068e-06,-5.546666667,-0.2956247,0.15333332121372223,0.01154700480401516,0.13333334028720856,0.1666666716337204,-0.062444928,-0.051917284,0.000639600879771428,1.0847442812389798,0.0073954980277145905,0.02801294873158137,0.0003,1016,184,104.30508695624268,12.347375392913818,14.880443334579468,27.227818727493286,1382,0.48693300056038424,0,0,TRUE,pair,373,3.963552100583911,5.654225353623779,36,0,7.613941018766756,3.963552100583911,0.5935881015029736,7.465253398055211,cpu,cuda:0,0,148.1523438,50
2449,1,DDT500_num150.txt,fixed,2663,8,332.875,10.517099380493164,11.985514640808105,1.473187603551196e-05,-5.6,-0.307968628,0.14999999105930328,0.015275252051651478,0.12666666507720947,0.1733333319425583,0.0278103519231081,0.03858880947033564,0.0005837703550544878,1.1070343653361003,0.0046547178814459285,0.01676102673324446,0.0003,1020,180,78.00519647202184,12.004173040390015,22.134578227996826,34.13875126838684,1348,0.5738714010221884,0,0,TRUE,pair,345,3.828852200647816,5.863687569782602,48,0,7.718840579710145,3.828852200647816,0.5939625003375113,7.26714840187924,cpu,cuda:0,0,148.14794921875,51
2450,1,DDT500_num150.txt,fixed,2640,8,330,9.178779602050781,10.61630630493164,7.056545655359514e-06,-5.64,-0.315983451,0.14749999344348907,0.010240168310701847,0.13333334028720856,0.1599999964237213,-0.04883359,-0.038148181,0.0006396578941752927,1.1005233393775091,0.013122186835870606,0.02507589035667479,0.0003,1023,177,59.873719717728385,10.633742570877075,33.45905828475952,44.0928008556366,1341,0.449995800096076,0,0,TRUE,pair,342,2.970448900188785,5.786742423429634,40,0,7.719298245614035,2.970448900188785,0.5241471033077687,6.84595710010035,cpu,cuda:0,0,148.14794921875,51
2451,1,DDT500_num150.txt,fixed,2699,8,337.375,15.007810592651367,10.822930335998535,3.09025781461969e-05,-5.506666667,-0.322574125,0.15583333373069763,0.01761864684522152,0.11999999731779099,0.18000000715255737,-0.05875842,-0.048571454,0.0006433731061406434,1.0508651256561279,0.01688187099771312,0.0128769189119339,0.0003,1013,187,141.28566201876401,10.8504319190979,8.25270962715149,19.10314154624939,1335,0.5178183991811238,0,0,TRUE,pair,357,2.957908400625456,5.573175247972565,45,0,7.560224089635854,2.957908400625456,0.5401536998106167,7.042423100327142,cpu,cuda:0,0,148.14990234375,51
2452,1,DDT500_num150.txt,fixed,2690,8,336.25,7.258615493774414,10.051889419555664,5.9556941778282635e-06,-5.573333333,-0.334059562,0.15166667103767395,0.013228756375610828,0.12666666507720947,0.1733333319425583,-0.008795214,0.0015408645073572795,0.0007176877115853131,1.0694923798243205,0.005983956001728075,0.01608157150136928,0.0003,1018,182,74.9180282857731,10.069456577301025,25.836453676223755,35.90591025352478,1338,0.4141967004397884,0,0,TRUE,pair,350,2.5796068003983237,5.696282527260621,35,0,7.685714285714286,2.5796068003983237,0.4913405008846894,6.7206283995183185,cpu,cuda:0,0,148.14990234375,52
2453,1,DDT500_num150.txt,fixed,2738,8,342.25,13.681648254394531,12.860759735107422,9.61982732405886e-06,-5.573333333,-0.346252547,0.15166665613651276,0.01818118616938591,0.12666666507720947,0.18000000715255737,-0.049902048,-0.039720279,0.0009537507969071158,1.0658642947673798,0.007744397685382864,0.028473643027245997,0.0003,1018,182,57.750164435032325,12.882324695587158,34.52879571914673,47.41112041473389,1363,0.509252100600861,0,0,TRUE,pair,363,4.366283399460372,5.582907228943551,36,0,7.542699724517906,4.366283399460372,0.6558698997250758,7.515727998281363,cpu,cuda:0,0,148.14990234375,46
2454,1,DDT500_num150.txt,fixed,2745,8,343.125,8.709729194641113,12.475930213928223,6.0221341300348286e-06,-5.426666667,-0.359832517,0.16083332896232605,0.013096858747303486,0.13333334028720856,0.1733333319425583,-0.042826906,-0.032750319,0.0007316581904888153,1.044241430858771,0.005579904283043409,0.03150127965879316,0.0003,1007,193,50.7043664325771,12.493248224258423,41.6441011428833,54.137349367141724,1351,0.5827731020399369,0,0,TRUE,pair,355,4.023138199467212,5.510746812646723,30,0,7.732394366197183,4.023138199467212,0.640362597652711,7.502475399582181,cpu,cuda:0,0,148.14990234375,43
2455,1,DDT500_num150.txt,fixed,2730,8,341.25,14.09565544128418,10.634742736816406,9.386549209011719e-06,-5.586666667,-0.384999565,0.15083332359790802,0.010507933795452118,0.14000000059604645,0.1733333319425583,-0.04620174,-0.036525328,0.0014528705869452097,1.0402845839659374,0.005981651098920793,0.029936123328904312,0.0003,1019,181,49.4460947419733,10.652756214141846,44.558884143829346,55.21164035797119,1331,0.4216116999159567,0,0,TRUE,pair,363,3.024546100117732,5.461172160124168,28,0,7.520661157024794,3.024546100117732,0.5214479003916495,6.815945300622843,cpu,cuda:0,0,148.14990234375,41
2456,1,DDT500_num150.txt,fixed,2782,8,347.75,12.295832633972168,13.244338989257812,9.097473594010808e-06,-5.453333333,-0.392940283,0.15916664898395538,0.014695994555950165,0.13333334028720856,0.18000000715255737,-0.020168595,-0.01019441,0.0008919144914086376,1.0420144370623998,0.017871949925652837,0.015287119130204831,0.0003,1009,191,104.46168289972945,13.263474225997925,13.368300437927246,26.63177466392517,1348,0.47793629963416606,0,0,TRUE,pair,365,4.7882272999268025,5.5348669990715065,56,0,7.6219178082191785,4.7882272999268025,0.6592807996785268,7.476778802869376,cpu,cuda:0,0,148.1503906,41
2457,1,DDT500_num150.txt,fixed,2756,8,344.5,8.817596435546875,11.121343612670898,6.05038530920865e-06,-5.626666667,-0.40461936,0.1483333259820938,0.01878237910568714,0.1133333370089531,0.1733333319425583,-0.015857799,-0.006143797,0.0009392022620886564,1.0183604607979457,0.005567643487324858,0.03456750314217061,0.0003,1022,178,49.95839519786817,11.139439582824707,44.026463747024536,55.16590332984924,1358,0.4451907009934075,0,0,TRUE,pair,357,3.2618380997446366,5.374092888589868,32,0,7.719887955182073,3.2618380997446366,0.5422061990830116,7.038877201499417,cpu,cuda:0,0,148.1503906,40
2458,1,DDT500_num150.txt,fixed,2783,8,347.875,17.66661834716797,11.69052505493164,1.0282448783982545e-05,-5.546666667,-0.421627658,0.15333333611488342,0.013333333656191826,0.13333334028720856,0.1733333319425583,-0.012305065,-0.002251593,0.0008051469679533815,1.0456044375896454,0.003470533799675953,0.025556517706718296,0.0003,1016,184,49.849430510170414,11.707916736602783,44.120203495025635,55.82812023162842,1367,0.5855854979017749,0,0,TRUE,pair,372,3.460694499546662,5.477901544666873,40,0,7.481182795698925,3.460694499546662,0.562251697818283,7.37401589989895,cpu,cuda:0,0,148.1503906,42
2459,1,DDT500_num150.txt,fixed,2691,8,336.375,13.228165626525879,13.648297309875488,8.078133760136552e-06,-5.8,-0.445153563,0.13750000298023224,0.015964370220899582,0.11999999731779099,0.1666666716337204,-0.029526072,-0.019817403,0.0015698997958679684,1.0493620311220486,0.002208535818378247,0.020031463005580008,0.0003,1035,165,46.1991214445941,13.66726803779602,44.58059287071228,58.2478609085083,1352,0.5480821009259671,0,0,TRUE,pair,352,4.516846700804308,5.5477517633710995,28,0,7.644886363636363,4.516846700804308,0.703189801890403,8.077354600187391,cpu,cuda:0,0,148.14990234375,44
2460,1,DDT500_num150.txt,fixed,2712,8,339,13.22875690460205,11.064569473266602,6.901795586600201e-06,-5.546666667,-0.446823851,0.15333332121372223,0.01914854161441326,0.12666666507720947,0.18666666746139526,-0.025282534,-0.015592447,0.0014186218197989678,1.039939678850628,0.005102055284580621,0.019651998344454028,0.0003,1016,184,45.82097486994825,11.085680723190308,48.10118746757507,59.18686819076538,1344,0.4539090010803193,0,0,TRUE,pair,349,3.1636186988907866,5.4893067857157165,30,0,7.770773638968481,3.1636186988907866,0.536823800590355,7.08034649916226,cpu,cuda:0,0,148.14990234375,47
2461,1,DDT500_num150.txt,fixed,2735,8,341.875,11.483003616333008,12.922893524169922,7.68876816437114e-06,-5.533333333,-0.433951926,0.15416666865348816,0.01898464374244213,0.11999999731779099,0.1733333319425583,-0.008830659,0.0008265774619455138,0.0015419363723291706,1.0428204039732616,0.00382325161050782,0.022935326424582552,0.0003,1015,185,50.83772692066616,12.947104215621948,40.85152459144592,53.79862880706787,1362,0.5762486999155954,0,0,TRUE,pair,357,4.397338200011291,5.420109690347145,35,0,7.661064425770308,4.397338200011291,0.6372225013910793,7.571175700461026,cpu,cuda:0,0,148.14990234375,49
2462,1,DDT500_num150.txt,fixed,2730,8,341.25,11.199888229370117,12.665971755981445,6.2718136177863926e-06,-5.64,-0.41072987,0.14749999344348907,0.010240168310701847,0.13333334028720856,0.1599999964237213,0.01251037579707124,0.022086456418037415,0.0016617561764591796,1.040695759383115,0.012413205838873348,0.01590785968371413,0.0003,1023,177,75.88130649857827,12.690707206726074,23.28653311729431,35.977240324020386,1358,0.4852383006364107,0,0,TRUE,pair,356,4.412020599935204,5.396336994939671,32,0,7.668539325842697,4.412020599935204,0.6083561988780275,7.343495301553048,cpu,cuda:0,0,148.14990234375,50
2463,1,DDT500_num150.txt,fixed,2707,8,338.375,13.927827835083008,12.290245056152344,9.24621599551756e-06,-5.64,-0.383074045,0.14749999344348907,0.01984313316643238,0.1066666692495346,0.1666666716337204,0.020449725988631446,0.02992553310468793,0.0022957212810676233,1.0623669574658077,0.004685983161228553,0.030341596410532173,0.0003,1023,177,50.45368971621031,12.308574676513672,41.344587564468384,53.653162240982056,1355,0.4715058006113395,0,0,TRUE,pair,361,4.122433600772638,5.4200221652864835,48,0,7.498614958448753,4.122433600772638,0.6173594031133689,7.249931501050014,cpu,cuda:0,0,148.14990234375,52
2464,1,DDT500_num150.txt,fixed,2690,8,336.25,13.497685432434082,12.04663372039795,1.7448592188884504e-05,-5.64,-0.398426897,0.14749999344348907,0.013919411227107048,0.12666666507720947,0.1666666716337204,-0.023526509,-0.013162717,0.0008210550828759248,1.077431912223498,0.003277251612511615,0.020559417103261996,0.0003,1023,177,49.051971772333836,12.06483793258667,42.77495551109314,54.83979344367981,1335,0.5526161004090682,0,0,TRUE,pair,357,3.995746999862604,5.609293679588347,60,0,7.535014005602241,3.995746999862604,0.5712780986796133,7.1834685007925145,cpu,cuda:0,0,148.14990234375,48
2465,1,DDT500_num150.txt,fixed,2716,8,339.5,18.828170776367188,11.234819412231445,1.1339304364810232e-05,-5.693333333,-0.396205483,0.14416666328907013,0.015964370220899582,0.11999999731779099,0.1733333319425583,0.030280424018754908,0.040324185205542526,0.0008360601470643735,1.046178936958313,0.04781863340442372,0.029822796967852373,0.0003,1027,173,46.71778666346305,11.252910852432251,46.88340497016907,58.13631582260132,1365,0.4510314989602193,0,0,TRUE,pair,368,3.461743899679277,5.425994108018187,60,0,7.380434782608695,3.461743899679277,0.5292676991666667,6.966686202620622,cpu,cuda:0,0,148.14990234375,44
2466,1,DDT500_num150.txt,fixed,2733,8,341.625,15.983878135681152,10.802574157714844,9.24006599234417e-06,-5.533333333,-0.381058155,0.15416665375232697,0.008457411080598831,0.14000000059604645,0.1666666716337204,-0.000899484,0.00921442920116533,0.0010029639039809506,1.0615394711494446,0.006596190174604999,0.03884877664192269,0.0003,1015,185,48.301811201490395,10.829882144927979,45.7518470287323,56.58172917366028,1384,0.4595563016482629,0,0,TRUE,pair,372,2.9463369003497064,5.48884010271323,32,0,7.346774193548387,2.9463369003497064,0.5187327999155968,7.059122600359842,cpu,cuda:0,0,148.14990234375,42
2467,1,DDT500_num150.txt,fixed,2728,8,341,11.090536117553711,12.807252883911133,8.106231689453125e-06,-5.573333333,-0.371384169,0.15166667103767395,0.0178730096668005,0.11999999731779099,0.1733333319425583,-0.025275599,-0.014872781,0.0010296152177033946,1.0917623713612556,0.004821891948305772,0.044615610308634736,0.0003,1018,182,48.68720212518116,12.82530164718628,43.20584988594055,56.03115153312683,1360,0.4995249010389671,0,0,TRUE,pair,354,4.176177200104576,5.541422287215235,27,0,7.706214689265536,4.176177200104576,0.600097099901177,7.722617397957947,cpu,cuda:0,0,148.14990234375,40
2468,1,DDT500_num150.txt,fixed,2647,8,330.875,10.191142082214355,12.110187530517578,7.008046395640122e-06,-5.76,-0.382668089,0.14000001549720764,0.01914854161441326,0.11999999731779099,0.1733333319425583,-0.015453593,-0.004948179,0.0008926645969040692,1.0951746478676796,0.004156672128374339,0.011706295059411786,0.0003,1032,168,62.84847353606783,12.127460956573486,29.98971152305603,42.11717247962952,1350,0.5899371987907216,0,0,TRUE,pair,343,3.924819599429611,5.6411031328330274,76,0,7.717201166180758,3.924819599429611,0.5935210988391191,7.289138800697401,cpu,cuda:0,0,148.14794921875,40
2469,1,DDT500_num150.txt,fixed,2711,8,338.875,11.931445121765137,10.774748802185059,6.967372428334784e-06,-5.586666667,-0.363555876,0.15083332359790802,0.01151689700782299,0.13333334028720856,0.1666666716337204,-0.011704396,-0.001369074,0.0007734037091722712,1.0722022593021392,0.017394150716791047,0.02125049093738198,0.0003,1019,181,57.095088265832594,10.792590379714966,36.6896026134491,47.48219299316406,1370,0.45604800031287596,0,0,TRUE,pair,360,3.058833599963691,5.465879750841001,40,0,7.530555555555556,3.058833599963691,0.5188040007487871,6.923762799997348,cpu,cuda:0,0,148.14990234375,40
2470,1,DDT500_num150.txt,fixed,2704,8,338,7.331439018249512,12.718971252441406,5.3205285439617e-06,-5.64,-0.355982619,0.14749999344348907,0.009682458825409412,0.12666666507720947,0.1599999964237213,-0.0320039,-0.021694721,0.0007273152077686973,1.0672836874922116,0.0039573218843097875,0.027466761219936114,0.0003,1023,177,50.83200486923129,12.737081289291382,40.457751512527466,53.19483280181885,1346,0.49167069973191246,0,0,TRUE,pair,351,4.359934599313419,5.466715976772224,45,0,7.703703703703703,4.359934599313419,0.6274532002862543,7.420011001988314,cpu,cuda:0,0,148.14990234375,43
2471,1,DDT500_num150.txt,fixed,2692,8,336.5,13.811226844787598,12.75478458404541,9.61982732405886e-06,-5.653333333,-0.376465545,0.14666666090488434,0.010540922172367573,0.13333334028720856,0.1599999964237213,-0.041668484,-0.031360567,0.0007898609508715925,1.0702848547980899,0.00516658522134267,0.02916900044129718,0.0003,1024,176,50.61922136241782,12.771595239639282,40.40978384017944,53.181379079818726,1355,0.4937345988000743,0,0,TRUE,pair,362,4.443529500451405,5.639301633321159,40,0,7.43646408839779,4.443529500451405,0.6703266000258736,7.323922599141952,cpu,cuda:0,0,148.14990234375,46
2472,1,DDT500_num150.txt,fixed,2739,8,342.375,7.4487833976745605,11.993613243103027,5.946142209722893e-06,-5.626666667,-0.345649177,0.1483333259820938,0.007993054576218128,0.14000000059604645,0.1666666716337204,-0.047183791,-0.036563686,0.000841157918330282,1.1040682452065604,0.011483838952699443,0.012335031958562987,0.0003,1022,178,116.00509218004292,12.011299848556519,11.599732637405396,23.611032485961914,1332,0.5434809003490955,0,0,TRUE,pair,352,3.8599956000689417,5.645125957073283,65,0,7.78125,3.8599956000689417,0.6008634002646431,7.233342298073694,cpu,cuda:0,0,148.14990234375,46
2473,1,DDT500_num150.txt,fixed,2696,8,337,10.6887788772583,12.364294052124023,7.747687050141394e-06,-5.8,-0.366458358,0.13750000298023224,0.012883022427558899,0.11999999731779099,0.15333333611488342,-0.064336744,-0.053618354,0.0008909207099350169,1.1163846751054127,0.00917746103330804,0.028352401374528807,0.0003,1035,165,77.33837718572764,12.38355302810669,22.476242303848267,34.859795331954956,1343,0.4892038006801158,0,0,TRUE,pair,351,3.7604374004295096,5.613130563179181,40,0,7.680911680911681,3.7604374004295096,0.6255688994424418,7.660036699904595,cpu,cuda:0,0,148.14990234375,47
2474,1,DDT500_num150.txt,fixed,2766,8,345.75,11.648497581481934,10.34205150604248,7.964750693645328e-06,-5.52,-0.342893542,0.1550000011920929,0.015545632690191269,0.12666666507720947,0.18666666746139526,-0.014196103,-0.003706117,0.0007429232290532026,1.086144791709052,0.008951133907582213,0.022921520595749218,0.0003,1014,186,66.60590131147623,10.360673666000366,31.1671781539917,41.527851819992065,1379,0.43145629920763895,0,0,TRUE,pair,365,2.682594600424636,5.644613160659503,40,0,7.578082191780822,2.682594600424636,0.4962088009924628,6.8974814983666874,cpu,cuda:0,0,148.1503906,48
2475,1,DDT500_num150.txt,fixed,2719,8,339.875,13.59630012512207,12.828307151794434,8.811816769593861e-06,-5.493333333,-0.342027146,0.15666666626930237,0.009428092278540134,0.14666666090488434,0.1733333319425583,0.004472417368864019,0.015102693733448783,0.0009162628630292602,1.1088406642278035,0.0030587646942876745,0.02536815206015793,0.0003,1012,188,46.15239321078539,12.852308511734009,46.06121277809143,58.91352128982544,1359,0.5033004996948875,0,0,TRUE,pair,365,4.28558750031516,5.5579257071917,35,0,7.449315068493151,4.28558750031516,0.6245165992877446,7.596144801238552,cpu,cuda:0,0,148.14990234375,49
2476,1,DDT500_num150.txt,fixed,2657,8,332.125,11.095466613769531,9.984075546264648,7.096708486642456e-06,-5.706666667,-0.377822671,0.1433333307504654,0.014529663138091564,0.11999999731779099,0.1599999964237213,-0.018298745,-0.007710896,0.0010418397206295696,1.1108768516116672,0.009408679173146892,0.023334377703981266,0.0003,1028,172,93.50540665508359,10.001833200454712,18.413635969161987,28.4154691696167,1360,0.42100609955377877,0,0,TRUE,pair,346,2.5703387997928075,5.641324802,30,0,7.679190751445087,2.5703387997928075,0.48137950111413375,6.676238598767668,cpu,cuda:0,0,148.14794921875,50
2477,1,DDT500_num150.txt,fixed,2727,8,340.875,15.583946228027344,12.847901344299316,3.343305070302449e-05,-5.72,-0.411237107,0.14249999821186066,0.01050793007016182,0.13333334028720856,0.1599999964237213,-0.067651288,-0.057757475,0.0019533003256323616,1.087046844618661,0.010258172585703764,0.028117163106799126,0.0003,1029,171,75.53331268150981,12.86809778213501,23.235177755355835,36.103275537490845,1361,0.5871512992307544,0,0,TRUE,pair,371,4.520987499621697,5.5559222575811225,40,0,7.350404312668464,4.520987499621697,0.627141599310562,7.393223799648695,cpu,cuda:0,0,148.14990234375,50
2478,1,DDT500_num150.txt,fixed,2743,8,342.875,11.580560684204102,12.626814842224121,7.448434644174995e-06,-5.706666667,-0.391856385,0.1433333307504654,0.012472189031541348,0.12666666507720947,0.1599999964237213,0.016510926342258852,0.026868441452582676,0.0015467999716444563,1.1130915582180023,0.009824107117613797,0.019315138012946893,0.0003,1028,172,75.9915076125189,12.645352125167847,23.450786590576172,36.09613871574402,1387,0.4982594989123754,0,0,TRUE,pair,362,4.373203099996317,5.568355816713528,54,0,7.577348066298343,4.373203099996317,0.6163089984329417,7.330412900890224,cpu,cuda:0,0,148.14990234375,51
2479,1,DDT500_num150.txt,fixed,2717,8,339.625,9.232246398925781,10.151983261108398,6.316967755992664e-06,-5.573333333,-0.366142865,0.15166667103767395,0.024664415046572685,0.10000000149011612,0.18000000715255737,-0.024154163,-0.014151363,0.0011770476315480967,1.0591324046254158,0.010274981650582049,0.029597479529911652,0.0003,1018,182,52.47208488330802,10.169316053390503,41.610597133636475,51.77991318702698,1357,0.4953718006145209,0,0,TRUE,pair,350,2.627614899247419,5.490614648333884,30,0,7.7628571428571425,2.627614899247419,0.490452098834794,6.772738599858712,cpu,cuda:0,0,148.14990234375,51
2480,1,DDT500_num150.txt,fixed,2793,8,349.125,8.680977821350098,11.396926879882812,6.397441666194936e-06,-5.653333333,-0.349154942,0.14666666090488434,0.013333335518836975,0.14000000059604645,0.18000000715255737,-0.019883715,-0.010003097,0.0007131598528455166,1.0237200210491817,0.003386828224696122,0.03228035332479825,0.0003,1024,176,49.34123469842263,11.41491413116455,45.190884590148926,56.60579872131348,1405,0.5585398986004293,0,0,TRUE,pair,364,3.2788436991977505,5.399212314712929,50,0,7.673076923076923,3.2788436991977505,0.5537717001279816,7.272913100314327,cpu,cuda:0,0,148.1503906,44
2481,1,DDT500_num150.txt,fixed,2739,8,342.375,10.827482223510742,11.02021598815918,8.14819668448763e-06,-5.653333333,-0.358507723,0.14666666090488434,0.014529664069414139,0.12666666507720947,0.1733333319425583,-0.039162942,-0.02927858,0.0007542703588981004,1.0261496646063668,0.003533425160077015,0.023234799615151826,0.0003,1024,176,45.78585463626729,11.03838849067688,48.783581018447876,59.821969509124756,1374,0.5220230004633777,0,0,TRUE,pair,364,3.195827299670782,5.267250821206551,25,0,7.524725274725275,3.195827299670782,0.5287473986390978,7.019353501498699,cpu,cuda:0,0,148.14990234375,41
2482,1,DDT500_num150.txt,fixed,2800,8,350,21.702533721923828,10.409101486206055,8.602914022048935e-06,-5.4,-0.337751568,0.16249999403953552,0.013307265937328339,0.14000000059604645,0.18666666746139526,-0.035631273,-0.025924701,0.0008743090521810311,1.014372555982499,0.004783738188399141,0.030302780569486674,0.0003,1005,195,49.72799468658016,10.426893949508667,45.87941837310791,56.30631232261658,1368,0.4236332011059858,0,0,TRUE,pair,378,2.7200646999990568,5.224285715137209,48,0,7.407407407407407,2.7200646999990568,0.48594119894551113,6.9380080993287265,cpu,cuda:0,0,148.1503906,40
2483,1,DDT500_num150.txt,fixed,2772,8,346.5,13.019216537475586,10.541595458984375,7.776979146001395e-06,-5.56,-0.349291349,0.1525000035762787,0.012219065800309181,0.14000000059604645,0.1733333319425583,0.02862864524985735,0.03854105338597527,0.0008475248289939302,1.0336169921434843,0.006231403203016201,0.017440175386862114,0.0003,1017,183,73.48439282579206,10.558565616607666,27.163730144500732,37.7222957611084,1381,0.4301939000142738,0,0,TRUE,pair,362,2.839758500631433,5.350649347811034,32,0,7.657458563535911,2.839758500631433,0.49623929988592863,6.93974549829727,cpu,cuda:0,0,148.1503906,40
2484,1,DDT500_num150.txt,fixed,2769,8,346.125,13.476252555847168,12.780850410461426,7.971884770086035e-06,-5.6,-0.34278165,0.14999999105930328,0.014907119795680046,0.12666666507720947,0.1733333319425583,-0.123513855,-0.113543076,0.0008366548281628639,1.0389100909233093,0.047182512568269885,0.000976563,0.0003,1020,180,158.21908048069332,12.798736333847046,4.702313423156738,17.501049757003784,1385,0.4987262999638915,0,0,TRUE,pair,369,4.393727899878286,5.369447454471113,30,0,7.504065040650406,4.393727899878286,0.6266534986789338,7.4502962013939396,cpu,cuda:0,0,148.1503906,40
2485,1,DDT500_num150.txt,fixed,2801,8,350.125,7.457169532775879,12.961190223693848,6.040982952981722e-06,-5.453333333,-0.304416765,0.15916664898395538,0.009682460688054562,0.14666666090488434,0.18000000715255737,-0.013766745,-0.003838563,0.0008304724615300074,1.0343416556715965,0.0069811275570828,0.025618812767788768,0.0003,1009,191,71.45965996107076,12.977431774139404,26.219508171081543,39.19693994522095,1361,0.4833424002863467,0,0,TRUE,pair,363,4.43494969944004,5.245626561005854,40,0,7.7162534435261705,4.43494969944004,0.6254045008681715,7.592738198174629,cpu,cuda:0,0,148.1503906,41
2486,1,DDT500_num150.txt,fixed,2714,8,339.25,14.280669212341309,12.787120819091797,7.5845591709367e-06,-5.533333333,-0.299911392,0.15416665375232697,0.009682460688054562,0.14666666090488434,0.1733333319425583,-0.054501542,-0.044337265,0.0007646120932241459,1.0546581603231884,0.004425902145417889,0.022074551487873708,0.0003,1015,185,50.38629615250651,12.80449628829956,41.05935573577881,53.86385202407837,1307,0.5687161007081158,0,0,TRUE,pair,366,4.435230899660382,5.4646278559151344,25,0,7.415300546448087,4.435230899660382,0.6617589996894822,7.371560599363875,cpu,cuda:0,0,148.14990234375,44
2487,1,DDT500_num150.txt,fixed,2752,8,344,13.48146915435791,13.113595962524414,8.681841791258194e-06,-5.6,-0.305640016,0.15000000596046448,0.01885618269443512,0.11999999731779099,0.18666666746139526,-0.040511247,-0.030566828,0.00073728511675394,1.031306008497874,0.006179019194816993,0.023294614639044517,0.0003,1020,180,50.5306464256634,13.1308434009552,41.33115530014038,54.46199870109558,1393,0.5862158997915685,0,0,TRUE,pair,363,4.61642560036853,5.34447674349297,32,0,7.581267217630854,4.61642560036853,0.6612277994863689,7.519300300104078,cpu,cuda:0,0,148.14990234375,47
2488,1,DDT500_num150.txt,fixed,2707,8,338.375,11.968056678771973,12.410263061523438,7.317547442653449e-06,-5.626666667,-0.312128712,0.1483333259820938,0.012360328808426857,0.13333334028720856,0.1666666716337204,-0.060841497,-0.050479256,0.0007143614763793137,1.07194223290398,0.004799822912900709,0.029250924109614322,0.0003,1022,178,52.11854568118101,12.428438901901245,39.51084613800049,51.93928503990173,1359,0.49487150012282655,0,0,TRUE,pair,361,4.065057599626016,5.476911708971298,54,0,7.498614958448753,4.065057599626016,0.6002376003889367,7.4363014018163085,cpu,cuda:0,0,148.14990234375,48
2489,1,DDT500_num150.txt,fixed,2816,8,352,10.464224815368652,11.628877639770508,7.270789410540601e-06,-5.373333333,-0.278433822,0.164166659116745,0.019702652469277382,0.14000000059604645,0.20000000298023224,-0.00338906,0.006507283387084802,0.0010011686584524189,1.0396928985913594,0.006222234197897099,0.02295264384398858,0.0003,1003,197,77.97293955140493,11.64636516571045,24.4687283039093,36.11509346961975,1367,0.46263649908360094,0,0,TRUE,pair,373,3.405752399994526,5.232954544269226,54,0,7.549597855227882,3.405752399994526,0.5570887008798309,7.371932899812236,cpu,cuda:0,0,148.1503906,49
2490,1,DDT500_num150.txt,fixed,2829,8,353.625,17.902076721191406,13.856670379638672,9.097473594010808e-06,-5.506666667,-0.290040451,0.15583331882953644,0.01488380879163742,0.13333334028720856,0.18666666746139526,0.0021772936607400576,0.01235505019625028,0.0006726592429913581,1.051408584912618,0.012382442617369331,0.03922745569919547,0.0003,1013,187,73.14899218969282,13.878092288970947,24.796398162841797,38.674490451812744,1395,0.5394740995252505,0,0,TRUE,pair,391,4.675201298960019,5.353481795771799,54,0,7.235294117647059,4.675201298960019,0.7060144991264679,8.124790701083839,cpu,cuda:0,0,148.1523438,50
2491,1,DDT500_num150.txt,fixed,2803,8,350.375,9.259285926818848,13.128219604492188,7.184276000771206e-06,-5.426666667,-0.276645494,0.16083332896232605,0.012219065800309181,0.14000000059604645,0.1733333319425583,-0.051825745,-0.041343464,0.00061615618566672,1.0790359444088407,0.006687110751550386,0.010470210367606746,0.0003,1007,193,95.77107652638793,13.14605712890625,16.121651887893677,29.267709016799927,1373,0.5129980996716768,0,0,TRUE,pair,363,4.317230900051072,5.376739208501788,40,0,7.7217630853994494,4.317230900051072,0.6390195015701465,7.848878800345119,cpu,cuda:0,0,148.1503906,50
2492,1,DDT500_num150.txt,fixed,2784,8,348,12.579745292663574,10.828829765319824,1.0165694220631849e-05,-5.48,-0.280982745,0.1574999988079071,0.020258741453289986,0.13333334028720856,0.18666666746139526,-0.056201679,-0.046008091,0.0006660022869861374,1.0526588644300188,0.0045692478710233925,0.01826309045732376,0.0003,1011,189,46.42995736558151,10.847258806228638,49.114028215408325,59.96128702163696,1385,0.5213970993645489,0,0,TRUE,pair,371,2.9824481998803094,5.367816091782745,35,0,7.504043126684636,2.9824481998803094,0.5047296977136284,7.069676400045864,cpu,cuda:0,0,148.1503906,52
2493,1,DDT500_num150.txt,fixed,2737,8,342.125,10.844785690307617,11.979019165039062,6.843900791864144e-06,-5.626666667,-0.312544393,0.1483333259820938,0.014043581672012806,0.12666666507720947,0.1733333319425583,-0.084394217,-0.074667039,0.0010967816327281884,1.0275565228964154,0.007690873309720222,0.021323208439801084,0.0003,1022,178,62.868504169299534,11.996301651000977,31.539011240005493,43.53531289100647,1358,0.5679618001449853,0,0,TRUE,pair,366,3.7841417004237883,5.372305443655368,35,0,7.478142076502732,3.7841417004237883,0.554753499745857,7.348629601649009,cpu,cuda:0,0,148.14990234375,47
2494,1,DDT500_num150.txt,fixed,2769,8,346.125,13.860352516174316,12.872795104980469,8.55653706821613e-06,-5.64,-0.271890363,0.14749999344348907,0.015789413824677467,0.11999999731779099,0.1733333319425583,-0.026289878,-0.016054785,0.0005751006046921248,1.0522643998265266,0.005861440651301564,0.012541940610390157,0.0003,1023,177,66.68594841026827,12.89676570892334,28.626224756240845,41.522990465164185,1399,0.5800973001751117,0,0,TRUE,pair,362,4.461212799302302,5.446731671825477,48,0,7.649171270718232,4.461212799302302,0.6191002998966724,7.489933499135077,cpu,cuda:0,0,148.1503906,43
2495,1,DDT500_num150.txt,fixed,2811,8,351.375,11.224276542663574,10.853696823120117,7.1206973188964184e-06,-5.626666667,-0.28218721,0.148333340883255,0.01481365691870451,0.12666666507720947,0.1666666716337204,-0.044262453,-0.03404342,0.0005449368448656363,1.0491500496864319,0.006958859158658015,0.03955898620188236,0.0003,1022,178,52.91977231827317,10.871565818786621,42.24657654762268,53.1181423664093,1400,0.5278790016309358,0,0,TRUE,pair,365,2.962321599945426,5.33226609628678,50,0,7.701369863013698,2.962321599945426,0.5132588999695145,7.100675099412911,cpu,cuda:0,0,148.1503906,41
2496,1,DDT500_num150.txt,fixed,2725,8,340.625,19.968334197998047,12.695904731750488,1.6400703316321597e-05,-5.72,-0.30469326,0.14249999821186066,0.014505747705698013,0.11999999731779099,0.1599999964237213,-0.029674675,-0.019367659,0.000786596632678993,1.0700312728683155,0.006523366188048385,0.04188652403536253,0.0003,1029,171,51.12607752566476,12.715014219284058,40.584595918655396,53.29961013793945,1378,0.5851765990373679,0,0,TRUE,pair,377,4.235814300598577,5.5500917376946965,35,0,7.228116710875332,4.235814300598577,0.6555717999581248,7.481838500592858,cpu,cuda:0,0,148.14990234375,41
2497,1,DDT500_num150.txt,fixed,2691,8,336.375,10.42757797241211,12.480104446411133,7.516804998886073e-06,-5.666666667,-0.303913811,0.1458333283662796,0.011273122392594814,0.12666666507720947,0.1599999964237213,-0.055676103,-0.044780582,0.0006837681248725858,1.1237406979004543,0.00542907824304469,0.042343861054784306,0.0003,1025,175,49.89199925757459,12.498169898986816,41.43833374977112,53.936503648757935,1332,0.634017098986078,0,0,TRUE,pair,353,3.916782299405895,5.825715347011485,50,0,7.623229461756374,3.916782299405895,0.5816081024822779,7.674596098542679,cpu,cuda:0,0,148.14990234375,40
2498,1,DDT500_num150.txt,fixed,2873,8,359.125,16.45020866394043,14.04386043548584,7.309775355679449e-06,-5.506666667,-0.281769313,0.15583331882953644,0.012444320134818554,0.12666666507720947,0.1733333319425583,0.013980278372764587,0.024496474862098695,0.0007231061346828938,1.0877750515937805,0.008562950222403743,0.024535524472594262,0.0003,1013,187,113.7121940008015,14.061217546463013,11.204322576522827,25.26554012298584,1398,0.5455016001942568,0,0,TRUE,pair,380,4.712985299876891,5.5565610886284,32,0,7.560526315789474,4.712985299876891,0.6683296003611758,8.313459098280873,cpu,cuda:0,0,148.1523438,40
2499,1,DDT500_num150.txt,fixed,2725,8,340.625,13.499421119689941,10.300859451293945,9.134885658568237e-06,-5.586666667,-0.326450148,0.15083332359790802,0.010507932864129543,0.13333334028720856,0.1666666716337204,-0.028391246,-0.017099682,0.0006898362898937194,1.1636482402682304,0.010452252598042833,0.014674847800051793,0.0003,1019,181,68.87136642899137,10.320213079452515,29.246302604675293,39.56651568412781,1356,0.43023320054635406,0,0,TRUE,pair,360,2.765116600319743,5.870458714808893,32,0,7.569444444444445,2.765116600319743,0.49988630216103047,6.768439000588842,cpu,cuda:0,0,148.14990234375,41
2500,1,DDT500_num150.txt,fixed,2823,8,352.875,14.785444259643555,12.000926971435547,9.488939213042613e-06,-5.506666667,-0.312141742,0.15583331882953644,0.006614380050450563,0.14666666090488434,0.1666666716337204,0.004043227469082922,0.015073412680067122,0.0004980988906027051,1.1279233619570732,0.015953104734535373,0.023172441346105188,0.0003,1013,187,69.47673305015728,12.018918514251709,28.613389253616333,40.63230776786804,1406,0.5716703972429968,0,0,TRUE,pair,373,3.718265298870392,5.684378320428441,70,0,7.568364611260054,3.718265298870392,0.5876865001046099,7.394521100271959,cpu,cuda:0,0,148.1523438,43
2501,1,DDT500_num150.txt,fixed,2867,8,358.375,14.949394226074219,12.297036170959473,1.0265851415169891e-05,-5.466666667,-0.316301756,0.15833331644535065,0.011902383528649807,0.14000000059604645,0.18000000715255737,0.014079912320563668,0.02505160113306422,0.0005967008029600899,1.1270039959957725,0.008575735334536722,0.01728822232076996,0.0003,1010,190,59.54790790641746,12.31415343284607,35.83195447921753,48.1461079120636,1403,0.4796080000232905,0,0,TRUE,pair,381,3.953781100921333,5.62016044529548,40,0,7.524934383202099,3.953781100921333,0.6077507007285021,7.430509600613732,cpu,cuda:0,0,148.1523438,46
2502,1,DDT500_num150.txt,fixed,2813,8,351.625,19.286895751953125,13.346698760986328,8.734064067539293e-06,-5.56,-0.328833044,0.1525000035762787,0.016478100791573524,0.12666666507720947,0.18666666746139526,-0.007392406,0.0033519758532444635,0.0005843541221111082,1.1036557058493297,0.008446826206636615,0.021549420120815437,0.0003,1017,183,78.37467687803722,13.365239143371582,22.526455879211426,35.89169502258301,1398,0.5139422009233385,0,0,TRUE,pair,383,4.6931110006407835,5.578030573444522,36,0,7.344647519582246,4.6931110006407835,0.6972407982102595,7.624119600222912,cpu,cuda:0,0,148.1503906,46
2503,1,DDT500_num150.txt,fixed,2816,8,352,10.700467109680176,11.110569953918457,8.368458111362997e-06,-5.533333333,-0.338552541,0.15416665375232697,0.010769041255116463,0.14000000059604645,0.1733333319425583,-0.041252356,-0.030507286,0.0005827472389986118,1.103644609451294,0.009493371791055931,0.029370763478800653,0.0003,1015,185,72.51243681946112,11.129730224609375,27.704987287521362,38.83471751213074,1397,0.45692039909772575,0,0,TRUE,pair,368,3.169230899249669,5.511718748645349,35,0,7.6521739130434785,3.169230899249669,0.5250202004681341,7.137272098800167,cpu,cuda:0,0,148.1503906,47
2504,1,DDT500_num150.txt,fixed,2814,8,351.75,16.976085662841797,10.589811325073242,4.104401887161657e-05,-5.76,-0.388755547,0.14000000059604645,0.010000000707805157,0.12666666507720947,0.15333333611488342,-0.054061046,-0.043557019,0.0009375379352907961,1.0972797920306523,0.0062601221643490135,0.032464473779934146,0.0003,1032,168,50.84747733512633,10.613317966461182,44.728660583496094,55.341978549957275,1392,0.43462729948805645,0,0,TRUE,pair,375,2.79984589968808,5.518479032048793,50,0,7.504,2.79984589968808,0.5008578988490626,7.018448399845511,cpu,cuda:0,0,148.1503906,48
2505,1,DDT500_num150.txt,fixed,2808,8,351,9.300538063049316,11.478470802307129,6.633008979406441e-06,-5.586666667,-0.385464171,0.15083332359790802,0.013307267799973488,0.13333334028720856,0.18000000715255737,-0.031070371,-0.019991382,0.0006512704227740566,1.140462338924408,0.009615548212119998,0.015352535682419935,0.0003,1019,181,110.52059893585313,11.497233390808105,13.909795045852661,25.407028436660767,1367,0.4488372001214884,0,0,TRUE,pair,363,3.469921199604869,5.736823359870503,40,0,7.735537190082645,3.469921199604869,0.5518367007025518,7.172194698185194,cpu,cuda:0,0,148.1503906,50
2506,1,DDT500_num150.txt,fixed,2870,8,358.75,6.319612503051758,14.18618106842041,1.4096971426624805e-05,-5.506666667,-0.374449741,0.15583331882953644,0.017931196838617325,0.14000000059604645,0.20000000298023224,-0.018185662,-0.007588674,0.0007361176222647456,1.0965048724954778,0.007033981499427517,0.014107248872857202,0.0003,1013,187,79.08937239483483,14.215317010879517,22.072744369506836,36.28806138038635,1402,0.5443219995941035,0,0,TRUE,pair,366,4.538032300188206,5.487456446076104,54,0,7.841530054644808,4.538032300188206,0.7409365006606095,8.53767130029155,cpu,cuda:0,0,148.1523438,50
2507,1,DDT500_num150.txt,fixed,2835,8,354.375,15.272012710571289,11.76357364654541,8.64246794662904e-06,-5.533333333,-0.371360308,0.15416665375232697,0.016478098928928375,0.12666666507720947,0.1733333319425583,-0.007185003,0.0037481616697429367,0.0008110400328102211,1.133868396282196,0.0058354172969998785,0.03597669404310485,0.0003,1015,185,51.77908503609908,11.782332420349121,42.9695041179657,54.75183653831482,1386,0.4639291007188149,0,0,TRUE,pair,389,3.3915816996013746,5.628924162257496,48,0,7.287917737789203,3.3915816996013746,0.5627141025615856,7.511739099398255,cpu,cuda:0,0,148.1523438,51
2508,1,DDT500_num150.txt,fixed,2811,8,351.375,9.564746856689453,13.210865020751953,6.598640538868494e-06,-5.68,-0.375864585,0.14499999582767487,0.00986013375222683,0.13333334028720856,0.1666666716337204,-0.03144591,-0.02052428,0.0006356313242577016,1.1239447172950296,0.008016136800185503,0.03387152118717923,0.0003,1026,174,60.55799568587423,13.228818893432617,33.189494132995605,46.41831302642822,1359,0.4969762990367599,0,0,TRUE,pair,368,4.404404999921098,5.646744929781506,60,0,7.638586956521739,4.404404999921098,0.686510699102655,7.787397200299893,cpu,cuda:0,0,148.1503906,51
2509,1,DDT500_num150.txt,fixed,2797,8,349.625,9.57780647277832,10.467008590698242,6.35285960015608e-06,-5.48,-0.361463229,0.1574999988079071,0.020258741453289986,0.13333334028720856,0.18666666746139526,-0.023401463,-0.012762279,0.0008393231546506286,1.1058843433856964,0.005329721644092918,0.02243727195309475,0.0003,1011,189,48.79000436314366,10.485594034194946,46.84172201156616,57.32731604576111,1365,0.42553190037142485,0,0,TRUE,pair,370,2.7173135997145437,5.698248122136508,50,0,7.559459459459459,2.7173135997145437,0.5036505018942989,6.976660399173852,cpu,cuda:0,0,148.1503906,44
2510,1,DDT500_num150.txt,fixed,2796,8,349.5,13.656499862670898,11.747834205627441,8.59630381455645e-06,-5.52,-0.349532335,0.1550000011920929,0.01755942404270172,0.12666666507720947,0.18000000715255737,-0.002560229,0.00827150046825409,0.0006861776734391848,1.1174816091855366,0.008049987319585247,0.009079440884913007,0.0003,1014,186,130.55381057542203,11.764804363250732,9.651652097702026,21.41645646095276,1385,0.47120479913428426,0,0,TRUE,pair,377,3.58795639971504,5.642346209,40,0,7.416445623342175,3.58795639971504,0.5709841977222823,7.2946727990638465,cpu,cuda:0,0,148.1503906,42
2511,1,DDT500_num150.txt,fixed,2853,8,356.625,10.246188163757324,12.79130744934082,5.702142971131252e-06,-5.44,-0.364849258,0.15999998152256012,0.026034165173768997,0.12666666507720947,0.2199999988079071,-0.018907694,-0.00808208,0.0008543901373438226,1.1252807925144832,0.010960163862970754,0.05258167271191875,0.0003,1008,192,51.27986390963094,12.812326669692993,42.823546409606934,55.63587307929993,1393,0.48231179983122274,0,0,TRUE,pair,377,4.19345910102129,5.611636870792361,54,0,7.56763925729443,4.19345910102129,0.6566829002113082,7.62380030186614,cpu,cuda:0,0,148.1523438,41
2512,1,DDT500_num150.txt,fixed,2884,8,360.5,10.547511100769043,13.36126708984375,6.7350611061556265e-06,-5.6,-0.377958106,0.14999999105930328,0.020816657692193985,0.11999999731779099,0.19333332777023315,-0.030201814,-0.019361326,0.0008722860766283702,1.1276629939675331,0.00605865944407924,0.02285001112613827,0.0003,1020,180,65.93025561314295,13.381023406982422,30.362171173095703,43.743194580078125,1399,0.49707390007097274,0,0,TRUE,pair,378,4.617529599869158,5.618238558054962,70,0,7.62962962962963,4.617529599869158,0.6570699990261346,7.75964250107063,cpu,cuda:0,0,148.15283203125,40
2513,1,DDT500_num150.txt,fixed,2814,8,351.75,10.341058731079102,10.949109077453613,6.650126124441158e-06,-5.44,-0.361172476,0.1599999964237213,0.013333330862224102,0.13333334028720856,0.1733333319425583,-0.026985736,-0.015998383,0.0006712688045809045,1.1322985589504242,0.010824871754117282,0.018442478554788977,0.0003,1008,192,101.63869547123288,10.967689752578735,16.718616008758545,27.68630576133728,1386,0.44728959939675406,0,0,TRUE,pair,365,2.981283098750282,5.718905471620106,40,0,7.7095890410958905,2.981283098750282,0.5177008013124578,7.172245298977941,cpu,cuda:0,0,148.1503906,40
2514,1,DDT500_num150.txt,fixed,2786,8,348.25,14.88917350769043,11.082595825195312,9.500912710791454e-06,-5.573333333,-0.376376157,0.15166667103767395,0.02048034593462944,0.11999999731779099,0.18666666746139526,-0.025173037,-0.014258628,0.0008114902448141947,1.1320152431726456,0.01336632763104717,0.018560719909146428,0.0003,1018,182,117.36845013078452,11.101110935211182,12.63610291481018,23.737213850021362,1408,0.45655429881298915,0,0,TRUE,pair,375,3.240639898693189,5.843862169009699,50,0,7.429333333333333,3.240639898693189,0.5435037011047825,7.016262899443973,cpu,cuda:0,0,148.1503906,39
2515,1,DDT500_num150.txt,fixed,2781,8,347.625,16.544919967651367,13.98417854309082,9.88790543487994e-06,-5.6,-0.378634497,0.15000000596046448,0.012018502689898014,0.13333334028720856,0.1733333319425583,-0.008308774,0.0030949635963354793,0.0007105073974733907,1.1758992331368583,0.00974430717386505,0.021016102550285205,0.0003,1020,180,92.0688698127255,14.00147533416748,16.204174041748047,30.205649375915527,1390,0.5642949999892153,0,0,TRUE,pair,371,4.4220470995642245,5.740740739369041,30,0,7.495956873315364,4.4220470995642245,0.7173728987690993,8.490599099022802,cpu,cuda:0,0,148.1503906,40
2516,1,DDT500_num150.txt,fixed,2893,8,361.625,14.13274097442627,14.348551750183105,8.707991582923569e-06,-5.506666667,-0.360742625,0.15583331882953644,0.0191304013133049,0.11999999731779099,0.18666666746139526,-0.009171346,0.0020309823908303912,0.0008341522127585975,1.1619404930817454,0.009595351886482126,0.035575424958216514,0.0003,1013,187,56.762824623479915,14.367932319641113,36.59852361679077,50.966455936431885,1436,0.5792805992532521,0,0,TRUE,pair,387,4.894571900018491,5.671621153027468,50,0,7.475452196382429,4.894571900018491,0.7131013991893269,8.390652200963814,cpu,cuda:0,0,148.15283203125,43
2517,1,DDT500_num150.txt,fixed,2855,8,356.875,10.821708679199219,12.859926223754883,8.028725460462738e-06,-5.546666667,-0.380808421,0.15333333611488342,0.017950549721717834,0.11999999731779099,0.1733333319425583,-0.020265875,-0.009277564,0.0008551759286395585,1.1415899395942688,0.004189193625279586,0.023059019877109677,0.0003,1016,184,47.22565252944593,12.87889814376831,47.575533866882324,60.454432010650635,1402,0.505354200664442,0,0,TRUE,pair,372,4.08583840058418,5.641330996077449,40,0,7.674731182795699,4.08583840058418,0.6132929010200314,7.844035099900793,cpu,cuda:0,0,148.1523438,46
2518,1,DDT500_num150.txt,fixed,2824,8,353,16.007810592651367,11.327441215515137,7.348553936026292e-06,-5.6,-0.363187587,0.1499999761581421,0.015275253914296627,0.11999999731779099,0.1733333319425583,-0.043787758,-0.033059638,0.00088084943369419,1.1168545385201771,0.007145646290155128,0.030035484824717667,0.0003,1020,180,45.87471596204774,11.345432043075562,50.21353220939636,61.558964252471924,1401,0.45838890061713755,0,0,TRUE,pair,376,3.285923999850638,5.6055240815996115,40,0,7.51063829787234,3.285923999850638,0.5407835012301803,7.214077200856991,cpu,cuda:0,0,148.1523438,49
2519,1,DDT500_num150.txt,fixed,2815,8,351.875,9.597362518310547,13.798243522644043,6.325959930109093e-06,-5.533333333,-0.365196086,0.15416665375232697,0.0171391349285841,0.13333334028720856,0.18666666746139526,-0.029478914,-0.018675371,0.000863062621127548,1.1235075337546212,0.0052417846559608605,0.015902237417841598,0.0003,1015,185,71.5247325906512,13.816558122634888,25.540457248687744,39.35701537132263,1389,0.5372398003237322,0,0,TRUE,pair,367,4.576711400004569,5.659680283514263,40,0,7.670299727520436,4.576711400004569,0.6828881008550525,8.197710497770458,cpu,cuda:0,0,148.1503906,49
2520,1,DDT500_num150.txt,fixed,2934,8,366.75,12.547410011291504,14.759391784667969,1.3175727872294374e-05,-5.466666667,-0.369896032,0.15833333134651184,0.009860135614871979,0.14000000059604645,0.1666666716337204,-0.020305956,-0.009787707,0.0007454172931223487,1.0890956620375316,0.003941991537431022,0.02121365426379877,0.0003,1010,190,43.66874609225002,14.778841733932495,52.407798528671265,67.18764019012451,1427,0.5686759989475831,0,0,TRUE,pair,393,4.994150600628927,5.507839126983466,32,0,7.465648854961832,4.994150600628927,0.7484007002785802,8.646470200270414,cpu,cuda:0,0,148.15283203125,52
2521,1,DDT500_num150.txt,fixed,2866,8,358.25,11.787175178527832,10.69990348815918,6.097179266362218e-06,-5.506666667,-0.377819353,0.15583331882953644,0.016976291313767433,0.13333334028720856,0.18666666746139526,-0.037043357,-0.026383203,0.0007646098383702338,1.1042460997899373,0.010034229957252845,0.016514683401005134,0.0003,1013,187,107.77258133798829,10.720553636550903,15.872481107711792,26.593034744262695,1424,0.448895400040783,0,0,TRUE,pair,372,2.7864509991486557,5.517096999884483,54,0,7.704301075268817,2.7864509991486557,0.5040335992234759,7.135625902097672,cpu,cuda:0,0,148.1523438,51
2522,1,DDT500_num150.txt,fixed,2879,8,359.875,12.859213829040527,14.117910385131836,7.62939453125e-06,-5.56,-0.366708012,0.1525000035762787,0.02459392510354519,0.12666666507720947,0.20000000298023224,-0.025916802,-0.015396341,0.0008998139213266162,1.09703695277373,0.006846543274150463,0.03487601110828109,0.0003,1017,183,48.973707289679666,14.137050151824951,44.649595975875854,58.786646127700806,1426,0.6229146997793578,0,0,TRUE,pair,373,4.894737000809982,5.443904133296833,32,0,7.718498659517426,4.894737000809982,0.6856836971128359,8.201461298798677,cpu,cuda:0,0,148.1523438,52
2523,1,DDT500_num150.txt,fixed,2837,8,354.625,11.575161933898926,11.254361152648926,8.01455280452501e-06,-5.653333333,-0.356489759,0.14666666090488434,0.019436504691839218,0.1133333370089531,0.18666666746139526,-0.039656339,-0.028604993,0.0006478073203955622,1.1375249922275543,0.0036013409464127713,0.028142998499485355,0.0003,1024,176,48.47918661171014,11.274055004119873,47.245903730392456,58.51995873451233,1417,0.5477338001364842,0,0,TRUE,pair,375,3.1129730002139695,5.745153329806888,50,0,7.565333333333333,3.1129730002139695,0.5554605028009973,7.297627701191232,cpu,cuda:0,0,148.1523438,44
2524,1,DDT500_num150.txt,fixed,2891,8,361.375,14.097317695617676,10.848868370056152,8.785975296632387e-06,-5.64,-0.35995272,0.14749999344348907,0.012665570713579655,0.12666666507720947,0.1666666716337204,-0.01697105,-0.006112752,0.0007854661453166045,1.1251033594210942,0.007739169500988889,0.04678141376158843,0.0003,1023,177,48.59679071442435,10.868279218673706,48.62124586105347,59.48952507972717,1407,0.5336946007446386,0,0,TRUE,pair,390,2.8181596997310407,5.64475959949698,50,0,7.412820512820513,2.8181596997310407,0.5127271016826853,7.238356100395322,cpu,cuda:0,0,148.15283203125,42
2525,1,DDT500_num150.txt,fixed,2850,8,356.25,15.848896026611328,12.09692096710205,6.885304173920304e-06,-5.453333333,-0.343817591,0.15916666388511658,0.011273122392594814,0.13333334028720856,0.1733333319425583,-0.015520373,-0.004444843,0.0007442424830514938,1.1447650839885075,0.0052080517164085904,0.030568485128848504,0.0003,1009,191,48.81183190893767,12.115227222442627,46.272255659103394,58.38748288154602,1412,0.4894899002974853,0,0,TRUE,pair,376,3.5428652997361496,5.58035087627277,30,0,7.579787234042553,3.5428652997361496,0.6095587984309532,7.632612100045662,cpu,cuda:0,0,148.1523438,41
2526,1,DDT500_num150.txt,fixed,2884,8,360.5,9.83615779876709,12.838134765625,7.92898572399281e-06,-5.306666667,-0.314260106,0.16833333671092987,0.01518405880779028,0.14666666090488434,0.20000000298023224,-0.05449057,-0.043420064,0.0008762022397214812,1.1508608034678869,0.006833673764569019,0.006477652516748224,0.0003,998,202,119.922767755193,12.856365442276001,11.192445755004883,24.048811197280884,1392,0.5017385014216416,0,0,TRUE,pair,375,4.234323700133245,5.797156727181724,40,0,7.690666666666667,4.234323700133245,0.6089538987725973,7.680136799637694,cpu,cuda:0,0,148.15283203125,40
2527,1,DDT500_num150.txt,fixed,2803,8,350.375,14.696407318115234,11.450508117675781,1.4607880984840449e-05,-5.52,-0.343436193,0.1549999862909317,0.015184057876467705,0.12666666507720947,0.18000000715255737,-0.018193355,-0.007041175,0.0008378131484884458,1.1571086794137955,0.005102819122839719,0.03511845465982333,0.0003,1014,186,52.378640397614234,11.468668222427368,42.045511960983276,53.514180183410645,1381,0.4522393007064238,0,0,TRUE,pair,375,3.4511862003128044,5.914377451878635,40,0,7.474666666666667,3.4511862003128044,0.5543837985605933,7.159551902499516,cpu,cuda:0,0,148.1503906,40
2528,1,DDT500_num150.txt,fixed,2799,8,349.875,8.936407089233398,13.453536033630371,5.245208740234375e-06,-5.506666667,-0.347002114,0.15583333373069763,0.010507934726774693,0.14000000059604645,0.1733333319425583,-0.027350432,-0.016456136,0.0014129321061773226,1.160076454281807,0.003962996964219201,0.03255760757019743,0.0003,1013,187,50.47968321488537,13.478865146636963,41.96918487548828,55.448050022125244,1376,0.5160811994574033,0,0,TRUE,pair,369,4.601765000610612,5.844944623335211,35,0,7.585365853658536,4.601765000610612,0.7033980011474341,7.811031199875288,cpu,cuda:0,0,148.1503906,43
2529,1,DDT500_num150.txt,fixed,2806,8,350.75,12.14238452911377,13.98970890045166,7.62939453125e-06,-5.48,-0.323697835,0.1574999988079071,0.025152316316962242,0.13333334028720856,0.2133333384990692,-0.02034492,-0.009354488,0.0013356127868367669,1.1658238172531128,0.0031064788019155762,0.022227883668771636,0.0003,1011,189,48.12045545095577,14.015833854675293,44.29616618156433,58.312000036239624,1373,0.5475317998789251,0,0,TRUE,pair,369,4.655817100778222,5.885958659079614,50,0,7.6043360433604335,4.655817100778222,0.7301853991812095,8.241025700990576,cpu,cuda:0,0,148.1503906,46
2530,1,DDT500_num150.txt,fixed,2800,8,350,14.560219764709473,13.104408264160156,8.58306884765625e-06,-5.52,-0.311388358,0.1550000011920929,0.00927960965782404,0.14000000059604645,0.1666666716337204,-0.003230275,0.007906509834962586,0.0007875831724959426,1.1530579030513763,0.007258875856564373,0.032554721944810204,0.0003,1014,186,44.373237832546806,13.121601343154907,49.979496002197266,63.10109734535217,1369,0.6109826007159427,0,0,TRUE,pair,373,4.203703099978156,5.888571427464485,40,0,7.506702412868632,4.203703099978156,0.6501381992711686,7.923190702451393,cpu,cuda:0,0,148.1503906,49
2531,1,DDT500_num150.txt,fixed,2825,8,353.125,18.374149322509766,10.779139518737793,1.1973265827691648e-05,-5.546666667,-0.327013403,0.15333333611488342,0.015986105427145958,0.12666666507720947,0.18000000715255737,-0.013721633,-0.002357469,0.0007095268170814961,1.171892778078715,0.0070197308577007785,0.02250431077554822,0.0003,1016,184,70.51609675754207,10.798112630844116,29.263662338256836,40.06177496910095,1399,0.4440220994874835,0,0,TRUE,pair,374,2.9600012004957534,5.907964601010348,40,0,7.553475935828877,2.9600012004957534,0.5263554981793277,7.013694700435735,cpu,cuda:0,0,148.1523438,49
2532,1,DDT500_num150.txt,fixed,2789,8,348.625,12.479357719421387,13.03390121459961,9.07244611880742e-06,-5.653333333,-0.342383898,0.14666666090488434,0.014907119795680046,0.12666666507720947,0.1733333319425583,-0.002736752,0.008526567990581194,0.0007335234695347026,1.1630082825819652,0.007410617679224647,0.04358265971920142,0.0003,1024,176,50.95457800199313,13.05213212966919,41.68289089202881,54.735023021698,1383,0.495601799339056,0,0,TRUE,pair,369,4.550022699928377,5.888849047616033,40,0,7.558265582655826,4.550022699928377,0.6496105972328223,7.517140201409347,cpu,cuda:0,0,148.1503906,51
2533,1,DDT500_num150.txt,fixed,2848,8,356,9.486832618713379,13.192527770996094,6.983670573390555e-06,-5.466666667,-0.334249409,0.15833333134651184,0.019930433481931686,0.13333334028720856,0.18666666746139526,0.009679070363442102,0.021317244895423453,0.0006881380783549199,1.1982245246569316,0.007266643962187421,0.0364749026678813,0.0003,1010,190,50.1016676939875,13.212014436721802,43.63240075111389,56.84441518783569,1404,0.5092433997779153,0,0,TRUE,pair,368,4.51613390003331,5.913623595003331,35,0,7.739130434782608,4.51613390003331,0.6663885999005288,7.680163598386571,cpu,cuda:0,0,148.1523438,52
2534,1,DDT500_num150.txt,fixed,2838,8,354.75,15.352117538452148,13.1022367477417,9.398652764502913e-06,-5.453333333,-0.319210717,0.15916666388511658,0.014312968589365482,0.13333334028720856,0.18666666746139526,-0.038454326,-0.027038794,0.0007078564691861781,1.1769460290670395,0.004470442568920892,0.04601756774354726,0.0003,1009,191,50.04116022862077,13.126081705093384,43.58723163604736,56.71331334114075,1397,0.5139525008271448,0,0,TRUE,pair,380,4.381398599362001,5.913671599634102,72,0,7.468421052631579,4.381398599362001,0.6375028985203244,7.765548299648799,cpu,cuda:0,0,148.1523438,48
2535,1,DDT500_num150.txt,fixed,2871,8,358.875,8.146126747131348,13.324002265930176,5.7220458984375e-06,-5.506666667,-0.342648163,0.15583331882953644,0.01488380879163742,0.13333334028720856,0.18000000715255737,-0.025906258,-0.014313482,0.0006754989141578941,1.1930527140696843,0.002462473012959284,0.024357969135356445,0.0003,1013,187,49.61397976087265,13.343180179595947,44.52357459068298,57.86675477027893,1388,0.4857546016573906,0,0,TRUE,pair,370,4.642163000185974,5.922675026123302,60,0,7.7594594594594595,4.642163000185974,0.679046799428761,7.677800802106503,cpu,cuda:0,0,148.1523438,43
2536,1,DDT500_num150.txt,fixed,2782,8,347.75,19.891895294189453,10.984374046325684,1.0831658073584549e-05,-5.56,-0.358466878,0.1525000035762787,0.01681186817586422,0.1133333370089531,0.1666666716337204,-0.008706767,0.003269520956867685,0.001154433746705763,1.2553505996863048,0.00451693581408108,0.03214208055093574,0.0003,1017,183,48.179460154122445,11.002716064453125,46.73973250389099,57.742448568344116,1381,0.4493776001618244,0,0,TRUE,pair,366,2.9967248000903055,6.17217829122893,50,0,7.601092896174864,2.9967248000903055,0.5374926990480162,7.1684205016936176,cpu,cuda:0,0,148.1503906,41
2537,1,DDT500_num150.txt,fixed,2822,8,352.75,13.599172592163086,10.933256149291992,7.666556484764442e-06,-5.6,-0.428450308,0.15000000596046448,0.01105541456490755,0.13333334028720856,0.1666666716337204,-0.031909896,-0.020042778,0.0011564666721304612,1.2445348330906458,0.00825098917650686,0.013319519481488637,0.0003,1020,180,125.2013338038726,10.951782464981079,11.587913513183594,22.539695978164673,1417,0.46041609946405515,0,0,TRUE,pair,371,2.964044399384875,6.03827073073911,50,0,7.606469002695418,2.964044399384875,0.530207799281925,7.156039501191117,cpu,cuda:0,0,148.1523438,40
2538,1,DDT500_num150.txt,fixed,2846,8,355.75,12.978347778320312,13.346769332885742,6.827269317000173e-06,-5.56,-0.423267587,0.1524999886751175,0.011273124255239964,0.13333334028720856,0.1666666716337204,-0.039467395,-0.027392723,0.0008221535411264215,1.2485748926798503,0.007433160565034043,0.02469957455815304,0.0003,1017,183,50.340192319023494,13.364614963531494,43.170727252960205,56.5353422164917,1414,0.5184308998868801,0,0,TRUE,pair,388,4.460817900428083,6.107870695545736,45,0,7.335051546391752,4.460817900428083,0.6621609982103109,7.895540098717902,cpu,cuda:0,0,148.1523438,40
2539,1,DDT500_num150.txt,fixed,2951,8,368.875,15.128098487854004,13.902975082397461,9.270774171454832e-06,-5.573333333,-0.416651638,0.15166667103767395,0.011426091194152832,0.13333334028720856,0.1666666716337204,-0.02308387,-0.01141677,0.001050936084842154,1.21925683816274,0.003535761285396196,0.024367157156423975,0.0003,1018,182,46.48153189966317,13.922078609466553,49.56550192832947,63.48758053779602,1455,0.6032212995924056,0,0,TRUE,pair,392,4.9775568002369255,5.730599794740073,35,0,7.528061224489796,4.9775568002369255,0.6865958998678252,7.900327899609692,cpu,cuda:0,0,148.15478515625,40
2540,1,DDT500_num150.txt,fixed,2910,8,363.75,11.177544593811035,10.850971221923828,6.485686753876507e-06,-5.506666667,-0.39015679,0.15583331882953644,0.014117562212049961,0.13333334028720856,0.18000000715255737,-0.037315782,-0.025384648,0.0008328357046896903,1.2347552925348282,0.004753593654944173,0.02430228013933326,0.0003,1013,187,51.6372062856366,10.869054079055786,45.48566007614136,56.354714155197144,1437,0.4439896997064352,0,0,TRUE,pair,385,2.8039762008120306,5.985223367369871,50,0,7.558441558441558,2.8039762008120306,0.5158990010386333,7.25141919933958,cpu,cuda:0,0,148.15283203125,43
2541,1,DDT500_num150.txt,fixed,2896,8,362,18.28250503540039,13.214774131774902,9.19690228329273e-06,-5.306666667,-0.360584473,0.16833332180976868,0.01404358446598053,0.14666666090488434,0.18666666746139526,-0.018793395,-0.007166199,0.0009344404800989045,1.2094414681196213,0.0040170693343194825,0.03939978163301324,0.0003,998,202,50.556412031791574,13.234879970550537,44.04766607284546,57.282546043395996,1422,0.5957866013632156,0,0,TRUE,pair,395,4.392939098994248,5.901933699681614,70,0,7.331645569620253,4.392939098994248,0.6512013995088637,7.848278400837444,cpu,cuda:0,0,148.15283203125,46
2542,1,DDT500_num150.txt,fixed,2869,8,358.625,18.67443084716797,13.063687324523926,8.40235225041397e-06,-5.453333333,-0.390220294,0.15916666388511658,0.005204165354371071,0.15333333611488342,0.1666666716337204,-0.033034153,-0.021101872,0.0007454881900533413,1.2305026650428772,0.004702865791008056,0.026550741943841178,0.0003,1009,191,47.018668009703866,13.082458257675171,47.935858964920044,61.018317222595215,1412,0.5055347998859361,0,0,TRUE,pair,387,4.418842199956998,6.028929941992429,40,0,7.41343669250646,4.418842199956998,0.6415865000453778,7.681022699340247,cpu,cuda:0,0,148.1523438,48
2543,1,DDT500_num150.txt,fixed,2931,8,366.375,10.123456954956055,12.51951789855957,6.827269317000173e-06,-5.4,-0.388015263,0.16250000894069672,0.01151689700782299,0.14000000059604645,0.18000000715255737,-0.010632047,0.0008849453269725754,0.0008315651877118009,1.193277398745219,0.0034919232594759144,0.02445174256960551,0.0003,1005,195,50.59284836397607,12.539408206939697,45.393681049346924,57.93308925628662,1436,0.4857471000868827,0,0,TRUE,pair,381,3.7720778000657447,6.08085977547163,70,0,7.692913385826771,3.7720778000657447,0.6234675964224152,7.803187399927992,cpu,cuda:0,0,148.15283203125,50
2544,1,DDT500_num150.txt,fixed,2915,8,364.375,8.076780319213867,13.629096031188965,6.432885129470378e-06,-5.36,-0.375359125,0.16500000655651093,0.01142609491944313,0.14666666090488434,0.18000000715255737,-0.025890674,-0.014604937,0.0009708307552500628,1.177115296324094,0.004877891303901076,0.027168575024309877,0.0003,1002,198,50.72043525667405,13.648308277130127,43.82359600067139,57.471904277801514,1421,0.5226327996351756,0,0,TRUE,pair,374,4.516165400156751,5.779416808787587,55,0,7.794117647058823,4.516165400156751,0.6810003977152519,8.092012200970203,cpu,cuda:0,0,148.15283203125,50
2545,1,DDT500_num150.txt,fixed,2822,8,352.75,11.409974098205566,10.618725776672363,7.064596502459608e-06,-5.52,-0.381269334,0.1549999862909317,0.0172401312738657,0.13333334028720856,0.18666666746139526,-0.029567835,-0.017971389,0.0008691792803195616,1.203103373448054,0.00270172080975802,0.023309251671889797,0.0003,1014,186,47.80541923887354,10.636892795562744,48.39407157897949,59.030964374542236,1388,0.5188902012305334,0,0,TRUE,pair,373,2.766281800053548,6.034372785765596,48,0,7.565683646112601,2.766281800053548,0.5198257002630271,7.057782100571785,cpu,cuda:0,0,148.1523438,52
2546,1,DDT500_num150.txt,fixed,2879,8,359.875,4.64858865737915,10.746672630310059,5.266838343231939e-06,-5.493333333,-0.352840274,0.15666666626930237,0.01666666567325592,0.13333334028720856,0.18000000715255737,-0.022144019,-0.010804347,0.0008274092566959249,1.1753376026948292,0.0029841202203328976,0.019701632341214765,0.0003,1012,188,51.41210464787791,10.76526689529419,45.23321866989136,55.99848556518555,1415,0.4419767999788746,0,0,TRUE,pair,368,2.8574101997655816,5.75303924882855,40,0,7.823369565217392,2.8574101997655816,0.5198691987316124,7.091420302807819,cpu,cuda:0,0,148.1523438,44
2547,1,DDT500_num150.txt,fixed,2885,8,360.625,14.687898635864258,11.45425033569336,7.286408617801499e-06,-5.52,-0.377613631,0.1550000011920929,0.016914822161197662,0.11999999731779099,0.18000000715255737,-0.025063381,-0.013496892,0.0007949323262437247,1.1963954071203868,0.0025496846910755266,0.019268987933173776,0.0003,1014,186,52.122443338430266,11.478834867477417,43.871601819992065,55.35043668746948,1409,0.4536659999284893,0,0,TRUE,pair,385,3.308794900018256,5.845060660231671,40,0,7.4935064935064934,3.308794900018256,0.5406471010646783,7.31675520009594,cpu,cuda:0,0,148.15283203125,42
2548,1,DDT500_num150.txt,fixed,2804,8,350.5,8.17006778717041,12.768379211425781,6.868772743473528e-06,-5.52,-0.39290707,0.1550000011920929,0.007264831569045782,0.14000000059604645,0.1666666716337204,-0.035042545,-0.022913105,0.0007291538931895047,1.2494018624226253,0.002374868995673296,0.021859365185567487,0.0003,1014,186,49.35008964173209,12.791902542114258,44.026636600494385,56.81853914260864,1387,0.4955626019509509,0,0,TRUE,pair,363,4.223530299204867,6.1522824527023525,42,0,7.7245179063360885,4.223530299204867,0.6381659008329734,7.5835229001240805,cpu,cuda:0,0,148.1503906,41
2549,1,DDT500_num150.txt,fixed,2843,8,355.375,6.963072299957275,12.519129753112793,5.591411081695696e-06,-5.4,-0.360276655,0.16249999403953552,0.013307267799973488,0.14666666090488434,0.18666666746139526,-0.016558842,-0.005150918,0.0010552527916540082,1.1935551712910335,0.0060012456920996255,0.05006482981843874,0.0003,1005,195,50.15972227906806,12.537617921829224,44.141324281692505,56.67894220352173,1409,0.6000743002514355,0,0,TRUE,pair,368,3.6777458002907224,5.937038338775581,50,0,7.725543478260869,3.6777458002907224,0.6425683006527834,7.8655012006056495,cpu,cuda:0,0,148.1523438,40
2550,1,DDT500_num150.txt,fixed,2877,8,359.625,13.628439903259277,10.815788269042969,9.602083991921972e-06,-5.36,-0.364495674,0.16499999165534973,0.021538080647587776,0.13333334028720856,0.20000000298023224,-0.01107107,0.00021138589640724517,0.0009069658117368817,1.1735938730693998,0.007202769818139218,0.028978344696086077,0.0003,1002,198,48.041517382594805,10.833865404129028,49.05183672904968,59.88570213317871,1375,0.5119478987180628,0,0,TRUE,pair,377,2.795812000229489,5.912756344490595,35,0,7.63129973474801,2.795812000229489,0.5291009000502527,7.208912597852759,cpu,cuda:0,0,148.1523438,40
2551,1,DDT500_num150.txt,fixed,2867,8,358.375,9.835363388061523,10.734457015991211,7.900257514847908e-06,-5.52,-0.382106724,0.1550000011920929,0.017559422180056572,0.13333334028720856,0.18666666746139526,-0.002062814,0.009000993644197782,0.0009488283806907324,1.1538222183783848,0.0041032024746527895,0.03291404169673721,0.0003,1014,186,48.048815876048856,10.751663446426392,48.91682052612305,59.66848397254944,1451,0.5316230994649231,0,0,TRUE,pair,373,2.761228300340008,5.820718521434836,40,0,7.686327077747989,2.761228300340008,0.52086529933149,7.173630501667503,cpu,cuda:0,0,148.1523438,44
2552,1,DDT500_num150.txt,fixed,2872,8,359,16.830032348632812,11.308332443237305,9.666983714851085e-06,-5.466666667,-0.368127045,0.15833331644535065,0.01554563082754612,0.13333334028720856,0.18666666746139526,-0.017577301,-0.006463752,0.000878478821721815,1.1552789154506864,0.0038721473226490033,0.02795944430510558,0.0003,1010,190,51.45753631451805,11.327669620513916,44.48534059524536,55.81301021575928,1413,0.4525556986918673,0,0,TRUE,pair,381,3.1983007997623645,5.8252089133999805,35,0,7.5380577427821525,3.1983007997623645,0.5405690988409333,7.282713699853048,cpu,cuda:0,0,148.1523438,47
2553,1,DDT500_num150.txt,fixed,2918,8,364.75,12.891372680664062,10.887651443481445,6.031566044839565e-06,-5.4,-0.364577541,0.16249999403953552,0.015964370220899582,0.13333334028720856,0.18666666746139526,-0.01247297,-0.001088438,0.000862630184807737,1.181584785381953,0.006265022457228042,0.03609816054813564,0.0003,1005,195,53.021930837787494,10.905365705490112,44.12846565246582,55.03383135795593,1428,0.44192319898866117,0,0,TRUE,pair,389,2.8952344999997877,5.948594926643895,40,0,7.5012853470437015,2.8952344999997877,0.5231478006462567,7.187057901697699,cpu,cuda:0,0,148.15283203125,48
2554,1,DDT500_num150.txt,fixed,2913,8,364.125,15.061851501464844,13.865997314453125,9.572439012117684e-06,-5.44,-0.341861024,0.1599999964237213,0.020275874063372612,0.13333334028720856,0.20000000298023224,-0.014675811,-0.003336675,0.0008040976293462639,1.1741184641917546,0.0031106528658710886,0.032151889647745215,0.0003,1008,192,49.76607698477424,13.883795261383057,44.65005302429199,58.53384828567505,1411,0.5246332007227466,0,0,TRUE,pair,395,4.880587701220065,5.780295228286989,40,0,7.374683544303798,4.880587701220065,0.7006336986669339,7.940227400220465,cpu,cuda:0,0,148.15283203125,49
2555,1,DDT500_num150.txt,fixed,2943,8,367.875,12.128865242004395,14.26627254486084,7.67396795708919e-06,-5.28,-0.313350046,0.16999998688697815,0.009428090415894985,0.15333333611488342,0.18666666746139526,-0.011553398,-0.00013005,0.000785839850626265,1.1816268314917882,0.004358248583533471,0.035889181308448315,0.0003,996,204,48.916463496265926,14.284260749816895,45.8795325756073,60.163793325424194,1394,0.5490038992720656,0,0,TRUE,pair,386,4.440157799748704,5.775059462970834,50,0,7.624352331606218,4.440157799748704,0.7583063986967318,8.699230300495401,cpu,cuda:0,0,148.15283203125,51
2556,1,DDT500_num150.txt,fixed,2898,8,362.25,7.8859052658081055,13.41950511932373,5.2125956244708505e-06,-5.533333333,-0.363281215,0.15416665375232697,0.015069287270307541,0.12666666507720947,0.18000000715255737,-0.033527794,-0.022721391,0.0015438960302465905,1.15783487757047,0.00545503915570104,0.0354321853374131,0.0003,1015,185,49.60299641430824,13.440746784210205,44.98314309120178,58.42388987541199,1399,0.6206014003255405,0,0,TRUE,pair,371,4.459626000490971,5.882677707941965,50,0,7.811320754716981,4.459626000490971,0.6677681015571579,7.958636499184649,cpu,cuda:0,0,148.15283203125,52
2557,1,DDT500_num150.txt,fixed,2868,8,358.5,16.194135665893555,13.274626731872559,9.470951226830948e-06,-5.333333333,-0.323557272,0.1666666567325592,0.009428093209862709,0.15333333611488342,0.18000000715255737,-0.025438865,-0.013897626,0.0007454009743620796,1.1913939714431763,0.00838935671345098,0.0454102986647437,0.0003,1000,200,50.328118924916055,13.293708562850952,43.69232749938965,56.9860360622406,1371,0.49072770081693307,0,0,TRUE,pair,390,4.6234521988080814,5.974895396990756,40,0,7.3538461538461535,4.6234521988080814,0.6772768991068006,7.649747298914008,cpu,cuda:0,0,148.1523438,45
2558,1,DDT500_num150.txt,fixed,2880,8,360,10.392304420471191,11.969172477722168,7.80616028350778e-06,-5.346666667,-0.319590611,0.16583332419395447,0.010769044049084187,0.14666666090488434,0.18000000715255737,-0.005653156,0.005724616814404726,0.0007779671577736735,1.1766757269700368,0.004721476030681515,0.02750548526334266,0.0003,1001,199,49.22409078002153,11.98836374282837,46.51957321166992,58.50793695449829,1402,0.4743730998598039,0,0,TRUE,pair,368,3.631631600030232,6.040972222636143,40,0,7.826086956521739,3.631631600030232,0.5854237015591934,7.451486601145007,cpu,cuda:0,0,148.1523438,41
2559,1,DDT500_num150.txt,fixed,2901,8,362.625,12.549278259277344,10.875213623046875,8.563177289033774e-06,-5.36,-0.30679718,0.16499999165534973,0.013228760100901127,0.14666666090488434,0.18000000715255737,-0.02075547,-0.009388301,0.0005981368045063897,1.166623799889176,0.0062593042628712415,0.04770858644473332,0.0003,1002,198,51.667541073636365,10.893296957015991,45.25413990020752,56.14743685722351,1419,0.5277910004369915,0,0,TRUE,pair,390,2.8198800997342914,5.9572561185798,48,0,7.438461538461539,2.8198800997342914,0.5248912990209647,7.248893200128805,cpu,cuda:0,0,148.15283203125,40
2560,1,DDT500_num150.txt,fixed,2829,8,353.625,8.46961498260498,12.025530815124512,3.784777618420776e-06,-5.32,-0.313881808,0.16750001907348633,0.008457411080598831,0.1599999964237213,0.18666666746139526,-0.008571677,0.0030097481129424913,0.0007140791151739125,1.193846379007612,0.005887033831511092,0.043050720422927825,0.0003,999,201,71.08828454978905,12.046401023864746,27.749185800552368,39.795586824417114,1365,0.46171420108294114,0,0,TRUE,pair,360,3.7023721001460217,5.996111697634862,36,0,7.858333333333333,3.7023721001460217,0.6155064993654378,7.401127899705898,cpu,cuda:0,0,148.1523438,40
2561,1,DDT500_num150.txt,fixed,2774,8,346.75,14.643684387207031,10.598150253295898,6.75191995469504e-06,-5.413333333,-0.319603185,0.1616666615009308,0.014433757402002811,0.13333334028720856,0.18000000715255737,-0.03494246,-0.023884576,0.0008889018160213406,1.1502337604761124,0.004071076017377588,0.041472913891387485,0.0003,1006,194,51.48819066167989,10.616068363189697,43.26036357879639,53.876431941986084,1380,0.43496680015232414,0,0,TRUE,pair,369,2.8086514000897296,6.1524873826687685,50,0,7.517615176151762,2.8086514000897296,0.526019302313216,6.988628998573404,cpu,cuda:0,0,148.1503906,40
2562,1,DDT500_num150.txt,fixed,2865,8,358.125,10.092540740966797,14.000774383544922,5.859473276359495e-06,-5.333333333,-0.315504397,0.1666666716337204,0.015634717419743538,0.13333334028720856,0.18666666746139526,-0.018167427,-0.006948456,0.0010654642072040587,1.1751704931259155,0.008975226685288362,0.017908376269042493,0.0003,1000,200,85.6516349390342,14.018940687179565,19.430508375167847,33.44944906234741,1392,0.5507759005995467,0,0,TRUE,pair,375,4.623431899875868,5.995462479766127,40,0,7.64,4.623431899875868,0.7190375018399209,8.299644400482066,cpu,cuda:0,0,148.1523438,42
2563,1,DDT500_num150.txt,fixed,2888,8,361,10.428326606750488,11.090730667114258,1.3787109310214873e-05,-5.306666667,-0.340419436,0.16833332180976868,0.01404358446598053,0.15333333611488342,0.20000000298023224,-0.020578953,-0.009415823,0.0007927602370424817,1.1559509883324306,0.005518977913804217,0.03105903317919001,0.0003,998,202,45.871062640206915,11.112140893936157,51.846941232681274,62.95908212661743,1404,0.44620169937843457,0,0,TRUE,pair,386,2.969478800194338,6.00727146773127,45,0,7.481865284974093,2.969478800194338,0.5463705990696326,7.285343800438568,cpu,cuda:0,0,148.15283203125,46
2564,1,DDT500_num150.txt,fixed,2876,8,359.5,11.640446662902832,13.49978256225586,7.207973794720601e-06,-5.4,-0.357849212,0.16250000894069672,0.00939119327813387,0.14666666090488434,0.18000000715255737,-0.022334227,-0.011750756,0.000931184709770605,1.1049062311649323,0.005919966799774556,0.02884204816073179,0.0003,1005,195,100.89060154303137,13.517690181732178,14.988433837890625,28.506124019622803,1407,0.5094119004788809,0,0,TRUE,pair,382,4.689487000112422,5.805285119380341,80,0,7.528795811518324,4.689487000112422,0.6613323001656681,7.822680798941292,cpu,cuda:0,0,148.1523438,46
2565,1,DDT500_num150.txt,fixed,2941,8,367.625,7.140334606170654,12.739225387573242,5.436780156742316e-06,-5.346666667,-0.333255482,0.16583332419395447,0.009682460688054562,0.15333333611488342,0.18000000715255737,0.0034422798780724406,0.014084234717302024,0.0009298119330196641,1.1106861494481564,0.018978283154069686,0.014425738336285576,0.0003,1001,199,61.812740956642166,12.758578062057495,34.82060956954956,47.579187631607056,1414,0.49428319867001846,0,0,TRUE,pair,382,3.945228600059636,5.824209451918617,40,0,7.698952879581152,3.945228600059636,0.651426896918565,7.7389879989787005,cpu,cuda:0,0,148.15283203125,49
2566,1,DDT500_num150.txt,fixed,2914,8,364.25,10.997159004211426,13.283462524414062,8.368458111362997e-06,-5.2,-0.343312595,0.17500001192092896,0.01236033346503973,0.1599999964237213,0.20000000298023224,-0.005051054,0.005917622765991837,0.0008078339028129863,1.137259461662986,0.00770203317436178,0.03355124247768386,0.0003,990,210,60.07170923917021,13.317518472671509,35.19016885757446,48.50869131088257,1380,0.4942918986780569,0,0,TRUE,pair,379,4.553806500218343,5.82258064516129,35,0,7.688654353562005,4.553806500218343,0.6507753997575492,7.750277496641502,cpu,cuda:0,0,148.15283203125,50
2567,1,DDT500_num150.txt,fixed,2918,8,364.75,14.157594680786133,13.741209983825684,8.727552994969301e-06,-5.506666667,-0.348144195,0.15583333373069763,0.019418632611632347,0.1133333370089531,0.1733333319425583,-0.014014281,-0.003239597,0.0008647315636543291,1.120704968770345,0.00348914446234024,0.03317519810627259,0.0003,1013,187,46.509043687419,13.759461641311646,48.98102426528931,62.74048590660095,1438,0.5212215982028283,0,0,TRUE,pair,387,4.69018070056336,5.879026731045954,48,0,7.540051679586563,4.69018070056336,0.6911470996565185,8.017479899979662,cpu,cuda:0,0,148.15283203125,51
2568,1,DDT500_num150.txt,fixed,2943,8,367.875,12.333263397216797,11.281851768493652,8.14819668448763e-06,-5.173333333,-0.321184541,0.17666666209697723,0.015634717419743538,0.1599999964237213,0.20666666328907013,-0.011502324,-0.00023691,0.0006554092493994782,1.159312054514885,0.005563252638239646,0.03899459564127028,0.0003,988,212,51.34908430483905,11.301343202590942,46.01223969459534,57.31358289718628,1396,0.5286937993951142,0,0,TRUE,pair,386,3.069749800139107,5.805300712666462,40,0,7.624352331606218,3.069749800139107,0.5471266005770303,7.375356700387783,cpu,cuda:0,0,148.15283203125,52
2569,1,DDT500_num150.txt,fixed,2933,8,366.625,12.277392387390137,14.515278816223145,1.0710276001191232e-05,-5.36,-0.309105384,0.16499997675418854,0.016244657337665558,0.14000000059604645,0.19333332777023315,-0.01905433,-0.008244828,0.0007954290054773015,1.1207215962586579,0.004114288380757595,0.026284982510669914,0.0003,1002,198,48.01922696791848,14.536463260650635,46.54323720932007,61.0797004699707,1404,0.650616301514674,0,0,TRUE,pair,386,4.813972600270063,5.758608932264258,50,0,7.598445595854923,4.813972600270063,0.773105300613679,8.558125400682911,cpu,cuda:0,0,148.15283203125,45
2570,1,DDT500_num150.txt,fixed,2892,8,361.5,16.530275344848633,13.615923881530762,1.021589559968561e-05,-5.386666667,-0.326092775,0.16333331167697906,0.014907119795680046,0.14666666090488434,0.19333332777023315,-0.021356518,-0.010156966,0.0005914054551491669,1.1495252748330433,0.005534540300383621,0.03726257800978298,0.0003,1004,196,44.164047023290586,13.634064197540283,51.84906506538391,65.4831292629242,1378,0.5121295997523703,0,0,TRUE,pair,391,4.569202000682708,5.835062241488307,45,0,7.396419437340153,4.569202000682708,0.7045619012205862,7.996920897276141,cpu,cuda:0,0,148.15283203125,43
2571,1,DDT500_num150.txt,fixed,2930,8,366.25,15.46568775177002,10.948505401611328,8.6949266915326e-06,-5.426666667,-0.347069623,0.16083332896232605,0.01309686154127121,0.13333334028720856,0.18000000715255737,-0.026884656,-0.015507113,0.0006179850946258133,1.1686533838510513,0.004236623147259404,0.0315274252401044,0.0003,1007,193,52.299634183330774,10.967554330825806,45.055782079696655,56.02333641052246,1419,0.4448900982388295,0,0,TRUE,pair,402,2.93616230081534,5.821160411346487,35,0,7.288557213930348,2.93616230081534,0.5261102018994279,7.203074597637169,cpu,cuda:0,0,148.15283203125,40
2572,1,DDT500_num150.txt,fixed,2879,8,359.875,17.22960662841797,11.946805000305176,7.696157808823045e-06,-5.373333333,-0.336482599,0.164166659116745,0.014883813448250294,0.14666666090488434,0.18666666746139526,-0.011956689,-0.000483842,0.0005515268363524229,1.174861216545105,0.00732825146921338,0.028731937613338233,0.0003,1003,197,66.06546275119628,11.968022584915161,31.609966278076172,43.57798886299133,1415,0.46979829989140853,0,0,TRUE,pair,384,3.5884614002425224,5.863146923780027,35,0,7.497395833333333,3.5884614002425224,0.5758758023730479,7.4838737975806,cpu,cuda:0,0,148.1523438,41
2573,1,DDT500_num150.txt,fixed,2849,8,356.125,15.020298957824707,11.23071002960205,9.578375284036156e-06,-5.253333333,-0.331367479,0.17166668176651,0.01589898392558098,0.15333333611488342,0.19333332777023315,-0.007139741,0.004102624564742048,0.000684108296506262,1.1584422662854195,0.0038296514671477175,0.035093020676868036,0.0003,994,206,51.99592796822313,11.249595880508423,43.54315638542175,54.792752265930176,1367,0.4610278002801351,0,0,TRUE,pair,374,3.090414200210944,5.944541945044055,40,0,7.617647058823529,3.090414200210944,0.5539801007253118,7.294836902467068,cpu,cuda:0,0,148.1523438,40
2574,1,DDT500_num150.txt,fixed,2853,8,356.625,13.637608528137207,11.448080062866211,1.2475466974137817e-05,-5.546666667,-0.368111459,0.15333332121372223,0.013743682764470577,0.13333334028720856,0.1733333319425583,-0.011932045,-0.000763935,0.000836939837662848,1.1586582395765517,0.006737518010898687,0.04662950295541021,0.0003,1016,184,51.87819110060163,11.466938734054565,43.52726864814758,54.99420738220215,1378,0.5796323014074005,0,0,TRUE,pair,379,3.220372700423468,5.946722747817442,50,0,7.527704485488127,3.220372700423468,0.5745170012232848,7.356106398801785,cpu,cuda:0,0,148.1523438,43
2575,1,DDT500_num150.txt,fixed,2854,8,356.75,12.203995704650879,14.676152229309082,7.92898572399281e-06,-5.493333333,-0.358041303,0.15666665136814117,0.014529665932059288,0.12666666507720947,0.18000000715255737,0.0038901660591363907,0.015449269037497671,0.0007595648578564195,1.1938883819078143,0.010017626460084054,0.04397542019815821,0.0003,1012,188,56.78051895644669,14.694551706314087,35.56916642189026,50.263718128204346,1386,0.5844044993282296,0,0,TRUE,pair,378,4.791075099958107,6.108619481262496,35,0,7.550264550264551,4.791075099958107,0.8192971005337313,8.679832898487803,cpu,cuda:0,0,148.1523438,45
2576,1,DDT500_num150.txt,fixed,2930,8,366.25,8.422440528869629,13.861602783203125,5.5094815252232365e-06,-5.373333333,-0.371040414,0.164166659116745,0.016308654099702835,0.14000000059604645,0.18666666746139526,-0.017371847,-0.006064526,0.0006837935203899784,1.1649220238129299,0.007298860081997797,0.04168257371444876,0.0003,1003,197,49.78377830138162,13.879538774490356,44.97497367858887,58.854512453079224,1398,0.5319431980024092,0,0,TRUE,pair,382,4.495094899379183,5.913651877295849,32,0,7.670157068062827,4.495094899379183,0.6940243015415035,8.324103200284299,cpu,cuda:0,0,148.15283203125,48
2577,1,DDT500_num150.txt,fixed,2933,8,366.625,7.296189308166504,13.701618194580078,5.974752639303915e-06,-5.253333333,-0.366012911,0.17166666686534882,0.014433756470680237,0.1599999964237213,0.20666666328907013,-0.018912595,-0.008087161,0.0007054520898409898,1.1178160792305356,0.0044392562038930395,0.026864617796880857,0.0003,994,206,47.49737932816179,13.722100734710693,48.028674602508545,61.75077533721924,1425,0.533973399840761,0,0,TRUE,pair,379,4.5952753004967235,5.834981247300058,50,0,7.738786279683377,4.5952753004967235,0.680590002448298,8.081205399881583,cpu,cuda:0,0,148.15283203125,49
2578,1,DDT500_num150.txt,fixed,2933,8,366.625,12.02016544342041,12.300413131713867,8.368458111362997e-06,-5.36,-0.36548549,0.16499999165534973,0.014043587259948254,0.14666666090488434,0.18000000715255737,-0.021989504,-0.01095974,0.0006203457596711814,1.133993645509084,0.005369885235268157,0.041917930192236476,0.0003,1002,198,50.23955569128221,12.319108963012695,46.06118440628052,58.38029336929321,1412,0.4816403000149876,0,0,TRUE,pair,386,3.76087520015426,5.786566656358486,48,0,7.598445595854923,3.76087520015426,0.5788616976933554,7.656155599630438,cpu,cuda:0,0,148.15283203125,50
2579,1,DDT500_num150.txt,fixed,2910,8,363.75,11.82951831817627,12.628623962402344,8.869684279488865e-06,-5.293333333,-0.345860159,0.1691666543483734,0.010507934726774693,0.15333333611488342,0.18666666746139526,0.0012723693701749046,0.012406598951201886,0.0008496057998854667,1.1559031754732132,0.0048776984479748835,0.027624426264083013,0.0003,997,203,51.29159850279801,12.647042512893677,44.08739519119263,56.734437704086304,1417,0.4967148983851075,0,0,TRUE,pair,376,3.928419800067786,5.853951892082634,60,0,7.73936170212766,3.928419800067786,0.628419601416681,7.750724697776604,cpu,cuda:0,0,148.15283203125,52
2580,1,DDT500_num150.txt,fixed,2909,8,363.625,12.509371757507324,12.625511169433594,5.61170691071311e-06,-5.52,-0.361276481,0.1550000011920929,0.01755942404270172,0.13333334028720856,0.18666666746139526,0.0011806115508079529,0.012531865698595842,0.0008958832707624728,1.1799197594324748,0.003919511508380917,0.03300571825820953,0.0003,1014,186,49.433303859064566,12.645147323608398,46.20181965827942,58.84696698188782,1428,0.5715056001790799,0,0,TRUE,pair,379,3.933686299715191,6.014094189951698,80,0,7.675461741424802,3.933686299715191,0.6239395010052249,7.7539128983044066,cpu,cuda:0,0,148.15283203125,49
2581,1,DDT500_num150.txt,fixed,2955,8,369.375,12.815396308898926,13.116009712219238,8.727552994969301e-06,-5.453333333,-0.348221644,0.15916664898395538,0.009682458825409412,0.14000000059604645,0.1733333319425583,-0.033889674,-0.022390587,0.00078085633625354,1.1889516959587734,0.004002522514250965,0.035400133153113224,0.0003,1009,191,50.02628107941412,13.136300563812256,45.93265151977539,59.06895208358765,1412,0.5016671000048518,0,0,TRUE,pair,385,4.166512200201396,6.036209813471373,50,0,7.675324675324675,4.166512200201396,0.6422007005894557,7.980556599621195,cpu,cuda:0,0,148.15478515625,42
2582,1,DDT500_num150.txt,fixed,2919,8,364.875,13.40184211730957,10.928166389465332,8.272815648524556e-06,-5.226666667,-0.346627106,0.17333334684371948,0.015986107289791107,0.14666666090488434,0.20000000298023224,-0.007788089,0.004173094445529084,0.000693985775190716,1.2308176855246227,0.004012689273319363,0.02658938866807148,0.0003,992,208,51.8010187685596,10.946818828582764,45.40342426300049,56.35024309158325,1399,0.43968359887367114,0,0,TRUE,pair,389,2.896774999506306,5.95957519739366,36,0,7.5038560411311055,2.896774999506306,0.5344850981491618,7.21210450126091,cpu,cuda:0,0,148.15283203125,41
2583,1,DDT500_num150.txt,fixed,2945,8,368.125,8.053531646728516,14.068981170654297,6.2718136177863926e-06,-5.466666667,-0.368264644,0.15833333134651184,0.016583124175667763,0.14000000059604645,0.18666666746139526,-0.010543442,0.001228434592485428,0.0007313966634683311,1.2137573838233948,0.013753543300845194,0.04469727701507509,0.0003,1010,190,89.06218101790319,14.097055912017822,18.96972918510437,33.06678509712219,1457,0.5420619992073625,0,0,TRUE,pair,381,4.68048959976295,5.975891341984981,40,0,7.729658792650919,4.68048959976295,0.6987155004753731,8.245899799861945,cpu,cuda:0,0,148.15478515625,40
2584,1,DDT500_num150.txt,fixed,2979,8,372.375,8.39549732208252,11.143486022949219,5.84003873882466e-06,-5.373333333,-0.346369819,0.164166659116745,0.013718397356569767,0.14666666090488434,0.19333332777023315,-0.025145301,-0.013373589,0.0006322375767114055,1.208783209323883,0.00477641853770668,0.02654224546212289,0.0003,1003,197,62.23750711650282,11.162111043930054,36.702916622161865,47.86502766609192,1450,0.44396509847138077,0,0,TRUE,pair,386,2.9626455998513848,5.887210471792564,35,0,7.717616580310881,2.9626455998513848,0.5376013972563669,7.354523700545542,cpu,cuda:0,0,148.15478515625,40
2585,1,DDT500_num150.txt,fixed,2866,8,358.25,19.427751541137695,13.702889442443848,8.635888661956415e-06,-5.453333333,-0.36858839,0.15916666388511658,0.01839006319642067,0.13333334028720856,0.18666666746139526,-0.029704251,-0.017921819,0.000809273236275961,1.2187068313360214,0.004555241234811547,0.024159468341773998,0.0003,1009,191,50.49788365000524,13.727792978286743,43.027060747146606,56.75485372543335,1409,0.6047442999552004,0,0,TRUE,pair,381,4.756217700138222,5.986043264794333,48,0,7.5223097112860895,4.756217700138222,0.6714716008864343,7.937176500679925,cpu,cuda:0,0,148.1523438,41
2586,1,DDT500_num150.txt,fixed,2942,8,367.75,8.24242115020752,13.380701065063477,1.0024927178164944e-05,-5.4,-0.346518044,0.16249999403953552,0.015252506360411644,0.14000000059604645,0.18666666746139526,0.0009359902857492367,0.012389454835404953,0.0007025242642460702,1.1804727464914322,0.004478803977084074,0.018540560888747375,0.0003,1005,195,45.062172017352744,13.400610208511353,51.88696622848511,65.28757643699646,1451,0.5121375996968709,0,0,TRUE,pair,383,4.572484899777919,5.906866076444786,28,0,7.681462140992167,4.572484899777919,0.6643258003168739,7.815764000581112,cpu,cuda:0,0,148.15283203125,44
2587,1,DDT500_num150.txt,fixed,2965,8,370.625,9.707439422607422,11.026235580444336,4.720447122963378e-06,-5.266666667,-0.33762733,0.17083331942558289,0.015964370220899582,0.15333333611488342,0.20000000298023224,-0.007952078,0.0035653047962114215,0.0008440499598994696,1.1939405898253124,0.0035505295318216668,0.024505384305181604,0.0003,995,205,48.05093650401865,11.044140338897705,50.661212682724,61.705353021621704,1459,0.5203668011236005,0,0,TRUE,pair,380,2.867075300833676,5.720067451534947,45,0,7.802631578947368,2.867075300833676,0.5217854982474819,7.354953499336261,cpu,cuda:0,0,148.15478515625,47
2588,1,DDT500_num150.txt,fixed,2951,8,368.875,12.302820205688477,11.287860870361328,8.361663276446052e-06,-5.413333333,-0.352263931,0.1616666615009308,0.013642256148159504,0.14666666090488434,0.18666666746139526,-0.002700234,0.008922141045331955,0.0007257690253343595,1.1985259885373323,0.007928183613172301,0.027881480631944927,0.0003,1006,194,50.79236459231492,11.307056665420532,46.792227029800415,58.09928369522095,1426,0.4621521986555308,0,0,TRUE,pair,385,2.9785262999357656,5.887834631116137,40,0,7.664935064935065,2.9785262999357656,0.545696098532062,7.470516399014741,cpu,cuda:0,0,148.15478515625,48
2589,1,DDT500_num150.txt,fixed,2927,8,365.875,7.440388202667236,11.00374698638916,5.488807801157236e-06,-5.293333333,-0.332964154,0.1691666543483734,0.011516897939145565,0.14666666090488434,0.18666666746139526,-0.004623101,0.006460872556393345,0.0007747433022207891,1.1471347287297249,0.0017491209204081315,0.017475493426900357,0.0003,997,203,46.54443121597553,11.023199081420898,51.86294913291931,62.88614821434021,1411,0.45332049939315766,0,0,TRUE,pair,378,2.861844699596986,5.894431157449345,32,0,7.743386243386244,2.861844699596986,0.5295787007780746,7.327611299173441,cpu,cuda:0,0,148.15283203125,50
2590,1,DDT500_num150.txt,fixed,2922,8,365.25,12.920429229736328,13.745536804199219,7.136645308492007e-06,-5.493333333,-0.341183655,0.15666666626930237,0.007453562691807747,0.14666666090488434,0.1666666716337204,-0.047087017,-0.035625621,0.0006772933435665133,1.1800041397412617,0.0019584988512330406,0.01781001694810887,0.0003,1012,188,50.592893495663795,13.767830848693848,43.9873161315918,57.755146980285645,1437,0.5312480000429787,0,0,TRUE,pair,387,4.551314900803845,5.904859684902377,48,0,7.550387596899225,4.551314900803845,0.6804046007455327,8.177752198127564,cpu,cuda:0,0,148.15283203125,52
2591,1,DDT500_num150.txt,fixed,2919,8,364.875,15.210501670837402,13.84170913696289,1.0249225852021482e-05,-5.306666667,-0.322542183,0.16833333671092987,0.019364917650818825,0.14000000059604645,0.20000000298023224,0.019760498505396146,0.030865768232615665,0.0010925854148808867,1.165156215429306,0.00250505134249579,0.021728853695094585,0.0003,998,202,48.55000916203383,13.860430717468262,46.26314187049866,60.12357258796692,1429,0.5216143002617173,0,0,TRUE,pair,390,4.894185300800018,5.875299759456743,40,0,7.484615384615385,4.894185300800018,0.6946629002341069,7.912347497418523,cpu,cuda:0,0,148.15283203125,47
2592,1,DDT500_num150.txt,fixed,2863,8,357.875,12.683034896850586,11.835996627807617,7.38712969905464e-06,-5.44,-0.368271306,0.1599999964237213,0.009428093209862709,0.14666666090488434,0.18000000715255737,-0.049314152,-0.037745686,0.0007253225305162015,1.193113128344218,0.0021203261179228625,0.013158380763516539,0.0003,1008,192,52.34219108762947,11.855467319488525,42.842281103134155,54.69774842262268,1377,0.4588693997939117,0,0,TRUE,pair,382,3.5387677001417615,5.981138667234207,40,0,7.494764397905759,3.5387677001417615,0.5935895994771272,7.400917000602931,cpu,cuda:0,0,148.1523438,43
2593,1,DDT500_num150.txt,fixed,2914,8,364.25,11.04253101348877,14.145650863647461,6.125084382802015e-06,-5.493333333,-0.360993059,0.15666665136814117,0.010000002570450306,0.14666666090488434,0.18000000715255737,-0.030859483,-0.019284957,0.0006626509906103214,1.1905853237424577,0.0038705876893453976,0.028037615131498092,0.0003,1012,188,45.37953366337593,14.163755655288696,50.05021405220032,64.21396970748901,1431,0.604158800735604,0,0,TRUE,pair,384,4.845158299955074,5.8943033636475395,48,0,7.588541666666667,4.845158299955074,0.7143855998292565,8.234637497575022,cpu,cuda:0,0,148.15283203125,41
2594,1,DDT500_num150.txt,fixed,2946,8,368.25,11.39901351928711,11.225391387939453,7.856968295527622e-06,-5.373333333,-0.37611306,0.164166659116745,0.012883022427558899,0.14000000059604645,0.18000000715255737,-0.025982955,-0.014711219,0.0009019158972444495,1.1722697416941326,0.004835358380458072,0.02873480145784992,0.0003,1003,197,48.35943216620395,11.243969440460205,49.67486000061035,60.91882944107056,1417,0.4945610004942864,0,0,TRUE,pair,390,3.0298142000683583,5.805838423850013,35,0,7.553846153846154,3.0298142000683583,0.5301877007004805,7.374708502436988,cpu,cuda:0,0,148.15478515625,40
2595,1,DDT500_num150.txt,fixed,2946,8,368.25,12.01821517944336,11.320483207702637,7.294205715879798e-06,-5.413333333,-0.390893766,0.1616666615009308,0.014433757402002811,0.13333334028720856,0.18000000715255737,-0.019182963,-0.00772664,0.0008353849518157187,1.187401601246425,0.003070996682730592,0.02677463751197571,0.0003,1006,194,48.70117894865986,11.344777345657349,49.14657139778137,60.49134874343872,1449,0.46522239997284487,0,0,TRUE,pair,386,3.0367640006006695,5.937881872594073,50,0,7.632124352331606,3.0367640006006695,0.5440716979210265,7.4461455007549375,cpu,cuda:0,0,148.15478515625,40
2596,1,DDT500_num150.txt,fixed,2939,8,367.375,8.169111251831055,11.799405097961426,6.793883585487492e-06,-5.426666667,-0.400581372,0.16083334386348724,0.01984313502907753,0.11999999731779099,0.18666666746139526,-0.01216804,-0.0007872,0.0007472238430636935,1.1754452884197235,0.006134093772554176,0.034669510244081415,0.0003,1007,193,46.72235028745591,11.818994522094727,51.084519147872925,62.90351366996765,1413,0.4727553005795926,0,0,TRUE,pair,382,3.341765299963299,5.959510038157798,100,0,7.693717277486911,3.341765299963299,0.57104230200639,7.585841300082393,cpu,cuda:0,0,148.15283203125,44
2597,1,DDT500_num150.txt,fixed,2891,8,361.375,9.999218940734863,12.697592735290527,7.417845154122915e-06,-5.56,-0.403936755,0.1524999886751175,0.01681187003850937,0.11999999731779099,0.18000000715255737,-0.017537916,-0.005922268,0.0008496895000765411,1.2040493587652843,0.006861909385103597,0.03747340968887632,0.0003,1017,183,51.01917298665203,12.718487977981567,43.946483850479126,56.66497182846069,1425,0.4942913994891569,0,0,TRUE,pair,375,4.114467700070236,6.087167069888041,50,0,7.709333333333333,4.114467700070236,0.6349651013733819,7.63224099954823,cpu,cuda:0,0,148.15283203125,46
2598,1,DDT500_num150.txt,fixed,2917,8,364.625,5.935854911804199,10.880276679992676,4.8040010369732045e-06,-5.386666667,-0.394256037,0.16333334147930145,0.015634721145033836,0.14000000059604645,0.18666666746139526,-0.034697158,-0.023334961,0.0006988675754487135,1.1711631836714569,0.006519816275815376,0.03145808677396013,0.0003,1004,196,47.093789827261446,10.898809432983398,51.04141688346863,61.940226316452026,1386,0.43776700069429353,0,0,TRUE,pair,374,2.809251799946651,6.011312992800823,85,0,7.7994652406417115,2.809251799946651,0.5280471000587568,7.259179899643641,cpu,cuda:0,0,148.15283203125,48
2599,1,DDT500_num150.txt,fixed,2961,8,370.125,6.411659240722656,11.093992233276367,6.424042567232391e-06,-5.266666667,-0.377715392,0.17083333432674408,0.0191304013133049,0.14666666090488434,0.20000000298023224,-0.015608377,-0.004584615,0.0009388472729672989,1.149318502062843,0.003659279923145472,0.02138866750257356,0.0003,995,205,47.495072319006184,11.111791849136353,51.23151779174805,62.3433096408844,1404,0.5330278997425921,0,0,TRUE,pair,377,2.866011499776505,5.826409997427959,70,0,7.8541114058355435,2.866011499776505,0.5301422002958134,7.4110209996579215,cpu,cuda:0,0,148.15478515625,50
2600,1,DDT500_num150.txt,fixed,2887,8,360.875,10.752180099487305,14.657782554626465,6.942853815417038e-06,-5.493333333,-0.376398663,0.15666666626930237,0.01914854533970356,0.12666666507720947,0.18666666746139526,-0.025177747,-0.013924967,0.0009404076602853214,1.1722984910011292,0.0026194351853519038,0.028793604879562434,0.0003,1012,188,48.75368825378027,14.682512283325195,44.533520460128784,59.21603274345398,1385,0.692154600226786,0,0,TRUE,pair,374,4.765411800297443,6.195012122981062,50,0,7.719251336898396,4.765411800297443,0.7725755993742496,8.734428201802075,cpu,cuda:0,0,148.15283203125,51
2601,1,DDT500_num150.txt,fixed,2880,8,360,12.409673690795898,14.028671264648438,8.375248398806434e-06,-5.453333333,-0.382893477,0.15916664898395538,0.014695994555950165,0.14000000059604645,0.18666666746139526,0.003935115489487846,0.015366575758283338,0.0007363979542181672,1.1799659878015518,0.004618396996477259,0.03784128068946302,0.0003,1009,191,49.30076409274431,14.046546697616577,44.3703978061676,58.41694450378418,1415,0.5276925995131023,0,0,TRUE,pair,383,4.929440200095996,6.103472220732106,70,0,7.51958224543081,4.929440200095996,0.7063476015464403,8.042745801561978,cpu,cuda:0,0,148.1523438,52
2602,1,DDT500_num150.txt,fixed,2874,8,359.25,14.148763656616211,13.468881607055664,8.496536793245468e-06,-5.36,-0.363733677,0.16499999165534973,0.011902381666004658,0.14000000059604645,0.18000000715255737,-0.028634496,-0.017440464,0.0009645581491948927,1.1676310230703915,0.004561895185006774,0.023818644229322672,0.0003,1002,198,63.207055266716324,13.491831302642822,31.977776288986206,45.46960759162903,1406,0.5130770017858595,0,0,TRUE,pair,377,4.7140819995547645,6.0403618644158215,50,0,7.623342175066313,4.7140819995547645,0.6593049004441127,7.778194099781103,cpu,cuda:0,0,148.1523438,46
2603,1,DDT500_num150.txt,fixed,2884,8,360.5,10.428326606750488,10.831186294555664,7.95761116023641e-06,-5.426666667,-0.354495315,0.16083332896232605,0.02093309536576271,0.11999999731779099,0.20000000298023224,-0.009385814,0.0019288624382831833,0.0008297112495215101,1.1729532805356113,0.011590163656938495,0.017681286289271982,0.0003,1007,193,93.47099296787677,10.850271701812744,20.004220247268677,30.85449194908142,1423,0.5210740001057275,0,0,TRUE,pair,376,2.814353000547271,5.8359916787207045,40,0,7.670212765957447,2.814353000547271,0.5246605015126988,7.209935199643951,cpu,cuda:0,0,148.15283203125,43
2604,1,DDT500_num150.txt,fixed,2921,8,365.125,9.047616958618164,13.329025268554688,6.999930519668851e-06,-5.346666667,-0.350594524,0.16583333909511566,0.013919411227107048,0.14000000059604645,0.18666666746139526,-0.014419748,-0.003383646,0.0007067638216540217,1.1389482220013936,0.005234584928811749,0.025973115260491057,0.0003,1001,199,46.87396657133118,13.347917556762695,48.96812295913696,62.31604051589966,1419,0.5018441991996951,0,0,TRUE,pair,378,4.567869300080929,5.837042108377093,64,0,7.727513227513228,4.567869300080929,0.6338081001886167,7.80863690096885,cpu,cuda:0,0,148.15283203125,41
2605,1,DDT500_num150.txt,fixed,2866,8,358.25,12.939764022827148,11.118839263916016,8.436110874754377e-06,-5.373333333,-0.362882895,0.164166659116745,0.01761864498257637,0.13333334028720856,0.18666666746139526,-0.021969645,-0.01063953,0.0007734088326937386,1.171682181812468,0.006841813137205983,0.033910604437724465,0.0003,1003,197,48.17681163914792,11.141302347183228,48.34789800643921,59.48920035362244,1394,0.5221803007880226,0,0,TRUE,pair,388,3.047082500241231,5.901256104074653,54,0,7.38659793814433,3.047082500241231,0.5389159998157993,7.246358999866061,cpu,cuda:0,0,148.1523438,40
2606,1,DDT500_num150.txt,fixed,2829,8,353.625,6.744210243225098,10.531989097595215,6.040982952981722e-06,-5.32,-0.343829208,0.16749998927116394,0.01681186631321907,0.15333333611488342,0.19333332777023315,6.439088610932231e-05,0.011612709029577672,0.0006571627212300276,1.1876899898052216,0.003355938595329159,0.027623631913835805,0.0003,999,201,50.21984254735867,10.550176620483398,45.78213858604431,56.33231520652771,1388,0.4980293996632099,0,0,TRUE,pair,364,2.6991881001740694,5.99010250896226,54,0,7.771978021978022,2.6991881001740694,0.517195898341015,7.040963200503029,cpu,cuda:0,0,148.1523438,40
2607,1,DDT500_num150.txt,fixed,2897,8,362.125,13.48552417755127,12.81551456451416,1.1641078344837297e-05,-5.266666667,-0.330161868,0.17083331942558289,0.01198958232998848,0.14666666090488434,0.18666666746139526,-0.024755153,-0.013320988,0.0007374513467463354,1.1802890102068584,0.008204711938257484,0.01713221225266655,0.0003,995,205,110.158739314418,12.833915948867798,13.464496850967407,26.298412799835205,1411,0.4872786009218544,0,0,TRUE,pair,390,3.896510299644433,5.978598549730579,45,0,7.4282051282051285,3.896510299644433,0.6719072016421705,7.908680000226013,cpu,cuda:0,0,148.15283203125,41
2608,1,DDT500_num150.txt,fixed,2898,8,362.25,10.401322364807129,13.897170066833496,6.125084382802015e-06,-5.386666667,-0.350684143,0.16333332657814026,0.014529665932059288,0.14000000059604645,0.18000000715255737,0.02251460263505578,0.03330939977119366,0.0007952890852417719,1.1192440986633312,0.00544672015287991,0.03748741703263173,0.0003,1004,196,49.821356214491566,13.915113925933838,44.25271248817444,58.167826414108276,1406,0.5280539004597813,0,0,TRUE,pair,376,4.677942900219932,5.932022082139246,48,0,7.707446808510638,4.677942900219932,0.7090515983873047,8.156081501103472,cpu,cuda:0,0,148.15283203125,44
2609,1,DDT500_num150.txt,fixed,2903,8,362.875,7.218682289123535,12.65548038482666,5.859473276359495e-06,-5.44,-0.373575681,0.1599999964237213,0.01054092962294817,0.14666666090488434,0.18000000715255737,0.00810579678920262,0.018725182176293695,0.0009216689915560625,1.108021939502043,0.007975240600096774,0.03535227844601169,0.0003,1008,192,60.164913308012515,12.67423677444458,35.57647681236267,48.25071358680725,1381,0.5037950002006255,0,0,TRUE,pair,376,3.9697796995169483,5.778160523924793,32,0,7.720744680851064,3.9697796995169483,0.6226088992552832,7.663805199321359,cpu,cuda:0,0,148.15283203125,46
2610,1,DDT500_num150.txt,fixed,2894,8,361.75,15.943259239196777,13.964859008789062,8.622713721706532e-06,-5.266666667,-0.337236507,0.17083333432674408,0.010507934726774693,0.15333333611488342,0.18666666746139526,-0.014600267,-0.003678489,0.0006530756446798998,1.1248314948309035,0.002814504608977586,0.02436238818890637,0.0003,995,205,48.24130453334812,13.98360276222229,46.00648307800293,59.99008584022522,1391,0.6023306006100029,0,0,TRUE,pair,383,4.813954700075556,5.903593641853201,55,0,7.556135770234987,4.813954700075556,0.753389100485947,8.033924802090041,cpu,cuda:0,0,148.15283203125,48
2611,1,DDT500_num150.txt,fixed,2856,8,357,15.668439865112305,11.872105598449707,9.985156793845817e-06,-5.333333333,-0.358178957,0.1666666567325592,0.020275874063372612,0.14666666090488434,0.20666666328907013,-0.005345063,0.005682631329234157,0.0006739023956470191,1.136464516321818,0.005711644267692117,0.04109022424866756,0.0003,1000,200,47.82198899831732,11.890814542770386,47.830666303634644,59.72148084640503,1377,0.5359455996076576,0,0,TRUE,pair,387,3.6247405992471613,5.958333333667253,40,0,7.37984496124031,3.6247405992471613,0.5882659002090804,7.363926101301331,cpu,cuda:0,0,148.1523438,50
2612,1,DDT500_num150.txt,fixed,2917,8,364.625,13.359804153442383,11.106324195861816,7.270789410540601e-06,-5.506666667,-0.374431253,0.15583333373069763,0.019982632249593735,0.11999999731779099,0.18666666746139526,-0.06497982,-0.053795475,0.0007386548709796949,1.1553671624925401,0.005289058688125199,0.04181552574866348,0.0003,1013,187,51.887975253813956,11.124999523162842,45.09226441383362,56.21726393699646,1417,0.5107438984559849,0,0,TRUE,pair,385,2.977219099411741,6.014741171620094,40,0,7.576623376623377,2.977219099411741,0.5364496982656419,7.3067817989503965,cpu,cuda:0,0,148.15283203125,51
2613,1,DDT500_num150.txt,fixed,2971,8,371.375,11.235406875610352,13.989717483520508,7.494084002246382e-06,-5.213333333,-0.340435878,0.17416666448116302,0.01868971809744835,0.15333333611488342,0.20000000298023224,-0.018074501,-0.007516687,0.001111615521949716,1.1113619754711788,0.004693856075088358,0.028460365215626855,0.0003,991,209,49.18604912424848,14.01107406616211,46.3922324180603,60.40330648422241,1402,0.5140673002460971,0,0,TRUE,pair,394,4.846620800555684,5.777852575291853,36,0,7.540609137055838,4.846620800555684,0.6621641003875993,8.1461580984178,cpu,cuda:0,0,148.15478515625,52
2614,1,DDT500_num150.txt,fixed,2962,8,370.25,17.03489112854004,14.192705154418945,9.116198270930909e-06,-5.133333333,-0.343391936,0.17916665971279144,0.01613742858171463,0.14000000059604645,0.19333332777023315,-0.015349522,-0.004779023,0.0008157666258436317,1.0978382329146068,0.003978988083569372,0.03321016061818227,0.0003,985,215,49.07445671232609,14.211081266403198,46.14618396759033,60.35726523399353,1412,0.5344060004572384,0,0,TRUE,pair,402,4.743943799694534,5.898041862639762,50,0,7.3681592039801,4.743943799694534,0.7198468996793963,8.367815199831966,cpu,cuda:0,0,148.15478515625,45
2615,1,DDT500_num150.txt,fixed,2877,8,359.625,9.936517715454102,10.808697700500488,6.893554655107437e-06,-5.373333333,-0.3623651,0.164166659116745,0.01854049786925316,0.14000000059604645,0.20000000298023224,-0.050501578,-0.039556239,0.0009020834695547819,1.1396379073460896,0.005055965845242483,0.027182266775829095,0.0003,1003,197,48.21781306405357,10.826621532440186,48.8401243686676,59.66674590110779,1379,0.5317857009358704,0,0,TRUE,pair,377,2.787364899297245,6.0962808486028885,40,0,7.63129973474801,2.787364899297245,0.5332059012725949,7.205915901926346,cpu,cuda:0,0,148.1523438,42
2616,1,DDT500_num150.txt,fixed,2951,8,368.875,9.980449676513672,13.831570625305176,6.65866855342756e-06,-5.226666667,-0.339703094,0.1733333319425583,0.017638342455029488,0.14666666090488434,0.20000000298023224,-0.003504503,0.007368126869550906,0.0008696122871090969,1.1307435433069866,0.0050626870373283355,0.04220143957839658,0.0003,992,208,49.678067253605235,13.850867509841919,45.55160450935364,59.40247201919556,1414,0.5326273004175164,0,0,TRUE,pair,384,4.685800199746154,5.939681464233709,36,0,7.684895833333333,4.685800199746154,0.6635365996044129,8.144162798649631,cpu,cuda:0,0,148.15478515625,41
2617,1,DDT500_num150.txt,fixed,2925,8,365.625,6.518003940582275,13.81732177734375,5.761645297752693e-06,-5.346666667,-0.37246536,0.16583333909511566,0.022220488637685776,0.14000000059604645,0.2133333384990692,-0.011823016,-0.000900177,0.0006783664173867908,1.1262023051579793,0.0057016803295395916,0.03597667108156851,0.0003,1001,199,46.256961545273406,13.837730884552002,49.395994424819946,63.23372530937195,1372,0.5009330989560112,0,0,TRUE,pair,373,4.891859899915289,6.052649572975615,70,0,7.841823056300268,4.891859899915289,0.7112664001761004,7.8690615019295365,cpu,cuda:0,0,148.15283203125,40
2618,1,DDT500_num150.txt,fixed,2893,8,361.625,12.072049140930176,11.251334190368652,8.6949266915326e-06,-5.266666667,-0.355434319,0.17083331942558289,0.015252506360411644,0.14666666090488434,0.20000000298023224,-0.0119429,-0.001058632,0.0006982215799369095,1.1233378762290591,0.004031218966701999,0.027901439084893183,0.0003,995,205,45.865730804458686,11.269380569458008,51.806034326553345,63.07541489601135,1380,0.4370916004991159,0,0,TRUE,pair,374,3.1780188002157956,6.054960246816293,45,0,7.735294117647059,3.1780188002157956,0.5547349979169667,7.228650402859785,cpu,cuda:0,0,148.15283203125,41
2619,1,DDT500_num150.txt,fixed,2928,8,366,6.422616481781006,11.441300392150879,5.601568318525096e-06,-5.306666667,-0.356123226,0.16833332180976868,0.012801909819245338,0.15333333611488342,0.18666666746139526,-0.015746168,-0.004926309,0.0005658301400087241,1.1102774370284307,0.006162470398565,0.039326702477410436,0.0003,998,202,47.39310422371212,11.459406614303589,50.321733236312866,61.781139850616455,1406,0.4514163003768772,0,0,TRUE,pair,375,3.112747798790224,6.065232239867169,84,0,7.808,3.112747798790224,0.5757412989623845,7.4511870999704115,cpu,cuda:0,0,148.15283203125,44
2620,1,DDT500_num150.txt,fixed,2886,8,360.75,9.175374984741211,14.21019458770752,5.091227649245411e-06,-5.373333333,-0.359024332,0.164166659116745,0.013307265937328339,0.14000000059604645,0.18666666746139526,-0.00935754,0.0014625935416136468,0.0007304819189899025,1.1185375168209983,0.008781361702858703,0.030061665124126842,0.0003,1003,197,49.08072142857566,14.228942632675171,44.57214903831482,58.80109167098999,1388,0.632246199704241,0,0,TRUE,pair,375,4.71083779935725,6.077616077863914,40,0,7.696,4.71083779935725,0.727357400872279,8.416262697195634,cpu,cuda:0,0,148.15283203125,46
2621,1,DDT500_num150.txt,fixed,2823,8,352.875,4.85894775390625,13.351554870605469,4.815819011128042e-06,-5.386666667,-0.383888973,0.16333332657814026,0.013333333656191826,0.14000000059604645,0.18666666746139526,0.004077402933035046,0.014776007737964392,0.0007043481182336109,1.105077836662531,0.009498828728240483,0.043601789308013394,0.0003,1004,196,61.21199550620298,13.378209590911865,32.74020195007324,46.11841154098511,1354,0.5838902998366393,0,0,TRUE,pair,362,4.54050929954974,6.255047821213158,50,0,7.798342541436464,4.54050929954974,0.7253436012542807,7.751299501454923,cpu,cuda:0,0,148.1523438,48
2622,1,DDT500_num150.txt,fixed,2882,8,360.25,6.139014720916748,10.810376167297363,5.190740012039896e-06,-5.2,-0.352535226,0.17500001192092896,0.011426091194152832,0.1599999964237213,0.19333332777023315,-0.013307618,-0.002422075,0.0006565913136000745,1.1213837563991547,0.008782204865099175,0.03737190505489707,0.0003,990,210,107.8238617480772,10.827407836914062,15.901369571685791,26.728777408599854,1367,0.4254544008872472,0,0,TRUE,pair,370,2.7758790992666036,6.099930603251037,60,0,7.789189189189189,2.7758790992666036,0.5358378015225753,7.2154023993061855,cpu,cuda:0,0,148.15283203125,49
2623,1,DDT500_num150.txt,fixed,2871,8,358.875,10.505207061767578,11.832265853881836,7.325311344175134e-06,-5.133333333,-0.335795145,0.17916664481163025,0.015789413824677467,0.1599999964237213,0.20000000298023224,-0.008884393,0.002113997470587492,0.0007835810756660067,1.1390185207128525,0.009758866275660694,0.052930622012354434,0.0003,985,215,116.20107755145524,11.851237297058105,12.855934619903564,24.70717191696167,1350,0.45088860049145296,0,0,TRUE,pair,373,3.600677400594577,6.176593521338064,45,0,7.697050938337801,3.600677400594577,0.6416877009323798,7.277316303981934,cpu,cuda:0,0,148.1523438,48
2624,1,DDT500_num150.txt,fixed,2910,8,363.75,13.083864212036133,13.852368354797363,6.743495760019869e-06,-5.373333333,-0.349458502,0.164166659116745,0.01854049600660801,0.14000000059604645,0.19333332777023315,-0.013387162,-0.002456241,0.0006248774381154883,1.1243360042572021,0.003922323745168147,0.0318334024022555,0.0003,1003,197,49.77340204300534,13.87079644203186,44.59416437149048,58.46496081352234,1376,0.5172744983574376,0,0,TRUE,pair,377,4.759092399966903,6.0206185571106845,45,0,7.718832891246684,4.759092399966903,0.7118244990124367,8.029492502624635,cpu,cuda:0,0,148.15283203125,50
2625,1,DDT500_num150.txt,fixed,2864,8,358,5.7008771896362305,10.769933700561523,5.266838343231939e-06,-5.44,-0.364454636,0.1599999964237213,0.004714046139270067,0.15333333611488342,0.1666666716337204,-0.007717155,0.003614241600088361,0.0006479042446396003,1.1655347016122606,0.010356223635931706,0.032919468720340066,0.0003,1008,192,55.78065057747374,10.790539503097534,40.55342960357666,51.343969106674194,1370,0.4347076993435621,0,0,TRUE,pair,368,2.7721635002526455,6.199720671057035,70,0,7.782608695652174,2.7721635002526455,0.5322603998356499,7.182419202348683,cpu,cuda:0,0,148.1523438,51
2626,1,DDT500_num150.txt,fixed,2892,8,361.5,7.7298126220703125,11.371686935424805,6.30796284895041e-06,-5.333333333,-0.343754338,0.1666666567325592,0.009428090415894985,0.15333333611488342,0.18666666746139526,-0.005392225,0.005644723889417946,0.0007155937419156544,1.1394746055205662,0.007102226186968134,0.03460695561564838,0.0003,1000,200,48.0839835380065,11.389365196228027,48.75540208816528,60.14476728439331,1422,0.5283000995987095,0,0,TRUE,pair,377,3.163808099576272,6.096127246920004,56,0,7.6710875331564985,3.163808099576272,0.5672374009154737,7.34657230169978,cpu,cuda:0,0,148.15283203125,52
2627,1,DDT500_num150.txt,fixed,2892,8,361.5,5.291502475738525,14.076168060302734,6.012687663314864e-06,-5.426666667,-0.347047307,0.16083332896232605,0.012219063006341457,0.13333334028720856,0.1733333319425583,0.0011359000688090043,0.012641673140666065,0.0005595189200796406,1.1785532656837912,0.0114022385344416,0.039804131258279085,0.0003,1007,193,57.18826330436005,14.094772577285767,36.47504425048828,50.56981682777405,1404,0.6295547991176136,0,0,TRUE,pair,368,4.621545500063803,6.125172890155971,50,0,7.858695652173913,4.621545500063803,0.7785546987433918,8.304258498887066,cpu,cuda:0,0,148.15283203125,46
2628,1,DDT500_num150.txt,fixed,2851,8,356.375,11.95760726928711,13.02621078491211,6.529361598950345e-06,-5.386666667,-0.355203464,0.16333332657814026,0.015275253914296627,0.14666666090488434,0.19333332777023315,-0.020188562,-0.00880041,0.0007070789523866205,1.1741691941306704,0.010137463818128231,0.04921343756307449,0.0003,1004,196,49.97283769677084,13.045081853866577,44.005910873413086,57.05099272727966,1391,0.5068060010089539,0,0,TRUE,pair,373,4.2961516993818805,6.198526833108415,45,0,7.64343163538874,4.2961516993818805,0.6206654015695676,7.789553899434395,cpu,cuda:0,0,148.1523438,43
2629,1,DDT500_num150.txt,fixed,2841,8,355.125,8.8943452835083,12.735328674316406,7.425504463753896e-06,-5.426666667,-0.35733444,0.16083332896232605,0.013096860609948635,0.13333334028720856,0.1733333319425583,-0.027231371,-0.015520508,0.0006441843801266735,1.2032956395830428,0.011471420270460103,0.036698740374829085,0.0003,1007,193,55.15471628987826,12.753378868103027,38.75626873970032,51.509647607803345,1385,0.49253930180566385,0,0,TRUE,pair,365,4.069128299830481,6.1942977828905645,45,0,7.7835616438356166,4.069128299830481,0.6447419991018251,7.702181298867799,cpu,cuda:0,0,148.1523438,41
2630,1,DDT500_num150.txt,fixed,2818,8,352.25,8.982622146606445,12.00671672821045,6.511926585517358e-06,-5.4,-0.351917164,0.16249999403953552,0.020258743315935135,0.13333334028720856,0.19333332777023315,-0.011719827,0.00017314801170002845,0.0006723930682277395,1.2229173240207492,0.006180747409373345,0.040105740229288735,0.0003,1005,195,48.7532292957165,12.02489423751831,45.77640509605408,57.80129933357239,1398,0.567783098842483,0,0,TRUE,pair,369,3.6657101995660923,6.316181689564263,80,0,7.636856368563685,3.6657101995660923,0.6015825007343665,7.433239001198672,cpu,cuda:0,0,148.1523438,40
2631,1,DDT500_num150.txt,fixed,2934,8,366.75,17.711225509643555,10.973465919494629,8.028725460462738e-06,-5.4,-0.334900311,0.16249999403953552,0.017931196838617325,0.14000000059604645,0.20000000298023224,-0.024418417,-0.01353472,0.0009461292093397961,1.1356761114937919,0.005593052521795644,0.03608825054418828,0.0003,1005,195,52.57698839410795,10.99012041091919,44.81376051902771,55.8038809299469,1426,0.4451493005035445,0,0,TRUE,pair,385,2.90998040093109,5.930811179114916,50,0,7.62077922077922,2.90998040093109,0.5353701019776054,7.241222899698187,cpu,cuda:0,0,148.15283203125,39
2632,1,DDT500_num150.txt,fixed,2894,8,361.75,12.255101203918457,12.900409698486328,8.914432328310795e-06,-5.36,-0.320231959,0.16499999165534973,0.009860135614871979,0.15333333611488342,0.18000000715255737,-0.019071075,-0.007647618,0.0006940746763055878,1.1770492451531547,0.00839439557984449,0.051965519830229734,0.0003,1002,198,50.72167687368242,12.921509265899658,44.13496398925781,57.05647325515747,1401,0.49274609878193587,0,0,TRUE,pair,377,4.104731900093611,6.248445056105945,42,0,7.676392572944297,4.104731900093611,0.6659243004978634,7.799206300871447,cpu,cuda:0,0,148.15283203125,43
2633,1,DDT500_num150.txt,fixed,2899,8,362.375,10.930891036987305,13.489969253540039,7.417845154122915e-06,-5.213333333,-0.319310663,0.17416666448116302,0.015069283545017242,0.15333333611488342,0.20666666328907013,0.0026317425072193146,0.013790724634115273,0.0007448589130945038,1.1531413445870082,0.005792252478083053,0.049181734706507996,0.0003,991,209,42.90637984197148,13.5116126537323,54.054096937179565,67.56570959091187,1377,0.49561500101117417,0,0,TRUE,pair,386,4.551392600056715,6.14591238333382,70,0,7.510362694300518,4.551392600056715,0.7294923010631464,7.859863701858558,cpu,cuda:0,0,148.15283203125,46
2634,1,DDT500_num150.txt,fixed,2916,8,364.5,9.810708045959473,10.926187515258789,7.364008524746168e-06,-5.293333333,-0.331051321,0.1691666692495346,0.0191304013133049,0.14666666090488434,0.20666666328907013,-0.016652199,-0.0056377,0.0006463768437416071,1.1337687117712838,0.007807339879772847,0.04821361329716941,0.0003,997,203,48.70036436187969,10.945329189300537,48.93101954460144,59.87634873390198,1409,0.4396449998021126,0,0,TRUE,pair,384,2.8219338002963923,5.941358024364309,42,0,7.59375,2.8219338002963923,0.5343883005552925,7.282915900286753,cpu,cuda:0,0,148.15283203125,49
2635,1,DDT500_num150.txt,fixed,2986,8,373.25,11.366067886352539,13.846353530883789,7.301994628505781e-06,-5.2,-0.315018896,0.17499998211860657,0.01878237910568714,0.14666666090488434,0.20000000298023224,0.03105799261141907,0.04189594247277868,0.0007051955247086219,1.119054750962691,0.008489392540385861,0.04189808687872507,0.0003,990,210,53.398520075255114,13.86459493637085,42.05455780029297,55.91915273666382,1425,0.6203844004776329,0,0,TRUE,pair,393,4.631347900198307,5.876758205435537,50,0,7.597964376590331,4.631347900198307,0.6771487999940291,8.198302801058162,cpu,cuda:0,0,148.15478515625,50
2636,1,DDT500_num150.txt,fixed,2925,8,365.625,15.426742553710938,13.449824333190918,7.979011570569128e-06,-5.16,-0.332603931,0.17749999463558197,0.015612496063113213,0.1599999964237213,0.2133333384990692,-0.009705583,0.0014387057356846829,0.0005487535090651363,1.1418665895859401,0.004821367767362972,0.038143779461582504,0.0003,987,213,50.140402118258166,13.469395160675049,44.86679434776306,58.33618950843811,1410,0.5726389997289516,0,0,TRUE,pair,394,4.463597200170625,5.997264959221212,45,0,7.4238578680203045,4.463597200170625,0.7073192978277802,7.933748298382852,cpu,cuda:0,0,148.15283203125,51
2637,1,DDT500_num150.txt,fixed,2948,8,368.5,12.835497856140137,12.054101943969727,7.262967301358003e-06,-5.266666667,-0.341271137,0.17083331942558289,0.014883807860314846,0.15333333611488342,0.20666666328907013,-0.017612971,-0.006441336,0.0005920233015785925,1.146764650940895,0.004835782856894714,0.037837264399665095,0.0003,995,205,49.42257051212326,12.072251319885254,47.57660889625549,59.64886021614075,1395,0.46103850117651746,0,0,TRUE,pair,395,3.6211320993606932,5.905020353105045,35,0,7.463291139240506,3.6211320993606932,0.5985881972592324,7.52978749939939,cpu,cuda:0,0,148.15478515625,51
2638,1,DDT500_num150.txt,fixed,2948,8,368.5,8.58778190612793,12.347243309020996,5.245208740234375e-06,-5.546666667,-0.359206041,0.15333332121372223,0.0081649674102664,0.14000000059604645,0.1666666716337204,-0.00080908,0.01047432863075907,0.0005858680791182754,1.1576340397198994,0.004438317146195914,0.03984603714585925,0.0003,1016,184,50.77231407191973,12.365792751312256,45.69734764099121,58.06314039230347,1431,0.4916846006526612,0,0,TRUE,pair,385,3.6320283992099576,6.104477613234294,44,0,7.6571428571428575,3.6320283992099576,0.6189877985161729,7.7762752012349665,cpu,cuda:0,0,148.15478515625,44
2639,1,DDT500_num150.txt,fixed,2955,8,369.375,10.258380889892578,11.036727905273438,6.520650003949413e-06,-5.32,-0.3486682,0.16749998927116394,0.019275052472949028,0.13333334028720856,0.19333332777023315,-0.003569659,0.007093942325030055,0.0006923704640939832,1.1009786866960072,0.0069981997957733084,0.030820856258894008,0.0003,999,201,45.976455996978196,11.054836511611938,53.21719002723694,64.27202653884888,1413,0.4325407993164845,0,0,TRUE,pair,381,2.843928199727088,5.867681895335112,36,0,7.755905511811024,2.843928199727088,0.5435431991354562,7.360620999825187,cpu,cuda:0,0,148.15478515625,41
2640,1,DDT500_num150.txt,fixed,2931,8,366.375,10.757990837097168,10.963883399963379,7.223728971439414e-06,-5.2,-0.322833864,0.17499998211860657,0.02048034407198429,0.14666666090488434,0.20666666328907013,-0.010391385,0.0005406729178503156,0.0008295943359068284,1.1346857796112697,0.007308644630635778,0.039495830016676337,0.0003,990,210,51.404947096183456,10.984115362167358,46.033743143081665,57.01785850524902,1408,0.43841640080790967,0,0,TRUE,pair,383,2.8259880002005957,5.938587512956956,45,0,7.652741514360313,2.8259880002005957,0.5328191024600528,7.3187163004186,cpu,cuda:0,0,148.15283203125,40
2641,1,DDT500_num150.txt,fixed,2888,8,361,13.90143871307373,12.221303939819336,9.452928679820616e-06,-5.186666667,-0.31424306,0.1758333146572113,0.022345148026943207,0.14666666090488434,0.2133333384990692,-0.007360766,0.003461622283793986,0.000680018988835703,1.1162395974000294,0.007392337044469362,0.03302190716688832,0.0003,989,211,50.81009876152033,12.240373611450195,44.59872078895569,56.839094400405884,1358,0.46555950021138415,0,0,TRUE,pair,388,3.688908599491697,5.929362878822554,44,0,7.443298969072165,3.688908599491697,0.6134900988545269,7.605574001383502,cpu,cuda:0,0,148.15283203125,41
2642,1,DDT500_num150.txt,fixed,2937,8,367.125,11.698691368103027,13.863784790039062,7.024249953246908e-06,-5.32,-0.307953393,0.16750000417232513,0.014695994555950165,0.15333333611488342,0.20000000298023224,-0.054448878,-0.043411563,0.0006543966333588792,1.1364513768090143,0.0064226434896462944,0.04662433313205838,0.0003,999,201,45.67712134118345,13.89348840713501,50.405659914016724,64.29914832115173,1397,0.5945194998057559,0,0,TRUE,pair,386,4.782418799586594,6.080013618284154,55,0,7.608808290155441,4.782418799586594,0.697162197844591,8.03704499755986,cpu,cuda:0,0,148.15283203125,42
2643,1,DDT500_num150.txt,fixed,2941,8,367.625,13.066536903381348,10.98864459991455,7.44079898140626e-06,-5.226666667,-0.280574953,0.1733333170413971,0.012472189031541348,0.1599999964237213,0.19333332777023315,-0.012680254,-0.001914319,0.0007470972705050372,1.1139483898878098,0.006797318817310345,0.03830104775261134,0.0003,992,208,48.82881991647579,11.006379127502441,49.224443674087524,60.230822801589966,1405,0.43551479803863913,0,0,TRUE,pair,398,2.840198599616997,5.929275755896855,55,0,7.389447236180905,2.840198599616997,0.5350610995665193,7.325671097903978,cpu,cuda:0,0,148.15283203125,46
2644,1,DDT500_num150.txt,fixed,2916,8,364.5,11.842719078063965,12.679132461547852,9.38049106480321e-06,-5.266666667,-0.307366048,0.17083331942558289,0.015612495131790638,0.14000000059604645,0.18666666746139526,0.0077792945473144455,0.018478653432490926,0.0005429802477010526,1.097084845105807,0.0046180924158155294,0.0355765389977023,0.0003,995,205,50.60127847411719,12.698375701904297,44.92862677574158,57.627002477645874,1371,0.559584999922663,0,0,TRUE,pair,383,4.016533499700017,6.066872428147064,40,0,7.613577023498695,4.016533499700017,0.6338253016583622,7.704281398735475,cpu,cuda:0,0,148.15283203125,47
2645,1,DDT500_num150.txt,fixed,2829,8,353.625,17.463802337646484,10.615811347961426,1.0625019058352336e-05,-5.426666667,-0.328374708,0.16083332896232605,0.013919411227107048,0.12666666507720947,0.1733333319425583,-0.019824576,-0.009107828,0.0005488019544697766,1.0991150651659285,0.00822059984325495,0.041726608450214066,0.0003,1007,193,46.02965976683619,10.635022640228271,50.82534909248352,61.46037173271179,1381,0.4296282979194075,0,0,TRUE,pair,386,2.7296483003301546,6.13679745568956,45,0,7.329015544041451,2.7296483003301546,0.5277912021265365,7.079079898248892,cpu,cuda:0,0,148.1523438,50
2646,1,DDT500_num150.txt,fixed,2934,8,366.75,9.45713996887207,12.226866722106934,6.253660558286356e-06,-5.186666667,-0.305502407,0.1758333444595337,0.014883805997669697,0.15333333611488342,0.19333332777023315,0.0007872906474707028,0.011390624529061219,0.0006984609705493009,1.095256840189298,0.005076741172975592,0.03182436005833248,0.0003,989,211,49.012191494385654,12.245866060256958,47.616790771484375,59.86265683174133,1365,0.5542718023643829,0,0,TRUE,pair,377,3.5447028002818115,5.825153375208256,55,0,7.7824933687002655,3.5447028002818115,0.597525100922212,7.769184801029041,cpu,cuda:0,0,148.15283203125,51
2647,1,DDT500_num150.txt,fixed,2876,8,359.5,9.987492561340332,12.409141540527344,6.450533419410931e-06,-5.293333333,-0.302721649,0.1691666543483734,0.012883022427558899,0.14666666090488434,0.18666666746139526,-0.006165961,0.004399729449124564,0.0007629110727326147,1.0947146642775762,0.005288371792349132,0.033071537114058934,0.0003,997,203,51.04912744013098,12.4283607006073,43.90952682495117,56.33788752555847,1361,0.48348869959590957,0,0,TRUE,pair,372,3.770648900885135,5.996175242979105,55,0,7.731182795698925,3.770648900885135,0.6072494995314628,7.720455099770334,cpu,cuda:0,0,148.1523438,51
2648,1,DDT500_num150.txt,fixed,2866,8,358.25,3.766629695892334,10.846296310424805,4.447641003935132e-06,-5.333333333,-0.305791715,0.1666666567325592,0.014907121658325195,0.14666666090488434,0.19333332777023315,-0.006643287,0.004130906935426451,0.0005747789774821806,1.106158387093317,0.004115147015129749,0.026522646081589517,0.0003,1000,200,47.53670610099005,10.866301536560059,49.42395067214966,60.29025220870972,1404,0.43840920063667,0,0,TRUE,pair,364,2.838518099335488,6.058618282406628,50,0,7.873626373626373,2.838518099335488,0.5312460011336952,7.1954748997231945,cpu,cuda:0,0,148.1523438,49
2649,1,DDT500_num150.txt,fixed,2875,8,359.375,19.22197723388672,10.781011581420898,1.0392424883320928e-05,-5.306666667,-0.31213061,0.16833332180976868,0.01280190795660019,0.15333333611488342,0.19333332777023315,-0.018247967,-0.007474354,0.0005379257808354768,1.104257659478621,0.00795138276550295,0.017102422446689823,0.0003,998,202,82.13740297450886,10.799274921417236,24.203049182891846,35.00232410430908,1392,0.43969370127888396,0,0,TRUE,pair,380,2.7933194005745463,5.958956519085428,32,0,7.565789473684211,2.7933194005745463,0.5249528001295403,7.180667000939138,cpu,cuda:0,0,148.1523438,45
2650,1,DDT500_num150.txt,fixed,2875,8,359.375,11.290898323059082,13.134042739868164,2.2058551621739753e-05,-5.36,-0.315543869,0.16500000655651093,0.019930431619286537,0.13333334028720856,0.19333332777023315,-0.040520583,-0.029990106,0.000688362180274756,1.0874657407402992,0.003091819133866617,0.02794574723035718,0.0003,1002,198,50.35083588918733,13.152437448501587,43.94691252708435,57.09934997558594,1405,0.4945996989845298,0,0,TRUE,pair,380,4.33482319948962,5.866086956770523,55,0,7.565789473684211,4.33482319948962,0.6598945978912525,7.815653299854603,cpu,cuda:0,0,148.1523438,42
2651,1,DDT500_num150.txt,fixed,2884,8,360.5,11.146748542785645,13.681358337402344,5.80097457714146e-06,-5.466666667,-0.343419933,0.15833331644535065,0.015898987650871277,0.13333334028720856,0.18000000715255737,-0.020393752,-0.009796603,0.000767958974999298,1.098112923403581,0.008159524347623423,0.02349040610715747,0.0003,1010,190,49.08891526786676,13.699560165405273,45.05097413063049,58.75053429603577,1396,0.509513899392914,0,0,TRUE,pair,375,4.755209899798501,5.8172676836071995,35,0,7.690666666666667,4.755209899798501,0.7238904997357167,7.862490499566775,cpu,cuda:0,0,148.15283203125,41
2652,1,DDT500_num150.txt,fixed,2902,8,362.75,9.350802421569824,14.372418403625488,7.024249953246908e-06,-5.493333333,-0.344009708,0.15666666626930237,0.012472192756831646,0.14000000059604645,0.1733333319425583,-0.013568832,-0.002850294,0.0006949981955888992,1.106603615813785,0.005727276759696704,0.019509571371600032,0.0003,1012,188,58.17674872618351,14.400935411453247,35.48153591156006,49.882471323013306,1377,0.5528703991440125,0,0,TRUE,pair,378,4.713154899363872,5.843900756865514,45,0,7.677248677248677,4.713154899363872,0.7341621984960511,8.557038798113354,cpu,cuda:0,0,148.15283203125,41
2653,1,DDT500_num150.txt,fixed,2927,8,365.875,12.984967231750488,12.251726150512695,7.325311344175134e-06,-5.48,-0.345989918,0.1574999988079071,0.010507934726774693,0.14000000059604645,0.1733333319425583,-0.015454324,-0.004748428,0.000568224396071552,1.0990008041262627,0.004870977529738714,0.04010464414022863,0.0003,1011,189,48.61332728614536,12.270488500595093,47.939337968826294,60.20982646942139,1401,0.4812843005056493,0,0,TRUE,pair,386,3.63678170053754,5.686026648038233,52,0,7.582901554404145,3.63678170053754,0.6157389004365541,7.683307601779234,cpu,cuda:0,0,148.15283203125,41
2654,1,DDT500_num150.txt,fixed,2854,8,356.75,9.390819549560547,13.283477783203125,6.901795586600201e-06,-5.413333333,-0.342776263,0.1616666615009308,0.019364917650818825,0.12666666507720947,0.18000000715255737,0.0030282423473321474,0.014214300837081213,0.00062476701882238,1.149844160446754,0.008836427264143892,0.028874834462140616,0.0003,1006,194,75.38586610437032,13.30362057685852,24.554934978485107,37.85855555534363,1397,0.49655510170850903,0,0,TRUE,pair,368,4.529265700315591,5.947442184567201,48,0,7.755434782608695,4.529265700315591,0.6452583000063896,7.788061499479227,cpu,cuda:0,0,148.1523438,40
2655,1,DDT500_num150.txt,fixed,2911,8,363.875,12.839757919311523,10.846112251281738,6.650126124441158e-06,-5.32,-0.33721625,0.16750000417232513,0.015433549880981445,0.14000000059604645,0.18666666746139526,-0.058508583,-0.047576869,0.0006981753346432621,1.1280799905459087,0.007836644059239006,0.028370150714181364,0.0003,999,201,81.45628898769937,10.866258144378662,24.870700120925903,35.736958265304565,1391,0.4359942005830817,0,0,TRUE,pair,396,2.8935863001388498,5.870147715234052,50,0,7.351010101010101,2.8935863001388498,0.5270675989449956,7.143965099123307,cpu,cuda:0,0,148.15283203125,42
2656,1,DDT500_num150.txt,fixed,2813,8,351.625,6.362733364105225,13.415281295776367,4.9209038479602896e-06,-5.32,-0.343600727,0.16749998927116394,0.010769041255116463,0.15333333611488342,0.18666666746139526,-0.016251317,-0.005390284,0.000596454860594046,1.1159260471661885,0.0032648394385243287,0.02635319780286712,0.0003,999,201,50.21510083952835,13.445502042770386,42.573503255844116,56.0190052986145,1368,0.49351480149198323,0,0,TRUE,pair,362,4.726209000160452,5.880910061535529,40,0,7.7707182320441985,4.726209000160452,0.6846644012257457,7.671030301426072,cpu,cuda:0,0,148.1503906,45
2657,1,DDT500_num150.txt,fixed,2848,8,356,15.024979591369629,12.781635284423828,7.943311175040435e-06,-5.466666667,-0.358187918,0.15833333134651184,0.019075870513916016,0.13333334028720856,0.18666666746139526,-0.003594715,0.00740096590501101,0.0007323928997114612,1.136187752087911,0.007481553002435248,0.040623624566554405,0.0003,1010,190,50.774512928956305,12.79897928237915,43.29215455055237,56.09113383293152,1393,0.5668233999749646,0,0,TRUE,pair,382,4.168002599093597,5.95014044977306,45,0,7.455497382198953,4.168002599093597,0.6298233024426736,7.672690699924715,cpu,cuda:0,0,148.1523438,47
2658,1,DDT500_num150.txt,fixed,2885,8,360.625,12.960878372192383,13.565570831298828,6.843900791864144e-06,-5.306666667,-0.351469073,0.16833332180976868,0.0178730096668005,0.14666666090488434,0.20000000298023224,0.00018971913959831,0.010873267776332796,0.0006831408354628365,1.1025118827819824,0.005089736617568026,0.040588925612003855,0.0003,998,202,47.61593349179567,13.586064577102661,47.0028977394104,60.58896231651306,1333,0.5039644002099521,0,0,TRUE,pair,377,4.581185399671085,5.950086655608496,54,0,7.652519893899204,4.581185399671085,0.6840098984539509,7.957921599794645,cpu,cuda:0,0,148.15283203125,49
2659,1,DDT500_num150.txt,fixed,2899,8,362.375,5.313602924346924,12.22413158416748,1.9289816918899305e-05,-5.173333333,-0.330560503,0.17666667699813843,0.014529664069414139,0.15333333611488342,0.20000000298023224,-0.026963204,-0.01684107,0.0014440343463017296,1.084414670864741,0.005685534539831376,0.03438728678156622,0.0003,988,212,46.667336766001576,12.260742664337158,49.858789682388306,62.12053656578064,1364,0.47628840000834316,0,0,TRUE,pair,372,3.522741799999494,5.832700930204257,45,0,7.793010752688172,3.522741799999494,0.6135048026917502,7.767196299566422,cpu,cuda:0,0,148.15283203125,50
2660,1,DDT500_num150.txt,fixed,2879,8,359.875,9.453008651733398,10.800222396850586,6.692728220514255e-06,-5.36,-0.368815946,0.16499999165534973,0.016914820298552513,0.14000000059604645,0.20000000298023224,-0.00178397,0.008569210279910337,0.001025916157578606,1.0866138140360515,0.0028916069014875184,0.021189354692718813,0.0003,1002,198,50.03129562174293,10.819121360778809,46.72486114501953,57.54398250579834,1385,0.435574499249924,0,0,TRUE,pair,377,2.792342000058852,5.78534213020057,45,0,7.636604774535809,2.792342000058852,0.5232741030631587,7.205059699888807,cpu,cuda:0,0,148.1523438,51
2661,1,DDT500_num150.txt,fixed,2893,8,361.625,8.245264053344727,12.685348510742188,7.38712969905464e-06,-5.453333333,-0.40313706,0.15916666388511658,0.012219066731631756,0.14000000059604645,0.18000000715255737,-0.014864176,-0.004183087,0.0008101344213909691,1.1086155403228033,0.0023230272844167693,0.022009719639927858,0.0003,1009,191,45.086886405629805,12.703586339950562,51.46141219139099,64.16499853134155,1385,0.4703931999974884,0,0,TRUE,pair,375,4.066509499971289,5.9267196686590085,45,0,7.714666666666667,4.066509499971289,0.6423424006788991,7.649023999227211,cpu,cuda:0,0,148.15283203125,48
2662,1,DDT500_num150.txt,fixed,2856,8,357,9.974968910217285,11.554424285888672,6.860492248961236e-06,-5.48,-0.408503632,0.1574999839067459,0.019702652469277382,0.12666666507720947,0.18666666746139526,0.015310589482800828,0.025796683728306864,0.0006866225610590643,1.0829400486416287,0.013205254211142246,0.05589178318364753,0.0003,1011,189,117.95679733755458,11.573375940322876,12.638878583908081,24.212254524230957,1388,0.5411242999252863,0,0,TRUE,pair,370,3.3095296001411043,5.842436973871637,36,0,7.718918918918919,3.3095296001411043,0.5684457994066179,7.38172849843977,cpu,cuda:0,0,148.1523438,44
2663,1,DDT500_num150.txt,fixed,2872,8,359,6.264982223510742,13.169665336608887,5.309833795763552e-06,-5.36,-0.39834806,0.16499999165534973,0.010929067619144917,0.14666666090488434,0.18000000715255737,-0.055558749,-0.044705645,0.0006701848081623515,1.1188197334607441,0.007123923763477554,0.03310930154596766,0.0003,1002,198,111.99486569536167,13.19530439376831,12.448728322982788,25.6440327167511,1367,0.5885893000522628,0,0,TRUE,pair,370,4.447887099580839,6.052228412339282,50,0,7.762162162162162,4.447887099580839,0.6671168012544513,7.7266650996753015,cpu,cuda:0,0,148.1523438,43
2664,1,DDT500_num150.txt,fixed,2889,8,361.125,9.649319648742676,13.581101417541504,6.554126593982801e-05,-5.44,-0.418666355,0.1599999964237213,0.011055417358875275,0.14000000059604645,0.18000000715255737,-0.064847085,-0.054193119,0.0008619571703353099,1.1084942945412226,0.0048300610555348355,0.030681290131594454,0.0003,1008,192,78.4121909069641,13.616581916809082,23.227178812026978,36.84376072883606,1414,0.6006478004273959,0,0,TRUE,pair,377,4.628881300566718,5.885773624834118,50,0,7.663129973474801,4.628881300566718,0.6820585972163826,7.933757502469234,cpu,cuda:0,0,148.15283203125,42
2665,1,DDT500_num150.txt,fixed,2890,8,361.25,8.799858093261719,13.593432426452637,1.2480022633098997e-05,-5.373333333,-0.397714443,0.164166659116745,0.00939119327813387,0.14666666090488434,0.18000000715255737,-0.012225648,-0.002008061,0.0009028196576624536,1.0668995930598333,0.0053316308241427085,0.019760378869250417,0.0003,1003,197,61.901926518278124,13.614987850189209,33.0717658996582,46.68675374984741,1381,0.600193701509852,0,0,TRUE,pair,371,4.547486600698903,5.820761244849763,56,0,7.789757412398922,4.547486600698903,0.6943600990343839,8.002961000951473,cpu,cuda:0,0,148.15283203125,41
2666,1,DDT500_num150.txt,fixed,2837,8,354.625,12.175153732299805,13.261207580566406,4.183957207715139e-05,-5.426666667,-0.381650676,0.16083332896232605,0.013514398597180843,0.14000000059604645,0.18000000715255737,-0.007810491,0.002794076999028524,0.0007070873022409311,1.0958112925291061,0.004071043449281812,0.026244183517216396,0.0003,1007,193,49.65123600246486,13.28049087524414,43.85806655883789,57.13855743408203,1379,0.574259199143853,0,0,TRUE,pair,370,4.497348200529814,5.916813536265134,48,0,7.667567567567567,4.497348200529814,0.6641246991348453,7.772410698700696,cpu,cuda:0,0,148.1523438,41
2667,1,DDT500_num150.txt,fixed,2861,8,357.625,17.02158546447754,14.286540985107422,6.510791718028486e-05,-5.4,-0.381139179,0.16250000894069672,0.020258747041225433,0.11999999731779099,0.18666666746139526,-0.035538962,-0.025408915,0.001103239634539932,1.0681670427322387,0.005710924627783243,0.024205425257484117,0.0003,1005,195,66.10411181450368,14.306814432144165,28.973397970199585,43.28021240234375,1365,0.5448443984496407,0,0,TRUE,pair,389,4.577905199665111,5.918559943742162,55,0,7.354755784061696,4.577905199665111,0.7376749002141878,8.610692697926424,cpu,cuda:0,0,148.1523438,40
2668,1,DDT500_num150.txt,fixed,2897,8,362.125,10.36143684387207,11.44637393951416,1.0115243640029803e-05,-5.413333333,-0.367321793,0.1616666465997696,0.014043583534657955,0.14666666090488434,0.19333332777023315,0.006854983490137826,0.017471927572928724,0.0007911047044520577,1.1012495699382963,0.0042504679066561425,0.02496267321874343,0.0003,1006,194,51.46555385275763,11.46950387954712,44.82057332992554,56.290077209472656,1395,0.4565837016562,0,0,TRUE,pair,377,3.2216328997164965,5.879875734340416,55,0,7.684350132625995,3.2216328997164965,0.5481947005027905,7.385419002443086,cpu,cuda:0,0,148.15283203125,41
2669,1,DDT500_num150.txt,fixed,2908,8,363.5,12.439855575561523,13.150880813598633,7.317547442653449e-06,-5.373333333,-0.357974036,0.16416668891906738,0.016645822674036026,0.13333334028720856,0.18000000715255737,-0.023595207,-0.012895542,0.000673363433937387,1.1036345859368641,0.002632147924449176,0.02292343428901707,0.0003,1003,197,47.27133811318257,13.169241905212402,48.34795045852661,61.517192363739014,1387,0.49458009883528575,0,0,TRUE,pair,386,4.378185100038536,5.831155432713573,45,0,7.533678756476684,4.378185100038536,0.6473985011689365,7.804925899603404,cpu,cuda:0,0,148.15283203125,44
2670,1,DDT500_num150.txt,fixed,2916,8,364.5,9.810708045959473,11.537561416625977,7.294205715879798e-06,-5.346666667,-0.339982689,0.16583332419395447,0.012665570713579655,0.15333333611488342,0.18666666746139526,-0.013308243,-0.002813594,0.0007703371569126224,1.0879818126559258,0.005572972806514069,0.032739436777774245,0.0003,1001,199,47.015717660435236,11.557956218719482,50.4638557434082,62.021811962127686,1397,0.44409479975001886,0,0,TRUE,pair,378,3.368361800443381,5.737654319188886,36,0,7.714285714285714,3.368361800443381,0.5570907992077991,7.322956700460054,cpu,cuda:0,0,148.15283203125,47
2671,1,DDT500_num150.txt,fixed,2900,8,362.5,10.862780570983887,10.83598518371582,7.379430371656781e-06,-5.4,-0.335700788,0.16249999403953552,0.01854049414396286,0.13333334028720856,0.18666666746139526,-0.015686269,-0.005080899,0.0007157017183393085,1.0963220248619716,0.0034304242640625184,0.031737624240728714,0.0003,1005,195,52.008669484399036,10.8541738986969,44.905760526657104,55.759934425354004,1401,0.43628410081146285,0,0,TRUE,pair,377,2.8016705000190996,5.742068963790762,45,0,7.6923076923076925,2.8016705000190996,0.523842096910812,7.231134500412736,cpu,cuda:0,0,148.15283203125,48
2672,1,DDT500_num150.txt,fixed,2913,8,364.125,14.486523628234863,12.957220077514648,6.303455302258953e-05,-5.386666667,-0.348131546,0.16333331167697906,0.014529661275446415,0.14000000059604645,0.19333332777023315,0.004477187758311629,0.015035275059441725,0.0007232447387650609,1.0919711490472157,0.007735065851496377,0.039393204710601516,0.0003,1004,196,48.20471441421032,12.976892948150635,47.45288109779358,60.429774045944214,1405,0.5017599997809157,0,0,TRUE,pair,386,4.199539600522257,5.8472365258364505,45,0,7.546632124352332,4.199539600522257,0.6737327984301373,7.749795600713696,cpu,cuda:0,0,148.15283203125,50
2673,1,DDT500_num150.txt,fixed,2913,8,364.125,12.393924713134766,12.702902793884277,7.379430371656781e-06,-5.213333333,-0.329817075,0.17416666448116302,0.012665566988289356,0.15333333611488342,0.19333332777023315,-0.010487297,-0.000277805,0.0007158235890702123,1.0567407380966913,0.006657585528349348,0.03885328700943362,0.0003,991,209,49.52880153159921,12.72145962715149,46.092804193496704,58.81426382064819,1368,0.5754730998305604,0,0,TRUE,pair,395,3.7705845999298617,5.76141434815836,40,0,7.374683544303798,3.7705845999298617,0.6151230000541545,7.991146100568585,cpu,cuda:0,0,148.15283203125,51
2674,1,DDT500_num150.txt,fixed,2846,8,355.75,9.038113594055176,13.347759246826172,6.0221341300348286e-06,-5.44,-0.343984945,0.1600000262260437,0.02160247042775154,0.11999999731779099,0.18666666746139526,-0.004565928,0.00581881442728142,0.0007420786884419309,1.07557808359464,0.0038080038454306,0.02185316220857203,0.0003,1008,192,50.04222480143957,13.373114824295044,43.49885702133179,56.87197184562683,1393,0.5096344009507447,0,0,TRUE,pair,368,4.403047299943864,5.986647928087794,40,0,7.733695652173913,4.403047299943864,0.6749530013184994,7.941395498870406,cpu,cuda:0,0,148.1523438,52
2675,1,DDT500_num150.txt,fixed,2913,8,364.125,11.196399688720703,13.449911117553711,8.483146302751265e-06,-5.36,-0.340858712,0.16499999165534973,0.017559422180056572,0.14000000059604645,0.19333332777023315,-0.007534904,0.0027506535795206823,0.0007834727815255368,1.0677293241024017,0.004354259115643799,0.02773175636927287,0.0003,1002,198,47.34956883861152,13.4686861038208,48.05246543884277,61.521151542663574,1372,0.5053354986594059,0,0,TRUE,pair,380,4.5183001002296805,5.835907998217613,40,0,7.66578947368421,4.5183001002296805,0.6791169994976372,7.920231101161335,cpu,cuda:0,0,148.15283203125,44
2676,1,DDT500_num150.txt,fixed,2868,8,358.5,12,10.686513900756836,7.725644536549225e-06,-5.426666667,-0.32291408,0.16083332896232605,0.013514396734535694,0.14000000059604645,0.18666666746139526,-0.009260601,0.0012408647744450718,0.0008283161005238071,1.0915624822179477,0.0020953933000858647,0.018408038110161822,0.0003,1007,193,47.39802722539859,10.705089807510376,49.803757667541504,60.50884747505188,1367,0.430227100092452,0,0,TRUE,pair,374,2.861762400774751,5.923640165784535,50,0,7.668449197860962,2.861762400774751,0.5159228019765578,7.032800097076688,cpu,cuda:0,0,148.1523438,42
2677,1,DDT500_num150.txt,fixed,2855,8,356.875,7.304749965667725,13.506299018859863,5.80097457714146e-06,-5.2,-0.293761659,0.17499999701976776,0.012801911681890488,0.14666666090488434,0.18666666746139526,-0.014590662,-0.0041092,0.0006435977459962791,1.080326055486997,0.001857339618709375,0.01861019362695515,0.0003,990,210,50.62915284673705,13.536384344100952,42.85405158996582,56.39043593406677,1360,0.5994870996219106,0,0,TRUE,pair,367,4.751590199884959,6.06830122399873,50,0,7.779291553133515,4.751590199884959,0.6867706006160006,7.736415198829491,cpu,cuda:0,0,148.1523438,41
2678,1,DDT500_num150.txt,fixed,2832,8,354,13.919410705566406,13.676194190979004,8.092194548225962e-06,-5.293333333,-0.313832518,0.1691666692495346,0.016645822674036026,0.14000000059604645,0.20000000298023224,-0.010030413,0.0005967268176997701,0.000639823249609132,1.0947054227193196,0.00313461337100307,0.025535629315224167,0.0003,997,203,46.44855491075418,13.693168640136719,47.27751183509827,60.970680475234985,1356,0.5114382996689528,0,0,TRUE,pair,382,4.68157540098764,6.155720339235613,60,0,7.4136125654450264,4.68157540098764,0.7283326989854686,7.9193778985063545,cpu,cuda:0,0,148.1523438,40
2679,1,DDT500_num150.txt,fixed,2858,8,357.25,8.104782104492188,10.951274871826172,5.859473276359495e-06,-5.226666667,-0.304617424,0.1733333319425583,0.014907123520970345,0.14666666090488434,0.20000000298023224,-0.006301157,0.0042120093761089565,0.0005659410514150901,1.0796137327949207,0.0027023016430878974,0.022065905048899975,0.0003,992,208,46.068646910854575,10.968008518218994,51.06984567642212,62.03785419464111,1348,0.4284115999471396,0,0,TRUE,pair,371,2.915041300409939,5.990902730349147,45,0,7.703504043126685,2.915041300409939,0.5337797001702711,7.219286901352461,cpu,cuda:0,0,148.1523438,40
2680,1,DDT500_num150.txt,fixed,2911,8,363.875,6.469882011413574,10.839287757873535,5.791167041024892e-06,-5.4,-0.309443432,0.16249997913837433,0.008779712952673435,0.14666666090488434,0.1733333319425583,-0.022734692,-0.012676138,0.0005238056681784135,1.032045726265226,0.005910301110816363,0.028018542498882328,0.0003,1005,195,74.01835963588015,10.856082677841187,28.47199773788452,39.32808041572571,1398,0.43345870124176145,0,0,TRUE,pair,373,2.893408099829685,5.765716247892756,60,0,7.804289544235925,2.893408099829685,0.5205351000768133,7.146304100228008,cpu,cuda:0,0,148.15283203125,42
2681,1,DDT500_num150.txt,fixed,2890,8,361.25,6.571719646453857,13.635686874389648,1.2892252016172279e-05,-5.2,-0.291800138,0.17499998211860657,0.016583124175667763,0.1599999964237213,0.20000000298023224,-0.015585188,-0.005232887,0.000568605055984032,1.063660370806853,0.003629125413927644,0.02185600103499989,0.0003,990,210,52.97364215808692,13.657151222229004,40.898282051086426,54.55543327331543,1363,0.5053592995391227,0,0,TRUE,pair,369,4.6952336999820545,5.955709342230563,56,0,7.831978319783198,4.6952336999820545,0.7030914997449145,7.900854201114271,cpu,cuda:0,0,148.15283203125,44
2682,1,DDT500_num150.txt,fixed,2783,8,347.875,9.006073951721191,10.537036895751953,6.777129328838782e-06,-5.32,-0.326359837,0.16749998927116394,0.015069286338984966,0.14000000059604645,0.18666666746139526,-0.043064295,-0.032665183,0.0007406296451032782,1.0769426226615906,0.003591114385490831,0.024407966954944033,0.0003,999,201,58.63736821371405,10.55761170387268,36.9035906791687,47.46120238304138,1369,0.4301627005916089,0,0,TRUE,pair,361,2.707213400688488,6.08911246847344,40,0,7.7091412742382275,2.707213400688488,0.528569299785886,7.023737400653772,cpu,cuda:0,0,148.1503906,46
2683,1,DDT500_num150.txt,fixed,2911,8,363.875,10.528977394104004,10.97673225402832,6.9182483457552735e-06,-5.386666667,-0.346074014,0.16333334147930145,0.012018507346510887,0.14666666090488434,0.18000000715255737,-0.023166359,-0.012905009,0.0007292520664729333,1.0625979031125705,0.0035089326409168584,0.01983746828045696,0.0003,1004,196,59.55871993555399,10.995060682296753,37.88107371330261,48.876134395599365,1376,0.4328580000437796,0,0,TRUE,pair,381,2.835442100185901,6.012023359096898,45,0,7.640419947506562,2.835442100185901,0.5401924984762445,7.3134831002680585,cpu,cuda:0,0,148.15283203125,47
2684,1,DDT500_num150.txt,fixed,2874,8,359.25,10.13348388671875,10.818546295166016,6.818937890784582e-06,-5.4,-0.389302282,0.16249997913837433,0.016645818948745728,0.13333334028720856,0.19333332777023315,-0.026148482,-0.015508477,0.0008938618060104394,1.1086937685807545,0.004885710914095398,0.038589884216586746,0.0003,1005,195,59.32155555199702,10.837169647216797,37.61064958572388,48.447819232940674,1415,0.43587840168038383,0,0,TRUE,pair,381,2.8776465991395526,6.080723729910084,55,0,7.543307086614173,2.8776465991395526,0.5396036989986897,7.1177573973545805,cpu,cuda:0,0,148.1523438,48
2685,1,DDT500_num150.txt,fixed,2871,8,358.875,14.003905296325684,10.729753494262695,9.022181984619237e-06,-5.333333333,-0.391147585,0.1666666567325592,0.01247219368815422,0.14666666090488434,0.18666666746139526,-0.014239101,-0.003839945,0.0006773561056304191,1.07378351688385,0.005269415990499381,0.02217159147507378,0.0003,1000,200,88.0933283802823,10.750286340713501,21.840149879455566,32.59043622016907,1370,0.42133029887918383,0,0,TRUE,pair,388,2.788058200618252,5.909439218621435,45,0,7.399484536082475,2.788058200618252,0.532082099467516,7.128426698385738,cpu,cuda:0,0,148.1523438,48
2686,1,DDT500_num150.txt,fixed,2898,8,362.25,10.744184494018555,10.87043285369873,7.104713859007461e-06,-5.426666667,-0.392368594,0.16083332896232605,0.010240173898637295,0.14666666090488434,0.1733333319425583,-0.007651827,0.003034283717473348,0.0006626937526258795,1.10174593826135,0.005883045637347095,0.03589492742321454,0.0003,1007,193,56.88311228988636,10.89145040512085,40.055129051208496,50.946579456329346,1391,0.4324995005154051,0,0,TRUE,pair,380,2.9175297004985623,6.1376811588444,40,0,7.626315789473685,2.9175297004985623,0.534444599179551,7.135525700112339,cpu,cuda:0,0,148.15283203125,49
2687,1,DDT500_num150.txt,fixed,2854,8,356.75,10.928746223449707,10.700681686401367,6.538061825267505e-06,-5.48,-0.393692691,0.1575000137090683,0.019418634474277496,0.11999999731779099,0.18000000715255737,-0.007330389,0.0031616007133076587,0.0006546762827686811,1.0819327632586162,0.0034753650127944033,0.022778134521407385,0.0003,1011,189,58.799072510085956,10.721123456954956,37.81705713272095,48.5381805896759,1377,0.42265420011244714,0,0,TRUE,pair,375,2.7710536998929456,6.145059565522074,65,0,7.610666666666667,2.7710536998929456,0.534218298504129,7.114382599305827,cpu,cuda:0,0,148.1523438,50
2688,1,DDT500_num150.txt,fixed,2888,8,361,8.66025447845459,10.82364273071289,6.468133960879641e-06,-5.306666667,-0.374780088,0.16833333671092987,0.008660254999995232,0.15333333611488342,0.18000000715255737,-0.029224208,-0.018930417,0.0007157541750486763,1.0651669956388927,0.00326251288727993,0.018015761549274128,0.0003,998,202,58.5954521910541,10.842517852783203,38.44458365440369,49.28710150718689,1409,0.43742319755256176,0,0,TRUE,pair,377,2.816715700435452,6.111149585973523,45,0,7.660477453580902,2.816715700435452,0.5337316021323204,7.188061098917387,cpu,cuda:0,0,148.15283203125,50
2689,1,DDT500_num150.txt,fixed,2851,8,356.375,11.36812973022461,10.676785469055176,8.536583663953934e-06,-5.4,-0.379796064,0.16249999403953552,0.018837759271264076,0.13333334028720856,0.18666666746139526,-0.009885629,0.000329300070006866,0.0010175847128266469,1.072372240324815,0.004846700627240352,0.04096790537975418,0.0003,1005,195,57.40998070081157,10.695906639099121,38.96444797515869,49.66035461425781,1376,0.4220558006200008,0,0,TRUE,pair,370,2.762702299747616,6.0936513497343565,50,0,7.705405405405405,2.762702299747616,0.5316792983794585,7.101876400702167,cpu,cuda:0,0,148.1523438,51
2690,1,DDT500_num150.txt,fixed,2836,8,354.5,11.747340202331543,10.633546829223633,5.751770913775545e-06,-5.48,-0.383441737,0.1574999988079071,0.009965217672288418,0.14000000059604645,0.1733333319425583,-0.002748366,0.007456635804070781,0.0006485190485060836,1.0529261156916618,0.007932570355478674,0.029447732221645612,0.0003,1011,189,59.07919716197253,10.652801513671875,37.35055899620056,48.00336050987244,1380,0.4287148004514165,0,0,TRUE,pair,367,2.747971899865661,6.033850494829993,40,0,7.727520435967302,2.747971899865661,0.5218047010130249,7.0853721022140235,cpu,cuda:0,0,148.1523438,51
2691,1,DDT500_num150.txt,fixed,2922,8,365.25,19.689781188964844,10.93152904510498,1.1473855010990519e-05,-5.186666667,-0.359625241,0.1758333295583725,0.017300451174378395,0.15333333611488342,0.2133333384990692,-0.017798858,-0.007453749,0.0010038123499335988,1.0847017197381883,0.005843992755985926,0.019196184706829843,0.0003,989,211,59.467505296793924,10.951435565948486,38.18464279174805,49.13607835769653,1403,0.4368562999297865,0,0,TRUE,pair,397,2.8378809000132605,6.0800821346260765,45,0,7.3602015113350125,2.8378809000132605,0.5343268005526625,7.272894098248798,cpu,cuda:0,0,148.15283203125,51
2692,1,DDT500_num150.txt,fixed,2894,8,361.75,16.902292251586914,10.86319351196289,7.38712969905464e-06,-5.253333333,-0.332483368,0.17166666686534882,0.016914822161197662,0.14666666090488434,0.20000000298023224,0.005624244255678994,0.016044854319521358,0.0008152423487488358,1.0828230948675246,0.004740862164215373,0.02485708736016282,0.0003,994,206,59.24990862215794,10.883653163909912,37.96030402183533,48.84395718574524,1361,0.4952324001933448,0,0,TRUE,pair,387,2.82955460017547,6.206288873943363,65,0,7.478036175710594,2.82955460017547,0.5414486035006121,7.205932701355778,cpu,cuda:0,0,148.15283203125,52
2693,1,DDT500_num150.txt,fixed,2808,8,351,7.29725980758667,10.60055923461914,5.731971214117948e-06,-5.533333333,-0.383569413,0.15416666865348816,0.01808544620871544,0.12666666507720947,0.18666666746139526,-0.023155287,-0.012753204,0.0009990446633310057,1.090160643061002,0.005118088995610985,0.03829868448277315,0.0003,1015,185,56.91532066422626,10.6193368434906,38.71711540222168,49.33645224571228,1374,0.43652650027070194,0,0,TRUE,pair,362,2.84353750012815,6.231837605903631,48,0,7.7569060773480665,2.84353750012815,0.5254030993091874,6.955640399188269,cpu,cuda:0,0,148.1503906,52
2694,1,DDT500_num150.txt,fixed,2891,8,361.375,11.842059135437012,10.877717971801758,7.92898572399281e-06,-5.386666667,-0.377249765,0.16333332657814026,0.01414213702082634,0.14000000059604645,0.18666666746139526,0.003002901212312281,0.013393033974959204,0.0006524104949979422,1.0716338828206062,0.004791319450911639,0.03387797768421782,0.0003,1004,196,58.08306870370574,10.894360542297363,38.87918043136597,49.77354097366333,1396,0.4453459986834787,0,0,TRUE,pair,378,2.8401395002147183,5.996886889937014,45,0,7.648148148148148,2.8401395002147183,0.532761198701337,7.220560500456486,cpu,cuda:0,0,148.15283203125,45
2695,1,DDT500_num150.txt,fixed,2867,8,358.375,8.57230281829834,10.78594970703125,5.820539172418648e-06,-5.466666667,-0.394454903,0.15833333134651184,0.00986013375222683,0.14666666090488434,0.1733333319425583,-0.010798695,-0.00022498,0.0007127788388364328,1.0930104653040569,0.006815612961114918,0.028963308296321582,0.0003,1010,190,58.759351279210065,10.805208921432495,37.987024784088135,48.79223370552063,1384,0.5128592985565774,0,0,TRUE,pair,372,2.799674799432978,6.076037667210941,55,0,7.706989247311828,2.799674799432978,0.5323209987254813,7.17004900140455,cpu,cuda:0,0,148.1523438,41
2696,1,DDT500_num150.txt,fixed,2880,8,360,10.72380542755127,10.746668815612793,7.784284207446035e-06,-5.386666667,-0.380069763,0.16333332657814026,0.01054092776030302,0.14000000059604645,0.18000000715255737,-0.013767091,-0.0035532,0.0007562752859181879,1.0592027679085732,0.003127345616273184,0.019721534500907485,0.0003,1004,196,58.198537594259676,10.767794132232666,38.71798539161682,49.48577952384949,1382,0.4229000984923914,0,0,TRUE,pair,371,2.7947261997614987,5.889236110945543,45,0,7.762803234501348,2.7947261997614987,0.5256575995008461,7.147995301173069,cpu,cuda:0,0,148.1523438,40
2697,1,DDT500_num150.txt,fixed,2875,8,359.375,7.548799514770508,10.783468246459961,6.3439056248171255e-06,-5.48,-0.378961332,0.1574999839067459,0.01411756407469511,0.14000000059604645,0.18000000715255737,-0.014117594,-0.003574158,0.0006495132850735293,1.0868193358182907,0.00575949779840812,0.03531473129017589,0.0003,1011,189,58.47861030005079,10.805530548095703,38.357744455337524,49.16327500343323,1406,0.4414938996778801,0,0,TRUE,pair,373,2.803261099557858,5.887999998590221,40,0,7.7077747989276135,2.803261099557858,0.5223530009971,7.177800898090936,cpu,cuda:0,0,148.1523438,40
2698,1,DDT500_num150.txt,fixed,2895,8,361.875,10.349366188049316,10.858098983764648,7.562041901110206e-06,-5.52,-0.38446525,0.1550000011920929,0.017240136861801147,0.12666666507720947,0.18000000715255737,-0.01761829,-0.00716912,0.0006877423681241149,1.0793040891488392,0.004161137963213453,0.024050946298909064,0.0003,1014,186,59.64601024914337,10.877018928527832,37.659337282180786,48.53635621070862,1388,0.4327386987861246,0,0,TRUE,pair,383,2.825650200189557,5.8725388601859825,54,0,7.558746736292428,2.825650200189557,0.5282131024869159,7.221628701430745,cpu,cuda:0,0,148.15283203125,40
2699,1,DDT500_num150.txt,fixed,2907,8,363.375,7.904706001281738,10.94377613067627,6.598640538868494e-06,-5.52,-0.380442719,0.1549999862909317,0.01280190795660019,0.13333334028720856,0.1733333319425583,-0.0182492,-0.007476692,0.0007086714434150893,1.112684414936946,0.009001469639490377,0.043673339407317914,0.0003,1014,186,89.77012342009748,10.963404655456543,21.419306755065918,32.38271141052246,1401,0.44480490154819563,0,0,TRUE,pair,375,2.8492568001383916,5.9191606449925045,60,0,7.752,2.8492568001383916,0.5309162995545194,7.2796700008329935,cpu,cuda:0,0,148.15283203125,41
2700,1,DDT500_num150.txt,fixed,2820,8,352.5,15.435349464416504,10.711175918579102,8.176054507202934e-06,-5.52,-0.395396665,0.1550000011920929,0.00927960965782404,0.14000000059604645,0.1666666716337204,-0.009906907,0.0009194396358604232,0.0007650582241088463,1.1208875924348831,0.004757810148172818,0.0421775465462512,0.0003,1014,186,57.39196003278016,10.731242179870605,38.40349006652832,49.135802268981934,1366,0.5875837003695779,0,0,TRUE,pair,375,2.753897599875927,6.043971632727494,40,0,7.52,2.753897599875927,0.5234760970342904,7.1568653989816085,cpu,cuda:0,0,148.1523438,43
2701,1,DDT500_num150.txt,fixed,2868,8,358.5,11.478240013122559,10.78870964050293,8.00745783635648e-06,-5.48,-0.378922971,0.1574999988079071,0.016308657824993134,0.14000000059604645,0.18000000715255737,-0.012927115,-0.002221605,0.0007230841583805159,1.1067052682240803,0.001788799727971006,0.016886079412264127,0.0003,1011,189,56.63325971783103,10.807482719421387,39.834136962890625,50.64161968231201,1388,0.5166856004507281,0,0,TRUE,pair,375,2.8063168003573082,5.955020919504525,40,0,7.648,2.8063168003573082,0.5249424002831802,7.177158699487336,cpu,cuda:0,0,148.1523438,45
2702,1,DDT500_num150.txt,fixed,2889,8,361.125,13.959203720092773,10.890058517456055,8.734064067539293e-06,-5.48,-0.364352935,0.1574999839067459,0.013307266868650913,0.13333334028720856,0.18000000715255737,0.0009983186920483908,0.011736209193865458,0.0008108957554213703,1.1143340984980266,0.008196013932016891,0.030732697372635207,0.0003,1011,189,81.96759731711583,10.910003423690796,24.335631370544434,35.24563479423523,1409,0.4419676011893898,0,0,TRUE,pair,382,2.825494600343518,5.919349256540591,50,0,7.56282722513089,2.825494600343518,0.5304778992431238,7.251313397719059,cpu,cuda:0,0,148.15283203125,46
2703,1,DDT500_num150.txt,fixed,2871,8,358.875,13.950246810913086,10.818572044372559,7.979011570569128e-06,-5.586666667,-0.373267694,0.15083332359790802,0.013718398287892342,0.13333334028720856,0.18000000715255737,0.002250272431410849,0.01299010122117276,0.0009672265441622585,1.1223440418640773,0.004265193090153237,0.02414462810459857,0.0003,1019,181,58.60456988501863,10.83626389503479,38.15308976173401,48.9893536567688,1426,0.44867419986985624,0,0,TRUE,pair,381,2.8125233997707255,5.927899686105158,48,0,7.535433070866142,2.8125233997707255,0.5202772993361577,7.205064300913364,cpu,cuda:0,0,148.1523438,47
2704,1,DDT500_num150.txt,fixed,2905,8,363.125,14.06624984741211,10.89818286895752,8.46973398438422e-06,-5.4,-0.339122414,0.16249999403953552,0.015964368358254433,0.13333334028720856,0.18666666746139526,-0.006180536,0.004802162192114021,0.000730461694057221,1.1347930483196094,0.005924455546036093,0.030684356091786987,0.0003,1005,195,59.77519162770271,10.918888568878174,37.67986822128296,48.59875679016113,1431,0.512614200648386,0,0,TRUE,pair,390,2.826848099997733,5.956626505367522,35,0,7.448717948717949,2.826848099997733,0.5293379990616813,7.259152798564173,cpu,cuda:0,0,148.15283203125,48
2705,1,DDT500_num150.txt,fixed,2869,8,358.625,13.397177696228027,10.85924243927002,8.60951877257321e-06,-5.56,-0.353061764,0.1524999886751175,0.009090591222047806,0.13333334028720856,0.1599999964237213,-0.029789417,-0.018564709,0.0007220643423756377,1.1585739718543158,0.008309192175349582,0.04866612092074421,0.0003,1017,183,79.03006563448912,10.879153966903687,25.42348575592041,36.3026397228241,1407,0.4464452998363413,0,0,TRUE,pair,382,2.8012038005981594,6.033112582449051,55,0,7.510471204188482,2.8012038005981594,0.5333083998411894,7.241329899406992,cpu,cuda:0,0,148.1523438,48
2706,1,DDT500_num150.txt,fixed,2867,8,358.375,14.670867919921875,10.837060928344727,6.827269317000173e-06,-5.44,-0.358120682,0.1599999964237213,0.007453559432178736,0.15333333611488342,0.1733333319425583,-0.032678837,-0.021646899,0.000826375774825768,1.1445126831531525,0.0040092250123962,0.028356341043642413,0.0003,1008,192,59.35657835378659,10.85622239112854,37.44507932662964,48.30130171775818,1424,0.5267049000249244,0,0,TRUE,pair,383,2.7886424003518187,6.021625392313074,60,0,7.485639686684073,2.7886424003518187,0.5343768012244254,7.228528399835341,cpu,cuda:0,0,148.1523438,49
2707,1,DDT500_num150.txt,fixed,2944,8,368,9.886859893798828,11.027630805969238,7.088694019330433e-06,-5.48,-0.367739862,0.1574999988079071,0.012883022427558899,0.14666666090488434,0.18666666746139526,-0.060916314,-0.05093114,0.0017622432004337986,1.0866294314081852,0.006499954234908063,0.03605525999759825,0.0003,1011,189,57.852690141469054,11.047105550765991,39.84076142311096,50.88786697387695,1454,0.4478521994315088,0,0,TRUE,pair,382,2.8753885000478476,5.931046195247251,45,0,7.706806282722513,2.8753885000478476,0.5247531000641175,7.3433974016224965,cpu,cuda:0,0,148.15283203125,49
2708,1,DDT500_num150.txt,fixed,2921,8,365.125,10.117280960083008,11.004049301147461,6.75191995469504e-06,-5.333333333,-0.325536679,0.1666666567325592,0.01885618083178997,0.12666666507720947,0.19333332777023315,-0.042655662,-0.031613155,0.0009351409952311466,1.1510080019632976,0.009754276745176564,0.03386225796615084,0.0003,1000,200,81.2805052638406,11.02433443069458,24.9129421710968,35.93727660179138,1408,0.5270485988585278,0,0,TRUE,pair,376,2.8622507997206412,5.9315302962107594,40,0,7.7686170212765955,2.8622507997206412,0.5346977998269722,7.320381200057454,cpu,cuda:0,0,148.15283203125,50
2709,1,DDT500_num150.txt,fixed,2934,8,366.75,8.84237003326416,11.070154190063477,5.80097457714146e-06,-5.426666667,-0.358988918,0.16083334386348724,0.02171468921005726,0.1133333370089531,0.18666666746139526,-0.004188438,0.006722702740966096,0.000736253372105282,1.1279267753873552,0.005212991776282988,0.030066214657078188,0.0003,1007,193,56.65162392197301,11.090384721755981,40.69983410835266,51.79021883010864,1421,0.4391991996089928,0,0,TRUE,pair,377,2.8619264008593746,5.884458077303308,40,0,7.7824933687002655,2.8619264008593746,0.5309545022901148,7.39216620021034,cpu,cuda:0,0,148.15283203125,51
2710,1,DDT500_num150.txt,fixed,2958,8,369.75,12.22446346282959,11.101203918457031,7.024249953246908e-06,-5.506666667,-0.356642784,0.15583333373069763,0.013718398287892342,0.13333334028720856,0.1733333319425583,0.0008291033251831929,0.011885425599757582,0.0007634926951141097,1.1438070038954418,0.005629704270594023,0.030760638347904507,0.0003,1013,187,58.968261316490285,11.120711326599121,39.040863037109375,50.162577867507935,1429,0.454037600196898,0,0,TRUE,pair,392,2.8889379000174813,5.937457743490604,50,0,7.545918367346939,2.8889379000174813,0.528345899481792,7.395913498592563,cpu,cuda:0,0,148.15478515625,51
2711,1,DDT500_num150.txt,fixed,2910,8,363.75,10.353139877319336,10.90030288696289,7.784284207446035e-06,-5.533333333,-0.343843801,0.15416665375232697,0.012665568850934505,0.13333334028720856,0.1733333319425583,-0.009930574,0.001515656049984197,0.000688030915625859,1.1790245672067006,0.009231243769894112,0.03669540539461499,0.0003,1015,185,58.65416456798907,10.920690298080444,38.69215512275696,49.6128454208374,1447,0.44778310135006905,0,0,TRUE,pair,383,2.8232091998215765,5.875945017345992,48,0,7.597911227154047,2.8232091998215765,0.5212053973809816,7.273318600724451,cpu,cuda:0,0,148.15283203125,51
2712,1,DDT500_num150.txt,fixed,2884,8,360.5,12.806248664855957,10.873201370239258,8.56981296237791e-06,-5.466666667,-0.346206593,0.15833333134651184,0.011902383528649807,0.14000000059604645,0.18000000715255737,-0.010149405,0.0014156573452055454,0.0005893819737442149,1.185975397626559,0.0075330124151757145,0.043636037463632725,0.0003,1010,190,58.733847183307674,10.89325737953186,38.20960474014282,49.10286211967468,1393,0.443497899803333,0,0,TRUE,pair,379,2.818925100204069,6.057905686298455,75,0,7.6094986807387865,2.818925100204069,0.5325077986926772,7.23682599933818,cpu,cuda:0,0,148.15283203125,52
2713,1,DDT500_num150.txt,fixed,2847,8,355.875,13.09043025970459,10.749366760253906,7.47889862395823e-06,-5.346666667,-0.338145345,0.16583332419395447,0.01175561174750328,0.15333333611488342,0.19333332777023315,-0.008140305,0.003813253502206256,0.0007647465245099738,1.2335931758085887,0.009834976225041222,0.04068608865297089,0.0003,1001,199,59.393262102337665,10.769778490066528,37.16495180130005,47.93473029136658,1394,0.5222302986658178,0,0,TRUE,pair,384,2.7846106005017646,6.092026694515189,50,0,7.4140625,2.7846106005017646,0.5241483998252079,7.1606033013085835,cpu,cuda:0,0,148.1523438,52
2714,1,DDT500_num150.txt,fixed,2899,8,362.375,13.792548179626465,10.902788162231445,8.939901817939244e-06,-5.533333333,-0.354334341,0.15416665375232697,0.014312970452010632,0.14000000059604645,0.18666666746139526,-0.024270464,-0.012749897,0.0018952541322505567,1.246819446484248,0.006399230487052894,0.03479467941603313,0.0003,1015,185,59.93191323767436,10.921873331069946,37.449684381484985,48.37155771255493,1429,0.4496040983358398,0,0,TRUE,pair,382,2.8991607993957587,6.17178337382382,50,0,7.5890052356020945,2.8991607993957587,0.528056600887794,7.19220270117512,cpu,cuda:0,0,148.15283203125,45
2715,1,DDT500_num150.txt,fixed,2835,8,354.375,10.873562812805176,10.701589584350586,8.602914022048935e-06,-5.426666667,-0.394219582,0.16083332896232605,0.013919411227107048,0.13333334028720856,0.18000000715255737,-0.028935008,-0.016921726,0.0011887183815512496,1.2607637792825699,0.005951527952068621,0.028140123933553696,0.0003,1007,193,59.246167700263015,10.720451354980469,37.13074493408203,47.8511962890625,1407,0.5161455994821154,0,0,TRUE,pair,374,2.7695533005171455,6.304761904341413,50,0,7.580213903743315,2.7695533005171455,0.5236257999204099,7.129297500941902,cpu,cuda:0,0,148.1523438,42
2716,1,DDT500_num150.txt,fixed,2837,8,354.625,15.913339614868164,10.712838172912598,9.482947461947333e-06,-5.533333333,-0.414498059,0.15416665375232697,0.012665568850934505,0.13333334028720856,0.1733333319425583,-0.015979819,-0.003850084,0.0009390845007146709,1.2599275509516399,0.0043766401293841755,0.02207845388329588,0.0003,1015,185,56.35047394176159,10.732466697692871,39.61316132545471,50.34562802314758,1414,0.5259424001560546,0,0,TRUE,pair,381,2.772821599559393,6.159675714706593,40,0,7.446194225721785,2.772821599559393,0.5226465010200627,7.137254300119821,cpu,cuda:0,0,148.1523438,40
2717,1,DDT500_num150.txt,fixed,2929,8,366.125,13.09043025970459,11.03732681274414,8.00745783635648e-06,-5.426666667,-0.393334921,0.16083332896232605,0.013096860609948635,0.13333334028720856,0.18000000715255737,0.009021906104559699,0.02075969078578055,0.0014724395514349453,1.247400666276614,0.0034905100534767066,0.027670052067454282,0.0003,1007,193,58.37928834815475,11.055306673049927,39.11659646034241,50.171903133392334,1436,0.5293456994113512,0,0,TRUE,pair,385,2.850944900070317,6.034482759271884,50,0,7.607792207792208,2.850944900070317,0.5367713012383319,7.361266200197861,cpu,cuda:0,0,148.15283203125,40
2718,1,DDT500_num150.txt,fixed,2830,8,353.75,12.162956237792969,10.705766677856445,7.262967301358003e-06,-5.626666667,-0.421333118,0.1483333259820938,0.015898987650871277,0.11999999731779099,0.1733333319425583,-0.005520638,0.00641292807025214,0.001085725433464783,1.2476430336634319,0.006257705189606592,0.040523843529323735,0.0003,1022,178,58.72212684961167,10.727311134338379,37.465766191482544,48.19307732582092,1406,0.43989090027753264,0,0,TRUE,pair,369,2.8374814990675077,6.450883391889161,50,0,7.669376693766938,2.8374814990675077,0.5290359997889027,7.060258501151111,cpu,cuda:0,0,148.1523438,40
2719,1,DDT500_num150.txt,fixed,2898,8,362.25,10.744184494018555,10.912138938903809,6.942853815417038e-06,-5.546666667,-0.421273464,0.15333333611488342,0.015275254845619202,0.11999999731779099,0.18000000715255737,-0.012082229,-0.000232337,0.0017997712105473813,1.2749777336915333,0.007647543106941157,0.022646169042369973,0.0003,1016,184,56.973787838033786,10.930959224700928,39.934537172317505,50.86549639701843,1413,0.44356999901356176,0,0,TRUE,pair,382,2.825282900244929,6.21359558192675,45,0,7.5863874345549736,2.825282900244929,0.5324616998550482,7.268651200225577,cpu,cuda:0,0,148.15283203125,43
2720,1,DDT500_num150.txt,fixed,2881,8,360.125,10.421582221984863,10.913798332214355,8.169098691723775e-06,-5.613333333,-0.41885966,0.14916665852069855,0.01525250356644392,0.11999999731779099,0.1733333319425583,-0.010228636,0.0017821370624005795,0.001302078625303693,1.266181117296219,0.005084963784611318,0.035485514486208555,0.0003,1021,179,67.33218604737051,10.933892488479614,31.853965282440186,42.7878577709198,1432,0.5418430995778181,0,0,TRUE,pair,370,2.813199399446603,6.265879900742636,50,0,7.786486486486487,2.813199399446603,0.5310302026919089,7.283281495503616,cpu,cuda:0,0,148.15283203125,44
2721,1,DDT500_num150.txt,fixed,2841,8,355.125,11.762626647949219,10.803993225097656,8.348055416718125e-06,-5.706666667,-0.443297685,0.1433333307504654,0.008819172158837318,0.12666666507720947,0.15333333611488342,-0.049251732,-0.036981111,0.0010881178224316011,1.2814682997190034,0.028566576996756618,0.031695746189843006,0.0003,1028,172,96.08555297875456,10.82317852973938,18.744221687316895,29.567400217056274,1461,0.4665809008292854,0,0,TRUE,pair,380,2.7940939002437517,6.357972545214246,50,0,7.476315789473684,2.7940939002437517,0.524388499208726,7.203259001020342,cpu,cuda:0,0,148.1523438,45
2722,1,DDT500_num150.txt,fixed,2921,8,365.125,11.95237922668457,11.033018112182617,8.049937605392188e-06,-5.626666667,-0.454700754,0.1483333259820938,0.009279605001211166,0.14000000059604645,0.1599999964237213,-0.019425306,-0.007724831,0.0009841043696117897,1.2192527651786804,0.005096431840987255,0.03460004343651235,0.0003,1022,178,58.08243010708665,11.054179430007935,39.23641610145569,50.29059553146362,1479,0.4586361006950028,0,0,TRUE,pair,388,2.849923799803946,6.123587811495171,40,0,7.528350515463917,2.849923799803946,0.5366138989920728,7.358967499400023,cpu,cuda:0,0,148.15283203125,46
2723,1,DDT500_num150.txt,fixed,2918,8,364.75,8.422440528869629,11.013545989990234,7.104713859007461e-06,-5.32,-0.409623476,0.16749998927116394,0.022715024650096893,0.14000000059604645,0.2133333384990692,-0.038869986,-0.027508313,0.001812627633279633,1.226798659279233,0.005673455811206839,0.03166520429242935,0.0003,999,201,58.099048075921814,11.032737970352173,39.19183707237244,50.22457504272461,1418,0.4584424995700829,0,0,TRUE,pair,378,2.945106199767906,6.137422892718874,70,0,7.71957671957672,2.945106199767906,0.5328114986768924,7.247870299208444,cpu,cuda:0,0,148.15283203125,47
2724,1,DDT500_num150.txt,fixed,2877,8,359.625,9.339934349060059,10.844456672668457,7.2158554758061655e-06,-5.493333333,-0.43430747,0.15666666626930237,0.020548047497868538,0.12666666507720947,0.19333332777023315,-0.0156065,-0.0041107,0.0020160773613800607,1.2503837992747624,0.0025224598739441717,0.021539919582816463,0.0003,1012,188,56.5756800998439,10.86401915550232,39.98821973800659,50.85223889350891,1440,0.5234997013467364,0,0,TRUE,pair,375,2.811919200234115,6.189085852490725,50,0,7.672,2.811919200234115,0.5315603005001321,7.218702098121867,cpu,cuda:0,0,148.1523438,48
2725,1,DDT500_num150.txt,fixed,2872,8,359,13.702189445495605,10.896885871887207,8.155169780366123e-06,-5.52,-0.386586414,0.1550000011920929,0.010408330708742142,0.14000000059604645,0.1733333319425583,-3.41E-05,0.011898715347342659,0.0012031977213072505,1.2534426884217695,0.007503818615408487,0.03469228530725972,0.0003,1014,186,61.36995004815915,10.915853023529053,35.88229489326477,46.79814791679382,1447,0.4610177005524747,0,0,TRUE,pair,380,2.8160535995848477,6.444637881763134,52,0,7.557894736842106,2.8160535995848477,0.5327644993667491,7.262249396822881,cpu,cuda:0,0,148.1523438,49
2726,1,DDT500_num150.txt,fixed,2905,8,363.125,15.519644737243652,10.938995361328125,8.939901817939244e-06,-5.426666667,-0.359520703,0.16083332896232605,0.015069283545017242,0.14000000059604645,0.19333332777023315,-0.015779423,-0.003927684,0.0008819818483769066,1.2292732530170016,0.009296506216439107,0.05164666577345795,0.0003,1007,193,70.70116872217467,10.959259033203125,30.129170656204224,41.08842968940735,1443,0.5215217980439775,0,0,TRUE,pair,391,2.8270530995796435,6.338726333414626,40,0,7.429667519181586,2.8270530995796435,0.5350282015861012,7.2912967025185935,cpu,cuda:0,0,148.15283203125,49
2727,1,DDT500_num150.txt,fixed,2991,8,373.875,7.959860324859619,11.231879234313965,6.379646492860047e-06,-5.36,-0.36125576,0.16499999165534973,0.012801911681890488,0.14666666090488434,0.18000000715255737,-0.017082556,-0.005413744,0.0008522501302650198,1.2094937413930893,0.006342120722062343,0.036188132711686194,0.0003,1002,198,58.26829929049735,11.250669240951538,40.08084440231323,51.33151364326477,1481,0.465129901538603,0,0,TRUE,pair,388,2.981934600044042,6.127047809857822,70,0,7.708762886597938,2.981934600044042,0.544207701110281,7.412740300933365,cpu,cuda:0,0,148.15478515625,50
2728,1,DDT500_num150.txt,fixed,2849,8,356.125,9.675193786621094,10.888490676879883,6.975526048336178e-06,-5.493333333,-0.357299315,0.15666666626930237,0.015986105427145958,0.13333334028720856,0.18666666746139526,-0.031715083,-0.020093775,0.0008302874533304324,1.2036452690760295,0.008339734922325684,0.02717876519697408,0.0003,1012,188,96.5936676064907,10.908090114593506,18.586596965789795,29.4946870803833,1417,0.540561200294178,0,0,TRUE,pair,368,2.7709483999642543,6.346086345667921,52,0,7.741847826086956,2.7709483999642543,0.5317923023831099,7.300186200125609,cpu,cuda:0,0,148.1523438,50
2729,1,DDT500_num150.txt,fixed,2926,8,365.75,9.69213581085205,11.003457069396973,6.485686753876507e-06,-5.36,-0.35126709,0.16499999165534973,0.014043583534657955,0.14666666090488434,0.19333332777023315,-0.004258247,0.0076667568646371365,0.0008817669052708273,1.2365887711445491,0.007729593443097353,0.045962101818683244,0.0003,1002,198,59.77926833453772,11.022922992706299,37.92381191253662,48.94673490524292,1428,0.4483792976825498,0,0,TRUE,pair,375,2.922668300161604,6.229323306803987,40,0,7.802666666666667,2.922668300161604,0.5357904002303258,7.25668930116808,cpu,cuda:0,0,148.15283203125,51
2730,1,DDT500_num150.txt,fixed,2942,8,367.75,8.212034225463867,11.118316650390625,7.1286758611677215e-06,-5.48,-0.344868111,0.1574999839067459,0.006614380050450563,0.14666666090488434,0.1666666716337204,0.030290128806462653,0.041857088987643905,0.0007793952693016484,1.1956658913539007,0.027341487737990413,0.023927011992782354,0.0003,1011,189,92.94372180405709,11.138097763061523,20.51546573638916,31.653563499450684,1476,0.4601797029026784,0,0,TRUE,pair,380,2.8647886008257046,6.1498980284709654,45,0,7.742105263157895,2.8647886008257046,0.5437950976192951,7.4195909986738116,cpu,cuda:0,0,148.15283203125,51
2731,1,DDT500_num150.txt,fixed,2953,8,369.125,10.276641845703125,11.115623474121094,5.888504347240087e-06,-5.4,-0.346221447,0.16249999403953552,0.012883022427558899,0.14666666090488434,0.18000000715255737,-0.022406898,-0.010993836,0.0007837836397811771,1.1804954349994659,0.009940866566466866,0.033923969243187455,0.0003,1005,195,61.60866810081556,11.135893821716309,36.79567313194275,47.93156695365906,1421,0.44922340143239126,0,0,TRUE,pair,392,2.8805831996141933,6.074161869204735,45,0,7.533163265306122,2.8805831996141933,0.543956897337921,7.3995645006070845,cpu,cuda:0,0,148.15478515625,51
2732,1,DDT500_num150.txt,fixed,2882,8,360.25,11.388042449951172,10.959830284118652,6.92645971867023e-06,-5.48,-0.360469021,0.1574999988079071,0.019982632249593735,0.13333334028720856,0.20000000298023224,-0.001155825,0.00995452298472325,0.0007905769768209817,1.1505636771519978,0.005280063523362817,0.030263916492306937,0.0003,1011,189,56.6914908844742,10.98029899597168,39.85625433921814,50.83655333518982,1404,0.44707030104473233,0,0,TRUE,pair,385,2.827357000147458,6.110687023066217,60,0,7.485714285714286,2.827357000147458,0.5306594013236463,7.317964198882692,cpu,cuda:0,0,148.15283203125,51
2733,1,DDT500_num150.txt,fixed,2843,8,355.375,9.512327194213867,10.771438598632812,6.280870366026647e-06,-5.533333333,-0.351576032,0.15416665375232697,0.008457411080598831,0.14000000059604645,0.1666666716337204,-0.037715649,-0.026154147,0.0008154575506606224,1.1969227303158154,0.013386338274523785,0.038538132392039355,0.0003,1015,185,61.72531434799684,10.791583061218262,35.26731562614441,46.05889868736267,1383,0.44142170198028907,0,0,TRUE,pair,370,2.786832600366324,6.46429827596535,52,0,7.683783783783784,2.786832600366324,0.5376587025239132,7.162598100840114,cpu,cuda:0,0,148.1523438,52
2734,1,DDT500_num150.txt,fixed,2887,8,360.875,15.053550720214844,10.889216423034668,7.907449798949528e-06,-5.426666667,-0.35700928,0.16083332896232605,0.015789415687322617,0.14000000059604645,0.18000000715255737,-0.009021176,0.0025908503642616174,0.0007127011704142205,1.1968376636505127,0.008304502366020946,0.04768232459900901,0.0003,1007,193,58.549882170408615,10.908868789672852,38.399513959884644,49.308382749557495,1438,0.4487635002587922,0,0,TRUE,pair,382,2.814865000313148,6.2126775194213675,45,0,7.557591623036649,2.814865000313148,0.5312559010344557,7.259180900000501,cpu,cuda:0,0,148.15283203125,52
2735,1,DDT500_num150.txt,fixed,2897,8,362.125,3.0998992919921875,10.86672592163086,4.304759386286605e-06,-5.32,-0.350301817,0.16750000417232513,0.010769041255116463,0.15333333611488342,0.18666666746139526,-0.026357325,-0.014960323,0.0007885646336944774,1.1791283339262009,0.0025419024899141127,0.021775298916812364,0.0003,999,201,57.67028788563351,10.886654376983643,39.347185373306274,50.23383975028992,1411,0.44004840072011575,0,0,TRUE,pair,365,2.803419000527356,6.172247151568054,45,0,7.936986301369863,2.803419000527356,0.5347909994889051,7.245351400226355,cpu,cuda:0,0,148.15283203125,45
2736,1,DDT500_num150.txt,fixed,2914,8,364.25,10.50892448425293,10.983478546142578,6.424042567232391e-06,-5.44,-0.350851153,0.1599999964237213,0.015986107289791107,0.14000000059604645,0.18000000715255737,-0.01460282,-0.003104234,0.0007867369143544541,1.1891955236593883,0.003994902606791584,0.03282483141326035,0.0003,1008,192,58.73713250449089,11.003360509872437,38.607505321502686,49.61086583137512,1440,0.4512198997545056,0,0,TRUE,pair,388,2.8316021001082845,6.100205901475826,60,0,7.510309278350515,2.8316021001082845,0.5402860994217917,7.32289919978939,cpu,cuda:0,0,148.15283203125,42
2737,1,DDT500_num150.txt,fixed,2887,8,360.875,12.159744262695312,10.865540504455566,7.2472971623938065e-06,-5.453333333,-0.337709702,0.15916666388511658,0.019561156630516052,0.13333334028720856,0.18666666746139526,-0.007978033,0.003652365761809051,0.000981716722890269,1.2121256987253826,0.00633727531870439,0.03687388946612676,0.0003,1009,191,58.92350334848182,10.88553500175476,38.110193967819214,48.995728969573975,1447,0.45243129989830777,0,0,TRUE,pair,375,2.815134099626448,6.071700726655433,45,0,7.698666666666667,2.815134099626448,0.5353409992530942,7.230894300679211,cpu,cuda:0,0,148.15283203125,40
2738,1,DDT500_num150.txt,fixed,2941,8,367.625,12.449272155761719,11.0162353515625,7.893059773778077e-06,-5.6,-0.33732671,0.14999999105930328,0.018257416784763336,0.12666666507720947,0.18666666746139526,-0.037713764,-0.02688035,0.0018855080658492322,1.1776167104641597,0.00490050038206391,0.031854148352673896,0.0003,1020,180,59.18945939803834,11.036719799041748,38.6511812210083,49.68790102005005,1463,0.4607860002433881,0,0,TRUE,pair,379,2.9342158000799827,5.951717101485905,52,0,7.759894459102902,2.9342158000799827,0.5313836000277661,7.263856600562576,cpu,cuda:0,0,148.15283203125,40
2739,1,DDT500_num150.txt,fixed,2935,8,366.875,8.222492218017578,11.044685363769531,7.032337634882424e-06,-5.466666667,-0.314556194,0.15833333134651184,0.016914822161197662,0.12666666507720947,0.18666666746139526,-0.03620453,-0.024645621,0.0009241233880554015,1.202097162604332,0.006728312499063804,0.03254574450935858,0.0003,1010,190,58.450277375105806,11.064461469650269,39.149158239364624,50.21361970901489,1436,0.45875499851536006,0,0,TRUE,pair,378,2.878963500028476,6.086201021740343,50,0,7.764550264550264,2.878963500028476,0.5357507988228463,7.342317202303093,cpu,cuda:0,0,148.15283203125,40
2740,1,DDT500_num150.txt,fixed,2908,8,363.5,20.5,10.991429328918457,1.1029275810869876e-05,-5.453333333,-0.309447549,0.15916664898395538,0.011273127049207687,0.14666666090488434,0.18000000715255737,-0.033179584,-0.022129509,0.0007668617136704808,1.143350830444923,0.00501083952258341,0.01420238922135188,0.0003,1009,191,91.22335992016106,11.010913610458374,20.866886138916016,31.87779974937439,1432,0.531611398619134,0,0,TRUE,pair,405,2.92457899969304,5.9683631364220275,40,0,7.1802469135802465,2.92457899969304,0.5282354968367144,7.255458300875034,cpu,cuda:0,0,148.15283203125,41
2741,1,DDT500_num150.txt,fixed,2885,8,360.625,12.175153732299805,10.861650466918945,7.75502030592179e-06,-5.6,-0.341113822,0.14999999105930328,0.014529664069414139,0.11999999731779099,0.1733333319425583,-0.011819609,-0.000314797,0.0007376035926147149,1.187361478805542,0.007696086812267402,0.01931035052984953,0.0003,1020,180,89.77624630800432,10.882202863693237,21.253246307373047,32.135449171066284,1423,0.5185105009004474,0,0,TRUE,pair,381,2.821819599776063,6.12547660378071,55,0,7.572178477690288,2.821819599776063,0.5293977997498587,7.225214999576565,cpu,cuda:0,0,148.15283203125,43
2742,1,DDT500_num150.txt,fixed,2826,8,353.25,17.704166412353516,10.606525421142578,1.0007902346842457e-05,-5.653333333,-0.360621542,0.14666666090488434,0.014529663138091564,0.11999999731779099,0.1733333319425583,-0.02883181,-0.017859369,0.0012712475023969698,1.1608065168062847,0.004385438574293706,0.0315038631670177,0.0003,1024,176,58.30593595848382,10.625881671905518,37.842596769332886,48.4684784412384,1398,0.429726799717173,0,0,TRUE,pair,380,2.743020399881061,6.021585278492487,45,0,7.436842105263158,2.743020399881061,0.5215632997569628,7.065400899678934,cpu,cuda:0,0,148.1523438,44
2743,1,DDT500_num150.txt,fixed,2924,8,365.5,13.87443733215332,10.958999633789062,8.300254194182344e-06,-5.413333333,-0.361896746,0.1616666615009308,0.019364917650818825,0.12666666507720947,0.18666666746139526,-0.009277173,0.001973319216631353,0.0009538530017986583,1.1727415323257446,0.0057417337983072985,0.025158419981986906,0.0003,1006,194,57.89318918703765,10.978479862213135,39.528324842453,50.50680470466614,1443,0.44456309807719663,0,0,TRUE,pair,388,2.9297957005910575,6.10465115993685,40,0,7.536082474226804,2.9297957005910575,0.5390282014850527,7.203172801819164,cpu,cuda:0,0,148.15283203125,46
2744,1,DDT500_num150.txt,fixed,2885,8,360.625,7.999023438,10.873024940490723,5.849763965670718e-06,-5.506666667,-0.349871286,0.15583333373069763,0.01488380879163742,0.13333334028720856,0.18666666746139526,-0.027540707,-0.016060389,0.0005918449302650212,1.1776241461435955,0.004118630768061848,0.030507497547660023,0.0003,1013,187,58.88932854823345,10.893928050994873,38.096272230148315,48.99020028114319,1425,0.45268960105022416,0,0,TRUE,pair,372,2.8219729008269496,6.111958405711209,45,0,7.755376344086022,2.8219729008269496,0.5277784017962404,7.239483301003929,cpu,cuda:0,0,148.15283203125,47
2745,1,DDT500_num150.txt,fixed,2874,8,359.25,12.547410011291504,10.823786735534668,7.048485713312402e-06,-5.373333333,-0.343941867,0.1641666740179062,0.017931198701262474,0.14666666090488434,0.20000000298023224,-0.016689471,-0.005445785,0.0006107584977144143,1.1549065336585045,0.004171712958850549,0.01498847728362307,0.0003,1003,197,79.73227061646988,10.843607425689697,25.20202350616455,36.04563093185425,1379,0.4337112994398922,0,0,TRUE,pair,384,2.8748113005422056,6.149269311977246,40,0,7.484375,2.8748113005422056,0.535772200440988,7.129103199986275,cpu,cuda:0,0,148.1523438,48
2746,1,DDT500_num150.txt,fixed,2948,8,368.5,8.381526947021484,11.061234474182129,6.7350611061556265e-06,-5.426666667,-0.335761176,0.16083332896232605,0.01681186631321907,0.13333334028720856,0.18666666746139526,0.023541728034615517,0.034609997778066566,0.0005938012389898566,1.136517005307334,0.007271744789509934,0.025335534708574414,0.0003,1007,193,87.6925929566543,11.080339193344116,22.537095308303833,33.61743450164795,1432,0.4532255986123346,0,0,TRUE,pair,383,2.872785000305157,6.01594301326304,40,0,7.697127937336814,2.872785000305157,0.5369360008626245,7.363153800310101,cpu,cuda:0,0,148.15478515625,48
2747,1,DDT500_num150.txt,fixed,2939,8,367.375,11.757311820983887,10.976089477539062,8.09921675681835e-06,-5.293333333,-0.326509617,0.1691666543483734,0.014117562212049961,0.15333333611488342,0.20000000298023224,-0.03110167,-0.0203552,0.0006924794967441509,1.1092709352572758,0.004396419484130831,0.015600136442420384,0.0003,997,203,59.74516952310804,10.996322870254517,38.19593858718872,49.19226145744324,1429,0.4458089000545442,0,0,TRUE,pair,383,2.855792899557855,5.942497448841704,40,0,7.673629242819843,2.855792899557855,0.5322233982151374,7.303062595892698,cpu,cuda:0,0,148.15283203125,49
2748,1,DDT500_num150.txt,fixed,2911,8,363.875,12.363631248474121,10.944207191467285,7.659138645976782e-06,-5.24,-0.336419569,0.17249998450279236,0.011755612678825855,0.15333333611488342,0.19333332777023315,-0.021467625,-0.010558673,0.000633793679298833,1.122584770123164,0.009323518229696978,0.01547774071029077,0.0003,993,207,86.16847358632255,10.961650133132935,22.821007013320923,33.78265714645386,1419,0.44812860037200153,0,0,TRUE,pair,380,2.8492331999586895,5.969426313490034,45,0,7.660526315789474,2.8492331999586895,0.535909297701437,7.189301998587325,cpu,cuda:0,0,148.15283203125,49
2749,1,DDT500_num150.txt,fixed,2872,8,359,12.678722381591797,10.776637077331543,8.395584700338077e-06,-5.613333333,-0.38066532,0.14916667342185974,0.017931196838617325,0.12666666507720947,0.18000000715255737,-0.010661938,0.00014691435111065707,0.0007941505488512727,1.1205928673346837,0.0038958313731806507,0.022066693287342787,0.0003,1021,179,58.07114999001354,10.796317100524902,38.66025471687317,49.45657181739807,1436,0.44107839959906414,0,0,TRUE,pair,377,2.8006287994794548,5.981545960836756,50,0,7.618037135278515,2.8006287994794548,0.5267039996106178,7.090706698014401,cpu,cuda:0,0,148.1523438,50
2750,1,DDT500_num150.txt,fixed,2982,8,372.75,7.275815963745117,11.154877662658691,5.849763965670718e-06,-5.346666667,-0.362071119,0.16583333909511566,0.013514394871890545,0.14666666090488434,0.19333332777023315,0.009221378558625778,0.019731874150844913,0.0006798147721080264,1.085040380557378,0.0036640915726214494,0.0205275037442334,0.0003,1001,199,59.27760154251445,11.175670623779297,39.13000845909119,50.30567908287048,1460,0.4559710002504289,0,0,TRUE,pair,387,2.906679500360042,5.704896043004164,30,0,7.705426356589148,2.906679500360042,0.5367859016405419,7.421609601122327,cpu,cuda:0,0,148.15478515625,50
2751,1,DDT500_num150.txt,fixed,2899,8,362.375,9.366662979125977,10.885279655456543,4.955436907039257e-06,-5.533333333,-0.374530451,0.15416665375232697,0.01984313316643238,0.12666666507720947,0.19333332777023315,-0.011358305,-0.000595296,0.0008031845669999408,1.1164603183666866,0.005649373157211812,0.022492713605364163,0.0003,1015,185,57.38376487745965,10.90528392791748,39.6142315864563,50.51951551437378,1435,0.4490292007685639,0,0,TRUE,pair,377,2.823076799570117,6.0144877528354765,45,0,7.689655172413793,2.823076799570117,0.5308859002543613,7.246027700835839,cpu,cuda:0,0,148.15283203125,51
2752,1,DDT500_num150.txt,fixed,2902,8,362.75,13.571569442749023,10.94447135925293,8.395584700338077e-06,-5.44,-0.35216942,0.1599999964237213,0.010540926828980446,0.14000000059604645,0.18000000715255737,-0.031146982,-0.02035034,0.0006360775842040312,1.1114679475625355,0.0040155402402888285,0.026105277705937624,0.0003,1008,192,58.81288353534758,10.964717864990234,38.378212213516235,49.34293007850647,1415,0.5370461996062659,0,0,TRUE,pair,384,2.8459992994903587,5.8714679533000815,50,0,7.557291666666667,2.8459992994903587,0.534857698250562,7.277781901299022,cpu,cuda:0,0,148.15283203125,52
2753,1,DDT500_num150.txt,fixed,2906,8,363.25,12.930100440979004,10.997912406921387,7.294205715879798e-06,-5.32,-0.317400006,0.16750000417232513,0.019561156630516052,0.14000000059604645,0.19333332777023315,-0.009846023,0.000791899588269492,0.001093871741128775,1.1184859871864319,0.004510902621101802,0.0356498493347317,0.0003,999,201,57.42619804660379,11.01717495918274,39.58690643310547,50.60408139228821,1414,0.4530635003466159,0,0,TRUE,pair,380,2.846572501119226,6.105299378704877,35,0,7.647368421052631,2.846572501119226,0.541737700055819,7.319022801646497,cpu,cuda:0,0,148.15283203125,52
2754,1,DDT500_num150.txt,fixed,2862,8,357.75,8.150919914245605,10.764172554016113,6.406321062968345e-06,-5.52,-0.327112741,0.1549999862909317,0.014433757402002811,0.14000000059604645,0.18666666746139526,-0.017747615,-0.006746897,0.0008295720753570397,1.1415502150853476,0.005619203125267328,0.019689915732791028,0.0003,1014,186,78.81359205322818,10.783368587493896,25.53016471862793,36.313533306121826,1384,0.43424679996678606,0,0,TRUE,pair,373,2.794368400296662,6.099231305778818,35,0,7.672922252010724,2.794368400296662,0.5317525975988247,7.156756799726281,cpu,cuda:0,0,148.1523438,52
2755,1,DDT500_num150.txt,fixed,2886,8,360.75,15.441421508789062,10.896318435668945,6.424042567232391e-06,-5.44,-0.332576349,0.1599999964237213,0.005773503798991442,0.15333333611488342,0.1666666716337204,-0.007853718,0.0030543981993105263,0.0006170619223363852,1.1216648320357006,0.0035771550588682053,0.02697635151950332,0.0003,1008,192,57.317795171026624,10.915753602981567,39.43510150909424,50.350855112075806,1395,0.44520160101819783,0,0,TRUE,pair,391,2.8325863003265113,6.064795564547729,45,0,7.381074168797954,2.8325863003265113,0.53853020130191,7.238182000350207,cpu,cuda:0,0,148.15283203125,49
2756,1,DDT500_num150.txt,fixed,2903,8,362.875,10.635289192199707,10.916906356811523,6.71815996611258e-06,-5.28,-0.309376247,0.16999998688697815,0.025166114792227745,0.14000000059604645,0.2199999988079071,-0.021097342,-0.010189117,0.00063255711839619,1.1224503788081082,0.006284099473305105,0.025039810644970698,0.0003,996,204,61.01923712466089,10.936116456985474,36.63904404640198,47.57516050338745,1428,0.4473416994442232,0,0,TRUE,pair,378,2.836532699991949,6.245952461737417,50,0,7.6798941798941796,2.836532699991949,0.5374513976857997,7.257344500743784,cpu,cuda:0,0,148.15283203125,44
2757,1,DDT500_num150.txt,fixed,2913,8,364.125,12.51436710357666,10.988960266113281,8.616118975623976e-06,-5.32,-0.306895629,0.16749998927116394,0.012219068594276905,0.14666666090488434,0.18000000715255737,-0.009775714,0.0010789155882472794,0.0005335549285518937,1.1121407995621364,0.004731430137326242,0.028814967954531312,0.0003,999,201,58.62426539661642,11.009223699569702,38.68009829521179,49.689321994781494,1428,0.44356620020698756,0,0,TRUE,pair,378,2.8452934993547387,6.1963611414372775,54,0,7.7063492063492065,2.8452934993547387,0.5431214010459371,7.31187670188956,cpu,cuda:0,0,148.15283203125,41
2758,1,DDT500_num150.txt,fixed,2880,8,360,8.83176040649414,10.807854652404785,5.791167041024892e-06,-5.426666667,-0.325117206,0.16083332896232605,0.011273126117885113,0.14000000059604645,0.18000000715255737,-0.025818147,-0.015031897,0.0005894830240868032,1.108099138736725,0.008024067479418591,0.05327276140451431,0.0003,1007,193,60.139182759701576,10.82643175125122,37.062479734420776,47.888911485672,1405,0.5098639992065728,0,0,TRUE,pair,371,2.792222700198181,6.199652778357267,50,0,7.762803234501348,2.792222700198181,0.5351380000938661,7.195758499670774,cpu,cuda:0,0,148.1523438,40
2759,1,DDT500_num150.txt,fixed,2917,8,364.625,8.184398651123047,11.036282539367676,5.6721578403085005e-06,-5.346666667,-0.305774314,0.16583332419395447,0.012219063006341457,0.15333333611488342,0.19333332777023315,-0.006379222,0.004632576121366583,0.0005819686836427233,1.1302782446146011,0.0039061147760245754,0.022486285102786496,0.0003,1001,199,58.25030519816634,11.056420087814331,39.02057075500488,50.076990842819214,1426,0.5370655994047411,0,0,TRUE,pair,376,2.8456986994715407,6.244429208662643,35,0,7.757978723404255,2.8456986994715407,0.5459002990392037,7.353260100411717,cpu,cuda:0,0,148.15283203125,40
2760,1,DDT500_num150.txt,fixed,2924,8,365.5,10.344079971313477,11.033138275146484,7.008046395640122e-06,-5.413333333,-0.334742905,0.1616666615009308,0.015898987650871277,0.14000000059604645,0.18666666746139526,-0.0489744,-0.038655359,0.0011045084465877153,1.087129145860672,0.004961964091611056,0.012143931351602077,0.0003,1006,194,83.11576851507247,16.46863055229187,18.71121621131897,35.17984676361084,1421,0.45189450099132955,0,0,TRUE,pair,384,2.949597099213861,5.9699042400322275,35,0,7.614583333333333,2.949597099213861,0.537283800134901,7.256807099503931,cpu,cuda:0,0,148.15283203125,40
2761,1,DDT500_num150.txt,fixed,2944,8,368,12.359207153320312,11.093254089355469,8.272815648524556e-06,-5.373333333,-0.347438084,0.164166659116745,0.014883811585605145,0.14000000059604645,0.18666666746139526,-0.003547811,0.007180504035204649,0.0011415809579678655,1.12991064786911,0.0074454220848565456,0.05123913766389402,0.0003,1003,197,58.98107954956184,11.113980531692505,38.800331354141235,49.91431188583374,1442,0.5316971006104723,0,0,TRUE,pair,382,2.871285999834072,6.008152174722889,30,0,7.706806282722513,2.871285999834072,0.5370274991146289,7.3960831018630415,cpu,cuda:0,0,148.15283203125,42
2762,1,DDT500_num150.txt,fixed,2954,8,369.25,7.595228672027588,11.103901863098145,6.503191798401531e-06,-5.2,-0.349072318,0.17500001192092896,0.010929062962532043,0.1599999964237213,0.19333332777023315,0.00687279345999871,0.01777764968574047,0.0006115763861175981,1.1210643904549735,0.01106274176535884,0.033206455276480744,0.0003,990,210,64.95384545684198,11.123037815093994,34.355408906936646,45.47844672203064,1429,0.45160520006902516,0,0,TRUE,pair,379,2.884960700001102,6.011848340182992,48,0,7.794195250659631,2.884960700001102,0.5443682977347635,7.382905898208264,cpu,cuda:0,0,148.15478515625,44
2763,1,DDT500_num150.txt,fixed,2996,8,374.5,13.057564735412598,11.204546928405762,6.843900791864144e-06,-5.186666667,-0.339619643,0.1758333295583725,0.014117562212049961,0.14666666090488434,0.19333332777023315,-0.027817406,-0.017193073,0.0005314820361187836,1.089007427295049,0.009409920062050029,0.03541451141548654,0.0003,989,211,64.32706588678964,11.224436044692993,35.35004949569702,46.574485540390015,1441,0.5453542987816036,0,0,TRUE,pair,401,2.9246163010247983,5.8511348462232124,40,0,7.471321695760598,2.9246163010247983,0.534621900471393,7.454892001871485,cpu,cuda:0,0,148.15478515625,45
2764,1,DDT500_num150.txt,fixed,2867,8,358.375,16.247596740722656,10.833258628845215,8.895282007870264e-06,-5.546666667,-0.347028935,0.15333332121372223,0.009428090415894985,0.14000000059604645,0.1733333319425583,-0.013952699,-0.00266953,0.0006834828223376958,1.1624911590055986,0.007961807328353065,0.048109083965590056,0.0003,1016,184,59.92479542976736,10.854114055633545,36.98918652534485,47.843300580978394,1450,0.45894609933020547,0,0,TRUE,pair,375,2.8045882000005804,6.155563303265873,40,0,7.645333333333333,2.8045882000005804,0.5311086988076568,7.212281300628092,cpu,cuda:0,0,148.1523438,46
2765,1,DDT500_num150.txt,fixed,2946,8,368.25,10.485108375549316,11.119745254516602,6.843900791864144e-06,-5.266666667,-0.309858757,0.17083331942558289,0.016308654099702835,0.14666666090488434,0.19333332777023315,0.0384550005197525,0.04955639094114304,0.0011973626795224845,1.170007014274597,0.013935808604583145,0.01612839810550213,0.0003,995,205,144.54055752673256,11.139454364776611,9.242368221282959,20.38182258605957,1453,0.4625218995497562,0,0,TRUE,pair,387,2.8988211997202598,6.078750847718057,50,0,7.612403100775194,2.8988211997202598,0.543314499722328,7.384844098531175,cpu,cuda:0,0,148.15478515625,46
2766,1,DDT500_num150.txt,fixed,2911,8,363.875,7.253232002258301,10.972810745239258,6.30796284895041e-06,-5.44,-0.328945024,0.15999998152256012,0.01666666753590107,0.14000000059604645,0.18666666746139526,-0.030633889,-0.019996653,0.0016740615775978024,1.1474267461083152,0.010336303122378675,0.03214400229890915,0.0003,1008,192,62.460754297051615,10.99263596534729,35.61262893676758,46.60526490211487,1440,0.4506103014573455,0,0,TRUE,pair,376,2.8422009997302666,6.0851940913775335,45,0,7.742021276595745,2.8422009997302666,0.5390817992738448,7.303691099921707,cpu,cuda:0,0,148.15283203125,47
2767,1,DDT500_num150.txt,fixed,2930,8,366.25,12.823318481445312,10.98568344116211,8.375248398806434e-06,-5.373333333,-0.329948701,0.164166659116745,0.010507935658097267,0.14666666090488434,0.18000000715255737,-0.021037415,-0.010046921,0.0006435969335143454,1.1312293112277985,0.004867172318275455,0.0266901415210062,0.0003,1003,197,57.35815895727828,11.00533127784729,40.0772008895874,51.08253216743469,1430,0.5328615988255478,0,0,TRUE,pair,394,2.8578826991142705,6.105802047456084,40,0,7.436548223350254,2.8578826991142705,0.5366163993021473,7.3049754006788135,cpu,cuda:0,0,148.15283203125,48
2768,1,DDT500_num150.txt,fixed,2971,8,371.375,9.259285926818848,11.195024490356445,7.016152721917024e-06,-5.306666667,-0.320069473,0.16833333671092987,0.01964971050620079,0.13333334028720856,0.20000000298023224,-0.018576856,-0.00746037,0.0006010432844050229,1.1417008468082972,0.0051289698402840825,0.03289333402755715,0.0003,998,202,58.9464447581615,11.216662406921387,39.185020208358765,50.40168261528015,1445,0.537954299710691,0,0,TRUE,pair,389,2.904818599985447,6.139683607329989,65,0,7.637532133676093,2.904818599985447,0.5428199996240437,7.456544500775635,cpu,cuda:0,0,148.15478515625,49
2769,1,DDT500_num150.txt,fixed,2939,8,367.375,7.1578192710876465,11.079845428466797,5.6721578403085005e-06,-5.493333333,-0.33698565,0.15666666626930237,0.018257420510053635,0.12666666507720947,0.18666666746139526,-0.022425015,-0.011388085,0.0006141605956058594,1.1344011170523507,0.003609029017666,0.02243579304333599,0.0003,1012,188,58.96261820083682,11.100228786468506,38.744911909103394,49.8451406955719,1433,0.4520536999916658,0,0,TRUE,pair,378,2.854125499725342,6.197686286230565,45,0,7.775132275132275,2.854125499725342,0.5433028995175846,7.391596999950707,cpu,cuda:0,0,148.15283203125,50
2770,1,DDT500_num150.txt,fixed,2960,8,370,17.27715301513672,11.165299415588379,1.0571384336799383e-05,-5.2,-0.311550704,0.17500001192092896,0.01755942404270172,0.14666666090488434,0.19333332777023315,-0.050686648,-0.039812246,0.0009899940256824873,1.1369399031003316,0.004424706725027742,0.025851502742928762,0.0003,990,210,59.3813676233472,11.184429168701172,38.662856578826904,49.847285747528076,1416,0.4590860999887809,0,0,TRUE,pair,390,2.899623000063002,6.171621621218888,40,0,7.589743589743589,2.899623000063002,0.5484608004335314,7.423265101155266,cpu,cuda:0,0,148.15478515625,51
2771,1,DDT500_num150.txt,fixed,2906,8,363.25,15.056144714355469,11.0699462890625,9.608002073946409e-06,-5.506666667,-0.343393517,0.15583331882953644,0.007406831718981266,0.14666666090488434,0.1666666716337204,-0.028079564,-0.01709892,0.0007983106636227324,1.1379799476036658,0.009398904179061692,0.018591791230182234,0.0003,1013,187,89.89374320047813,11.089457988739014,21.237597227096558,32.32705521583557,1436,0.4791963996249251,0,0,TRUE,pair,385,2.9652656007674523,6.4002064717529725,70,0,7.548051948051948,2.9652656007674523,0.5430313004762866,7.269412899098825,cpu,cuda:0,0,148.15283203125,50
2772,1,DDT500_num150.txt,fixed,2991,8,373.875,12.751837730407715,11.284743309020996,6.069146365916822e-06,-5.346666667,-0.335150841,0.16583332419395447,0.020395396277308464,0.13333334028720856,0.19333332777023315,-0.07547468,-0.064398452,0.0006583697731212641,1.1405412325492272,0.005455661182238076,0.02105714652973872,0.0003,1001,199,89.44024888434099,11.30502700805664,22.136293172836304,33.441320180892944,1440,0.4662275987211615,0,0,TRUE,pair,392,2.931043999560643,6.224339685484702,48,0,7.630102040816326,2.931043999560643,0.5519367005908862,7.5035495982156135,cpu,cuda:0,0,148.15478515625,51
2773,1,DDT500_num150.txt,fixed,2934,8,366.75,9.769211769104004,11.05781078338623,5.946142209722893e-06,-5.36,-0.328192046,0.16499999165534973,0.010408332571387291,0.14666666090488434,0.18000000715255737,-0.00538961,0.005879803832309942,0.0007598444850979528,1.16493355234464,0.004403950154179863,0.03080333350226283,0.0003,1002,198,58.794012306923534,11.077645540237427,38.825395345687866,49.90304088592529,1453,0.4532479000627063,0,0,TRUE,pair,385,2.8688836006913334,6.420245399098048,60,0,7.62077922077922,2.8688836006913334,0.5413317998754792,7.357344399089925,cpu,cuda:0,0,148.15283203125,51
2774,1,DDT500_num150.txt,fixed,2916,8,364.5,11.169154167175293,10.99026870727539,7.410178113786969e-06,-5.413333333,-0.3197202,0.1616666465997696,0.017559422180056572,0.14000000059604645,0.19333332777023315,-0.005586742,0.005813852262993653,0.0006960111531952862,1.1748600006103516,0.003383037126089524,0.03667289713242402,0.0003,1006,194,58.393141784938024,11.010248184204102,38.927123069763184,49.937371253967285,1433,0.4570300987106748,0,0,TRUE,pair,378,2.8612612992874347,6.234910835209207,55,0,7.714285714285714,2.8612612992874347,0.5383048002840951,7.301462597795762,cpu,cuda:0,0,148.15283203125,51
2775,1,DDT500_num150.txt,fixed,2968,8,371,11.800423622131348,11.212776184082031,6.4417154135298915e-06,-5.346666667,-0.312839935,0.16583332419395447,0.01543354894965887,0.14000000059604645,0.19333332777023315,-0.073760313,-0.062683044,0.0008249579138161304,1.1489747961362202,0.0034328410462573324,0.02615490152190129,0.0003,1001,199,56.739629429479706,11.23196816444397,41.07715034484863,52.3091185092926,1453,0.46623159939190373,0,0,TRUE,pair,388,2.9109147000708617,6.2435983821870185,48,0,7.649484536082475,2.9109147000708617,0.5532634011469781,7.45173550239997,cpu,cuda:0,0,148.15478515625,52
2776,1,DDT500_num150.txt,fixed,2962,8,370.25,9.536115646362305,11.184160232543945,6.785511686757673e-06,-5.4,-0.321619042,0.16249999403953552,0.0066143786534667015,0.15333333611488342,0.1733333319425583,-0.00389317,0.007247011931169601,0.000717413338688424,1.1498889525731404,0.0034837672640042868,0.01972680263930843,0.0003,1005,195,58.41552284615593,11.20393443107605,39.501765966415405,50.705700397491455,1435,0.5403558014659211,0,0,TRUE,pair,381,2.88436399953207,6.287643481315108,60,0,7.774278215223097,2.88436399953207,0.5476352012483403,7.4590214001364075,cpu,cuda:0,0,148.15478515625,49
2777,1,DDT500_num150.txt,fixed,2920,8,365,10.024969100952148,11.004280090332031,6.040982952981722e-06,-5.4,-0.314840501,0.16249997913837433,0.01151689700782299,0.14666666090488434,0.18666666746139526,-0.010393681,0.00041500083170831203,0.0009123861636908259,1.1264875382184982,0.01041860466284561,0.04140238746185787,0.0003,1005,195,77.99565973265926,11.024005889892578,26.41397476196289,37.43798065185547,1421,0.45247979991836473,0,0,TRUE,pair,387,2.856766899523791,6.226027397096973,45,0,7.545219638242894,2.856766899523791,0.5366360996849835,7.321982201945502,cpu,cuda:0,0,148.15283203125,44
2778,1,DDT500_num150.txt,fixed,2909,8,363.625,8.320719718933105,11.02570629119873,6.35285960015608e-06,-5.44,-0.340368136,0.1599999964237213,0.012018507346510887,0.14000000059604645,0.18000000715255737,-0.005151297,0.005778037865335743,0.000851401960971998,1.1355037242174149,0.005482615280319199,0.03060579717081661,0.0003,1008,192,56.83247078803964,11.04470419883728,40.14082336425781,51.18552756309509,1435,0.4641695997561328,0,0,TRUE,pair,377,2.86238970013801,6.339979374765243,50,0,7.7161803713527854,2.86238970013801,0.5412300985190086,7.332380400388502,cpu,cuda:0,0,148.15283203125,42
2779,1,DDT500_num150.txt,fixed,2952,8,369,11.146748542785645,11.106592178344727,6.692728220514255e-06,-5.413333333,-0.339250552,0.1616666615009308,0.016244659200310707,0.14000000059604645,0.18666666746139526,-0.017224485,-0.006121123,0.0006202426823923209,1.1413483321666718,0.0052500388475493764,0.02506261184074295,0.0003,1006,194,55.98502972937629,11.127217292785645,41.60116410255432,52.728381395339966,1470,0.5370054008089937,0,0,TRUE,pair,387,2.8847159996512346,6.204607046312756,40,0,7.627906976744186,2.8847159996512346,0.5403673007385805,7.392270803218707,cpu,cuda:0,0,148.15478515625,40
2780,1,DDT500_num150.txt,fixed,2922,8,365.25,10.790620803833008,11.022234916687012,6.388550445990404e-06,-5.453333333,-0.332670062,0.15916666388511658,0.015069286338984966,0.12666666507720947,0.1733333319425583,-0.011211629,-6.78E-05,0.000647967840147127,1.1467764973640442,0.0035921991858695415,0.029598296134887885,0.0003,1009,191,56.670860458469626,11.041351795196533,40.51853823661804,51.56088995933533,1443,0.533402199158445,0,0,TRUE,pair,383,2.845761899021454,6.383641341302103,40,0,7.629242819843342,2.845761899021454,0.545165301009547,7.341109899629373,cpu,cuda:0,0,148.15283203125,40
2781,1,DDT500_num150.txt,fixed,3013,8,376.625,11.123595237731934,14.804830551147461,7.364008524746168e-06,-5.293333333,-0.309492021,0.1691666692495346,0.01823839172720909,0.14000000059604645,0.18666666746139526,0.00802636912299527,0.019040384476452513,0.0005757736346115255,1.1301900700286582,0.00566049534784354,0.04141227176619901,0.0003,997,203,46.25117568046454,14.82414436340332,50.32014560699463,65.14428997039795,1479,0.7203715984360315,0,0,TRUE,pair,398,4.917761099815834,6.069034185118348,60,0,7.5703517587939695,4.917761099815834,0.600318601122126,8.677344099269249,cpu,cuda:0,0,148.1552734,43
2782,1,DDT500_num150.txt,fixed,3028,8,378.5,6.480740547180176,13.474346160888672,6.003226644679671e-06,-5.293333333,-0.326598064,0.1691666692495346,0.01823839172720909,0.14000000059604645,0.20000000298023224,-0.008740314,0.0019671675507669096,0.0007063678338589078,1.1060665514734056,0.004811227049433203,0.027419113588553888,0.0003,997,203,49.077462489552204,13.493247032165527,48.20513439178467,61.698381423950195,1453,0.5187670009909198,0,0,TRUE,pair,386,4.2921672990196384,5.9349405538768085,40,0,7.844559585492228,4.2921672990196384,0.6543944992008619,8.188356999773532,cpu,cuda:0,0,148.1552734,46
2783,1,DDT500_num150.txt,fixed,2887,8,360.875,10.682198524475098,11.140734672546387,8.035802238737233e-06,-5.346666667,-0.30454352,0.16583332419395447,0.01839006319642067,0.14666666090488434,0.20000000298023224,-0.01350036,-0.002398362,0.0006170509279602104,1.141052458021376,0.006901820256542932,0.019821272800780006,0.0003,1001,199,87.1121591753964,11.159020900726318,21.98216199874878,33.1411828994751,1395,0.443471098493319,0,0,TRUE,pair,376,3.0067184003419243,6.19570488511876,40,0,7.678191489361702,3.0067184003419243,0.5390559013467282,7.3072702015633695,cpu,cuda:0,0,148.15283203125,47
2784,1,DDT500_num150.txt,fixed,2962,8,370.25,11.14394474029541,11.845589637756348,6.05977311352035e-06,-5.253333333,-0.311510678,0.17166666686534882,0.01848422735929489,0.12666666507720947,0.19333332777023315,-0.007642745,0.0032527709291094824,0.0006287037990876429,1.1209867057346163,0.004859204962572437,0.021778861315743553,0.0003,994,206,49.86402285695589,11.862804412841797,47.53874063491821,59.40154504776001,1435,0.4783317997935228,0,0,TRUE,pair,382,3.4428502999944612,6.149223496348853,50,0,7.7539267015706805,3.4428502999944612,0.5699729010812007,7.5299919989774935,cpu,cuda:0,0,148.15478515625,49
2785,1,DDT500_num150.txt,fixed,2920,8,365,9.165151596069336,13.962933540344238,6.406321062968345e-06,-5.333333333,-0.331877542,0.1666666567325592,0.021343747153878212,0.12666666507720947,0.19333332777023315,-0.001965458,0.009033155540237203,0.0007357705787095862,1.1366499960422516,0.009863926173087142,0.0360262175090611,0.0003,1000,200,48.05793813824334,13.981627464294434,46.77836585044861,60.75999331474304,1423,0.6189520999323577,0,0,TRUE,pair,385,4.9038746996666305,6.205821916420166,40,0,7.584415584415584,4.9038746996666305,0.6956675991532393,8.025897201208863,cpu,cuda:0,0,148.15283203125,51
2786,1,DDT500_num150.txt,fixed,2939,8,367.375,7.999023438,13.883588790893555,6.134357590781292e-06,-5.373333333,-0.319180044,0.16416668891906738,0.011989581398665905,0.14666666090488434,0.18000000715255737,7.212581112980843e-05,0.011082371386388937,0.0005969095958183365,1.1308699945608776,0.006516282951148848,0.04012889238462473,0.0003,1003,197,47.04344105949516,13.908466339111328,48.56570506095886,62.47417140007019,1441,0.5377823007875122,0,0,TRUE,pair,379,4.649487799964845,6.245321537532463,60,0,7.754617414248021,4.649487799964845,0.7057398017495871,8.187889799883123,cpu,cuda:0,0,148.15283203125,51
2787,1,DDT500_num150.txt,fixed,2932,8,366.5,15.378556251525879,13.537262916564941,6.860492248961236e-06,-5.32,-0.319952118,0.16749998927116394,0.01681186631321907,0.14000000059604645,0.19333332777023315,-0.006009947,0.00480703260594358,0.0005924777481898976,1.1113218168417613,0.004106523238685138,0.027178967914854486,0.0003,999,201,47.441399683739675,13.556135177612305,48.24642586708069,61.80256104469299,1406,0.49622889957390726,0,0,TRUE,pair,386,4.75454199971864,6.112210095335322,40,0,7.595854922279793,4.75454199971864,0.6745315009611659,7.774140699475538,cpu,cuda:0,0,148.15283203125,45
2788,1,DDT500_num150.txt,fixed,2926,8,365.75,11.691343307495117,12.948395729064941,7.950464350869879e-06,-5.133333333,-0.307789486,0.17916664481163025,0.0171391349285841,0.15333333611488342,0.20666666328907013,-0.019120833,-0.008132544,0.0006166253151604906,1.1296602636575699,0.005345572373698815,0.04216260786051862,0.0003,985,215,47.248991449016565,12.966335535049438,48.960912227630615,61.927247762680054,1405,0.5051245002541691,0,0,TRUE,pair,387,4.046429099806119,6.110047847215883,44,0,7.560723514211887,4.046429099806119,0.6502645017462783,7.926136201131158,cpu,cuda:0,0,148.15283203125,43
2789,1,DDT500_num150.txt,fixed,2982,8,372.75,9.337424278259277,13.028575897216797,4.238221208652249e-06,-5.32,-0.325607885,0.16750000417232513,0.01351439394056797,0.15333333611488342,0.19333332777023315,0.007718022330664098,0.018568303901702166,0.00052799920013058,1.1114281564950943,0.00356873569671734,0.018588563213900972,0.0003,999,201,47.79634885753048,13.048039197921753,49.34166359901428,62.389702796936035,1443,0.5896811001584865,0,0,TRUE,pair,390,4.201517700043041,6.076123406069939,32,0,7.6461538461538465,4.201517700043041,0.6406554993591271,7.861346998310182,cpu,cuda:0,0,148.15478515625,42
2790,1,DDT500_num150.txt,fixed,2896,8,362,9.219544410705566,12.48428726196289,7.294205715879798e-06,-5.346666667,-0.328060935,0.16583333909511566,0.01681186817586422,0.14000000059604645,0.18666666746139526,0.005615566042251885,0.016718380929281313,0.0005954451335128397,1.1400536571939786,0.006757991417543963,0.0360244574646155,0.0003,1001,199,49.13179069939951,12.502915859222412,46.440590143203735,58.94350600242615,1436,0.5094254011055455,0,0,TRUE,pair,375,3.8553792003076524,6.378453038838687,55,0,7.722666666666667,3.8553792003076524,0.6260360995074734,7.690168598201126,cpu,cuda:0,0,148.15283203125,41
2791,1,DDT500_num150.txt,fixed,2907,8,363.375,9.629868507385254,13.466329574584961,6.709693479933776e-06,-5.266666667,-0.326223819,0.17083331942558289,0.017300451174378395,0.14000000059604645,0.20000000298023224,-0.016692204,-0.005551106,0.0006091019673649931,1.1445649237859816,0.003600648176091324,0.024422992309111925,0.0003,995,205,48.412333494480905,13.490064144134521,46.556617975234985,60.04668211936951,1428,0.5128872002242133,0,0,TRUE,pair,379,4.521680600184482,6.381492948794554,40,0,7.670184696569921,4.521680600184482,0.6607791992719285,7.950996498519089,cpu,cuda:0,0,148.15283203125,41
2792,1,DDT500_num150.txt,fixed,2874,8,359.25,12.949420928955078,12.593063354492188,9.434871572011616e-06,-5.44,-0.348778599,0.1599999964237213,0.01598610356450081,0.14000000059604645,0.19333332777023315,-0.01224137,-0.001151181,0.00070138835802763,1.1440884726388114,0.003487351903459057,0.02592382382690197,0.0003,1008,192,47.04963132557236,12.612258911132812,48.47217297554016,61.084431886672974,1406,0.5069116976810619,0,0,TRUE,pair,374,3.8736220991122536,6.437369518754544,45,0,7.684491978609626,3.8736220991122536,0.6306434994912706,7.771218401147053,cpu,cuda:0,0,148.1523438,42
2793,1,DDT500_num150.txt,fixed,2942,8,367.75,13.03600788116455,12.018107414245605,7.64428114052862e-06,-5.333333333,-0.328632943,0.1666666567325592,0.014529661275446415,0.13333334028720856,0.18666666746139526,-0.01345384,-0.002536707,0.0008742036811514374,1.1354231974657845,0.005920701394857401,0.04003024775096599,0.0003,1000,200,60.58188638255681,12.035696029663086,36.52667427062988,48.56237030029297,1442,0.4831288001150824,0,0,TRUE,pair,392,3.5118980999686755,6.315771583632333,50,0,7.505102040816326,3.5118980999686755,0.615854000498075,7.5828537013730966,cpu,cuda:0,0,148.15283203125,45
2794,1,DDT500_num150.txt,fixed,2962,8,370.25,7.066647052764893,11.742753028869629,5.591411081695696e-06,-5.32,-0.364692643,0.16749998927116394,0.01613743044435978,0.14666666090488434,0.19333332777023315,-0.010190066,0.00099567093309902,0.0007896183219383515,1.1580546356382824,0.00492357838915528,0.03183662394682566,0.0003,999,201,49.91538389693827,11.761788606643677,47.57863450050354,59.34042310714722,1434,0.4720509991166182,0,0,TRUE,pair,381,3.2749133003526367,6.468264686666897,65,0,7.774278215223097,3.2749133003526367,0.5822117978823371,7.579452800739091,cpu,cuda:0,0,148.15478515625,46
2795,1,DDT500_num150.txt,fixed,2907,8,363.375,10.987919807434082,13.150077819824219,8.231485480791889e-06,-5.28,-0.381724492,0.17000000178813934,0.020548047497868538,0.14666666090488434,0.20666666328907013,-9.47E-05,0.010890105972066522,0.0010704104897740763,1.151999682188034,0.006594063234842906,0.031786862906301394,0.0003,996,204,67.6255243084442,13.169356107711792,29.817371606826782,42.986727714538574,1418,0.58446609985549,0,0,TRUE,pair,382,4.236688600212801,6.460956310709195,55,0,7.609947643979058,4.236688600212801,0.6389763008337468,7.952694000618067,cpu,cuda:0,0,148.15283203125,49
2796,1,DDT500_num150.txt,fixed,2925,8,365.625,9.525459289550781,13.240459442138672,6.726615993102314e-06,-5.4,-0.369450009,0.16249999403953552,0.016645824536681175,0.14000000059604645,0.18666666746139526,-0.058621298,-0.04753505,0.001106111169065116,1.1639306967457135,0.004827215693997762,0.04162904380549056,0.0003,1005,195,50.963162603012385,13.258679389953613,44.13571786880493,57.394397258758545,1408,0.5149543997831643,0,0,TRUE,pair,378,4.377053399512079,6.4635897421225526,40,0,7.738095238095238,4.377053399512079,0.6371901002130471,7.894354400457814,cpu,cuda:0,0,148.15283203125,49
2797,1,DDT500_num150.txt,fixed,2972,8,371.5,13.019216537475586,13.535290718078613,2.177846363338176e-05,-5.4,-0.343265418,0.16249997913837433,0.01288302056491375,0.14666666090488434,0.19333332777023315,-0.027204505,-0.017097346,0.0031063551214174367,1.1660334865252178,0.004808906215960936,0.03647217031296653,0.0003,1005,195,48.035145121189146,13.556801080703735,48.31456398963928,61.87136507034302,1482,0.5214368002489209,0,0,TRUE,pair,391,4.5399107011035085,6.407133243847664,40,0,7.601023017902813,4.5399107011035085,0.6621444032643922,7.994262999854982,cpu,cuda:0,0,148.15478515625,52
2798,1,DDT500_num150.txt,fixed,2949,8,368.625,6.872726917266846,13.648529052734375,3.6394580092746764e-05,-5.346666667,-0.352909717,0.16583335399627686,0.010240171104669571,0.15333333611488342,0.18666666746139526,0.004168762709014118,0.015650615217358183,0.0009285653965586486,1.194613556067149,0.00684647576175242,0.029813238128554076,0.0003,1001,199,47.82089495250034,13.667489290237427,48.00011444091797,61.667603731155396,1437,0.5297969009261578,0,0,TRUE,pair,379,4.633179799770005,6.432010852025298,45,0,7.781002638522428,4.633179799770005,0.6624600011855364,8.019794898980763,cpu,cuda:0,0,148.15478515625,47
2799,1,DDT500_num150.txt,fixed,2979,8,372.375,11.268733978271484,13.541230201721191,7.62939453125e-06,-5.226666667,-0.336682292,0.17333334684371948,0.017320508137345314,0.14666666090488434,0.20000000298023224,-0.022329867,-0.011079613,0.0008136658524606554,1.1657091208866663,0.004966399201380443,0.03219789388545212,0.0003,992,208,48.61598849315053,13.56337594985962,47.712761640548706,61.276137590408325,1444,0.60070060135331,0,0,TRUE,pair,393,4.446225300547667,6.223900636437357,45,0,7.580152671755725,4.446225300547667,0.6540232987026684,8.102791401499417,cpu,cuda:0,0,148.15478515625,44
2800,1,DDT500_num150.txt,fixed,2930,8,366.25,12.038999557495117,13.049100875854492,4.380418249638751e-05,-5.24,-0.358312507,0.17249999940395355,0.01681186445057392,0.15333333611488342,0.20666666328907013,0.043831105712646,0.05496089963708073,0.0008866283703052128,1.1573106522361438,0.003811948580429695,0.023667967432023335,0.0003,993,207,48.102673725523914,13.068145036697388,47.84323000907898,60.91137504577637,1447,0.5188348994124681,0,0,TRUE,pair,388,4.36797980038682,6.3457337884772755,45,0,7.551546391752577,4.36797980038682,0.6467860010452569,7.714856601029169,cpu,cuda:0,0,148.15283203125,42
2801,1,DDT500_num150.txt,fixed,2913,8,364.125,13.308244705200195,13.304373741149902,9.344062164018396e-06,-5.266666667,-0.369879262,0.17083331942558289,0.014883807860314846,0.15333333611488342,0.20666666328907013,-0.031815846,-0.020667651,0.0005754433441325091,1.1435917516549428,0.005504576511157211,0.03659927650975684,0.0003,995,205,48.85887134133487,13.325059652328491,46.294631481170654,59.62069773674011,1407,0.4996861998224631,0,0,TRUE,pair,384,4.450888000021223,6.427737730620778,55,0,7.5859375,4.450888000021223,0.6471957999747247,7.877194499655161,cpu,cuda:0,0,148.15283203125,41
2802,1,DDT500_num150.txt,fixed,2984,8,373,17.219175338745117,13.879837989807129,1.0587503311398905e-05,-5.4,-0.36908985,0.16249999403953552,0.010507933795452118,0.14000000059604645,0.1733333319425583,-0.048380309,-0.03780444,0.0007250098479904837,1.0938374733223635,0.007175194489986205,0.034199046409305406,0.0003,1005,195,63.11962389714676,13.898864269256592,33.37644910812378,47.27531337738037,1461,0.5327142993919551,0,0,TRUE,pair,397,4.863122000358999,6.255361928856725,55,0,7.516372795969773,4.863122000358999,0.6589587006019428,8.01820479973685,cpu,cuda:0,0,148.15478515625,41
2803,1,DDT500_num150.txt,fixed,2929,8,366.125,14.546799659729004,11.026165962219238,9.812886673898902e-06,-5.373333333,-0.384252536,0.164166659116745,0.013718399219214916,0.14000000059604645,0.18666666746139526,-0.020575334,-0.009455547,0.0006447911032212331,1.144218455190244,0.009520279901588092,0.04416993230014392,0.0003,1003,197,48.33233453094228,11.044254302978516,49.55699801445007,60.60125231742859,1441,0.5217451001517475,0,0,TRUE,pair,380,2.825380099588074,6.371799251169587,70,0,7.707894736842105,2.825380099588074,0.5348214998375624,7.3816861003870144,cpu,cuda:0,0,148.15283203125,41
2804,1,DDT500_num150.txt,fixed,2938,8,367.25,10.42533016204834,11.332194328308105,9.22775416256627e-06,-5.32,-0.376839814,0.16750000417232513,0.009090593084692955,0.15333333611488342,0.18000000715255737,-0.012524388,-0.001385939,0.000670739279788298,1.1473819265762966,0.0061711438102065586,0.035018033609958366,0.0003,999,201,48.915293975222326,11.35067629814148,48.71233797073364,60.06301426887512,1459,0.47966259822715074,0,0,TRUE,pair,384,3.0992213991703466,6.367597003223297,40,0,7.651041666666667,3.0992213991703466,0.5612735018366948,7.373003799992148,cpu,cuda:0,0,148.15283203125,42
2805,1,DDT500_num150.txt,fixed,2970,8,371.25,12.901065826416016,12.905823707580566,8.456300747639034e-06,-5.133333333,-0.371638895,0.17916664481163025,0.01613742858171463,0.15333333611488342,0.20000000298023224,-0.009873905,0.00140587562838426,0.0006473740706076989,1.1603467647845929,0.008438237897700254,0.03263742808037652,0.0003,985,215,74.36408093009916,12.925036430358887,27.01360011100769,39.93863654136658,1454,0.5096732989186421,0,0,TRUE,pair,389,4.100633799331263,6.376430976671803,45,0,7.634961439588689,4.100633799331263,0.6198244984843768,7.870037099579349,cpu,cuda:0,0,148.15478515625,45
2806,1,DDT500_num150.txt,fixed,2940,8,367.5,10.087120056152344,12.957715034484863,6.868772743473528e-06,-5.333333333,-0.394507243,0.1666666567325592,0.012909945100545883,0.14666666090488434,0.19333332777023315,-0.006353245,0.005046217779939373,0.0006998553641703135,1.1749390463034313,0.007486709824206628,0.044766409419632204,0.0003,1000,200,47.09522528863249,12.975858449935913,49.450852155685425,62.42671060562134,1459,0.5869234998244792,0,0,TRUE,pair,379,4.147446300426964,6.429591836653599,40,0,7.757255936675461,4.147446300426964,0.6470571004902013,7.839179103553761,cpu,cuda:0,0,148.15283203125,48
2807,1,DDT500_num150.txt,fixed,2925,8,365.625,13.142845153808594,12.367085456848145,9.141106602328364e-06,-5.346666667,-0.390662746,0.16583332419395447,0.015069284476339817,0.14666666090488434,0.18666666746139526,-0.014741062,-0.00291444,0.0007460185664794629,1.2199631872631254,0.004708551605376886,0.03731287969276309,0.0003,1001,199,47.20529505023571,12.387015581130981,49.576372146606445,61.96338772773743,1467,0.49728740146383643,0,0,TRUE,pair,381,3.7007485002977774,6.529914530974168,50,0,7.677165354330708,3.7007485002977774,0.6154675981961191,7.651456602616236,cpu,cuda:0,0,148.15283203125,50
2808,1,DDT500_num150.txt,fixed,2995,8,374.375,11.290898323059082,12.605913162231445,6.818937890784582e-06,-5.333333333,-0.3809364,0.1666666567325592,0.0081649674102664,0.15333333611488342,0.18000000715255737,-0.005504137,0.005407743949305128,0.0015868696392755265,1.1705320764470983,0.0038049245031372804,0.02752548131953787,0.0003,1000,200,48.11474980194321,12.624602794647217,49.62242150306702,62.24702429771423,1447,0.5049411003128625,0,0,TRUE,pair,390,3.8216576004051603,6.4757929888710954,45,0,7.67948717948718,3.8216576004051603,0.6132696993881837,7.850663601362612,cpu,cuda:0,0,148.15478515625,52
2809,1,DDT500_num150.txt,fixed,2930,8,366.25,7.933315753936768,12.476997375488281,5.6721578403085005e-06,-5.4,-0.319424998,0.16249999403953552,0.01288302056491375,0.13333334028720856,0.18000000715255737,-0.01704109,-0.006006548,0.0016942368958899308,1.1881661074502128,0.008231322879077024,0.03466444116617952,0.0003,1005,195,46.72268575935426,12.496362209320068,50.21407389640808,62.71043610572815,1461,0.5083827979397029,0,0,TRUE,pair,382,3.844835199881345,6.404778155857386,45,0,7.670157068062827,3.844835199881345,0.6180581000517122,7.701786398480181,cpu,cuda:0,0,148.15283203125,49
2810,1,DDT500_num150.txt,fixed,2964,8,370.5,16.101242065429688,12.025466918945312,8.252176485257223e-06,-5.306666667,-0.339927529,0.16833333671092987,0.01818118803203106,0.14666666090488434,0.20000000298023224,-0.042977935,-0.031419444,0.0008116563161214193,1.1964318752288818,0.006616807828928965,0.025976345990784466,0.0003,998,202,49.499181191599924,12.043868064880371,47.83591032028198,59.87977838516235,1439,0.4913685995270498,0,0,TRUE,pair,402,3.4243721999810077,6.412280700065185,50,0,7.373134328358209,3.4243721999810077,0.5855955982697196,7.709501199191436,cpu,cuda:0,0,148.15478515625,43
2811,1,DDT500_num150.txt,fixed,2831,8,353.875,10.191142082214355,12.209758758544922,7.54699294702732e-06,-5.56,-0.353193352,0.1524999886751175,0.013919413089752197,0.12666666507720947,0.1666666716337204,-0.015838714,-0.004185052,0.0011757304794931163,1.2241529176632564,0.006158456511911936,0.031054116911642875,0.0003,1017,183,46.56381635236445,12.232151985168457,48.566129207611084,60.79828119277954,1433,0.5950146003160626,0,0,TRUE,pair,372,3.7592056000139564,6.6654892274323645,45,0,7.610215053763441,3.7592056000139564,0.6030500994529575,7.5447173992870376,cpu,cuda:0,0,148.1523438,42
2812,1,DDT500_num150.txt,fixed,2925,8,365.625,9.123287200927734,12.15230941772461,6.910026968398597e-06,-5.36,-0.351288785,0.16499999165534973,0.008660254999995232,0.15333333611488342,0.18000000715255737,0.1432662345468998,0.1549166701734066,0.0006690975133096799,1.1984983682632446,0.010357281498727389,0.034246966359205544,0.0003,1002,198,138.81974502161157,12.172139406204224,8.898350238800049,21.070489645004272,1440,0.4822488003410399,0,0,TRUE,pair,382,3.67935029999353,6.503931625072773,50,0,7.657068062827225,3.67935029999353,0.5871235993108712,7.583087100763805,cpu,cuda:0,0,148.15283203125,42
2813,1,DDT500_num150.txt,fixed,2930,8,366.25,11.442792892456055,13.210707664489746,7.3330670602445025e-06,-5.413333333,-0.366088883,0.1616666615009308,0.014433757402002811,0.13333334028720856,0.18000000715255737,-0.013084493,-0.001297541,0.000726473719017425,1.2150188932816188,0.006658917545792065,0.03368715381172175,0.0003,1006,194,48.220604507862355,13.228896379470825,47.53351068496704,60.762407064437866,1441,0.6006080007064156,0,0,TRUE,pair,382,4.438294100749772,6.605460750771871,50,0,7.670157068062827,4.438294100749772,0.6358638004167005,7.817275398760103,cpu,cuda:0,0,148.15283203125,42
2814,1,DDT500_num150.txt,fixed,2956,8,369.5,9.082950592041016,13.425085067749023,2.0322999262134545e-05,-5.253333333,-0.32776797,0.17166666686534882,0.010408330708742142,0.15333333611488342,0.18666666746139526,-0.035248236,-0.023416138,0.0008900468819774687,1.2277121884482247,0.005758113837579177,0.04623706305089096,0.0003,994,206,48.07165645120209,13.447910070419312,48.04362607002258,61.491536140441895,1434,0.5196234003524296,0,0,TRUE,pair,384,4.601406200265046,6.365020297860906,60,0,7.697916666666667,4.601406200265046,0.6484574981732294,7.849090600560885,cpu,cuda:0,0,148.15478515625,41
2815,1,DDT500_num150.txt,fixed,2938,8,367.25,9.845684051513672,12.631673812866211,6.999930519668851e-06,-5.453333333,-0.336933473,0.15916666388511658,0.013096860609948635,0.13333334028720856,0.18000000715255737,-0.029374755,-0.017374067,0.0007260340448144985,1.236370527225992,0.008288983701039915,0.040987707735241755,0.0003,1009,191,49.16079102880228,12.650588989257812,47.11248517036438,59.76307415962219,1449,0.49994270014576614,0,0,TRUE,pair,382,3.974024000344798,6.578284547148796,45,0,7.69109947643979,3.974024000344798,0.6237552011734806,7.720556999265682,cpu,cuda:0,0,148.15283203125,41
2816,1,DDT500_num150.txt,fixed,2912,8,364,4.84768009185791,12.840926170349121,4.9209038479602896e-06,-5.48,-0.354692546,0.1574999988079071,0.016645822674036026,0.12666666507720947,0.18000000715255737,-0.015343931,-0.003428858,0.0006485325201148433,1.223933946518671,0.005173639275155784,0.03855279884079382,0.0003,1011,189,47.98746287736402,12.859292268753052,47.82322406768799,60.68251633644104,1429,0.6047253001015633,0,0,TRUE,pair,371,4.088753801188432,6.602678569709207,50,0,7.849056603773585,4.088753801188432,0.6529802992008626,7.777794299065135,cpu,cuda:0,0,148.15283203125,44
2817,1,DDT500_num150.txt,fixed,2958,8,369.75,10.13348388671875,13.237630844116211,7.040416221570922e-06,-5.546666667,-0.367813718,0.15333333611488342,0.008819174021482468,0.14000000059604645,0.1666666716337204,-0.066111658,-0.054223844,0.0009618010371923447,1.2368715893138538,0.02390588572201192,0.033079451860182664,0.0003,1016,184,89.5923422784082,13.25645923614502,19.7597553730011,33.01621460914612,1505,0.5361433993093669,0,0,TRUE,pair,385,4.328906599199399,6.54124408303442,50,0,7.683116883116883,4.328906599199399,0.6409014014643617,7.939765299495775,cpu,cuda:0,0,148.15478515625,46
2818,1,DDT500_num150.txt,fixed,2914,8,364.25,11.442792892456055,13.612716674804688,6.012687663314864e-06,-5.306666667,-0.34297721,0.16833333671092987,0.008660254999995232,0.1599999964237213,0.18666666746139526,-0.015045637,-0.003400589,0.0013735240849200637,1.23318110704422,0.013694771687733009,0.04732398702763021,0.0003,998,202,87.51419571446868,13.63487958908081,19.662575483322144,33.297455072402954,1460,0.6324078030302189,0,0,TRUE,pair,376,4.490536900586449,6.648592998495475,50,0,7.75,4.490536900586449,0.6626830990426242,8.123198300716467,cpu,cuda:0,0,148.15283203125,46
2819,1,DDT500_num150.txt,fixed,2810,8,351.25,8.377798080444336,12.495404243469238,5.83029714107397e-06,-5.573333333,-0.400209636,0.15166665613651276,0.013228755444288254,0.13333334028720856,0.1733333319425583,-0.040822258,-0.030138084,0.0035100221178833058,1.243918689814481,0.01113928302551027,0.03732078437778083,0.0003,1018,182,73.27793118629387,12.514394283294678,25.83275818824768,38.34715247154236,1390,0.574725101236254,0,0,TRUE,pair,361,4.031252399843652,6.863345194032608,60,0,7.78393351800554,4.031252399843652,0.6195854980032891,7.5270645981654525,cpu,cuda:0,0,148.1503906,49
2820,1,DDT500_num150.txt,fixed,2956,8,369.5,20.645822525024414,12.840795516967773,1.021589559968561e-05,-5.493333333,-0.2939338,0.15666666626930237,0.01632993295788765,0.12666666507720947,0.18666666746139526,-0.041445436,-0.030374199,0.0023064778579282574,1.2224478051066399,0.009836879682552535,0.05006001255242154,0.0003,1012,188,68.00097085302453,12.862224102020264,30.607743501663208,43.46996760368347,1479,0.6041902988217771,0,0,TRUE,pair,396,4.122540999902412,6.580514205728074,50,0,7.4646464646464645,4.122540999902412,0.6275706997257657,7.773429400695022,cpu,cuda:0,0,148.15478515625,50
2821,1,DDT500_num150.txt,fixed,2867,8,358.375,12.864072799682617,13.56049633026123,6.709693479933776e-06,-5.626666667,-0.329034817,0.1483333259820938,0.010408329777419567,0.12666666507720947,0.1599999964237213,-0.004904559,0.006988562721138199,0.0007814047276042402,1.2283823589483898,0.007472698304278917,0.044112169271102175,0.0003,1022,178,48.4760025825446,13.579364538192749,45.5633008480072,59.14266538619995,1437,0.6293588016997091,0,0,TRUE,pair,374,4.573253800102975,6.538542029663874,55,0,7.665775401069519,4.573253800102975,0.6525963028543629,8.003563203848898,cpu,cuda:0,0,148.1523438,52
2822,1,DDT500_num150.txt,fixed,2946,8,368.25,11.008519172668457,13.422513008117676,6.468133960879641e-06,-5.413333333,-0.305230306,0.1616666615009308,0.016583126038312912,0.14000000059604645,0.20000000298023224,-0.023335571,-0.011440024,0.0005436936979614464,1.2167392798832484,0.011109986652887269,0.03392546708762113,0.0003,1006,194,73.96712251498498,13.447535276412964,26.38097095489502,39.82850623130798,1481,0.5165539998561144,0,0,TRUE,pair,390,4.614032400073484,6.617107942730734,70,0,7.553846153846154,4.614032400073484,0.6306728983763605,7.8535803990089335,cpu,cuda:0,0,148.15478515625,53
2823,1,DDT500_num150.txt,fixed,2927,8,365.875,17.302005767822266,13.478739738464355,9.28302870306652e-06,-5.253333333,-0.285529477,0.17166665196418762,0.01589898392558098,0.15333333611488342,0.19333332777023315,0.09552460049207394,0.10727355199364516,0.0010942769272682758,1.2296087375053992,0.009849215087552484,0.0321506170126108,0.0003,994,206,76.90479608473306,13.501384973526001,24.55866003036499,38.06004500389099,1439,0.5256378011545166,0,0,TRUE,pair,385,4.656567100435495,6.472839084549654,55,0,7.602597402597403,4.656567100435495,0.6203947027679533,7.878096799715422,cpu,cuda:0,0,148.15283203125,47
2824,1,DDT500_num150.txt,fixed,2866,8,358.25,9.575359344482422,13.85706615447998,7.1921840572031215e-06,-5.44,-0.320977478,0.1599999964237213,0.014907121658325195,0.14000000059604645,0.18000000715255737,-0.022417708,-0.010375959,0.0007408917257894895,1.2412193616231282,0.005546752789260132,0.03835179834138779,0.0003,1008,192,47.80603673105443,13.875462293624878,46.07512545585632,59.9505877494812,1457,0.5427305997582152,0,0,TRUE,pair,372,4.8222806002013385,6.598394975242961,45,0,7.704301075268817,4.8222806002013385,0.6775111005408689,8.025425397907384,cpu,cuda:0,0,148.1523438,44
2825,1,DDT500_num150.txt,fixed,2906,8,363.25,7.428829193115234,11.436031341552734,4.62310799775878e-06,-5.506666667,-0.318472824,0.15583333373069763,0.013307268731296062,0.14000000059604645,0.18000000715255737,-0.098974326,-0.086875539,0.0005637013370384617,1.2380637278159459,0.005864381466077854,0.04052426180957506,0.0003,1013,187,46.850786077570056,11.454499006271362,50.572208404541016,62.02670741081238,1413,0.462544200301636,0,0,TRUE,pair,371,3.1250160998897627,6.5609084646700175,48,0,7.83288409703504,3.1250160998897627,0.5785343975876458,7.431071799190249,cpu,cuda:0,0,148.15283203125,42
2826,1,DDT500_num150.txt,fixed,2980,8,372.5,12.688577651977539,12.046398162841797,7.340814590861555e-06,-5.36,-0.321559876,0.16499999165534973,0.017559422180056572,0.14000000059604645,0.19333332777023315,-0.008995442,0.0024262641867001853,0.0010635852207390901,1.1953499615192413,0.008856992795093296,0.045263068905721106,0.0003,1002,198,47.94830907564011,12.065337419509888,50.084925174713135,62.15026259422302,1483,0.4856152997817844,0,0,TRUE,pair,399,3.4843058999395,6.3446308744033715,60,0,7.468671679197995,3.4843058999395,0.5932187010184862,7.660503700084519,cpu,cuda:0,0,148.15478515625,42
2827,1,DDT500_num150.txt,fixed,2877,8,359.625,7.175261497497559,11.269608497619629,5.965231139271054e-06,-5.56,-0.356947811,0.1524999886751175,0.01175561361014843,0.13333334028720856,0.1666666716337204,-0.112377647,-0.100376551,0.0008393234111281345,1.242075612147649,0.005916187008551788,0.0431128735266005,0.0003,1017,183,46.45612229416084,11.289064168930054,50.64034056663513,61.929404735565186,1456,0.46860210184240714,0,0,TRUE,pair,366,3.0571514003095217,6.591936044739401,60,0,7.860655737704918,3.0571514003095217,0.547348897496704,7.373877801001072,cpu,cuda:0,0,148.1523438,41
2828,1,DDT500_num150.txt,fixed,2890,8,361.25,17.837810516357422,11.496158599853516,1.0506661055842414e-05,-5.4,-0.332883785,0.16250000894069672,0.015964368358254433,0.13333334028720856,0.18666666746139526,-0.029721333,-0.017910932,0.0007353350908185045,1.2178068111340206,0.004320572075206049,0.03685230860719457,0.0003,1005,195,50.563652935427314,11.514759063720703,45.6409215927124,57.155680656433105,1435,0.4681030991487205,0,0,TRUE,pair,392,3.251747100322973,6.37889273257404,48,0,7.372448979591836,3.251747100322973,0.5600232008146122,7.391305500175804,cpu,cuda:0,0,148.15283203125,41
2829,1,DDT500_num150.txt,fixed,2884,8,360.5,11.90588092803955,12.643329620361328,4.4630785851040855e-05,-5.466666667,-0.340528669,0.15833333134651184,0.015545631758868694,0.13333334028720856,0.18666666746139526,-0.012913901,-0.001136855,0.0007387811092485208,1.214643617471059,0.005607477400189964,0.04049808046935747,0.0003,1010,190,47.37061660101839,12.675698280334473,48.20592427253723,60.881622552871704,1437,0.49887970043346286,0,0,TRUE,pair,379,4.053727100195829,6.334951455401316,40,0,7.6094986807387865,4.053727100195829,0.6229803008609451,7.6497408984578215,cpu,cuda:0,0,148.15283203125,44
2830,1,DDT500_num150.txt,fixed,2871,8,358.875,8.161457061767578,12.046470642089844,6.827269317000173e-06,-5.44,-0.34001372,0.1599999964237213,0.012018507346510887,0.14000000059604645,0.18000000715255737,-0.000106163,0.01199405561936529,0.0006215329187015366,1.241098454124049,0.0049170399625405765,0.02612317705183829,0.0003,1008,192,57.66462823459128,12.064250707626343,37.72363638877869,49.78788709640503,1415,0.5534395999857225,0,0,TRUE,pair,370,3.58954569947673,6.439568094491377,45,0,7.7594594594594595,3.58954569947673,0.5910538992611691,7.5552291995845735,cpu,cuda:0,0,148.1523438,47
2831,1,DDT500_num150.txt,fixed,2938,8,367.25,10.917303085327148,13.612532615661621,1.9316319594508968e-05,-5.546666667,-0.38685627,0.15333332121372223,0.015275254845619202,0.12666666507720947,0.18000000715255737,-0.036994018,-0.025357761,0.0009314244722618776,1.2101970981149113,0.006137743318343864,0.03822890259599423,0.0003,1016,184,57.50461068315576,13.631953954696655,37.459601402282715,51.09155535697937,1423,0.5158964005531743,0,0,TRUE,pair,383,4.5689519996521994,6.300884954859563,45,0,7.671018276762402,4.5689519996521994,0.6536190005717799,8.055043698754162,cpu,cuda:0,0,148.15283203125,48
2832,1,DDT500_num150.txt,fixed,2912,8,364,15.55634880065918,11.359734535217285,9.440894245926756e-06,-5.493333333,-0.381018845,0.15666666626930237,0.012018503621220589,0.13333334028720856,0.1733333319425583,0.02850990349219905,0.04048151909632401,0.0007867769034217215,1.2365007003148396,0.009003715521733588,0.03189237415790558,0.0003,1012,188,90.62032600474448,11.379963397979736,20.75410771369934,32.13407111167908,1439,0.4589068982168101,0,0,TRUE,pair,381,3.1596216001198627,6.362980768002651,70,0,7.6430446194225725,3.1596216001198627,0.5429836979019456,7.368650398857426,cpu,cuda:0,0,148.15283203125,50
2833,1,DDT500_num150.txt,fixed,2863,8,357.875,9.854409217834473,13.384123802185059,8.313940270454623e-06,-5.626666667,-0.394085049,0.1483333259820938,0.014043581672012806,0.12666666507720947,0.1733333319425583,-0.002347408,0.009546628532310327,0.0008803552385264387,1.2334213852882385,0.006665537592008756,0.043783095063796885,0.0003,1022,178,48.02092138387552,13.40316367149353,46.21668362617493,59.61984729766846,1457,0.5236567001556978,0,0,TRUE,pair,370,4.579087700461969,6.257771568951222,50,0,7.737837837837838,4.579087700461969,0.6577756003825925,7.824095498188399,cpu,cuda:0,0,148.1523438,52
2834,1,DDT500_num150.txt,fixed,2930,8,366.25,10.532687187194824,11.103376388549805,6.3439056248171255e-06,-5.413333333,-0.358986608,0.1616666465997696,0.011426092125475407,0.14000000059604645,0.18000000715255737,0.0035209270815054574,0.01556311585452585,0.0007066667312756181,1.2395521686190651,0.00798113533805701,0.03160766553178075,0.0003,1006,194,46.551478792744646,11.12171983718872,51.81935262680054,62.94107246398926,1439,0.46130030002677813,0,0,TRUE,pair,386,2.928412899549585,6.39795221769769,55,0,7.590673575129534,2.928412899549585,0.5416007989551872,7.342776100500487,cpu,cuda:0,0,148.15283203125,50
2835,1,DDT500_num150.txt,fixed,2942,8,367.75,14.359230041503906,11.116720199584961,9.059906005859375e-06,-5.506666667,-0.353860685,0.15583333373069763,0.011516900733113289,0.14666666090488434,0.18000000715255737,-0.045065826,-0.033006956,0.0007141701760701835,1.2415955066680908,0.009204077293543379,0.022641782462596894,0.0003,1013,187,134.6050317888158,11.13477349281311,10.72176456451416,21.85653805732727,1491,0.48397439991822466,0,0,TRUE,pair,386,2.8586094002239406,6.394969412374464,70,0,7.6217616580310885,2.8586094002239406,0.5380805984605104,7.352612198272254,cpu,cuda:0,0,148.15283203125,47
2836,1,DDT500_num150.txt,fixed,2913,8,364.125,13.7426118850708,13.064804077148438,3.562902202247642e-05,-5.506666667,-0.383952701,0.15583331882953644,0.00939119141548872,0.14666666090488434,0.1733333319425583,-0.027658986,-0.015768763,0.000646328425015478,1.221338818470637,0.004817537886992795,0.040489765107243635,0.0003,1013,187,48.47138108887577,13.086634635925293,47.01068329811096,60.097317934036255,1447,0.5161994002992287,0,0,TRUE,pair,392,4.4097139002988115,6.404737382912366,65,0,7.4311224489795915,4.4097139002988115,0.6160832987516187,7.725315301446244,cpu,cuda:0,0,148.15283203125,44
2837,1,DDT500_num150.txt,fixed,2866,8,358.25,11.924240112304688,13.035324096679688,7.62939453125e-06,-5.453333333,-0.361198435,0.15916664898395538,0.015433551743626595,0.14000000059604645,0.18666666746139526,-0.01170992,0.0003657602743866543,0.000746123641874874,1.2448743283748627,0.00627351866630003,0.031076925612675648,0.0003,1009,191,48.21149834148479,13.060730218887329,46.385669469833374,59.4463996887207,1441,0.513495999854058,0,0,TRUE,pair,385,4.384876599768177,6.293789251318198,50,0,7.444155844155844,4.384876599768177,0.6349304970935918,7.695214002684224,cpu,cuda:0,0,148.1523438,42
2838,1,DDT500_num150.txt,fixed,2918,8,364.75,9.175374984741211,13.232829093933105,1.3700254385184962e-05,-5.426666667,-0.349957869,0.16083331406116486,0.013096860609948635,0.13333334028720856,0.18000000715255737,-0.011220713,0.0007471333471282074,0.000838771513372194,1.2387232383092244,0.006110634589276742,0.039811298047425225,0.0003,1007,193,48.31314639988817,13.253378629684448,47.1442608833313,60.39763951301575,1449,0.6115068978979252,0,0,TRUE,pair,379,4.3892070999136195,6.369088416560371,65,0,7.699208443271768,4.3892070999136195,0.6328452990273945,7.886562402360141,cpu,cuda:0,0,148.15283203125,42
2839,1,DDT500_num150.txt,fixed,2876,8,359.5,12.165525436401367,11.45702075958252,7.3330670602445025e-06,-5.413333333,-0.348737447,0.16166667640209198,0.016914818435907364,0.13333334028720856,0.18666666746139526,-0.00071895,0.011429267536316599,0.0009256080735386128,1.2611020860217868,0.0063619656700341564,0.02386784120019348,0.0003,1006,194,50.793531098158326,11.476408004760742,45.144975423812866,56.62138342857361,1417,0.48577760061016306,0,0,TRUE,pair,380,3.2826126998406835,6.480180806675939,45,0,7.568421052631579,3.2826126998406835,0.5665291012846865,7.313904300855938,cpu,cuda:0,0,148.1523438,41
2840,1,DDT500_num150.txt,fixed,2914,8,364.25,14.93109130859375,13.49931526184082,7.62939453125e-06,-5.306666667,-0.342464774,0.16833333671092987,0.006454974412918091,0.1599999964237213,0.18000000715255737,-0.017978283,-0.005858585,0.0008203140931159613,1.2529857556025188,0.00872616459327262,0.05165465357935145,0.0003,998,202,53.95291547412438,13.518216371536255,40.49183988571167,54.010056257247925,1438,0.5154217991512269,0,0,TRUE,pair,380,4.636982399446424,6.3407687019958185,55,0,7.668421052631579,4.636982399446424,0.6542601013788953,7.881612099183258,cpu,cuda:0,0,148.15283203125,40
2841,1,DDT500_num150.txt,fixed,2902,8,362.75,10.021851539611816,13.666413307189941,4.9209038479602896e-06,-5.506666667,-0.368222241,0.15583333373069763,0.013307266868650913,0.12666666507720947,0.1733333319425583,0.013684948906302452,0.026061804965138435,0.0007454192964360118,1.2749567031860352,0.012292308869291446,0.022808527573943138,0.0003,1013,187,134.16967620770723,13.685325384140015,7.944003105163574,21.62932848930359,1441,0.5438730005989783,0,0,TRUE,pair,378,4.447046300105285,6.331840107311141,50,0,7.677248677248677,4.447046300105285,0.6914681979687884,8.185097998124547,cpu,cuda:0,0,148.15283203125,41
2842,1,DDT500_num150.txt,fixed,2928,8,366,15.620499610900879,11.36207389831543,9.434871572011616e-06,-5.346666667,-0.353311703,0.16583332419395447,0.01613743230700493,0.14666666090488434,0.20000000298023224,0.004424322280101478,0.01639086186575393,0.0008383982615972249,1.2385738243659337,0.0088940172151221,0.05782259341018895,0.0003,1001,199,47.294872351847275,11.381283521652222,50.52817630767822,61.909459829330444,1469,0.4795556010794826,0,0,TRUE,pair,394,3.1057995010050945,6.118852458364977,60,0,7.431472081218274,3.1057995010050945,0.5428136001573876,7.4227946000755765,cpu,cuda:0,0,148.15283203125,44
2843,1,DDT500_num150.txt,fixed,2870,8,358.75,12.862251281738281,11.331573486328125,6.031566044839565e-06,-5.493333333,-0.372893802,0.15666666626930237,0.01490712072700262,0.14000000059604645,0.18666666746139526,0.00435548455321363,0.0158732838130423,0.0008845135952079934,1.1960055317197527,0.006226024640324924,0.02384671931421118,0.0003,1012,188,115.86924366482647,11.350380897521973,13.41891860961914,24.769299507141113,1422,0.4698283998295665,0,0,TRUE,pair,371,3.192312799859792,6.229616723741803,55,0,7.735849056603773,3.192312799859792,0.5429610022110865,7.3099295002175495,cpu,cuda:0,0,148.1523438,45
2844,1,DDT500_num150.txt,fixed,2944,8,368,13.057564735412598,13.38924503326416,9.731450518302154e-06,-5.346666667,-0.364951497,0.16583332419395447,0.013514398597180843,0.14666666090488434,0.18666666746139526,-0.017573297,-0.005932211,0.0007164067903752713,1.1999288937624764,0.005512145235115895,0.03308921510024982,0.0003,1001,199,64.33117329856638,13.409162282943726,32.35403227806091,45.76319456100464,1454,0.5135802996228449,0,0,TRUE,pair,390,4.504734200425446,6.366847822847574,52,0,7.5487179487179485,4.504734200425446,0.6269014001591131,7.932857701729517,cpu,cuda:0,0,148.15283203125,47
2845,1,DDT500_num150.txt,fixed,2910,8,363.75,14.897566795349121,12.395045280456543,8.307099960802589e-06,-5.573333333,-0.385275587,0.15166665613651276,0.007993049919605255,0.13333334028720856,0.1599999964237213,-0.028171064,-0.016319963,0.0009728962128671507,1.2337550272544224,0.008288554591975602,0.03833341330755502,0.0003,1018,182,48.96686887334152,12.41585922241211,47.01207780838013,59.427937030792236,1456,0.5904573997831903,0,0,TRUE,pair,387,3.8407819003332406,6.280756012352881,55,0,7.51937984496124,3.8407819003332406,0.5995693992590532,7.645345001365058,cpu,cuda:0,0,148.15283203125,49
2846,1,DDT500_num150.txt,fixed,2936,8,367,14.361406326293945,13.756099700927734,8.449575943814125e-06,-5.453333333,-0.351726692,0.15916666388511658,0.02012115903198719,0.13333334028720856,0.19333332777023315,-0.043447411,-0.031502215,0.0009739154969186833,1.2432153820991516,0.0040936922374802025,0.029771954015207786,0.0003,1009,191,47.729313067813536,13.774541139602661,47.73901963233948,61.51356077194214,1469,0.5310423009213991,0,0,TRUE,pair,395,4.736555800714996,6.222411443248432,40,0,7.432911392405063,4.736555800714996,0.6730315999011509,8.016471301147249,cpu,cuda:0,0,148.15283203125,51
2847,1,DDT500_num150.txt,fixed,2968,8,371,8.366600036621094,12.25273609161377,7.607010047649965e-06,-5.44,-0.360891621,0.1599999964237213,0.013743686489760876,0.13333334028720856,0.18000000715255737,0.009644267666671012,0.021386051007236045,0.0006649805743816412,1.2074275215466816,0.006956936836811817,0.03537953271168388,0.0003,1008,192,59.90058112833891,12.272173404693604,37.27659463882446,49.548768043518066,1469,0.4905278989463113,0,0,TRUE,pair,380,3.7617927994579077,6.154649593920078,70,0,7.810526315789474,3.7617927994579077,0.5875548992189579,7.596753003599588,cpu,cuda:0,0,148.15478515625,52
2848,1,DDT500_num150.txt,fixed,2935,8,366.875,10.240086555480957,12.838020324707031,6.743495760019869e-06,-5.373333333,-0.351083696,0.164166659116745,0.014117562212049961,0.14666666090488434,0.19333332777023315,-0.026879578,-0.01512667,0.0006963100084768874,1.2101063217435564,0.006216190999285096,0.028309753719007687,0.0003,1003,197,47.42773848514622,12.857555150985718,49.02606177330017,61.88361692428589,1456,0.5067130993702449,0,0,TRUE,pair,385,4.17893279978307,6.059284497200935,50,0,7.623376623376624,4.17893279978307,0.5826105996966362,7.76845280174166,cpu,cuda:0,0,148.15283203125,45
2849,1,DDT500_num150.txt,fixed,2925,8,365.625,7.261843681335449,13.297176361083984,6.485686753876507e-06,-5.346666667,-0.343341158,0.16583332419395447,0.012665570713579655,0.14666666090488434,0.19333332777023315,-0.001706685,0.009999346958162883,0.0008597205329958039,1.2135893404483795,0.009742384325060508,0.04362178244628012,0.0003,1001,199,47.88006754040665,13.315435647964478,47.77470374107361,61.090139389038086,1433,0.5061509980587289,0,0,TRUE,pair,377,4.5332536995993,6.473162392591819,52,0,7.758620689655173,4.5332536995993,0.6678714992594905,7.772100899834186,cpu,cuda:0,0,148.15283203125,43
2850,1,DDT500_num150.txt,fixed,2927,8,365.875,17.89858627319336,13.279050827026367,9.737290383782238e-06,-5.546666667,-0.367505812,0.15333333611488342,0.016996730118989944,0.12666666507720947,0.1733333319425583,-0.031340697,-0.0195645,0.0007636351704907914,1.2158016704377674,0.003635588213260884,0.024041661260915653,0.0003,1016,184,51.596579085671365,13.29801344871521,43.430553674697876,56.728567123413086,1473,0.5212852987460792,0,0,TRUE,pair,399,4.431113100552466,6.255551759969427,45,0,7.335839598997493,4.431113100552466,0.6625263995374553,7.8573614012566395,cpu,cuda:0,0,148.15283203125,41
2851,1,DDT500_num150.txt,fixed,2933,8,366.625,4.12121057510376,13.643651962280273,4.2649612623790745e-06,-5.333333333,-0.345343489,0.1666666567325592,0.017638346180319786,0.14666666090488434,0.20000000298023224,-0.011590583,0.00021935602472651573,0.0006558713101271895,1.2137874364852905,0.001991033252644619,0.019997426574783667,0.0003,1000,200,48.56431799088177,13.663973808288574,46.73016166687012,60.39413547515869,1445,0.5209468005341478,0,0,TRUE,pair,374,4.664545200765133,6.242072962917974,40,0,7.842245989304812,4.664545200765133,0.6546421985258348,7.995214601512998,cpu,cuda:0,0,148.15283203125,42
2852,1,DDT500_num150.txt,fixed,2940,8,367.5,12.072696685791016,13.375818252563477,5.1577826525317505e-06,-5.373333333,-0.35734166,0.164166659116745,0.012444322928786278,0.14666666090488434,0.18000000715255737,0.0403794355224818,0.052215874350319304,0.0007140186122948459,1.2193447450796764,0.004322617642982547,0.042914485199920215,0.0003,1003,197,48.545677491438404,13.39764404296875,47.163875579833984,60.561519622802734,1446,0.512568601348903,0,0,TRUE,pair,382,4.50956530001713,6.2931972763165325,50,0,7.696335078534031,4.50956530001713,0.6270910016610287,7.91297459899215,cpu,cuda:0,0,148.15283203125,42
2853,1,DDT500_num150.txt,fixed,2881,8,360.125,20.54530143737793,12.921940803527832,1.1562686268007383e-05,-5.506666667,-0.363810971,0.15583331882953644,0.011516896076500416,0.14000000059604645,0.1733333319425583,0.028557225001148052,0.04036118560988042,0.0006625719947300644,1.2135247588157654,0.006000725646193435,0.04967646815607117,0.0003,1013,187,60.141034393018145,12.941266059875488,34.96279859542847,47.904064655303955,1424,0.511094499961473,0,0,TRUE,pair,397,4.2591042997082695,6.307879208442611,65,0,7.2569269521410575,4.2591042997082695,0.6622286980273202,7.673329401295632,cpu,cuda:0,0,148.15283203125,42
2854,1,DDT500_num150.txt,fixed,2946,8,368.25,7.611668586730957,13.406471252441406,6.546750228153542e-06,-5.24,-0.339282217,0.17249998450279236,0.016478100791573524,0.14666666090488434,0.19333332777023315,-0.035092036,-0.023304271,0.0009236111594267035,1.2249571432669957,0.00552194743797448,0.03345745743717998,0.0003,993,207,47.877170910511886,13.425597667694092,48.10686016082764,61.53245782852173,1442,0.49913730000844225,0,0,TRUE,pair,385,4.533924100338481,6.2352342159668765,55,0,7.651948051948052,4.533924100338481,0.6437184000387788,7.901856599200983,cpu,cuda:0,0,148.15478515625,43
2855,1,DDT500_num150.txt,fixed,2938,8,367.25,8.671072959899902,12.070067405700684,6.16209399595391e-06,-5.333333333,-0.339411984,0.1666666567325592,0.019436504691839218,0.13333334028720856,0.19333332777023315,-0.015946762,-0.00426357,0.0008185023082963502,1.209244171778361,0.006899731658431089,0.035149322085392974,0.0003,1000,200,47.705370759839234,12.089335441589355,49.49702167510986,61.58635711669922,1445,0.4892755995388143,0,0,TRUE,pair,382,3.592943098919932,6.1058543217758325,35,0,7.69109947643979,3.592943098919932,0.5855641010566615,7.587814400554635,cpu,cuda:0,0,148.15283203125,46
2856,1,DDT500_num150.txt,fixed,2910,8,363.75,13.944085121154785,11.871613502502441,8.463020094495732e-06,-5.426666667,-0.335780213,0.16083332896232605,0.011755616404116154,0.14666666090488434,0.18000000715255737,-0.025347019,-0.013836905,0.0006587903214191707,1.1839509308338165,0.006908688407747832,0.045041619606005646,0.0003,1007,193,47.83136075839676,11.891330003738403,48.947415828704834,60.83874583244324,1436,0.4909334003459662,0,0,TRUE,pair,384,3.562879100383725,6.163573883325373,45,0,7.578125,3.562879100383725,0.5696391030796804,7.442572599626146,cpu,cuda:0,0,148.15283203125,49
2857,1,DDT500_num150.txt,fixed,2926,8,365.75,14.122234344482422,11.965507507324219,9.452928679820616e-06,-5.52,-0.344373457,0.1550000011920929,0.011426090262830257,0.13333334028720856,0.1733333319425583,-0.016469261,-0.004983627,0.0006306052618172197,1.180093765258789,0.0050071530332345335,0.029121893690899014,0.0003,1014,186,47.591049277493454,11.983894348144531,49.498255014419556,61.48214936256409,1455,0.482470199407544,0,0,TRUE,pair,380,3.5569186993525364,6.2361585789157035,50,0,7.7,3.5569186993525364,0.576809199352283,7.529122999170795,cpu,cuda:0,0,148.15283203125,51
2858,1,DDT500_num150.txt,fixed,2947,8,368.375,11.704032897949219,11.773754119873047,6.590020802832441e-06,-5.346666667,-0.324046902,0.16583332419395447,0.017460273578763008,0.14000000059604645,0.18666666746139526,-0.014108485,-0.002866826,0.0006950847346161027,1.1589202086130779,0.003086085837215554,0.027098371492077906,0.0003,1001,199,46.756563123738594,11.792352676391602,51.23623204231262,63.028584718704224,1438,0.4755959006724879,0,0,TRUE,pair,385,3.398716699681245,6.206311503061813,45,0,7.654545454545454,3.398716699681245,0.5640857016551308,7.516172000207007,cpu,cuda:0,0,148.15478515625,52
2859,1,DDT500_num150.txt,fixed,2950,8,368.75,13.358050346374512,11.041390419006348,8.293402970593888e-06,-5.346666667,-0.325754374,0.16583332419395447,0.010240173898637295,0.15333333611488342,0.18000000715255737,-0.019796716,-0.008311018,0.000663185906541046,1.1817290896461123,0.0032569879060160714,0.02928009649206485,0.0003,1001,199,50.1818563495525,11.059673309326172,47.72651386260986,58.786187171936035,1417,0.5173989002942108,0,0,TRUE,pair,387,2.852439900103491,6.331186438576649,60,0,7.622739018087855,2.852439900103491,0.5364382996340282,7.3641848005354404,cpu,cuda:0,0,148.15478515625,47
2860,1,DDT500_num150.txt,fixed,2876,8,359.5,10.72380542755127,12.883505821228027,7.136645308492007e-06,-5.546666667,-0.336784891,0.15333332121372223,0.013333331793546677,0.13333334028720856,0.1733333319425583,-5.94E-05,0.01132174298982136,0.000620675195629398,1.1691480924685795,0.0024106440408407557,0.026015309131859492,0.0003,1016,184,48.41256335015586,12.903631687164307,46.5024356842041,59.40606737136841,1427,0.5972018995089456,0,0,TRUE,pair,382,4.316411699750461,6.252433935441958,40,0,7.528795811518324,4.316411699750461,0.6363239019992761,7.61461630143458,cpu,cuda:0,0,148.1523438,44
2861,1,DDT500_num150.txt,fixed,2857,8,357.125,11.038993835449219,12.995287895202637,2.075200609397143e-05,-5.48,-0.333394938,0.1574999988079071,0.016308655962347984,0.13333334028720856,0.18666666746139526,-0.011050993,0.0004208971347127642,0.0006018900963854754,1.1772835992631459,0.003898734731982196,0.039755189480880894,0.0003,1011,189,48.81763644805943,13.019729614257812,45.50420165061951,58.52393126487732,1415,0.4986952993203886,0,0,TRUE,pair,368,4.421795999456663,6.469373467421674,60,0,7.763586956521739,4.421795999456663,0.6342913017724641,7.627374498988502,cpu,cuda:0,0,148.1523438,43
2862,1,DDT500_num150.txt,fixed,2861,8,357.625,11.778555870056152,13.322628021240234,1.0171283975068945e-05,-5.4,-0.329871123,0.16249999403953552,0.009965217672288418,0.14666666090488434,0.1733333319425583,-0.013558673,-0.002258968,0.0005895934965727585,1.1594502131144206,0.003613063623474556,0.03400910901837051,0.0003,1005,195,48.093683334982224,13.342901229858398,46.14516043663025,59.48806166648865,1403,0.5750198995810933,0,0,TRUE,pair,379,4.570892700867262,6.563439357784902,56,0,7.5488126649076515,4.570892700867262,0.6815726007334888,7.743639800231904,cpu,cuda:0,0,148.1523438,42
2863,1,DDT500_num150.txt,fixed,2870,8,358.75,10.997159004211426,10.818255424499512,7.1921840572031215e-06,-5.493333333,-0.341563972,0.15666666626930237,0.015634719282388687,0.13333334028720856,0.18666666746139526,-0.014223708,-0.002880743,0.000620749793597497,1.1653339664141338,0.005122413911654651,0.04074863204732537,0.0003,1012,188,49.93308275974999,10.8375563621521,46.63936758041382,57.47692394256592,1395,0.442073198617436,0,0,TRUE,pair,371,2.787110199802555,6.467944250040353,45,0,7.735849056603773,2.787110199802555,0.5373442991403863,7.209147497895174,cpu,cuda:0,0,148.1523438,41
2864,1,DDT500_num150.txt,fixed,2887,8,360.875,6.293598175048828,13.523110389709473,9.295267773268279e-06,-5.386666667,-0.345367299,0.16333332657814026,0.020816659554839134,0.14000000059604645,0.20666666328907013,-0.017149051,-0.005592976,0.0005812291637994349,1.1846689532200496,0.0037780221432512917,0.03939532696191842,0.0003,1004,196,48.16216363702519,13.541537761688232,46.401782512664795,59.94332027435303,1415,0.5098026994965039,0,0,TRUE,pair,370,4.707055699953344,6.481122271429101,55,0,7.802702702702702,4.707055699953344,0.6779574003303424,7.80646540079033,cpu,cuda:0,0,148.15283203125,41
2865,1,DDT500_num150.txt,fixed,2857,8,357.125,13.298849105834961,13.158669471740723,9.270774171454832e-06,-5.426666667,-0.352209534,0.16083332896232605,0.010769042186439037,0.14666666090488434,0.18000000715255737,-0.019599284,-0.008169125,0.0006047407696314622,1.1732529203097026,0.004730769967736137,0.039881531187954046,0.0003,1007,193,48.27853556354257,13.17943286895752,45.99800419807434,59.17743706703186,1416,0.5026193006196991,0,0,TRUE,pair,379,4.397107400349341,6.571578576675778,50,0,7.538258575197889,4.397107400349341,0.6630851000663824,7.771892600983847,cpu,cuda:0,0,148.1523438,41
2866,1,DDT500_num150.txt,fixed,2840,8,355,17.06604766845703,12.864615440368652,7.394820386252832e-06,-5.533333333,-0.361331186,0.15416666865348816,0.011273126117885113,0.13333334028720856,0.1666666716337204,-0.034135109,-0.023016982,0.0006900385415065102,1.146314760049184,0.003960878099405818,0.03383970609866083,0.0003,1015,185,47.87258527312145,12.884394407272339,46.439746618270874,59.32414102554321,1364,0.47379539877874777,0,0,TRUE,pair,379,4.349959800136276,6.615140844818572,55,0,7.493403693931398,4.349959800136276,0.6198278004303575,7.5859308980288915,cpu,cuda:0,0,148.1523438,45
2867,1,DDT500_num150.txt,fixed,2896,8,362,13.490737915039062,13.61198616027832,3.6245895898900926e-05,-5.413333333,-0.355551432,0.1616666615009308,0.01755942404270172,0.12666666507720947,0.18666666746139526,-0.01312146,-0.002004055,0.0005899862418035892,1.1412398706782947,0.006763276327877644,0.038228593449192966,0.0003,1006,194,54.90495642091575,13.635428428649902,39.110265016555786,52.74569344520569,1406,0.4924171012826264,0,0,TRUE,pair,375,4.7570874997763894,6.4450966851652,50,0,7.722666666666667,4.7570874997763894,0.6647355026216246,7.853949798678514,cpu,cuda:0,0,148.15283203125,47
2868,1,DDT500_num150.txt,fixed,2837,8,354.625,11.357129096984863,12.052391052246094,7.5545212894212455e-06,-5.4,-0.357336771,0.16250000894069672,0.01854049786925316,0.12666666507720947,0.18666666746139526,-0.00235398,0.009168272993216911,0.0006787068915501651,1.1861607763502333,0.009616065915906802,0.05718345624498195,0.0003,1005,195,58.38229691411565,12.071842193603516,36.521655321121216,48.59349751472473,1394,0.4755919980816543,0,0,TRUE,pair,382,3.657940900826361,6.531899894086417,65,0,7.4267015706806285,3.657940900826361,0.5955556015833281,7.499597799673211,cpu,cuda:0,0,148.1523438,50
2869,1,DDT500_num150.txt,fixed,2854,8,356.75,13.997767448425293,11.488121032714844,7.68876816437114e-06,-5.373333333,-0.360086078,0.1641666740179062,0.016645822674036026,0.13333334028720856,0.18000000715255737,0.0017937454668914572,0.013205587644787395,0.0006762776653939748,1.174998066004585,0.008696599204781438,0.028544487349469874,0.0003,1003,197,56.6091103132211,11.506400346755981,38.909512996673584,50.415913343429565,1372,0.44288999919081107,0,0,TRUE,pair,378,3.3230399999883957,6.551506655986441,70,0,7.550264550264551,3.3230399999883957,0.5705553002189845,7.301606599707156,cpu,cuda:0,0,148.1523438,51
2870,1,DDT500_num150.txt,fixed,2947,8,368.375,8.915401458740234,13.352082252502441,6.468133960879641e-06,-5.306666667,-0.351900391,0.16833332180976868,0.016583126038312912,0.14666666090488434,0.19333332777023315,-0.016004763,-0.004806601,0.0006459637134823771,1.1521144140334356,0.003922361599636913,0.032024370395534095,0.0003,998,202,47.91071381096384,13.369519233703613,48.1407310962677,61.51025032997131,1410,0.588128401665017,0,0,TRUE,pair,387,4.352747700060718,6.404139803432391,50,0,7.614987080103359,4.352747700060718,0.6780345014994964,7.990240500308573,cpu,cuda:0,0,148.15478515625,52
2871,1,DDT500_num150.txt,fixed,2851,8,356.375,14.412993431091309,11.262056350708008,7.820711289241444e-06,-5.44,-0.358886078,0.15999998152256012,0.01972026750445366,0.13333334028720856,0.20000000298023224,0.0014752692853411038,0.012789112239954107,0.0008451422077736684,1.1736414432525635,0.004325859666940752,0.03293373250579905,0.0003,1008,192,46.34302368574611,11.281823635101318,50.23768401145935,61.51950764656067,1380,0.454504098277539,0,0,TRUE,pair,384,3.1124692994053476,6.59698351514168,70,0,7.424479166666667,3.1124692994053476,0.5640558003215119,7.292961900879163,cpu,cuda:0,0,148.1523438,45
2872,1,DDT500_num150.txt,fixed,2960,8,370,11.7366943359375,11.847088813781738,6.951036539248889e-06,-5.213333333,-0.329566546,0.17416667938232422,0.02196904458105564,0.14000000059604645,0.2133333384990692,-0.033956854,-0.023187998,0.0009473634321087351,1.1242538591225941,0.002728269504283768,0.029721718281507492,0.0003,991,209,48.74759720047528,11.864399909973145,48.85654163360596,60.7209415435791,1437,0.5482038006884977,0,0,TRUE,pair,388,3.32239269989077,6.250675674950754,50,0,7.628865979381444,3.32239269989077,0.5939702989417128,7.620313498482574,cpu,cuda:0,0,148.15478515625,42
2873,1,DDT500_num150.txt,fixed,2898,8,362.25,10.473179817199707,11.608379364013672,1.582567892910447e-05,-5.426666667,-0.373253946,0.16083331406116486,0.014312969520688057,0.14000000059604645,0.18666666746139526,-0.022770179,-0.011874785,0.0006682453604298644,1.1229516863822937,0.007663768851974358,0.04409549592916543,0.0003,1007,193,49.77081275807433,11.627235174179077,46.59966206550598,58.22689723968506,1422,0.46390190115198493,0,0,TRUE,pair,377,3.2440312998369336,6.363699102253648,45,0,7.687002652519894,3.2440312998369336,0.5769540995825082,7.487889999058098,cpu,cuda:0,0,148.15283203125,42
2874,1,DDT500_num150.txt,fixed,2911,8,363.875,11.794464111328125,12.357084274291992,8.409115253016353e-06,-5.36,-0.351621954,0.16499999165534973,0.009860135614871979,0.15333333611488342,0.18000000715255737,-0.030680725,-0.019603084,0.0007197544230924299,1.1437517901261647,0.004829129420897971,0.03588488674722612,0.0003,1002,198,48.20087822214422,12.37583613395691,48.01725435256958,60.39309048652649,1417,0.48593179881572723,0,0,TRUE,pair,379,3.8730088002048433,6.395053247945164,75,0,7.680738786279683,3.8730088002048433,0.5992914993548766,7.5762124984757975,cpu,cuda:0,0,148.15283203125,42
2875,1,DDT500_num150.txt,fixed,2947,8,368.375,17.634748458862305,12.146061897277832,7.914634807093535e-06,-5.32,-0.345215985,0.16749998927116394,0.013096860609948635,0.15333333611488342,0.19333332777023315,-0.012102047,-0.001464789,0.0007314625954677467,1.1002987374862034,0.004234979618255845,0.02970308476748566,0.0003,999,201,48.11831441149294,12.164821863174438,49.080049991607666,61.244871854782104,1417,0.4589837011299096,0,0,TRUE,pair,395,3.7307961002225056,6.309806581024077,52,0,7.460759493670886,3.7307961002225056,0.5954773011035286,7.517242198984604,cpu,cuda:0,0,148.15478515625,42
2876,1,DDT500_num150.txt,fixed,2941,8,367.625,7.598313808441162,12.006708145141602,6.316967755992664e-06,-5.32,-0.309854178,0.16750000417232513,0.013919411227107048,0.14000000059604645,0.18666666746139526,-0.007315011,0.00346083582068483,0.0009652893083208861,1.125849073131879,0.005032727788905807,0.030148885629993554,0.0003,999,201,47.5059169734259,12.025094747543335,49.88298296928406,61.90807771682739,1436,0.592874099384062,0,0,TRUE,pair,380,3.426937100244686,6.3390003393718635,70,0,7.739473684210527,3.426937100244686,0.5941434988635592,7.6760545001016,cpu,cuda:0,0,148.15283203125,42
2877,1,DDT500_num150.txt,fixed,2905,8,363.125,13.176091194152832,12.360918045043945,8.307099960802589e-06,-5.186666667,-0.305296665,0.1758333295583725,0.011989579536020756,0.1599999964237213,0.20000000298023224,-0.00077882,0.010266427474562079,0.0006525309933446503,1.137151335676511,0.005265301656284767,0.04320118448231369,0.0003,989,211,47.86349123434599,12.379292964935303,48.31414842605591,60.69344139099121,1413,0.4715539006283507,0,0,TRUE,pair,381,3.7438542000600137,6.395869192280991,48,0,7.624671916010499,3.7438542000600137,0.6482597996946424,7.643434199271724,cpu,cuda:0,0,148.15283203125,45
2878,1,DDT500_num150.txt,fixed,2965,8,370.625,12.717483520507812,11.738759994506836,7.200083018688019e-06,-5.293333333,-0.307243214,0.1691666543483734,0.011023963801562786,0.15333333611488342,0.18666666746139526,0.02660896349698305,0.037528532867630325,0.0005855644546196951,1.1212349832057953,0.005471603872744406,0.04507241056611141,0.0003,997,203,49.725368203038165,11.759751319885254,47.86776089668274,59.62751221656799,1432,0.5514222997589968,0,0,TRUE,pair,395,3.3230499990168028,6.207082629244002,50,0,7.506329113924051,3.3230499990168028,0.568810599448625,7.544976300094277,cpu,cuda:0,0,148.15478515625,48
2879,1,DDT500_num150.txt,fixed,2930,8,366.25,11.222187995910645,12.109518051147461,6.388550445990404e-06,-5.4,-0.330337287,0.16250000894069672,0.01488381065428257,0.13333334028720856,0.18000000715255737,-0.015659633,-0.004700862,0.0007464704443312561,1.1332005212704341,0.007146277551025075,0.040585042957294114,0.0003,1005,195,49.730839375979336,12.128742456436157,46.78842115402222,58.917163610458374,1399,0.4752659006626345,0,0,TRUE,pair,390,3.5243325000046752,6.216040955631399,40,0,7.512820512820513,3.5243325000046752,0.5836756000062451,7.690073999401648,cpu,cuda:0,0,148.15283203125,49
2880,1,DDT500_num150.txt,fixed,2886,8,360.75,10.871407508850098,12.867315292358398,7.4712943387567066e-06,-5.386666667,-0.323197965,0.16333332657814026,0.017320508137345314,0.13333334028720856,0.18666666746139526,-0.009237224,0.001936111191753298,0.0006328039392731929,1.1489736288785934,0.004108022009556104,0.02754424899467267,0.0003,1004,196,48.92023375789241,12.885277032852173,46.10871744155884,58.99399447441101,1408,0.4938374009798281,0,0,TRUE,pair,378,4.347955300938338,6.407830907665684,52,0,7.634920634920635,4.347955300938338,0.6160353001905605,7.586849799612537,cpu,cuda:0,0,148.15283203125,51
2881,1,DDT500_num150.txt,fixed,2918,8,364.75,14.060138702392578,13.110087394714355,8.888889169611502e-06,-5.426666667,-0.337257673,0.16083332896232605,0.021714691072702408,0.12666666507720947,0.20000000298023224,0.01893954095430672,0.030102204841872055,0.0006821931444089083,1.1503763397534688,0.0072348320281889755,0.04672495214617811,0.0003,1007,193,49.15842204802257,13.128439903259277,46.230666399002075,59.35910630226135,1442,0.4960890997899696,0,0,TRUE,pair,390,4.488138900429476,6.190884167401246,45,0,7.482051282051282,4.488138900429476,0.6338154003606178,7.669316399493255,cpu,cuda:0,0,148.15283203125,51
2882,1,DDT500_num150.txt,fixed,2886,8,360.75,9.883698463439941,13.299993515014648,7.3330670602445025e-06,-5.306666667,-0.334012794,0.16833333671092987,0.02127857506275177,0.13333334028720856,0.20000000298023224,-0.024468645,-0.013579378,0.0006987554111724927,1.123864193757375,0.006895540833486141,0.03344212519004941,0.0003,998,202,54.85076439049163,13.319478750228882,39.296014070510864,52.615492820739746,1414,0.586233498819638,0,0,TRUE,pair,376,4.512980100756977,6.238045736889168,85,0,7.675531914893617,4.512980100756977,0.6720338997547515,7.790058200189378,cpu,cuda:0,0,148.15283203125,45
2883,1,DDT500_num150.txt,fixed,2853,8,356.625,10.511155128479004,13.693592071533203,6.555427262355806e-06,-5.386666667,-0.357018008,0.16333334147930145,0.014529664069414139,0.14000000059604645,0.18666666746139526,-0.029360183,-0.018044521,0.0008533246679386745,1.1742325127124786,0.003083891954399102,0.03102128393948078,0.0003,1004,196,47.254642523516324,13.711399793624878,46.663620471954346,60.375020265579224,1415,0.5284646014915779,0,0,TRUE,pair,374,4.791429799748585,6.3645285665048785,70,0,7.628342245989304,4.791429799748585,0.6565697985352017,7.9169056990067475,cpu,cuda:0,0,148.1523438,43
2884,1,DDT500_num150.txt,fixed,2923,8,365.375,11.179640769958496,13.41876220703125,6.511926585517358e-06,-5.32,-0.365438874,0.16749998927116394,0.01808544620871544,0.14666666090488434,0.20000000298023224,-0.038907265,-0.027846731,0.0007233260233382074,1.1422196676333745,0.004684467106320274,0.03394773812033236,0.0003,999,201,48.35125916296534,13.436984062194824,47.016457080841064,60.45344114303589,1407,0.4997589990962297,0,0,TRUE,pair,380,4.557333999604452,6.252480327858731,65,0,7.692105263157894,4.557333999604452,0.6614627990638837,7.870680601161439,cpu,cuda:0,0,148.15283203125,42
2885,1,DDT500_num150.txt,fixed,2894,8,361.75,12.00780963897705,13.600700378417969,8.529922524758149e-06,-5.306666667,-0.374900068,0.16833332180976868,0.015898989513516426,0.14666666090488434,0.20000000298023224,-0.018125816,-0.006954694,0.0006547856428369414,1.1498514711856842,0.004955773456761865,0.030507261884243537,0.0003,998,202,47.54900081848904,13.619783163070679,47.24374604225159,60.863529205322266,1420,0.5222971003968269,0,0,TRUE,pair,384,4.577779600163922,6.129923979084329,50,0,7.536458333333333,4.577779600163922,0.7063934982288629,7.977180901274551,cpu,cuda:0,0,148.15283203125,42
2886,1,DDT500_num150.txt,fixed,2907,8,363.375,14.88235092163086,11.594881057739258,8.049937605392188e-06,-5.413333333,-0.385309391,0.1616666615009308,0.025110863149166107,0.13333334028720856,0.20666666328907013,-0.022667834,-0.011476628,0.0009455016157257237,1.1663957153047835,0.004238469694893779,0.030310061350021334,0.0003,1006,194,50.33574342828884,11.6135733127594,46.138628244400024,57.752201557159424,1440,0.48849310114746913,0,0,TRUE,pair,382,3.249611300707329,6.339525283141607,45,0,7.609947643979058,3.249611300707329,0.5609129990334623,7.486100600624923,cpu,cuda:0,0,148.15283203125,41
2887,1,DDT500_num150.txt,fixed,2891,8,361.375,13.228165626525879,12.691834449768066,9.542702173348516e-06,-5.413333333,-0.41330836,0.1616666615009308,0.01236033160239458,0.14000000059604645,0.1733333319425583,0.013164600171148778,0.024420501943677664,0.0007240798368002288,1.1617939949035645,0.005613487395748962,0.023989762645214796,0.0003,1006,194,57.45325481303971,12.710814714431763,37.60835361480713,50.31916832923889,1406,0.652388000045903,0,0,TRUE,pair,376,4.117454601160716,6.256658595889054,50,0,7.6888297872340425,4.117454601160716,0.6208053984446451,7.643605399585795,cpu,cuda:0,0,148.15283203125,41
2888,1,DDT500_num150.txt,fixed,2877,8,359.625,12.825145721435547,13.51561164855957,8.649042683828156e-06,-5.266666667,-0.394363014,0.17083333432674408,0.013718397356569767,0.15333333611488342,0.18666666746139526,-0.020751168,-0.009774555,0.0009469991079337584,1.1450111692150433,0.008349874522536993,0.04483848518187491,0.0003,995,205,48.054679964210116,13.534294843673706,46.33500409126282,59.86929893493652,1410,0.5237018006155267,0,0,TRUE,pair,376,4.673345999966841,6.331247827018099,80,0,7.651595744680851,4.673345999966841,0.6455045017064549,7.869839100516401,cpu,cuda:0,0,148.1523438,43
2889,1,DDT500_num150.txt,fixed,2894,8,361.75,12.527469635009766,13.684562683105469,1.3457456589094363e-05,-5.56,-0.427189895,0.1524999886751175,0.014312970452010632,0.14000000059604645,0.18666666746139526,-0.015191816,-0.004240053,0.0010462205723992416,1.1474876403808594,0.0031742178973564435,0.022716985095203632,0.0003,1017,183,48.5295189691949,13.704209089279175,45.929598569869995,59.63380765914917,1413,0.6132203990709968,0,0,TRUE,pair,378,4.731126000056975,6.2228749135319905,40,0,7.656084656084656,4.731126000056975,0.695545801660046,7.917714300798252,cpu,cuda:0,0,148.15283203125,46
2890,1,DDT500_num150.txt,fixed,2893,8,361.625,18.727903366088867,11.304461479187012,7.364471821347252e-05,-5.253333333,-0.414628597,0.17166668176651,0.012360328808426857,0.15333333611488342,0.19333332777023315,-0.040821796,-0.029946838,0.0009181238298576014,1.133402278025945,0.0035166907711641215,0.03165967183304019,0.0003,994,206,50.09374161792793,11.324767589569092,46.42695760726929,57.75172519683838,1409,0.45363459968939424,0,0,TRUE,pair,390,3.137762100144755,6.080193571676814,56,0,7.417948717948718,3.137762100144755,0.5507164004957303,7.325036899535917,cpu,cuda:0,0,148.15283203125,48
2891,1,DDT500_num150.txt,fixed,2909,8,363.625,11.639775276184082,12.952069282531738,7.681371243961621e-06,-5.413333333,-0.419737994,0.1616666615009308,0.015184056013822556,0.14000000059604645,0.18666666746139526,-0.016099978,-0.004984785,0.0007697401701339654,1.1500063793999808,0.006364773874381734,0.032475536600464865,0.0003,1006,194,54.695474031605016,12.973380088806152,40.21200776100159,53.18538784980774,1436,0.5125128992949612,0,0,TRUE,pair,385,4.469991100602783,6.056376762265559,48,0,7.555844155844156,4.469991100602783,0.6134225992718711,7.557063699990977,cpu,cuda:0,0,148.15283203125,49
2892,1,DDT500_num150.txt,fixed,2906,8,363.25,12.305994033813477,11.192172050476074,7.5394573286757804e-06,-5.253333333,-0.402763523,0.17166665196418762,0.022047927603125572,0.13333334028720856,0.20000000298023224,-0.014748747,-0.003836923,0.0008716135884502105,1.134763138634818,0.003395666378699908,0.030493069052075345,0.0003,994,206,50.11595946482238,11.209576845169067,46.775943756103516,57.98552060127258,1392,0.44488649908453226,0,0,TRUE,pair,387,2.9996492998325266,6.137990364270299,60,0,7.5090439276485785,2.9996492998325266,0.5451722984435037,7.358409301261418,cpu,cuda:0,0,148.15283203125,51
2893,1,DDT500_num150.txt,fixed,2950,8,368.75,11.29988956451416,12.902844429016113,5.591411081695696e-06,-5.24,-0.409906306,0.17249999940395355,0.009090595878660679,0.1599999964237213,0.18666666746139526,0.011522246524691582,0.02244963331354989,0.000671974454437279,1.1263375017378066,0.0067046652942129486,0.015729526989161968,0.0003,993,207,93.51226487977871,12.921485900878906,18.62517809867859,31.546663999557495,1400,0.4915514988824725,0,0,TRUE,pair,384,4.159843500412535,6.013898304438187,40,0,7.682291666666667,4.159843500412535,0.6255241000908427,7.798806901555508,cpu,cuda:0,0,148.15478515625,52
2894,1,DDT500_num150.txt,fixed,2918,8,364.75,8.982622146606445,13.122112274169922,5.761645297752693e-06,-5.44,-0.430262214,0.1599999964237213,0.012909946963191032,0.14000000059604645,0.18000000715255737,-0.010650317,0.00044570543936320713,0.0006750352497744773,1.143354052589053,0.004947642231681606,0.02890955888488818,0.0003,1008,192,47.99679931900351,13.142414093017578,47.65330648422241,60.79572057723999,1423,0.5908883984084241,0,0,TRUE,pair,376,4.427711500145961,6.032213845916445,45,0,7.76063829787234,4.427711500145961,0.6158876013942063,7.76206069951877,cpu,cuda:0,0,148.15283203125,48
2895,1,DDT500_num150.txt,fixed,2835,8,354.375,9.095844268798828,11.74289608001709,7.239449587359559e-06,-5.4,-0.407039586,0.16249999403953552,0.009965217672288418,0.14666666090488434,0.1733333319425583,-0.052262526,-0.041162259,0.0008564561047885371,1.1528494797254865,0.007673019715328242,0.04207822262603594,0.0003,1005,195,60.8644944045121,11.761746883392334,34.81713342666626,46.578880310058594,1389,0.4714091992354952,0,0,TRUE,pair,368,3.4397734004887752,6.120634920214429,45,0,7.703804347826087,3.4397734004887752,0.5846295021474361,7.418872497975826,cpu,cuda:0,0,148.1523438,43
2896,1,DDT500_num150.txt,fixed,2891,8,361.375,16.262975692749023,13.383535385131836,9.301380487158895e-06,-5.386666667,-0.413463371,0.16333332657814026,0.014529665932059288,0.14000000059604645,0.18666666746139526,-0.01538352,-0.004278601,0.0008711350937595679,1.1540487493787492,0.004183250985945398,0.031717318686701,0.0003,1004,196,48.448458334974156,13.405112266540527,46.2665491104126,59.671661376953125,1416,0.5207806996186264,0,0,TRUE,pair,384,4.599566699936986,6.3026634395761665,45,0,7.528645833333333,4.599566699936986,0.6769105999846943,7.778014201321639,cpu,cuda:0,0,148.15283203125,42
2897,1,DDT500_num150.txt,fixed,2885,8,360.625,18.59393310546875,11.368881225585938,9.602083991921972e-06,-5.106666667,-0.37672757,0.1808333396911621,0.01391940750181675,0.1666666716337204,0.20666666328907013,-0.018001997,-0.007181146,0.0014379650404277658,1.1539837916692097,0.0038523875783929335,0.02233771374449134,0.0003,983,217,49.68972985559412,11.388376712799072,46.671910762786865,58.06028747558594,1392,0.5384840996703133,0,0,TRUE,pair,405,3.125024500011932,6.171577123215542,40,0,7.1234567901234565,3.125024500011932,0.5596028996515088,7.386793100333307,cpu,cuda:0,0,148.15283203125,42
2898,1,DDT500_num150.txt,fixed,2878,8,359.75,12.527469635009766,13.103436470031738,6.217195732460823e-06,-5.44,-0.385890996,0.1599999964237213,0.012909946963191032,0.14000000059604645,0.18000000715255737,0.0029696098063141108,0.014096425690998634,0.001191289278115922,1.172246019045512,0.006357711765303975,0.03694146321504377,0.0003,1008,192,51.72253046396684,13.121561050415039,42.521501541137695,55.643062591552734,1425,0.5218108014669269,0,0,TRUE,pair,377,4.258675701043103,6.295691451154872,50,0,7.63395225464191,4.258675701043103,0.6701523009105586,7.844937098678201,cpu,cuda:0,0,148.1523438,41
2899,1,DDT500_num150.txt,fixed,2855,8,356.875,12.159744262695312,13.444612503051758,7.096708486642456e-06,-5.44,-0.364593883,0.1599999964237213,0.022360678762197495,0.12666666507720947,0.19333332777023315,0.030415958492085338,0.04162082890979946,0.0010344577531213872,1.1722105368971825,0.007350211406986773,0.037958690430969,0.0003,1008,192,65.11172859828378,13.463101625442505,30.384605407714844,43.84770703315735,1383,0.5079595989082009,0,0,TRUE,pair,379,4.555408899963368,6.264448336335699,52,0,7.532981530343008,4.555408899963368,0.6829420997528359,7.859219998295885,cpu,cuda:0,0,148.1523438,41
2900,1,DDT500_num150.txt,fixed,2888,8,361,9.539392471313477,12.591975212097168,2.301202403032221e-05,-5.453333333,-0.363411815,0.15916664898395538,0.01175561174750328,0.13333334028720856,0.1733333319425583,-0.01732869,-0.006095528,0.0007528493408158067,1.1609586817877633,0.00394213510576048,0.029528457726839753,0.0003,1009,191,48.77342004965317,12.611145257949829,46.601433992385864,59.21257925033569,1411,0.488026000210084,0,0,TRUE,pair,373,3.970564800372813,6.18109418274293,45,0,7.742627345844504,3.970564800372813,0.6147807992529124,7.693585401168093,cpu,cuda:0,0,148.15283203125,41
2901,1,DDT500_num150.txt,fixed,2924,8,365.5,11.247221946716309,10.98202896118164,8.496536793245468e-06,-5.306666667,-0.351236537,0.16833332180976868,0.012801909819245338,0.14666666090488434,0.19333332777023315,-0.016688436,-0.005738911,0.0008417407738133555,1.1370395308449155,0.004873318129241289,0.03763194792416124,0.0003,998,202,49.95570433106033,11.000845432281494,47.53100872039795,58.53185415267944,1412,0.4493165995227173,0,0,TRUE,pair,379,2.851621899753809,5.991450067584068,45,0,7.715039577836412,2.851621899753809,0.5284908008179627,7.315629200020339,cpu,cuda:0,0,148.15283203125,44
2902,1,DDT500_num150.txt,fixed,2824,8,353,14.080127716064453,13.158356666564941,8.00745783635648e-06,-5.373333333,-0.339136964,0.164166659116745,0.02053113840520382,0.13333334028720856,0.19333332777023315,-0.000266837,0.010852811334189028,0.0008619333287545791,1.1550613790750504,0.006228530037750109,0.03956074426726749,0.0003,1003,197,48.105448059297814,13.176531553268433,45.52783799171448,58.70436954498291,1370,0.5144083004561253,0,0,TRUE,pair,384,4.558394599123858,6.218484418419198,52,0,7.354166666666667,4.558394599123858,0.6619585996377282,7.609631500614341,cpu,cuda:0,0,148.1523438,47
2903,1,DDT500_num150.txt,fixed,2856,8,357,6.324555397033691,13.091141700744629,5.9269918892823625e-06,-5.293333333,-0.350718995,0.1691666543483734,0.008779712952673435,0.15333333611488342,0.18000000715255737,-0.011234706,0.00013841435429640114,0.000671971535969836,1.1709107557932537,0.005962417750803676,0.034509710249646254,0.0003,997,203,48.422782836815166,13.10861873626709,45.87188243865967,58.98050117492676,1368,0.4977909995941445,0,0,TRUE,pair,367,4.579681999864988,6.229341735859879,45,0,7.782016348773842,4.579681999864988,0.6458414015360177,7.543817597033922,cpu,cuda:0,0,148.1523438,50
2904,1,DDT500_num150.txt,fixed,2864,8,358,12.318684577941895,11.901482582092285,8.12024427432334e-06,-5.546666667,-0.360276861,0.15333332121372223,0.01490712072700262,0.13333334028720856,0.18000000715255737,-0.028141873,-0.016994695,0.0007408303293535331,1.1517595052719116,0.005979601955914404,0.041911292277897395,0.0003,1016,184,51.47132573498746,11.920193433761597,43.72243785858154,55.64263129234314,1396,0.47860630025388673,0,0,TRUE,pair,378,3.7094427004340105,6.297835194615012,55,0,7.576719576719577,3.7094427004340105,0.5711611008737236,7.325188599526882,cpu,cuda:0,0,148.1523438,51
2905,1,DDT500_num150.txt,fixed,2868,8,358.5,13.83835220336914,13.074447631835938,7.270789410540601e-06,-5.466666667,-0.334786571,0.15833333134651184,0.014813658781349659,0.14000000059604645,0.18666666746139526,-0.062577016,-0.051230359,0.0006280589809648518,1.1660686433315277,0.005544339651047873,0.029829529773754377,0.0003,1010,190,47.8996775545195,13.093836545944214,46.78080081939697,59.875142097473145,1393,0.5194293999811634,0,0,TRUE,pair,373,4.35930000024382,6.130753138657228,45,0,7.689008042895442,4.35930000024382,0.6139295008033514,7.782054697338026,cpu,cuda:0,0,148.1523438,50
2906,1,DDT500_num150.txt,fixed,2882,8,360.25,10.316855430603027,13.32177448272705,7.056545655359514e-06,-5.413333333,-0.310061913,0.16166667640209198,0.016583126038312912,0.12666666507720947,0.18000000715255737,-0.011909469,-0.000996187,0.0006819766399880442,1.1254271085445697,0.00718297853689784,0.028636060225275848,0.0003,1006,194,65.04676228535341,13.340403079986572,30.965142726898193,44.306586503982544,1374,0.5038098000222817,0,0,TRUE,pair,373,4.490135100029875,6.103747396647806,45,0,7.726541554959786,4.490135100029875,0.6212276997976005,7.888266498572193,cpu,cuda:0,0,148.15283203125,45
2907,1,DDT500_num150.txt,fixed,2793,8,349.125,12.404006004333496,11.016145706176758,8.681841791258194e-06,-5.373333333,-0.322970455,0.164166659116745,0.011989579536020756,0.14000000059604645,0.18000000715255737,-0.025036257,-0.014057435,0.0006728841702473195,1.1315263658761978,0.00534489667431141,0.03738307968402902,0.0003,1003,197,50.087465419123106,11.034970045089722,44.72748422622681,55.76245427131653,1367,0.45162350177997723,0,0,TRUE,pair,371,3.004153900081292,6.400286430617707,55,0,7.528301886792453,3.004153900081292,0.5466196002089418,7.176554500067141,cpu,cuda:0,0,148.1503906,42
2908,1,DDT500_num150.txt,fixed,2937,8,367.125,7.720710754394531,13.288060188293457,6.999930519668851e-06,-5.346666667,-0.302537795,0.16583332419395447,0.01681186631321907,0.14000000059604645,0.19333332777023315,-0.004484011,0.006298322496669633,0.0006156647245266608,1.1090164581934612,0.004244404483220673,0.0328061820030035,0.0003,1001,199,51.351027260583145,13.306680917739868,43.887890577316284,57.19457149505615,1425,0.5200642994022928,0,0,TRUE,pair,382,4.2967956000356935,5.965611168670135,60,0,7.68848167539267,4.2967956000356935,0.6314875981770456,8.029349098564126,cpu,cuda:0,0,148.15283203125,41
2909,1,DDT500_num150.txt,fixed,2894,8,361.75,10.894379615783691,12.614639282226562,6.743495760019869e-06,-5.32,-0.286959685,0.16749997437000275,0.01024017296731472,0.15333333611488342,0.18666666746139526,-0.008729254,0.002118020551279187,0.0006339493847917765,1.11642524600029,0.0159821136745677,0.007713776431046426,0.0003,999,201,128.52855360452116,12.633835315704346,9.882562160491943,22.51639747619629,1406,0.4935738983331248,0,0,TRUE,pair,384,3.954485099762678,6.0998617831640765,50,0,7.536458333333333,3.954485099762678,0.6241057016886771,7.717136499646585,cpu,cuda:0,0,148.15283203125,42
2910,1,DDT500_num150.txt,fixed,2873,8,359.125,13.466973304748535,12.323911666870117,6.793883585487492e-06,-5.466666667,-0.30901303,0.15833333134651184,0.015545635484158993,0.14000000059604645,0.18000000715255737,-0.009543526,0.00136929333564781,0.0005784387924774949,1.1202039491562616,0.007544646846197013,0.035749128620539396,0.0003,1010,190,47.682422120327516,12.342075824737549,47.910735845565796,60.252811670303345,1394,0.48039820115081966,0,0,TRUE,pair,388,3.8451052995515056,6.109641490478861,35,0,7.404639175257732,3.8451052995515056,0.612372100178618,7.550793898990378,cpu,cuda:0,0,148.1523438,42
2911,1,DDT500_num150.txt,fixed,2945,8,368.125,13.213984489440918,12.955860137939453,8.169098691723775e-06,-5.493333333,-0.309220643,0.15666666626930237,0.014142137952148914,0.12666666507720947,0.1666666716337204,0.00012406023840109506,0.010924188187345862,0.000468271236968576,1.1034264365832012,0.003691705120218103,0.0360692271303075,0.0003,1012,188,48.02470091755521,12.974180698394775,48.34842920303345,61.32260990142822,1440,0.49805110041052103,0,0,TRUE,pair,399,4.2294817005167715,6.020033957476527,50,0,7.380952380952381,4.2294817005167715,0.6564012970775366,7.7438914977246895,cpu,cuda:0,0,148.15478515625,41
2912,1,DDT500_num150.txt,fixed,2853,8,356.625,15.563880920410156,11.92864990234375,9.596162271918729e-06,-5.426666667,-0.307156632,0.16083332896232605,0.014312970452010632,0.14666666090488434,0.19333332777023315,-0.003495235,0.007321410814862854,0.0005275481477535019,1.1080419669548671,0.002716549087229699,0.026731990200156968,0.0003,1007,193,47.444565846722206,11.946117162704468,48.18721842765808,60.13333559036255,1386,0.4644286995753646,0,0,TRUE,pair,385,3.691525000263937,6.195583594376022,48,0,7.41038961038961,3.691525000263937,0.5809767985483631,7.356969901418779,cpu,cuda:0,0,148.1523438,42
2913,1,DDT500_num150.txt,fixed,2913,8,364.125,9.184736251831055,12.556509017944336,5.560828867601231e-06,-5.4,-0.318576022,0.16249999403953552,0.009391190484166145,0.14666666090488434,0.1733333319425583,-0.001556133,0.009154428029432893,0.000512209631172785,1.0966666092475255,0.005960323947116801,0.04139350451684246,0.0003,1005,195,47.9406556417771,12.574870347976685,48.18775296211243,60.76262331008911,1402,0.5594469996285625,0,0,TRUE,pair,374,3.933210399991367,6.071747340249147,40,0,7.788770053475936,3.933210399991367,0.6004726012470201,7.719260499929078,cpu,cuda:0,0,148.15283203125,46
2914,1,DDT500_num150.txt,fixed,2820,8,352.5,13.2947359085083,12.469366073608398,9.08496804186143e-06,-5.373333333,-0.31646568,0.164166659116745,0.021327471360564232,0.13333334028720856,0.20666666328907013,-0.055732258,-0.045016016,0.0008163979873643257,1.1124437525868416,0.003391725064526933,0.03381842590169981,0.0003,1003,197,51.64925455010272,12.487848043441772,42.11119747161865,54.599045515060425,1366,0.49010379961691797,0,0,TRUE,pair,375,3.9406812012312002,6.3765957451881246,50,0,7.52,3.9406812012312002,0.6205485992250033,7.595677701814566,cpu,cuda:0,0,148.1523438,47
2915,1,DDT500_num150.txt,fixed,2802,8,350.25,9.120718002319336,12.651558876037598,7.1206973188964184e-06,-5.506666667,-0.332082652,0.15583333373069763,0.012883025221526623,0.14000000059604645,0.18000000715255737,-0.05297462,-0.042016259,0.000667749915010063,1.1292236894369125,0.0033982786153501365,0.032691454592471324,0.0003,1013,187,48.85535061510334,12.671623706817627,44.68135738372803,57.352981090545654,1385,0.49092879926320165,0,0,TRUE,pair,364,4.164127800264396,6.323697359284531,65,0,7.697802197802198,4.164127800264396,0.6245089986477979,7.5488988987053744,cpu,cuda:0,0,148.1503906,50
2916,1,DDT500_num150.txt,fixed,2922,8,365.25,14.015616416931152,11.081720352172852,9.047348612511996e-06,-5.32,-0.31605253,0.16749998927116394,0.008457411080598831,0.14666666090488434,0.1733333319425583,-0.005131246,0.0056166093951712055,0.0005098627686190108,1.1002788032804216,0.0032017584411992823,0.030365448456168884,0.0003,999,201,48.418954727365225,11.102338552474976,49.2459282875061,60.34826683998108,1408,0.4554940013331361,0,0,TRUE,pair,394,3.017496100103017,6.143737165753275,40,0,7.416243654822335,3.017496100103017,0.5358518000575714,7.239921400498133,cpu,cuda:0,0,148.15283203125,51
2917,1,DDT500_num150.txt,fixed,2833,8,354.125,13.355125427246094,11.681678771972656,7.47889862395823e-06,-5.32,-0.328283571,0.16750001907348633,0.013919411227107048,0.15333333611488342,0.18666666746139526,-0.011914096,-0.00102374,0.0005167560908982219,1.1148734589417775,0.004653252638604499,0.035306704453735925,0.0003,999,201,46.293320921191665,11.699222564697266,49.49751043319702,61.19673299789429,1376,0.4569811002584174,0,0,TRUE,pair,384,3.4916892994660884,6.130956583295742,55,0,7.377604166666667,3.4916892994660884,0.5770128997392021,7.310477502120193,cpu,cuda:0,0,148.1523438,50
2918,1,DDT500_num150.txt,fixed,2857,8,357.125,10.576358795166016,11.506789207458496,6.459339601860847e-06,-5.306666667,-0.331809302,0.16833332180976868,0.019075872376561165,0.14000000059604645,0.20666666328907013,-0.03251723,-0.021841587,0.0006567135915247491,1.1004001547892888,0.007727216971034068,0.04341580745919297,0.0003,998,202,46.407086073059084,11.526931285858154,50.03694272041321,61.56387400627136,1397,0.45786089851753786,0,0,TRUE,pair,372,3.368112000171095,6.381169057952219,60,0,7.68010752688172,3.368112000171095,0.5578781970543787,7.28955549839884,cpu,cuda:0,0,148.1523438,44
2919,1,DDT500_num150.txt,fixed,2840,8,355,16.6583309173584,10.81413459777832,1.0704967280616984e-05,-5.386666667,-0.351679056,0.16333334147930145,0.011547006666660309,0.14666666090488434,0.18666666746139526,-0.05072287,-0.039921138,0.0006241413975658361,1.111379752556483,0.0065937453279426945,0.050008310800573476,0.0003,1004,196,49.55285110417054,10.834068298339844,46.47847652435303,57.31254482269287,1386,0.43745459895581007,0,0,TRUE,pair,378,2.8689748002798297,6.284859155601179,45,0,7.5132275132275135,2.8689748002798297,0.5343031000811607,7.126731099502649,cpu,cuda:0,0,148.1523438,42
2920,1,DDT500_num150.txt,fixed,2845,8,355.625,14.176896095275879,12.69521713256836,1.0204760656051803e-05,-5.32,-0.349455556,0.16750000417232513,0.017775608226656914,0.13333334028720856,0.20000000298023224,-0.023339732,-0.012552007,0.0005542061782242465,1.106482744216919,0.00995483945423205,0.031766817156624584,0.0003,999,201,68.06841611188452,12.71230697631836,29.083876371383667,41.796183347702026,1391,0.4991447987849824,0,0,TRUE,pair,377,4.209582599345595,6.164850616706486,40,0,7.546419098143236,4.209582599345595,0.6136631019762717,7.5569022000418045,cpu,cuda:0,0,148.1523438,42
2921,1,DDT500_num150.txt,fixed,2859,8,357.375,19.56998634338379,12.247933387756348,1.0265851415169891e-05,-5.253333333,-0.349478578,0.17166665196418762,0.010929064825177193,0.1599999964237213,0.19333332777023315,-0.001597252,0.009112233394070676,0.0006784914493389232,1.1048732054860968,0.007351117118990882,0.038009463784922114,0.0003,994,206,55.115793744793905,12.26636552810669,39.60624313354492,51.87260866165161,1399,0.48067570029525086,0,0,TRUE,pair,397,3.7915600995183922,5.922000698711373,50,0,7.2015113350125946,3.7915600995183922,0.581970400759019,7.486566998297349,cpu,cuda:0,0,148.1523438,42
2922,1,DDT500_num150.txt,fixed,2883,8,360.375,5.851015090942383,13.601982116699219,5.540347046917304e-06,-5.386666667,-0.369421707,0.16333331167697906,0.006666670553386211,0.1599999964237213,0.18000000715255737,-0.021999626,-0.011413243,0.0006930909209283224,1.0932928969462712,0.005575750552755683,0.03505485100322403,0.0003,1004,196,47.79496216358483,13.623926401138306,46.69623851776123,60.320164918899536,1386,0.5216014003381133,0,0,TRUE,pair,369,4.552861499832943,6.064516128039881,45,0,7.813008130081301,4.552861499832943,0.6677904024836607,8.044070298492443,cpu,cuda:0,0,148.15283203125,41
2923,1,DDT500_num150.txt,fixed,2908,8,363.5,12.639225006103516,12.717918395996094,8.984300620795693e-06,-5.293333333,-0.375328252,0.1691666543483734,0.021327471360564232,0.14000000059604645,0.20666666328907013,-0.003571615,0.0069491515556971235,0.0009411094360984862,1.0991322313036238,0.006381452870776965,0.03038564251203622,0.0003,997,203,48.434280177231216,12.736374139785767,47.30374598503113,60.040120124816895,1422,0.4844430008670315,0,0,TRUE,pair,385,4.079226099944208,6.06464924289239,50,0,7.5532467532467535,4.079226099944208,0.6236134996870533,7.701615001948085,cpu,cuda:0,0,148.15283203125,41
2924,1,DDT500_num150.txt,fixed,2928,8,366,7.874007701873779,12.8817777633667,6.768736511730822e-06,-5.373333333,-0.373188287,0.164166659116745,0.014505746774375439,0.14000000059604645,0.18666666746139526,-0.012113921,-0.00163749,0.0006451549402083314,1.0799009998639424,0.0030310203092951617,0.02839310680116926,0.0003,1003,197,49.2160928434999,12.900912523269653,46.5918231010437,59.492735624313354,1402,0.4956648982479237,0,0,TRUE,pair,381,4.115440400375519,5.9463797801179314,45,0,7.68503937007874,4.115440400375519,0.6371351986308582,7.806695298699196,cpu,cuda:0,0,148.15283203125,44
2925,1,DDT500_num150.txt,fixed,2937,8,367.125,5.206666469573975,11.49865436553955,4.932441697746981e-06,-5.413333333,-0.371851669,0.1616666615009308,0.01964970864355564,0.13333334028720856,0.19333332777023315,-0.008316936,0.0021708053314969653,0.0006336256116074288,1.0804553542818343,0.006390299894736104,0.02854367693708766,0.0003,1006,194,50.37719062697653,11.517611742019653,46.7825825214386,58.30019426345825,1451,0.46968029940035194,0,0,TRUE,pair,374,3.1823455010307953,6.092271025180005,50,0,7.852941176470588,3.1823455010307953,0.5454623993718997,7.400913399585988,cpu,cuda:0,0,148.15283203125,47
2926,1,DDT500_num150.txt,fixed,2860,8,357.5,10.440306663513184,13.181978225708008,7.531914434366627e-06,-5.32,-0.36187782,0.16749998927116394,0.01839006319642067,0.14000000059604645,0.20000000298023224,-0.026794799,-0.016335264,0.0006667783284986702,1.0792926649252574,0.005392337636900872,0.03442110330797732,0.0003,999,201,48.926964564321906,13.201951503753662,45.25252294540405,58.454474449157715,1370,0.48926450073486194,0,0,TRUE,pair,369,4.579555699951015,6.115384614801074,60,0,7.750677506775068,4.579555699951015,0.6350820993538946,7.647899900039192,cpu,cuda:0,0,148.1523438,49
2927,1,DDT500_num150.txt,fixed,2919,8,364.875,10.728903770446777,13.65988826751709,1.547702049720101e-05,-5.346666667,-0.375084579,0.16583332419395447,0.01613743044435978,0.14000000059604645,0.19333332777023315,-0.014773373,-0.004320033,0.0006008791637473873,1.0753780262810844,0.0031359464976828478,0.025424093008041382,0.0003,1001,199,48.917626540462386,13.678397417068481,45.99283957481384,59.67174220085144,1415,0.5038641988649033,0,0,TRUE,pair,380,4.819502000347711,6.053442958365895,45,0,7.681578947368421,4.819502000347711,0.6500091996276751,7.862445799866691,cpu,cuda:0,0,148.15283203125,51
2928,1,DDT500_num150.txt,fixed,2936,8,367,9.420722007751465,13.645922660827637,1.2110162060707808e-05,-5.386666667,-0.374330825,0.16333332657814026,0.014907121658325195,0.14000000059604645,0.18666666746139526,-0.014455983,-0.004352234,0.0007314373797271401,1.0469467583156766,0.004434531766492,0.03383164897206284,0.0003,1004,196,47.6148832085637,13.664387464523315,47.997004985809326,61.66139245033264,1427,0.5114601998357102,0,0,TRUE,pair,385,4.615034499904141,5.959809264305177,36,0,7.625974025974026,4.615034499904141,0.6806635996326804,8.018834798655007,cpu,cuda:0,0,148.15283203125,52
2929,1,DDT500_num150.txt,fixed,2849,8,356.125,10.682198524475098,11.347747802734375,7.2158554758061655e-06,-5.4,-0.351960393,0.16249997913837433,0.015964368358254433,0.14000000059604645,0.19333332777023315,-0.014836575,-0.00450782,0.0006694544548129974,1.0663480907678604,0.004388319390661384,0.032776858541183174,0.0003,1005,195,51.789824408655505,11.365875959396362,43.644930362701416,55.01080632209778,1396,0.46084150136448443,0,0,TRUE,pair,372,3.2344483992783353,6.030888031222771,45,0,7.658602150537634,3.2344483992783353,0.5593810008140281,7.262012199440505,cpu,cuda:0,0,148.1523438,45
2930,1,DDT500_num150.txt,fixed,2906,8,363.25,3.665719509124756,13.18764591217041,4.143273145018611e-06,-5.306666667,-0.346591366,0.16833332180976868,0.00986013375222683,0.15333333611488342,0.18666666746139526,-0.027455696,-0.017137293,0.000569372042567314,1.0603088960051537,0.006639492356043775,0.0437138945562765,0.0003,998,202,48.12298533062456,13.216101169586182,47.17084240913391,60.38694357872009,1395,0.4887499994947575,0,0,TRUE,pair,371,4.464565500267781,5.883688919969206,45,0,7.83288409703504,4.464565500267781,0.6082394003169611,7.803362401376944,cpu,cuda:0,0,148.15283203125,43
2931,1,DDT500_num150.txt,fixed,2791,8,348.875,6.112231731414795,12.718609809875488,6.262743681872962e-06,-5.4,-0.357710169,0.16249999403953552,0.00939119327813387,0.14666666090488434,0.18000000715255737,-0.010647058,-0.000323854,0.0007154334962251596,1.0680920680363972,0.00868493849581379,0.04106776237798234,0.0003,1005,195,73.18411214602125,12.741473913192749,25.39521884918213,38.13669276237488,1373,0.48611360002541915,0,0,TRUE,pair,357,4.377710099914111,6.15693299901054,60,0,7.817927170868347,4.377710099914111,0.610911299532745,7.429462299798615,cpu,cuda:0,0,148.1503906,42
2932,1,DDT500_num150.txt,fixed,2915,8,364.375,12.608901023864746,12.000649452209473,8.078133760136552e-06,-5.52,-0.382580634,0.1549999862909317,0.015184056013822556,0.13333334028720856,0.18000000715255737,-0.008622274,0.0015909948962784949,0.0006684762220607982,1.054750558875856,0.004222314682140548,0.034708624838718345,0.0003,1014,186,47.81750459128599,12.01887845993042,48.94206094741821,60.96093940734863,1408,0.5590507006272674,0,0,TRUE,pair,379,3.5290317002800293,6.029502572326267,40,0,7.691292875989446,3.5290317002800293,0.5772654006723315,7.590983699425124,cpu,cuda:0,0,148.15283203125,42
2933,1,DDT500_num150.txt,fixed,2836,8,354.5,12.449899673461914,12.451884269714355,7.979011570569128e-06,-5.426666667,-0.383613698,0.16083332896232605,0.013514396734535694,0.14666666090488434,0.18666666746139526,-0.015927612,-0.005616936,0.0006182488666482917,1.0619801619778508,0.007476685672451783,0.024210758122575025,0.0003,1007,193,49.98436789185756,12.470010042190552,44.26772856712341,56.737738609313965,1397,0.5745163994142786,0,0,TRUE,pair,375,4.015233499754686,6.088857542056123,55,0,7.562666666666667,4.015233499754686,0.6013864012202248,7.5327411002945155,cpu,cuda:0,0,148.1523438,41
2934,1,DDT500_num150.txt,fixed,2918,8,364.75,12.705805778503418,10.953695297241211,9.17214583751047e-06,-5.506666667,-0.373659988,0.15583331882953644,0.01761864311993122,0.13333334028720856,0.18000000715255737,0.00019147566386631558,0.010473209300211497,0.0006523607021552466,1.0607915151686895,0.005170248667820401,0.03495296478892366,0.0003,1013,187,49.51269826498656,10.971117734909058,47.96325874328613,58.93437647819519,1428,0.46094619907671586,0,0,TRUE,pair,383,2.835144800541457,6.03564084883501,45,0,7.618798955613577,2.835144800541457,0.5334445998887531,7.29934200050775,cpu,cuda:0,0,148.15283203125,40
2935,1,DDT500_num150.txt,fixed,2856,8,357,13.747727394104004,12.891657829284668,2.345001485082321e-05,-5.48,-0.368074574,0.1574999839067459,0.018238389864563942,0.12666666507720947,0.19333332777023315,-0.025397933,-0.01490749,0.0007182291774370242,1.084955687324206,0.005948162448021321,0.0410441867619132,0.0003,1011,189,48.890635148491526,12.91152811050415,45.50456714630127,58.41609525680542,1417,0.502592199598439,0,0,TRUE,pair,380,4.302233100461308,5.997198881054459,45,0,7.515789473684211,4.302233100461308,0.6347364004468545,7.639805002545472,cpu,cuda:0,0,148.1523438,44
2936,1,DDT500_num150.txt,fixed,2889,8,361.125,15.398356437683105,13.13764762878418,7.703540177317336e-06,-5.413333333,-0.355134587,0.1616666615009308,0.02279132604598999,0.12666666507720947,0.20000000298023224,-0.012530528,-0.001988845,0.000677807485772064,1.0880589385827382,0.005144022528838832,0.03591277178687354,0.0003,1006,194,48.606846128511116,13.15495753288269,46.28111433982849,59.43607187271118,1419,0.5679993982776068,0,0,TRUE,pair,384,4.503918199392501,6.023191414559411,60,0,7.5234375,4.503918199392501,0.6447043003281578,7.66995019861497,cpu,cuda:0,0,148.15283203125,47
2937,1,DDT500_num150.txt,fixed,2783,8,347.875,7.270445346832275,12.610189437866211,2.0896677597193047e-05,-5.64,-0.352092731,0.14749999344348907,0.010240168310701847,0.13333334028720856,0.1599999964237213,-0.007026865,0.003646907270497953,0.0006942831411530884,1.1020915061235428,0.00504340141681799,0.0326414976346617,0.0003,1023,177,45.82344345074426,12.631528854370117,48.10157608985901,60.733104944229126,1379,0.564105000346899,0,0,TRUE,pair,358,4.273008399759419,6.160618038002724,45,0,7.773743016759776,4.273008399759419,0.5897065991885029,7.451125001185574,cpu,cuda:0,0,148.1503906,49
2938,1,DDT500_num150.txt,fixed,2818,8,352.25,11.08771800994873,13.120898246765137,1.981027344299946e-05,-5.586666667,-0.365612001,0.1508333384990692,0.02158639021217823,0.12666666507720947,0.18666666746139526,-0.024385411,-0.013851485,0.0008535517869556012,1.0960703939199448,0.003773202115553431,0.029294995319408674,0.0003,1019,181,47.45102231992635,13.14126706123352,46.246283769607544,59.387550830841064,1418,0.6935524001019076,0,0,TRUE,pair,370,4.220217900117859,6.011710429716144,50,0,7.616216216216216,4.220217900117859,0.6246236995211802,7.942474601441063,cpu,cuda:0,0,148.1523438,51
2939,1,DDT500_num150.txt,fixed,2850,8,356.25,15.056144714355469,12.237166404724121,8.489843821735121e-06,-5.306666667,-0.357681183,0.16833333671092987,0.019364917650818825,0.14000000059604645,0.20000000298023224,-0.180875279,-0.170183949,0.0006499513401649892,1.101629912853241,0.01862053787044715,0.00797722116112709,0.0003,998,202,190.71392041790043,12.255725383758545,2.6881234645843506,14.943848848342896,1405,0.5863786998670548,0,0,TRUE,pair,388,3.8428911001537926,6.056491228237487,51,0,7.345360824742268,3.8428911001537926,0.5894143994082697,7.4976753006340005,cpu,cuda:0,0,148.1523438,50
2940,1,DDT500_num150.txt,fixed,2850,8,356.25,10.461237907409668,12.368976593017578,7.016152721917024e-06,-5.306666667,-0.344112008,0.16833333671092987,0.022298481315374374,0.11999999731779099,0.19333332777023315,-0.023822551,-0.013255658,0.0007599893554773492,1.0946888029575348,0.005375392673158785,0.034879455905562885,0.0003,998,202,40.46759928171688,12.390033960342407,58.03667902946472,70.42671298980713,1419,0.531540498835966,0,0,TRUE,pair,371,3.831601100449916,6.133684210024382,45,0,7.681940700808625,3.831601100449916,0.6089152005151846,7.614853299979586,cpu,cuda:0,0,148.1523438,45
2941,1,DDT500_num150.txt,fixed,2834,8,354.25,12.537444114685059,12.782442092895508,7.317547442653449e-06,-5.44,-0.342162244,0.1599999964237213,0.014529665000736713,0.14000000059604645,0.18666666746139526,-0.007216398,0.003348683395112554,0.000657282495618953,1.0893723865350087,0.006802310697859563,0.039624456238622464,0.0003,1008,192,42.295034078354405,12.804347038269043,54.20115518569946,67.0055022239685,1398,0.6086022008676082,0,0,TRUE,pair,375,3.660015399858821,6.128440368150268,50,0,7.557333333333333,3.660015399858821,0.6222535007400438,8.163464600627776,cpu,cuda:0,0,148.1523438,43
2942,1,DDT500_num150.txt,fixed,2861,8,357.625,11.39009952545166,13.505911827087402,7.168434422055725e-06,-5.48,-0.344764738,0.1574999988079071,0.01854049786925316,0.14000000059604645,0.18666666746139526,-0.018148854,-0.00769837,0.0007335807119185725,1.0817275270819664,0.005531690704932164,0.041285214751648404,0.0003,1011,189,41.28472838227326,13.525034427642822,55.77419829368591,69.29923272132874,1404,0.6353524014120921,0,0,TRUE,pair,384,4.258427199791186,6.036700454886582,65,0,7.450520833333333,4.258427199791186,0.675655999337323,8.22374270122964,cpu,cuda:0,0,148.1523438,42
2943,1,DDT500_num150.txt,fixed,2834,8,354.25,11.903255462646484,13.023183822631836,9.233911441697273e-06,-5.52,-0.367552096,0.1549999862909317,0.00552770821377635,0.14666666090488434,0.1599999964237213,-0.018218473,-0.007603525,0.0007484575059303703,1.098917658130328,0.005555533032444752,0.03403856907001076,0.0003,1014,186,41.90693319929122,13.043530225753784,54.58251118659973,67.62604141235352,1404,0.6078295012121089,0,0,TRUE,pair,369,4.078264599957038,6.000352858739919,48,0,7.6802168021680215,4.078264599957038,0.6023348983144388,8.012287700898014,cpu,cuda:0,0,148.1523438,42
2944,1,DDT500_num150.txt,fixed,2819,8,352.375,12.195670127868652,11.843416213989258,8.476442417304497e-06,-5.586666667,-0.368056464,0.1508333384990692,0.015612493269145489,0.13333334028720856,0.1733333319425583,0.009185224731007347,0.01981158676030843,0.0006676755071131755,1.096019957376563,0.005308635457249297,0.03129517440886601,0.0003,1019,181,43.182439902744925,11.862311601638794,53.418853759765625,65.28116536140442,1411,0.5781112008844502,0,0,TRUE,pair,370,3.385200100427028,6.0326356840455055,48,0,7.618918918918919,3.385200100427028,0.5751429991214536,7.56908339849906,cpu,cuda:0,0,148.1523438,41
2945,1,DDT500_num150.txt,fixed,2821,8,352.625,8.716901779174805,14.03238296508789,5.80097457714146e-06,-5.76,-0.395733626,0.13999998569488525,0.01154700294137001,0.1133333370089531,0.15333333611488342,-0.031062364,-0.020540486,0.0012229840451089497,1.113337365063754,0.008064102492591535,0.0434496183456345,0.0003,1032,168,70.61441023678893,14.050912857055664,25.89844012260437,39.949352979660034,1424,0.7696567005477846,0,0,TRUE,pair,365,4.532852399745025,6.012052462144085,90,0,7.728767123287671,4.532852399745025,0.6922555001801811,8.453636700112838,cpu,cuda:0,0,148.1523438,41
2946,1,DDT500_num150.txt,fixed,2795,8,349.375,7.967708110809326,12.41518783569336,5.662127477989998e-06,-5.56,-0.353768501,0.1524999886751175,0.013919409364461899,0.13333334028720856,0.1733333319425583,-0.009723117,0.0008795862086117268,0.0009820423405876176,1.109372854232788,0.008401256992429908,0.027509622030063637,0.0003,1017,183,50.768755028797656,12.436381340026855,42.617164850234985,55.05354619026184,1411,0.6243975016986951,0,0,TRUE,pair,358,3.5552154006436467,5.76887298705113,50,0,7.807262569832402,3.5552154006436467,0.5962435012334026,7.9491975012933835,cpu,cuda:0,0,148.1503906,0
2947,1,DDT500_num150.txt,fixed,2859,8,357.375,9.026869773864746,13.029773712158203,6.633008979406441e-06,-5.413333333,-0.333928102,0.16166667640209198,0.014813657850027084,0.14000000059604645,0.18666666746139526,-0.029113377,-0.01825513,0.0007676346743080233,1.1242064294360934,0.006607722774788272,0.03596067040537795,0.0003,1006,194,40.35779295091414,13.049986839294434,57.7913498878479,70.84133672714233,1412,0.6110572005272843,0,0,TRUE,pair,373,3.799573300406337,5.8915704784379965,40,0,7.664879356568365,3.799573300406337,0.6354153995634988,8.260115399258211,cpu,cuda:0,0,148.1523438,46
2948,1,DDT500_num150.txt,fixed,2820,8,352.5,10.677078247070312,12.932289123535156,6.650126124441158e-06,-5.56,-0.328914838,0.1524999886751175,0.010240170173346996,0.13333334028720856,0.1666666716337204,0.03782531018886301,0.04928008415218857,0.0006487675062898132,1.1779158645206027,0.005873487518531167,0.01960157615960472,0.0003,1017,183,89.02008216548985,12.952136754989624,18.72610855102539,31.678245306015015,1426,0.6266133988974616,0,0,TRUE,pair,365,3.9871230000280775,5.644680850049283,45,0,7.726027397260274,3.9871230000280775,0.6313448014552705,7.984521800884977,cpu,cuda:0,0,148.1523438,47
2949,1,DDT500_num150.txt,fixed,2862,8,357.75,14.122234344482422,13.719406127929688,1.3987674719828647e-05,-5.56,-0.328246583,0.1524999886751175,0.009682457894086838,0.13333334028720856,0.1666666716337204,-0.024692384,-0.013690872,0.000639438088304208,1.1321232666571934,0.009548739720230515,0.0388889479994153,0.0003,1017,183,42.45994908172621,13.740518569946289,53.66417837142944,67.40469694137573,1403,0.627604900393635,0,0,TRUE,pair,376,4.206678700516932,5.871069181723498,60,0,7.611702127659575,4.206678700516932,0.6609444009372965,8.496755001542624,cpu,cuda:0,0,148.1523438,50
2950,1,DDT500_num150.txt,fixed,2843,8,355.375,12.368685722351074,13.953780174255371,7.425504463753896e-06,-5.613333333,-0.344891974,0.14916665852069855,0.011989579536020756,0.13333334028720856,0.1666666716337204,-0.01906869,-0.008030852,0.0005428433808750318,1.1309259335199993,0.003433514561644794,0.029479810851626098,0.0003,1021,179,40.40065127669552,13.977559804916382,56.392592906951904,70.37015271186829,1407,0.7319154000724666,0,0,TRUE,pair,380,4.323613099462818,5.95919802941112,55,0,7.481578947368421,4.323613099462818,0.6968354003620334,8.568330800684635,cpu,cuda:0,0,148.1523438,51
2951,1,DDT500_num150.txt,fixed,2843,8,355.375,11.799761772155762,13.523032188415527,6.05977311352035e-06,-5.586666667,-0.346957568,0.15083332359790802,0.011023962870240211,0.13333334028720856,0.1666666716337204,0.039922306624551616,0.0510423785696427,0.0006451188285912698,1.1442633867263794,0.0043977601526421495,0.0204057451725627,0.0003,1019,181,68.81835155076098,13.541849851608276,27.769805192947388,41.311655044555664,1409,0.647474399942439,0,0,TRUE,pair,383,4.279951699834783,5.874076679312256,60,0,7.422976501305483,4.279951699834783,0.6545634000212885,8.2379307996016,cpu,cuda:0,0,148.1523438,46
2952,1,DDT500_num150.txt,fixed,2809,8,351.125,13.042598724365234,13.029311180114746,7.5394573286757804e-06,-5.386666667,-0.353259633,0.16333332657814026,0.013743688352406025,0.14000000059604645,0.18000000715255737,-0.015758174,-0.004802451,0.0007080223707210583,1.1309733887513478,0.004426303356012795,0.03294868734277164,0.0003,1004,196,41.93936981990419,13.050037384033203,53.92760229110718,66.97763967514038,1377,0.6791416993946768,0,0,TRUE,pair,378,3.856245800096076,5.940548236194392,60,0,7.431216931216931,3.856245800096076,0.6446653007296845,8.188280999311246,cpu,cuda:0,0,148.1503906,45
2953,1,DDT500_num150.txt,fixed,2841,8,355.125,15.259730339050293,13.833587646484375,1.0625019058352336e-05,-5.413333333,-0.336913239,0.1616666615009308,0.01481365691870451,0.14666666090488434,0.19333332777023315,-0.009360508,0.001305915109696798,0.0005875257593288552,1.0960186272859573,0.009241609577202325,0.028134067339124158,0.0003,1006,194,58.27917475324069,13.860538482666016,34.88757801055908,48.7481164932251,1387,0.7343563003232703,0,0,TRUE,pair,377,4.235458600218408,5.869060190661362,40,0,7.535809018567639,4.235458600218408,0.699017800448928,8.522045900521334,cpu,cuda:0,0,148.1523438,43
2954,1,DDT500_num150.txt,fixed,2833,8,354.125,9.623376846313477,12.594419479370117,5.936574780207593e-06,-5.4,-0.337665722,0.16249999403953552,0.00939119327813387,0.14666666090488434,0.18000000715255737,-0.028476784,-0.01762363,0.0007348110496726198,1.1220557341972988,0.0043787772469841,0.031326768589982144,0.0003,1005,195,42.29651313977416,12.61365818977356,54.36585831642151,66.97951650619507,1394,0.5829997006221674,0,0,TRUE,pair,365,3.69288850115845,5.961877866722104,55,0,7.761643835616439,3.69288850115845,0.6062222021864727,7.970557397871744,cpu,cuda:0,0,148.1523438,43
2955,1,DDT500_num150.txt,fixed,2775,8,346.875,12.732217788696289,13.601224899291992,8.60951877257321e-06,-5.56,-0.358152455,0.1524999886751175,0.017460273578763008,0.13333334028720856,0.18000000715255737,-0.03131209,-0.020312006,0.0007968110124541757,1.1398491611083348,0.005399866099954427,0.028849745828968782,0.0003,1017,183,40.969682720833916,13.620978116989136,54.11203360557556,67.7330117225647,1370,0.6393146012560464,0,0,TRUE,pair,368,4.2561487993225455,6.081441441097775,50,0,7.540760869565218,4.2561487993225455,0.6853033006191254,8.299474400642794,cpu,cuda:0,0,148.1503906,42
2956,1,DDT500_num150.txt,fixed,2772,8,346.5,19.646883010864258,12.865442276000977,1.09153015728225e-05,-5.693333333,-0.364114212,0.14416666328907013,0.00661437725648284,0.13333334028720856,0.15333333611488342,-0.028259223,-0.017538678,0.0006417829257164461,1.104143778483073,0.00563254723965656,0.031212469136031967,0.0003,1027,173,41.19874382110213,12.884429454803467,54.39917540550232,67.28360486030579,1384,0.6209532995708287,0,0,TRUE,pair,379,4.180267599702347,5.992424244230444,70,0,7.313984168865435,4.180267599702347,0.605606300290674,7.759909301181324,cpu,cuda:0,0,148.1503906,43
2957,1,DDT500_num150.txt,fixed,2755,8,344.375,13.990509986877441,12.649173736572266,1.3266017958812881e-05,-5.6,-0.361455526,0.14999999105930328,0.009428087621927261,0.13333334028720856,0.1599999964237213,-0.071662177,-0.060932564,0.0007467791035126608,1.1102999265377338,0.008022883820768375,0.037884114954907164,0.0003,1020,180,62.664048921060626,12.667420148849487,31.297182321548462,43.96460247039795,1394,0.6081933014211245,0,0,TRUE,pair,366,3.7542644995846786,6.082395641773452,50,0,7.527322404371585,3.7542644995846786,0.6382162992958911,7.925601201597601,cpu,cuda:0,0,148.1503906,41
2958,1,DDT500_num150.txt,fixed,2826,8,353.25,14.703315734863281,12.820308685302734,6.684229902020888e-06,-5.533333333,-0.359435113,0.15416666865348816,0.017775608226656914,0.13333334028720856,0.18666666746139526,-0.028003341,-0.017192619,0.0007716989546844906,1.119657570665533,0.007576016112579964,0.028875183356417852,0.0003,1015,185,78.66542903810199,12.839648485183716,23.08464550971985,35.924293994903564,1419,0.691008499416057,0,0,TRUE,pair,372,3.964792199723888,6.0077848573652295,44,0,7.596774193548387,3.964792199723888,0.6375721999211237,7.879326999711338,cpu,cuda:0,0,148.1523438,42
2959,1,DDT500_num150.txt,fixed,2845,8,355.625,7.777170181274414,14.183540344238281,5.124612926010741e-06,-5.466666667,-0.354377818,0.15833333134651184,0.01818118803203106,0.14000000059604645,0.19333332777023315,0.0080062176566571,0.018684497529951234,0.0006741178658558056,1.1015338450670242,0.003283477416819854,0.024531428430539865,0.0003,1010,190,40.82046194402806,14.202250003814697,55.49318861961365,69.69543862342834,1401,0.745590599195566,0,0,TRUE,pair,366,4.328917499689851,5.785588751526415,40,0,7.773224043715847,4.328917499689851,0.6966361007653177,8.790919000341091,cpu,cuda:0,0,148.1523438,44
2960,1,DDT500_num150.txt,fixed,2906,8,363.25,11.74467945098877,13.067136764526367,7.614478818140924e-06,-5.333333333,-0.336643819,0.1666666567325592,0.023333335295319557,0.12666666507720947,0.20000000298023224,-0.028226232,-0.017560254,0.0007056663369959486,1.1018810953412737,0.007213676695495711,0.025850491298894798,0.0003,1000,200,57.04320275946391,13.085686445236206,37.85815715789795,50.943843603134155,1447,0.6119636988732964,0,0,TRUE,pair,380,3.9286963998456486,5.8282863049366025,40,0,7.647368421052631,3.9286963998456486,0.6338339990470558,8.166890698485076,cpu,cuda:0,0,148.15283203125,48
2961,1,DDT500_num150.txt,fixed,2835,8,354.375,11.542719841003418,13.161022186279297,7.3330670602445025e-06,-5.44,-0.353943396,0.1599999964237213,0.012909946963191032,0.14000000059604645,0.18000000715255737,-0.005690391,0.005064862547442317,0.000708696138948047,1.1109600067138672,0.004136617005239411,0.02926527402208497,0.0003,1008,192,43.122914112471335,13.180298805236816,52.56201148033142,65.74231028556824,1403,0.6080028985743411,0,0,TRUE,pair,378,3.860971900052391,5.99611992911687,90,0,7.5,3.860971900052391,0.6684093010262586,8.2790570979123,cpu,cuda:0,0,148.1523438,51
2962,1,DDT500_num150.txt,fixed,2845,8,355.625,12.449272155761719,14.428729057312012,7.152557373046875e-06,-5.413333333,-0.341107673,0.1616666615009308,0.014043581672012806,0.14666666090488434,0.19333332777023315,-0.019078962,-0.008373531,0.0006800648434797214,1.1045461552483695,0.0036452490843484633,0.021833376837007347,0.0003,1006,194,40.546228416776984,14.447412252426147,55.71940994262695,70.1668221950531,1387,0.6418035997194238,0,0,TRUE,pair,383,4.458799000130966,5.866783831366755,40,0,7.4281984334203655,4.458799000130966,0.7362192994914949,8.851806500169914,cpu,cuda:0,0,148.1523438,50
2963,1,DDT500_num150.txt,fixed,2773,8,346.625,9.961645126342773,13.54320240020752,1.5010906281531788e-05,-5.533333333,-0.358230539,0.15416665375232697,0.016137434169650078,0.12666666507720947,0.18000000715255737,-0.042264331,-0.031673821,0.0007545582225753202,1.096778882874383,0.005592438180529926,0.014979661752780279,0.0003,1015,185,84.35416561503231,13.561992168426514,19.311310291290283,32.8733024597168,1398,0.6281310002668761,0,0,TRUE,pair,363,4.0457156000775285,6.063829786460236,50,0,7.639118457300276,4.0457156000775285,0.7207872994476929,8.4145396988024,cpu,cuda:0,0,148.1503906,47
2964,1,DDT500_num150.txt,fixed,2826,8,353.25,12.193748474121094,13.955649375915527,8.272815648524556e-06,-5.573333333,-0.341516974,0.15166665613651276,0.013228755444288254,0.13333334028720856,0.1733333319425583,-0.01511876,-0.004321003,0.0007436109699483495,1.1169561793406804,0.00496294732268628,0.03000990501216923,0.0003,1018,182,40.978212482238696,13.975728273391724,54.98774838447571,68.96347665786743,1413,0.7621313997078687,0,0,TRUE,pair,379,4.211228199361358,5.958952583493869,40,0,7.45646437994723,4.211228199361358,0.7019399002892897,8.661131499684416,cpu,cuda:0,0,148.1523438,43
2965,1,DDT500_num150.txt,fixed,2840,8,355,8.200610160827637,13.394519805908203,6.3439056248171255e-06,-5.44,-0.334403695,0.1599999964237213,0.01914854161441326,0.13333334028720856,0.18666666746139526,-0.042217918,-0.031453151,0.0008006231468503497,1.1165078112057276,0.0065462430583076115,0.03280724408770246,0.0003,1008,192,58.66138062926393,13.414698600769043,34.99875450134277,48.413453102111816,1392,0.7100064002443105,0,0,TRUE,pair,372,3.8814279002253897,6.013028169433835,55,0,7.634408602150538,3.8814279002253897,0.6705555008375086,8.480485698091798,cpu,cuda:0,0,148.1523438,43
2966,1,DDT500_num150.txt,fixed,2797,8,349.625,8.915401458740234,12.052453994750977,6.684229902020888e-06,-5.56,-0.337904816,0.1525000035762787,0.013514398597180843,0.14000000059604645,0.18000000715255737,-0.025526478,-0.014706586,0.0008088111644610763,1.1224299987157187,0.005160770015936578,0.020470389537513255,0.0003,1017,183,55.42006323861317,12.078105688095093,38.39098143577576,50.46908712387085,1415,0.6093883007997647,0,0,TRUE,pair,360,3.327973900071811,6.236682158774634,75,0,7.769444444444445,3.327973900071811,0.5880560998339206,7.820071300957352,cpu,cuda:0,0,148.1503906,42
2967,1,DDT500_num150.txt,fixed,2804,8,350.5,9.69536018371582,15.063389778137207,6.3439056248171255e-06,-5.533333333,-0.333821022,0.15416665375232697,0.015789411962032318,0.12666666507720947,0.1733333319425583,-0.025494343,-0.014377688,0.00065481425311494,1.144406149784724,0.004260565305154766,0.02913149379310198,0.0003,1015,185,40.41736490593373,15.09415864944458,54.281962394714355,69.37612104415894,1386,0.8664545994834043,0,0,TRUE,pair,361,4.645230700203683,6.142653353799257,40,0,7.767313019390581,4.645230700203683,0.8000998004572466,9.209968498849776,cpu,cuda:0,0,148.1503906,42
2968,1,DDT500_num150.txt,fixed,2813,8,351.625,5.998697757720947,13.028422355651855,5.394796517066425e-06,-5.506666667,-0.31902711,0.15583334863185883,0.016308654099702835,0.13333334028720856,0.18666666746139526,-0.041522075,-0.03062469,0.0006089039088692516,1.1201839276722498,0.010221786574610243,0.02940082097692149,0.0003,1013,187,103.71156417297092,13.047427892684937,14.075873374938965,27.1233012676239,1377,0.600919600459747,0,0,TRUE,pair,364,3.8760054003214464,6.0629221472585915,45,0,7.728021978021978,3.8760054003214464,0.6578001002781093,8.155718603229616,cpu,cuda:0,0,148.1503906,42
2969,1,DDT500_num150.txt,fixed,2764,8,345.5,12.884099006652832,13.782196998596191,6.67572021484375e-06,-5.546666667,-0.3387858,0.15333333611488342,0.019436506554484367,0.11999999731779099,0.18666666746139526,-0.009371131,0.001626313477754593,0.0005508974834810942,1.1272892832756043,0.005466431046079379,0.018071545148268343,0.0003,1016,184,69.01265858532535,13.806040048599243,26.24458336830139,40.050623416900635,1368,0.64947639987804,0,0,TRUE,pair,365,4.301676399423741,6.19319826079864,80,0,7.572602739726028,4.301676399423741,0.6776663998607546,8.439233401441015,cpu,cuda:0,0,148.1503906,42
2970,1,DDT500_num150.txt,fixed,2894,8,361.75,14.549484252929688,14.104732513427734,8.58306884765625e-06,-5.546666667,-0.338601354,0.15333333611488342,0.015275253914296627,0.12666666507720947,0.1666666716337204,-0.012008608,-0.001332094,0.0007150214344922764,1.1034024854501088,0.00531661839189231,0.03906825683467711,0.0003,1016,184,40.34403417761404,14.125969409942627,57.607065200805664,71.73303461074829,1412,0.6697960992460139,0,0,TRUE,pair,378,4.3024399999994785,5.947131996494206,60,0,7.656084656084656,4.3024399999994785,0.6918121975031681,8.733911700022873,cpu,cuda:0,0,148.15283203125,42
2971,1,DDT500_num150.txt,fixed,2795,8,349.375,17.83912467956543,12.588672637939453,9.368363862449769e-06,-5.586666667,-0.353656685,0.15083332359790802,0.024252720177173615,0.12666666507720947,0.19333332777023315,0.11487364210188389,0.1257552793249488,0.0007111661689123139,1.1237221658229828,0.010732876195106655,0.00785158690996468,0.0003,1019,181,117.67760926818255,12.608123064041138,11.143209218978882,23.75133228302002,1403,0.6558168003684841,0,0,TRUE,pair,376,3.56288400007179,6.2343470477887255,64,0,7.433510638297872,3.56288400007179,0.6134010028326884,8.082145699940156,cpu,cuda:0,0,148.1503906,42
2972,1,DDT500_num150.txt,fixed,2781,8,347.625,10.331233024597168,14.065666198730469,3.218209167243913e-05,-5.493333333,-0.339444734,0.15666666626930237,0.020816661417484283,0.12666666507720947,0.20000000298023224,-0.036653861,-0.025620906,0.0008086943998932838,1.1437299251556396,0.010923365582129918,0.007838031277060509,0.0003,1012,188,141.0329531042157,14.099910497665405,5.618885278701782,19.718795776367188,1379,0.6707345004542731,0,0,TRUE,pair,362,4.327957500354387,6.236965119517222,50,0,7.68232044198895,4.327957500354387,0.7373814969905652,8.622320802591275,cpu,cuda:0,0,148.1503906,0
2973,1,DDT500_num150.txt,fixed,2789,8,348.625,11.725373268127441,13.8607816696167,1.2958219485881273e-05,-5.48,-0.334908853,0.1574999988079071,0.014505746774375439,0.13333334028720856,0.18000000715255737,-0.021539369,-0.010325561,0.0006157013340271078,1.1521659642457962,0.005623369945775873,0.03382328350562602,0.0003,1011,189,43.425038148924514,13.882726192474365,50.342893838882446,64.22562003135681,1371,0.6371803009533323,0,0,TRUE,pair,361,4.376693399623036,6.3456435994291525,55,0,7.725761772853185,4.376693399623036,0.7135972010437399,8.405404701188672,cpu,cuda:0,0,148.1503906,46
2974,1,DDT500_num150.txt,fixed,2770,8,346.25,5.379358768463135,14.01654052734375,4.383272425911855e-06,-5.506666667,-0.335502683,0.15583331882953644,0.008779712952673435,0.14666666090488434,0.1733333319425583,-0.02160355,-0.010504744,0.0006036456021399277,1.1400629748468813,0.008181806219711332,0.03700948162409275,0.0003,1013,187,41.170657216453336,14.034704208374023,53.24622321128845,67.28092741966248,1378,0.6700047992635518,0,0,TRUE,pair,357,4.20276789937634,6.317328520372026,50,0,7.759103641456583,4.20276789937634,0.7222065008827485,8.716835100436583,cpu,cuda:0,0,148.1503906,0
2975,1,DDT500_num150.txt,fixed,2840,8,355,6.041522979736328,13.993882179260254,5.84003873882466e-06,-5.466666667,-0.335701253,0.15833333134651184,0.010408333502709866,0.14666666090488434,0.1733333319425583,-0.023237769,-0.01230418,0.0005525401918151017,1.1209862572806222,0.014581438411758947,0.050651428456019075,0.0003,1010,190,58.16566749667584,14.011566162109375,34.81448745727539,48.826053619384766,1370,0.6464191990671679,0,0,TRUE,pair,365,4.431604200042784,6.080985915409007,44,0,7.780821917808219,4.431604200042784,0.7251343997195363,8.469711598823778,cpu,cuda:0,0,148.1523438,0
2976,1,DDT500_num150.txt,fixed,2859,8,357.375,15.874015808105469,13.334534645080566,9.990848411689512e-06,-5.506666667,-0.336594371,0.15583331882953644,0.019418634474277496,0.13333334028720856,0.18666666746139526,0.05133938267827034,0.06243020142428577,0.0005359394359402359,1.1358786344528198,0.009845706255873665,0.0309811070561409,0.0003,1013,187,75.11051617680482,13.355841636657715,24.708069324493408,38.06391096115112,1407,0.6196327998768538,0,0,TRUE,pair,381,4.027168800414074,6.0682056648158325,45,0,7.503937007874016,4.027168800414074,0.6679886001511477,8.288885098008905,cpu,cuda:0,0,148.1523438,48
2977,1,DDT500_num150.txt,fixed,2831,8,353.875,11.196399688720703,14.185395240783691,8.622713721706532e-06,-5.6,-0.366545615,0.14999999105930328,0.013743686489760876,0.12666666507720947,0.1733333319425583,0.010047153654423628,0.02066386795856736,0.0006521814767355946,1.0942804488268765,0.005098147185477005,0.02323027141392231,0.0003,1020,180,66.4192959136845,14.209386825561523,28.413769006729126,42.62315583229065,1364,0.6802883016061969,0,0,TRUE,pair,375,4.344837900134735,6.19180501656918,45,0,7.549333333333333,4.344837900134735,0.7377717007766478,8.726631597965024,cpu,cuda:0,0,148.1523438,45
2978,1,DDT500_num150.txt,fixed,2891,8,361.375,21.447246551513672,14.20279312133789,1.0463289072504267e-05,-5.24,-0.313256139,0.17249998450279236,0.023199016228318214,0.14000000059604645,0.20666666328907013,-0.009215333,0.001607210064927737,0.0008331304859547388,1.1239108187811715,0.007602295591606803,0.04349531273224524,0.0003,993,207,41.399269120532495,14.229618787765503,55.60253190994263,69.83215069770813,1401,0.6333156011532992,0,0,TRUE,pair,385,4.511510600801557,6.299204427698664,55,0,7.509090909090909,4.511510600801557,0.7197102997452021,8.593001700355671,cpu,cuda:0,0,148.15283203125,43
2979,1,DDT500_num150.txt,fixed,2848,8,356,12.389512062072754,13.915448188781738,6.097179266362218e-06,-5.44,-0.32214564,0.15999998152256012,0.014529661275446415,0.14000000059604645,0.19333332777023315,-0.00794494,0.002834751270711422,0.0008311941404826939,1.1195287942886352,0.0076910194620722905,0.03470627807546407,0.0003,1008,192,68.47388198971619,13.933088064193726,27.65941286087036,41.59250092506409,1382,0.6333746000309475,0,0,TRUE,pair,372,4.134275299613364,6.229985954386465,40,0,7.655913978494624,4.134275299613364,0.6908257001196034,8.724343001202215,cpu,cuda:0,0,148.1523438,44
2980,1,DDT500_num150.txt,fixed,2873,8,359.125,9.35998821258545,14.342795372009277,6.835589829279343e-06,-5.453333333,-0.340146812,0.15916666388511658,0.01024017482995987,0.14666666090488434,0.18000000715255737,0.006130907063682874,0.017261774589618046,0.000674618446889023,1.1468175649642944,0.0224594254201899,0.01660297221193711,0.0003,1009,191,128.6352631174368,14.366306781768799,7.968159914016724,22.334466695785522,1412,0.6748695019632578,0,0,TRUE,pair,374,4.569556899892632,6.175426384484025,40,0,7.681818181818182,4.569556899892632,0.7417725004488602,8.655510099662933,cpu,cuda:0,0,148.1523438,43
2981,1,DDT500_num150.txt,fixed,2827,8,353.375,11.575161933898926,12.757357597351074,7.4560621214914136e-06,-5.52,-0.349755432,0.1549999862909317,0.012360328808426857,0.13333334028720856,0.1733333319425583,-0.040916791,-0.029628383,0.0005937633437237569,1.1585288388388497,0.013946790848941808,0.01569988831345524,0.0003,1014,186,95.43375855597479,12.779058694839478,16.84358263015747,29.62264132499695,1388,0.6917513016378507,0,0,TRUE,pair,366,3.626977499865461,6.286169084509144,60,0,7.724043715846994,3.626977499865461,0.658757999073714,8.134173800470307,cpu,cuda:0,0,148.1523438,42
2982,1,DDT500_num150.txt,fixed,2876,8,359.5,12.020814895629883,14.50419807434082,9.778068488230929e-06,-5.546666667,-0.331737142,0.15333332121372223,0.01763834059238434,0.12666666507720947,0.19333332777023315,-0.017520691,-0.00634581,0.0006462163958834329,1.1497991979122162,0.009413387527274608,0.034020037623122334,0.0003,1016,184,40.76872866565355,14.523017168045044,56.02124786376953,70.54426503181458,1393,0.7856832004035823,0,0,TRUE,pair,380,4.5153739998932,6.126564672659766,50,0,7.568421052631579,4.5153739998932,0.7301590995630249,8.88293319864897,cpu,cuda:0,0,148.1523438,42
2983,1,DDT500_num150.txt,fixed,2824,8,353,8.396428108215332,12.717501640319824,9.625734492146876e-06,-5.386666667,-0.340685659,0.16333335638046265,0.01855921372771263,0.13333334028720856,0.18666666746139526,-0.000806816,0.010406130836123512,0.0008014506657630028,1.161367314202445,0.00352828416838574,0.029552029268372627,0.0003,1004,196,41.953736122851886,12.738973140716553,54.57326793670654,67.3122410774231,1398,0.5855406007613055,0,0,TRUE,pair,365,3.7547016001772135,6.372875355289611,45,0,7.736986301369863,3.7547016001772135,0.64974659885047,7.976751100795809,cpu,cuda:0,0,148.1523438,42
2984,1,DDT500_num150.txt,fixed,2802,8,350.25,8.685476303100586,14.297962188720703,6.180515811138321e-06,-5.373333333,-0.358721738,0.164166659116745,0.010507935658097267,0.14666666090488434,0.18000000715255737,-0.009001845,0.002288645754257838,0.0006583180086939441,1.161965161561966,0.0057687153309113155,0.04380361386574805,0.0003,1003,197,40.44087607061724,14.322273254394531,54.964059591293335,69.28633284568787,1395,0.7269789022393525,0,0,TRUE,pair,365,4.307966799358837,6.390435402687748,40,0,7.676712328767123,4.307966799358837,0.7283406002097763,8.881013300211634,cpu,cuda:0,0,148.1503906,39
2985,1,DDT500_num150.txt,fixed,2820,8,352.5,13.536986351013184,13.069121360778809,6.3439056248171255e-06,-5.506666667,-0.376465573,0.15583331882953644,0.013718399219214916,0.12666666507720947,0.18000000715255737,-0.029103047,-0.01793702,0.0007023846597543784,1.151721857842945,0.005576668551795939,0.024359976074525287,0.0003,1013,187,41.878779982243486,13.087772846221924,54.24943232536316,67.33720517158508,1389,0.5945576002122834,0,0,TRUE,pair,375,3.9724254009197466,6.343262411262972,45,0,7.52,3.9724254009197466,0.6693432009778917,8.082647598232143,cpu,cuda:0,0,148.1523438,47
2986,1,DDT500_num150.txt,fixed,2851,8,356.375,12.864072799682617,15.307110786437988,7.740346518403385e-06,-5.4,-0.362167212,0.16250000894069672,0.015612496063113213,0.13333334028720856,0.18000000715255737,-0.025133591,-0.013852648,0.0006041059508182419,1.158299560348193,0.005998021167518648,0.028156611913194258,0.0003,1005,195,39.769771391641,15.331242561340332,56.35637092590332,71.68761348724365,1393,0.7166075989371166,0,0,TRUE,pair,382,5.132026600418612,6.232199227002912,50,0,7.463350785340314,5.132026600418612,0.7940717017627321,8.975905501749367,cpu,cuda:0,0,148.1523438,0
2987,1,DDT500_num150.txt,fixed,2893,8,361.625,12.30789852142334,14.178274154663086,7.835234100639354e-06,-5.453333333,-0.366161854,0.15916666388511658,0.01266557164490223,0.14000000059604645,0.18000000715255737,-0.009604891,0.0015848383138125594,0.0007631873780734498,1.1571322679519653,0.00901952756843953,0.04828245276373557,0.0003,1009,191,42.69231446814472,14.197704792022705,53.566248416900635,67.76395320892334,1406,0.6349769001244567,0,0,TRUE,pair,381,4.448742599866819,6.161078463859967,40,0,7.593175853018373,4.448742599866819,0.7165376004413702,8.635950700438116,cpu,cuda:0,0,148.15283203125,52
2988,1,DDT500_num150.txt,fixed,2892,8,361.5,5.8736701011657715,13.943411827087402,5.6420135479129385e-06,-5.44,-0.348590727,0.15999998152256012,0.014529664069414139,0.14666666090488434,0.19333332777023315,-0.026227162,-0.015455574,0.0007007727953827097,1.1121973877861386,0.008191628998333943,0.03439490621288618,0.0003,1008,192,41.316094270582084,13.964746236801147,56.03218960762024,69.99693584442139,1406,0.7220376005279832,0,0,TRUE,pair,371,4.270921699877363,6.213692945068803,40,0,7.795148247978437,4.270921699877363,0.7221176004968584,8.578513499523979,cpu,cuda:0,0,148.15283203125,46
2989,1,DDT500_num150.txt,fixed,2809,8,351.125,13.213984489440918,12.708147048950195,9.678737114882097e-06,-5.253333333,-0.352433843,0.17166665196418762,0.022047925740480423,0.13333334028720856,0.20000000298023224,-0.008666123,0.0023177374775211015,0.0008521552481397521,1.1409939328829448,0.006363229374983348,0.03454735316336155,0.0003,994,206,39.727127845646315,12.728097200393677,57.979254484176636,70.70735168457031,1372,0.60975710186176,0,0,TRUE,pair,373,3.5918650998501107,6.365966532823665,40,0,7.53083109919571,3.5918650998501107,0.6309924012748525,8.153562799096107,cpu,cuda:0,0,148.1503906,42
2990,1,DDT500_num150.txt,fixed,2810,8,351.25,13.358050346374512,14.192527770996094,6.692728220514255e-06,-5.453333333,-0.375271222,0.15916666388511658,0.021196827292442322,0.13333334028720856,0.20666666328907013,-0.011451637,-0.000308346,0.0007960811296167473,1.1541332254807155,0.003728777674647669,0.029212526550206046,0.0003,1009,191,40.14257207167908,14.227189779281616,55.77330732345581,70.00049710273743,1416,0.6622834001318552,0,0,TRUE,pair,370,4.325658199377358,6.262989321213176,50,0,7.594594594594595,4.325658199377358,0.7388879990321584,8.749658300133888,cpu,cuda:0,0,148.1503906,43
2991,1,DDT500_num150.txt,fixed,2856,8,357,12.288206100463867,14.218161582946777,7.516804998886073e-06,-5.346666667,-0.390171136,0.16583333909511566,0.013919413089752197,0.14666666090488434,0.18666666746139526,-0.01518322,-0.003974858,0.0006624458640414689,1.1539582865578788,0.0029814825918167897,0.026361667495664386,0.0003,1001,199,40.82626135031188,14.238662481307983,55.716310262680054,69.95497274398804,1386,0.675105300731957,0,0,TRUE,pair,387,4.480959200358484,6.191526610310338,50,0,7.37984496124031,4.480959200358484,0.7325929986545816,8.628797601209953,cpu,cuda:0,0,148.1523438,41
2992,1,DDT500_num150.txt,fixed,2863,8,357.875,8.115379333496094,13.736024856567383,5.571041583607439e-06,-5.48,-0.36678062,0.1574999988079071,0.011516897939145565,0.14000000059604645,0.18000000715255737,-0.025390158,-0.014427765,0.0006442430822062306,1.128451481461525,0.0044387214426630335,0.03082246337241183,0.0003,1011,189,39.726234918487194,13.756146430969238,58.312097787857056,72.0682442188263,1412,0.6680209001642652,0,0,TRUE,pair,373,4.131614999845624,6.000349285133727,40,0,7.6756032171581765,4.131614999845624,0.6557328987983055,8.592198902566452,cpu,cuda:0,0,148.1523438,41
2993,1,DDT500_num150.txt,fixed,2818,8,352.25,8.627717018127441,12.045446395874023,2.347666486457456e-05,-5.48,-0.3864656,0.1574999988079071,0.013307265937328339,0.13333334028720856,0.1733333319425583,-0.00996699,0.0012781969271600246,0.0008705756020693419,1.168047621846199,0.0035318467119698957,0.031954037151687466,0.0003,1011,189,41.93038752788269,12.067281723022461,55.139347314834595,67.20662903785706,1412,0.6808682003174908,0,0,TRUE,pair,363,3.404139000864234,6.251951739075676,50,0,7.763085399449036,3.404139000864234,0.5776928989798762,7.750370898342226,cpu,cuda:0,0,148.1523438,43
2994,1,DDT500_num150.txt,fixed,2770,8,346.25,12.794041633605957,13.756814002990723,8.028725460462738e-06,-5.666666667,-0.382049378,0.1458333283662796,0.014312968589365482,0.12666666507720947,0.1733333319425583,-0.023876075,-0.012620446,0.0006336978958210065,1.157247855549767,0.002236749375394235,0.023354363383813984,0.0003,1025,175,40.85717876009301,13.77696180343628,54.02018141746521,67.79714322090149,1381,0.6187546999426559,0,0,TRUE,pair,363,4.35227790044155,6.241155236292402,50,0,7.630853994490358,4.35227790044155,0.7375712009961717,8.295077498070896,cpu,cuda:0,0,148.1503906,45
2995,1,DDT500_num150.txt,fixed,2879,8,359.875,18.044649124145508,14.123873710632324,8.272815648524556e-06,-5.466666667,-0.350070805,0.15833333134651184,0.01878238283097744,0.11999999731779099,0.18000000715255737,-0.008183344,0.0026567249303861033,0.0007220752664753014,1.1201106253124418,0.003895283195777752,0.02974107214027927,0.0003,1010,190,41.40463066415858,14.141308546066284,55.391976833343506,69.53328537940979,1424,0.6608108003856614,0,0,TRUE,pair,391,4.500029899703804,6.035776311219173,50,0,7.3631713554987215,4.500029899703804,0.7341731017222628,8.514373600890394,cpu,cuda:0,0,148.1523438,49
2996,1,DDT500_num150.txt,fixed,2865,8,358.125,8.823796272277832,14.498773574829102,5.2756811783183366e-05,-5.426666667,-0.356299781,0.16083332896232605,0.018984640017151833,0.13333334028720856,0.19333332777023315,-0.004106449,0.006556416240831216,0.0007084283230748648,1.1017079204320908,0.0035527792994495635,0.030942726618377492,0.0003,1007,193,39.886955435289316,14.530391216278076,57.297602891922,71.82799410820007,1412,0.6606487999670208,0,0,TRUE,pair,374,4.4699686001986265,6.086910994514745,115,0,7.660427807486631,4.4699686001986265,0.7510760980076157,8.888022198458202,cpu,cuda:0,0,148.1523438,0
2997,1,DDT500_num150.txt,fixed,2813,8,351.625,13.21871280670166,12.820394515991211,8.169098691723775e-06,-5.48,-0.349717331,0.1574999988079071,0.013307266868650913,0.14000000059604645,0.18000000715255737,-0.028828379,-0.017929648,0.0006996939029906773,1.1248575382762485,0.009314021411935554,0.03608426452976548,0.0003,1011,189,47.64556893937405,12.840454578399658,46.199663162231445,59.0401177406311,1397,0.6144244999741204,0,0,TRUE,pair,370,3.764937499188818,6.094205473226201,45,0,7.602702702702703,3.764937499188818,0.6372232978465036,8.078717099851929,cpu,cuda:0,0,148.1503906,0
2998,1,DDT500_num150.txt,fixed,2794,8,349.25,11.11024284362793,13.310285568237305,1.3201587535149883e-05,-5.306666667,-0.350321833,0.16833333671092987,0.013228757306933403,0.15333333611488342,0.20000000298023224,-0.01388815,-0.002954834,0.000655032816818372,1.1260833591222763,0.006513000497458658,0.03949344476374487,0.0003,998,202,41.7239456796267,13.333959579467773,53.629985332489014,66.96394491195679,1379,0.6301098995609209,0,0,TRUE,pair,366,4.143977800558787,6.12419470182554,50,0,7.633879781420765,4.143977800558787,0.641892699059099,8.178024101478513,cpu,cuda:0,0,148.1503906,42
2999,1,DDT500_num150.txt,fixed,2865,8,358.125,8.237680435180664,14.28333854675293,7.024249953246908e-06,-5.533333333,-0.354907495,0.15416665375232697,0.010240173898637295,0.14666666090488434,0.1733333319425583,-0.009881475,0.000633857271168381,0.0006345696759429605,1.0832619120677311,0.006289089159205711,0.04174960550153628,0.0003,1015,185,42.3169537852719,14.305092096328735,53.398268938064575,67.70336103439331,1413,0.6810123997274786,0,0,TRUE,pair,372,4.590353699692059,5.842233856394237,50,0,7.701612903225806,4.590353699692059,0.7152271979139186,8.607214099029079,cpu,cuda:0,0,148.1523438,41
