iteration,instance_id,instance_name,instance_selection,transitions,episode_count,episode_transition_mean,episode_transition_std,episode_seconds_mean,episode_seconds_std,reward,mean_return,fulfillment_rate_mean,fulfillment_rate_std,fulfillment_rate_min,fulfillment_rate_max,loss,policy_loss,value_loss,entropy,approx_kl,clip_fraction,learning_rate,discard_count,completion_count,steps_per_second,rollout_seconds,update_seconds,elapsed_seconds,fluid_solve_count,fluid_solve_seconds,fluid_cache_hit_count,fluid_fallback_count,sparse_attention_enabled,sparse_attention_scope,policy_forward_count,policy_forward_seconds,avg_action_tokens,max_action_tokens,padding_ratio,actor_batch_size_mean,policy_act_seconds,simulator_step_seconds,obs_build_seconds,rollout_device,update_device,cpu_memory_mb,gpu_memory_mb,gpu_temperature
3000,1,DDT1200_num100.txt,fixed,3004,8,375.5,9.096702575683594,14.98133659362793,7.84248550189659e-06,0.54,0.062092399361916475,0.5337499976158142,0.04270172864198685,0.46000000834465027,0.6100000143051147,-0.27546072,-0.265309656,0.0002464338322170079,1.0274284601211547,0.026931818528100848,0.06163087338209152,0.0003,373,427,135.87641756569107,14.99473237991333,7.113592624664307,22.108325004577637,789,0.2932707998697879,0,0,TRUE,pair,393,5.758471799897961,6.183754992945375,60,0,7.643765903307888,5.758471799897961,0.7344545005180407,8.107057299508597,cpu,cuda:0,0,670.4658203,44
3001,1,DDT1200_num100.txt,fixed,2948,8,368.5,6.928203105926514,16.24300765991211,6.810596914874623e-06,0.32,0.05730478445072079,0.5199999809265137,0.01732051372528076,0.5,0.550000011920929,-0.376315594,-0.366766497,0.00027380045867175795,0.9685996770858765,0.01400905370246619,0.05929555697366595,0.0003,384,416,125.34362011046872,16.266846656799316,7.252499580383301,23.519346237182617,793,0.2953036997350864,0,0,TRUE,pair,381,7.152638899933663,6.246947083334101,60,0,7.73753280839895,7.152638899933663,0.8454928000719519,7.852273700176738,cpu,cuda:0,0,670.4658203,46
3002,1,DDT1200_num100.txt,fixed,2988,8,373.5,15.272523880004883,17.687145233154297,9.022181984619237e-06,0.6,0.057287948545602416,0.5374999642372131,0.037666305899620056,0.47999998927116394,0.6100000143051147,-0.092533943,-0.082094268,0.0003541629666869994,1.0616754963994026,0.011460800393251702,0.06241221306845546,0.0003,370,430,90.09474075745133,17.717793226242065,15.44729471206665,33.165087938308716,782,0.29856620043574367,0,0,TRUE,pair,400,8.16593349991308,5.9086345376738585,70,0,7.47,8.16593349991308,0.9444211002701195,8.152735400130041,cpu,cuda:0,0,670.4658203,47
3003,1,DDT1200_num100.txt,fixed,2944,8,368,14.274102210998535,14.496614456176758,7.740346518403385e-06,0.42,0.05438638830829038,0.5262500047683716,0.03351771831512451,0.47999998927116394,0.5899999737739563,-0.18156055,-0.171086904,0.00048365621894065825,1.0715473805155074,0.013033921414587115,0.060539703882698505,0.0003,379,421,114.02300985584611,14.523518800735474,11.295831203460693,25.819350004196167,792,0.2858794999483507,0,0,TRUE,pair,393,5.802108899966697,6.197690217391305,65,0,7.4910941475826975,5.802108899966697,0.7175544002675451,7.626057699744706,cpu,cuda:0,0,670.4638672,46
3004,1,DDT1200_num100.txt,fixed,2927,8,365.875,7.025622844696045,16.602083206176758,5.179777417652076e-06,0.38,0.05457059511847202,0.5237499475479126,0.02825663611292839,0.47999998927116394,0.5799999833106995,-0.052256844,-0.042766971,0.0006172044751500445,0.9798477036612374,0.01281330521617617,0.05402117807950292,0.0003,381,419,99.45108868467376,16.63048028945923,12.801072835922241,29.43155312538147,796,0.30529020007816143,0,0,TRUE,pair,378,7.47118539987423,6.142125042054203,80,0,7.743386243386244,7.47118539987423,0.8925885003263829,7.847793499589898,cpu,cuda:0,0,670.4638672,47
3005,1,DDT1200_num100.txt,fixed,2938,8,367.25,12.930100440979004,14.56866455078125,8.668736882100347e-06,0.27999999999999997,0.047510580202704926,0.5174999833106995,0.03418698534369469,0.4699999988079071,0.5699999928474426,-0.087728661,-0.077175057,0.000506407579190896,1.080680821623121,0.010921033448539674,0.05175272801092693,0.0003,386,414,110.4565486494444,14.59179162979126,12.005880117416382,26.598694562911987,792,0.29581970008439384,0,0,TRUE,pair,386,5.681790400092723,6.203880190930454,70,0,7.61139896373057,5.681790400092723,0.7436694002826698,7.782513099649805,cpu,cuda:0,0,670.4638672,47
3006,1,DDT1200_num100.txt,fixed,2887,8,360.875,8.222492218017578,13.704259872436523,6.3439056248171255e-06,0.46,0.04971250013367881,0.5287500023841858,0.025217808783054352,0.47999998927116394,0.5600000023841858,-0.103634727,-0.093772567,0.00037738325336249544,1.0050851941108703,0.01201598565094173,0.052967948466539384,0.0003,377,423,85.12389225793852,13.729544162750244,20.185728311538696,33.91527247428894,783,0.29023989992856514,0,0,TRUE,pair,371,5.106467299992801,6.369241427252108,60,0,7.781671159029649,5.106467299992801,0.687578300057794,7.564374000605312,cpu,cuda:0,0,670.4638672,48
3007,1,DDT1200_num100.txt,fixed,2914,8,364.25,13.29238510131836,16.340333938598633,7.47889862395823e-06,0.52,0.04843898517392331,0.5324999690055847,0.027271781116724014,0.49000000953674316,0.5699999928474426,-0.163146754,-0.153718263,0.0004536059229091431,0.9655282298723856,0.03024339450833698,0.048268248637517296,0.0003,374,426,145.84964674825218,16.364540100097656,3.6149392127990723,19.97947931289673,794,0.314643700257875,0,0,TRUE,pair,378,7.14262010010134,6.399794098769628,80,0,7.708994708994709,7.14262010010134,0.9228194003226236,7.8838571998348925,cpu,cuda:0,0,521.5507813,47
3008,1,DDT1200_num100.txt,fixed,2912,8,364,24.150569915771484,14.049001693725586,1.3712696272705216e-05,0.24000000000000002,0.054516267247128256,0.5149999856948853,0.061441026628017426,0.41999998688697815,0.5799999833106995,-0.032203176,-0.022231769,0.00039768451743940305,1.0170251462194655,0.01713399772739245,0.06841020120514764,0.0003,388,412,95.43460593296966,14.073378086090088,16.43966245651245,30.51304054260254,778,0.2932056998979533,0,0,TRUE,pair,395,5.4183702998561785,6.182692309411673,60,0,7.372151898734177,5.4183702998561785,0.7055290998105193,7.572821300214855,cpu,cuda:0,0,670.4638672,48
3009,1,DDT1200_num100.txt,fixed,2867,8,358.375,10.061529159545898,15.911409378051758,8.6949266915326e-06,0.32,0.043222144796595474,0.5200000405311584,0.027838828042149544,0.4699999988079071,0.550000011920929,-0.38274466,-0.372907609,0.00013432347138101855,0.9904216130574545,0.018463969385872286,0.06225914880633354,0.0003,384,416,155.63721685871218,15.936022520065308,2.4850213527679443,18.421043872833252,782,0.3051620998594444,0,0,TRUE,pair,373,7.10490009986097,6.408092082814967,70,0,7.686327077747989,7.10490009986097,0.8373111001274083,7.5897608002705965,cpu,cuda:0,0,285.5439453,48
3010,1,DDT1200_num100.txt,fixed,2892,8,361.5,14.05346965789795,13.47357177734375,9.034774848259985e-06,0.3,0.05114693337350933,0.5187499523162842,0.025217797607183456,0.47999998927116394,0.5699999928474426,-0.151909469,-0.141931104,0.0003710244361880339,1.0163871712154813,0.014840427139360044,0.04694711644616392,0.0003,385,415,103.27998132196292,13.499977111816406,14.501577138900757,28.001554250717163,795,0.37254200024472084,0,0,TRUE,pair,386,4.852591699891491,6.191908714393692,52,0,7.492227979274611,4.852591699891491,0.6981997000111733,7.5759907002793625,cpu,cuda:0,0,670.4638672,47
3011,1,DDT1200_num100.txt,fixed,2813,8,351.625,20.850284576416016,14.80370807647705,9.708058314572554e-06,0.07999999999999999,0.034814021437070235,0.5049999952316284,0.03968627005815506,0.4399999976158142,0.5600000023841858,-0.072827456,-0.062115146,0.00045806478010490537,1.0941336631774903,0.015538522182032466,0.045527128130197526,0.0003,396,404,101.46712367581152,14.828725337982178,12.894540071487427,27.723265409469604,793,0.31171939987689257,0,0,TRUE,pair,387,6.166801799903624,6.4873800214566755,80,0,7.268733850129199,6.166801799903624,0.7276058999850648,7.5520911998610245,cpu,cuda:0,0,670.46142578125,48
3012,1,DDT1200_num100.txt,fixed,2838,8,354.75,11.233321189880371,15.657270431518555,6.47691604171996e-06,0.08,0.03143291084091357,0.5049999952316284,0.03162277489900589,0.4399999976158142,0.5400000214576721,-0.060285682,-0.050966562,0.0005543714311594764,0.9596304496129354,0.025424609193578362,0.06577754206955433,0.0003,396,404,128.79483064152447,15.681589841842651,6.353456020355225,22.035045862197876,794,0.38887069972406607,0,0,TRUE,pair,372,6.991463200116414,6.378435518432453,55,0,7.629032258064516,6.991463200116414,0.7699490001396043,7.531064599766978,cpu,cuda:0,0,670.46337890625,48
3013,1,DDT1200_num100.txt,fixed,2933,8,366.625,16.71778678894043,13.64108657836914,1.085262920241803e-05,0.28,0.03635954080329144,0.5174999833106995,0.02989565208554268,0.46000000834465027,0.5600000023841858,-0.330607611,-0.319958414,0.00029355099541135133,1.0795966148376466,0.03291605431586504,0.221484375,0.0003,386,414,123.60719408128028,13.664628744125366,10.063763618469238,23.728392362594604,786,0.2914591998269316,0,0,TRUE,pair,391,4.982775800090167,6.244800544215924,65,0,7.501278772378517,4.982775800090167,0.6910223003360443,7.622400199965341,cpu,cuda:0,0,670.4638672,49
3014,1,DDT1200_num100.txt,fixed,2913,8,364.125,11.428445816040039,15.94946002960205,7.703540177317336e-06,0.46,0.03767128428824163,0.5287500023841858,0.034798525273799896,0.46000000834465027,0.5799999833106995,-0.031297597,-0.021507055,0.0003540847290423699,0.9967581748962402,0.013677694229409098,0.037478999234735966,0.0003,377,423,121.0600245411446,15.975108623504639,8.087334871292114,24.062443494796753,799,0.31797850025759544,0,0,TRUE,pair,388,6.930069500114769,6.11912118132238,60,0,7.507731958762887,6.930069500114769,0.7938805997982854,7.850664199999301,cpu,cuda:0,0,670.4638672,50
3015,1,DDT1200_num100.txt,fixed,2845,8,355.625,18.87417221069336,14.579139709472656,1.0243678843835369e-05,0.07999999999999999,0.04024309915504853,0.5049999952316284,0.03316624090075493,0.4699999988079071,0.5799999833106995,-0.056034349,-0.045703575,0.00029249063300085254,1.047701358795166,0.01718032662756741,0.04906978365033865,0.0003,396,404,136.42981804559287,14.607410907745361,6.245801687240601,20.853212594985962,779,0.30638129990256857,0,0,TRUE,pair,400,5.974109799979487,6.354305800318928,70,0,7.1125,5.974109799979487,0.7673112004704308,7.472967700057779,cpu,cuda:0,0,670.46337890625,48
3016,1,DDT1200_num100.txt,fixed,2931,8,366.375,11.639775276184082,14.955636978149414,6.564092473126948e-06,0.36,0.04092555538322127,0.5224999785423279,0.032691746950149536,0.47999998927116394,0.5600000023841858,-0.453473578,-0.444403032,0.00034964462004912394,0.9245363473892212,0.016061099867026012,0.04084525381525358,0.0003,382,418,155.5056592538517,14.979875326156616,3.8683133125305176,18.848188638687134,788,0.30294769996544346,0,0,TRUE,pair,381,6.131422700113035,6.240532242206533,60,0,7.692913385826771,6.131422700113035,0.7741843998956028,7.682266199932201,cpu,cuda:0,0,356.4101563,50
3017,1,DDT1200_num100.txt,fixed,2854,8,356.75,22.22470474243164,16.13066291809082,1.0555240805842914e-05,0.07999999999999999,0.04015749734307733,0.5049999952316284,0.036055512726306915,0.46000000834465027,0.5699999928474426,-0.203563211,-0.193527957,0.00032281209860229865,1.0196658273537953,0.01541368808830157,0.04353413870558143,0.0003,396,404,111.45004179419529,16.15562868118286,9.452257633209229,25.60788631439209,807,0.3975630003551487,0,0,TRUE,pair,391,7.311791599960998,6.516818503524845,80,0,7.29923273657289,7.311791599960998,0.8406463998544496,7.602816300306586,cpu,cuda:0,0,670.46337890625,49
3018,1,DDT1200_num100.txt,fixed,2871,8,358.875,11.602128028869629,13.477255821228027,8.064048415690195e-06,0.11999999999999998,0.04039561136652649,0.5074999928474426,0.03152380511164665,0.4699999988079071,0.5600000023841858,-0.045010818,-0.035872205,0.0004206797360287358,0.9348953366279602,0.03112019645050168,0.06788981767992179,0.0003,394,406,164.45446670132972,13.501686334609985,3.95603346824646,17.457719802856445,786,0.29217340002651326,0,0,TRUE,pair,371,4.942656700121006,6.270637407945615,60,0,7.738544474393531,4.942656700121006,0.6912364001036622,7.497634700121125,cpu,cuda:0,0,540.2578125,49
3019,1,DDT1200_num100.txt,fixed,2895,8,361.875,7.991206169128418,15.99277400970459,5.888504347240087e-06,0.86,0.04478866526408141,0.5537499785423279,0.023418746888637543,0.5199999809265137,0.5899999737739563,-0.162363078,-0.152994361,0.0002706579580262769,0.9504048675298691,0.030240182764828205,0.05042539769783616,0.0003,357,443,136.34264244678388,16.02331280708313,5.209956169128418,21.233268976211548,784,0.3089768000645563,0,0,TRUE,pair,378,7.0055039001163095,6.095336787564767,60,0,7.658730158730159,7.0055039001163095,0.7940246999787632,7.815418599813711,cpu,cuda:0,0,556.4228516,49
3020,1,DDT1200_num100.txt,fixed,2921,8,365.125,9.675193786621094,13.658970832824707,7.417845154122915e-06,0.34,0.0389462236875529,0.5212500095367432,0.01763341575860977,0.49000000953674316,0.550000011920929,-0.2113357,-0.202153314,0.0002446638281980995,0.9304722249507904,0.025085651737754233,0.049318895442411304,0.0003,383,417,176.88805088170628,13.684898853302002,2.8283703327178955,16.513269186019897,794,0.3732381004083436,0,0,TRUE,pair,385,5.0163522000511875,6.265662444531611,52,0,7.587012987012987,5.0163522000511875,0.689560199927655,7.60411039943574,cpu,cuda:0,0,585.96533203125,48
3021,1,DDT1200_num100.txt,fixed,2926,8,365.75,15.594470024108887,17.169559478759766,9.956652320397552e-06,0.46,0.04143820638522559,0.5287500023841858,0.04781147465109825,0.4300000071525574,0.5899999737739563,-0.084947457,-0.075053593,0.0003709986340254545,1.0079363882541656,0.014688954019220546,0.0689662757795304,0.0003,377,423,109.75617841307515,17.195934534072876,9.463156938552856,26.659091472625732,783,0.31960910008638166,0,0,TRUE,pair,387,7.876169599985587,6.295283663297303,60,0,7.560723514211887,7.876169599985587,0.9531682994129369,7.920887900269008,cpu,cuda:0,0,670.4638672,50
3022,1,DDT1200_num100.txt,fixed,2899,8,362.375,11.213133811950684,16.918575286865234,9.12243194761686e-06,0.6,0.04083859305226468,0.5375000238418579,0.031523797661066055,0.49000000953674316,0.5799999833106995,-0.14094858,-0.130822666,0.0003146145536447875,1.0283220410346985,0.021627146983519197,0.05289626494050026,0.0003,370,430,136.74740191417322,16.943816423416138,4.255855083465576,21.199671506881714,782,0.31954909952764865,0,0,TRUE,pair,377,7.907470699909027,6.437047257428335,80,0,7.689655172413793,7.907470699909027,0.8616832996922312,7.758965000059106,cpu,cuda:0,0,670.4638672,50
3023,1,DDT1200_num100.txt,fixed,2885,8,360.625,18.16547203063965,15.066333770751953,1.0337583262298722e-05,0.45999999999999996,0.0380547581765781,0.5287500023841858,0.0498591810464859,0.44999998807907104,0.6200000047683716,-0.075427924,-0.065672395,0.00034299758408451453,0.9927025213837624,0.012597682420164347,0.041918993345461786,0.0003,377,423,102.8944050668341,15.091585636138916,12.946867942810059,28.038453578948975,807,0.3158178001322085,0,0,TRUE,pair,391,6.284931799862534,6.277989602006287,55,0,7.378516624040921,6.284931799862534,0.7467594000190729,7.6691242990928,cpu,cuda:0,0,670.4638672,50
3024,1,DDT1200_num100.txt,fixed,2803,8,350.375,16.224498748779297,15.7816743850708,9.356220289191697e-06,-5.20E-18,0.03404656106168026,0.5,0.0353553332388401,0.46000000834465027,0.5699999928474426,-0.090075008,-0.079892313,0.0003716747477565977,1.0368531996553594,0.010940575697035953,0.05273353545503183,0.0003,400,400,80.63803130684325,15.807050943374634,18.953222274780273,34.76027321815491,800,0.40252660009718966,0,0,TRUE,pair,374,7.03318650010624,6.482697111387317,65,0,7.494652406417113,7.03318650010624,0.8497746000939514,7.518907600213424,cpu,cuda:0,0,670.46142578125,51
3025,1,DDT1200_num100.txt,fixed,2824,8,353,17.16100311279297,13.582315444946289,9.344062164018396e-06,0.4,0.03781122892641874,0.5249999761581421,0.041832998394966125,0.4399999976158142,0.5899999737739563,-0.035292349,-0.023914459,0.00035568482902211446,1.1555733283360798,0.017962049537648756,0.031008184577027958,0.0003,380,420,147.24521182644864,13.607952356338501,5.570939540863037,19.178891897201538,784,0.2957386998750735,0,0,TRUE,pair,382,5.2984362001443515,6.409702549321794,60,0,7.392670157068062,5.2984362001443515,0.6844899003044702,7.26152730017202,cpu,cuda:0,0,670.46337890625,50
3026,1,DDT1200_num100.txt,fixed,2901,8,362.625,13.076099395751953,16.329578399658203,7.62939453125e-06,0.3,0.03622068755703971,0.5187499523162842,0.042555104941129684,0.46000000834465027,0.5799999833106995,-0.126255049,-0.116074286,0.00041692489725796296,1.0389223429891798,0.015770789908452168,0.041585523635149,0.0003,385,415,91.36024974989579,16.35429048538208,15.399125337600708,31.753415822982788,769,0.3019202000577934,0,0,TRUE,pair,380,7.333286099805264,6.404688039141579,80,0,7.63421052631579,7.333286099805264,0.8912457003607415,7.699539800669299,cpu,cuda:0,0,670.4638672,50
3027,1,DDT1200_num100.txt,fixed,2903,8,362.875,10.821708679199219,14.015857696533203,7.666556484764442e-06,0.54,0.045100850525455746,0.5337499976158142,0.017984377220273018,0.5,0.550000011920929,-0.059467833,-0.04910716,0.0004184350655123126,1.0569890663027763,0.01787169772433117,0.04086391138844192,0.0003,373,427,93.58052247336714,14.043277263641357,16.978135347366333,31.02141261100769,780,0.2930384000064805,0,0,TRUE,pair,377,5.448497100005625,6.482259732133719,75,0,7.70026525198939,5.448497100005625,0.6891248000029009,7.529533900480601,cpu,cuda:0,0,670.4638672,51
3028,1,DDT1200_num100.txt,fixed,2897,8,362.125,18.66438865661621,15.26356315612793,9.215425961883739e-06,0.4,0.03450791222400951,0.5249999761581421,0.03162277489900589,0.4699999988079071,0.5799999833106995,-0.155299566,-0.145525238,0.00033189941677846946,0.9940272718667984,0.02048820923664607,0.054310793057084084,0.0003,380,420,138.23943369665886,15.289658546447754,5.6667351722717285,20.956393718719482,781,0.30775099992752075,0,0,TRUE,pair,389,6.368083599983947,6.470141524522931,80,0,7.447300771208226,6.368083599983947,0.7766000998817617,7.744671700304025,cpu,cuda:0,0,670.4638672,50
3029,1,DDT1200_num100.txt,fixed,2885,8,360.625,16.73273277282715,15.146747589111328,9.801294254430104e-06,0.15999999999999998,0.035259683713370044,0.5099999904632568,0.025980764999985695,0.46000000834465027,0.550000011920929,0.096141017973423,0.10619376599788666,0.00042926175956381485,1.0267384946346283,0.024784129112958908,0.046457665506750345,0.0003,392,408,154.5133526097372,15.173332214355469,3.4981932640075684,18.671525478363037,791,0.4023280002147658,0,0,TRUE,pair,392,6.376127999916207,6.464818022775898,65,0,7.35969387755102,6.376127999916207,0.7672236992657417,7.6373130998254055,cpu,cuda:0,0,565.8945313,51
3030,1,DDT1200_num100.txt,fixed,2880,8,360,10.452272415161133,14.802299499511719,7.270789410540601e-06,0.32,0.030415663553136744,0.5199999809265137,0.02828427031636238,0.49000000953674316,0.5699999928474426,-0.08592838,-0.075290273,0.00042067698502380935,1.0848448702267237,0.03756106643205775,0.04050673783889839,0.0003,384,416,109.713072000034,14.827740669250488,11.422549724578857,26.250290393829346,767,0.29685629991581663,0,0,TRUE,pair,373,5.976363800247782,6.411111111773385,50,0,7.721179624664879,5.976363800247782,0.7613475995603949,7.692339899978833,cpu,cuda:0,0,670.46337890625,50
3031,1,DDT1200_num100.txt,fixed,2891,8,361.375,7.052260398864746,14.548142433166504,6.485686753876507e-06,0.36,0.028754694422373463,0.5224999785423279,0.02904737927019596,0.47999998927116394,0.5699999928474426,-0.470619887,-0.461329609,0.0002261911504319869,0.9403353333473206,0.02796211466193199,0.04436613526195288,0.0003,382,418,176.51284402330225,14.573541164398193,1.804870367050171,16.378411531448364,771,0.29752330016344786,0,0,TRUE,pair,371,5.874189799782471,6.613282600103964,56,0,7.7924528301886795,5.874189799782471,0.7330685002234532,7.58076769975014,cpu,cuda:0,0,385.37548828125,50
3032,1,DDT1200_num100.txt,fixed,2869,8,358.625,15.115699768066406,13.921079635620117,6.388550445990404e-06,-0.04,0.029361329476590384,0.4974999725818634,0.03269174322485924,0.4399999976158142,0.5600000023841858,-0.06351736,-0.052813036,0.000511967986919141,1.0960310598214467,0.017804579498867195,0.03457546420395374,0.0003,402,398,107.07332934906042,13.94942831993103,12.845292806625366,26.794721126556396,807,0.2999903001182247,0,0,TRUE,pair,378,5.36151880005491,6.628441964470579,65,0,7.58994708994709,5.36151880005491,0.6888492001744453,7.524538699537516,cpu,cuda:0,0,670.46337890625,50
3033,1,DDT1200_num100.txt,fixed,2901,8,362.625,9.095844268798828,15.664081573486328,7.168434422055725e-06,0.32,0.03147222409851065,0.5199999809265137,0.025980766862630844,0.47999998927116394,0.5600000023841858,-0.069358019,-0.059501909,0.00033218812798925984,1.0022203922271729,0.05456680028388897,0.058073375994960465,0.0003,384,416,147.4699724510561,15.689951658248901,3.9818496704101562,19.671801328659058,769,0.39687309981673025,0,0,TRUE,pair,376,6.742598599856137,6.14546707978293,70,0,7.715425531914893,6.742598599856137,0.8428046996705234,7.69934520010429,cpu,cuda:0,0,670.4638672,50
3034,1,DDT1200_num100.txt,fixed,2962,8,370.25,12.735285758972168,14.035382270812988,7.200083018688019e-06,0.3,0.03157634049431152,0.5187499523162842,0.03756244108080864,0.4699999988079071,0.5899999737739563,-0.077001045,-0.066229237,0.0005186752823647112,1.1031145453453064,0.021182155003771186,0.060604728758335114,0.0003,385,415,135.8132113533397,14.059751987457275,7.7496137619018555,21.80936574935913,794,0.30148340000596363,0,0,TRUE,pair,391,5.1672400999377714,6.539500337287754,70,0,7.57544757033248,5.1672400999377714,0.7082200006552739,7.801296699457453,cpu,cuda:0,0,670.4658203,49
3035,1,DDT1200_num100.txt,fixed,2909,8,363.625,6.650892734527588,14.305906295776367,6.503191798401531e-06,0.22,0.029169933738729167,0.5137500166893005,0.01932453364133835,0.49000000953674316,0.5400000214576721,-0.094773938,-0.085361056,0.0006787014426663518,0.9752229650815328,0.08673203658933441,0.10071304688851039,0.0003,389,411,149.6970019339761,14.33124327659607,5.101343631744385,19.432586908340454,799,0.2999472998053534,0,0,TRUE,pair,373,5.529041800065897,6.625644550982436,60,0,7.798927613941019,5.529041800065897,0.7345597995299613,7.684947900110274,cpu,cuda:0,0,670.4638672,49
3036,1,DDT1200_num100.txt,fixed,2926,8,365.75,14.532291412353516,14.190985679626465,9.962359399651177e-06,0.38,0.030824401772906546,0.5237500071525574,0.04270173981785774,0.44999998807907104,0.6000000238418579,-0.034333713,-0.024725613,0.0005421177920652553,0.9879160097667149,0.018849856885416166,0.05321167369506189,0.0003,381,419,106.75781151233255,14.216924667358398,13.190905809402466,27.407830476760864,799,0.2976609001052566,0,0,TRUE,pair,395,5.501523499930045,6.481203007722504,60,0,7.407594936708861,5.501523499930045,0.7071023002354195,7.627041799365543,cpu,cuda:0,0,670.4638672,49
3037,1,DDT1200_num100.txt,fixed,2930,8,366.25,12.477479934692383,13.773649215698242,6.818937890784582e-06,0.14,0.029818242394180895,0.5087500214576721,0.04044672101736069,0.4699999988079071,0.5799999833106995,-0.113168858,-0.103163516,0.000498188523730884,1.0254433155059814,0.02025661151856184,0.06380208333333333,0.0003,393,407,141.24807570310057,13.798938512802124,6.944706916809082,20.743645429611206,799,0.29806299980555195,0,0,TRUE,pair,394,5.141686500021024,6.485665529010239,70,0,7.436548223350254,5.141686500021024,0.6823450996307656,7.604401400079951,cpu,cuda:0,0,670.4638672,49
3038,1,DDT1200_num100.txt,fixed,2911,8,363.875,13.577899932861328,14.321334838867188,8.00745783635648e-06,0.15999999999999998,0.0341065300603724,0.5099999904632568,0.03240370377898216,0.46000000834465027,0.550000011920929,-0.089934245,-0.079833148,0.0003535386349540204,1.0277865827083588,0.03286009607836604,0.06038669776171446,0.0003,392,408,158.3000956805492,14.347438097000122,4.041685342788696,18.38912343978882,789,0.30438920021697413,0,0,TRUE,pair,393,5.5581670000829035,6.544486431189314,64,0,7.407124681933842,5.5581670000829035,0.7305010002601193,7.672129699771176,cpu,cuda:0,0,670.4638672,49
3039,1,DDT1200_num100.txt,fixed,2870,8,358.75,13.899190902709961,15.622117042541504,8.563177289033774e-06,0.22,0.03586096339816494,0.5137499570846558,0.021176347509026527,0.47999998927116394,0.5400000214576721,0.1775351893156767,0.1875335043296218,0.0002627376852615271,1.0129683762788773,0.00919510136009194,0.024393130326643586,0.0003,389,411,143.99464445992544,15.652572393417358,4.278724431991577,19.931296825408936,764,0.307374899944989,0,0,TRUE,pair,383,6.737233599866158,6.75749128836788,60,0,7.493472584856397,6.737233599866158,0.8265708000981249,7.683026399710798,cpu,cuda:0,0,549.8046875,49
3040,1,DDT1200_num100.txt,fixed,2965,8,370.625,7.809249401092529,13.933540344238281,6.684229902020888e-06,0.3,0.034000881662762376,0.5187499523162842,0.01763341948390007,0.47999998927116394,0.5400000214576721,0.06378416437655687,0.07380928192287683,0.0002984748934977688,1.0174361318349838,0.041225724962714594,0.06364808673970401,0.0003,385,415,149.33342914155014,13.95820164680481,5.896696329116821,19.85489797592163,791,0.2950318000657717,0,0,TRUE,pair,382,5.229483699979028,6.383811129365763,60,0,7.761780104712042,5.229483699979028,0.7144731000589672,7.635100999919814,cpu,cuda:0,0,670.4658203,48
3041,1,DDT1200_num100.txt,fixed,2949,8,368.625,12.922243118286133,15.245405197143555,6.852201295259874e-06,0.36,0.03010788631904476,0.5224999785423279,0.03766629844903946,0.4699999988079071,0.5799999833106995,0.0876724908594042,0.0969303607319792,0.0003000947181135416,0.9407913585503896,0.04572447866667062,0.08411949500441551,0.0003,382,418,129.25691476022857,15.271366357803345,7.543660640716553,22.815026998519897,798,0.31229290005285293,0,0,TRUE,pair,390,6.331017500109738,6.32282129616283,70,0,7.561538461538461,6.331017500109738,0.743130999879213,7.801678999807336,cpu,cuda:0,0,670.4658203,48
3042,1,DDT1200_num100.txt,fixed,2964,8,370.5,13.181426048278809,13.782914161682129,8.368458111362997e-06,0.6,0.030129007494329,0.5375000238418579,0.04054319113492966,0.47999998927116394,0.6100000143051147,-0.051240623,-0.041580392,0.0002874933058840477,0.9803978258913214,0.011580139768987217,0.04970963079143654,0.0003,370,430,80.3673896125335,13.808882474899292,23.07174801826477,36.88063049316406,776,0.2887516996852355,0,0,TRUE,pair,392,5.089483499934431,6.410256410578163,90,0,7.561224489795919,5.089483499934431,0.6773585999035276,7.671793300425634,cpu,cuda:0,0,670.4658203,49
3043,1,DDT1200_num100.txt,fixed,2912,8,364,12.175795555114746,13.660701751708984,7.636841473868117e-06,0.36,0.02595475232918615,0.5224999785423279,0.03526683524250984,0.46000000834465027,0.5699999928474426,-0.052501615,-0.042462392,0.0003356106147596923,1.0207031965255737,0.026054028091796983,0.03993813941876093,0.0003,382,418,122.15440588995266,13.68956208229065,10.14911961555481,23.83868169784546,774,0.2976130999450106,0,0,TRUE,pair,377,5.015686300146626,6.5044642853049135,65,0,7.724137931034483,5.015686300146626,0.6943620002275566,7.590346599885379,cpu,cuda:0,0,670.4638672,48
3044,1,DDT1200_num100.txt,fixed,2914,8,364.25,9.934158325195312,13.22435188293457,7.379430371656781e-06,0.19999999999999998,0.024546171978072736,0.512499988079071,0.019843129441142082,0.49000000953674316,0.550000011920929,-0.008737129,0.0011982500553131103,0.00022244737047003583,1.0046603679656982,0.023925810924265534,0.05384930083528161,0.0003,390,410,137.78460973131305,13.25102710723877,7.897924184799194,21.148951292037964,795,0.29950070002814755,0,0,TRUE,pair,377,4.8910914001462515,6.565202471075929,50,0,7.729442970822281,4.8910914001462515,0.674863799198647,7.319996499965782,cpu,cuda:0,0,670.4638672,48
3045,1,DDT1200_num100.txt,fixed,2983,8,372.875,9.942805290222168,13.479878425598145,7.064596502459608e-06,0.2,0.02285090815293795,0.512499988079071,0.033071886748075485,0.46000000834465027,0.5600000023841858,0.02226974070072174,0.03149706982076168,0.00036523452727124097,0.940994656085968,0.025125681329518555,0.044532110914587975,0.0003,390,410,123.48138494466545,13.50732159614563,10.650165796279907,24.157487392425537,803,0.2984653001767583,0,0,TRUE,pair,386,4.996241599874338,6.203821655131809,60,0,7.727979274611399,4.996241599874338,0.6833014999428997,7.456454099636176,cpu,cuda:0,0,670.4658203,48
3046,1,DDT1200_num100.txt,fixed,2913,8,364.125,14.717655181884766,13.299790382385254,7.340814590861555e-06,0.27999999999999997,0.018779979293738595,0.5174999833106995,0.034910596907138824,0.46000000834465027,0.5699999928474426,0.08754493296146393,0.0975859413544337,0.000274691740438963,1.0178356766700745,0.052924706522996225,0.062211393689115844,0.0003,386,414,156.94969764015266,13.3280029296875,5.232083797454834,18.560086727142334,780,0.2891749998962041,0,0,TRUE,pair,383,4.842171800191863,6.455544112557773,65,0,7.605744125326371,4.842171800191863,0.6857964998926036,7.42872590002662,cpu,cuda:0,0,670.4638672,48
3047,1,DDT1200_num100.txt,fixed,2904,8,363,17.5,13.116125106811523,8.792442713456694e-06,0.32,0.018809011130942084,0.5199999809265137,0.03162277117371559,0.47999998927116394,0.5899999737739563,-0.103689633,-0.093917342,0.0002337584425861548,0.988917623247419,0.015301097284204193,0.04350703642038362,0.0003,384,416,123.27994044794485,13.14252519607544,10.413618564605713,23.556143760681152,778,0.286037299738382,0,0,TRUE,pair,388,4.7639329000376165,6.488980716089244,112,0,7.484536082474227,4.7639329000376165,0.6638041001569945,7.3546667000046,cpu,cuda:0,0,670.4638672,48
3048,1,DDT1200_num100.txt,fixed,2981,8,372.625,15.881888389587402,13.576963424682617,9.578375284036156e-06,0.09999999999999999,0.019066702055716984,0.5062500238418579,0.029973946511745453,0.4399999976158142,0.550000011920929,-0.26426946,-0.254536372,0.0003528531815391034,0.9909527897834778,0.10377142798824934,0.06589498033281416,0.0003,395,405,151.70142869823565,13.604620933532715,6.045820236206055,19.65044116973877,806,0.38552200012782123,0,0,TRUE,pair,401,4.912275500028045,6.524991612392798,65,0,7.433915211970075,4.912275500028045,0.7038658999517793,7.608505399970454,cpu,cuda:0,0,670.4658203,48
3049,1,DDT1200_num100.txt,fixed,2930,8,366.25,9.575359344482422,13.35224723815918,7.4025033427460585e-06,-0.04,0.021761948764614087,0.4975000023841858,0.02436698041856289,0.4399999976158142,0.5199999809265137,-0.072268518,-0.062296511,0.00024074974418100383,1.009238342444102,0.03086620108741853,0.0687685108019246,0.0003,402,398,103.593919473068,13.381571531295776,14.901941776275635,28.28351330757141,833,0.30734720003965776,0,0,TRUE,pair,377,4.881773400091333,6.588737201283816,80,0,7.771883289124668,4.881773400091333,0.6656149997579632,7.3770060000388185,cpu,cuda:0,0,670.4638672,47
3050,1,DDT1200_num100.txt,fixed,2929,8,366.125,8.313204765319824,13.259431838989258,6.012687663314864e-06,0.18,0.026110814002032825,0.5112500190734863,0.022603929042816162,0.47999998927116394,0.5400000214576721,-0.107030283,-0.096957621,0.00022564739386628693,1.0185491442680359,0.013482336934733516,0.04221685168643793,0.0003,391,409,134.84741395186506,13.286643028259277,8.434203624725342,21.72084665298462,801,0.2987800998671446,0,0,TRUE,pair,382,4.7975706001598155,6.736770228991211,80,0,7.667539267015707,4.7975706001598155,0.6734872999222716,7.450215899851173,cpu,cuda:0,0,670.4638672,47
3051,1,DDT1200_num100.txt,fixed,3012,8,376.5,10.665364265441895,13.71074104309082,7.5845591709367e-06,0.3,0.02362271497659438,0.5187499523162842,0.03789377212524414,0.46000000834465027,0.6000000238418579,0.0052524954080581665,0.014785770859037126,0.00032478846385077177,0.9695671030453273,0.021117558420103575,0.0463660793112857,0.0003,385,415,121.30614545648544,13.738131999969482,11.091607570648193,24.829739570617676,799,0.29944929988414515,0,0,TRUE,pair,394,4.985827099852031,6.3363213805880045,60,0,7.644670050761421,4.985827099852031,0.7089942002057796,7.661783099960303,cpu,cuda:0,0,670.46630859375,47
3052,1,DDT1200_num100.txt,fixed,2972,8,371.5,9.630680084228516,13.483609199523926,7.900257514847908e-06,0.44,0.021982233470706717,0.5274999737739563,0.015612497925758362,0.49000000953674316,0.5400000214576721,-0.06183308,-0.051958256,0.0002740027945643912,1.001182496547699,0.012637970361134244,0.06168353050533268,0.0003,378,422,104.49115668584325,13.51095700263977,14.931641340255737,28.442598342895508,787,0.3792148002394242,0,0,TRUE,pair,386,4.886724299940397,6.40679676977173,65,0,7.699481865284974,4.886724299940397,0.6928209998150123,7.557944400119595,cpu,cuda:0,0,670.4658203,48
3053,1,DDT1200_num100.txt,fixed,3022,8,377.75,9.971835136413574,13.7063570022583,7.621940312674269e-06,0.6,0.01938632915734583,0.5374999642372131,0.03072051703929901,0.47999998927116394,0.5699999928474426,0.02129533113911748,0.03132021985948086,0.0002731817861786112,1.016148328781128,0.015338055323809385,0.06209249198436737,0.0003,370,430,148.00237669049795,13.7324857711792,6.686105251312256,20.418591022491455,785,0.29311879990564194,0,0,TRUE,pair,393,4.939180299916188,6.1992058243521155,80,0,7.689567430025445,4.939180299916188,0.7149736997234868,7.694997200393118,cpu,cuda:0,0,670.46630859375,47
3054,1,DDT1200_num100.txt,fixed,2898,8,362.25,25.133394241333008,13.280003547668457,1.4435649063671008e-05,0.36,0.014075750145333552,0.5224999785423279,0.034550685435533524,0.47999998927116394,0.5699999928474426,-0.059919397,-0.049623262,0.0002972981383209117,1.0444785248149524,0.02696451744784347,0.060504298995841636,0.0003,382,418,98.13483946728441,13.306930541992188,16.22386622428894,29.530796766281128,788,0.2937368000857532,0,0,TRUE,pair,396,4.84662879993266,6.660800554573001,65,0,7.318181818181818,4.84662879993266,0.6888562000385718,7.402594000130193,cpu,cuda:0,0,670.4638672,47
3055,1,DDT1200_num100.txt,fixed,2940,8,367.5,10.862780570983887,13.397382736206055,7.900257514847908e-06,0.68,0.01907885010817357,0.5425000190734863,0.024874696508049965,0.5099999904632568,0.6000000238418579,0.029438186436891556,0.03941454365849495,0.00020261616737116128,1.0077664256095886,0.019413816567976028,0.06811357848346233,0.0003,366,434,159.48072458190035,13.427702188491821,5.007127523422241,18.434829711914062,765,0.28968719992553815,0,0,TRUE,pair,390,4.862327800045023,6.406122449547255,55,0,7.538461538461538,4.862327800045023,0.6977819003222976,7.41339690030145,cpu,cuda:0,0,670.4638672,47
3056,1,DDT1200_num100.txt,fixed,2959,8,369.875,10.576358795166016,13.411660194396973,7.592050224047853e-06,0.32,0.01803751678391999,0.5199999809265137,0.0273861326277256,0.4699999988079071,0.550000011920929,0.15492365835234523,0.1648882425700625,0.0002873101523922135,1.0108245611190796,0.010780966219802698,0.05172655498608947,0.0003,384,416,131.81558842844169,13.44003677368164,9.007991075515747,22.448027849197388,794,0.3016861998476088,0,0,TRUE,pair,386,4.838694300226052,6.382899628977954,50,0,7.66580310880829,4.838694300226052,0.6794155000970932,7.5515515003789915,cpu,cuda:0,0,670.4658203,47
3057,1,DDT1200_num100.txt,fixed,2995,8,374.375,17.050933837890625,13.561155319213867,9.258503268938512e-06,0.3,0.00542501672510639,0.5187499523162842,0.020879119634628296,0.49000000953674316,0.5600000023841858,0.07260313222650439,0.08280858537182212,0.0001808852957765339,1.0295898914337158,0.030052158690523356,0.07230949448421597,0.0003,385,415,165.24570924762622,13.587754964828491,4.5367701053619385,18.12452507019043,805,0.3045621001801919,0,0,TRUE,pair,406,4.88881760003278,6.172621035456459,80,0,7.376847290640394,4.88881760003278,0.6962929003784666,7.625205900636502,cpu,cuda:0,0,670.4658203,47
3058,1,DDT1200_num100.txt,fixed,2983,8,372.875,11.805057525634766,13.478456497192383,7.1921840572031215e-06,0.26,-0.000800964,0.5162500143051147,0.03497767075896263,0.46000000834465027,0.5699999928474426,0.031138668209314345,0.04065755233168602,0.00035832825960824266,0.9698050558567047,0.015148348605725915,0.07545841056853533,0.0003,387,413,99.68927186000428,13.504891395568848,16.41808772087097,29.92297911643982,818,0.30131629985407926,0,0,TRUE,pair,388,4.898362299936707,6.365739188496394,55,0,7.688144329896907,4.898362299936707,0.6804458002443425,7.556324900127947,cpu,cuda:0,0,670.4658203,47
3059,1,DDT1200_num100.txt,fixed,2918,8,364.75,7.275815963745117,13.210536003112793,5.984258677926846e-06,-0.06,0.0013033829707193793,0.4962500035762787,0.01408678200095892,0.4699999988079071,0.5099999904632568,-0.025341427,-0.015623867,0.00026938557712128384,0.9852256715297699,0.010352615150623024,0.06626561358571052,0.0003,403,397,104.59991516957159,13.238540649414062,14.658231496810913,27.896772146224976,791,0.2959554000699427,0,0,TRUE,pair,374,4.781314799911343,6.356408498645074,60,0,7.802139037433155,4.781314799911343,0.6721728998527396,7.41968789981911,cpu,cuda:0,0,670.4638672,47
3060,1,DDT1200_num100.txt,fixed,2932,8,366.5,17.783418655395508,13.297832489013672,8.64246794662904e-06,0.26,-0.003251238,0.5162500143051147,0.043571069836616516,0.4399999976158142,0.6000000238418579,-0.296928032,-0.288336769,0.00043656413326971234,0.8809562444686889,0.011831017420627176,0.03451910689473152,0.0003,387,413,152.07415870284817,13.325080394744873,5.954986810684204,19.280067205429077,806,0.29741290003585164,0,0,TRUE,pair,393,4.82573269995919,6.159618008510803,60,0,7.460559796437659,4.82573269995919,0.6756804996693972,7.442526199913118,cpu,cuda:0,0,670.4638672,46
3061,1,DDT1200_num100.txt,fixed,2958,8,369.75,23.117904663085938,13.461549758911133,1.310651805397356e-05,0.5,-0.00394832,0.53125,0.04075460508465767,0.46000000834465027,0.6000000238418579,-0.084464742,-0.074803206,0.00039530491234141994,0.9859190908345309,0.013872890161689033,0.055585313588380814,0.0003,375,425,101.88661489843597,13.487372636795044,15.544900178909302,29.032272815704346,783,0.28628720006963704,0,0,TRUE,pair,398,4.951198200054932,6.052062204836832,75,0,7.432160804020101,4.951198200054932,0.6842432001867564,7.484471400413895,cpu,cuda:0,0,670.4658203,46
3062,1,DDT1200_num100.txt,fixed,2931,8,366.375,4.68874979019165,13.3317232131958,4.42200598627096e-06,0.26,-0.005009396,0.5162500143051147,0.028256632387638092,0.47999998927116394,0.5699999928474426,-0.109136172,-0.099208694,0.00022517381148645654,1.0040071457624435,0.03325290116481483,0.08087923377752304,0.0003,387,413,162.0390834392526,13.356461763381958,4.731766939163208,18.088228702545166,771,0.288969999877736,0,0,TRUE,pair,377,4.849188500273158,6.149778232115684,55,0,7.774535809018568,4.849188500273158,0.6812129002501024,7.461341700312914,cpu,cuda:0,0,670.4638672,46
3063,1,DDT1200_num100.txt,fixed,2914,8,364.25,12.447389602661133,13.31319808959961,7.569555236841552e-06,-0.04,-0.003552517,0.4975000023841858,0.03897113725543022,0.44999998807907104,0.5699999928474426,0.2428214301665624,0.2530643542607625,0.0003785826168799152,1.043221910794576,0.01625186065211892,0.045572916666666664,0.0003,402,398,143.99147987903692,13.340382814407349,6.896925687789917,20.237308502197266,788,0.2949143000441836,0,0,TRUE,pair,383,4.817701500112889,6.270418668742367,56,0,7.608355091383812,4.817701500112889,0.6926464001153363,7.458770300101605,cpu,cuda:0,0,670.4638672,46
3064,1,DDT1200_num100.txt,fixed,3011,8,376.375,17.775949478149414,13.674625396728516,1.1213279321964364e-05,0.74,-0.005480643,0.5462499856948853,0.042407989501953125,0.47999998927116394,0.6200000047683716,-0.337910422,-0.328530087,0.00046801303687971085,0.9614340762297312,0.013186193882575026,0.06242652082194885,0.0003,363,437,143.27589848663737,13.701261520385742,7.314136266708374,21.015397787094116,780,0.2941339000390144,0,0,TRUE,pair,399,5.0091701001510955,5.765194287453724,55,0,7.546365914786968,5.0091701001510955,0.6939332999609178,7.622499900273397,cpu,cuda:0,0,670.46630859375,46
3065,1,DDT1200_num100.txt,fixed,2939,8,367.375,6.263734817504883,13.398038864135742,5.091227649245411e-06,0.32,-0.010717326,0.5199999809265137,0.020615527406334877,0.49000000953674316,0.550000011920929,-0.006657416,0.003266272135078907,0.0006352260497806128,1.0241298004984856,0.01435954583575949,0.054550116416066885,0.0003,384,416,111.74666295225101,13.424916505813599,12.875645160675049,26.300561666488647,779,0.2890568000875646,0,0,TRUE,pair,375,4.846533899893984,6.254168084139076,64,0,7.8373333333333335,4.846533899893984,0.6943295003584353,7.51129079979728,cpu,cuda:0,0,670.4638672,46
3066,1,DDT1200_num100.txt,fixed,3014,8,376.75,10.790620803833008,13.597148895263672,7.2472971623938065e-06,0.58,0.005658165153921988,0.5362499952316284,0.040907662361860275,0.47999998927116394,0.5899999737739563,-0.053879369,-0.044319828,0.00027384748100303116,0.9696462452411652,0.019309787079691887,0.08941655643284321,0.0003,371,429,102.6452050372444,13.623738765716553,15.739542245864868,29.36328101158142,794,0.29068690005806275,0,0,TRUE,pair,390,4.968972400180064,6.079960186076465,80,0,7.728205128205128,4.968972400180064,0.6803199003625195,7.60390499982168,cpu,cuda:0,0,670.46630859375,46
3067,1,DDT1200_num100.txt,fixed,2968,8,371,12.227019309997559,13.48340892791748,8.90805313247256e-06,0.3,0.0031847573864418797,0.518750011920929,0.01899835839867592,0.49000000953674316,0.550000011920929,-0.025216641,-0.015064138,0.00044204626200636,1.0373523235321045,0.012497201858257706,0.04489196125756611,0.0003,385,415,98.19953891703308,13.513109922409058,16.71106457710266,30.22417449951172,805,0.3025080997904297,0,0,TRUE,pair,394,4.881857400003355,6.514150943356062,95,0,7.532994923857868,4.881857400003355,0.6921760998811806,7.561046099930536,cpu,cuda:0,0,670.4658203,46
3068,1,DDT1200_num100.txt,fixed,2897,8,362.125,8.852083206176758,13.199211120605469,5.394796517066425e-06,-0.04,0.007893369136376598,0.4975000023841858,0.029895653948187828,0.44999998807907104,0.550000011920929,-0.012333698,-0.002231892,0.000389067264966963,1.0296340584754944,0.011988201559605923,0.049394285221668804,0.0003,402,398,88.92639556270346,13.226325750350952,19.35117816925049,32.57750391960144,784,0.2932751000771532,0,0,TRUE,pair,384,4.7956481999426614,6.355540214343692,65,0,7.544270833333333,4.7956481999426614,0.6688247996062273,7.396457400085637,cpu,cuda:0,0,670.4638672,46
3069,1,DDT1200_num100.txt,fixed,3013,8,376.625,11.257636070251465,13.741535186767578,8.635888661956415e-06,0.33999999999999997,0.008345862846467619,0.5212500095367432,0.02847696840763092,0.47999998927116394,0.5600000023841858,0.016983937472105026,0.02679212437942624,0.00034674159542191774,0.9981558695435524,0.01328857611224521,0.05080708931200206,0.0003,383,417,111.65294438542847,13.768087148666382,13.217318534851074,26.985405683517456,805,0.38224950012227055,0,0,TRUE,pair,396,4.976300399866886,6.102555592749311,55,0,7.608585858585859,4.976300399866886,0.7063172002963256,7.703364000233705,cpu,cuda:0,0,670.46630859375,46
3070,1,DDT1200_num100.txt,fixed,2944,8,368,12.419742584228516,13.418500900268555,6.555427262355806e-06,0.38,0.008797246166798346,0.5237499475479126,0.03533323109149933,0.46000000834465027,0.5799999833106995,-0.113794636,-0.103792436,0.00030732603691932227,1.0155865086449518,0.009573397097281285,0.05103524820879102,0.0003,381,419,108.04233782558096,13.445659637451172,13.802917718887329,27.2485773563385,788,0.29371239987085573,0,0,TRUE,pair,380,4.895045199868036,6.284646740345203,70,0,7.747368421052632,4.895045199868036,0.6897575999173569,7.490014999930281,cpu,cuda:0,0,670.4638672,46
3071,1,DDT1200_num100.txt,fixed,2979,8,372.375,11.639775276184082,13.525917053222656,7.54699294702732e-06,0.36,0.013004706137691011,0.5224999785423279,0.034550681710243225,0.47999998927116394,0.5899999737739563,-0.0211424,-0.011397607,0.0003594227546273032,0.9924506843090057,0.010477442003320903,0.04401509929448366,0.0003,382,418,141.38152483257096,13.552114009857178,7.518531560897827,21.070645570755005,801,0.29619300019112416,0,0,TRUE,pair,390,5.044491399923572,6.275595837529372,55,0,7.638461538461539,5.044491399923572,0.6836673998623155,7.454939999792259,cpu,cuda:0,0,670.4658203,46
3072,1,DDT1200_num100.txt,fixed,2998,8,374.75,10.401322364807129,14.261045455932617,7.176359758886974e-06,0.38,0.018326457683252518,0.5237499475479126,0.03388860449194908,0.47999998927116394,0.5799999833106995,0.04107822765680877,0.05162147119302641,0.00036171786301896316,1.0724104046821594,0.015692009251903404,0.06670966761356051,0.0003,381,419,94.37638473604548,14.289849281311035,17.476572036743164,31.7664213180542,813,0.3199651000177255,0,0,TRUE,pair,395,5.377214999971329,6.6230820544645574,100,0,7.589873417721519,5.377214999971329,0.7003420005785301,7.827980800168007,cpu,cuda:0,0,670.4658203,46
3073,1,DDT1200_num100.txt,fixed,2940,8,367.5,8.276473045349121,13.490531921386719,6.991805094003212e-06,-0.28,0.006420457170186783,0.48249998688697815,0.01854049786925316,0.44999998807907104,0.5099999904632568,0.01434419620782137,0.024756866786628962,0.00034836318664019925,1.0586851716041565,0.00877703670412302,0.045585337467491625,0.0003,414,386,105.36138780520905,13.518299579620361,14.385660886764526,27.903960466384888,818,0.3093346000969177,0,0,TRUE,pair,383,5.055326200032141,6.349659863783389,50,0,7.676240208877284,5.055326200032141,0.6757951999170473,7.417485800106078,cpu,cuda:0,0,670.4638672,46
3074,1,DDT1200_num100.txt,fixed,2915,8,364.375,9.43315315246582,13.505752563476562,7.569555236841552e-06,-0.16,0.004696133232119144,0.49000000953674316,0.0269258301705122,0.44999998807907104,0.5400000214576721,0.030481355963274837,0.04144835545836637,0.0003295310422496793,1.1131765296061833,0.006849657031125389,0.05309784427906076,0.0003,408,392,54.91196768589755,13.533315658569336,39.55165147781372,53.08496713638306,820,0.3171936004073359,0,0,TRUE,pair,375,5.102213199847029,6.739279588172612,105,0,7.773333333333333,5.102213199847029,0.6687126998149324,7.392093000395107,cpu,cuda:0,0,670.4638672,48
3075,1,DDT1200_num100.txt,fixed,2944,8,368,10.331989288330078,15.163451194763184,7.820711289241444e-06,0.22,0.00863329741513161,0.5137499570846558,0.03870965540409088,0.46000000834465027,0.5799999833106995,-0.081721804,-0.070984855,0.00030401609546970576,1.0888960003852843,0.017717372323386372,0.05372397173196077,0.0003,389,411,124.93773214362449,15.189865589141846,8.373872518539429,23.563738107681274,806,0.35713970023789443,0,0,TRUE,pair,385,6.116468200052623,6.487432065136407,70,0,7.646753246753247,6.116468200052623,0.7216687002801336,7.948860600212356,cpu,cuda:0,0,670.4638672,47
3076,1,DDT1200_num100.txt,fixed,2981,8,372.625,12.328194618225098,15.238653182983398,7.144605660869274e-06,0.03999999999999998,0.011286919344578083,0.5024999976158142,0.02861381322145462,0.47999998927116394,0.5600000023841858,0.024912471882998943,0.03578105568885803,0.00024255709831777494,1.0989860892295837,0.014044744923012331,0.04816206265240908,0.0003,398,402,146.40678120191117,15.267321586608887,5.093757152557373,20.36107873916626,816,0.3538403001439292,0,0,TRUE,pair,393,6.129448800056707,6.2519288822053785,60,0,7.585241730279898,6.129448800056707,0.7375333000527462,7.993283099771361,cpu,cuda:0,0,670.4658203,46
3077,1,DDT1200_num100.txt,fixed,2896,8,362,13.729530334472656,14.839649200439453,7.531914434366627e-06,0.019999999999999987,0.005506335258865002,0.5012499690055847,0.03919103741645813,0.41999998688697815,0.5600000023841858,-0.060487565,-0.04964704,0.00041584389125798934,1.1048448383808136,0.017141594312205497,0.06552321531085505,0.0003,399,401,61.1874742388772,14.865600824356079,32.463335037231445,47.32994842529297,801,0.34064049970766064,0,0,TRUE,pair,375,5.932777200054261,6.525207180591578,70,0,7.722666666666667,5.932777200054261,0.7127196999063017,7.826313999787089,cpu,cuda:0,0,670.4638672,47
3078,1,DDT1200_num100.txt,fixed,2962,8,370.25,14.446020126342773,15.46004867553711,7.732999620202463e-06,0.07999999999999999,0.009725440053694457,0.5049999952316284,0.03122498095035553,0.46000000834465027,0.550000011920929,-0.124895208,-0.11340072,0.00034586275432957336,1.1667423844337463,0.03754602023400366,0.09388934262096882,0.0003,396,404,145.47059795193184,15.487629652023315,4.873873233795166,20.36150288581848,806,0.35155190000659786,0,0,TRUE,pair,390,6.415451500011841,6.255570559627216,65,0,7.5948717948717945,6.415451500011841,0.7592594997258857,7.907648399850586,cpu,cuda:0,0,670.4658203,47
3079,1,DDT1200_num100.txt,fixed,2997,8,374.625,7.999023438,15.266324043273926,7.501665550080361e-06,0.019999999999999997,0.01623295797945619,0.5012500286102295,0.016153551638126373,0.4699999988079071,0.5199999809265137,-0.022033629,-0.011472276,0.00034421582957013295,1.0733463901739855,0.010205198974850086,0.06464618172209996,0.0003,399,401,79.78971288071217,15.29355502128601,22.267678022384644,37.561233043670654,808,0.455461700054002,0,0,TRUE,pair,384,6.0875497999513755,6.463129796860892,105,0,7.8046875,6.0875497999513755,0.7398878004751168,8.053874600096606,cpu,cuda:0,0,670.4658203,49
3080,1,DDT1200_num100.txt,fixed,2930,8,366.25,10.859903335571289,14.622994422912598,6.379646492860047e-06,0.13999999999999999,0.015304524839084906,0.5087499618530273,0.01964527927339077,0.47999998927116394,0.5299999713897705,-0.029841102,-0.018819361,0.00031235739394711953,1.1177917420864105,0.014786317614683261,0.07589981658384204,0.0003,393,407,81.59676929316257,14.653531074523926,21.254753351211548,35.908284425735474,812,0.34519719998934306,0,0,TRUE,pair,383,5.791071899919189,6.487372014424906,55,0,7.650130548302872,5.791071899919189,0.6895469001756283,7.779588399571367,cpu,cuda:0,0,670.4638672,51
3081,1,DDT1200_num100.txt,fixed,3018,8,377.25,17.13001823425293,15.622183799743652,1.0414280950499233e-05,0.11999999999999998,0.020855789424731475,0.5074999928474426,0.05214163661003113,0.4300000071525574,0.6100000143051147,0.04254221252631396,0.053591603942913936,0.0003311459811811801,1.1214965879917145,0.01251253579976037,0.07065108283422887,0.0003,394,406,58.50020598264629,15.650347471237183,35.93921446800232,51.5895619392395,817,0.3556948997429572,0,0,TRUE,pair,409,6.409956699964823,6.555003314400604,70,0,7.378973105134475,6.409956699964823,0.7579522996675223,7.983718699964811,cpu,cuda:0,0,670.46630859375,50
3082,1,DDT1200_num100.txt,fixed,3010,8,376.25,9.85837173461914,15.386780738830566,8.54324025567621e-06,-0.02,0.012280015520856915,0.4987500011920929,0.030998991802334785,0.44999998807907104,0.550000011920929,-0.056742382,-0.045345495,0.0002904177280680205,1.1542096367249122,0.01396012225618156,0.06030627426046591,0.0003,401,399,78.02457769662634,15.416558980941772,23.16102886199951,38.577587842941284,814,0.347772500172141,0,0,TRUE,pair,392,6.204353199980687,6.876744185650468,100,0,7.678571428571429,6.204353199980687,0.7311847993842093,8.072244700291776,cpu,cuda:0,0,670.46630859375,49
3083,1,DDT1200_num100.txt,fixed,2930,8,366.25,8.058381080627441,14.731232643127441,6.280870366026647e-06,-0.04,0.01308205247534472,0.4975000023841858,0.019843125715851784,0.47999998927116394,0.5299999713897705,-0.056898275,-0.045729935,0.0002900022575756468,1.1313339684690749,0.011681144325328725,0.06111022111560617,0.0003,402,398,72.8942945863994,14.759125471115112,25.43606424331665,40.19518971443176,810,0.35731369993300177,0,0,TRUE,pair,379,5.945415100053651,6.70273037534525,65,0,7.730870712401056,5.945415100053651,0.7049835000798339,7.716638100260752,cpu,cuda:0,0,670.4638672,49
3084,1,DDT1200_num100.txt,fixed,2972,8,371.5,6.442049503326416,15.19663143157959,6.406321062968345e-06,0.039999999999999994,0.017830954824122645,0.5024999976158142,0.026809509843587875,0.4699999988079071,0.5400000214576721,-0.022437135,-0.010947894,0.00028262842242838816,1.1630556523799895,0.014493462792597712,0.06652178820222616,0.0003,398,402,88.81749825925357,15.224809169769287,18.23706555366516,33.46187472343445,810,0.360331299903919,0,0,TRUE,pair,383,6.055783099960536,6.6477119786261225,100,0,7.759791122715405,6.055783099960536,0.7317058001208352,8.03090300023905,cpu,cuda:0,0,670.4658203,49
3085,1,DDT1200_num100.txt,fixed,2983,8,372.875,13.147599220275879,14.993000030517578,8.77950333233457e-06,0.42,0.021383515600543728,0.5262500047683716,0.014947837218642235,0.5099999904632568,0.550000011920929,-0.060430193,-0.049416285,0.00039358000839666393,1.1210696605535655,0.009560585124955442,0.05400243630776039,0.0003,379,421,71.99324899487101,15.03091812133789,26.403522491455078,41.43444061279297,802,0.3515107998828171,0,0,TRUE,pair,385,5.998000200037495,6.573918873337424,65,0,7.748051948051948,5.998000200037495,0.7169759002135834,7.905135100445477,cpu,cuda:0,0,670.4658203,49
3086,1,DDT1200_num100.txt,fixed,2963,8,370.375,17.7196044921875,14.995340347290039,9.870644134934992e-06,0.13999999999999999,0.024794504947097416,0.5087499618530273,0.03722817450761795,0.44999998807907104,0.5699999928474426,-0.038404436,-0.02703728,0.0004242973650847985,1.1579305041920056,0.011414498805110767,0.04103799299760298,0.0003,393,407,83.6832096445502,15.022809505462646,20.38453221321106,35.407341718673706,818,0.35285930008103605,0,0,TRUE,pair,400,6.068497800122714,6.801552481076784,90,0,7.4075,6.068497800122714,0.7151705002179369,7.842242000086117,cpu,cuda:0,0,670.4658203,49
3087,1,DDT1200_num100.txt,fixed,3001,8,375.125,17.366905212402344,15.210702896118164,1.0238128197670449e-05,-0.24,0.02310800046520489,0.48499998450279236,0.04690415784716606,0.38999998569488525,0.550000011920929,0.006379550090059638,0.017478410904004704,0.00041018329526802216,1.1303953280051549,0.005630243496852927,0.04448077065171674,0.0003,412,388,50.10420050771403,15.237103462219238,44.658074378967285,59.89517784118652,828,0.44447119999676943,0,0,TRUE,pair,404,6.069359500048449,6.289903365862604,50,0,7.428217821782178,6.069359500048449,0.730270899774041,8.02960030012764,cpu,cuda:0,0,670.4658203,51
3088,1,DDT1200_num100.txt,fixed,2997,8,374.625,7.841197490692139,15.576362609863281,6.208046215760987e-06,0.07999999999999999,0.0262481383513419,0.5049999952316284,0.02692582458257675,0.46000000834465027,0.5400000214576721,0.018418493835876387,0.02965589224671324,0.0004265967490937328,1.1450693930188816,0.006499639731676628,0.0472731558062757,0.0003,396,404,50.840268704776626,15.605899333953857,43.34343504905701,58.949334383010864,828,0.36579340022581164,0,0,TRUE,pair,387,6.296149100133334,6.595929262755034,80,0,7.744186046511628,6.296149100133334,0.7579422000126215,8.131596700128284,cpu,cuda:0,0,670.4658203,51
3089,1,DDT1200_num100.txt,fixed,2963,8,370.375,16.139528274536133,15.468523025512695,6.999930519668851e-06,0.18,0.02368042874236238,0.5112500190734863,0.032953567802906036,0.44999998807907104,0.5600000023841858,-0.034631651,-0.023219336,0.0003090187981595389,1.156682464811537,0.009851814894419577,0.04952200874686241,0.0003,391,409,90.29629275170373,15.499434471130371,17.314758777618408,32.81419324874878,825,0.36128560012730304,0,0,TRUE,pair,400,6.486962100039818,6.657104285150374,80,0,7.4075,6.486962100039818,0.7290777998714475,7.882908399682492,cpu,cuda:0,0,670.4658203,52
3090,1,DDT1200_num100.txt,fixed,2913,8,364.125,12.653433799743652,14.971956253051758,7.3330670602445025e-06,0.019999999999999997,0.025673854954413357,0.5012499690055847,0.045397546142339706,0.4399999976158142,0.5799999833106995,-0.0146701,-0.002855085,0.0003054050994251156,1.1967717707157135,0.007971325365360826,0.0526065391022712,0.0003,399,401,101.0157922194573,14.999677658081055,13.837397575378418,28.837075233459473,803,0.34949310022057034,0,0,TRUE,pair,386,6.165489099861588,6.81496738822772,70,0,7.546632124352332,6.165489099861588,0.7085431995801628,7.725243200460682,cpu,cuda:0,0,670.4638672,52
3091,1,DDT1200_num100.txt,fixed,2917,8,364.625,14.326003074645996,14.846179008483887,9.725607924337965e-06,0.19999999999999998,0.020634612994357298,0.5125000476837158,0.038324277848005295,0.44999998807907104,0.5699999928474426,-0.071536992,-0.060176234,0.0002666444990609307,1.1494079768657683,0.013266572583233938,0.06801921124570072,0.0003,390,410,57.41224673709106,14.873237609863281,35.93473744392395,50.80797505378723,803,0.4247207001899369,0,0,TRUE,pair,387,6.030298000143375,6.705862187587279,90,0,7.537467700258398,6.030298000143375,0.7191899002209539,7.726543100186973,cpu,cuda:0,0,670.4638672,50
3092,1,DDT1200_num100.txt,fixed,2951,8,368.875,12.692886352539062,15.077545166015625,7.088694019330433e-06,0.11999999999999998,0.020368162603851946,0.5074999928474426,0.023318445309996605,0.4699999988079071,0.5400000214576721,-0.160398141,-0.149689744,0.0002744733792496845,1.0845632751782734,0.018633302533999085,0.05934829326967398,0.0003,394,406,143.41266830889086,15.107308864593506,5.4696738719940186,20.576982736587524,803,0.35234759956074413,0,0,TRUE,pair,390,6.099481699813623,6.763808878023154,90,0,7.566666666666666,6.099481699813623,0.7246508997632191,7.876992799792788,cpu,cuda:0,0,670.4658203,50
3093,1,DDT1200_num100.txt,fixed,2929,8,366.125,14.810785293579102,14.790742874145508,9.482947461947333e-06,0.26,0.020564021776137573,0.5162500143051147,0.026896795257925987,0.47999998927116394,0.5699999928474426,-0.123376405,-0.112214279,0.00034174923463356927,1.1332997491485195,0.02035207364487609,0.07918056914288747,0.0003,387,413,60.88100061627243,14.816418647766113,33.29382872581482,48.11024737358093,793,0.3432821000169497,0,0,TRUE,pair,388,5.846095600092667,6.520655512809753,80,0,7.548969072164948,5.846095600092667,0.7295304999861401,7.844776100173476,cpu,cuda:0,0,670.4638672,50
3094,1,DDT1200_num100.txt,fixed,2960,8,370,10.839741706848145,15.042704582214355,9.356220289191697e-06,0.46,0.030103874998241534,0.528749942779541,0.04313858225941658,0.4399999976158142,0.5899999737739563,-0.002649754,0.0086411421911584,0.0003289340739785176,1.145536310142941,0.02876991820651003,0.07547659095790651,0.0003,377,423,92.27681379592322,15.071589231491089,17.005807876586914,32.077397108078,791,0.36220589984441176,0,0,TRUE,pair,388,5.979353700051433,6.383783783260229,60,0,7.628865979381444,5.979353700051433,0.7220133000519127,7.970237199973781,cpu,cuda:0,0,670.4658203,51
3095,1,DDT1200_num100.txt,fixed,2882,8,360.25,12.527469635009766,14.803999900817871,2.507365570636466e-05,0.16,0.02188703555448776,0.5099999904632568,0.03041381575167179,0.44999998807907104,0.550000011920929,-0.035075301,-0.023170096,0.00031284608121495694,1.206162800391515,0.01498102516537377,0.06270909930268924,0.0003,392,408,83.1508293226144,14.835529565811157,19.824377298355103,34.65990686416626,799,0.35292229999322444,0,0,TRUE,pair,378,6.028592700007721,6.653365718085761,65,0,7.624338624338624,6.028592700007721,0.7125261999317445,7.696960399742238,cpu,cuda:0,0,670.4638672,51
3096,1,DDT1200_num100.txt,fixed,2998,8,374.75,10.90584659576416,15.668972969055176,5.309833795763552e-06,0.54,0.026333476599147275,0.5337499380111694,0.01866648904979229,0.5,0.5600000023841858,-0.008846451,0.002688485792734557,0.0003499559978889819,1.17099153664377,0.010003228086538406,0.06165492242305643,0.0003,373,427,62.005673169530674,15.694663763046265,32.65575075149536,48.350414514541626,786,0.3487001999892527,0,0,TRUE,pair,390,6.490776700040442,6.4339559702097056,60,0,7.687179487179487,6.490776700040442,0.7747539000120014,8.014932600330212,cpu,cuda:0,0,670.4658203,50
3097,1,DDT1200_num100.txt,fixed,2966,8,370.75,14.779631614685059,15.167543411254883,1.0036261301138438e-05,0.38,0.025270567095389235,0.5237500071525574,0.05872340127825737,0.4000000059604645,0.6100000143051147,0.025975540694263246,0.03732231424914466,0.00032652259202829253,1.1510036720169916,0.010485628024778433,0.043385085106516875,0.0003,381,419,97.72159271285051,15.197354078292847,15.15417742729187,30.351531505584717,789,0.34447450005973224,0,0,TRUE,pair,386,6.201987500011455,6.126432907074911,70,0,7.683937823834197,6.201987500011455,0.7293034002650529,7.862635500336182,cpu,cuda:0,0,670.4658203,50
3098,1,DDT1200_num100.txt,fixed,2961,8,370.125,8.880280494689941,14.968893051147461,7.44079898140626e-06,0.42,0.020708833119326434,0.5262500047683716,0.03425547480583191,0.46000000834465027,0.5699999928474426,0.03877221544583639,0.04986336330572764,0.00034835326368920505,1.1265323559443157,0.043568916230772935,0.058609189776082836,0.0003,379,421,142.32764222972492,15.000823736190796,5.803286790847778,20.804110527038574,783,0.34257000002253335,0,0,TRUE,pair,387,5.926932900212705,6.0688956434442485,90,0,7.651162790697675,5.926932900212705,0.731907699839212,7.934299800166627,cpu,cuda:0,0,670.4658203,50
3099,1,DDT1200_num100.txt,fixed,2929,8,366.125,23.067495346069336,14.88497543334961,1.3975478395877872e-05,0.46,0.020056199192873096,0.5287500023841858,0.05325352028012276,0.4399999976158142,0.6299999952316284,0.024438639637082815,0.03512902402629455,0.00047718066595810643,1.0928971767425548,0.011806101495797824,0.053248450780908264,0.0003,377,423,56.218343148050856,14.912364959716797,37.187562465667725,52.10043263435364,791,0.35535720008192584,0,0,TRUE,pair,388,6.03492219997861,6.107203821470079,95,0,7.548969072164948,6.03492219997861,0.7146873998863157,7.7692790996225085,cpu,cuda:0,0,670.4638672,51
3100,1,DDT1200_num100.txt,fixed,2923,8,365.375,10.209524154663086,14.775028228759766,7.231593372125644e-06,0.48,0.018016985181145664,0.5300000309944153,0.040926769375801086,0.4699999988079071,0.6000000238418579,-0.028093204,-0.017372392,0.00039924367835434776,1.0920435587565105,0.011641549955432614,0.041666666666666664,0.0003,376,424,130.5902223787891,14.80547046661377,7.577522277832031,22.3829927444458,780,0.33357470015471336,0,0,TRUE,pair,382,6.066816600214224,6.273007183910191,65,0,7.651832460732984,6.066816600214224,0.7060208996699657,7.640689199863118,cpu,cuda:0,0,670.4638672,50
3101,1,DDT1200_num100.txt,fixed,2879,8,359.875,15.406472206115723,14.697928428649902,7.516804998886073e-06,0.22,0.008602609034466625,0.5137499570846558,0.038385383784770966,0.4300000071525574,0.550000011920929,-0.112405612,-0.100908405,0.000314001689660542,1.1654210136486933,0.015175353328231722,0.04969292993728931,0.0003,389,411,79.45067369958866,14.724372625350952,21.5119469165802,36.23631954193115,777,0.3381191003281856,0,0,TRUE,pair,380,5.922813499797485,6.460229246597317,70,0,7.576315789473684,5.922813499797485,0.7332438996963901,7.672346900202683,cpu,cuda:0,0,670.46337890625,51
3102,1,DDT1200_num100.txt,fixed,2916,8,364.5,9.69536018371582,14.925809860229492,8.00745783635648e-06,0.24,0.01389676224302741,0.5149999856948853,0.030413810163736343,0.46000000834465027,0.5600000023841858,-0.26280198,-0.251578464,0.0003366774646565318,1.1391850590705872,0.01147074341424741,0.04567422913387418,0.0003,388,412,129.9093025536015,14.95247220993042,7.493957281112671,22.44642949104309,785,0.332166800100822,0,0,TRUE,pair,376,6.247199900084524,6.370027435496347,55,0,7.75531914893617,6.247199900084524,0.7147706997202476,7.600664200028405,cpu,cuda:0,0,670.4638672,49
3103,1,DDT1200_num100.txt,fixed,2935,8,366.875,16.4881591796875,15.100940704345703,7.67396795708919e-06,0.24,0.024339815393185017,0.5149999856948853,0.025980764999985695,0.47999998927116394,0.550000011920929,-0.089710513,-0.078586115,0.00039368444621296864,1.1321243047714233,0.011928463836998813,0.0483194605580398,0.0003,388,412,104.80178813802235,15.125977039337158,12.879270315170288,28.005247354507446,800,0.3441243003180716,0,0,TRUE,pair,393,6.1289270002016565,6.102214651172774,60,0,7.468193384223919,6.1289270002016565,0.7304537000600249,7.873324999891338,cpu,cuda:0,0,670.4638672,49
3104,1,DDT1200_num100.txt,fixed,2912,8,364,9.486832618713379,14.94152545928955,6.684229902020888e-06,0.16,0.02041584984212447,0.5099999904632568,0.032015614211559296,0.46000000834465027,0.5699999928474426,0.0029318876564502715,0.014170302823185921,0.00027904084272449835,1.1377936720848083,0.011752921622246504,0.037195659475401044,0.0003,392,408,133.4806814141068,14.96799111366272,6.847899913787842,21.81589102745056,794,0.34315800009062514,0,0,TRUE,pair,379,6.066180299851112,6.168612637362638,60,0,7.683377308707124,6.066180299851112,0.7314187001611572,7.778362399927573,cpu,cuda:0,0,670.4638672,50
3105,1,DDT1200_num100.txt,fixed,2884,8,360.5,6.442049503326416,14.910127639770508,6.298944754234981e-06,0.26,0.01858246885442775,0.51624995470047,0.023418743163347244,0.4699999988079071,0.5400000214576721,0.2182312848744914,0.23020655452273786,0.0003287515319243539,1.2139653265476227,0.01697415777016431,0.04920539725571871,0.0003,387,413,142.24272728854865,14.938514947891235,5.336686849594116,20.27520179748535,782,0.43669100002443884,0,0,TRUE,pair,371,6.05401729985897,6.300970873042383,55,0,7.773584905660377,6.05401729985897,0.7078274999657879,7.783844499790575,cpu,cuda:0,0,670.4638672,49
3106,1,DDT1200_num100.txt,fixed,2940,8,367.5,11.478240013122559,15.730749130249023,8.02164231572533e-06,0.62,0.013316106000668548,0.5387499928474426,0.03407254070043564,0.49000000953674316,0.6000000238418579,-0.178254344,-0.167293322,0.00026706619828473774,1.1094556331634522,0.017156789393629877,0.055632714089006184,0.0003,369,431,130.04229804720688,15.75763487815857,6.850393772125244,22.608028650283813,777,0.43846249976195395,0,0,TRUE,pair,382,6.419440799931181,6.130612244168106,60,0,7.696335078534031,6.419440799931181,0.7380113004037412,8.197105000028387,cpu,cuda:0,0,670.4638672,49
3107,1,DDT1200_num100.txt,fixed,2941,8,367.625,10.546771049499512,15.32560920715332,7.223728971439414e-06,0.27999999999999997,0.009177967823415395,0.5174999833106995,0.023318452760577202,0.47999998927116394,0.550000011920929,0.005892828106880188,0.017229199409484863,0.0002858544292394072,1.1479300737380982,0.015228726243367418,0.06257426450029016,0.0003,386,414,88.42899974139668,15.353356122970581,17.904964208602905,33.258320331573486,794,0.3422024000319652,0,0,TRUE,pair,385,6.411711599997943,6.398163889671256,80,0,7.638961038961039,6.411711599997943,0.7258799003320746,7.810634500201559,cpu,cuda:0,0,670.4638672,50
3108,1,DDT1200_num100.txt,fixed,2935,8,366.875,12.139166831970215,15.26817512512207,7.835234100639354e-06,0.26,0.009865339805188014,0.5162500143051147,0.019960902631282806,0.49000000953674316,0.550000011920929,-0.005735644,0.005802198830578063,0.00034948223280177143,1.171258568763733,0.01169087468426571,0.07429895019676122,0.0003,387,413,59.70261147542368,15.29678201675415,33.86354660987854,49.16032862663269,804,0.34562370015191846,0,0,TRUE,pair,391,6.393693899895879,6.391482112679815,70,0,7.506393861892583,6.393693899895879,0.7251204998901812,7.779068300151266,cpu,cuda:0,0,670.4638672,49
3109,1,DDT1200_num100.txt,fixed,2949,8,368.625,16.30902671813965,14.941641807556152,8.09921675681835e-06,0.26,0.01089475854219563,0.51624995470047,0.029553983360528946,0.47999998927116394,0.5600000023841858,-0.098891588,-0.087945933,0.00024642357796741027,1.1068867643674214,0.012065367336617783,0.053399756317958236,0.0003,387,413,147.788933262467,14.96928882598877,4.984843969345093,19.954132795333862,804,0.35365429990633857,0,0,TRUE,pair,388,6.096494399927906,6.155985080213537,45,0,7.600515463917525,6.096494399927906,0.7214452000480378,7.7535854003508575,cpu,cuda:0,0,670.4658203,49
3110,1,DDT1200_num100.txt,fixed,2883,8,360.375,10.391552925109863,14.843843460083008,7.784284207446035e-06,0.13999999999999999,0.00768635276268563,0.5087500214576721,0.032572027295827866,0.46000000834465027,0.5699999928474426,-0.045873218,-0.034355749,0.00033774575422285125,1.1686342060565948,0.00860840549285058,0.029773029692781467,0.0003,393,407,80.24548938843056,14.870731830596924,21.05652117729187,35.927253007888794,806,0.33906539967574645,0,0,TRUE,pair,381,6.033196800010046,6.4842178285680125,60,0,7.566929133858268,6.033196800010046,0.740638300543651,7.701504599841428,cpu,cuda:0,0,670.4638672,51
3111,1,DDT1200_num100.txt,fixed,2939,8,367.375,15.007810592651367,14.924588203430176,7.262967301358003e-06,-1.56E-17,0.008779498788765851,0.5,0.036400552839040756,0.4399999976158142,0.550000011920929,0.061518163843588394,0.07326954027468507,0.0003064026188274676,1.1904577883807095,0.010091374988075007,0.03778216615319252,0.0003,400,400,89.22843376457716,14.951218366622925,17.98671269416809,32.937931060791016,804,0.34004400012781844,0,0,TRUE,pair,384,6.050341599911917,6.239537256475451,50,0,7.653645833333333,6.050341599911917,0.7089541000023019,7.799693800290697,cpu,cuda:0,0,670.4638672,50
3112,1,DDT1200_num100.txt,fixed,2923,8,365.375,9.886069297790527,15.734437942504883,6.280870366026647e-06,0.11999999999999998,0.004269783929102886,0.5074999928474426,0.03455068916082382,0.44999998807907104,0.5600000023841858,0.05203182399272919,0.06376956552267074,0.0002362033730605617,1.185584032535553,0.009301410254556686,0.037892012484371664,0.0003,394,406,125.63646466950544,15.762567043304443,7.502971410751343,23.265538454055786,803,0.4476642001682194,0,0,TRUE,pair,383,6.621527399940533,6.369483407172608,65,0,7.631853785900783,6.621527399940533,0.7110769999417244,8.023792999912985,cpu,cuda:0,0,670.4638672,49
3113,1,DDT1200_num100.txt,fixed,2908,8,363.5,13.407087326049805,16.137685775756836,5.917393536947202e-06,0.46,0.004695104251151464,0.528749942779541,0.028034575283527374,0.49000000953674316,0.5699999928474426,-0.012502384,-0.001193548,0.00025479228679614607,1.1436233222484589,0.01854505319352029,0.06493861705530435,0.0003,377,423,81.21324108436622,16.165804386138916,19.641164541244507,35.80696892738342,786,0.3642124002944911,0,0,TRUE,pair,378,6.760841699986486,6.124828059989779,64,0,7.693121693121693,6.760841699986486,0.7951915000594454,8.101413299780688,cpu,cuda:0,0,670.4638672,50
3114,1,DDT1200_num100.txt,fixed,2904,8,363,15.596473693847656,15.831331253051758,1.1463942428235896e-05,0.38,0.003991005962606851,0.5237500071525574,0.048202045261859894,0.4300000071525574,0.5899999737739563,0.09440333599394019,0.10582568792795594,0.0004150927389590916,1.1629894267429004,0.009352330737535587,0.03549513783813878,0.0003,381,419,79.54610738259899,15.858590126037598,20.648538827896118,36.507128953933716,778,0.35750520005240105,0,0,TRUE,pair,383,6.603273100146907,6.062327824758761,60,0,7.582245430809399,6.603273100146907,0.7532004994718591,8.087277600090601,cpu,cuda:0,0,670.4638672,51
3115,1,DDT1200_num100.txt,fixed,2827,8,353.375,14.873950004577637,16.3638973236084,8.71451720740879e-06,0.36,0.00864190838821908,0.5224999785423279,0.031917862594127655,0.4699999988079071,0.5799999833106995,-0.090481669,-0.079095336,0.00027814458590000866,1.1525402188301086,0.011219038837589323,0.031858373805880545,0.0003,382,418,106.70915290122824,16.393099069595337,10.098445415496826,26.492572784423828,791,0.46322950000467245,0,0,TRUE,pair,374,6.953366000001552,6.459497701248854,60,0,7.5588235294117645,6.953366000001552,0.8043536000041058,8.21094460041786,cpu,cuda:0,0,670.46337890625,51
3116,1,DDT1200_num100.txt,fixed,2872,8,359,8.66025447845459,16.4711971282959,6.743495760019869e-06,0.46,0.016390847703988846,0.5287500023841858,0.026663411408662796,0.49000000953674316,0.5699999928474426,-0.021087336,-0.00959391,0.00033861338410393467,1.1662730532033103,0.010563242901948147,0.06389822651232992,0.0003,377,423,60.94121451207021,16.499674081802368,30.62770962715149,47.12738370895386,767,0.3527677998645231,0,0,TRUE,pair,371,7.0944682999834185,6.115947075125899,60,0,7.741239892183288,7.0944682999834185,0.7736918001464801,8.21111380061484,cpu,cuda:0,0,670.46337890625,52
3117,1,DDT1200_num100.txt,fixed,2951,8,368.875,9.373332977294922,16.953771591186523,7.262967301358003e-06,0.46,0.01763192600471971,0.5287500023841858,0.03370366990566254,0.47999998927116394,0.5699999928474426,0.02512280998884567,0.036198697285726666,0.0003027457486106349,1.122726355280195,0.010348368323840467,0.0636336482129991,0.0003,377,423,59.37485526846948,16.983073711395264,32.71810007095337,49.70117378234863,787,0.4510736000665929,0,0,TRUE,pair,389,7.466280799882952,5.931209759242007,60,0,7.586118251928021,7.466280799882952,0.8491834997112164,8.228530099819181,cpu,cuda:0,0,670.4658203,48
3118,1,DDT1200_num100.txt,fixed,2909,8,363.625,13.265910148620605,16.59148406982422,8.740569683141075e-06,0.12,0.014823222951246336,0.5074999928474426,0.022776078432798386,0.4699999988079071,0.5400000214576721,0.0026889564469456673,0.01389820664189756,0.00028212106280989246,1.1350311636924744,0.013655999491675175,0.061155536634032615,0.0003,394,406,54.78602449761511,16.618324279785156,36.47915863990784,53.09748291969299,796,0.36034130011103116,0,0,TRUE,pair,382,7.095473799883621,6.151254726177476,70,0,7.615183246073299,7.095473799883621,0.8198750999144977,8.278212800258189,cpu,cuda:0,0,670.4638672,41
3119,1,DDT1200_num100.txt,fixed,2943,8,367.875,10.740548133850098,17.10974884033203,8.84401197254192e-06,0.54,0.01375797806607322,0.5337499976158142,0.023946557193994522,0.5,0.5699999928474426,-0.021450228,-0.010274314,0.00037031367214189633,1.1361071599854364,0.026548552171637613,0.09303421796196037,0.0003,373,427,76.99012403351682,17.139728546142578,21.0859534740448,38.22568202018738,790,0.3722623999492498,0,0,TRUE,pair,386,7.493198800118989,5.982670743814586,60,0,7.624352331606218,7.493198800118989,0.8430560999695444,8.356213400009437,cpu,cuda:0,0,670.4638672,41
3120,1,DDT1200_num100.txt,fixed,2915,8,364.375,14.932661056518555,17.047561645507812,8.529922524758149e-06,0.16,0.017338177089373845,0.5099999904632568,0.032403696328401566,0.46000000834465027,0.5699999928474426,0.01756609061267227,0.029091318091377615,0.0003174552490236238,1.1683955252170564,0.01067191615293268,0.07222417894518003,0.0003,392,408,42.9430240752302,17.08131432533264,50.798312187194824,67.88064098358154,822,0.3910952002479462,0,0,TRUE,pair,394,7.439326199848438,6.0096054889325625,70,0,7.398477157360406,7.439326199848438,0.8094584003265481,8.388897199765779,cpu,cuda:0,0,670.4638672,38
3121,1,DDT1200_num100.txt,fixed,2902,8,362.75,14.210471153259277,16.196115493774414,6.942853815417038e-06,0.03999999999999998,0.013949836432183619,0.5024999976158142,0.04683748632669449,0.4099999964237213,0.5600000023841858,0.013576413758776405,0.02562040750953284,0.00025328432622534984,1.2170636220411821,0.014689428091514856,0.0752782565118237,0.0003,398,402,70.94133533707247,16.230592727661133,24.676446676254272,40.907039403915405,816,0.3812246999295894,0,0,TRUE,pair,396,6.97829540001112,6.170572019132723,60,0,7.328282828282828,6.97829540001112,0.7669308994954918,8.067840000119759,cpu,cuda:0,0,670.4638672,40
3122,1,DDT1200_num100.txt,fixed,2895,8,361.875,7.287618160247803,15.75103759765625,1.7748978279996663e-05,-0.06,0.0160660373054584,0.4962500035762787,0.025950679555535316,0.44999998807907104,0.5400000214576721,-0.040372453,-0.028320305,0.00030954911392958213,1.2206925710042318,0.007470861612819135,0.04675959485272566,0.0003,403,397,56.122259447889704,15.781625032424927,35.80218553543091,51.583810567855835,821,0.3668277995457174,0,0,TRUE,pair,371,6.690344900038326,6.452504317789292,90,0,7.803234501347709,6.690344900038326,0.7302790003304835,7.954507400121656,cpu,cuda:0,0,670.4638672,43
3123,1,DDT1200_num100.txt,fixed,2824,8,353,9.027734756469727,15.086634635925293,7.270789410540601e-06,-0.24,0.008682271776668532,0.48500001430511475,0.019364912062883377,0.46000000834465027,0.5099999904632568,-0.190593633,-0.178444774,0.0003459278028458357,1.2321829557418824,0.011773595889098942,0.06267969030886889,0.0003,412,388,120.49265722732886,15.113100290298462,8.324012517929077,23.43711280822754,790,0.34867019999364857,0,0,TRUE,pair,365,6.178018000020529,6.487960339690066,70,0,7.736986301369863,6.178018000020529,0.7197977006289875,7.829150700039463,cpu,cuda:0,0,670.46337890625,44
3124,1,DDT1200_num100.txt,fixed,2905,8,363.125,11.229843139648438,17.03140640258789,7.979011570569128e-06,-0.16,0.010298823999532377,0.49000000953674316,0.019999992102384567,0.46000000834465027,0.5199999809265137,-0.03306184,-0.020728114,0.0002608238819448161,1.2464138021071751,0.010478265311879417,0.05442957382183522,0.0003,408,392,40.37704581381592,17.058876037597656,54.88794279098511,71.94681882858276,799,0.3867085002566455,0,0,TRUE,pair,379,7.335103299890761,6.577969017948012,90,0,7.66490765171504,7.335103299890761,0.847260800001095,8.434739699383499,cpu,cuda:0,0,670.4638672,47
3125,1,DDT1200_num100.txt,fixed,3027,8,378.375,10.049098014831543,16.42319107055664,8.395584700338077e-06,0.33999999999999997,0.006209251315184308,0.5212500095367432,0.03655047342181206,0.46000000834465027,0.5899999737739563,-0.06575375,-0.053972501,0.00024641141036144376,1.1904452551494946,0.008782883190592243,0.04772670524702831,0.0003,383,417,71.41400222475244,16.450791597366333,25.935853958129883,42.386645555496216,823,0.3667520001617959,0,0,TRUE,pair,392,6.629265199953807,6.244796827834236,55,0,7.721938775510204,6.629265199953807,0.784624999971129,8.60889979993226,cpu,cuda:0,0,670.46630859375,48
3126,1,DDT1200_num100.txt,fixed,2919,8,364.875,12.241706848144531,15.818798065185547,7.415316213155165e-05,-0.14,0.007893909176540714,0.49125000834465027,0.03018174320459366,0.4399999976158142,0.550000011920929,-0.005208608,0.007064878940582275,0.0003212126162411137,1.2434096932411194,0.007463105546776205,0.04454291345212947,0.0003,407,393,69.00718562442917,15.852041244506836,26.447901487350464,42.2999427318573,823,0.4501930999394972,0,0,TRUE,pair,381,6.635740600191639,6.446385748789057,65,0,7.661417322834645,6.635740600191639,0.7588090994831873,8.045673000320676,cpu,cuda:0,0,670.4638672,49
3127,1,DDT1200_num100.txt,fixed,2987,8,373.375,7.69638729095459,15.588886260986328,8.46973398438422e-06,0.19999999999999998,0.0058803211694950265,0.512499988079071,0.02046338841319084,0.47999998927116394,0.5400000214576721,-0.050349614,-0.038399819,0.00022238278506847564,1.2060989066958427,0.011144120937387925,0.04107199254212901,0.0003,390,410,83.61236720413699,15.620579719543457,20.103800535202026,35.72438025474548,810,0.42615930004103575,0,0,TRUE,pair,382,6.344397600070806,6.122196184140127,55,0,7.819371727748691,6.344397600070806,0.7161600008257665,8.15425220032921,cpu,cuda:0,0,670.4658203,49
3128,1,DDT1200_num100.txt,fixed,2978,8,372.25,12.577260971069336,16.429901123046875,7.979011570569128e-06,0.58,0.006910519443048454,0.5362499952316284,0.027357591316103935,0.47999998927116394,0.5699999928474426,-0.019395047,-0.007830297,0.0003282352481619455,1.1728867143392563,0.011437685912824236,0.028425855503883213,0.0003,371,429,111.33933550387906,16.457887411117554,10.289173603057861,26.747061014175415,812,0.36576830010744743,0,0,TRUE,pair,387,6.872774799921899,5.981867024128352,60,0,7.695090439276486,6.872774799921899,0.8092302002914948,8.346457400359213,cpu,cuda:0,0,670.4658203,49
3129,1,DDT1200_num100.txt,fixed,2971,8,371.375,11.671948432922363,16.671632766723633,6.743495760019869e-06,0.36,0.00827422641658292,0.5224999785423279,0.033819377422332764,0.47999998927116394,0.5600000023841858,-0.108034392,-0.09694087,0.0003052955507882871,1.1246172189712524,0.01106810193353643,0.07248263154178858,0.0003,382,418,118.52602093352579,16.698473930358887,8.367751836776733,25.06622576713562,794,0.3513437999790767,0,0,TRUE,pair,390,7.348735000079614,6.052507572645934,72,0,7.6179487179487175,7.348735000079614,0.8019777999143116,8.127967000778881,cpu,cuda:0,0,670.4658203,50
3130,1,DDT1200_num100.txt,fixed,2932,8,366.5,13.190905570983887,16.852210998535156,8.60951877257321e-06,0.33999999999999997,0.008533407641523922,0.5212500095367432,0.027585098519921303,0.47999998927116394,0.5699999928474426,-0.010938618,0.00047414898872375486,0.0004122720332816243,1.1618899941444396,0.011164126137737184,0.06980478772893547,0.0003,383,417,93.84331680822362,16.882540702819824,14.361026763916016,31.24356746673584,804,0.3679210003465414,0,0,TRUE,pair,379,7.470333600009326,6.338676670075764,60,0,7.736147757255937,7.470333600009326,0.8248983003431931,8.15559969979222,cpu,cuda:0,0,670.4638672,51
3131,1,DDT1200_num100.txt,fixed,2957,8,369.625,7.983381271362305,16.061105728149414,6.641573236265685e-06,0.18,0.011137188347739716,0.5112500190734863,0.026663409546017647,0.46000000834465027,0.5400000214576721,-0.032059545,-0.019777352,0.0002481625306245405,1.240627361195428,0.010668467185626338,0.06484315058748637,0.0003,391,409,62.40806546914915,16.088507413864136,31.29318881034851,47.38169622421265,815,0.35599670009105466,0,0,TRUE,pair,378,6.720456000199192,6.377071356426674,80,0,7.822751322751323,6.720456000199192,0.7672685999714304,8.18904800042219,cpu,cuda:0,0,670.4658203,51
3132,1,DDT1200_num100.txt,fixed,2931,8,366.375,16.061891555786133,17.056365966796875,8.971637726062909e-06,0.22,0.010593612823512635,0.5137499570846558,0.024462977424263954,0.46000000834465027,0.550000011920929,-0.015812975,-0.003726083,0.0003044729041553532,1.2239130047651439,0.010009835075694494,0.05496655232631243,0.0003,389,411,62.09085772432885,17.085036277770996,30.119980812072754,47.20501708984375,786,0.4799932999012526,0,0,TRUE,pair,388,7.432463599805487,6.358239507968008,75,0,7.554123711340206,7.432463599805487,0.8090007994760526,8.41673879980226,cpu,cuda:0,0,670.4638672,50
3133,1,DDT1200_num100.txt,fixed,2997,8,374.625,14.857131958007812,15.849153518676758,8.734064067539293e-06,0.36,0.009172348442682828,0.5224999785423279,0.03344772011041641,0.4699999988079071,0.5699999928474426,-0.048229438,-0.036665122,0.0003130851344814381,1.172085885818188,0.021608983694862288,0.05043059902695509,0.0003,382,418,63.41010489184348,15.8772873878479,31.386472940444946,47.26376032829285,805,0.34760890011966694,0,0,TRUE,pair,399,6.502130699693225,5.972972973012749,60,0,7.511278195488722,6.502130699693225,0.777525900528417,8.178466199984541,cpu,cuda:0,0,670.4658203,51
3134,1,DDT1200_num100.txt,fixed,2983,8,372.875,9.061422348022461,16.699594497680664,7.294205715879798e-06,0.07999999999999999,0.006730536008957185,0.5049999952316284,0.015811389312148094,0.49000000953674316,0.5400000214576721,-0.004279383,0.007605802267789841,0.0002682319209270645,1.2019302695989609,0.008612236575572751,0.0576544189825654,0.0003,396,404,128.69250979181896,16.728562593460083,6.450719594955444,23.179282188415527,818,0.37860539990651887,0,0,TRUE,pair,388,7.124478500030818,6.096882332582183,100,0,7.688144329896907,7.124478500030818,0.7985431003908161,8.375867100097821,cpu,cuda:0,0,670.4658203,50
3135,1,DDT1200_num100.txt,fixed,2888,8,361,11.079259872436523,16.561607360839844,5.917393536947202e-06,-0.08,0.0017814251884609137,0.4950000047683716,0.02449488639831543,0.46000000834465027,0.5299999713897705,-0.020916849,-0.008831753,0.0003313765611143454,1.2250781304696028,0.014298782629125258,0.08257947911453598,0.0003,404,396,53.87809223083969,16.59243631362915,37.01005554199219,53.60249185562134,815,0.37608670025656465,0,0,TRUE,pair,379,7.245916199928615,6.404085873154061,60,0,7.620052770448549,7.245916199928615,0.806841399971745,8.118432400224265,cpu,cuda:0,0,670.4638672,52
3136,1,DDT1200_num100.txt,fixed,2978,8,372.25,18.095233917236328,15.752398490905762,9.19690228329273e-06,0.52,0.005784635775508075,0.5324999690055847,0.03455069661140442,0.47999998927116394,0.6000000238418579,-0.072130417,-0.060604874,0.0003240207235129284,1.1687554461615426,0.010736231159951006,0.043084188497492244,0.0003,374,426,95.24819931562209,15.780960083007812,15.48472285270691,31.26568293571472,785,0.33742280007572845,0,0,TRUE,pair,403,6.514474499839707,6.086299531206818,80,0,7.389578163771712,6.514474499839707,0.7633835996093694,8.095501600357238,cpu,cuda:0,0,670.4658203,46
3137,1,DDT1200_num100.txt,fixed,2994,8,374.25,11.51900577545166,15.802045822143555,7.433155587932561e-06,0.54,0.009772593639881954,0.5337499976158142,0.039031244814395905,0.47999998927116394,0.6100000143051147,-0.056427136,-0.045159008,0.00030995473207440227,1.1423105676968892,0.008263225321813176,0.062315132562071086,0.0003,373,427,62.01214013658087,15.830130100250244,32.45073866844177,48.28086876869202,791,0.343081899889512,0,0,TRUE,pair,393,6.572562599918456,5.907147628351618,80,0,7.6183206106870225,6.572562599918456,0.7449739001312992,8.101874100524583,cpu,cuda:0,0,670.4658203,41
3138,1,DDT1200_num100.txt,fixed,2972,8,371.5,11.947803497314453,15.937594413757324,7.356285550486064e-06,0.26,0.007459289859398003,0.51624995470047,0.03637908026576042,0.46000000834465027,0.5799999833106995,-0.065978968,-0.05398201,0.0003130672787217638,1.2153491469529958,0.009943973676014978,0.04671458860572714,0.0003,387,413,70.95821155456889,15.96387004852295,25.919936418533325,41.883806467056274,814,0.35025100022903644,0,0,TRUE,pair,394,6.547559599915985,6.248654105140255,65,0,7.543147208121828,6.547559599915985,0.781488599604927,8.221214699718985,cpu,cuda:0,0,670.4658203,37
3139,1,DDT1200_num100.txt,fixed,2891,8,361.375,13.56408405303955,15.340978622436523,9.07244611880742e-06,0.26,0.0010932297568324663,0.5162500143051147,0.03119996376335621,0.4699999988079071,0.5600000023841858,-0.198649275,-0.186706271,0.00048076672707490314,1.2183381418387096,0.010838913464491876,0.046805268502794206,0.0003,387,413,75.50649929692285,15.372016429901123,22.916078329086304,38.28809475898743,799,0.3416175999009283,0,0,TRUE,pair,375,6.461275599896908,6.589761328342587,50,0,7.709333333333333,6.461275599896908,0.7183204993780237,7.801123599943821,cpu,cuda:0,0,670.4638672,39
3140,1,DDT1200_num100.txt,fixed,2967,8,370.875,15.599980354309082,16.14622688293457,1.0271386599924881e-05,0.7,0.010668905899446336,0.543749988079071,0.04328322410583496,0.4699999988079071,0.6100000143051147,-0.044373585,-0.032930979,0.0004914556131032961,1.168833579335894,0.008540518598497979,0.04866674941565309,0.0003,365,435,86.45984775340986,16.172765493392944,18.143741846084595,34.31650733947754,777,0.3641108998999698,0,0,TRUE,pair,397,6.5170576999516925,6.235928548479225,65,0,7.473551637279597,6.5170576999516925,0.8380196002399316,8.38559790000727,cpu,cuda:0,0,670.4658203,41
3141,1,DDT1200_num100.txt,fixed,2878,8,359.75,13.093414306640625,16.505292892456055,9.772254088602494e-06,0.03999999999999999,0.02707822185611697,0.5024999976158142,0.019202852621674538,0.4699999988079071,0.5299999713897705,-0.015630765,-0.004084339,0.0004378885891388303,1.1765370794704981,0.010137678423364247,0.0710424224713019,0.0003,398,402,90.37362983561287,16.53631281852722,15.30925989151001,31.84557271003723,784,0.3609573998255655,0,0,TRUE,pair,385,7.137122700049076,6.313759555453803,55,0,7.475324675324675,7.137122700049076,0.7928660001780372,8.181914000277175,cpu,cuda:0,0,670.46337890625,41
3142,1,DDT1200_num100.txt,fixed,2979,8,372.375,10.885052680969238,15.899581909179688,6.959209258639021e-06,0.74,0.03178942682040951,0.5462499856948853,0.020577602088451385,0.5199999809265137,0.5699999928474426,-0.058064847,-0.047007946,0.00028411936000338756,1.1198961039384205,0.012739613817151016,0.07429389127840598,0.0003,363,437,71.41322373655288,15.924880504608154,25.790082693099976,41.71496319770813,776,0.33575020005810075,0,0,TRUE,pair,389,6.641647499840474,5.716012085152377,50,0,7.658097686375322,6.641647499840474,0.7664094999636291,8.112365800116095,cpu,cuda:0,0,670.4658203,44
3143,1,DDT1200_num100.txt,fixed,2866,8,358.25,13.442005157470703,15.191701889038086,2.1799334717798047e-05,0.26,0.03285018974511968,0.5162500143051147,0.02117634192109108,0.5,0.5699999928474426,0.00024449266493320465,0.011442489922046661,0.0003877032201368517,1.139184961716334,0.014113468472108556,0.059109941648785025,0.0003,387,413,65.273889519486,15.220509767532349,28.68678641319275,43.9072961807251,780,0.33608010003808886,0,0,TRUE,pair,381,6.218621900086873,5.945568736582807,50,0,7.5223097112860895,6.218621900086873,0.7235661992890527,7.887817900089431,cpu,cuda:0,0,670.46337890625,45
3144,1,DDT1200_num100.txt,fixed,2825,8,353.125,12.800756454467773,15.533258438110352,9.452928679820616e-06,0.09999999999999999,0.02772007841293282,0.5062499642372131,0.027357593178749084,0.4699999988079071,0.550000011920929,-0.089876112,-0.07773303,0.00032738339954944837,1.2306773500009016,0.01115023274376819,0.06058773626996712,0.0003,395,405,73.70198967917885,15.559819221496582,22.770217895507812,38.330037117004395,775,0.3479274999554036,0,0,TRUE,pair,372,6.558098100009374,6.363539822418078,60,0,7.594086021505376,6.558098100009374,0.7748026997142006,7.827531199916848,cpu,cuda:0,0,670.46337890625,46
3145,1,DDT1200_num100.txt,fixed,2789,8,348.625,11.639775276184082,14.285240173339844,6.793883585487492e-06,-0.06,0.02554906809825215,0.4962500035762787,0.036721065640449524,0.4300000071525574,0.5299999713897705,-0.053233243,-0.04101304,0.0004442271019797772,1.244232077151537,0.006546553922817111,0.04811342805624008,0.0003,403,397,60.98264849978556,14.31763505935669,31.416685581207275,45.734320640563965,769,0.32442029984667897,0,0,TRUE,pair,362,5.7930653001967585,6.6493366805829215,55,0,7.704419889502763,5.7930653001967585,0.691409700360964,7.452953599931789,cpu,cuda:0,0,670.46142578125,46
3146,1,DDT1200_num100.txt,fixed,2919,8,364.875,13.109514236450195,15.486040115356445,9.221591426467057e-06,0.36,0.02094196566773402,0.5224999785423279,0.045483510941267014,0.44999998807907104,0.5899999737739563,-0.027225286,-0.01549846,0.0006325231765263847,1.204308773790087,0.008363596695874418,0.06597089155444077,0.0003,382,418,88.53293250458483,15.512330293655396,17.458451509475708,32.9707818031311,770,0.33158280023781117,0,0,TRUE,pair,387,6.411698200201499,6.360739979771728,65,0,7.542635658914729,6.411698200201499,0.7392810997844208,7.967326999249053,cpu,cuda:0,0,670.4638672,46
3147,1,DDT1200_num100.txt,fixed,2932,8,366.5,19.371370315551758,16.217937469482422,1.0381480024079792e-05,0.52,0.009440129586663225,0.5324999690055847,0.03526683896780014,0.46000000834465027,0.5799999833106995,0.011877120514823631,0.023628626865419475,0.00034936106848445803,1.1926186355677517,0.00902767422799529,0.0394567161036486,0.0003,374,426,67.28056031841498,16.243934154510498,27.33477544784546,43.57870960235596,757,0.3339577997830929,0,0,TRUE,pair,390,6.868303600072977,6.065484311497715,60,0,7.517948717948718,6.868303600072977,0.8059737001603935,8.146183799981372,cpu,cuda:0,0,670.4638672,49
3148,1,DDT1200_num100.txt,fixed,2842,8,355.25,13.808964729309082,15.65021800994873,6.3439056248171255e-06,0.3,0.013552196743312133,0.5187499523162842,0.04702061042189598,0.4099999964237213,0.5600000023841858,-0.003066538,0.008703428567113244,0.0003107391154010068,1.1925335631651037,0.009804294930825777,0.06974273635184064,0.0003,385,415,54.36029868738265,15.67640733718872,36.60439443588257,52.28080177307129,763,0.33186050002404954,0,0,TRUE,pair,372,6.632721699876129,6.36206896543335,60,0,7.639784946236559,6.632721699876129,0.7771401996869827,7.863554500072496,cpu,cuda:0,0,670.46337890625,49
3149,1,DDT1200_num100.txt,fixed,2918,8,364.75,10.674151420593262,15.313133239746094,8.476442417304497e-06,0.33999999999999997,0.0035338784703627707,0.5212500095367432,0.02315032295882702,0.49000000953674316,0.5699999928474426,0.006814661202952266,0.018601456831675023,0.00032594636286376044,1.194976981729269,0.010765513201477006,0.05345150671200827,0.0003,383,417,59.367025316904844,15.34091329574585,33.810951471328735,49.151864767074585,792,0.34716290011419915,0,0,TRUE,pair,383,6.449605600122595,6.270047977086695,55,0,7.618798955613577,6.449605600122595,0.7256953000614885,7.772399999652407,cpu,cuda:0,0,670.4638672,50
3150,1,DDT1200_num100.txt,fixed,2893,8,361.625,17.97871971130371,15.572527885437012,8.265941687568557e-06,0.21999999999999997,-0.001136639,0.5137499570846558,0.048717938363552094,0.4099999964237213,0.5699999928474426,-0.008622551,0.0037070150886263165,0.00038128555544452477,1.2520207677568709,0.013037517334201507,0.05878609285822937,0.0003,389,411,97.83605149517655,15.598060131072998,13.971816778182983,29.56987690925598,787,0.3449116999836406,0,0,TRUE,pair,387,6.422869500034722,6.634980986203201,70,0,7.475452196382429,6.422869500034722,0.7538099003577372,8.016504800136317,cpu,cuda:0,0,670.4638672,50
3151,1,DDT1200_num100.txt,fixed,2863,8,357.875,12.282482147216797,15.219767570495605,7.371723768301308e-06,-0.06,-0.008174117,0.4962500035762787,0.049228422343730927,0.38999998569488525,0.5600000023841858,-0.080369873,-0.068408048,0.00030709215789102016,1.2115370273590087,0.011787477176403627,0.04214640818536282,0.0003,403,397,80.16114315231361,15.250743627548218,20.46481490135193,35.71555852890015,788,0.4351392998069059,0,0,TRUE,pair,378,6.273122200072976,6.4799161720142635,70,0,7.574074074074074,6.273122200072976,0.7485580999345984,7.8323756002646405,cpu,cuda:0,0,670.46337890625,51
3152,1,DDT1200_num100.txt,fixed,2848,8,356,14.282856941223145,15.139860153198242,7.040416221570922e-06,0.32,-0.000194743,0.5199999809265137,0.03162276744842529,0.4699999988079071,0.5899999737739563,0.020342326490208507,0.0320620727725327,0.0003499760387057904,1.1894736140966415,0.01983198990637902,0.03768433420918882,0.0003,384,416,124.4485140536007,15.176755428314209,7.708210468292236,22.884965896606445,797,0.36406709988659713,0,0,TRUE,pair,386,6.188826100158622,6.795997190927522,55,0,7.3782383419689115,6.188826100158622,0.7207006000389811,7.864222000454902,cpu,cuda:0,0,670.46337890625,49
3153,1,DDT1200_num100.txt,fixed,2881,8,360.125,9.57127857208252,15.95422077178955,7.885854756750632e-06,0.56,0.004724966228090951,0.5349999666213989,0.025980761274695396,0.49000000953674316,0.5699999928474426,-0.077691854,-0.065786683,0.0003196758498233976,1.2065010219812393,0.013026847445871681,0.028531161486171186,0.0003,372,428,89.03197880359569,15.98766279220581,16.37149667739868,32.35915946960449,764,0.34780959962517954,0,0,TRUE,pair,376,6.793471100114402,6.609163485232098,80,0,7.662234042553192,6.793471100114402,0.7628828998858808,7.911354299882078,cpu,cuda:0,0,670.4638672,49
3154,1,DDT1200_num100.txt,fixed,2804,8,350.5,8.874119758605957,14.491615295410156,8.516583875461947e-06,0.27999999999999997,0.0019860598785205125,0.5174999833106995,0.041758228093385696,0.4399999976158142,0.5899999737739563,-0.06289473,-0.051669557,0.0004423410719027743,1.1446342766284943,0.02207549530430697,0.07903344067744911,0.0003,386,414,119.62400486526195,14.518194198608398,8.921917200088501,23.4401113986969,765,0.3302315998735139,0,0,TRUE,pair,361,5.82353450008668,6.535306703942308,60,0,7.767313019390581,5.82353450008668,0.6976881999435136,7.620752499904484,cpu,cuda:0,0,670.46142578125,49
3155,1,DDT1200_num100.txt,fixed,2831,8,353.875,15.964315414428711,16.369529724121094,1.0249225852021482e-05,0.22,0.004329698005062,0.5137499570846558,0.026427969336509705,0.4699999988079071,0.5600000023841858,-0.082054885,-0.070582432,0.0005905660976471457,1.176773525774479,0.008115894843892116,0.051499023917131126,0.0003,389,411,43.79338298165164,16.398860454559326,48.24560880661011,64.64446926116943,786,0.4650706997344969,0,0,TRUE,pair,384,6.978496900279424,6.68986223965978,90,0,7.372395833333333,6.978496900279424,0.8298696001002099,8.16705679964798,cpu,cuda:0,0,670.46337890625,51
3156,1,DDT1200_num100.txt,fixed,2842,8,355.25,7.933315753936768,15.148974418640137,5.2125956244708505e-06,0.13999999999999999,0.01535547367694934,0.5087500214576721,0.025708714500069618,0.47999998927116394,0.550000011920929,-0.07804926,-0.066802993,0.0005016172960351564,1.1497077094881158,0.010076232468954435,0.05963732576683948,0.0003,393,407,52.30730491917364,15.176251411437988,39.15650391578674,54.33275532722473,793,0.34157679983763956,0,0,TRUE,pair,363,6.275731500107213,6.486629134244604,55,0,7.8292011019283745,6.275731500107213,0.7405288000009023,7.769064200590947,cpu,cuda:0,0,670.46337890625,51
3157,1,DDT1200_num100.txt,fixed,2886,8,360.75,9.256753921508789,15.998825073242188,7.68876816437114e-06,0.33999999999999997,0.027380408766933435,0.5212500095367432,0.029341738671064377,0.47999998927116394,0.5699999928474426,-0.120704081,-0.109041514,0.0002559465162145595,1.179053525129954,0.007483004970708862,0.021399553554753464,0.0003,383,417,104.16806049807823,16.02436351776123,11.68086576461792,27.70522928237915,773,0.34532320003199857,0,0,TRUE,pair,371,6.5797115998429945,6.4715869724130926,65,0,7.7789757412398925,6.5797115998429945,0.7853599003865384,8.24322000007669,cpu,cuda:0,0,670.4638672,50
3158,1,DDT1200_num100.txt,fixed,2845,8,355.625,14.008368492126465,16.33552360534668,9.270774171454832e-06,0.15999999999999998,0.023366342137833306,0.5099999904632568,0.033166252076625824,0.44999998807907104,0.5600000023841858,-0.089005915,-0.077546296,0.00026968710426444886,1.1594461165368557,0.009403356787515804,0.05047594365896657,0.0003,392,408,60.11072088425504,16.362522840499878,30.96680474281311,47.32932758331299,772,0.3567863000498619,0,0,TRUE,pair,372,7.16906620010559,6.341300527701688,64,0,7.647849462365591,7.16906620010559,0.8087577000405872,7.973381199553842,cpu,cuda:0,0,670.46337890625,50
3159,1,DDT1200_num100.txt,fixed,2923,8,365.375,12.134016990661621,15.369396209716797,8.85685676621506e-06,0.54,0.022007972094805463,0.5337499380111694,0.03533323109149933,0.46000000834465027,0.5799999833106995,-0.045497004,-0.034452482,0.0003283991051527361,1.1208721001942952,0.014107178256381303,0.0415039270495375,0.0003,373,427,59.87453193408821,15.393543481826782,33.425209760665894,48.818753242492676,784,0.3439914998889435,0,0,TRUE,pair,381,6.189415099841426,6.431748204226368,70,0,7.671916010498688,6.189415099841426,0.7309168003266677,8.07873509991623,cpu,cuda:0,0,670.4638672,54
3160,1,DDT1200_num100.txt,fixed,2925,8,365.625,13.719853401184082,16.022136688232422,9.631638022256084e-06,0.44,0.023973285627835413,0.5274999737739563,0.022220490500330925,0.5,0.5600000023841858,-0.017855314,-0.00623679,0.0002831379996760833,1.1760093786499717,0.009533442080613564,0.0455287251282822,0.0003,378,422,70.80353079388844,16.051462411880493,25.26003670692444,41.31149911880493,775,0.3375831002049381,0,0,TRUE,pair,389,6.864910800068174,6.288205128531171,65,0,7.519280205655527,6.864910800068174,0.7779591001017252,7.99865650049469,cpu,cuda:0,0,670.4638672,51
3161,1,DDT1200_num100.txt,fixed,2953,8,369.125,14.83608341217041,16.411123275756836,3.704015034600161e-05,0.18,0.023641925274132232,0.5112500190734863,0.04754931852221489,0.4099999964237213,0.5699999928474426,0.02291200288499777,0.03447606815741612,0.00027847725701016875,1.1703303456306458,0.008861593758830657,0.0393102617504505,0.0003,391,409,68.06508210286354,16.441062450408936,26.94388484954834,43.384947299957275,808,0.3610738001007121,0,0,TRUE,pair,394,6.817750499918475,6.207246866704164,60,0,7.49492385786802,6.817750499918475,0.821074099469115,8.362950000708224,cpu,cuda:0,0,670.4658203,50
3162,1,DDT1200_num100.txt,fixed,2941,8,367.625,9.9741849899292,16.563472747802734,6.397441666194936e-06,0.68,0.022931403252137914,0.5424999594688416,0.020463386550545692,0.5099999904632568,0.5699999928474426,-0.019030438,-0.007390699,0.00021671395594379507,1.1748098180844233,0.012531567467913892,0.05509224025389323,0.0003,366,434,68.85677667631776,16.589536428451538,26.12230896949768,42.71184539794922,792,0.35239730011380743,0,0,TRUE,pair,388,6.999206200023764,6.315538932254873,70,0,7.579896907216495,6.999206200023764,0.8190988001879305,8.346032299727085,cpu,cuda:0,0,670.4638672,52
3163,1,DDT1200_num100.txt,fixed,2883,8,360.375,9.694554328918457,15.387852668762207,7.356285550486064e-06,0.19999999999999998,0.023467416566306548,0.512499988079071,0.02436698228120804,0.47999998927116394,0.5600000023841858,-0.02239214,-0.010846973,0.00021723892974765286,1.1653786772175838,0.011122197819579589,0.055125257024835596,0.0003,390,410,50.2667101057971,15.415769100189209,41.93829274177551,57.35406184196472,790,0.4558436000661459,0,0,TRUE,pair,380,6.185955800072406,6.170655566290605,80,0,7.586842105263158,6.185955800072406,0.7419373998709489,8.086847199912881,cpu,cuda:0,0,670.4638672,51
3164,1,DDT1200_num100.txt,fixed,2871,8,358.875,9.623376846313477,14.87199878692627,7.286408617801499e-06,0.21999999999999997,0.022120499485800877,0.5137499570846558,0.023418746888637543,0.4699999988079071,0.550000011920929,0.0011582862442502608,0.013019858429638239,0.00020477218808642088,1.1963959336280823,0.008809895962118529,0.04223987030295225,0.0003,389,411,68.21014590965734,14.897904396057129,27.19260811805725,42.09051251411438,797,0.3490689998434391,0,0,TRUE,pair,372,6.041611899883719,6.176941832944683,65,0,7.717741935483871,6.041611899883719,0.7043321005476173,7.76723070058506,cpu,cuda:0,0,670.46337890625,44
3165,1,DDT1200_num100.txt,fixed,2820,8,352.5,13.765899658203125,15.457731246948242,9.807092283153906e-06,-0.06,0.013939198519004117,0.4962500035762787,0.045259665697813034,0.4399999976158142,0.5699999928474426,-0.089655208,-0.078192676,0.00037977238146898645,1.1652425130208333,0.012286525098412918,0.05486753823546072,0.0003,403,397,66.20937072439862,15.48284649848938,27.109311819076538,42.59215831756592,757,0.3431213998555904,0,0,TRUE,pair,376,6.448363900068216,6.734751773556919,65,0,7.5,6.448363900068216,0.7545952995860716,7.882676299705054,cpu,cuda:0,0,670.46337890625,39
3166,1,DDT1200_num100.txt,fixed,2862,8,357.75,11.166356086730957,15.815348625183105,7.813438969606068e-06,0.46,0.01665567081453599,0.528749942779541,0.029341747984290123,0.5,0.6000000238418579,-0.012828435,-0.001344828,0.0003760328994151981,1.1671627064545949,0.01675482604089969,0.048542948362107076,0.0003,377,423,59.715073020406656,15.841983079910278,32.0856146812439,47.927597761154175,781,0.35950240018428303,0,0,TRUE,pair,373,6.716742600037833,6.1977638019539105,65,0,7.672922252010724,6.716742600037833,0.7613607997482177,7.963611600818695,cpu,cuda:0,0,670.46337890625,37
3167,1,DDT1200_num100.txt,fixed,2827,8,353.375,10.90799617767334,15.083202362060547,7.703540177317336e-06,0.34,0.00936559618590358,0.5212499499320984,0.040136490017175674,0.44999998807907104,0.5699999928474426,-0.111017995,-0.099709624,0.0003117202431894839,1.1464231252670287,0.013230726431356744,0.04901318168267608,0.0003,383,417,81.56778898157359,15.10861086845398,19.549678087234497,34.65828895568848,777,0.34373640004196204,0,0,TRUE,pair,363,6.191882599901874,6.488149983114601,60,0,7.787878787878788,6.191882599901874,0.7547323001199402,7.775868200144032,cpu,cuda:0,0,670.46337890625,38
3168,1,DDT1200_num100.txt,fixed,2813,8,351.625,18.213577270507812,14.732209205627441,6.239373760763556e-05,0.26,0.012271684641583876,0.5162500143051147,0.03388860821723938,0.44999998807907104,0.5600000023841858,-0.041076757,-0.02924747,0.0002882983535528183,1.1973435367856706,0.009175558765751443,0.034586627901132615,0.0003,387,413,98.95512219764298,14.767547845840454,13.659479856491089,28.427027702331543,761,0.3338936997752171,0,0,TRUE,pair,374,5.967264200022328,6.492712404606735,70,0,7.521390374331551,5.967264200022328,0.7006175001733936,7.712996299916995,cpu,cuda:0,0,670.46142578125,41
3169,1,DDT1200_num100.txt,fixed,2895,8,361.875,11.634405136108398,15.775649070739746,2.524986666685436e-05,0.6799999999999999,0.013519087291772439,0.5424999594688416,0.027271786704659462,0.47999998927116394,0.5699999928474426,-0.043847519,-0.032687755,0.00029796614087120233,1.130874821117946,0.00989291985752061,0.04061806022322604,0.0003,366,434,61.98591622956869,15.802050828933716,30.902106761932373,46.70415759086609,779,0.3363941999996314,0,0,TRUE,pair,374,6.778797699953429,5.983419687142644,45,0,7.740641711229946,6.778797699953429,0.7605534000031184,7.860687699780101,cpu,cuda:0,0,670.4638672,43
3170,1,DDT1200_num100.txt,fixed,2872,8,359,12.835497856140137,16.979829788208008,6.538061825267505e-06,0.38,0.01592008828087845,0.5237500071525574,0.03237958624958992,0.46000000834465027,0.5600000023841858,-0.096855395,-0.085668676,0.00029477625503204763,1.133410632610321,0.012861560631650858,0.03860303974495484,0.0003,381,419,66.2557231953351,17.009195566177368,26.338003158569336,43.347198724746704,781,0.4413956999487709,0,0,TRUE,pair,385,7.489106500259368,6.321727019249563,72,0,7.45974025974026,7.489106500259368,0.8397987998614553,8.247712500058697,cpu,cuda:0,0,670.46337890625,43
3171,1,DDT1200_num100.txt,fixed,2823,8,352.875,9.905017852783203,14.85327434539795,8.078133760136552e-06,0.2,0.018942643174759514,0.512499988079071,0.023848475888371468,0.4699999988079071,0.550000011920929,-0.110770886,-0.100667576,0.0002745326637523249,1.0240575273831685,0.0217413925662792,0.03367226695020994,0.0003,390,410,150.60092524685479,14.880826473236084,3.8640782833099365,18.74490475654602,783,0.34354709993931465,0,0,TRUE,pair,368,6.050676500162808,6.233439603596767,72,0,7.671195652173913,6.050676500162808,0.7228229999309406,7.72309790008876,cpu,cuda:0,0,520.5107422,44
3172,1,DDT1200_num100.txt,fixed,2832,8,354,22.06241226196289,15.110932350158691,9.743126611283515e-06,0.22,0.014272707952748716,0.5137499570846558,0.0429934561252594,0.46000000834465027,0.5899999737739563,-0.056208301,-0.045129066,0.0002942610553873237,1.1226368844509125,0.013227268653281499,0.012086273520253599,0.0003,389,411,124.92062417419956,15.135889768600464,7.53450608253479,22.670395851135254,767,0.4206370001193136,0,0,TRUE,pair,386,6.220799400063697,6.202683615903396,65,0,7.33678756476684,6.220799400063697,0.743021700240206,7.786578800078132,cpu,cuda:0,0,670.46337890625,45
3173,1,DDT1200_num100.txt,fixed,2802,8,350.25,17.526765823364258,15.775416374206543,1.0794859917950816e-05,0.46,0.015197516054989677,0.5287500023841858,0.03982384130358696,0.47999998927116394,0.6000000238418579,0.044550617784261705,0.05494018634781241,0.00029577723180409523,1.053745722770691,0.018247166456421837,0.01744361696764827,0.0003,377,423,96.9249972344998,15.804574489593506,13.104376554489136,28.90895104408264,770,0.3400304998358479,0,0,TRUE,pair,374,6.628936199995223,6.333333332950434,70,0,7.491978609625669,6.628936199995223,0.7746484993112972,7.993826500125579,cpu,cuda:0,0,670.46142578125,45
3174,1,DDT1200_num100.txt,fixed,2897,8,362.125,12.86893081665039,16.331562042236328,7.979011570569128e-06,0.36,0.015883630818855198,0.5224999785423279,0.029474565759301186,0.4699999988079071,0.5699999928474426,0.019465386867523193,0.030225996673107148,0.00024836515658535065,1.0884791374206544,0.01334183281287551,0.05635486450046301,0.0003,382,418,111.76079976257323,16.360731840133667,9.560700416564941,25.92143225669861,792,0.349036800005706,0,0,TRUE,pair,391,6.877194500033511,5.809112875388332,55,0,7.40920716112532,6.877194500033511,0.8494487003044924,8.205138499979512,cpu,cuda:0,0,670.4638672,46
3175,1,DDT1200_num100.txt,fixed,2842,8,355.25,16.037065505981445,15.703986167907715,9.530780516797677e-06,0.22,0.015070962496272195,0.5137499570846558,0.03237958997488022,0.4399999976158142,0.550000011920929,-0.333717465,-0.323537856,0.00030153882107697427,1.0330393314361572,0.054919879883527756,0.023255813866853714,0.0003,389,411,168.5760625851828,15.731045722961426,1.1278128623962402,16.858858585357666,777,0.35641759967256803,0,0,TRUE,pair,380,6.646704800106818,6.318437719244423,100,0,7.478947368421053,6.646704800106818,0.7596622003620723,7.91909409960499,cpu,cuda:0,0,301.13916015625,45
3176,1,DDT1200_num100.txt,fixed,2818,8,352.25,12.527469635009766,14.780317306518555,8.734064067539293e-06,0.12,0.015247501066644143,0.5074999928474426,0.03526684269309044,0.44999998807907104,0.5600000023841858,-0.012149138,-0.000922559,0.0002833907579770312,1.1368273933728537,0.009909755177795887,0.05066433735191822,0.0003,394,406,60.383197781671605,14.812585353851318,31.85602617263794,46.66861152648926,746,0.32812829986505676,0,0,TRUE,pair,372,6.155110000123386,6.046841732993712,70,0,7.575268817204301,6.155110000123386,0.7202576999989105,7.549730600367184,cpu,cuda:0,0,670.46337890625,48
3177,1,DDT1200_num100.txt,fixed,2820,8,352.5,14.097871780395508,15.130422592163086,8.224576959037222e-06,0.06,0.015880390712321456,0.5037499666213989,0.023946553468704224,0.46000000834465027,0.550000011920929,-0.016847629,-0.005474543,0.0002731762797338888,1.1509675894464766,0.024071411662069813,0.052729760695781024,0.0003,397,403,84.90046046541505,15.156505584716797,18.05886197090149,33.215367555618286,784,0.35007499996572733,0,0,TRUE,pair,378,6.233536500061746,6.455673759034339,65,0,7.4603174603174605,6.233536500061746,0.7254431996116182,7.809153000140213,cpu,cuda:0,0,670.46337890625,48
3178,1,DDT1200_num100.txt,fixed,2895,8,361.875,8.146126747131348,16.006345748901367,6.572746769961668e-06,0.42,0.010796312353258479,0.5262500047683716,0.02955397590994835,0.46000000834465027,0.5600000023841858,0.004020792556305727,0.01563923346499602,0.00027387067530071363,1.1755375186602275,0.007788226877649625,0.03195876119037469,0.0003,379,421,58.8546432082295,16.0350604057312,33.15392184257507,49.188982248306274,800,0.3671168000146281,0,0,TRUE,pair,375,6.67092630006664,6.289810018012354,45,0,7.72,6.67092630006664,0.775753300244105,8.17846910013759,cpu,cuda:0,0,670.4638672,49
3179,1,DDT1200_num100.txt,fixed,2804,8,350.5,9,15.49264907836914,6.125084382802015e-06,0.059999999999999984,0.008050587978650799,0.5037499666213989,0.021176347509026527,0.47999998927116394,0.550000011920929,-0.028274002,-0.016965584,0.0003213383923353189,1.146908668910756,0.008751418797627968,0.055882994962089205,0.0003,397,403,54.34405334443156,15.522359609603882,36.074822187423706,51.59718179702759,790,0.35427390001132153,0,0,TRUE,pair,362,6.586960999920848,6.2118402285004475,90,0,7.745856353591161,6.586960999920848,0.7903977998357732,7.733941800557659,cpu,cuda:0,0,670.46142578125,50
3180,1,DDT1200_num100.txt,fixed,2808,8,351,14.87447452545166,15.1257963180542,8.422623068327084e-06,0.07999999999999999,0.013816510343296739,0.5049999952316284,0.039051249623298645,0.44999998807907104,0.5600000023841858,0.08598462902009488,0.09767518310109154,0.00036084492894588037,1.1870977401733398,0.019787015579640865,0.038854818185791375,0.0003,396,404,76.97527691962887,15.15444540977478,21.32479977607727,36.47924518585205,819,0.3684011003206251,0,0,TRUE,pair,383,6.262861399984104,6.215455840073759,72,0,7.331592689295039,6.262861399984104,0.707055799648515,7.800071899982868,cpu,cuda:0,0,670.46142578125,50
3181,1,DDT1200_num100.txt,fixed,2887,8,360.875,16.714046478271484,16.38436508178711,8.231485480791889e-06,0.62,0.007762853506712451,0.5387499332427979,0.037562452256679535,0.44999998807907104,0.5699999928474426,-0.06351822,-0.052645519,0.00030584683150259987,1.1025625202390883,0.008856562574187087,0.053598420694470406,0.0003,369,431,79.59654630050245,16.41423463821411,19.856183290481567,36.27041792869568,774,0.35294410001370125,0,0,TRUE,pair,382,7.057240800044383,5.9050917900430315,50,0,7.557591623036649,7.057240800044383,0.8281495000555879,8.109687099669827,cpu,cuda:0,0,670.4638672,50
3182,1,DDT1200_num100.txt,fixed,2763,8,345.375,11.863151550292969,15.717677116394043,8.798905582807492e-06,0.059999999999999984,0.004448498194888883,0.5037499666213989,0.02496873028576374,0.4699999988079071,0.5400000214576721,0.0007374510169029236,0.012701294074455896,0.00032703723991289735,1.212736189365387,0.01660813229197326,0.06954568189879258,0.0003,397,403,90.22728844693505,15.749989032745361,14.872675657272339,30.6226646900177,771,0.35114439978497103,0,0,TRUE,pair,364,6.8155228999385145,6.384364820588036,70,0,7.59065934065934,6.8155228999385145,0.7600969002523925,7.770976599946152,cpu,cuda:0,0,670.46142578125,51
3183,1,DDT1200_num100.txt,fixed,2835,8,354.375,12.30789852142334,15.44799518585205,7.681371243961621e-06,0.3,0.004651713848024493,0.5187499523162842,0.03722818195819855,0.44999998807907104,0.5799999833106995,-0.026112529,-0.014882741,0.00029319568936140666,1.1376385937134426,0.010037288358338023,0.051519101834855974,0.0003,385,415,42.1323054495916,15.47408676147461,51.81394720077515,67.28803396224976,785,0.35693790004006587,0,0,TRUE,pair,372,6.572390999877825,6.048677249181838,50,0,7.620967741935484,6.572390999877825,0.7512122003099648,7.755628399434499,cpu,cuda:0,0,670.46337890625,52
3184,1,DDT1200_num100.txt,fixed,2877,8,359.625,12.989779472351074,15.392480850219727,8.231485480791889e-06,0.48,0.007574653195875816,0.5299999713897705,0.03316624462604523,0.4699999988079071,0.5899999737739563,-0.037294355,-0.026146026,0.0002450650899845641,1.1270862445235252,0.010740296784206294,0.05593537624614934,0.0003,376,424,41.33867914373835,15.419065952301025,54.17677164077759,69.59583759307861,785,0.34203180017357226,0,0,TRUE,pair,380,6.535716199898161,5.852624261466256,55,0,7.571052631578947,6.535716199898161,0.7293103995616548,7.726604899828089,cpu,cuda:0,0,670.46337890625,52
3185,1,DDT1200_num100.txt,fixed,2859,8,357.375,13.728960990905762,16.359230041503906,8.14819668448763e-06,0.44,0.010070902915349565,0.5274999737739563,0.023318449035286903,0.5,0.5699999928474426,0.007763818730241978,0.019352517269838315,0.0003232748623794088,1.175033661035391,0.00941762435160434,0.04941235246280065,0.0003,378,422,66.04475570107923,16.388113021850586,26.90071392059326,43.28882694244385,766,0.43228840008669067,0,0,TRUE,pair,376,7.1335842002154095,5.967820916320945,70,0,7.6037234042553195,7.1335842002154095,0.7723585999920033,8.024404900104855,cpu,cuda:0,0,670.46337890625,43
3186,1,DDT1200_num100.txt,fixed,2868,8,358.5,12.267844200134277,17.08910369873047,8.688386515132152e-06,0.26,0.018413304371947662,0.5162500143051147,0.01798437163233757,0.47999998927116394,0.550000011920929,-0.042356344,-0.030523022,0.000289319207447327,1.1977982277219945,0.009051519123287026,0.05614829994738102,0.0003,387,413,42.13688539333492,17.11688733100891,50.94699478149414,68.06388211250305,778,0.3591688999440521,0,0,TRUE,pair,372,7.795568799745524,6.026847978599235,60,0,7.709677419354839,7.795568799745524,0.8243548997706966,8.047413399806828,cpu,cuda:0,0,670.46337890625,38
3187,1,DDT1200_num100.txt,fixed,2827,8,353.375,15.123967170715332,15.924150466918945,1.4697107872052584e-05,-1.73E-17,0.01904788195020454,0.5,0.034278277307748795,0.44999998807907104,0.550000011920929,-0.005018779,0.0068170963998206635,0.0003177500419207552,1.1994750581004403,0.012412474572722038,0.06928311491554434,0.0003,400,400,46.42484420875538,15.971794128417969,44.922325134277344,60.89411926269531,790,0.3655900001467671,0,0,TRUE,pair,381,6.872665600050823,6.194552529773233,48,0,7.41994750656168,6.872665600050823,0.7483328993694158,7.8882119999907445,cpu,cuda:0,0,670.46337890625,40
3188,1,DDT1200_num100.txt,fixed,2831,8,353.875,12.087571144104004,16.71588897705078,7.68876816437114e-06,0.24,0.013015684641335915,0.5149999856948853,0.03674234449863434,0.46000000834465027,0.5799999833106995,-0.006470905,0.005442276962899736,0.000318488954300327,1.2072427996567316,0.0066246865899302065,0.03645059745758772,0.0003,388,412,62.3522736495019,16.743745803833008,28.659570455551147,45.403316259384155,778,0.3594682999391807,0,0,TRUE,pair,378,7.436887900053989,6.356057929554747,50,0,7.48941798941799,7.436887900053989,0.8054853998473845,8.044404399508494,cpu,cuda:0,0,670.46337890625,40
3189,1,DDT1200_num100.txt,fixed,2788,8,348.5,15.81138801574707,16.75079917907715,1.71926076291129e-05,0.19999999999999998,0.0049789066703281,0.512499988079071,0.03031088411808014,0.46000000834465027,0.5699999928474426,0.026956504583358763,0.038474085927009585,0.00046898998552933333,1.1752074480056762,0.01794690650422126,0.028133733570575713,0.0003,390,410,96.81086446285558,16.779383659362793,12.019037008285522,28.798420667648315,750,0.3437204997317167,0,0,TRUE,pair,389,7.782236399885733,6.465566713464482,88,0,7.167095115681234,7.782236399885733,0.7890341998718213,7.754115400384762,cpu,cuda:0,0,670.46142578125,41
3190,1,DDT1200_num100.txt,fixed,2867,8,358.375,11.235406875610352,17.225404739379883,7.47889862395823e-06,0.32,0.0030180826089712324,0.5199999809265137,0.023979157209396362,0.49000000953674316,0.550000011920929,0.010032284581525759,0.021362062035636467,0.00037670298082627016,1.1518129001964221,0.009718222681178966,0.037155504507774655,0.0003,384,416,74.42926572249723,17.259066820144653,21.260727405548096,38.51979422569275,798,0.36374440022336785,0,0,TRUE,pair,371,7.787596100009978,6.145448204445681,60,0,7.727762803234501,7.787596100009978,0.822052900417475,8.172335800263681,cpu,cuda:0,0,670.46337890625,43
3191,1,DDT1200_num100.txt,fixed,2917,8,364.625,14.789670944213867,16.95926284790039,5.293966387398541e-05,0.7,-0.005531886,0.543749988079071,0.03672108054161072,0.5,0.6100000143051147,-0.030817085,-0.019456757,0.0004090892814149681,1.1564871966838837,0.007735583211927276,0.02906437823548913,0.0003,365,435,57.52039677181674,16.991516828536987,33.72092890739441,50.7124457359314,769,0.4478352998266928,0,0,TRUE,pair,389,7.296510000072885,6.37332876259062,70,0,7.4987146529562985,7.296510000072885,0.8309101000631927,8.378905499892426,cpu,cuda:0,0,670.4638672,45
3192,1,DDT1200_num100.txt,fixed,2900,8,362.5,9.205976486206055,16.732425689697266,8.313940270454623e-06,0.58,-0.002549912,0.5362499952316284,0.024968735873699188,0.5,0.5600000023841858,-0.02953739,-0.018469622,0.00031225517826290644,1.122389463086923,0.006082799380237702,0.0510921876023834,0.0003,371,429,42.064702287920376,16.765774250030518,52.17563843727112,68.94141268730164,791,0.445140399664524,0,0,TRUE,pair,371,7.412036799913039,6.031724138424314,70,0,7.816711590296496,7.412036799913039,0.7905900003097486,8.147137199965073,cpu,cuda:0,0,670.4638672,46
3193,1,DDT1200_num100.txt,fixed,2920,8,365,14.899664878845215,16.943899154663086,8.176054507202934e-06,0.38,0.0010322370508051657,0.5237499475479126,0.027357589453458786,0.47999998927116394,0.5699999928474426,0.00964476726949215,0.02109989839872079,0.00026540563391920714,1.1587833677019392,0.009053597758923258,0.03630309206034456,0.0003,381,419,59.309685526165595,16.97066640853882,32.262439012527466,49.233105421066284,798,0.37547200014523696,0,0,TRUE,pair,385,7.389487000036752,5.971575342833179,55,0,7.584415584415584,7.389487000036752,0.8699155998037895,8.267720800446114,cpu,cuda:0,0,670.4638672,48
3194,1,DDT1200_num100.txt,fixed,2829,8,353.625,11.13482666015625,16.06884766,3.0300740036182106e-05,0.01999999999999999,-0.001953076,0.5012500286102295,0.026663413271307945,0.44999998807907104,0.550000011920929,0.04971602719954469,0.061531807888637886,0.0002896461029939184,1.1960607387802817,0.006004455345894464,0.02477378271181475,0.0003,399,401,74.74302870848238,16.096595525741577,21.753088235855103,37.84968376159668,806,0.36446700007945765,0,0,TRUE,pair,374,7.015553200035356,6.041357370221855,60,0,7.564171122994653,7.015553200035356,0.8185182996239746,7.847028100572061,cpu,cuda:0,0,670.46337890625,50
3195,1,DDT1200_num100.txt,fixed,2876,8,359.5,13.067133903503418,16.563817977905273,8.092194548225962e-06,0.5,-0.002771502,0.53125,0.029764704406261444,0.4699999988079071,0.5699999928474426,-0.021645087,-0.010339812,0.00027694888898016265,1.1443749864896138,0.008888618547158937,0.04789806095262369,0.0003,375,425,57.92639978698822,16.592894077301025,33.05631613731384,49.64921021461487,784,0.35180150002997834,0,0,TRUE,pair,374,7.493170300178463,5.945062587340783,60,0,7.689839572192513,7.493170300178463,0.7977502997819101,7.894341000137501,cpu,cuda:0,0,670.46337890625,50
3196,1,DDT1200_num100.txt,fixed,2814,8,351.75,17.59794044494629,14.855194091796875,9.12243194761686e-06,0.14,-0.002165913,0.5087499618530273,0.04858947545289993,0.4399999976158142,0.5699999928474426,-0.014655919,-0.003025882,0.0003595556747099823,1.180981488788829,0.007262033718528555,0.03418060677016482,0.0003,393,407,53.01095909057034,14.88336730003357,38.19999599456787,53.08336329460144,783,0.43667130019457545,0,0,TRUE,pair,378,6.157383799916715,6.238450603698617,60,0,7.444444444444445,6.157383799916715,0.6796776997653069,7.66930409987981,cpu,cuda:0,0,670.46142578125,51
3197,1,DDT1200_num100.txt,fixed,2877,8,359.625,15.52367115020752,16.674598693847656,9.956652320397552e-06,0.22,-0.001939892,0.5137499570846558,0.0429934598505497,0.4399999976158142,0.5699999928474426,0.003733040764927864,0.014989684522151946,0.00033818641895777546,1.1425737619400025,0.006023976573487744,0.0330023879185319,0.0003,389,411,68.0153997255567,16.700411796569824,25.598832368850708,42.29924416542053,778,0.35400209978979547,0,0,TRUE,pair,382,7.386449299796368,6.059089329162322,65,0,7.531413612565445,7.386449299796368,0.8022616001399001,8.099218199422467,cpu,cuda:0,0,670.46337890625,51
3198,1,DDT1200_num100.txt,fixed,2856,8,357,12.031208992004395,15.606019020080566,8.334425729117356e-06,0.58,0.0036692483918020617,0.5362499952316284,0.03998046740889549,0.4699999988079071,0.6100000143051147,-0.072770784,-0.0612352,0.0004153217796556419,1.1743244255582492,0.005435444444325792,0.04724624023462335,0.0003,371,429,41.89586124082197,15.633352279663086,52.535672426223755,68.16902470588684,778,0.3590741000807611,0,0,TRUE,pair,382,6.552072499849601,6.097689074711973,55,0,7.476439790575916,6.552072499849601,0.7430197993671754,7.944282599797589,cpu,cuda:0,0,670.46337890625,51
3199,1,DDT1200_num100.txt,fixed,2863,8,357.875,17.884613037109375,16.08590316772461,8.395584700338077e-06,0.32,0.02192928396435359,0.5199999809265137,0.03082207404077053,0.46000000834465027,0.550000011920929,0.01128973881714046,0.02279282733798027,0.0003245921016059583,1.1665382881959279,0.006501646741526201,0.058478495959813394,0.0003,384,416,42.32775911678273,16.115145921707153,51.523681640625,67.63882756233215,762,0.34913820021029096,0,0,TRUE,pair,386,6.995858199923532,6.009779950267487,90,0,7.417098445595855,6.995858199923532,0.7680109998036642,7.942037100568996,cpu,cuda:0,0,670.46337890625,41
3200,1,DDT1200_num100.txt,fixed,2859,8,357.375,9.745992660522461,15.724098205566406,7.104713859007461e-06,0.12,0.023391926896085196,0.5074999928474426,0.011989567428827286,0.49000000953674316,0.5199999809265137,0.02079045632854104,0.03221361401180426,0.00034895428446664784,1.1597636193037033,0.010056763201040061,0.05948570274631493,0.0003,394,406,41.18327979153109,15.75432562828064,53.667051553726196,69.42137718200684,787,0.35506449986132793,0,0,TRUE,pair,375,6.625431499720435,6.01364113368034,65,0,7.624,6.625431499720435,0.7671933991950937,7.959688199814991,cpu,cuda:0,0,670.46337890625,37
3201,1,DDT1200_num100.txt,fixed,2852,8,356.5,9.165151596069336,15.846135139465332,6.942853815417038e-06,0.22,0.022584257311386715,0.5137500166893005,0.023946549743413925,0.4699999988079071,0.550000011920929,-0.068266353,-0.057097676,0.0002716085303594203,1.1304482072591782,0.005846462797004885,0.05148604003867755,0.0003,389,411,42.94976533151213,15.884786128997803,50.518370628356934,66.40315675735474,764,0.34413669965579174,0,0,TRUE,pair,376,6.863894699898083,5.8849929873354805,50,0,7.585106382978723,6.863894699898083,0.7628958998102462,7.845779000228504,cpu,cuda:0,0,670.46337890625,39
3202,1,DDT1200_num100.txt,fixed,2846,8,355.75,12.78426742553711,15.912311553955078,8.6949266915326e-06,0.44,0.021671356603868583,0.5274999737739563,0.029047375544905663,0.47999998927116394,0.5799999833106995,-0.03330215,-0.022090093,0.0002864277718496548,1.1355269774794579,0.008033650143867513,0.04113228807303434,0.0003,378,422,41.504605097788875,15.943516969680786,52.62718725204468,68.57070422172546,785,0.3580960999825038,0,0,TRUE,pair,369,6.865499300169176,6.125790583023452,50,0,7.712737127371274,6.865499300169176,0.7740519003709778,7.90699090011185,cpu,cuda:0,0,670.46337890625,43
3203,1,DDT1200_num100.txt,fixed,2823,8,352.875,16.548696517944336,15.351752281188965,1.1268904017924797e-05,0.09999999999999999,0.017053302506258097,0.5062499642372131,0.030796712264418602,0.46000000834465027,0.5400000214576721,-0.052302511,-0.041277132,0.0002795853257079476,1.1165173649787903,0.010740818439184554,0.023452879328812872,0.0003,395,405,90.74098300522878,15.385581254959106,15.724947929382324,31.11052918434143,794,0.34239469992462546,0,0,TRUE,pair,375,6.488815499978955,6.133900105805419,64,0,7.528,6.488815499978955,0.7427403007750399,7.760496699993382,cpu,cuda:0,0,670.46337890625,44
3204,1,DDT1200_num100.txt,fixed,2876,8,359.5,20.105968475341797,17.134197235107422,9.560555554344319e-06,0.44,0.017621877231352837,0.5274999737739563,0.04465143382549286,0.44999998807907104,0.6000000238418579,0.03215846299592938,0.04341401665338448,0.0002721310281361054,1.1391615612166268,0.026595850516709367,0.027297695566500937,0.0003,378,422,85.78296262121239,17.163312911987305,16.363157987594604,33.52647089958191,798,0.4600969997991342,0,0,TRUE,pair,390,7.685139900073409,5.896383867310218,50,0,7.374358974358974,7.685139900073409,0.8278981000039494,8.228537500355742,cpu,cuda:0,0,670.46337890625,46
3205,1,DDT1200_num100.txt,fixed,2829,8,353.625,7.841197490692139,15.949512481689453,6.768736511730822e-06,0.11999999999999998,0.012750954575861508,0.5074999928474426,0.028173569589853287,0.44999998807907104,0.550000011920929,0.02143697168988486,0.032334392145761136,0.00023083502280011695,1.101283922791481,0.005258804943878204,0.03740768293694904,0.0003,394,406,41.61820717144037,15.983631134033203,51.99142575263977,67.97505688667297,790,0.35717030000523664,0,0,TRUE,pair,367,6.82371650004643,5.696359137588695,52,0,7.708446866485014,6.82371650004643,0.7782225004775682,7.971609899381292,cpu,cuda:0,0,670.46337890625,48
3206,1,DDT1200_num100.txt,fixed,2827,8,353.375,8.716901779174805,16.40189552307129,7.509238912462024e-06,0.13999999999999999,0.01016018114681541,0.5087499618530273,0.03139963746070862,0.4399999976158142,0.550000011920929,-0.08022026,-0.069028315,0.0003210864445766977,1.1352488125363986,0.004402227304429592,0.038936538505367935,0.0003,393,407,42.46348779750765,16.433684587478638,50.14115762710571,66.57484221458435,793,0.3666107002500212,0,0,TRUE,pair,370,7.233119200129295,6.203395824698876,75,0,7.640540540540541,7.233119200129295,0.814993299645721,7.963895700042485,cpu,cuda:0,0,670.46337890625,50
3207,1,DDT1200_num100.txt,fixed,2779,8,347.375,15.739580154418945,15.707616806030273,1.3419386959867552e-05,-0.08,0.005090750072165209,0.4950000047683716,0.047434162348508835,0.4000000059604645,0.5600000023841858,-0.102777905,-0.091792116,0.000362389061289529,1.1166981392436557,0.01032634510031332,0.07259473579728769,0.0003,404,396,52.081378412018,15.739176988601685,37.61962580680847,53.358802795410156,764,0.3444232002075296,0,0,TRUE,pair,363,6.689641199933249,6.268082043385926,65,0,7.65564738292011,6.689641199933249,0.7970709998044185,7.847671400028048,cpu,cuda:0,0,670.46142578125,51
3208,1,DDT1200_num100.txt,fixed,2792,8,349,21.48836898803711,15.912710189819336,1.2593376595759764e-05,0.22,0.00030449983252286544,0.5137500166893005,0.0519464910030365,0.38999998569488525,0.5699999928474426,-0.005861422,0.005370986124034971,0.00036196243036101805,1.1413390822708607,0.007478772160538938,0.03596994816325605,0.0003,389,411,55.23916081113554,15.940370559692383,34.60348200798035,50.54385256767273,784,0.35753070017381106,0,0,TRUE,pair,375,6.900648199982243,6.225644700848271,64,0,7.445333333333333,6.900648199982243,0.7846010001958348,7.85280740003509,cpu,cuda:0,0,670.46142578125,52
3209,1,DDT1200_num100.txt,fixed,2866,8,358.25,17.07154083251953,15.256528854370117,9.12243194761686e-06,0.6,-0.003418167,0.5374999642372131,0.03766629472374916,0.4699999988079071,0.5899999737739563,-0.036679036,-0.025575411,0.0002873405519494554,1.1247295911113422,0.008379007570814187,0.057271155839165054,0.0003,370,430,42.840778223837475,15.28267216682434,51.61620593070984,66.89887809753418,786,0.34765799999877345,0,0,TRUE,pair,382,6.179804499872262,6.024773202779321,55,0,7.50261780104712,6.179804499872262,0.7367837999772746,7.962522300251294,cpu,cuda:0,0,670.46337890625,46
3210,1,DDT1200_num100.txt,fixed,2849,8,356.125,11.1404390335083,15.72976016998291,7.769665899104439e-06,0.42,0.0035142166913301634,0.5262499451637268,0.03038811683654785,0.47999998927116394,0.5699999928474426,-0.010839399,0.0006681516766548157,0.00030709595594089476,1.166110125184059,0.0072080813057255,0.04394714119844138,0.0003,379,421,49.25363052133958,15.75690770149231,42.086544036865234,57.843451738357544,764,0.3409517001127824,0,0,TRUE,pair,375,6.7504103999672225,6.206037206162733,60,0,7.597333333333333,6.7504103999672225,0.7495050005527446,7.862960000085877,cpu,cuda:0,0,670.46337890625,40
3211,1,DDT1200_num100.txt,fixed,2806,8,350.75,10.591859817504883,15.296292304992676,7.38712969905464e-06,0.36,0.0024227972354183796,0.5224999785423279,0.02487468533217907,0.49000000953674316,0.5699999928474426,0.043713508639484644,0.055148001915464796,0.0002694396210548196,1.1569214388728142,0.005976435399740391,0.04091599438106641,0.0003,382,418,41.97402389012245,15.323571920394897,51.52729773521423,66.85086965560913,789,0.44162799989862833,0,0,TRUE,pair,365,6.422530800118693,6.212045616960832,56,0,7.6876712328767125,6.422530800118693,0.7293674001848558,7.786723399913171,cpu,cuda:0,0,670.46142578125,39
3212,1,DDT1200_num100.txt,fixed,2756,8,344.5,11.968708992004395,14.442707061767578,8.483146302751265e-06,-0.12,0.0008879442104705741,0.4925000071525574,0.0210653655230999,0.46000000834465027,0.5299999713897705,-0.017815899,-0.006472463,0.00028641842679159407,1.1486646706859271,0.005828150940942578,0.04170586292942365,0.0003,406,394,42.465614361843166,14.470508337020874,50.42905902862549,64.89956736564636,781,0.343085899745347,0,0,TRUE,pair,365,5.869536999933189,5.982220610227917,70,0,7.550684931506849,5.869536999933189,0.6864193002402317,7.5438023996393895,cpu,cuda:0,0,670.46142578125,41
3213,1,DDT1200_num100.txt,fixed,2836,8,354.5,9.539392471313477,15.075541496276855,6.942853815417038e-06,0.3,-0.00088586,0.518750011920929,0.025217808783054352,0.4699999988079071,0.5400000214576721,-0.00907172,0.002516564311614881,0.0002694891597154007,1.1723030284047127,0.006752100857435532,0.0514289122268868,0.0003,385,415,42.432342361659366,15.100640296936035,51.73517036437988,66.83581066131592,770,0.3421507003658917,0,0,TRUE,pair,370,6.27086890010105,6.145980254172943,115,0,7.664864864864865,6.27086890010105,0.7192174000228988,7.721514399876469,cpu,cuda:0,0,670.46337890625,45
3214,1,DDT1200_num100.txt,fixed,2866,8,358.25,19.395553588867188,15.011144638061523,7.798875230946578e-06,0.42,0.0034765792737536535,0.5262500047683716,0.023946557193994522,0.49000000953674316,0.5699999928474426,0.013663654681295156,0.024347364359224837,0.0002942610990430694,1.083084022005399,0.008716807184100617,0.04416360752657056,0.0003,379,421,69.76662519336992,15.037607431411743,26.04220676422119,41.079814195632935,788,0.35028260003309697,0,0,TRUE,pair,382,6.156024099924252,5.779832519689641,55,0,7.50261780104712,6.156024099924252,0.7028079001320293,7.798549000319326,cpu,cuda:0,0,670.46337890625,44
3215,1,DDT1200_num100.txt,fixed,2837,8,354.625,15.539767265319824,16.10308265686035,9.416778993909247e-06,0.62,0.00673893848369944,0.5387499928474426,0.02570871077477932,0.47999998927116394,0.5600000023841858,-0.036718842,-0.025223622,0.00031496508260412764,1.1652700569894578,0.005799576847089661,0.041888791860805616,0.0003,369,431,53.309313138321215,16.138549327850342,37.07916879653931,53.21771812438965,744,0.3387876998167485,0,0,TRUE,pair,372,7.130811399998493,6.040183290487282,55,0,7.626344086021505,7.130811399998493,0.7561493998073274,7.8486079999565845,cpu,cuda:0,0,670.46337890625,47
3216,1,DDT1200_num100.txt,fixed,2809,8,351.125,8.283077239990234,15.851365089416504,6.768736511730822e-06,0.26,0.0038423467176227316,0.5162500143051147,0.018666479736566544,0.49000000953674316,0.5600000023841858,-0.070552705,-0.05900662,0.0002429281234071823,1.166754850745201,0.010424173435603734,0.058027692034374925,0.0003,387,413,50.318677353284706,15.881007432937622,39.94319438934326,55.824201822280884,763,0.33922520019405056,0,0,TRUE,pair,364,6.9781186001055175,6.457102171845944,100,0,7.717032967032967,6.9781186001055175,0.7799180001020432,7.61995529961132,cpu,cuda:0,0,670.46142578125,49
3217,1,DDT1200_num100.txt,fixed,2872,8,359,13.076696395874023,15.946163177490234,6.942853815417038e-06,0.48,0.004621320618285716,0.5299999713897705,0.026457510888576508,0.5,0.5899999737739563,-0.019138853,-0.007737441,0.0002386645013151186,1.1520744462807972,0.00551662372405796,0.04380870821963375,0.0003,376,424,41.7801245723266,15.972825765609741,52.767993688583374,68.74081945419312,783,0.3648486000893172,0,0,TRUE,pair,379,6.7560599998541875,5.888927576560164,70,0,7.577836411609499,6.7560599998541875,0.7823080001689959,8.0211799005192,cpu,cuda:0,0,670.46337890625,50
3218,1,DDT1200_num100.txt,fixed,2827,8,353.375,17.634748458862305,16.3729305267334,8.176054507202934e-06,0.44,0.008262020872271547,0.5274999737739563,0.047893110662698746,0.46000000834465027,0.6000000238418579,0.012765822311242422,0.02379288850352168,0.00029594285175941576,1.1175038889050484,0.004859474479114094,0.038604591643282525,0.0003,378,422,42.36618058342152,16.398717880249023,50.32903432846069,66.72775220870972,781,0.34910669999953825,0,0,TRUE,pair,395,7.353075500141131,5.893172974758532,64,0,7.156962025316456,7.353075500141131,0.8218799999012845,7.818394000132685,cpu,cuda:0,0,670.46337890625,51
3219,1,DDT1200_num100.txt,fixed,2858,8,357.25,17.25362205505371,15.9498872756958,7.725644536549225e-06,0.1,0.004189230809997541,0.5062500238418579,0.027357589453458786,0.46000000834465027,0.5400000214576721,0.034718485083431005,0.04619892321837445,0.00027988544843537966,1.1620381027460098,0.007325923079406493,0.059270831232424825,0.0003,395,405,42.184715615833774,15.975731372833252,51.77392530441284,67.7496566772461,772,0.34209620021283627,0,0,TRUE,pair,377,6.8795967000187375,6.0230930714110045,60,0,7.5809018567639255,6.8795967000187375,0.7984794996882556,7.8983279000240145,cpu,cuda:0,0,670.46337890625,43
3220,1,DDT1200_num100.txt,fixed,2793,8,349.125,16.197511672973633,16.48846435546875,6.843900791864144e-06,0.15999999999999998,-0.000920357,0.5099999904632568,0.03354102373123169,0.4699999988079071,0.5600000023841858,0.004818284085818699,0.016132301384849206,0.00028931969219619144,1.145868080002921,0.01659688852461321,0.04429161601832935,0.0003,392,408,88.66989412399202,16.51666235923767,14.98219108581543,31.4988534450531,770,0.3467706997325877,0,0,TRUE,pair,372,7.451478799834149,6.084496956848134,60,0,7.508064516129032,7.451478799834149,0.8173481997655472,7.840699399748701,cpu,cuda:0,0,670.46142578125,41
3221,1,DDT1200_num100.txt,fixed,2806,8,350.75,12.901065826416016,15.834598541259766,8.946258276409935e-06,0.26,0.004206820730836619,0.5162500143051147,0.034618452191352844,0.46000000834465027,0.5799999833106995,0.07184988781809806,0.0831704062584322,0.00029422806182992644,1.1467630922794343,0.007381618570070714,0.04129504035227001,0.0003,387,413,50.62202444741051,15.93604588508606,39.494372606277466,55.430418491363525,764,0.4474715000396827,0,0,TRUE,pair,374,6.8894431998051004,5.823235923107063,60,0,7.502673796791444,6.8894431998051004,0.7680803006369388,7.804171300071175,cpu,cuda:0,0,670.46142578125,40
3222,1,DDT1200_num100.txt,fixed,2850,8,356.25,14.677789688110352,15.212620735168457,1.4277272384788375e-05,-0.02,-1.03E-05,0.4987500011920929,0.03443744033575058,0.44999998807907104,0.5600000023841858,-0.045872683,-0.034633965,0.00029899796754762065,1.1388213237126668,0.004657455818232847,0.0463083180366084,0.0003,401,399,42.514970174884624,15.243018388748169,51.792192697525024,67.0352110862732,784,0.343383900122717,0,0,TRUE,pair,380,6.296088099916233,5.985263157601942,115,0,7.5,6.296088099916233,0.7314543003012659,7.821296200170764,cpu,cuda:0,0,670.46337890625,38
3223,1,DDT1200_num100.txt,fixed,2857,8,357.125,16.081336975097656,16.44207191467285,9.910873814078514e-06,0.15999999999999998,-0.001422277,0.5099999904632568,0.04183301329612732,0.44999998807907104,0.6000000238418579,-0.087857835,-0.076780998,0.0002760520920243212,1.1214866104878878,0.00692042695529955,0.03712895908392966,0.0003,392,408,48.539370170023155,16.475985527038574,42.38345146179199,58.859436988830566,795,0.4694831003289437,0,0,TRUE,pair,389,7.312296499876538,5.874693735729868,70,0,7.344473007712082,7.312296499876538,0.7860804005758837,7.963708999770461,cpu,cuda:0,0,670.46337890625,43
3224,1,DDT1200_num100.txt,fixed,2871,8,358.875,12.180286407470703,15.90056324005127,8.66217669681646e-06,0.4,0.0034468164590454684,0.5249999761581421,0.03278718888759613,0.47999998927116394,0.5799999833106995,0.02346688276156783,0.03454073677615573,0.00025106626587027375,1.1199388056993484,0.003345250206621131,0.02999207068933174,0.0003,380,420,43.0376057891713,15.932841300964355,50.776259899139404,66.70910120010376,788,0.4607261000928702,0,0,TRUE,pair,384,6.737075399956666,5.892371996401578,60,0,7.4765625,6.737075399956666,0.754423500111443,8.03491449978901,cpu,cuda:0,0,670.46337890625,46
3225,1,DDT1200_num100.txt,fixed,2873,8,359.125,9.466222763061523,16.213531494140625,6.8770432335441e-06,0.42,0.0026362235136367083,0.5262500047683716,0.03772847354412079,0.44999998807907104,0.5799999833106995,-0.040485379,-0.029304534,0.00023691944382638516,1.129930704832077,0.003798499277763767,0.024315338717618335,0.0003,379,421,42.51281965615802,16.239310026168823,51.34030532836914,67.57961535453796,774,0.3345769002044108,0,0,TRUE,pair,370,7.0300562997872476,5.897319874944398,60,0,7.764864864864865,7.0300562997872476,0.7840884998004185,8.015681199845858,cpu,cuda:0,0,670.46337890625,49
3226,1,DDT1200_num100.txt,fixed,2902,8,362.75,14.855554580688477,15.816957473754883,1.01433024610742e-05,0.4,0.0064601345690281815,0.5249999761581421,0.02549508959054947,0.49000000953674316,0.5799999833106995,-0.0472968,-0.036163173,0.00025843180386194337,1.1262846315900485,0.0050711461262835655,0.04261236763947333,0.0003,380,420,43.102018217928695,15.844235897064209,51.484397888183594,67.3286337852478,786,0.4175048001779942,0,0,TRUE,pair,382,6.754759500108776,5.778773259040325,80,0,7.596858638743456,6.754759500108776,0.781865200275206,7.908758500430849,cpu,cuda:0,0,670.4638672,50
3227,1,DDT1200_num100.txt,fixed,2889,8,361.125,9.558209419250488,16.549863815307617,7.231593372125644e-06,0.33999999999999997,0.01032544010227095,0.5212500095367432,0.013635892421007156,0.5,0.550000011920929,-0.048981579,-0.038005605,0.00027279971800453495,1.1112374762694042,0.00779260528361192,0.05008992579920838,0.0003,383,417,42.288336637507996,16.583611965179443,51.733097314834595,68.31670928001404,804,0.3619414002605481,0,0,TRUE,pair,374,7.154273299878696,5.733471789794135,70,0,7.724598930481283,7.154273299878696,0.8107526000239886,8.19262879974849,cpu,cuda:0,0,670.4638672,52
3228,1,DDT1200_num100.txt,fixed,2884,8,360.5,8.958236694335938,16.39952278137207,7.008046395640122e-06,0.18,0.011344377247531678,0.5112499594688416,0.04512136057019234,0.4300000071525574,0.5699999928474426,0.020433601742196415,0.03177679262848364,0.0003511150579369213,1.1518747409184773,0.007221404595636866,0.03428733488544822,0.0003,391,409,53.10569575851126,16.42760396003723,37.879188537597656,54.30679249763489,792,0.35304310005449224,0,0,TRUE,pair,378,7.120869900085381,5.805478502535125,70,0,7.62962962962963,7.120869900085381,0.8219932999782031,8.068269099996542,cpu,cuda:0,0,670.4638672,49
3229,1,DDT1200_num100.txt,fixed,2821,8,352.625,14.123893737792969,15.553955078125,9.743126611283515e-06,-0.1,0.010817616116999216,0.4937500059604645,0.03533322364091873,0.4399999976158142,0.5299999713897705,-0.051294588,-0.039758403,0.0002898776371390947,1.1681121389071147,0.006475415286937884,0.04118099343031645,0.0003,405,395,43.29384273085712,15.584910154342651,49.57447099685669,65.15938115119934,804,0.3565226000355324,0,0,TRUE,pair,374,6.690616000021691,6.237858915616332,55,0,7.542780748663102,6.690616000021691,0.7459700000617886,7.755224499953329,cpu,cuda:0,0,670.46337890625,42
3230,1,DDT1200_num100.txt,fixed,2841,8,355.125,5.254462242126465,15.91842269897461,6.143617156340042e-06,0.13999999999999999,0.0009243524713925527,0.5087499618530273,0.02027159184217453,0.4699999988079071,0.5400000214576721,0.0037518844474107027,0.015193844602132836,0.00027479628261062317,1.15793593476216,0.007462690537067829,0.05378915346227586,0.0003,393,407,42.18202350881113,15.947679996490479,51.40328526496887,67.35096526145935,810,0.3689945000514854,0,0,TRUE,pair,363,6.999831199937034,5.884547693886332,65,0,7.8264462809917354,6.999831199937034,0.764064200440771,7.785817199852318,cpu,cuda:0,0,670.46337890625,41
3231,1,DDT1200_num100.txt,fixed,2932,8,366.5,11.586629867553711,16.193090438842773,3.1908923119772226e-05,0.66,-0.000480061,0.5412499904632568,0.030998991802334785,0.47999998927116394,0.5899999737739563,-0.029046346,-0.017783289,0.0003075008068911054,1.1416806930845433,0.009489804310512474,0.05250025034712797,0.0003,367,433,44.28546866167414,16.222440242767334,49.98437857627869,66.20681881904602,795,0.35973279997415375,0,0,TRUE,pair,386,6.870399099876522,5.831855388731781,60,0,7.595854922279793,6.870399099876522,0.8032225996867055,8.127213500236394,cpu,cuda:0,0,670.4638672,40
3232,1,DDT1200_num100.txt,fixed,2862,8,357.75,14.131082534790039,16.661861419677734,8.818265087029431e-06,0.45999999999999996,0.0018365209376502059,0.5287500023841858,0.03585997596383095,0.49000000953674316,0.6100000143051147,-0.029368867,-0.017898712,0.00028506931343336443,1.1612691000888222,0.008999300829600543,0.04774523455355512,0.0003,377,423,50.222989036524844,16.692096948623657,40.29375863075256,56.98585557937622,782,0.3481783999450272,0,0,TRUE,pair,385,7.398175700000138,6.268343816721548,75,0,7.433766233766233,7.398175700000138,0.8333798997919075,8.051778999972157,cpu,cuda:0,0,670.46337890625,40
3233,1,DDT1200_num100.txt,fixed,2956,8,369.5,16.552946090698242,16.583162307739258,1.0137697245227173e-05,0.66,0.0017494799293138012,0.5412499904632568,0.06372549384832382,0.46000000834465027,0.6700000166893005,-0.019585884,-0.008144424,0.0002984858085830255,1.1590702972914044,0.010453586736203809,0.06025363975449612,0.0003,367,433,47.14534491950358,16.610525131225586,46.08919644355774,62.699721574783325,781,0.34254609994241036,0,0,TRUE,pair,408,7.1146974999282975,5.952638701915096,55,0,7.245098039215686,7.1146974999282975,0.8262062000285368,8.244922300378676,cpu,cuda:0,0,670.4658203,45
3234,1,DDT1200_num100.txt,fixed,2906,8,363.25,10.328964233398438,16.3225040435791,6.572746769961668e-06,0.42,-0.003224354,0.5262500047683716,0.01866648904979229,0.49000000953674316,0.550000011920929,-0.078800783,-0.06687521,0.00024053029086313802,1.2045836502855474,0.012020485961164179,0.03506492247635668,0.0003,379,421,72.64618089607058,16.351964950561523,23.650137901306152,40.002102851867676,788,0.3531238999858033,0,0,TRUE,pair,380,6.8255180998530705,6.394356503867315,70,0,7.647368421052631,6.8255180998530705,0.8480307000281755,8.245301399685559,cpu,cuda:0,0,670.4638672,45
3235,1,DDT1200_num100.txt,fixed,2863,8,357.875,9.930225372314453,15.975286483764648,7.040416221570922e-06,0.24000000000000002,-0.001200966,0.5149999856948853,0.022912882268428802,0.47999998927116394,0.550000011920929,-0.050212968,-0.0383487,0.00026631435260545305,1.199742538233598,0.007464686014524584,0.05703348822620077,0.0003,388,412,40.91550295026372,16.002490997314453,53.970985889434814,69.97347688674927,786,0.3490932996792253,0,0,TRUE,pair,368,6.943416499911109,6.055885434275609,50,0,7.779891304347826,6.943416499911109,0.7748145999357803,7.881409900219296,cpu,cuda:0,0,670.46337890625,48
3236,1,DDT1200_num100.txt,fixed,2900,8,362.5,13.257073402404785,16.16802215576172,9.39260280574672e-06,0.33999999999999997,-0.00085109,0.5212500095367432,0.028476964682340622,0.47999998927116394,0.5600000023841858,0.03214315926500907,0.04390356540291881,0.0002704199302267322,1.1895615582664807,0.0050644061496617114,0.043574538780376315,0.0003,383,417,42.94985949864495,16.19442081451416,51.32617259025574,67.5205934047699,775,0.3525153999798931,0,0,TRUE,pair,381,6.873904700245475,6.394827586700177,65,0,7.611548556430447,6.873904700245475,0.7933271997317206,8.108021599924541,cpu,cuda:0,0,670.4638672,50
3237,1,DDT1200_num100.txt,fixed,2970,8,371.25,16.551057815551758,17.006755828857422,1.0271386599924881e-05,0.52,-0.000526424,0.5324999690055847,0.028613805770874023,0.49000000953674316,0.5699999928474426,-0.013962293,-0.002434773,0.0002494047797275319,1.1652222499251366,0.0049996758583195815,0.03523443484057983,0.0003,374,426,41.73401189921665,17.033817529678345,54.13115954399109,71.16497707366943,791,0.48148529991158284,0,0,TRUE,pair,393,7.312599600103567,5.841750841269188,65,0,7.557251908396947,7.312599600103567,0.8705336992861703,8.414138799591456,cpu,cuda:0,0,670.4658203,51
3238,1,DDT1200_num100.txt,fixed,2955,8,369.375,14.141583442687988,16.184751510620117,7.718283995927777e-06,0.66,0.002410940717776563,0.5412499904632568,0.04136347770690918,0.44999998807907104,0.5899999737739563,-0.052763236,-0.041381865,0.0003023163687127332,1.1532530064384143,0.006599210275453515,0.054521642111164205,0.0003,367,433,43.89776700964192,16.21521830558777,51.10027861595154,67.3154969215393,781,0.3557450998487184,0,0,TRUE,pair,385,6.707562499999767,5.828426395374304,50,0,7.675324675324675,6.707562499999767,0.7974390000163112,8.288786000237451,cpu,cuda:0,0,670.4658203,48
3239,1,DDT1200_num100.txt,fixed,2972,8,371.5,16.347782135009766,16.32014274597168,1.1101195013907272e-05,0.84,0.009248994259881084,0.5525000095367432,0.038324277848005295,0.47999998927116394,0.6200000047683716,-0.04648228,-0.035665035,0.0003110282868874492,1.0972759760916233,0.0069825231257709675,0.04347232526924927,0.0003,358,442,56.265129062268784,16.34800386428833,36.473344802856445,52.821348667144775,766,0.3413074002455687,0,0,TRUE,pair,394,6.809292300109519,5.655450871983897,60,0,7.543147208121828,6.809292300109519,0.7986110997735523,8.323395399973379,cpu,cuda:0,0,670.4658203,43
3240,1,DDT1200_num100.txt,fixed,2802,8,350.25,16.990806579589844,15.35607624053955,1.232880003954051e-05,0.08,0.004460849680399933,0.5049999952316284,0.022360680624842644,0.4699999988079071,0.5400000214576721,-0.057751672,-0.046110319,0.00030613207854912616,1.1794421424468358,0.007083092304431678,0.06104998354567215,0.0003,396,404,41.27777064884032,15.386690616607666,52.494882345199585,67.88157296180725,771,0.34663810033816844,0,0,TRUE,pair,381,6.291709499855642,6.264810849563468,50,0,7.354330708661418,6.291709499855642,0.7768355999141932,7.9088562996912515,cpu,cuda:0,0,670.46142578125,41
3241,1,DDT1200_num100.txt,fixed,2872,8,359,11.445523262023926,16.729047775268555,8.231485480791889e-06,0.13999999999999999,0.006439533825933115,0.5087499618530273,0.025217803195118904,0.44999998807907104,0.5400000214576721,0.09410934786622722,0.10581630825375517,0.00030400517001301824,1.185896600286166,0.006457891780883074,0.061819451317812,0.0003,393,407,42.87590442898823,16.755221843719482,50.228787899017334,66.98400974273682,794,0.37058749971038196,0,0,TRUE,pair,381,7.326356700010365,6.243384400865161,70,0,7.5380577427821525,7.326356700010365,0.8430703999911202,8.157777899643406,cpu,cuda:0,0,670.46337890625,39
3242,1,DDT1200_num100.txt,fixed,2866,8,358.25,12.487493515014648,16.450538635253906,6.843900791864144e-06,0.32,0.005547439088738267,0.5199999809265137,0.033166248351335526,0.4699999988079071,0.5699999928474426,-0.013891394,-0.002910427,0.0003393005581528996,1.1150616432229679,0.0046012056279020426,0.04416563090247413,0.0003,384,416,42.8282870956127,16.478440523147583,50.43994903564453,66.91838955879211,774,0.35886369991931133,0,0,TRUE,pair,371,7.1853963999892585,5.882065597024733,60,0,7.725067385444744,7.1853963999892585,0.811867299998994,8.059638599937898,cpu,cuda:0,0,670.46337890625,40
3243,1,DDT1200_num100.txt,fixed,2871,8,358.875,10.493301391601562,16.463420867919922,8.740569683141075e-06,0.42,0.0038888460281278417,0.5262500047683716,0.03237958252429962,0.47999998927116394,0.5899999737739563,-0.013498215,-0.002227367,0.00022589498530578567,1.138379544019699,0.005707212007109774,0.03876405333479246,0.0003,379,421,41.396132209295445,16.49345374107361,52.860851764678955,69.35430550575256,791,0.47104380013479386,0,0,TRUE,pair,374,7.165832799903001,5.876001391789507,55,0,7.676470588235294,7.165832799903001,0.7998802999791224,8.118246299985913,cpu,cuda:0,0,670.46337890625,45
3244,1,DDT1200_num100.txt,fixed,2895,8,361.875,20.60605239868164,16.521631240844727,1.0249225852021482e-05,0.27999999999999997,0.003393343456857986,0.5174999833106995,0.03733295947313309,0.4699999988079071,0.5799999833106995,-0.036592785,-0.025663654,0.00026025701481557917,1.1059259896477063,0.005464229834615253,0.051299526841224484,0.0003,386,414,42.46821574523994,16.548313856124878,51.62031412124634,68.16862797737122,780,0.3511955999856582,0,0,TRUE,pair,402,7.421247599981143,5.666666666996088,80,0,7.201492537313433,7.421247599981143,0.8200996006053174,7.890578400722006,cpu,cuda:0,0,670.4638672,47
3245,1,DDT1200_num100.txt,fixed,2885,8,360.625,10.804368019104004,16.078838348388672,6.641573236265685e-06,0.52,0.004686227361433679,0.5324999690055847,0.023318450897932053,0.49000000953674316,0.5600000023841858,-0.099927929,-0.08860175,0.0002478779184885378,1.1450119719785803,0.011398667127222699,0.0426984987605144,0.0003,374,426,58.97730838394263,16.1065034866333,32.8106153011322,48.9171187877655,769,0.34564530005445704,0,0,TRUE,pair,377,6.862160100004985,5.775736568457539,70,0,7.652519893899204,6.862160100004985,0.7861846992745996,8.0457624001574,cpu,cuda:0,0,670.4638672,48
3246,1,DDT1200_num100.txt,fixed,2862,8,357.75,10.401322364807129,14.94236946105957,9.51884521782631e-06,0.2,0.0037257049506366872,0.512499988079071,0.032307110726833344,0.46000000834465027,0.5799999833106995,-0.021902996,-0.011367916,0.0002903951996510538,1.0680278738339741,0.005317021398999107,0.040428411487179496,0.0003,390,410,43.419619433182476,14.967768907546997,50.94612717628479,65.91490292549133,774,0.32533249982225243,0,0,TRUE,pair,368,6.138466399876052,5.679594688028993,60,0,7.7771739130434785,6.138466399876052,0.7166377997054951,7.736887400547857,cpu,cuda:0,0,670.46337890625,50
3247,1,DDT1200_num100.txt,fixed,2822,8,352.75,15.286840438842773,15.763075828552246,1.014890494843712e-05,0.44,0.0059911729576317425,0.5274999737739563,0.028613807633519173,0.4699999988079071,0.5699999928474426,-0.077612362,-0.067110618,0.0003399305253127671,1.0671712030535159,0.006847979479378251,0.04627308334507372,0.0003,378,422,43.81201993942803,15.796974182128906,48.61457324028015,64.41154742240906,761,0.3430388998531271,0,0,TRUE,pair,371,6.805833999969764,5.767895109851169,50,0,7.606469002695418,6.805833999969764,0.7688798000017414,7.821480400147266,cpu,cuda:0,0,670.46337890625,53
3248,1,DDT1200_num100.txt,fixed,2899,8,362.375,16.17047882080078,15.921594619750977,1.0446979104017373e-05,0.56,0.006491443853261805,0.5349999666213989,0.032403700053691864,0.49000000953674316,0.5699999928474426,0.024225857641015733,0.03488432003983429,0.00030779760085611736,1.0812360431466783,0.007284235190517003,0.04504751868080348,0.0003,372,428,65.06375857426461,15.950713634490967,28.605581045150757,44.556294679641724,783,0.34586700006911997,0,0,TRUE,pair,379,6.774651399930008,5.617109348338898,64,0,7.649076517150395,6.774651399930008,0.7909851001459174,7.972862099704798,cpu,cuda:0,0,670.4638672,45
3249,1,DDT1200_num100.txt,fixed,2887,8,360.875,14.72614574432373,15.435161590576172,6.069146365916822e-06,0.54,0.008534657527130765,0.5337499380111694,0.05072905868291855,0.46000000834465027,0.6000000238418579,-0.044576884,-0.033610454,0.0003075687785288513,1.112021307150523,0.007102032623758229,0.057378476834855974,0.0003,373,427,42.82952482234896,15.461202144622803,51.94556951522827,67.40677165985107,768,0.34240450023207814,0,0,TRUE,pair,377,6.485270200064406,5.927606511495912,55,0,7.657824933687003,6.485270200064406,0.7291892001521774,7.860783700030879,cpu,cuda:0,0,670.4638672,42
3250,1,DDT1200_num100.txt,fixed,2885,8,360.625,14.966107368469238,15.44636344909668,9.649327694205567e-06,0.54,0.009800101254536153,0.5337499976158142,0.04553501307964325,0.49000000953674316,0.6299999952316284,-0.055198453,-0.044231111,0.0003241682200799308,1.1129426211118698,0.008726748174619084,0.04956596488288293,0.0003,373,427,41.26378503467501,15.47409725189209,54.44193196296692,69.91602921485901,743,0.3287285000697011,0,0,TRUE,pair,391,6.4053698000643635,5.66897746967071,70,0,7.378516624040921,6.4053698000643635,0.7406701000581961,7.928296699858038,cpu,cuda:0,0,670.4638672,39
3251,1,DDT1200_num100.txt,fixed,2835,8,354.375,15.507558822631836,15.478991508483887,8.958956641436089e-06,0.48,0.00672050253563013,0.5299999713897705,0.04472136124968529,0.47999998927116394,0.6200000047683716,0.06333028090496857,0.07408125710984072,0.0002905511704739183,1.0896250367164613,0.009829605471653242,0.04483226484929522,0.0003,376,424,61.46193385926059,15.510485172271729,30.615626096725464,46.12611126899719,773,0.34584130003349856,0,0,TRUE,pair,390,6.49778079992393,5.7340388011680075,65,0,7.269230769230769,6.49778079992393,0.761539699480636,7.757341800344875,cpu,cuda:0,0,670.46337890625,40
3252,1,DDT1200_num100.txt,fixed,2873,8,359.125,18.360538482666016,15.48621940612793,1.0081469554279465e-05,0.5,0.005567021023153216,0.53125,0.038222212344408035,0.44999998807907104,0.5799999833106995,-0.062808378,-0.052429244,0.0003874666308547603,1.0572865133484204,0.009648053148945715,0.062039716828924917,0.0003,375,425,43.495811870088495,15.51176404953003,50.54057240486145,66.05233645439148,756,0.33080450003035367,0,0,TRUE,pair,394,6.5366263001196785,5.857640097085666,60,0,7.291878172588833,6.5366263001196785,0.7561295997584239,7.825091500315466,cpu,cuda:0,0,670.46337890625,41
3253,1,DDT1200_num100.txt,fixed,2965,8,370.625,19.480358123779297,15.77896499633789,1.1409269063733518e-05,0.7,0.0036000030315674223,0.543749988079071,0.03533322736620903,0.49000000953674316,0.5899999737739563,-0.056020789,-0.045861081,0.0002729692228297752,1.0296191071209155,0.007573303233489002,0.04454582343858324,0.0003,365,435,49.593186617561926,15.806484460830688,43.97995400428772,59.78643846511841,777,0.3406549002393149,0,0,TRUE,pair,396,6.624762799954624,5.644519392032849,45,0,7.487373737373737,6.624762799954624,0.7498924001120031,8.03248579990759,cpu,cuda:0,0,670.4658203,45
3254,1,DDT1200_num100.txt,fixed,2892,8,361.5,23.55843734741211,16.590084075927734,1.1968517355853692e-05,0.66,0.008510062153015932,0.5412499904632568,0.04728569835424423,0.47999998927116394,0.6200000047683716,-0.081657773,-0.071940017,0.0002889071256504394,0.9862211545308431,0.009229154054385921,0.057309867872390896,0.0003,367,433,42.8031005185438,16.622287273406982,50.94291162490845,67.56519889831543,761,0.43676260029315017,0,0,TRUE,pair,396,7.36389299997245,5.4806362385571745,60,0,7.303030303030303,7.36389299997245,0.8163189003098523,8.026254600088578,cpu,cuda:0,0,670.4638672,48
3255,1,DDT1200_num100.txt,fixed,2970,8,371.25,10.848386764526367,15.677543640136719,8.09921675681835e-06,0.86,0.00860161532845844,0.5537499189376831,0.029553977772593498,0.5099999904632568,0.5899999737739563,-0.028066241,-0.018155272,0.0002065049527488925,1.0014221337106493,0.008947590851069739,0.05822826254492005,0.0003,357,443,41.592817413965065,15.704324007034302,55.70223569869995,71.40655970573425,777,0.33041709985991474,0,0,TRUE,pair,383,6.500359000157914,5.46094276114345,60,0,7.754569190600522,6.500359000157914,0.7593865994131193,7.943620100108092,cpu,cuda:0,0,670.4658203,50
3256,1,DDT1200_num100.txt,fixed,2849,8,356.125,16.343481063842773,15.977397918701172,1.0210329492110759e-05,0.6,0.01559031484685265,0.5374999642372131,0.04235268384218216,0.44999998807907104,0.5799999833106995,-0.04795026,-0.038213114,0.00030766026261348827,0.989097637158853,0.009716575100254785,0.062076206422514386,0.0003,370,430,42.65554480541807,16.004677057266235,50.78617072105408,66.79084777832031,754,0.3529180000332417,0,0,TRUE,pair,376,6.910100100052659,5.669006669927204,50,0,7.577127659574468,6.910100100052659,0.7783494002796942,7.913180299612577,cpu,cuda:0,0,670.46337890625,52
3257,1,DDT1200_num100.txt,fixed,3012,8,376.5,12.186058044433594,16.84005355834961,5.560828867601231e-06,0.9400000000000001,0.014254447867258645,0.5587499737739563,0.03919104486703873,0.47999998927116394,0.6000000238418579,-0.075869471,-0.066232918,0.00025494632427580655,0.9764026900132498,0.007527075707912445,0.03126682247966528,0.0003,353,447,95.58742764998661,16.87140917778015,14.639010906219482,31.510420083999634,770,0.3626618001871975,0,0,TRUE,pair,390,6.98267989984015,5.23074369106793,45,0,7.723076923076923,6.98267989984015,0.8335291006515035,8.603248300001724,cpu,cuda:0,0,670.46630859375,52
3258,1,DDT1200_num100.txt,fixed,2977,8,372.125,13.932313919067383,15.731024742126465,1.7993890651268885e-05,0.88,0.01919862559878819,0.5550000071525574,0.03708099201321602,0.49000000953674316,0.6000000238418579,-0.058269262,-0.048463843,0.0002572664266659154,0.9934055849357888,0.006542685909489928,0.047783986682555186,0.0003,356,444,43.47303044687179,15.75805926322937,52.72117877006531,68.47923803329468,758,0.3329730999976164,0,0,TRUE,pair,392,6.6661042000341695,5.447430297597206,56,0,7.594387755102041,6.6661042000341695,0.7273709004221018,7.9683963998541,cpu,cuda:0,0,670.4658203,45
3259,1,DDT1200_num100.txt,fixed,2929,8,366.125,17.003215789794922,16.07134437561035,9.608002073946409e-06,0.76,0.019966599616016368,0.54749995470047,0.030310891568660736,0.47999998927116394,0.5799999833106995,-0.063398692,-0.052867592,0.0002480047675514167,1.0655104120572407,0.008222107355929134,0.05303239020092102,0.0003,362,438,44.563492973403115,16.100993394851685,49.625452280044556,65.72644567489624,759,0.34944040011032484,0,0,TRUE,pair,389,6.671024600058445,5.765790372059263,55,0,7.5295629820051415,6.671024600058445,0.7796383998938836,8.229573100514244,cpu,cuda:0,0,670.4638672,41
3260,1,DDT1200_num100.txt,fixed,2939,8,367.375,20.35274887084961,16.15030288696289,8.12024427432334e-06,0.76,0.02279722610263958,0.5475000143051147,0.053326819092035294,0.4300000071525574,0.6100000143051147,-0.094662838,-0.084939517,0.0002838197095635613,0.9865228491170066,0.009430334161152132,0.07063063959191952,0.0003,362,438,64.09141222476207,16.176522493362427,29.67985510826111,45.856377601623535,779,0.4487719999451656,0,0,TRUE,pair,387,6.781136200166657,5.245661790373375,50,0,7.594315245478036,6.781136200166657,0.7579132002720144,8.233710599597543,cpu,cuda:0,0,670.4638672,41
3261,1,DDT1200_num100.txt,fixed,2926,8,365.75,18.525320053100586,16.12505340576172,9.097473594010808e-06,0.74,0.0268589550674236,0.5462499856948853,0.05914759635925293,0.44999998807907104,0.6200000047683716,-0.059930546,-0.04975153,0.00027232736597811294,1.0315180908549915,0.011263539379631931,0.06587171791629358,0.0003,363,437,77.130529550971,16.157822370529175,21.77786946296692,37.935691833496094,754,0.35044419989571907,0,0,TRUE,pair,388,6.814859500111197,5.569036226686515,65,0,7.541237113402062,6.814859500111197,0.7632777999970131,8.166958699657698,cpu,cuda:0,0,670.4638672,39
3262,1,DDT1200_num100.txt,fixed,2929,8,366.125,8.60867977142334,16.46005630493164,7.008046395640122e-06,0.64,0.02810428089469031,0.5399999618530273,0.03240370377898216,0.47999998927116394,0.5899999737739563,0.030545079614967108,0.040924977511167526,0.0002994397291331552,1.0529615432024002,0.010017089334724005,0.036446278158109635,0.0003,368,432,127.63932363539946,16.49461007118225,6.452863454818726,22.947473526000977,781,0.42449700002907775,0,0,TRUE,pair,375,7.279672900083824,5.637760327512716,90,0,7.810666666666667,7.279672900083824,0.7810396000131732,8.025679099620902,cpu,cuda:0,0,670.4638672,40
3263,1,DDT1200_num100.txt,fixed,2879,8,359.875,14.709159851074219,15.859794616699219,8.818265087029431e-06,0.62,0.026809470808747973,0.5387499332427979,0.03722817823290825,0.46000000834465027,0.5799999833106995,-0.006129964,0.004302885456127115,0.00023731694182060892,1.0551508342226346,0.01229421831582537,0.0780815332060835,0.0003,369,431,42.76740815982119,15.886856317520142,51.430760622024536,67.31761693954468,787,0.4459324003692018,0,0,TRUE,pair,382,6.7365620999917155,5.653351859277882,100,0,7.536649214659686,6.7365620999917155,0.7418536990007851,8.00874229974579,cpu,cuda:0,0,670.46337890625,42
3264,1,DDT1200_num100.txt,fixed,2834,8,354.25,20.010934829711914,15.867085456848145,1.0468720574863255e-05,0.38,0.030737964066431252,0.5237500071525574,0.05048205330967903,0.4099999964237213,0.5799999833106995,-0.066505339,-0.056226738,0.00029185334054860647,1.0424529359890864,0.005992102580001721,0.041048180795489594,0.0003,381,419,68.50839823217073,15.8962562084198,25.470934867858887,41.36719107627869,773,0.4605746000306681,0,0,TRUE,pair,377,6.7139634999330156,5.559985886809686,65,0,7.517241379310345,6.7139634999330156,0.7973245004104683,7.972232599684503,cpu,cuda:0,0,670.46337890625,43
3265,1,DDT1200_num100.txt,fixed,2898,8,362.25,13.997767448425293,16.112464904785156,8.529922524758149e-06,0.72,0.03314557852077576,0.5450000166893005,0.023979157209396362,0.5099999904632568,0.5799999833106995,-0.003899263,0.005880974776421984,0.0002689537905098405,0.9914715339740118,0.012080122677919766,0.07856785397355755,0.0003,364,436,65.93604621318242,16.143673419952393,27.808006525039673,43.951679944992065,749,0.43128620034258347,0,0,TRUE,pair,382,6.763147999998182,5.499654935219109,70,0,7.5863874345549736,6.763147999998182,0.7717698999185814,8.194556499816827,cpu,cuda:0,0,670.4638672,46
3266,1,DDT1200_num100.txt,fixed,2844,8,355.5,17.76935577392578,14.98291016,1.0403358828625642e-05,0.62,0.02942604922433594,0.5387499928474426,0.04284783825278282,0.46000000834465027,0.5799999833106995,-0.017436152,-0.007698015,0.00032909827314142603,0.9902687420447668,0.010356248192692874,0.07934591255616397,0.0003,369,431,44.12911260411942,15.012521505355835,49.43472957611084,64.44725108146667,748,0.41062039995449595,0,0,TRUE,pair,378,6.0680785999429645,5.506329114594708,45,0,7.523809523809524,6.0680785999429645,0.693506499970681,7.867171399848303,cpu,cuda:0,0,670.46337890625,47
3267,1,DDT1200_num100.txt,fixed,2911,8,363.875,12.035754203796387,15.378798484802246,9.789689102035481e-06,0.64,0.019520266653565453,0.5399999618530273,0.021794497966766357,0.5099999904632568,0.5799999833106995,-0.025738485,-0.015627885,0.00044408503963495606,1.033264085650444,0.013519649213412777,0.09154753405600786,0.0003,368,432,47.738975747038,15.41336464881897,45.564064264297485,60.977428913116455,763,0.4381243000534596,0,0,TRUE,pair,384,6.329742400048417,5.61216077015024,55,0,7.580729166666667,6.329742400048417,0.7369253004580969,7.948343700132682,cpu,cuda:0,0,670.4638672,49
3268,1,DDT1200_num100.txt,fixed,2909,8,363.625,14.696407318115234,15.522953987121582,1.307612365053501e-05,0.64,0.019065050823091036,0.5400000214576721,0.03872983530163765,0.5,0.6000000238418579,0.04989233714613048,0.060279477049003945,0.00033381614511282265,1.0554048202254556,0.015935782808810472,0.06783460639417171,0.0003,368,432,81.58732555028612,15.55078125,20.10426664352417,35.65504789352417,780,0.3469149000593461,0,0,TRUE,pair,385,6.455322199850343,5.431419732604251,45,0,7.555844155844156,6.455322199850343,0.7249254998459946,7.973081799849751,cpu,cuda:0,0,670.4638672,48
3269,1,DDT1200_num100.txt,fixed,2827,8,353.375,13.471613883972168,15.680890083312988,1.3848815797246061e-05,0.18,0.012722748964541649,0.5112500190734863,0.04255509749054909,0.4300000071525574,0.5899999737739563,-0.030757924,-0.019829045,0.000374810237969671,1.1116282769611903,0.020811046465366547,0.031182765561555113,0.0003,391,409,94.52467690662301,15.706612586975098,14.199914932250977,29.90753412246704,768,0.3443459999980405,0,0,TRUE,pair,373,6.669131100105005,5.798019100466844,45,0,7.579088471849866,6.669131100105005,0.7495735996635631,7.8956539999635424,cpu,cuda:0,0,670.46337890625,49
3270,1,DDT1200_num100.txt,fixed,2876,8,359.5,15.85086727142334,16.743820190429688,7.356285550486064e-06,0.48,0.016149793596085094,0.5299999713897705,0.03741658106446266,0.4699999988079071,0.6000000238418579,-0.082291599,-0.07214109,0.00032725111668696627,1.031413459777832,0.013812188629526646,0.05586902918294072,0.0003,376,424,75.54727099581909,16.76969289779663,21.299187183380127,38.06888008117676,777,0.34632719997898676,0,0,TRUE,pair,378,7.461056700005429,5.5851877584576775,70,0,7.608465608465608,7.461056700005429,0.7836491997004487,8.11444239965931,cpu,cuda:0,0,670.46337890625,51
3271,1,DDT1200_num100.txt,fixed,2892,8,361.5,20.700241088867188,15.982325553894043,1.080012498277938e-05,0.74,0.011697678420096346,0.5462499856948853,0.05048204958438873,0.46000000834465027,0.6100000143051147,-0.124006775,-0.114242452,0.0003213050817562775,0.9924975200132891,0.013377176015637815,0.06787904834544117,0.0003,363,437,79.76009104198913,16.011857986450195,20.24687695503235,36.258734941482544,763,0.33062569992034696,0,0,TRUE,pair,386,6.868546599973342,5.396265561361366,55,0,7.492227979274611,6.868546599973342,0.7444454003853025,7.99821060031536,cpu,cuda:0,0,670.4638672,51
3272,1,DDT1200_num100.txt,fixed,2882,8,360.25,13.83609390258789,15.016937255859375,7.016152721917024e-06,0.36,0.015414557557853023,0.5224999785423279,0.025372233241796494,0.4699999988079071,0.550000011920929,0.07866651968409617,0.08855495570848386,0.0002974692324642092,1.0037169208129246,0.009037737026422596,0.0735838282853365,0.0003,382,418,44.904034302537,15.045806407928467,49.13550925254822,64.18131566047668,797,0.3454952002794016,0,0,TRUE,pair,379,6.2206574002048,5.297362941408389,50,0,7.604221635883905,6.2206574002048,0.7093842006870545,7.72986510010378,cpu,cuda:0,0,670.4638672,52
3273,1,DDT1200_num100.txt,fixed,2857,8,357.125,18.6375789642334,15.642038345336914,1.4404113244381733e-05,0.56,0.016902174205016333,0.5349999666213989,0.03774917498230934,0.49000000953674316,0.6200000047683716,-0.07669622,-0.066834569,0.00029523270383763773,1.000927053965055,0.010972309194935055,0.0772241073159071,0.0003,372,428,68.88317341699309,15.668530941009521,25.807490825653076,41.4760217666626,754,0.3343167001148686,0,0,TRUE,pair,390,6.622262000193587,5.3545677290123,50,0,7.325641025641025,6.622262000193587,0.7362115002179053,7.915766299847746,cpu,cuda:0,0,670.46337890625,45
3274,1,DDT1200_num100.txt,fixed,2854,8,356.75,11.712706565856934,16.485658645629883,7.864199687901419e-06,0.58,0.020543281434465106,0.5362499952316284,0.026896793395280838,0.49000000953674316,0.5699999928474426,-0.027267973,-0.017658859,0.00026781636552186683,0.9743022084236145,0.010033332230523228,0.04632442789152265,0.0003,371,429,71.99018606031993,16.513055086135864,23.131237506866455,39.64429259300232,752,0.3438302999420557,0,0,TRUE,pair,373,7.260002299604821,5.320252277004025,70,0,7.651474530831099,7.260002299604821,0.7723113999090856,8.075353700303822,cpu,cuda:0,0,670.46337890625,43
3275,1,DDT1200_num100.txt,fixed,2922,8,365.25,15.594470024108887,15.356269836425781,6.827269317000173e-06,0.98,0.02964839322884706,0.5612499713897705,0.04166458919644356,0.47999998927116394,0.6100000143051147,-0.037179887,-0.027753816,0.00028557764380821027,0.9568858419855436,0.009861460712272674,0.05922949768137187,0.0003,351,449,45.179646146977646,15.383511066436768,49.291630268096924,64.67514133453369,777,0.3322832002886571,0,0,TRUE,pair,393,6.339565400179708,5.0660506496684015,50,0,7.435114503816794,6.339565400179708,0.6846476997889113,7.975645299520693,cpu,cuda:0,0,670.4638672,40
3276,1,DDT1200_num100.txt,fixed,2874,8,359.25,17.476770401000977,15.247404098510742,1.0847390512935817e-05,0.33999999999999997,0.0319278538993166,0.5212500095367432,0.04858947917819023,0.4099999964237213,0.5699999928474426,0.009842285886406898,0.01968751832221945,0.00028051283152308315,0.9985487858454386,0.007957739367460212,0.05532164437075456,0.0003,383,417,70.37012652581095,15.27610182762146,25.56509232521057,40.84119415283203,791,0.34896590013522655,0,0,TRUE,pair,388,6.405926799998269,5.558107168913385,70,0,7.407216494845361,6.405926799998269,0.7063375999568962,7.775134999727015,cpu,cuda:0,0,670.46337890625,40
3277,1,DDT1200_num100.txt,fixed,2896,8,362,19.937402725219727,16.65787696838379,1.1142083167214878e-05,0.46,0.029013175373125907,0.528749942779541,0.04728569835424423,0.47999998927116394,0.6399999856948853,0.03855991604117056,0.04862312285695225,0.00028546083861632116,1.0205938493212063,0.008102273313852493,0.06119274177278081,0.0003,377,423,42.333712337379104,16.68797278404236,51.720863580703735,68.4088363647461,795,0.38661589987168554,0,0,TRUE,pair,395,6.984656799817458,5.345649171476535,40,0,7.331645569620253,6.984656799817458,0.7894814996834612,8.476769900124054,cpu,cuda:0,0,670.4638672,40
3278,1,DDT1200_num100.txt,fixed,2823,8,352.875,14.986973762512207,15.296067237854004,1.3861123989045154e-05,0.11999999999999998,0.022916835275112252,0.5074999928474426,0.04205651208758354,0.4399999976158142,0.5699999928474426,-0.102677996,-0.092580624,0.0002747723995829195,1.0234760741392772,0.006683304964099079,0.05865724706867089,0.0003,394,406,42.300217613269,15.328829288482666,51.40841603279114,66.7372453212738,767,0.3413730999309337,0,0,TRUE,pair,371,6.460982099961257,5.308537016259496,45,0,7.609164420485175,6.460982099961257,0.7223841998638818,7.75421739993908,cpu,cuda:0,0,670.46337890625,43
3279,1,DDT1200_num100.txt,fixed,2874,8,359.25,11.486405372619629,14.935284614562988,4.3128067773068324e-05,0.8,0.02110048197964283,0.550000011920929,0.03464101254940033,0.4699999988079071,0.5899999737739563,0.003065899338411248,0.012879677926716597,0.0002819449117574233,0.9954749371694482,0.011990955337355643,0.07552594752253397,0.0003,360,440,46.74443261816177,14.966626167297363,46.51663160324097,61.48325777053833,767,0.32810869987588376,0,0,TRUE,pair,378,6.080527400030405,5.141962421255636,70,0,7.603174603174603,6.080527400030405,0.6956312003894709,7.806118100052117,cpu,cuda:0,0,670.46337890625,46
3280,1,DDT1200_num100.txt,fixed,2927,8,365.875,14.734631538391113,15.291389465332031,8.14819668448763e-06,0.9,0.025828462597744312,0.5562499761581421,0.043857015669345856,0.4699999988079071,0.6000000238418579,-0.000599035,0.009171773485528925,0.0002702661525593915,0.9905939797560374,0.013499684161312567,0.0720776916326334,0.0003,355,445,73.87727955379806,15.318217039108276,24.301541805267334,39.61975884437561,757,0.3361257002543425,0,0,TRUE,pair,392,6.260125899891136,5.311581823945575,80,0,7.466836734693878,6.260125899891136,0.6986313001980307,7.974324299546424,cpu,cuda:0,0,670.4638672,47
3281,1,DDT1200_num100.txt,fixed,2864,8,358,23.14627456665039,15.54065990447998,1.106015497498447e-05,0.58,0.025178969753068162,0.5362499952316284,0.048973843455314636,0.46000000834465027,0.6000000238418579,0.008507850029590454,0.018518097698688507,0.00025522688652431083,1.0137862400575117,0.009973801430367695,0.07343515451066196,0.0003,371,429,44.6122151578389,15.57699465751648,48.6206693649292,64.19766402244568,778,0.3539791998628061,0,0,TRUE,pair,397,6.629846899944823,5.468575418245193,50,0,7.214105793450882,6.629846899944823,0.7497970994154457,7.804169999930309,cpu,cuda:0,0,670.46337890625,49
3282,1,DDT1200_num100.txt,fixed,2885,8,360.625,18.192975997924805,15.2089262008667,1.206313208967913e-05,0.64,0.025663698802397255,0.5400000214576721,0.045552171766757965,0.44999998807907104,0.6100000143051147,0.026280555608017103,0.03622053368460564,0.00032090151424719285,1.0100429625738234,0.013110133220574685,0.10578672037947745,0.0003,368,432,53.1692067753254,15.23749041557312,39.023240089416504,54.260730504989624,750,0.3200595998787321,0,0,TRUE,pair,383,6.283681599830743,5.145927210283858,50,0,7.532637075718016,6.283681599830743,0.7031312998005887,7.864211299587623,cpu,cuda:0,0,670.4638672,51
3283,1,DDT1200_num100.txt,fixed,2864,8,358,17.442764282226562,14.985891342163086,1.0075829777633771e-05,0.44,0.018301346579706883,0.5274999737739563,0.04322905093431473,0.44999998807907104,0.6000000238418579,-0.100577265,-0.090649688,0.00026759983666124754,1.00613750765721,0.010477911011548713,0.08215172200774153,0.0003,378,422,43.21643162328167,15.012733221054077,51.2573504447937,66.27108931541443,759,0.3297809999930905,0,0,TRUE,pair,391,6.28917499993986,5.284916200118358,50,0,7.324808184143222,6.28917499993986,0.6905080999131314,7.661416799674043,cpu,cuda:0,0,670.46337890625,51
3284,1,DDT1200_num100.txt,fixed,2904,8,363,24.56623649597168,15.379822731018066,1.3300252248882316e-05,0.76,0.019224733891728095,0.5475000143051147,0.0476313978433609,0.44999998807907104,0.6299999952316284,-0.018997199,-0.008649277,0.0003018993681637637,1.0498873123100825,0.007655533986897873,0.06275277598095792,0.0003,362,438,63.435649455612605,15.40758228302002,30.371093034744263,45.77867531776428,776,0.3271063997526653,0,0,TRUE,pair,406,6.423328900098568,5.347107435389327,50,0,7.152709359605911,6.423328900098568,0.7185243000712944,7.881922999658855,cpu,cuda:0,0,670.4638672,47
3285,1,DDT1200_num100.txt,fixed,2898,8,362.25,16.292253494262695,15.830796241760254,1.766229615896009e-05,0.46,0.014730243776776208,0.5287500023841858,0.04371427372097969,0.47999998927116394,0.6000000238418579,-0.041468736,-0.031256588,0.0001910779152668136,1.0307686504195719,0.012255509805126005,0.08806957326391164,0.0003,377,423,60.87693128082766,15.867544889450073,31.7366943359375,47.60423922538757,781,0.35369659986463375,0,0,TRUE,pair,382,6.759083599928999,5.440648724162389,50,0,7.5863874345549736,6.759083599928999,0.7465789001871599,7.954131500096992,cpu,cuda:0,0,670.4638672,43
3286,1,DDT1200_num100.txt,fixed,2928,8,366,15.660459518432617,16.503320693969727,8.529922524758149e-06,0.92,0.020012311792281596,0.5575000047683716,0.04656984284520149,0.47999998927116394,0.6200000047683716,-0.304419138,-0.294609308,0.0002331039031560067,0.9926370829343796,0.01320962407407933,0.06544295302592218,0.0003,354,446,132.95698050606188,16.532999992370605,5.489160776138306,22.02216076850891,754,0.3328629999741679,0,0,TRUE,pair,389,7.293109500024002,5.177937158469946,45,0,7.526992287917738,7.293109500024002,0.7915296002320247,8.041096700268099,cpu,cuda:0,0,576.66943359375,41
3287,1,DDT1200_num100.txt,fixed,2886,8,360.75,14.506464004516602,16.03168296813965,9.725607924337965e-06,0.84,0.027600433567251833,0.5524999499320984,0.03832428157329559,0.47999998927116394,0.6200000047683716,-0.079207864,-0.069358942,0.0002976890581731613,0.9997771061383761,0.012626221672130318,0.06770712416619062,0.0003,358,442,61.81259783964158,16.058619499206543,30.630892038345337,46.68951153755188,741,0.3294771999644581,0,0,TRUE,pair,392,6.861403599876212,5.111919612910957,45,0,7.362244897959184,6.861403599876212,0.7241709001973504,8.07699939973827,cpu,cuda:0,0,670.4638672,41
3288,1,DDT1200_num100.txt,fixed,2874,8,359.25,8.799858093261719,15.370063781738281,6.432885129470378e-06,0.4,0.018894929497718958,0.5249999761581421,0.036742351949214935,0.44999998807907104,0.5699999928474426,0.04145134368445724,0.05136066816824799,0.00023115298275418658,1.0024903813997905,0.006967425695620477,0.07013119982245068,0.0003,380,420,42.37748813985015,15.39948582649231,52.419540882110596,67.8190267086029,762,0.33542660012608394,0,0,TRUE,pair,373,6.5462944001483265,5.0556715378847565,45,0,7.705093833780161,6.5462944001483265,0.7145645998825785,7.753821699341643,cpu,cuda:0,0,670.46337890625,40
3289,1,DDT1200_num100.txt,fixed,3002,8,375.25,15.031217575073242,15.673396110534668,8.092194548225962e-06,0.74,0.018098828980769376,0.5462499856948853,0.04498263821005821,0.4699999988079071,0.6200000047683716,-0.056293455,-0.046503521,0.00024059366054037432,0.9910232052206993,0.008375087903308062,0.06874335076039036,0.0003,363,437,42.08872812752063,15.700901508331299,55.624608516693115,71.32551002502441,810,0.3443372001638636,0,0,TRUE,pair,407,6.408328699981212,5.157228513767845,50,0,7.375921375921376,6.408328699981212,0.7285790000460111,8.162099199806107,cpu,cuda:0,0,670.4658203,41
3290,1,DDT1200_num100.txt,fixed,2916,8,364.5,12.33896255493164,15.459750175476074,6.598640538868494e-06,0.86,0.020236913244306397,0.5537499189376831,0.030796721577644348,0.5199999809265137,0.6100000143051147,0.05329480866732245,0.0631874198178676,0.00024351758673384955,1.00143670222976,0.011567866699558428,0.07223546119745482,0.0003,357,443,51.12178376534464,15.489252090454102,41.551011085510254,57.040263175964355,768,0.4237582999194274,0,0,TRUE,pair,387,6.652999899990391,5.124485596626057,50,0,7.534883720930233,6.652999899990391,0.7080360002582893,7.743508699859376,cpu,cuda:0,0,670.4638672,45
3291,1,DDT1200_num100.txt,fixed,2947,8,368.375,11.725373268127441,15.29722785949707,7.900257514847908e-06,0.8200000000000001,0.022338094408514444,0.5512499809265137,0.032572027295827866,0.49000000953674316,0.5799999833106995,-0.022030294,-0.012186901,0.00020127909556322265,0.9944035137693087,0.011868459526643468,0.07602954236790538,0.0003,359,441,45.72547486506698,15.323577404022217,49.126272678375244,64.44985008239746,790,0.339803999682772,0,0,TRUE,pair,385,6.35508019993722,5.052595860641772,50,0,7.654545454545454,6.35508019993722,0.7044833004911197,7.879016400271212,cpu,cuda:0,0,670.4658203,48
3292,1,DDT1200_num100.txt,fixed,2931,8,366.375,15.929041862487793,16.08144760131836,6.810596914874623e-06,0.96,0.027719254711209604,0.5600000023841858,0.05099020153284073,0.47999998927116394,0.6299999952316284,-0.048983536,-0.039003809,0.0002826850604227123,1.0121070384979247,0.012611442361958325,0.08008828920622667,0.0003,352,448,66.9465174845352,16.109020709991455,27.67219614982605,43.781216859817505,746,0.4284953000897076,0,0,TRUE,pair,386,7.040858299980755,5.247355852221434,54,0,7.5932642487046635,7.040858299980755,0.7733131002751179,7.900606100156438,cpu,cuda:0,0,670.4638672,48
3293,1,DDT1200_num100.txt,fixed,2784,8,348,11.313708305358887,15.635841369628906,7.835234100639354e-06,0.19999999999999998,0.02145463583258939,0.512499988079071,0.032307110726833344,0.47999998927116394,0.5799999833106995,-0.092274535,-0.082069236,0.00024827191191434395,1.0329437876741092,0.01388365815121991,0.07506469854464133,0.0003,390,410,41.627319212287304,15.668262243270874,51.21089434623718,66.87915658950806,779,0.3450060000322992,0,0,TRUE,pair,361,6.815232599896262,5.3793103449988635,40,0,7.71191135734072,6.815232599896262,0.7736595999158453,7.685992800223175,cpu,cuda:0,0,670.46142578125,51
3294,1,DDT1200_num100.txt,fixed,2906,8,363.25,18.746665954589844,16.18191146850586,1.173833243228728e-05,0.52,0.01993334927276646,0.5324999690055847,0.04293890669941902,0.4399999976158142,0.5899999737739563,-0.014766255,-0.004731006,0.0003055109348982417,1.0188002785046895,0.009973882503497103,0.05828031990677118,0.0003,374,426,73.41453977235558,16.217124700546265,23.36631488800049,39.58343958854675,790,0.3532358999509597,0,0,TRUE,pair,388,7.094738000043435,5.128011010715409,45,0,7.489690721649485,7.094738000043435,0.7636575002397876,7.956226800190052,cpu,cuda:0,0,670.4638672,52
3295,1,DDT1200_num100.txt,fixed,2846,8,355.75,12.507497787475586,15.850912094116211,7.072637799865333e-06,0.52,0.017872774097998492,0.5324999690055847,0.029474565759301186,0.4699999988079071,0.5699999928474426,-0.005079441,0.0047531085596843195,0.00022299612729429182,0.9944048957391218,0.009140872848960995,0.06096557595513084,0.0003,374,426,48.10525117711988,15.884455680847168,43.27748465538025,59.16194033622742,780,0.3486200999614084,0,0,TRUE,pair,379,6.763106200174661,5.090653549133684,50,0,7.509234828496043,6.763106200174661,0.7526401998475194,7.968643199492362,cpu,cuda:0,0,670.46337890625,48
3296,1,DDT1200_num100.txt,fixed,2925,8,365.625,20.204811096191406,16.895200729370117,1.103957856685156e-05,0.6,0.023250685179647894,0.5374999642372131,0.05517019331455231,0.44999998807907104,0.6200000047683716,0.03385122429410165,0.04382907514545051,0.00029442532898180866,1.0125063441016457,0.009671294955875386,0.05661072666672143,0.0003,370,430,80.3442352735325,16.922614574432373,19.483233213424683,36.405847787857056,775,0.34694969998963643,0,0,TRUE,pair,403,7.616561900242232,5.1350427350427355,60,0,7.258064516129032,7.616561900242232,0.755231200470007,8.102386800324894,cpu,cuda:0,0,670.4638672,43
3297,1,DDT1200_num100.txt,fixed,2837,8,354.625,18.727903366088867,15.86417007446289,1.0699656741053332e-05,0.32,0.021703820942839472,0.5199999809265137,0.037416569888591766,0.4699999988079071,0.5899999737739563,0.007394446432590485,0.0170008048415184,0.0003422418609261513,0.9777478218078614,0.009051760099828244,0.03439605161547661,0.0003,384,416,95.95941177125697,15.891984224319458,13.672598838806152,29.56458306312561,765,0.33811140012403484,0,0,TRUE,pair,383,7.034585100074764,5.311949243081637,50,0,7.407310704960835,7.034585100074764,0.7507449001423083,7.677753699928871,cpu,cuda:0,0,670.46337890625,41
3298,1,DDT1200_num100.txt,fixed,2922,8,365.25,19.037792205810547,15.266060829162598,1.3184353520045988e-05,0.64,0.024516251841181152,0.5400000214576721,0.05099020525813103,0.44999998807907104,0.6000000238418579,0.009160721810379377,0.018936337359870475,0.0002455311417482638,0.98983816554149,0.008178513186673323,0.07608293904922903,0.0003,368,432,42.8177731082869,15.29805064201355,52.94463896751404,68.24268960952759,781,0.33425310003804043,0,0,TRUE,pair,392,6.339228699813248,5.138603696506534,50,0,7.454081632653061,6.339228699813248,0.6919099999213358,7.882356599802733,cpu,cuda:0,0,670.4638672,40
3299,1,DDT1200_num100.txt,fixed,2865,8,358.125,15.663951873779297,15.436305046081543,1.0337583262298722e-05,0.34,0.01993419625086952,0.5212500095367432,0.03515591099858284,0.44999998807907104,0.5600000023841858,-0.051907114,-0.042412378,0.00023668150746603854,0.9613076265041645,0.009316317952023102,0.03282740267996605,0.0003,383,417,69.13232810483761,15.465383291244507,25.97687792778015,41.44226121902466,782,0.3452517999103293,0,0,TRUE,pair,381,6.521347699905164,4.94520069808028,50,0,7.519685039370079,6.521347699905164,0.7102987004327588,7.844797499885317,cpu,cuda:0,0,670.46337890625,40
3300,1,DDT1200_num100.txt,fixed,2881,8,360.125,13.577899932861328,15.567481994628906,9.27690325625008e-06,0.44,0.02237786277968092,0.5274999737739563,0.018540501594543457,0.5,0.5600000023841858,-0.033219999,-0.023533466,0.0002693974262607905,0.9821233153343201,0.011763638322008774,0.07693865150213242,0.0003,378,422,67.93935467150447,15.596529483795166,26.808936595916748,42.405466079711914,769,0.3382074003893649,0,0,TRUE,pair,383,6.547214600112056,5.172509545255394,50,0,7.522193211488251,6.547214600112056,0.73183880058059,7.922371300039231,cpu,cuda:0,0,670.4638672,40
3301,1,DDT1200_num100.txt,fixed,2954,8,369.25,17.049560546875,16.790620803833008,1.103957856685156e-05,0.76,0.025561370078060305,0.54749995470047,0.047368235886096954,0.49000000953674316,0.6499999761581421,-0.048339069,-0.039109525,0.00021994349871030345,0.9339514374732971,0.011070740109841739,0.06961699734841074,0.0003,362,438,96.45001932779925,16.81671643257141,13.810545444488525,30.627261877059937,761,0.3487384003092302,0,0,TRUE,pair,398,7.372439900151221,4.974610696148856,40,0,7.422110552763819,7.372439900151221,0.760912399578956,8.187742800291744,cpu,cuda:0,0,670.4658203,40
3302,1,DDT1200_num100.txt,fixed,2905,8,363.125,17.70901870727539,16.500690460205078,1.066240292857401e-05,0.54,0.025933467234014095,0.5337499976158142,0.03903123363852501,0.47999998927116394,0.5899999737739563,-0.059847886,-0.049986051,0.0002927063636619736,1.0008188000431768,0.008106770951093899,0.04597006139724895,0.0003,373,427,42.21987140944375,16.527687072753906,52.278775453567505,68.80646252632141,775,0.34881540019705426,0,0,TRUE,pair,398,7.334577999834437,4.943889843863587,55,0,7.298994974874372,7.334577999834437,0.768902999261627,8.017746199620888,cpu,cuda:0,0,670.4638672,44
3303,1,DDT1200_num100.txt,fixed,2966,8,370.75,14.618053436279297,15.885144233703613,7.048485713312402e-06,0.74,0.02438182777710668,0.5462499260902405,0.03966658189892769,0.4699999988079071,0.6200000047683716,-0.068454367,-0.058323196,0.00031199504640729475,1.0287171767817602,0.010431650993672924,0.048342211844606534,0.0003,363,437,58.81103342761588,15.910441160202026,34.52227234840393,50.43271350860596,773,0.33089299996208865,0,0,TRUE,pair,397,6.732116000042879,5.151382334314322,40,0,7.471032745591939,6.732116000042879,0.7412694999220548,8.041911799897207,cpu,cuda:0,0,670.4658203,46
3304,1,DDT1200_num100.txt,fixed,2848,8,356,23.843238830566406,15.299088478088379,1.230572524946183e-05,0.09999999999999999,0.01939657419954633,0.5062499642372131,0.058510150760412216,0.38999998569488525,0.5699999928474426,-0.16021644,-0.150624062,0.0003276282416967054,0.9756189659237862,0.006070856106816791,0.04881009531284993,0.0003,395,405,42.261244915835846,15.336286544799805,52.05406141281128,67.39034795761108,798,0.34624209979665466,0,0,TRUE,pair,399,6.582969699913519,4.9090589896011885,55,0,7.137844611528822,6.582969699913519,0.7058552002999932,7.661971899855416,cpu,cuda:0,0,670.46337890625,49
3305,1,DDT1200_num100.txt,fixed,2855,8,356.875,17.22235107421875,15.870481491088867,9.90513672149973e-06,0.44,0.02121593256382201,0.5274999737739563,0.05141741409897804,0.44999998807907104,0.6200000047683716,-0.009278405,0.001077910793052676,0.00031202998373676866,1.0512333263953526,0.009683263155845149,0.06749181589111686,0.0003,378,422,42.21143985089444,15.912082195281982,51.7236111164093,67.63569331169128,755,0.351211299886927,0,0,TRUE,pair,384,6.771202100164373,5.361120840713982,70,0,7.434895833333333,6.771202100164373,0.7692274005967192,7.948263899466838,cpu,cuda:0,0,670.46337890625,51
3306,1,DDT1200_num100.txt,fixed,2872,8,359,18.681541442871094,16.606903076171875,1.0315565305063501e-05,0.22,0.01927236588695701,0.5137499570846558,0.05677532032132149,0.3799999952316284,0.5899999737739563,-0.047884017,-0.037795607,0.0002996156076228039,1.0238216431052596,0.009859730105812627,0.05323824231271391,0.0003,389,411,44.91213997697968,16.63543152809143,47.311643838882446,63.94707536697388,781,0.3687736001156736,0,0,TRUE,pair,382,7.230247100014822,5.024373257641673,40,0,7.518324607329843,7.230247100014822,0.7921385002555326,8.198623500022222,cpu,cuda:0,0,670.46337890625,52
3307,1,DDT1200_num100.txt,fixed,2918,8,364.75,17.661752700805664,15.870296478271484,1.0868331628444139e-05,0.64,0.01913425772989677,0.5399999618530273,0.034641019999980927,0.49000000953674316,0.6000000238418579,-0.048299086,-0.038643079,0.0002716924136620946,0.9791852136452993,0.012680831966766467,0.052356425362328686,0.0003,368,432,99.84124710422975,15.897201776504517,13.329195976257324,29.22639775276184,776,0.3452252995921299,0,0,TRUE,pair,389,6.7767503000068245,5.009252911728486,45,0,7.5012853470437015,6.7767503000068245,0.7199776004563319,8.006174100199132,cpu,cuda:0,0,670.4638672,48
3308,1,DDT1200_num100.txt,fixed,2960,8,370,18.56744384765625,16.404687881469727,1.0337583262298722e-05,0.76,0.02122839592222302,0.5475000143051147,0.05517019331455231,0.46000000834465027,0.6299999952316284,-0.043791883,-0.034294657,0.00034368265187367797,0.9669066613370721,0.01161355772373182,0.05315444485115057,0.0003,362,438,49.505425396564995,16.43185067176819,43.3595757484436,59.79142642021179,770,0.3450769995979499,0,0,TRUE,pair,397,7.1451474998902995,4.888175674749387,60,0,7.455919395465995,7.1451474998902995,0.7565327997435816,8.124658799861209,cpu,cuda:0,0,670.4658203,43
3309,1,DDT1200_num100.txt,fixed,2886,8,360.75,18.150413513183594,15.785829544067383,1.0946502698061522e-05,0.78,0.02420515690065312,0.5487499833106995,0.04075459763407707,0.49000000953674316,0.6100000143051147,-0.098874941,-0.089588482,0.0003964376055928706,0.9484679279503999,0.006497455736044449,0.054824994376826065,0.0003,361,439,42.32992821017359,15.81175684928894,52.366955518722534,68.17871236801147,737,0.32647010013170075,0,0,TRUE,pair,390,6.758839099871693,5.018018017687569,50,0,7.4,6.758839099871693,0.762634199752938,7.897387999590137,cpu,cuda:0,0,670.4638672,42
3310,1,DDT1200_num100.txt,fixed,3024,8,378,17.69180679321289,15.984790802001953,1.1213279321964364e-05,1.06,0.02997388332672622,0.5662499666213989,0.03805834800004959,0.5099999904632568,0.6399999856948853,-0.035927771,-0.026022224,0.00027940613330833405,1.0045251007433291,0.005068056054706512,0.04434883867011026,0.0003,347,453,43.733346540666965,16.01314115524292,53.13317942619324,69.14632058143616,750,0.3409662000340177,0,0,TRUE,pair,407,6.70822019976913,5.00198412745718,60,0,7.42997542997543,6.70822019976913,0.7308797994628549,8.175132799675339,cpu,cuda:0,0,670.46630859375,41
3311,1,DDT1200_num100.txt,fixed,3011,8,376.375,20.229541778564453,15.699728012084961,1.1439123227319214e-05,1.12,0.03438255854750229,0.5699999928474426,0.031224992126226425,0.5,0.6000000238418579,-0.017072856,-0.007818293,0.00045413900261337403,0.9481633752584457,0.006074460005038418,0.02928728170809336,0.0003,344,456,62.38165286935514,15.729371547698975,32.53802537918091,48.26739692687988,760,0.42626269986794796,0,0,TRUE,pair,400,6.537735400168458,4.8618399200151226,35,0,7.5275,6.537735400168458,0.7192798003379721,8.074982600432122,cpu,cuda:0,0,670.46630859375,40
3312,1,DDT1200_num100.txt,fixed,2980,8,372.5,16.492422103881836,16.71451187133789,8.395584700338077e-06,0.92,0.02941227214782442,0.5574999451637268,0.03733295574784279,0.5099999904632568,0.6200000047683716,-0.063082778,-0.053706744,0.0003266643572715111,0.9539365828037262,0.007261317560914904,0.04033044696552679,0.0003,354,446,51.27086556642026,16.741431951522827,41.381245851516724,58.12267780303955,769,0.337907300243387,0,0,TRUE,pair,388,7.520412799931364,4.771140939877338,45,0,7.680412371134021,7.520412799931364,0.7670603996375576,8.056429800213664,cpu,cuda:0,0,670.4658203,43
3313,1,DDT1200_num100.txt,fixed,2933,8,366.625,14.19451904296875,16.404184341430664,9.047348612511996e-06,0.8,0.04275483599717166,0.5499999523162842,0.03605550900101662,0.47999998927116394,0.5899999737739563,-0.022249398,-0.012806856,0.0002629178034112556,0.9574000090360641,0.005840747777256183,0.027503203600645065,0.0003,360,440,86.99772431305803,16.432862043380737,17.28066349029541,33.71352553367615,758,0.43871719991147984,0,0,TRUE,pair,400,7.238438700063853,4.908285032024247,60,0,7.3325,7.238438700063853,0.7273332000040682,8.07446549955057,cpu,cuda:0,0,670.4638672,45
3314,1,DDT1200_num100.txt,fixed,2907,8,363.375,15.635995864868164,16.629201889038086,1.0576759450486861e-05,0.76,0.04365227512272702,0.5475000143051147,0.042352691292762756,0.49000000953674316,0.6100000143051147,0.05420355964452028,0.06434190273284912,0.000255341107341727,1.0266010846410478,0.11399344103743456,0.05131178668567112,0.0003,362,438,86.1916426952695,16.669203281402588,17.05796456336975,33.72716784477234,756,0.4861906000151066,0,0,TRUE,pair,384,7.357913500061841,4.909184726932264,50,0,7.5703125,7.357913500061841,0.7509373998909723,8.143809099390637,cpu,cuda:0,0,670.4638672,45
3315,1,DDT1200_num100.txt,fixed,2903,8,362.875,16.07356071472168,15.897795677185059,1.6180876627913676e-05,0.8,0.044728075002412195,0.550000011920929,0.03708099573850632,0.47999998927116394,0.6000000238418579,-0.028118135,-0.018486959,0.0002487864463625516,0.9755568763484126,0.006826073579166246,0.049773384573990886,0.0003,360,440,45.42511019336161,15.924280166625977,47.98310470581055,63.90738487243652,744,0.3256293001177255,0,0,TRUE,pair,384,6.97542220010655,4.935583878089098,40,0,7.559895833333333,6.97542220010655,0.709591099890531,7.817119400075171,cpu,cuda:0,0,670.4638672,49
3316,1,DDT1200_num100.txt,fixed,2997,8,374.625,12.338329315185547,16.552139282226562,9.07244611880742e-06,1.04,0.05107462738603004,0.5649999976158142,0.044158805161714554,0.5199999809265137,0.6299999952316284,-0.025954894,-0.016570883,0.00027080301411582956,0.9519412687846592,0.008691364267308797,0.01917729593281235,0.0003,348,452,99.7860410540461,16.580690145492554,13.45357084274292,30.034260988235474,772,0.33749019997776486,0,0,TRUE,pair,392,7.262235699905432,4.841841841881618,50,0,7.645408163265306,7.262235699905432,0.7599990997259738,8.107537499032333,cpu,cuda:0,0,670.4658203,48
3317,1,DDT1200_num100.txt,fixed,2894,8,361.75,16.25384521484375,16.633678436279297,9.416778993909247e-06,0.5599999999999999,0.04941231694470671,0.5350000262260437,0.048476796597242355,0.46000000834465027,0.6100000143051147,-0.061615503,-0.052169653,0.00032468107535047846,0.9608190332849821,0.006940003969551374,0.05878005914079646,0.0003,372,428,42.89428949447444,16.66100311279297,50.80718517303467,67.46818828582764,788,0.35507639979186933,0,0,TRUE,pair,383,7.620922799993423,5.164478229051141,50,0,7.556135770234987,7.620922799993423,0.7966056002333062,7.798733799907495,cpu,cuda:0,0,670.4638672,51
3318,1,DDT1200_num100.txt,fixed,2878,8,359.75,20.116846084594727,16.610401153564453,8.895282007870264e-06,0.64,0.05098661938923364,0.5399999618530273,0.034641019999980927,0.5,0.6000000238418579,-0.067115496,-0.057746668,0.0003301655706309248,0.9533909757932028,0.006075297128215122,0.036104021089461945,0.0003,368,432,74.5356399134369,16.636937379837036,21.975463390350342,38.61240077018738,769,0.3382127998775104,0,0,TRUE,pair,392,7.505687200013199,4.935371786500945,45,0,7.341836734693878,7.505687200013199,0.7475269003334688,7.945290000439854,cpu,cuda:0,0,670.46337890625,51
3319,1,DDT1200_num100.txt,fixed,2973,8,371.625,9.191537857055664,17.376590728759766,8.12024427432334e-06,1.02,0.05627981408428765,0.5637499690055847,0.023946557193994522,0.5199999809265137,0.6000000238418579,-0.042961619,-0.033872532,0.0002245321789254936,0.9201353696676401,0.010810136150282163,0.07175532606645273,0.0003,349,451,70.5294340366875,17.403759241104126,24.748854637145996,42.15261387825012,773,0.43903070023225155,0,0,TRUE,pair,383,7.923095199948875,4.762193070089942,48,0,7.762402088772846,7.923095199948875,0.7655615000549005,8.260165999919991,cpu,cuda:0,0,670.4658203,51
3320,1,DDT1200_num100.txt,fixed,2981,8,372.625,13.765332221984863,16.867198944091797,8.203816832974553e-06,0.86,0.05719331035463017,0.5537499189376831,0.02117634378373623,0.5199999809265137,0.5899999737739563,-0.046213525,-0.037518618,0.00022689397155772895,0.8808351953824362,0.009157155894812334,0.05433931884666284,0.0003,357,443,41.88618705351549,16.90069580078125,54.26734185218811,71.16904664039612,767,0.33531250020314474,0,0,TRUE,pair,393,7.521418100077426,4.750419321935155,60,0,7.585241730279898,7.521418100077426,0.7621243994944962,8.063940599633497,cpu,cuda:0,0,670.4658203,43
3321,1,DDT1200_num100.txt,fixed,2952,8,369,8.902246475219727,17.14096450805664,6.031566044839565e-06,1.04,0.056169943652949285,0.5649999380111694,0.023452071473002434,0.5199999809265137,0.5899999737739563,-0.001551256,0.007518681398193751,0.00026254385946750905,0.9201211844171796,0.011390250267660511,0.062049982570377846,0.0003,348,452,62.86403143757678,17.17501187324524,29.783478260040283,46.95849013328552,766,0.35905830006231554,0,0,TRUE,pair,382,7.6317022999428445,5.0528455289398755,60,0,7.727748691099476,7.6317022999428445,0.8045294998591999,8.26188579967129,cpu,cuda:0,0,670.4658203,41
3322,1,DDT1200_num100.txt,fixed,2855,8,356.875,25.270721435546875,15.520308494567871,1.416936720488593e-05,0.74,0.05654429071988403,0.5462499856948853,0.05072906240820885,0.4399999976158142,0.6100000143051147,0.006348624204595883,0.014866123907268047,0.0003219673429460575,0.8678485850493113,0.02803974149477047,0.055541514263798795,0.0003,363,437,90.00756546117277,15.554225444793701,16.165330410003662,31.719555854797363,728,0.314459799832548,0,0,TRUE,pair,386,6.861700999885215,4.956217162705136,60,0,7.396373056994818,6.861700999885215,0.7042529993777862,7.564981999588781,cpu,cuda:0,0,670.46337890625,41
3323,1,DDT1200_num100.txt,fixed,2860,8,357.5,22.410934448242188,15.193979263305664,9.39260280574672e-06,0.32,0.054450191660298825,0.5199999809265137,0.0570087768137455,0.41999998688697815,0.6200000047683716,-0.042394648,-0.033254996,0.0002859973477219076,0.9282650649547577,0.010467277303784309,0.038115719643731914,0.0003,384,416,76.36916605670973,15.228164672851562,22.22150444984436,37.44966912269592,766,0.34294839994981885,0,0,TRUE,pair,382,6.408330699952785,5.06293706260361,50,0,7.486910994764398,6.408330699952785,0.6949180997908115,7.699016800164827,cpu,cuda:0,0,670.46337890625,39
3324,1,DDT1200_num100.txt,fixed,3041,8,380.125,16.959049224853516,16.461299896240234,9.097473594010808e-06,1.12,0.06072061987674229,0.5699999332427979,0.03674234822392464,0.5199999809265137,0.6299999952316284,0.08294211359073718,0.09204901040842135,0.00024501310448007035,0.9229403833548228,0.007417660381179303,0.062486179755069315,0.0003,344,456,76.95996553319175,16.488168478012085,23.025882482528687,39.51405096054077,762,0.4273510999919381,0,0,TRUE,pair,412,6.860692100148299,4.820782635996743,55,0,7.381067961165049,6.860692100148299,0.7656101002939977,8.448621699979412,cpu,cuda:0,0,670.46630859375,40
3325,1,DDT1200_num100.txt,fixed,2863,8,357.875,21.61849594116211,16.351520538330078,1.2936267921759281e-05,0.42,0.058002459646303926,0.5262500047683716,0.05266344174742699,0.4399999976158142,0.6000000238418579,-0.071358152,-0.06218676,0.0002534462970894917,0.929811418056488,0.007326487936855604,0.04656304496650895,0.0003,379,421,42.61581087941181,16.378629446029663,50.803009033203125,67.18163847923279,772,0.3419948999071494,0,0,TRUE,pair,383,7.168848599991179,5.074746768040712,50,0,7.4751958224543085,7.168848599991179,0.7775648996175732,8.026371299361927,cpu,cuda:0,0,670.46337890625,44
3326,1,DDT1200_num100.txt,fixed,2821,8,352.625,19.189434051513672,15.631555557250977,6.650126124441158e-06,0.38,0.05899471619384466,0.5237500071525574,0.05146297439932823,0.44999998807907104,0.6100000143051147,-0.140527077,-0.131894966,0.0003191562978567423,0.8791692640100207,0.00772126776532137,0.04125088431672858,0.0003,381,419,60.41696280708385,15.658815383911133,31.033369541168213,46.692184925079346,755,0.33722569976816885,0,0,TRUE,pair,373,6.650242300049285,4.931230058952326,40,0,7.563002680965147,6.650242300049285,0.7213491995498771,7.898434700327925,cpu,cuda:0,0,670.46337890625,46
3327,1,DDT1200_num100.txt,fixed,2837,8,354.625,11.820929527282715,16.20961570739746,7.68876816437114e-06,0.45999999999999996,0.05450649082887506,0.528749942779541,0.023684119805693626,0.49000000953674316,0.5600000023841858,-0.042360572,-0.033873054,0.00029951354808872567,0.8637275040149689,0.011363382556010038,0.05540957059711218,0.0003,377,423,77.83720917712701,16.23464345932007,20.213220357894897,36.447863817214966,745,0.35294370002520736,0,0,TRUE,pair,377,7.213787400061847,5.04406062696112,48,0,7.525198938992043,7.213787400061847,0.735887100265245,7.892624500600505,cpu,cuda:0,0,670.46337890625,47
3328,1,DDT1200_num100.txt,fixed,2892,8,361.5,17.37814712524414,16.262285232543945,9.440894245926756e-06,0.64,0.05952446049284046,0.5399999618530273,0.025980763137340546,0.5,0.5799999833106995,0.012840652372688055,0.02212694426998496,0.00023567410607938655,0.9404129683971405,0.01549729800899513,0.030340484576299787,0.0003,368,432,135.57557949715195,16.29161787033081,5.039657354354858,21.33127522468567,761,0.3383555002947105,0,0,TRUE,pair,385,7.21339430010994,4.98443983563249,55,0,7.511688311688312,7.21339430010994,0.770193100135657,7.911215499814716,cpu,cuda:0,0,422.3515625,48
3329,1,DDT1200_num100.txt,fixed,2892,8,361.5,21.840330123901367,15.222979545593262,9.51884521782631e-06,0.56,0.060820604321038696,0.5350000262260437,0.06892024725675583,0.4000000059604645,0.6200000047683716,-0.027232761,-0.018889584,0.00024209177718148567,0.8464226325352987,0.01641526973495881,0.05232114717364311,0.0003,372,428,91.7921784149177,15.25361943244934,16.25233292579651,31.50595235824585,770,0.3381432998139644,0,0,TRUE,pair,394,6.469440299755661,4.879322268285198,50,0,7.340101522842639,6.469440299755661,0.6852500998502364,7.725487500370946,cpu,cuda:0,0,670.4638672,49
3330,1,DDT1200_num100.txt,fixed,2923,8,365.375,20.975805282592773,16.717365264892578,8.71451720740879e-06,0.82,0.057468188915000634,0.5512499809265137,0.04371426999568939,0.49000000953674316,0.6299999952316284,-0.12440586,-0.11586648,0.00027304083610383363,0.8675897946724525,0.014863336709542917,0.05168976190571602,0.0003,359,441,68.82026767520837,16.742737770080566,25.730215311050415,42.47295308113098,745,0.32274439981847536,0,0,TRUE,pair,396,7.536639900048613,4.988368114420211,40,0,7.3813131313131315,7.536639900048613,0.7737785002536839,8.03625740026473,cpu,cuda:0,0,670.4638672,49
3331,1,DDT1200_num100.txt,fixed,2901,8,362.625,29.13733673095703,15.937005043029785,1.9726885511772707e-05,0.74,0.06008889768998396,0.5462499856948853,0.06303520500659943,0.47999998927116394,0.6499999761581421,-0.091305973,-0.082849542,0.0002994957280212215,0.8606178505080087,0.019640300988352725,0.06450639066419431,0.0003,363,437,92.87714396640744,15.968677997589111,15.266132593154907,31.23481059074402,775,0.33970779985247646,0,0,TRUE,pair,399,6.9843404999992345,4.768700446806378,35,0,7.2706766917293235,6.9843404999992345,0.7217750997515395,7.875167300167959,cpu,cuda:0,0,670.4638672,51
3332,1,DDT1200_num100.txt,fixed,2929,8,366.125,20.54530143737793,16.618640899658203,1.261592569790082e-05,0.98,0.057461820827989105,0.5612499713897705,0.05206667631864548,0.44999998807907104,0.6200000047683716,0.016270727333095338,0.02464567745725314,0.00029323163875637367,0.8521563410758972,0.010111002691297067,0.03483101218524906,0.0003,351,449,86.75675957809737,16.65214776992798,17.10891032218933,33.76105809211731,760,0.34354089983389713,0,0,TRUE,pair,392,7.3568074002541834,5.022874699635244,45,0,7.471938775510204,7.3568074002541834,0.7525733997754287,8.132326900275075,cpu,cuda:0,0,670.4638672,51
3333,1,DDT1200_num100.txt,fixed,2825,8,353.125,17.72313117980957,15.471081733703613,1.0463289072504267e-05,0.3,0.05620521918404755,0.5187499523162842,0.05182603746652603,0.44999998807907104,0.6000000238418579,-0.028134117,-0.019876017,0.0003262480758541428,0.8421224250512964,0.008338984256089829,0.04978724886827609,0.0003,385,415,60.03935366958424,15.498383283615112,31.554088592529297,47.05247187614441,737,0.3220476999413222,0,0,TRUE,pair,380,6.787638600173523,5.002477876950154,50,0,7.434210526315789,6.787638600173523,0.7117711002356373,7.625349199268385,cpu,cuda:0,0,670.46337890625,52
3334,1,DDT1200_num100.txt,fixed,3001,8,375.125,20.33738899230957,15.93041706085205,1.2557215086417273e-05,1,0.046154579980020496,0.5625,0.05973902344703674,0.4699999988079071,0.6600000262260437,-0.041844927,-0.03389606,0.00027767977319724323,0.8087708864893232,0.023778797925582955,0.07017586593117033,0.0003,350,450,98.90701873464786,15.957184553146362,14.384443759918213,30.341628313064575,763,0.3333569000969874,0,0,TRUE,pair,417,6.744201199937379,4.639120293831436,50,0,7.196642685851319,6.744201199937379,0.7368684000248322,8.07529450005677,cpu,cuda:0,0,670.4658203,51
3335,1,DDT1200_num100.txt,fixed,2989,8,373.625,19.760677337646484,16.011598587036133,1.0092740012623835e-05,0.64,0.05148716545250393,0.5399999618530273,0.04582575708627701,0.44999998807907104,0.5799999833106995,-0.036053664,-0.028119136,0.00027253331063548103,0.8070796590584975,0.008532798669945735,0.03820035714082993,0.0003,368,432,65.20684071115421,16.04372215270996,29.795026779174805,45.838748931884766,765,0.33858589989540633,0,0,TRUE,pair,400,6.774098000023514,4.848444297266629,40,0,7.4725,6.774098000023514,0.7234782000887208,8.142775899570552,cpu,cuda:0,0,670.4658203,44
3336,1,DDT1200_num100.txt,fixed,2879,8,359.875,11.847335815429688,15.856071472167969,8.576443178753834e-06,0.38,0.045856239558192416,0.5237500071525574,0.03237958252429962,0.4699999988079071,0.5699999928474426,-0.052735035,-0.043988536,0.0003026352798769949,0.8897816985845566,0.010110597673337907,0.05600106539204717,0.0003,381,419,51.68519297484128,15.882376909255981,39.82023024559021,55.70260715484619,788,0.3541646995872725,0,0,TRUE,pair,373,6.87644430011278,5.02848211209283,45,0,7.718498659517426,6.87644430011278,0.7637387001741445,7.8507288999826415,cpu,cuda:0,0,670.46337890625,41
3337,1,DDT1200_num100.txt,fixed,2932,8,366.5,13.683932304382324,16.85079574584961,9.12243194761686e-06,0.72,0.04583877879373128,0.5449999570846558,0.040926773101091385,0.5,0.6000000238418579,-0.046250484,-0.038218852,0.0002985066466862918,0.8180886320769787,0.009943214696249925,0.04840290464926511,0.0003,364,436,58.85891318585754,16.882413387298584,32.93162226676941,49.81403565406799,754,0.3414016999449814,0,0,TRUE,pair,392,7.5141637999913655,4.784106412493353,52,0,7.479591836734694,7.5141637999913655,0.7881484996032668,8.15834759977588,cpu,cuda:0,0,670.4638672,41
3338,1,DDT1200_num100.txt,fixed,2984,8,373,18.16590118408203,17.06794548034668,1.1364340934960637e-05,1.1,0.052168750228861444,0.5687499642372131,0.040754590183496475,0.49000000953674316,0.6399999856948853,-0.0393543,-0.031564126,0.00024338797811651602,0.7911866733006069,0.011012025277263351,0.03763041352587087,0.0003,345,455,96.61034043932244,17.096890449523926,13.790072441101074,30.886962890625,774,0.3560151001729537,0,0,TRUE,pair,392,7.593663099876721,4.626005359852921,45,0,7.612244897959184,7.593663099876721,0.7859326003817841,8.304243899663561,cpu,cuda:0,0,670.4658203,40
3339,1,DDT1200_num100.txt,fixed,2884,8,360.5,23.879907608032227,16.353517532348633,1.4525934602716006e-05,0.56,0.05059567054283257,0.5350000262260437,0.06403124332427979,0.44999998807907104,0.6399999856948853,-0.122056441,-0.114007267,0.0003756086189241614,0.82369764149189,0.007571093323349487,0.04358167899772525,0.0003,372,428,89.6935853963767,16.381959915161133,15.771955966949463,32.153915882110596,769,0.3469666999881156,0,0,TRUE,pair,387,7.2619287001143675,4.782246879995613,55,0,7.452196382428941,7.2619287001143675,0.7817615996173117,7.9362581003661035,cpu,cuda:0,0,670.4638672,39
3340,1,DDT1200_num100.txt,fixed,2993,8,374.125,12.474349021911621,16.561628341674805,8.84401197254192e-06,0.92,0.05572443534872925,0.5575000047683716,0.054486233741045,0.4699999988079071,0.6299999952316284,-0.019433449,-0.011167885,0.0003454659556155093,0.8438296020030975,0.013270779681624845,0.05601670630276203,0.0003,354,446,51.98669876517493,16.58708691596985,40.985332012176514,57.57241892814636,775,0.3465757000958547,0,0,TRUE,pair,389,7.199668300003395,4.7253591710812985,55,0,7.694087403598972,7.199668300003395,0.784082100217347,8.186287200180232,cpu,cuda:0,0,670.4658203,40
3341,1,DDT1200_num100.txt,fixed,2751,8,343.875,16.541141510009766,14.387024879455566,1.0752651178336237e-05,0.26,0.05420962020219722,0.5162500143051147,0.055887721478939056,0.46000000834465027,0.6000000238418579,-0.042054559,-0.033584264,0.00029993433872732567,0.862026184797287,0.013214124424848706,0.05334055284038186,0.0003,387,413,57.89628258823085,14.413168668746948,33.10283541679382,47.51600408554077,758,0.32667719974415377,0,0,TRUE,pair,370,6.001257100026123,4.914213013319656,45,0,7.435135135135135,6.001257100026123,0.6639654004538897,7.385079399813549,cpu,cuda:0,0,670.4609375,43
3342,1,DDT1200_num100.txt,fixed,3025,8,378.125,11.095466613769531,17.070209503173828,6.743495760019869e-06,1.38,0.062077405033229664,0.5862500071525574,0.03772847354412079,0.5299999713897705,0.6499999761581421,0.005569192496213046,0.014086587523872202,0.00036369035263884473,0.8699233098463579,0.024018226911059835,0.06606106883422895,0.0003,331,469,77.99772371361972,17.096749544143677,21.68643355369568,38.783183097839355,752,0.33916899978066795,0,0,TRUE,pair,392,7.457089900111896,4.68198347107438,35,0,7.716836734693878,7.457089900111896,0.8333520995802246,8.381863100323244,cpu,cuda:0,0,670.46630859375,44
3343,1,DDT1200_num100.txt,fixed,2871,8,358.875,23.99707031,16.11948013305664,1.0115243640029803e-05,0.45999999999999996,0.048781058410679014,0.528749942779541,0.05182602256536484,0.4300000071525574,0.5899999737739563,-0.116443134,-0.10832679,0.0002960532214134358,0.8264372853132395,0.01810813263560144,0.059522921506028906,0.0003,377,423,78.12505415039539,16.14758324623108,20.60119128227234,36.74877452850342,756,0.3396741999895312,0,0,TRUE,pair,398,7.1687236000434496,4.6851271329462545,50,0,7.21356783919598,7.1687236000434496,0.7170247999893036,7.834552599655581,cpu,cuda:0,0,670.46337890625,45
3344,1,DDT1200_num100.txt,fixed,2985,8,373.125,13.052179336547852,17.653587341308594,8.092194548225962e-06,0.86,0.06309363199140841,0.5537499785423279,0.03119996190071106,0.5099999904632568,0.6100000143051147,-0.020990341,-0.013568256,0.0002511320611423192,0.7547652224699656,0.017633577653517325,0.056039237727721534,0.0003,357,443,91.26543628149547,17.681605577468872,15.025190353393555,32.70679593086243,746,0.3345970000664238,0,0,TRUE,pair,390,8.199588399904314,4.714237855067804,56,0,7.653846153846154,8.199588399904314,0.8136535998783074,8.202270199966733,cpu,cuda:0,0,670.4658203,46
3345,1,DDT1200_num100.txt,fixed,2952,8,369,23.674880981445312,15.56962776184082,1.4923555681889411e-05,0.86,0.06839076379398802,0.5537500381469727,0.062437474727630615,0.44999998807907104,0.6700000166893005,0.03744229208678007,0.045428951581319175,0.0004154399878946909,0.8194382240374883,0.009778011231295144,0.04478044264639417,0.0003,357,443,79.52370276196828,15.599682569503784,21.52132534980774,37.12100791931152,763,0.3425396001257468,0,0,TRUE,pair,407,6.513176599983126,4.53794037871729,50,0,7.253071253071253,6.513176599983126,0.7016550997650484,7.993153100032941,cpu,cuda:0,0,670.4658203,48
3346,1,DDT1200_num100.txt,fixed,2977,8,372.125,14.242871284484863,15.43186092376709,8.442845683021005e-06,0.8200000000000001,0.07702928659527354,0.5512499809265137,0.03407253697514534,0.5099999904632568,0.6100000143051147,-0.127816041,-0.12025024,0.00023453797829071327,0.7683067917823792,0.012362147481845958,0.06231608773980822,0.0003,359,441,93.78595673401566,15.461735725402832,16.28075647354126,31.742492198944092,783,0.33636390008905437,0,0,TRUE,pair,402,6.4048274000233505,4.56466241154368,40,0,7.4054726368159205,6.4048274000233505,0.703007600051933,7.963617199406144,cpu,cuda:0,0,670.4658203,49
3347,1,DDT1200_num100.txt,fixed,2933,8,366.625,13.152352333068848,16.481510162353516,6.777129328838782e-06,0.76,0.07692403923640667,0.54749995470047,0.05517018586397171,0.47999998927116394,0.6399999856948853,-0.015318247,-0.006999703,0.00034405177818067995,0.8490574558575948,0.01836556359194219,0.03811935459574064,0.0003,362,438,82.585566536313,16.50849437713623,19.00618600845337,35.5146803855896,733,0.3387296001747018,0,0,TRUE,pair,386,7.2054853001609445,4.750767132466131,40,0,7.598445595854923,7.2054853001609445,0.7572102992271539,8.142221399917617,cpu,cuda:0,0,670.4638672,49
3348,1,DDT1200_num100.txt,fixed,2846,8,355.75,10.13348388671875,15.011457443237305,7.168434422055725e-06,0.5,0.0733350733225165,0.53125,0.023684119805693626,0.49000000953674316,0.5699999928474426,0.027959004298529842,0.03664153704250401,0.0003090866600607776,0.8837078267877753,0.007309764856472611,0.05061565187167038,0.0003,375,425,80.52796429021055,15.038580894470215,20.303179264068604,35.34176015853882,747,0.32391380025364924,0,0,TRUE,pair,371,6.260037099986221,4.943429375649839,65,0,7.671159029649596,6.260037099986221,0.6908498998382129,7.713771399838151,cpu,cuda:0,0,670.46337890625,50
3349,1,DDT1200_num100.txt,fixed,2904,8,363,21.540658950805664,16.18985366821289,1.0381480024079792e-05,0.52,0.07304429000156613,0.5324999690055847,0.04205651208758354,0.44999998807907104,0.5699999928474426,-0.064588213,-0.056374914,0.00029064272821415215,0.8358622580766678,0.00988842697115615,0.05902204639278352,0.0003,374,426,55.47479258493222,16.215725421905518,36.13237476348877,52.34810018539429,749,0.33121569982904475,0,0,TRUE,pair,394,7.197952400092618,4.9486914587825455,55,0,7.370558375634518,7.197952400092618,0.7689089000632521,7.850029700726736,cpu,cuda:0,0,670.4638672,52
3350,1,DDT1200_num100.txt,fixed,2929,8,366.125,32.685768127441406,15.626466751098633,1.325315679423511e-05,0.68,0.0732129872969693,0.5424999594688416,0.07462405413389206,0.4099999964237213,0.6299999952316284,-0.056546499,-0.04839816,0.0003447528957622126,0.8320719003677368,0.010635735222604126,0.02453268300741911,0.0003,366,434,112.09392493181588,15.654224872589111,10.475647926330566,26.129872798919678,752,0.5157506999967154,0,0,TRUE,pair,416,6.597031700017396,4.621713895323985,45,0,7.040865384615385,6.597031700017396,0.6713426003989298,8.007884600097896,cpu,cuda:0,0,670.4638672,50
3351,1,DDT1200_num100.txt,fixed,2914,8,364.25,22.08930778503418,16.193979263305664,1.2759292985720094e-05,0.48,0.06813162062984304,0.5299999713897705,0.03674234077334404,0.46000000834465027,0.5899999737739563,-0.024601628,-0.016406602,0.00027744620887528137,0.8333751206044797,0.011570003636060628,0.06698802879287137,0.0003,376,424,41.97860901996325,16.221154928207397,53.195151805877686,69.41630673408508,769,0.33363690016267356,0,0,TRUE,pair,402,7.137393400204019,4.67741935582053,40,0,7.248756218905473,7.137393400204019,0.736791500414256,7.961709499795688,cpu,cuda:0,0,670.4638672,47
3352,1,DDT1200_num100.txt,fixed,2823,8,352.875,20.58177375793457,16.32314682006836,6.942853815417038e-06,0.38,0.06700561006566405,0.5237499475479126,0.06081478297710419,0.4099999964237213,0.6000000238418579,-0.040144908,-0.032908666,0.0003858344377173732,0.7429164697726568,0.015912553347637488,0.04116225615143776,0.0003,381,419,94.94985810832235,16.350488901138306,13.380993127822876,29.73148202896118,770,0.4618628000607714,0,0,TRUE,pair,378,7.213146599911852,4.948281968691397,50,0,7.468253968253968,7.213146599911852,0.7690626998228254,7.964361499733059,cpu,cuda:0,0,670.46337890625,45
3353,1,DDT1200_num100.txt,fixed,2909,8,363.625,22.874317169189453,15.858010292053223,3.3180465834448114e-05,0.68,0.064315695408904,0.5425000190734863,0.0657171905040741,0.4399999976158142,0.6399999856948853,-0.168699067,-0.16061441,0.00032090495435775006,0.824510623108257,0.00905988765457137,0.046879708343608814,0.0003,366,434,81.45920665571578,15.885463237762451,19.825662851333618,35.71112608909607,771,0.3321573997964151,0,0,TRUE,pair,390,6.87389939998684,4.768992780081879,48,0,7.458974358974359,6.87389939998684,0.7592178998020245,7.860435700597009,cpu,cuda:0,0,670.4638672,43
3354,1,DDT1200_num100.txt,fixed,3012,8,376.5,14.106736183166504,16.500686645507812,8.231485480791889e-06,1.04,0.061850377105129445,0.5649999976158142,0.04062019661068916,0.5,0.6200000047683716,-0.143751176,-0.1354275,0.00023867806400327632,0.844301755229632,0.013393927899111683,0.0613068964642783,0.0003,348,452,73.40132207913808,16.52757430076599,24.506084203720093,41.03468322753906,749,0.32562359994335566,0,0,TRUE,pair,400,7.266658099993947,4.644422310598659,40,0,7.53,7.266658099993947,0.7697642996063223,8.088499499688623,cpu,cuda:0,0,670.46630859375,41
3355,1,DDT1200_num100.txt,fixed,3017,8,377.125,14.373912811279297,17.225706100463867,7.835234100639354e-06,1.1,0.06992628662941933,0.5687499046325684,0.05509934574365616,0.4699999988079071,0.6399999856948853,-0.007201927,0.0010888943448662757,0.00029414092132356017,0.8437889873981476,0.017965451581403613,0.08482448570430279,0.0003,345,455,77.67826384531045,17.258485555648804,21.58120846748352,38.839694023132324,760,0.45895999985805247,0,0,TRUE,pair,399,7.507759499989334,4.738150480846953,60,0,7.56140350877193,7.507759499989334,0.820539200634812,8.493577099477989,cpu,cuda:0,0,670.46630859375,40
3356,1,DDT1200_num100.txt,fixed,2881,8,360.125,14.675127983093262,15.75667667388916,8.850436643115245e-06,0.32,0.06499508981331735,0.5199999809265137,0.030413808301091194,0.49000000953674316,0.5799999833106995,-0.26888152,-0.260428399,0.00024433579528704286,0.8575283487637838,0.02136567576477925,0.053294471154610314,0.0003,384,416,143.15422463354594,15.783638715744019,4.341509580612183,20.1251482963562,757,0.3279017999448115,0,0,TRUE,pair,384,6.883397799887462,4.946199237038302,36,0,7.502604166666667,6.883397799887462,0.7646576003608061,7.740330900094705,cpu,cuda:0,0,441.36865234375,40
3357,1,DDT1200_num100.txt,fixed,2952,8,369,14.456831932067871,15.52011489868164,7.979011570569128e-06,0.54,0.06669338288378486,0.5337499380111694,0.026896804571151733,0.5,0.6000000238418579,-0.000573775,0.007529346272349358,0.00025998875571531244,0.8233114182949066,0.01451451814500615,0.05753300106152892,0.0003,373,427,112.33582579572234,15.547699689865112,10.7306489944458,26.278348684310913,764,0.32702479998988565,0,0,TRUE,pair,399,6.641721199994208,4.733401084212753,45,0,7.398496240601504,6.641721199994208,0.6995380001462763,7.827866399296909,cpu,cuda:0,0,670.4658203,39
3358,1,DDT1200_num100.txt,fixed,2921,8,365.125,17.737232208251953,16.227432250976562,1.1203136637050193e-05,0.72,0.06400102382129046,0.5449999570846558,0.05074445158243179,0.46000000834465027,0.6499999761581421,0.02018125355243683,0.028066956748565037,0.0003086398937739432,0.8040025035540262,0.013464845644193701,0.02931180161734422,0.0003,364,436,95.40551275907072,16.255643129348755,14.36103630065918,30.616679430007935,762,0.34023650000744965,0,0,TRUE,pair,385,7.124903399890172,4.659020882769425,45,0,7.587012987012987,7.124903399890172,0.7525251000188291,7.983686999781639,cpu,cuda:0,0,670.4638672,39
3359,1,DDT1200_num100.txt,fixed,2893,8,361.625,24.417911529541016,16.397947311401367,9.19690228329273e-06,0.58,0.05611627451334264,0.5362499952316284,0.07122807204723358,0.38999998569488525,0.6000000238418579,-0.077657298,-0.06980009,0.0003003672682098113,0.8007389903068542,0.01079466040149176,0.040182010270655155,0.0003,371,429,70.10311948941498,16.429239988327026,24.83853840827942,41.267778396606445,772,0.3584336999920197,0,0,TRUE,pair,386,7.306166700131143,4.640165918350549,45,0,7.494818652849741,7.306166700131143,0.7678103000944247,7.948425199865596,cpu,cuda:0,0,670.4638672,41
3360,1,DDT1200_num100.txt,fixed,2874,8,359.25,18.34223175048828,15.948685646057129,8.760058335610665e-06,0.74,0.059915499283896965,0.5462499856948853,0.046080779284238815,0.46000000834465027,0.6100000143051147,-0.03698596,-0.028832395,0.0003115066250426356,0.830931771885265,0.008352341262666001,0.035547498020936145,0.0003,363,437,74.78167213823924,15.980637311935425,22.451239347457886,38.43187665939331,751,0.33973149982921313,0,0,TRUE,pair,381,7.042892800120171,4.834725123357673,40,0,7.543307086614173,7.042892800120171,0.7545188001677161,7.793852100032382,cpu,cuda:0,0,670.46337890625,45
3361,1,DDT1200_num100.txt,fixed,2970,8,371.25,13.460590362548828,15.548184394836426,6.777129328838782e-06,0.9400000000000001,0.05778787857136433,0.5587499737739563,0.036550480872392654,0.5,0.6100000143051147,-0.032326918,-0.024190155,0.0002106333877236466,0.8242079615592957,0.012828826933400705,0.060303192818537354,0.0003,353,447,92.5641085410052,15.57431435585022,16.511556148529053,32.08587050437927,765,0.4110150001797592,0,0,TRUE,pair,388,6.537270400149282,4.829966329564952,40,0,7.654639175257732,6.537270400149282,0.7099218999937875,7.937483299727319,cpu,cuda:0,0,670.4658203,45
3362,1,DDT1200_num100.txt,fixed,3051,8,381.375,17.754840850830078,17.302576065063477,8.740569683141075e-06,0.96,0.05957820330418647,0.5600000023841858,0.053150732070207596,0.47999998927116394,0.6200000047683716,0.0016327559327085812,0.009470741264522076,0.00027807699613428366,0.7977021982272466,0.019294921425171196,0.051932249373445906,0.0003,352,448,72.63758046787552,17.330491542816162,24.6725594997406,42.00305104255676,755,0.3496186999982456,0,0,TRUE,pair,404,7.757541500002844,4.568666010362443,55,0,7.551980198019802,7.757541500002844,0.8229934002447408,8.330149100060225,cpu,cuda:0,0,670.46630859375,48
3363,1,DDT1200_num100.txt,fixed,2855,8,356.875,11.417503356933594,14.986883163452148,6.684229902020888e-06,0.3,0.06085884551431672,0.518750011920929,0.038870781660079956,0.44999998807907104,0.5799999833106995,-0.072949635,-0.064791088,0.00033391225308430596,0.8325503835311303,0.014847601477343302,0.0648371667529528,0.0003,385,415,74.04434023005348,15.016801357269287,23.541176080703735,38.55797743797302,755,0.3240960999391973,0,0,TRUE,pair,372,6.280571599709219,5.060595446167393,50,0,7.674731182795699,6.280571599709219,0.6914744993846398,7.666094400410657,cpu,cuda:0,0,670.46337890625,48
3364,1,DDT1200_num100.txt,fixed,2916,8,364.5,13.638181686401367,16.623889923095703,9.560555554344319e-06,0.52,0.0713327135300302,0.5324999690055847,0.03230711445212364,0.49000000953674316,0.5799999833106995,-0.037816812,-0.02973806,0.00025009572127601134,0.8203800996144612,0.02185824711341411,0.04802894617120425,0.0003,374,426,59.279766531392056,16.650110006332397,32.53936743736267,49.19047713279724,773,0.35441370014450513,0,0,TRUE,pair,386,7.372031800085097,4.818587105051807,45,0,7.55440414507772,7.372031800085097,0.7638380998687353,8.104633099923376,cpu,cuda:0,0,670.4638672,49
3365,1,DDT1200_num100.txt,fixed,3000,8,375,18.083141326904297,16.1317138671875,8.792442713456694e-06,0.96,0.07257355440447638,0.5600000023841858,0.06538348644971848,0.46000000834465027,0.6299999952316284,-0.025491857,-0.017284927,0.00026273991572548096,0.8338300899455422,0.015115374270336409,0.06177790771777693,0.0003,352,448,59.87736821751118,16.164390325546265,33.93801212310791,50.102402448654175,783,0.346149600300123,0,0,TRUE,pair,400,6.90675020001072,4.7846666651964185,40,0,7.5,6.90675020001072,0.7547404995129909,8.09673940022185,cpu,cuda:0,0,670.4658203,50
3366,1,DDT1200_num100.txt,fixed,2929,8,366.125,13.420483589172363,16.72328758239746,9.979462447518017e-06,0.68,0.07101478531006807,0.5425000190734863,0.04023369401693344,0.47999998927116394,0.6200000047683716,-0.007943312,0.0004911702126264572,0.00023247805398164524,0.8550721738073561,0.01118023885646835,0.0331590132166942,0.0003,366,434,86.11896753302229,16.7530357837677,17.258054733276367,34.01109051704407,765,0.3511583999788854,0,0,TRUE,pair,389,7.362963699793909,4.8702628875438085,45,0,7.5295629820051415,7.362963699793909,0.7954011006077053,8.17964159885014,cpu,cuda:0,0,670.4638672,51
3367,1,DDT1200_num100.txt,fixed,2782,8,347.75,15.039531707763672,15.885218620300293,8.028725460462738e-06,0.09999999999999999,0.06222018993153827,0.5062500238418579,0.0519464835524559,0.4300000071525574,0.6200000047683716,-0.082067431,-0.073411043,0.0003343679136984671,0.882357660929362,0.010491511947475374,0.03960847295820713,0.0003,395,405,55.7925254961248,15.913224697113037,33.950085401535034,49.86331009864807,765,0.34512490044289734,0,0,TRUE,pair,374,7.013630200046464,4.838964772772909,45,0,7.438502673796791,7.013630200046464,0.7372207998269005,7.776202300199657,cpu,cuda:0,0,670.46142578125,51
3368,1,DDT1200_num100.txt,fixed,2910,8,363.75,19.491985321044922,15.847504615783691,8.56981296237791e-06,0.32,0.0541467328758016,0.5199999809265137,0.060207974165678024,0.4000000059604645,0.6100000143051147,-0.105104743,-0.09689493,0.0003135414417893453,0.8366583166299043,0.0080288305438848,0.0417206897917721,0.0003,384,416,45.761204230724154,15.875267744064331,47.71571612358093,63.590983867645264,787,0.44736070024373475,0,0,TRUE,pair,389,6.885821499949088,4.598281785753584,40,0,7.480719794344473,6.885821499949088,0.725648800318595,7.878797400117037,cpu,cuda:0,0,670.4638672,44
3369,1,DDT1200_num100.txt,fixed,2940,8,367.5,22.209232330322266,16.34701156616211,1.2669877833104692e-05,0.78,0.05459752688265371,0.5487499833106995,0.05158427730202675,0.47999998927116394,0.6299999952316284,-0.054696074,-0.046247458,0.00034497653622464795,0.8621104492081536,0.010655887586633779,0.05313186611359318,0.0003,361,439,57.466478371628035,16.374133348464966,34.7861270904541,51.16026043891907,779,0.34285000027739443,0,0,TRUE,pair,416,7.1616186003084294,4.787755101554247,40,0,7.0673076923076925,7.1616186003084294,0.7623537999461405,8.044296699546976,cpu,cuda:0,0,670.4638672,42
3370,1,DDT1200_num100.txt,fixed,3005,8,375.625,15.255634307861328,16.84674644470215,9.631638022256084e-06,0.96,0.046743685121775486,0.559999942779541,0.03807887062430382,0.5099999904632568,0.6299999952316284,0.00013868657774046848,0.008720274683774301,0.0002887757467473612,0.8725975845989428,0.013313567321012286,0.04142224063214503,0.0003,352,448,54.99569285147039,16.874380350112915,37.76626229286194,54.64064264297485,777,0.3490946000383701,0,0,TRUE,pair,399,7.5089859000145225,4.686522462602066,40,0,7.531328320802005,7.5089859000145225,0.8045697000488872,8.153372099812259,cpu,cuda:0,0,670.4658203,42
3371,1,DDT1200_num100.txt,fixed,3029,8,378.625,10.367466926574707,16.970333099365234,7.864199687901419e-06,1.48,0.056469557367504836,0.5925000309944153,0.03031088598072529,0.550000011920929,0.6399999856948853,-0.12225876,-0.113784932,0.0003775619843509048,0.86626136302948,0.04923875257372856,0.0476190485060215,0.0003,326,474,169.38433199969356,16.999958753585815,0.8824508190155029,17.88240957260132,748,0.33534690013038926,0,0,TRUE,pair,401,7.419541299765115,4.545064377603691,50,0,7.553615960099751,7.419541299765115,0.8062049000000115,8.350527300062822,cpu,cuda:0,0,241.44970703125,39
3372,1,DDT1200_num100.txt,fixed,2920,8,365,11.5108642578125,15.54642105102539,6.235454748093616e-06,0.36,0.04910441455606108,0.5224999785423279,0.03799670562148094,0.4699999988079071,0.5799999833106995,0.013649394469601768,0.02218631442104067,0.0002929997696940388,0.8683421782084874,0.011707946109319372,0.04706230014562607,0.0003,382,418,101.10339965267934,15.57868766784668,13.302635908126831,28.88132357597351,772,0.42921809988911264,0,0,TRUE,pair,381,6.725143499978003,4.793835616315881,50,0,7.664041994750656,6.725143499978003,0.7093305995076662,7.762791899513104,cpu,cuda:0,0,670.4638672,41
3373,1,DDT1200_num100.txt,fixed,2996,8,374.5,16.94845199584961,16.136096954345703,1.0293499144609086e-05,1.06,0.04701810734483119,0.5662499666213989,0.05313602834939957,0.47999998927116394,0.6299999952316284,-0.057473222,-0.048712899,0.0003059454016196965,0.8913293372501027,0.013834591700949452,0.07022579860958186,0.0003,347,453,82.65473848231794,16.162503242492676,20.084662437438965,36.24716567993164,748,0.4332673998287646,0,0,TRUE,pair,408,6.844866400118917,4.727303070601857,40,0,7.3431372549019605,6.844866400118917,0.7269382998347282,8.196246000108658,cpu,cuda:0,0,670.4658203,40
3374,1,DDT1200_num100.txt,fixed,2912,8,364,16.378339767456055,16.081865310668945,1.0160100828215946e-05,0.46,0.05060687003722134,0.5287500023841858,0.04342737793922424,0.4699999988079071,0.5899999737739563,-0.009583407,-0.000171407,0.00033278279604726576,0.9578391677803464,0.008471264361610843,0.041105336457904845,0.0003,377,423,55.98877702610857,16.109944105148315,35.900479316711426,52.01042342185974,790,0.3653281001461437,0,0,TRUE,pair,386,6.937858100005542,5.030219779892282,50,0,7.544041450777202,6.937858100005542,0.753939400150557,8.016464400032419,cpu,cuda:0,0,670.4638672,42
3375,1,DDT1200_num100.txt,fixed,2938,8,367.25,16.223054885864258,16.695884704589844,9.841807695920579e-06,0.7,0.051794365927825804,0.543749988079071,0.03772847354412079,0.47999998927116394,0.6000000238418579,-0.008894029,6.459461939003732e-05,0.0002464687228590871,0.908185844068174,0.0057549175215643586,0.03943334854449387,0.0003,365,435,41.6770503407898,16.72653317451477,53.76789903640747,70.49443221092224,767,0.34793289995286614,0,0,TRUE,pair,391,7.419117500045104,4.973451326540979,50,0,7.514066496163683,7.419117500045104,0.7804694999649655,8.116515300178435,cpu,cuda:0,0,670.4638672,45
3376,1,DDT1200_num100.txt,fixed,3069,8,383.625,12.805638313293457,16.942569732666016,9.344062164018396e-06,1.1400000000000001,0.05339287628199037,0.5712499618530273,0.03295356407761574,0.5199999809265137,0.6200000047683716,0.055500011146068576,0.06434914916753769,0.00025907813542289657,0.8978677213191986,0.01003302694298327,0.05103055369108915,0.0003,343,457,81.44639864206049,16.971575021743774,20.709649085998535,37.68122410774231,781,0.3529307000571862,0,0,TRUE,pair,402,7.1836277999100275,4.732486153278183,45,0,7.634328358208955,7.1836277999100275,0.8191468996083131,8.529697600199142,cpu,cuda:0,0,670.46630859375,47
3377,1,DDT1200_num100.txt,fixed,2895,8,361.875,14.2516450881958,15.303032875061035,9.470951226830948e-06,0.5,0.05214527055298438,0.53125,0.04910130053758621,0.44999998807907104,0.6200000047683716,-0.374096237,-0.36509759,0.000264200396486558,0.9130749404430389,0.01840387104311958,0.04537671385332942,0.0003,375,425,147.83264411378929,15.333516120910645,4.249438762664795,19.58295488357544,752,0.43229400002746843,0,0,TRUE,pair,382,6.301231199715403,4.843177891395253,50,0,7.5785340314136125,6.301231199715403,0.7160726003057789,7.923943900299491,cpu,cuda:0,0,521.5507813,48
3378,1,DDT1200_num100.txt,fixed,2860,8,357.5,12.718097686767578,15.776247024536133,7.914634807093535e-06,0.24,0.052420812575899124,0.5149999856948853,0.03937004134058952,0.4399999976158142,0.5600000023841858,-0.036336672,-0.02694366,0.0002609883071272634,0.9523506104946137,0.007831936771981417,0.028683084435760973,0.0003,388,412,80.1916501182705,15.805317401885986,19.859243631362915,35.6645610332489,781,0.3476013999024872,0,0,TRUE,pair,379,6.699845299983281,5.03496503483999,40,0,7.546174142480211,6.699845299983281,0.74762860055489,7.960421899522771,cpu,cuda:0,0,670.46337890625,49
3379,1,DDT1200_num100.txt,fixed,3038,8,379.75,15.919720649719238,16.493362426757812,9.818678336159792e-06,1.2,0.04891113800178467,0.574999988079071,0.03840573504567146,0.5,0.6200000047683716,-0.019543996,-0.010284556,0.00029014861793257295,0.9404513955116272,0.007110378394136205,0.03740825489163399,0.0003,340,460,43.0438738982517,16.5230393409729,54.05610990524292,70.57914924621582,757,0.34291319994372316,0,0,TRUE,pair,402,7.053790799822309,4.92462146219413,45,0,7.557213930348259,7.053790799822309,0.7470903999637812,8.313171200061333,cpu,cuda:0,0,670.46630859375,51
3380,1,DDT1200_num100.txt,fixed,2921,8,365.125,18.764577865600586,15.69559383392334,9.331886758445762e-06,0.54,0.0424716743873804,0.5337499976158142,0.05218656733632088,0.44999998807907104,0.6100000143051147,-0.017239585,-0.008233908,0.000378733646357432,0.9195045977830887,0.008688271656865254,0.05832453491166234,0.0003,373,427,61.024682208533314,15.725830793380737,32.14004731178284,47.865878105163574,770,0.34523929984425195,0,0,TRUE,pair,398,6.67703849991085,5.031496063236992,50,0,7.339195979899498,6.67703849991085,0.7265141999960179,7.928991800261429,cpu,cuda:0,0,670.4638672,52
3381,1,DDT1200_num100.txt,fixed,3023,8,377.875,21.067970275878906,15.672676086425781,8.869684279488865e-06,1.04,0.04023957583884979,0.5649999976158142,0.05454355105757713,0.49000000953674316,0.6499999761581421,-0.009722338,-0.00046995,0.00029673369050108115,0.9400753764545217,0.009290895221056417,0.04344690560965853,0.0003,348,452,61.6117614703352,15.701406717300415,33.36390042304993,49.06530714035034,766,0.34295810003823135,0,0,TRUE,pair,412,6.419336600010865,4.941448892381386,60,0,7.337378640776699,6.419336600010865,0.7458489998825826,8.13482250009838,cpu,cuda:0,0,670.46630859375,51
3382,1,DDT1200_num100.txt,fixed,2912,8,364,10.28348159790039,15.48334789276123,6.226332061487483e-06,0.6,0.034894513195932245,0.5374999642372131,0.03596873581409454,0.47999998927116394,0.5799999833106995,-0.019823778,-0.010663713,0.000322746877403309,0.9321439584096273,0.012105023829887311,0.06513271455963453,0.0003,370,430,62.284118209108705,15.511980056762695,31.241511583328247,46.75349164009094,770,0.3419211999280378,0,0,TRUE,pair,377,6.381096299985074,5.059409340004344,45,0,7.724137931034483,6.381096299985074,0.7365950001403689,7.999191801005509,cpu,cuda:0,0,670.4638672,44
3383,1,DDT1200_num100.txt,fixed,2848,8,356,18.006942749023438,15.148488998413086,9.356220289191697e-06,0.54,0.028290870084668532,0.5337499976158142,0.03705991432070732,0.47999998927116394,0.5899999737739563,-0.053963777,-0.045139585,0.0004314795274694916,0.9039931803941726,0.009262707585003227,0.05989823159761727,0.0003,373,427,50.193415193564185,15.174987316131592,41.56552314758301,56.7405104637146,757,0.32446609997714404,0,0,TRUE,pair,374,6.451568399919779,5.027738764714659,40,0,7.614973262032086,6.451568399919779,0.6723377008165698,7.6812900002114475,cpu,cuda:0,0,670.46337890625,42
3384,1,DDT1200_num100.txt,fixed,2879,8,359.875,16.495738983154297,15.132991790771484,8.616118975623976e-06,0.36,0.016886875926731222,0.5224999785423279,0.047631390392780304,0.4300000071525574,0.5899999737739563,0.11641246676445008,0.12485905587673188,0.00041132235201075674,0.8652246832847595,0.010640354873612524,0.0381882444024086,0.0003,382,418,106.25973391299561,15.163325548171997,11.930662870407104,27.0939884185791,772,0.33074250012577977,0,0,TRUE,pair,382,6.278317199888988,4.871830496120552,45,0,7.536649214659686,6.278317199888988,0.7028888002241729,7.79705629964883,cpu,cuda:0,0,670.46337890625,40
3385,1,DDT1200_num100.txt,fixed,2914,8,364.25,16.902292251586914,16.185564041137695,8.971637726062909e-06,0.82,0.0168339813322544,0.5512499809265137,0.03333072364330292,0.49000000953674316,0.5899999737739563,-0.030839357,-0.021827319,0.00026045734613524895,0.9142269079501812,0.007419583477223149,0.034434738067480236,0.0003,359,441,65.95862703087438,16.2113196849823,27.9678897857666,44.1792094707489,755,0.3319185001164442,0,0,TRUE,pair,380,7.188281999784522,4.943719973282693,45,0,7.668421052631579,7.188281999784522,0.7534621994273039,7.87972499980242,cpu,cuda:0,0,670.4638672,41
3386,1,DDT1200_num100.txt,fixed,2945,8,368.125,26.680692672729492,16.746780395507812,1.3453231986204628e-05,0.62,0.01792510755398673,0.5387499928474426,0.08222491294145584,0.4300000071525574,0.6399999856948853,-0.038254742,-0.029570183,0.0003753077954752371,0.8872213792800904,0.008262744075618684,0.05268568880856037,0.0003,369,431,44.91025114323718,16.774526119232178,48.800702810287476,65.57522892951965,766,0.43439839979691897,0,0,TRUE,pair,400,7.381474899782916,4.833616297961496,40,0,7.3625,7.381474899782916,0.7930934997129953,8.183754700206919,cpu,cuda:0,0,670.4658203,41
3387,1,DDT1200_num100.txt,fixed,2842,8,355.25,10.767427444458008,14.716964721679688,5.946142209722893e-06,0.48,0.01963910493139365,0.5299999713897705,0.049497466534376144,0.46000000834465027,0.5899999737739563,0.06399536611778396,0.07371578977576324,0.0002892751342317622,0.9865056872367859,0.00661362795342159,0.02648602851799556,0.0003,376,424,96.93134376614266,14.743057250976562,14.576664209365845,29.319721460342407,763,0.34071539987053256,0,0,TRUE,pair,369,5.937673399996129,5.048909219237468,50,0,7.70189701897019,5.937673399996129,0.672236199839972,7.7609503997373395,cpu,cuda:0,0,670.46337890625,40
3388,1,DDT1200_num100.txt,fixed,2868,8,358.5,21.731313705444336,15.953186988830566,1.6131620213855058e-05,0.64,0.016568953118532865,0.5399999618530273,0.047958314418792725,0.46000000834465027,0.6000000238418579,-0.085559661,-0.076546748,0.00033554700944064694,0.9180683547800238,0.013658843881619925,0.040749664841727776,0.0003,368,432,79.25708905804281,15.980344533920288,20.205693006515503,36.18603754043579,769,0.3428041998122353,0,0,TRUE,pair,391,6.859202899839147,4.932705719475965,45,0,7.335038363171355,6.859202899839147,0.7604303003899986,7.951756899914471,cpu,cuda:0,0,670.46337890625,43
3389,1,DDT1200_num100.txt,fixed,2953,8,369.125,10.902264595031738,15.928722381591797,6.468133960879641e-06,1.04,0.017812579280158086,0.565000057220459,0.03570714592933655,0.49000000953674316,0.6000000238418579,-0.056570383,-0.047660459,0.0002672811804752035,0.9043564742261713,0.008423070005268197,0.05468947601250627,0.0003,348,452,50.67006258944048,16.042707443237305,42.23628115653992,58.27898859977722,767,0.3480287001148099,0,0,TRUE,pair,389,6.722981300030369,4.840501185154616,45,0,7.591259640102828,6.722981300030369,0.7260744007799076,8.108531900463277,cpu,cuda:0,0,670.4658203,45
3390,1,DDT1200_num100.txt,fixed,3026,8,378.25,19.619823455810547,16.388723373413086,9.24621599551756e-06,1.06,0.028373714840831243,0.5662499666213989,0.05146297067403793,0.47999998927116394,0.6399999856948853,-0.006285944,0.002201205378191339,0.0004183253897483357,0.8696310950650109,0.010865826457221475,0.04660371665118469,0.0003,347,453,59.18769932477425,16.415146350860596,34.710341453552246,51.12548780441284,755,0.3282921997306403,0,0,TRUE,pair,408,6.906941999972332,4.673165895374737,60,0,7.416666666666667,6.906941999972332,0.7624669000942959,8.335457299617701,cpu,cuda:0,0,670.46630859375,46
3391,1,DDT1200_num100.txt,fixed,2870,8,358.75,18.75999641418457,15.410921096801758,1.0726186701504048e-05,0.36,0.02939589435116687,0.5224999785423279,0.04548351839184761,0.46000000834465027,0.6100000143051147,-0.007470477,0.0011463155969977379,0.0003544973345318188,0.8794039636850357,0.007800434153371801,0.035683234222233295,0.0003,382,418,69.06928420685053,15.441316366195679,26.111162900924683,41.55247926712036,772,0.3298189997585723,0,0,TRUE,pair,388,6.520387399941683,4.764459930064371,40,0,7.396907216494846,6.520387399941683,0.7154411000519758,7.818181100185029,cpu,cuda:0,0,670.46337890625,49
3392,1,DDT1200_num100.txt,fixed,2977,8,372.125,20.91911506652832,16.578838348388672,1.2379412510199472e-05,0.92,0.030765086934897674,0.5575000047683716,0.04054318740963936,0.4699999988079071,0.6000000238418579,0.011181966688197393,0.02002230279434186,0.0003790602920791851,0.902986466884613,0.012641974102454977,0.046583953815010876,0.0003,354,446,65.63334871609645,16.608566761016846,28.74947237968445,45.358039140701294,760,0.3400006000738358,0,0,TRUE,pair,394,7.194097700034035,4.820624790177234,48,0,7.555837563451776,7.194097700034035,0.7919755997281754,8.208182600268628,cpu,cuda:0,0,670.4658203,50
3393,1,DDT1200_num100.txt,fixed,2941,8,367.625,24.49968147277832,14.991588592529297,1.0576759450486861e-05,0.46,0.027762679600351482,0.5287500023841858,0.06273705512285233,0.41999998688697815,0.6000000238418579,-0.059112376,-0.049935584,0.0002920193380435064,0.932280204125813,0.012330380821367726,0.047345577872225215,0.0003,377,423,74.19948618406427,15.020844221115112,24.615548849105835,39.63639307022095,773,0.34263750005629845,0,0,TRUE,pair,395,6.2874096000159625,4.786807207094897,45,0,7.445569620253164,6.2874096000159625,0.6647025001439033,7.696905099845026,cpu,cuda:0,0,670.4638672,51
3394,1,DDT1200_num100.txt,fixed,2873,8,359.125,20.4843692779541,15.628355979919434,1.2843659533245955e-05,0.26,0.0327504679273747,0.5162500143051147,0.058510150760412216,0.4300000071525574,0.6100000143051147,-0.034377863,-0.024812008,0.0003517468328936957,0.9741730451583862,0.009304517426062375,0.02624105419963598,0.0003,387,413,80.56214209922884,15.658155918121338,20.003755807876587,35.661911725997925,783,0.3531716998986667,0,0,TRUE,pair,397,6.7647388999321265,5.166376610230453,60,0,7.236775818639798,6.7647388999321265,0.7283457000303315,7.771818700290169,cpu,cuda:0,0,670.46337890625,50
3395,1,DDT1200_num100.txt,fixed,2957,8,369.625,19.760677337646484,15.78296947479248,9.337976734968834e-06,0.72,0.0375663812693816,0.5449999570846558,0.04444097355008125,0.4699999988079071,0.6000000238418579,-0.029348376,-0.020318088,0.00020875989139312878,0.9134667090007237,0.0062649297428184324,0.021502100729516575,0.0003,364,436,92.40267004158932,15.815105438232422,16.186134338378906,32.00123977661133,767,0.3411451000429224,0,0,TRUE,pair,392,6.705176499861409,4.9925600265706755,40,0,7.543367346938775,6.705176499861409,0.7181939002912259,8.0026164000883,cpu,cuda:0,0,670.4658203,51
3396,1,DDT1200_num100.txt,fixed,2921,8,365.125,19.56040382385254,15.792328834533691,1.07790510810446e-05,0.4,0.035583417103007955,0.5249999761581421,0.057227615267038345,0.4399999976158142,0.6200000047683716,-0.068121711,-0.059040688,0.0003883064933621359,0.9275173456580551,0.009279761428910273,0.05578681269522618,0.0003,380,420,41.70520340610526,15.820144414901733,54.219077587127686,70.03922200202942,749,0.3342073996900581,0,0,TRUE,pair,394,6.7430925000226125,5.130092435159001,55,0,7.413705583756345,6.7430925000226125,0.7378832999966107,7.945722499251133,cpu,cuda:0,0,670.4638672,47
3397,1,DDT1200_num100.txt,fixed,2945,8,368.125,22.635356903076172,16.546232223510742,9.560555554344319e-06,0.54,0.03894041180536764,0.5337499380111694,0.050729066133499146,0.4399999976158142,0.6100000143051147,-0.049957032,-0.040610498,0.00037480517575103376,0.9533938037024604,0.008369564001138011,0.026612390401876636,0.0003,373,427,87.93029117301546,16.578606367111206,16.913833618164062,33.49243998527527,757,0.3463384999340633,0,0,TRUE,pair,394,7.191666600119788,5.189813243917779,50,0,7.474619289340102,7.191666600119788,0.8579494001169223,8.095660199964186,cpu,cuda:0,0,670.4658203,44
3398,1,DDT1200_num100.txt,fixed,2916,8,364.5,16.03901481628418,15.36762809753418,6.494445187854581e-06,0.86,0.045403712449205005,0.5537499785423279,0.05023382976651192,0.44999998807907104,0.6299999952316284,-0.028843043,-0.019676227,0.0003398702970116574,0.9336751252412796,0.012727081411867402,0.04697930673137307,0.0003,357,443,59.30811354692812,15.393367528915405,33.772542238235474,49.1669659614563,768,0.3374964999529766,0,0,TRUE,pair,387,6.2604543999477755,5.162208504474049,55,0,7.534883720930233,6.2604543999477755,0.7203181003860664,8.023627799891983,cpu,cuda:0,0,670.4638672,42
3399,1,DDT1200_num100.txt,fixed,2959,8,369.875,18.864234924316406,16.800922393798828,1.6504352970514446e-05,1,0.05009331726991888,0.5625,0.05847008153796196,0.46000000834465027,0.6600000262260437,-0.018575851,-0.009218575,0.0003125124891415577,0.9513532356782393,0.0074310404650697656,0.039938419718633995,0.0003,350,450,82.89503525555814,16.83324956893921,18.862494945526123,35.69574451446533,763,0.34709750043111853,0,0,TRUE,pair,396,7.396615300007397,5.054748227081415,50,0,7.472222222222222,7.396615300007397,0.815604199655354,8.19669900034205,cpu,cuda:0,0,670.4658203,40
3400,1,DDT1200_num100.txt,fixed,2987,8,373.375,13.123809814453125,15.865545272827148,9.034774848259985e-06,0.92,0.04748156536772814,0.5575000047683716,0.0386490672826767,0.5099999904632568,0.6299999952316284,-0.005962422,0.0032981966311732927,0.0002190478971223692,0.9370143236937346,0.007038259754793857,0.048430739591519036,0.0003,354,446,43.400674989953856,15.892988443374634,52.93082594871521,68.82381439208984,772,0.35116179985925555,0,0,TRUE,pair,392,6.579384699900402,5.1878138591024365,55,0,7.619897959183674,6.579384699900402,0.7672999998030718,8.140826799863135,cpu,cuda:0,0,670.4658203,40
3401,1,DDT1200_num100.txt,fixed,2832,8,354,14.560219764709473,15.908622741699219,8.24528524390189e-06,0.22,0.043945595547200726,0.5137500166893005,0.05521266162395477,0.41999998688697815,0.6100000143051147,-0.039555807,-0.030359976,0.0003269842818554025,0.9359323903918266,0.011584849450931264,0.05603461569019904,0.0003,389,411,43.89437481711014,15.941839694976807,48.57667803764343,64.51851773262024,784,0.35577069988357835,0,0,TRUE,pair,375,7.024808199988911,5.077330508600857,40,0,7.552,7.024808199988911,0.7737741000455571,7.646468200415256,cpu,cuda:0,0,670.46337890625,40
3402,1,DDT1200_num100.txt,fixed,2811,8,351.375,17.189659118652344,15.434819221496582,9.4046990852803e-06,0.24,0.04247938127070865,0.5149999856948853,0.03500000759959221,0.44999998807907104,0.5600000023841858,-0.136909565,-0.127458779,0.0003457539267921155,0.9623661168984005,0.009220539542314197,0.05775832236810986,0.0003,388,412,72.25760390949183,15.464510917663574,23.437969207763672,38.902480125427246,751,0.4162808000546647,0,0,TRUE,pair,373,6.54259619997174,5.5414443262019475,50,0,7.536193029490617,6.54259619997174,0.736235999953351,7.795210699347081,cpu,cuda:0,0,670.46142578125,42
3403,1,DDT1200_num100.txt,fixed,2993,8,374.125,12.046134948730469,15.711990356445312,8.028725460462738e-06,0.72,0.04948720903857113,0.5450000166893005,0.053619030863046646,0.4699999988079071,0.6299999952316284,-0.028741668,-0.019350395,0.0002936428171341066,0.953809486495124,0.009639639217682459,0.05456212552747241,0.0003,364,436,41.76554008279394,15.737908840179443,55.92404007911682,71.66194891929626,777,0.3421801999938907,0,0,TRUE,pair,398,6.5141163999796845,5.104911458559989,45,0,7.5201005025125625,6.5141163999796845,0.7431485997076379,8.086452800271218,cpu,cuda:0,0,670.4658203,46
3404,1,DDT1200_num100.txt,fixed,2947,8,368.375,25.888885498046875,15.078773498535156,1.4739591279067099e-05,0.7,0.04279291193646698,0.5437500476837158,0.054757993668317795,0.4399999976158142,0.6100000143051147,-0.043318864,-0.034319355,0.0003400003403873631,0.9169508770660117,0.0051239086724645284,0.037639690235395123,0.0003,365,435,42.54278089888762,15.110291957855225,54.161155223846436,69.27144718170166,755,0.3315444003237644,0,0,TRUE,pair,410,6.080730599860544,4.9925347821041814,45,0,7.18780487804878,6.080730599860544,0.681290299326065,7.964253700105473,cpu,cuda:0,0,670.4658203,48
3405,1,DDT1200_num100.txt,fixed,2870,8,358.75,24.69691276550293,15.32656478881836,1.630685437703505e-05,0.24,0.03790245347217546,0.5149999856948853,0.06123724952340126,0.4300000071525574,0.6100000143051147,-0.066517172,-0.057513725,0.00037252178433980725,0.9189708144576462,0.006442570086585841,0.044652011452449694,0.0003,388,412,42.00801234363503,15.356202125549316,52.96409773826599,68.32029986381531,768,0.34413379995385185,0,0,TRUE,pair,393,6.509564300053171,5.082229965281403,45,0,7.302798982188295,6.509564300053171,0.7029517003393266,7.759426499818801,cpu,cuda:0,0,670.46337890625,50
3406,1,DDT1200_num100.txt,fixed,2828,8,353.5,8.558621406555176,16.109817504882812,6.180515811138321e-06,0.56,0.03929205957457919,0.5349999666213989,0.05361902341246605,0.41999998688697815,0.5899999737739563,-0.058179118,-0.048942615,0.0003740639464619259,0.9423535962899526,0.017452283257928986,0.039914943277835846,0.0003,372,428,95.34578267258655,16.139275312423706,13.52118706703186,29.660462379455566,785,0.49990060015989,0,0,TRUE,pair,362,7.084930199867813,5.330268741159831,40,0,7.8121546961325965,7.084930199867813,0.7894072000635788,7.863331899614423,cpu,cuda:0,0,670.46337890625,52
3407,1,DDT1200_num100.txt,fixed,2884,8,360.5,18.432308197021484,16.325565338134766,7.747687050141394e-06,0.64,0.04017882556521583,0.5399999618530273,0.058309514075517654,0.4300000071525574,0.6200000047683716,-0.022648154,-0.013676035,0.0003244610617492491,0.9134351106790396,0.011322360741010366,0.06201356948496631,0.0003,368,432,61.41708590685258,16.35454559326172,30.603071451187134,46.95761704444885,755,0.42956649977713823,0,0,TRUE,pair,379,7.096357599933981,5.082871013268022,60,0,7.6094986807387865,7.096357599933981,0.7879226997902151,8.053585299800034,cpu,cuda:0,0,670.4638672,51
3408,1,DDT1200_num100.txt,fixed,2854,8,356.75,14.872373580932617,14.908533096313477,9.434871572011616e-06,0.4,0.03480152516955301,0.5249999761581421,0.029154760763049126,0.46000000834465027,0.5600000023841858,-0.001800389,0.0070586219274749356,0.000315390849209507,0.9016706918676695,0.006830243927349026,0.04662691357467944,0.0003,380,420,42.43194521407685,14.93503737449646,52.32560753822327,67.26064491271973,796,0.33865129957848694,0,0,TRUE,pair,374,6.164512399904197,5.110021022874823,55,0,7.6310160427807485,6.164512399904197,0.6766231998190051,7.642255700178794,cpu,cuda:0,0,670.46337890625,44
3409,1,DDT1200_num100.txt,fixed,2842,8,355.25,11.765946388244629,16.16357422,7.68876816437114e-06,0.34,0.03225472801096837,0.5212500095367432,0.025217801332473755,0.4699999988079071,0.550000011920929,0.02469756230711937,0.034524438503043105,0.0002214668318629265,0.9937607606252035,0.013445344714758297,0.05604998543858528,0.0003,383,417,60.712418572126246,16.188684701919556,30.622166633605957,46.81085133552551,755,0.3292857996566454,0,0,TRUE,pair,375,7.172651199929533,5.344123856019672,40,0,7.578666666666667,7.172651199929533,0.7622167997178622,7.864360500316252,cpu,cuda:0,0,670.46337890625,42
3410,1,DDT1200_num100.txt,fixed,2967,8,370.875,16.427396774291992,16.45200538635254,2.093744114972651e-05,0.84,0.028149533170418097,0.5525000095367432,0.01984313316643238,0.5299999713897705,0.5799999833106995,-0.019923227,-0.01079041,0.00023925216158170737,0.9252444748525266,0.008194063177884178,0.04764589168027871,0.0003,358,442,41.76158261582547,16.485164165496826,54.560993909835815,71.04615807533264,764,0.3413058001169702,0,0,TRUE,pair,398,7.057801799921435,5.297607008760772,50,0,7.454773869346734,7.057801799921435,0.7793918004026636,8.225714300046093,cpu,cuda:0,0,670.4658203,42
3411,1,DDT1200_num100.txt,fixed,2941,8,367.625,22.231382369995117,15.7154541015625,1.021589559968561e-05,0.76,0.02985466234733997,0.5475000143051147,0.06628537178039551,0.4300000071525574,0.6299999952316284,-0.006220081,0.0027482268245269856,0.0002803617474758842,0.9108489801486334,0.005367266887333244,0.027643055577451985,0.0003,362,438,75.75476216687524,15.744449853897095,23.078191995620728,38.82264184951782,784,0.33928200013178866,0,0,TRUE,pair,399,6.586437699981616,5.028221692247724,45,0,7.370927318295739,6.586437699981616,0.7409536005579866,8.01627189964347,cpu,cuda:0,0,670.4638672,43
3412,1,DDT1200_num100.txt,fixed,3011,8,376.375,19.589139938354492,16.044443130493164,1.068370693246834e-05,0.96,0.0327811772560938,0.5600000023841858,0.06123724207282066,0.46000000834465027,0.6499999761581421,0.007385294280808281,0.016034442793439935,0.00029683892487944967,0.8797569539811876,0.009643887756047425,0.05100539947549502,0.0003,352,448,42.024508508422315,16.071429014205933,55.577237606048584,71.64866662025452,762,0.3456008998764446,0,0,TRUE,pair,414,6.777965499684797,4.971438061197269,45,0,7.2729468599033815,6.777965499684797,0.7497510004322976,8.14499900030205,cpu,cuda:0,0,670.46630859375,41
3413,1,DDT1200_num100.txt,fixed,3019,8,377.375,15.587956428527832,17.417543411254883,1.106015497498447e-05,1.5,0.04071727077773344,0.59375,0.02394655905663967,0.5600000023841858,0.6299999952316284,0.01587928524585786,0.024129595831726438,0.00022533040356830934,0.8362975959424619,0.010990377015399712,0.060583859820056846,0.0003,325,475,42.64896197386394,17.44652509689331,53.34066081047058,70.78718590736389,750,0.3522875000053318,0,0,TRUE,pair,403,7.840096900021308,4.782709505827311,40,0,7.491315136476427,7.840096900021308,0.8175380000029691,8.359310000028927,cpu,cuda:0,0,670.46630859375,45
3414,1,DDT1200_num100.txt,fixed,2898,8,362.25,22.325714111328125,16.334009170532227,1.307612365053501e-05,0.64,0.0539925050654361,0.5399999618530273,0.040000006556510925,0.47999998927116394,0.6200000047683716,-0.072967609,-0.06452335,0.00030953386072617243,0.8599024835754844,0.008606660847469945,0.03640691437484587,0.0003,368,432,56.07843350673455,16.362470149993896,35.31515026092529,51.67762041091919,763,0.35102969995932654,0,0,TRUE,pair,408,7.048850800099899,4.831953071906207,45,0,7.102941176470588,7.048850800099899,0.7805592003569473,8.124662399990484,cpu,cuda:0,0,670.4638672,48
3415,1,DDT1200_num100.txt,fixed,3022,8,377.75,16.482946395874023,16.198139190673828,1.0160100828215946e-05,1.12,0.05705798029674619,0.5699999928474426,0.04500000178813934,0.4699999988079071,0.6100000143051147,-0.024448298,-0.01600168,0.0002731923921280267,0.8583214282989502,0.011129598455120097,0.04987305951962138,0.0003,344,456,60.34335002320911,16.224900722503662,33.85518264770508,50.08008337020874,761,0.33325530009460635,0,0,TRUE,pair,394,6.919937899889192,4.913302449656196,56,0,7.67005076142132,6.919937899889192,0.7683910001651384,8.133576099658967,cpu,cuda:0,0,670.46630859375,48
3416,1,DDT1200_num100.txt,fixed,2974,8,371.75,18.932445526123047,16.689956665039062,6.315527571132407e-05,1.1,0.05879668116449112,0.5687500238418579,0.055099353194236755,0.5099999904632568,0.6600000262260437,-0.186616133,-0.177831427,0.0002813039342678773,0.8925351401170095,0.011553129317083707,0.032749982395519815,0.0003,345,455,102.77327064153931,16.729963064193726,12.20752215385437,28.937485218048096,757,0.3366988000634592,0,0,TRUE,pair,393,7.271814799838467,5.0440484195566855,50,0,7.567430025445293,7.271814799838467,0.7723770997545216,8.26416800005245,cpu,cuda:0,0,670.4658203,50
3417,1,DDT1200_num100.txt,fixed,2868,8,358.5,19.455076217651367,15.122492790222168,1.1723795978468843e-05,0.7,0.06614804149556576,0.5437500476837158,0.05498579517006874,0.46000000834465027,0.6100000143051147,-0.082170666,-0.07341363,0.00031419248989550397,0.8914134234189988,0.008958530862582848,0.05253176933620125,0.0003,365,435,49.49116521851853,15.151442527770996,42.79829430580139,57.94973683357239,748,0.3240918000083184,0,0,TRUE,pair,389,6.377711700115469,4.976290097961532,40,0,7.372750642673521,6.377711700115469,0.6795131004037103,7.71970110014081,cpu,cuda:0,0,670.46337890625,51
3418,1,DDT1200_num100.txt,fixed,2915,8,364.375,16.339656829833984,16.215526580810547,1.839380456658546e-05,0.7,0.06634436554400074,0.543749988079071,0.05699507147073746,0.44999998807907104,0.6299999952316284,-0.048549231,-0.040392424,0.0002789982378696247,0.8296309312184652,0.013263247024345523,0.041046223836019635,0.0003,365,435,67.46060931001614,16.247493267059326,26.962908029556274,43.2104012966156,763,0.3416408003686229,0,0,TRUE,pair,391,7.05212849995587,4.743396227846424,45,0,7.455242966751918,7.05212849995587,0.7272310000407742,8.062614800815936,cpu,cuda:0,0,670.4638672,52
3419,1,DDT1200_num100.txt,fixed,2946,8,368.25,19.32453155517578,15.944441795349121,1.2896660336991772e-05,0.6,0.06696332234895735,0.5374999642372131,0.036996617913246155,0.4699999988079071,0.5899999737739563,-0.036694085,-0.028358832,0.0002880904163854818,0.847929941283332,0.007766574498317722,0.03469026130106714,0.0003,370,430,89.74965594712336,15.974676132202148,16.84996223449707,32.82463836669922,770,0.34781450004084036,0,0,TRUE,pair,390,6.828084900145768,4.967413441388686,65,0,7.553846153846154,6.828084900145768,0.7405700001399964,8.00959480011079,cpu,cuda:0,0,670.4658203,48
3420,1,DDT1200_num100.txt,fixed,2898,8,362.25,22.927875518798828,15.843708992004395,3.536961958161555e-05,0.58,0.06288743437728248,0.5362499952316284,0.05242554098367691,0.4699999988079071,0.6299999952316284,-0.049265246,-0.040849663,0.00023415308169205673,0.8532660901546478,0.01592927762249019,0.03659661837931102,0.0003,371,429,80.06389064084716,15.8759605884552,20.32013201713562,36.19609260559082,758,0.4354812000528909,0,0,TRUE,pair,392,6.708201299799839,5.11456176747611,75,0,7.392857142857143,6.708201299799839,0.7488547998073045,8.014160500038997,cpu,cuda:0,0,670.4638672,43
3421,1,DDT1200_num100.txt,fixed,2993,8,374.125,15.655969619750977,17.02850914001465,1.0704967280616984e-05,1.06,0.06770200401102354,0.5662500262260437,0.03838538005948067,0.49000000953674316,0.6200000047683716,-0.041082591,-0.033076794,0.00032152046610246457,0.8166556216421581,0.00902516055863262,0.058664328418672085,0.0003,347,453,50.665111987818435,17.057374000549316,42.016807079315186,59.0741810798645,783,0.3737813998159254,0,0,TRUE,pair,391,7.435212399985176,4.701303041025105,50,0,7.654731457800511,7.435212399985176,0.8125631004222669,8.386102600154118,cpu,cuda:0,0,670.4658203,42
3422,1,DDT1200_num100.txt,fixed,2977,8,372.125,16.706567764282227,16.455448150634766,1.0425191248941701e-05,0.8,0.0740279738288017,0.550000011920929,0.042720019817352295,0.4699999988079071,0.6200000047683716,0.03509004094770977,0.04381633603147098,0.00025077308808769364,0.8851681351661682,0.009022926221535141,0.051876322233251164,0.0003,360,440,70.48405955625113,16.48100233078003,25.755497932434082,42.23650026321411,765,0.3480561000324087,0,0,TRUE,pair,395,7.174088000043412,5.020490426043356,75,0,7.536708860759494,7.174088000043412,0.7851129001064692,8.11396800026705,cpu,cuda:0,0,670.4658203,40
3423,1,DDT1200_num100.txt,fixed,2974,8,371.75,15.237699508666992,16.557422637939453,9.147322998614982e-06,0.76,0.0662078634262106,0.5475000143051147,0.04085033759474754,0.4699999988079071,0.6100000143051147,-0.028505494,-0.02079667,0.0003033447758449862,0.7860497275988261,0.01427270242323478,0.057901842954258126,0.0003,362,438,59.608242799013894,16.590292930603027,33.302135705947876,49.8924286365509,786,0.3465251001471188,0,0,TRUE,pair,393,7.295382500073174,4.559515804673652,45,0,7.567430025445293,7.295382500073174,0.7513950993597973,8.136510400217958,cpu,cuda:0,0,670.4658203,41
3424,1,DDT1200_num100.txt,fixed,2921,8,365.125,22.402217864990234,16.523460388183594,9.910873814078514e-06,0.7,0.06837415667873005,0.543749988079071,0.053136032074689865,0.46000000834465027,0.6200000047683716,-0.048941872,-0.04095442,0.00026650881149440205,0.812070654971259,0.012526554658377011,0.05115898911442075,0.0003,365,435,67.7496295590766,16.55230951309204,26.562317371368408,43.11462688446045,767,0.3605683996138396,0,0,TRUE,pair,391,7.173351000004914,5.1020198544995585,50,0,7.470588235294118,7.173351000004914,0.7718382000311976,8.19205350005359,cpu,cuda:0,0,670.4638672,40
3425,1,DDT1200_num100.txt,fixed,2921,8,365.125,24.204532623291016,16.53805160522461,1.122341382142622e-05,0.98,0.06715359334022787,0.5612499713897705,0.05797359719872475,0.47999998927116394,0.6600000262260437,-0.0071857,0.0011215323493594216,0.00024482968555752276,0.8429646719069708,0.014404786528930777,0.055793543434923605,0.0003,351,449,49.13296145051719,16.56682252883911,42.88410234451294,59.45092487335205,765,0.34200510004302487,0,0,TRUE,pair,400,7.389880500137224,5.002054090493348,45,0,7.3025,7.389880500137224,0.7380368001613533,8.038156099806656,cpu,cuda:0,0,670.4638672,42
3426,1,DDT1200_num100.txt,fixed,2904,8,363,24.505102157592773,15.844829559326172,1.3093500456307083e-05,0.76,0.06547782292299474,0.54749995470047,0.06118618696928024,0.4699999988079071,0.6399999856948853,-0.09315144,-0.085152098,0.0002704508581452749,0.8134565407579596,0.008565301297825168,0.030955881557681343,0.0003,362,438,74.4992813724487,15.875552654266357,23.104689121246338,38.980241775512695,771,0.3421555000677472,0,0,TRUE,pair,397,6.71223129988357,4.821280992515487,40,0,7.314861460957179,6.71223129988357,0.7233220991911367,7.92663340033323,cpu,cuda:0,0,670.4638672,44
3427,1,DDT1200_num100.txt,fixed,2815,8,351.875,27.168169021606445,14.675949096679688,1.5109042578842491e-05,0.33999999999999997,0.0692315353857518,0.5212500095367432,0.048846062272787094,0.46000000834465027,0.6200000047683716,-0.047413835,-0.039382486,0.00032238404881874364,0.819254287651607,0.012706418754532933,0.03141020118658032,0.0003,383,417,91.83894077277321,14.703258514404297,15.948227405548096,30.651485919952393,762,0.33070069992390927,0,0,TRUE,pair,409,6.120217900010175,4.960923622598869,40,0,6.882640586797066,6.120217900010175,0.6645167997776298,7.548967599970638,cpu,cuda:0,0,670.46142578125,45
3428,1,DDT1200_num100.txt,fixed,2905,8,363.125,18.857608795166016,15.589492797851562,9.95094160316512e-06,0.62,0.05975491833443883,0.5387499928474426,0.05418429523706436,0.46000000834465027,0.6200000047683716,-0.009294232,-0.000896868,0.0003159212901664432,0.8555325716733932,0.011815880900636936,0.05048421809139351,0.0003,369,431,77.80745469485551,15.616319179534912,21.71943497657776,37.33575415611267,756,0.32921950008312706,0,0,TRUE,pair,386,6.749119099709787,5.0017211685492535,50,0,7.525906735751295,6.749119099709787,0.7239574999839533,7.759442099559237,cpu,cuda:0,0,670.4638672,46
3429,1,DDT1200_num100.txt,fixed,2915,8,364.375,22.12429428100586,16.311861038208008,1.2669877833104692e-05,0.64,0.056719020605392474,0.5399999618530273,0.05196152627468109,0.44999998807907104,0.6000000238418579,0.004152065908004131,0.012346803277198757,0.0002636960187893627,0.832658554826464,0.01213971376585375,0.04809429709400449,0.0003,368,432,61.503875360584715,16.347429275512695,31.04795813560486,47.395387411117554,767,0.35055579981417395,0,0,TRUE,pair,392,7.166487900074571,5.036020583067709,40,0,7.436224489795919,7.166487900074571,0.7566090001637349,8.014248699953896,cpu,cuda:0,0,670.4638672,48
3430,1,DDT1200_num100.txt,fixed,2976,8,372,17.66352081298828,16.43302345275879,1.022701781039359e-05,1.18,0.05713638993579216,0.5737499594688416,0.03705991804599762,0.5099999904632568,0.6299999952316284,-0.074327654,-0.066757581,0.0003067826194008096,0.7723461206142719,0.008336086730616024,0.04733565170317888,0.0003,341,459,69.36376437350881,16.4630708694458,26.44117498397827,42.90424585342407,770,0.41843850001168903,0,0,TRUE,pair,390,7.18118589981168,4.963709677259128,60,0,7.630769230769231,7.18118589981168,0.7467239995312411,8.132432800121023,cpu,cuda:0,0,670.4658203,50
3431,1,DDT1200_num100.txt,fixed,2938,8,367.25,22.145824432373047,15.395691871643066,9.10996095626615e-06,1,0.059431868398363924,0.5625,0.05285594239830971,0.47999998927116394,0.6200000047683716,-0.061671764,-0.054301238,0.0002651305392366619,0.7503090775929965,0.00849943347230482,0.044023702207666174,0.0003,350,450,69.97145659130413,15.423938035964966,26.56461191177368,41.98854994773865,737,0.3220654999167891,0,0,TRUE,pair,399,6.582136600060039,4.772974812757247,55,0,7.363408521303258,6.582136600060039,0.696799599842052,7.761070099091739,cpu,cuda:0,0,670.4638672,50
3432,1,DDT1200_num100.txt,fixed,2962,8,370.25,17.282577514648438,15.3672513961792,1.0566005585133098e-05,1.4,0.06220874643749127,0.5874999761581421,0.04968651011586189,0.5400000214576721,0.699999988079071,0.040675556287169456,0.048914963666063085,0.0002668364356325653,0.8372825659238375,0.010442269903321106,0.05743779270694806,0.0003,330,470,74.6182889881424,15.393336296081543,24.30202579498291,39.69536209106445,761,0.33095679990947247,0,0,TRUE,pair,396,6.497156299956259,4.84267386844398,45,0,7.47979797979798,6.497156299956259,0.6858833000296727,7.834537799863028,cpu,cuda:0,0,670.4658203,50
3433,1,DDT1200_num100.txt,fixed,2847,8,355.875,23.390369415283203,16.69746971130371,1.3197281077736989e-05,0.22,0.061157955156368,0.5137500166893005,0.057432033121585846,0.41999998688697815,0.6100000143051147,-0.101822264,-0.093687098,0.0003050382120245895,0.828768754446948,0.008283913277813958,0.05352666316967872,0.0003,389,411,43.04392101263037,16.72934365272522,49.412400245666504,66.14174389839172,762,0.3685228999966057,0,0,TRUE,pair,395,7.468019299951266,5.107832805081171,65,0,7.207594936708861,7.468019299951266,0.8032561000436544,8.030341699675773,cpu,cuda:0,0,670.46337890625,48
3434,1,DDT1200_num100.txt,fixed,2915,8,364.375,5.521265506744385,16.731510162353516,9.270774171454832e-06,1.06,0.06182644155413135,0.5662499666213989,0.017275327816605568,0.5400000214576721,0.5899999737739563,-0.037100581,-0.028825211,0.00021445441026506678,0.8382596288408551,0.008945118469585265,0.026829873344727924,0.0003,347,453,95.56487260726534,16.77794647216797,13.72489333152771,30.50283980369568,738,0.3476043000991922,0,0,TRUE,pair,375,7.392754700063961,5.083018867760948,50,0,7.773333333333333,7.392754700063961,0.7906981003907276,8.156796599490917,cpu,cuda:0,0,670.4638672,45
3435,1,DDT1200_num100.txt,fixed,2886,8,360.75,18.77997589111328,15.551347732543945,7.379430371656781e-06,0.58,0.061178214592382665,0.5362500548362732,0.040291912853717804,0.49000000953674316,0.6000000238418579,-0.036403007,-0.028421115,0.00025419295889150817,0.8108988404273987,0.006643507025728468,0.036478911351878196,0.0003,371,429,56.44754175925046,15.580836772918701,35.546278953552246,51.12711572647095,774,0.42141900000569876,0,0,TRUE,pair,386,6.687344600039069,5.109840608601428,45,0,7.476683937823834,6.687344600039069,0.6888541996013373,7.823779000318609,cpu,cuda:0,0,670.4638672,42
3436,1,DDT1200_num100.txt,fixed,2893,8,361.625,13.954726219177246,15.683942794799805,1.0024927178164944e-05,0.64,0.05922073084379685,0.5400000214576721,0.03201562911272049,0.5,0.6100000143051147,-0.0386883,-0.030214007,0.00021252854963273017,0.8580553929011027,0.011446512252506282,0.04152662441548374,0.0003,368,432,88.99569801713497,15.70882272720337,16.79836654663086,32.50718927383423,762,0.3268484000436729,0,0,TRUE,pair,385,6.8178991000313545,5.157276182367527,45,0,7.514285714285714,6.8178991000313545,0.7273373998323223,7.782638300705003,cpu,cuda:0,0,670.4638672,41
3437,1,DDT1200_num100.txt,fixed,2879,8,359.875,26.03093147277832,16.515838623046875,1.3637875781569164e-05,0.74,0.05577350934252449,0.5462499856948853,0.05998698249459267,0.46000000834465027,0.6100000143051147,-0.04700831,-0.038926247,0.00023970760812517256,0.8201916754245758,0.009267859358806163,0.041124851815402506,0.0003,363,437,74.41214122261266,16.54194736480713,22.1479754447937,38.68992280960083,766,0.3453729999891948,0,0,TRUE,pair,397,7.35752670027432,5.110802364746868,50,0,7.251889168765743,7.35752670027432,0.8163146000588313,7.9561682004568866,cpu,cuda:0,0,670.46337890625,41
3438,1,DDT1200_num100.txt,fixed,2877,8,359.625,19.04558753967285,16.999387741088867,1.1424206604715437e-05,0.5599999999999999,0.05518329420158245,0.5349999666213989,0.04555216431617737,0.4399999976158142,0.5799999833106995,0.010389896006219916,0.019221495457545475,0.0002551183869299065,0.8959158416147586,0.01064220132064764,0.06237726862093917,0.0003,372,428,40.819869306869734,17.02588987350464,53.45449256896973,70.48038244247437,769,0.3511313998751575,0,0,TRUE,pair,382,7.634697399815195,5.083420228784102,65,0,7.531413612565445,7.634697399815195,0.7888553996745031,8.191111099644331,cpu,cuda:0,0,670.46337890625,40
3439,1,DDT1200_num100.txt,fixed,2861,8,357.625,26.243749618530273,16.092853546142578,2.5598650609026663e-05,0.15999999999999998,0.05085739189602735,0.5099999904632568,0.05431390181183815,0.38999998569488525,0.5899999737739563,-0.071139825,-0.062950675,0.0002958860738241735,0.8337090929349263,0.013245537543358903,0.07135668722912669,0.0003,392,408,57.26318838712694,16.121978044509888,33.8403115272522,49.962289571762085,785,0.3544366999703925,0,0,TRUE,pair,404,7.127190899962443,5.042642432424165,40,0,7.0816831683168315,7.127190899962443,0.7464888003451051,7.853703100423445,cpu,cuda:0,0,670.46337890625,41
3440,1,DDT1200_num100.txt,fixed,2918,8,364.75,21.087614059448242,16.427709579467773,1.1203136637050193e-05,0.74,0.047039800596210705,0.5462499856948853,0.046620141714811325,0.44999998807907104,0.6000000238418579,0.027697895761006154,0.03629422646302443,0.0002151491745070626,0.8703907361397376,0.01725775772669854,0.06047734188345762,0.0003,363,437,70.59190436536896,16.456350564956665,24.879834175109863,41.33618474006653,755,0.34427169999980833,0,0,TRUE,pair,388,7.142248099888093,5.103495543994995,50,0,7.520618556701031,7.142248099888093,0.7594928001490189,8.144139699390507,cpu,cuda:0,0,670.4638672,43
3441,1,DDT1200_num100.txt,fixed,2840,8,355,26.13905143737793,16.176753997802734,1.1582334082049783e-05,0.54,0.04448004063721433,0.5337499976158142,0.0736439898610115,0.41999998688697815,0.6399999856948853,-0.042407799,-0.033613322,0.00029544599286358185,0.8942197958628336,0.011023474480801572,0.05843081784745057,0.0003,373,427,57.74707676418881,16.22222328186035,32.95775532722473,49.17997860908508,768,0.34746090008411556,0,0,TRUE,pair,391,7.1919528999133036,5.302816899939322,50,0,7.263427109974424,7.1919528999133036,0.7967348992387997,7.814034300012281,cpu,cuda:0,0,670.46337890625,46
3442,1,DDT1200_num100.txt,fixed,2976,8,372,16.5075740814209,17.147327423095703,8.92080606718082e-06,0.92,0.044464471067702904,0.5575000047683716,0.046569839119911194,0.46000000834465027,0.6200000047683716,-0.03821944,-0.029834303,0.0002608329544143219,0.8515551558562687,0.010428722681743758,0.0625056866556406,0.0003,354,446,66.50849326161756,17.172712326049805,27.573452472686768,44.74616479873657,770,0.34543520004081074,0,0,TRUE,pair,387,7.5793520000588614,5.005376345528069,45,0,7.689922480620155,7.5793520000588614,0.8081723001960199,8.364077300022473,cpu,cuda:0,0,670.4658203,47
3443,1,DDT1200_num100.txt,fixed,2788,8,348.5,26.556543350219727,15.900388717651367,1.3550064068112988e-05,0.21999999999999997,0.03946031043970816,0.5137499570846558,0.06323320418596268,0.4099999964237213,0.6200000047683716,-0.140307832,-0.13191459,0.0003207784729966079,0.8553630597889423,0.01195628192544973,0.06682215936598368,0.0003,389,411,55.97026185688482,15.928996801376343,33.883169651031494,49.81216645240784,747,0.3333424001466483,0,0,TRUE,pair,393,7.070578400089289,5.234576756335057,50,0,7.094147582697201,7.070578400089289,0.7456689001264749,7.722050700438558,cpu,cuda:0,0,670.46142578125,50
3444,1,DDT1200_num100.txt,fixed,2971,8,371.375,24.773662567138672,17.42404556274414,1.3885707630834077e-05,0.94,0.039807217868383316,0.5587499737739563,0.06881815195083618,0.41999998688697815,0.6399999856948853,-0.008654643,-7.83E-05,0.00032111472440495464,0.8736927972899543,0.008305145728324229,0.048286735287143126,0.0003,353,447,55.2907983227556,17.45991349220276,36.274163246154785,53.734076738357544,779,0.3638805999653414,0,0,TRUE,pair,403,7.804567199957091,4.85661393189342,44,0,7.3722084367245655,7.804567199957091,0.8236613999906695,8.393760800201562,cpu,cuda:0,0,670.4658203,50
3445,1,DDT1200_num100.txt,fixed,2942,8,367.75,23.967426300048828,17.072805404663086,1.4650622688350268e-05,0.8200000000000001,0.04492431366901795,0.5512500405311584,0.05035809054970741,0.4699999988079071,0.6200000047683716,0.01426023101577392,0.02313897744394266,0.00026577485326785024,0.9011635917883652,0.008275935130838592,0.04227897560653778,0.0003,359,441,66.35836612664521,17.1040940284729,27.230933666229248,44.33502769470215,774,0.36257680016569793,0,0,TRUE,pair,399,7.720925200046622,4.99048266501592,50,0,7.3734335839598995,7.720925200046622,0.8100388003222179,8.158328300269204,cpu,cuda:0,0,670.4638672,52
3446,1,DDT1200_num100.txt,fixed,2883,8,360.375,17.327272415161133,16.33766746520996,7.747687050141394e-06,0.58,0.04318346794967587,0.5362499952316284,0.019960906356573105,0.5099999904632568,0.5699999928474426,0.0760945554357022,0.08574799541383982,0.00023132865771913202,0.9769105762243271,0.011896245065145195,0.07136742398142815,0.0003,371,429,61.872136822388704,16.36797285079956,30.22812271118164,46.5960955619812,761,0.33706280012847856,0,0,TRUE,pair,393,7.230796500094584,5.146722163419693,60,0,7.33587786259542,7.230796500094584,0.7693785999144893,7.966316499965615,cpu,cuda:0,0,670.4638672,51
3447,1,DDT1200_num100.txt,fixed,2967,8,370.875,29.26361846923828,16.243858337402344,1.604328463145066e-05,0.8,0.04388969325113308,0.550000011920929,0.05499999597668648,0.44999998807907104,0.6499999761581421,-0.040956356,-0.031731507,0.000303754307969939,0.9376727342605591,0.013126869034022094,0.07931470540352166,0.0003,360,440,81.18937663377758,16.27139711380005,20.27279281616211,36.54418992996216,774,0.33213260005868506,0,0,TRUE,pair,408,7.058170799995423,5.2119986514350884,55,0,7.272058823529412,7.058170799995423,0.7737650994822616,8.035099299828289,cpu,cuda:0,0,670.4658203,46
3448,1,DDT1200_num100.txt,fixed,2956,8,369.5,15.604486465454102,16.832317352294922,5.413309554569423e-05,0.82,0.04331474138722569,0.5512499809265137,0.04858947917819023,0.44999998807907104,0.6299999952316284,0.014177982695400715,0.02385036212702592,0.000326801382470876,0.9835780461629232,0.00813836237648502,0.04701069897661606,0.0003,359,441,73.87359659465432,16.869627952575684,23.144668579101562,40.014296531677246,774,0.34806310005660634,0,0,TRUE,pair,390,7.158257100076298,5.379566982287677,48,0,7.579487179487179,7.158257100076298,0.8456958002789179,8.411609300252167,cpu,cuda:0,0,670.4658203,42
3449,1,DDT1200_num100.txt,fixed,2965,8,370.625,15.467203140258789,16.97072410583496,9.58430791797582e-06,0.66,0.04610865648495881,0.5412499904632568,0.06091747060418129,0.4399999976158142,0.6100000143051147,-0.035236978,-0.025544454,0.00023456654266088402,0.9809806602341788,0.014777669092706804,0.06571924689758037,0.0003,367,433,69.38294344180281,17.00170087814331,25.732144832611084,42.733845710754395,770,0.34619300001941156,0,0,TRUE,pair,392,7.488861300327699,5.334569982895361,60,0,7.563775510204081,7.488861300327699,0.7956391001062002,8.2927241,cpu,cuda:0,0,670.4658203,42
3450,1,DDT1200_num100.txt,fixed,2895,8,361.875,17.7864933013916,16.634849548339844,3.0375687856576405e-05,0.26,0.04734664672900898,0.5162500143051147,0.06223694235086441,0.4300000071525574,0.6000000238418579,-0.035108922,-0.02558676,0.00034530363579203066,0.9694811950127283,0.01029208771554598,0.052548820385709405,0.0003,387,413,69.10662062787517,16.6649112701416,25.22687816619873,41.89178943634033,767,0.3432840002787998,0,0,TRUE,pair,384,7.438629000054789,5.2141623481773545,40,0,7.5390625,7.438629000054789,0.7869874003954465,8.03113420047157,cpu,cuda:0,0,670.4638672,41
3451,1,DDT1200_num100.txt,fixed,3047,8,380.875,17.64537811279297,16.630809783935547,9.725607924337965e-06,1.3,0.04917548126113516,0.5812499523162842,0.05418429523706436,0.5099999904632568,0.6700000166893005,-0.066768248,-0.057538133,0.0002675349394502562,0.9363880526451838,0.014006012751321708,0.05636771191798505,0.0003,335,465,54.96495178446409,16.657164096832275,38.77816152572632,55.435325622558594,773,0.3359170001494931,0,0,TRUE,pair,401,7.137035000079777,4.980308501337801,50,0,7.598503740648379,7.137035000079777,0.7481168997182976,8.366403599793557,cpu,cuda:0,0,670.46630859375,40
3452,1,DDT1200_num100.txt,fixed,3064,8,383,15.716233253479004,16.928464889526367,1.0160100828215946e-05,1.28,0.06280318887416067,0.5799999833106995,0.045825760811567307,0.5199999809265137,0.6800000071525574,-0.04782219,-0.038190818,0.00017146896667933711,0.9717099666595459,0.02157907102567454,0.06941012541453044,0.0003,336,464,157.76523279981006,16.956499576568604,2.4647629261016846,19.421262502670288,757,0.3396303999470547,0,0,TRUE,pair,401,7.474496700058808,4.662206265773848,40,0,7.640897755610973,7.474496700058808,0.7678976997267455,8.304043100157287,cpu,cuda:0,0,245.55517578125,40
3453,1,DDT1200_num100.txt,fixed,2948,8,368.5,17.874563217163086,17.13192367553711,8.395584700338077e-06,0.66,0.061135639917165106,0.5412499904632568,0.05134138837456703,0.44999998807907104,0.6000000238418579,0.030395258085003922,0.040228897971766334,0.0003902436063591657,1.0028760944093977,0.013948585771556412,0.05142679677477905,0.0003,367,433,96.3626122196655,17.159092903137207,13.433685064315796,30.592777967453003,781,0.4500990999658825,0,0,TRUE,pair,392,7.805742700016708,5.371777475931589,50,0,7.520408163265306,7.805742700016708,0.7702788997557946,8.175627099248231,cpu,cuda:0,0,670.4658203,41
3454,1,DDT1200_num100.txt,fixed,2873,8,359.125,36.42951202392578,15.727622985839844,1.0899667358899023e-05,0.3,0.054252079522879776,0.518750011920929,0.09075206518173218,0.36000001430511475,0.6200000047683716,-0.064937353,-0.056035924,0.0003380696987733245,0.9070465624332428,0.014455402237945236,0.046219667862169446,0.0003,385,415,81.60544775137195,15.75489354133606,19.45108938217163,35.20598292350769,756,0.3272454001271399,0,0,TRUE,pair,400,6.795503099900088,5.139227287096301,65,0,7.1825,6.795503099900088,0.7425129996991018,7.832076500533731,cpu,cuda:0,0,670.46337890625,42
3455,1,DDT1200_num100.txt,fixed,3001,8,375.125,18.299163818359375,16.070947647094727,1.1101195013907272e-05,1,0.057187377863701164,0.5625,0.052141640335321426,0.44999998807907104,0.6200000047683716,-0.02008513,-0.011119461,0.00029140745318727567,0.9111369570096334,0.01079396454927822,0.049304333763817945,0.0003,350,450,67.91371003389209,16.097683906555176,28.090742826461792,44.18842673301697,754,0.3236733999074204,0,0,TRUE,pair,408,7.068550000083633,5.024658448137629,50,0,7.355392156862745,7.068550000083633,0.7074335997604067,7.929161900334293,cpu,cuda:0,0,670.4658203,43
3456,1,DDT1200_num100.txt,fixed,2976,8,372,16.439281463623047,16.065296173095703,9.047348612511996e-06,0.84,0.0554311788350529,0.5524999499320984,0.0641774907708168,0.4399999976158142,0.6299999952316284,0.05153589831157164,0.06035949492996389,0.0002546305470539003,0.8950912952423096,0.01836075240068815,0.05087814298035069,0.0003,358,442,83.72801355194277,16.09390616416931,19.449753284454346,35.54365944862366,757,0.3231743999349419,0,0,TRUE,pair,395,6.949830099983956,4.870967740894005,48,0,7.534177215189874,6.949830099983956,0.7524377002409892,7.987786400146433,cpu,cuda:0,0,670.4658203,45
3457,1,DDT1200_num100.txt,fixed,3024,8,378,22.461076736450195,17.265029907226562,1.2918679203721695e-05,1.24,0.05250817002670087,0.5774999856948853,0.06647367775440216,0.47999998927116394,0.6499999761581421,-0.271070112,-0.262268912,0.0002358422862016596,0.8919124156236649,0.015993739914847538,0.030062456149607897,0.0003,338,462,131.35233042567626,17.298479557037354,5.723571062088013,23.022050619125366,763,0.4444406002148753,0,0,TRUE,pair,406,7.7548462999402545,4.517195768023609,36,0,7.448275862068965,7.7548462999402545,0.8133874999621185,8.302013400621945,cpu,cuda:0,0,492.0957031,47
3458,1,DDT1200_num100.txt,fixed,2939,8,367.375,17.33448600769043,15.569852828979492,8.64246794662904e-06,0.84,0.06190703873664272,0.5525000095367432,0.045207858085632324,0.49000000953674316,0.6299999952316284,-0.122765746,-0.114204786,0.0002907366945658362,0.8706324674465038,0.011046688337551637,0.057666999477617165,0.0003,358,442,40.66916804872823,15.598212242126465,56.667834520339966,72.26604676246643,771,0.3350341999757802,0,0,TRUE,pair,395,6.584827299855533,4.908812521509104,50,0,7.440506329113924,6.584827299855533,0.7096752000652486,7.914392500606482,cpu,cuda:0,0,670.4638672,50
3459,1,DDT1200_num100.txt,fixed,2990,8,373.75,22.179664611816406,15.918310165405273,8.476442417304497e-06,0.9,0.0616852009648292,0.5562499761581421,0.06518004089593887,0.4399999976158142,0.6700000166893005,-0.035912068,-0.0272907,0.00026334856705613095,0.8753040920604359,0.010783239204267209,0.0339421152391217,0.0003,355,445,83.98853815139732,15.943897724151611,19.656198024749756,35.60009574890137,755,0.3339789000310702,0,0,TRUE,pair,396,6.814541300074779,4.7986622073179905,40,0,7.55050505050505,6.814541300074779,0.720207799851778,8.022981699934462,cpu,cuda:0,0,670.4658203,50
3460,1,DDT1200_num100.txt,fixed,2990,8,373.75,31.708635330200195,15.840707778930664,1.4348758668347728e-05,0.8,0.06535516173402289,0.550000011920929,0.07123903930187225,0.4300000071525574,0.6600000262260437,-0.08806901,-0.080080539,0.00037712193712919815,0.8177033397886488,0.01113349748171728,0.05624223879917904,0.0003,360,440,44.09191181993802,15.869524240493774,51.94336652755737,67.81289076805115,768,0.44050379970576614,0,0,TRUE,pair,417,6.782616299969959,4.520401337074994,40,0,7.170263788968825,6.782616299969959,0.7019715001079021,7.996520299726399,cpu,cuda:0,0,670.4658203,51
3461,1,DDT1200_num100.txt,fixed,3026,8,378.25,27.366722106933594,17.28494644165039,1.3671179658558685e-05,0.82,0.0625286754721997,0.5512500405311584,0.06173279508948326,0.4300000071525574,0.6200000047683716,-0.025451567,-0.017397165,0.00039581844810692763,0.8252312215891752,0.013456355140078813,0.046197311275384643,0.0003,359,441,73.470319113612,17.31576681137085,23.870933294296265,41.186700105667114,790,0.45865230007620994,0,0,TRUE,pair,411,7.727627099928213,4.638797089388571,35,0,7.362530413625304,7.727627099928213,0.795807099857484,8.366882199828979,cpu,cuda:0,0,670.46630859375,52
3462,1,DDT1200_num100.txt,fixed,2952,8,369,20.71834945678711,17.153671264648438,1.3006383596803062e-05,0.52,0.06442776456098666,0.5325000286102295,0.06118619441986084,0.41999998688697815,0.6100000143051147,-0.089756017,-0.081132604,0.00035211143819781555,0.8799474665096828,0.01001646350570289,0.05647992828328695,0.0003,374,426,69.25191228259753,17.182960271835327,25.444021463394165,42.62698173522949,767,0.35835409998253454,0,0,TRUE,pair,394,7.538976299911155,4.965447154794605,55,0,7.49238578680203,7.538976299911155,0.8204969999787863,8.391250299711828,cpu,cuda:0,0,670.4658203,45
3463,1,DDT1200_num100.txt,fixed,3046,8,380.75,13.534677505493164,16.92285919189453,9.416778993909247e-06,1.06,0.0733647088986949,0.5662499666213989,0.030388137325644493,0.5299999713897705,0.6000000238418579,0.010279049687087536,0.018536528684198857,0.00026479655876755716,0.8389876437187195,0.014553663535043598,0.06716047890484333,0.0003,347,453,44.4918289131602,16.953208923339844,51.50880026817322,68.46200919151306,769,0.33683590005966835,0,0,TRUE,pair,397,7.532268399983877,4.7193040046266095,70,0,7.672544080604534,7.532268399983877,0.7501636004453758,8.262712200026726,cpu,cuda:0,0,670.46630859375,42
3464,1,DDT1200_num100.txt,fixed,2983,8,372.875,24.00227928161621,17.054454803466797,1.1121657735202461e-05,0.78,0.0734783952981178,0.5487499833106995,0.07540515065193176,0.4099999964237213,0.6299999952316284,-0.056864086,-0.048719507,0.0003383423851725335,0.8313750657770369,0.01460981999601548,0.05905221816566256,0.0003,361,439,55.47946007201958,17.088293313980103,36.6793532371521,53.7676465511322,752,0.4485550000681542,0,0,TRUE,pair,400,7.552531699562678,4.940663757717454,70,0,7.4575,7.552531699562678,0.7882292996509932,8.324097499833442,cpu,cuda:0,0,670.4658203,39
3465,1,DDT1200_num100.txt,fixed,3108,8,388.5,10.862780570983887,17.513975143432617,7.59953354645404e-06,1.72,0.07389328252472233,0.6075000166893005,0.04293891042470932,0.5299999713897705,0.6499999761581421,0.028913581853403765,0.03680503488901783,0.00027077758397140046,0.802683998556698,0.010248932891580112,0.04766640362932401,0.0003,314,486,57.96878006965274,17.54168200492859,36.073384523391724,53.61506652832031,750,0.3431327000434976,0,0,TRUE,pair,405,7.871799000262399,4.543436292554114,70,0,7.674074074074074,7.871799000262399,0.78566170000704,8.464079899844364,cpu,cuda:0,0,670.46826171875,41
3466,1,DDT1200_num100.txt,fixed,2875,8,359.375,28.10221290588379,15.719264030456543,1.8947903299704194e-05,0.18,0.0687944248563705,0.5112500190734863,0.06827107071876526,0.41999998688697815,0.6100000143051147,-0.03261948,-0.024643281,0.0003964816181299587,0.8174440165360769,0.0101252615180177,0.04999767864743868,0.0003,391,409,91.89551190318704,15.752381324768066,15.533150911331177,31.285532236099243,771,0.33491669996874407,0,0,TRUE,pair,407,6.736686200034455,4.827826087910196,50,0,7.063882063882064,6.736686200034455,0.7130504000233486,7.913596899627009,cpu,cuda:0,0,670.46337890625,40
3467,1,DDT1200_num100.txt,fixed,2993,8,374.125,24.11139488220215,16.737043380737305,8.996945325634442e-06,0.74,0.06483460973509374,0.5462499260902405,0.06650891900062561,0.4000000059604645,0.6200000047683716,-0.001274889,0.006975739262998104,0.0003166515894311791,0.8408953070640564,0.01224715670881172,0.046441710988680523,0.0003,363,437,58.564139891482846,16.762946367263794,34.34341335296631,51.1063597202301,774,0.44277160018100403,0,0,TRUE,pair,399,7.474564500225824,4.825258934414191,55,0,7.501253132832081,7.474564500225824,0.7444986999180401,8.147210800059838,cpu,cuda:0,0,670.4658203,40
3468,1,DDT1200_num100.txt,fixed,2921,8,365.125,21.47345733642578,16.8901424407959,9.608002073946409e-06,0.52,0.06337768764930087,0.5325000286102295,0.06977642327547073,0.41999998688697815,0.6000000238418579,0.008259040536358953,0.01736119498188297,0.0002558504056651145,0.9230080048243204,0.009879362187348306,0.04138169142728051,0.0003,374,426,107.76169182053624,16.91889715194702,10.187210321426392,27.106107473373413,790,0.35430610018374864,0,0,TRUE,pair,392,7.630842700120411,4.834988018210233,45,0,7.451530612244898,7.630842700120411,0.7768017999042058,8.098447799988207,cpu,cuda:0,0,670.4638672,41
3469,1,DDT1200_num100.txt,fixed,3072,8,384,18.316659927368164,17.58057975769043,1.0894450497289654e-05,1.48,0.06547725467535956,0.5925000309944153,0.05562148615717888,0.46000000834465027,0.6399999856948853,0.04635488776559079,0.054892812157049775,0.00021422213884997527,0.8645033968819512,0.011538485530763865,0.055312181926435895,0.0003,326,474,42.98986848703538,17.61749768257141,53.84119963645935,71.45869731903076,752,0.3417707000480732,0,0,TRUE,pair,406,7.978267399710603,4.9016927074020105,60,0,7.566502463054187,7.978267399710603,0.780814799683867,8.430149000385427,cpu,cuda:0,0,670.46630859375,46
3470,1,DDT1200_num100.txt,fixed,2990,8,373.75,17.09349250793457,16.655651092529297,8.946258276409935e-06,0.58,0.05757469050568648,0.5362499952316284,0.05893588066101074,0.4399999976158142,0.6100000143051147,-0.063388905,-0.055107045,0.0002627890474589852,0.8413254121939341,0.009391253154414395,0.0484107198814551,0.0003,371,429,72.61690028229637,16.68157458305359,24.49341344833374,41.17498803138733,783,0.44659960006538313,0,0,TRUE,pair,397,7.329012700138264,4.947826086717305,55,0,7.531486146095718,7.329012700138264,0.8087164998141816,8.130986100164591,cpu,cuda:0,0,670.4658203,48
3471,1,DDT1200_num100.txt,fixed,2893,8,361.625,32.6379280090332,16.858787536621094,2.5545301468810067e-05,0.38,0.058082860387008925,0.5237500071525574,0.0806128978729248,0.38999998569488525,0.6600000262260437,-0.022412792,-0.014204221,0.00042265742792681394,0.841989380972726,0.014901630056556314,0.058976074547639916,0.0003,381,419,90.09579953664017,16.889825582504272,15.220439434051514,32.110265016555786,770,0.3628575997427106,0,0,TRUE,pair,410,7.6551113999739755,4.865191840812321,55,0,7.056097560975609,7.6551113999739755,0.7629300996777602,8.053000200292445,cpu,cuda:0,0,670.4638672,47
3472,1,DDT1200_num100.txt,fixed,3008,8,376,10.653637886047363,17.247777938842773,7.104713859007461e-06,1.24,0.05672566720482327,0.5774999856948853,0.025860201567411423,0.5400000214576721,0.6200000047683716,0.021516624971159866,0.02987474582291075,0.00021608968849510087,0.8466167449951172,0.012175814248621464,0.059129973873496056,0.0003,338,462,70.25754559638577,17.27629065513611,25.53761601448059,42.8139066696167,750,0.33037530003639404,0,0,TRUE,pair,388,7.9346694997366285,4.800531914893617,85,0,7.752577319587629,7.9346694997366285,0.7777381999912905,8.158024099306203,cpu,cuda:0,0,670.4658203,50
3473,1,DDT1200_num100.txt,fixed,3001,8,375.125,21.572189331054688,16.689001083374023,1.2157010132796131e-05,0.82,0.05915486889251582,0.5512499809265137,0.055775780230760574,0.41999998688697815,0.6200000047683716,-0.053494336,-0.045334298,0.00023235968546941876,0.8276218686785016,0.013073540974541433,0.06036709062755108,0.0003,359,441,69.40204407391222,16.71993613243103,26.520865201950073,43.2408013343811,776,0.3432826002681395,0,0,TRUE,pair,406,7.459240999945905,4.617127625952558,36,0,7.391625615763547,7.459240999945905,0.7398830999300117,8.116254100037622,cpu,cuda:0,0,670.4658203,51
3474,1,DDT1200_num100.txt,fixed,2906,8,363.25,23.72103500366211,16.55164909362793,1.3571023373515345e-05,0.24,0.05952794977250505,0.51500004529953,0.05522680655121803,0.4399999976158142,0.6000000238418579,-0.073152045,-0.065277708,0.0002758912046879737,0.8012281258900961,0.006875844879282845,0.03447155157725016,0.0003,388,412,81.96948837784092,16.586869955062866,18.86534595489502,35.452215909957886,771,0.33906099980231375,0,0,TRUE,pair,397,7.479705600038869,4.524432210781126,35,0,7.319899244332493,7.479705600038869,0.7233475002722116,7.97965059967828,cpu,cuda:0,0,670.4638672,51
3475,1,DDT1200_num100.txt,fixed,2931,8,366.375,19.652847290039062,16.18984603881836,9.88790543487994e-06,0.46,0.05918090452950321,0.528749942779541,0.04166458919644356,0.46000000834465027,0.6100000143051147,-0.036829972,-0.028475365,0.00026091468912041324,0.8485064506530762,0.011377890043976631,0.056320922787893905,0.0003,377,423,82.73995407404408,16.221075296401978,19.20316481590271,35.42424011230469,775,0.34093279983790126,0,0,TRUE,pair,400,7.2744373000459746,4.695325828664175,40,0,7.3275,7.2744373000459746,0.7039964001014596,7.849124499756726,cpu,cuda:0,0,670.4638672,51
3476,1,DDT1200_num100.txt,fixed,3031,8,378.875,12.097908020019531,16.941917419433594,6.143617156340042e-06,1.1,0.05515665534638371,0.5687500238418579,0.045397549867630005,0.5,0.6399999856948853,-0.019509796,-0.011943557,0.00020225403730162524,0.7667366001341078,0.007662278388764847,0.05625211647539227,0.0003,345,455,42.39995639449337,16.97138738632202,54.51453518867493,71.48592257499695,752,0.34132490001502447,0,0,TRUE,pair,399,7.5342326,4.336852522542948,40,0,7.5964912280701755,7.5342326,0.7394620998675236,8.292602300061844,cpu,cuda:0,0,670.46630859375,46
3477,1,DDT1200_num100.txt,fixed,3018,8,377.25,20.704769134521484,17.233959197998047,1.2470909496187232e-05,0.98,0.05905005561797625,0.5612500309944153,0.04728570207953453,0.5,0.6399999856948853,-0.078933218,-0.071115839,0.0002667107425319652,0.7950734893480936,0.009074147654852519,0.04403636301867664,0.0003,351,449,72.04160266266439,17.26250123977661,24.62995934486389,41.8924605846405,751,0.3410772001952864,0,0,TRUE,pair,405,7.743002400180558,4.388999336163993,40,0,7.451851851851852,7.743002400180558,0.7824172002001433,8.322604399829288,cpu,cuda:0,0,670.46630859375,42
3478,1,DDT1200_num100.txt,fixed,3068,8,383.5,14.98332405090332,16.016069412231445,1.0160100828215946e-05,0.86,0.06327108794538049,0.5537499785423279,0.04357105866074562,0.4699999988079071,0.6100000143051147,-0.051243121,-0.043580902,0.0002560494020279428,0.7790244332066288,0.008556875589959047,0.049875757208576905,0.0003,357,443,43.548769726347366,16.04259419441223,54.40715718269348,70.44975137710571,749,0.31599139992613345,0,0,TRUE,pair,407,6.867191799843567,4.415580182529335,45,0,7.538083538083538,6.867191799843567,0.7032243999710772,7.9782223999500275,cpu,cuda:0,0,670.46630859375,40
3479,1,DDT1200_num100.txt,fixed,2969,8,371.125,21.27461814880371,15.396781921386719,9.428844350622967e-06,0.72,0.05958202776015701,0.5449999570846558,0.04153312370181084,0.4699999988079071,0.6000000238418579,-0.024805601,-0.016770891,0.00022615969355683775,0.8147788852453232,0.012552015425171703,0.06688702548854053,0.0003,364,436,53.194070111385656,15.429527044296265,40.38496494293213,55.814491987228394,756,0.3241536999994423,0,0,TRUE,pair,396,6.532359099815949,4.626473561647003,40,0,7.497474747474747,6.532359099815949,0.6928568999137497,7.821111600060249,cpu,cuda:0,0,670.4658203,40
3480,1,DDT1200_num100.txt,fixed,3048,8,381,15.10794448852539,16.253761291503906,9.047348612511996e-06,1.1,0.06173371673441043,0.5687499642372131,0.036550480872392654,0.5299999713897705,0.6299999952316284,-0.080214604,-0.07183697,0.00020253047720567943,0.8478901088237762,0.013387520370694498,0.04030378985529145,0.0003,345,455,77.87231865557267,16.28330898284912,22.857685565948486,39.14099454879761,771,0.3423593002225971,0,0,TRUE,pair,408,6.927404900023248,4.591207350020021,32,0,7.470588235294118,6.927404900023248,0.7029376998980297,8.256195999769261,cpu,cuda:0,0,670.46630859375,40
3481,1,DDT1200_num100.txt,fixed,2939,8,367.375,11.213133811950684,16.57229232788086,3.47797067661304e-05,0.56,0.06602744165508782,0.5349999666213989,0.029154762625694275,0.47999998927116394,0.5799999833106995,-0.070115075,-0.061607331,0.0002411717219869248,0.8628334036240211,0.012353728901451597,0.06943767661085495,0.0003,372,428,73.46965920946765,16.602967023849487,23.399940729141235,40.00290775299072,763,0.3354918998811627,0,0,TRUE,pair,379,7.29592440011038,4.763184756314361,50,0,7.754617414248021,7.29592440011038,0.7577949998085387,8.14658159991086,cpu,cuda:0,0,670.4638672,41
3482,1,DDT1200_num100.txt,fixed,3038,8,379.75,12.85252857208252,15.888891220092773,9.368363862449769e-06,1.08,0.06648598982639556,0.5674999952316284,0.031523820012807846,0.5299999713897705,0.6000000238418579,0.015664965978690555,0.024281304645618156,0.00024538664937218916,0.873903432062694,0.009352098485188825,0.04398942402830081,0.0003,346,454,74.09332649177016,15.917129278182983,25.085213899612427,41.00234317779541,764,0.43002359991078265,0,0,TRUE,pair,398,6.6736664000636665,4.69387755156976,40,0,7.633165829145729,6.6736664000636665,0.6990888999425806,8.154405899753328,cpu,cuda:0,0,670.46630859375,43
3483,1,DDT1200_num100.txt,fixed,3084,8,385.5,14.482748031616211,17.83289337158203,9.19690228329273e-06,1,0.06025337807320648,0.5625,0.03191787749528885,0.5199999809265137,0.6000000238418579,0.020464018592610954,0.02920660963281989,0.00022734703015885315,0.8856264591217041,0.010596032184548677,0.0545673031359911,0.0003,350,450,81.10028977955233,17.859997749328613,20.166993379592896,38.02699112892151,772,0.3446642999915639,0,0,TRUE,pair,407,8.283490599904326,4.450064850533828,35,0,7.577395577395578,8.283490599904326,0.8257901000470156,8.328057099875878,cpu,cuda:0,0,670.46826171875,45
3484,1,DDT1200_num100.txt,fixed,2957,8,369.625,22.96702766418457,16.160533905029297,1.1815559446404222e-05,0.62,0.059515265747857586,0.5387499928474426,0.06392133980989456,0.4399999976158142,0.6499999761581421,-0.059357138,-0.049771639,0.00029735957165636745,0.9734176894028982,0.008303363380643228,0.05820248477781812,0.0003,369,431,70.8411290517934,16.188473224639893,25.552815198898315,41.74128842353821,803,0.3612312998739071,0,0,TRUE,pair,400,6.962495800005854,5.183632059277898,45,0,7.3925,6.962495800005854,0.7142897002631798,8.031842899887124,cpu,cuda:0,0,670.4658203,46
3485,1,DDT1200_num100.txt,fixed,2917,8,364.625,23.04309844970703,15.720098495483398,9.203080480801873e-06,0.07999999999999999,0.05934217148833222,0.5049999952316284,0.052678268402814865,0.41999998688697815,0.5899999737739563,-0.179994538,-0.170531556,0.00030229671974666414,0.9614131093025208,0.01057725476566702,0.05386933572590351,0.0003,396,404,108.31961291458103,15.75124979019165,11.178314685821533,26.929564476013184,804,0.36072969986707903,0,0,TRUE,pair,404,6.648909399955301,5.28488172620872,70,0,7.22029702970297,6.648909399955301,0.745388099909178,7.9541690995392855,cpu,cuda:0,0,670.4638672,46
3486,1,DDT1200_num100.txt,fixed,2971,8,371.375,22.593900680541992,16.077110290527344,1.3637875781569164e-05,0.5800000000000001,0.057219207621455735,0.5362499952316284,0.062236957252025604,0.4399999976158142,0.6100000143051147,-0.032384569,-0.022677582,0.0002926912566181272,0.9853331446647644,0.012504666348257544,0.06222136769639818,0.0003,371,429,54.55211602846087,16.108304023742676,38.35337805747986,54.461682081222534,793,0.357945499883499,0,0,TRUE,pair,396,6.778214199948707,4.998990239097148,35,0,7.502525252525253,6.778214199948707,0.7404893001657911,8.186636600832571,cpu,cuda:0,0,670.4658203,48
3487,1,DDT1200_num100.txt,fixed,2975,8,371.875,21.444332122802734,16.147838592529297,1.206313208967913e-05,0.88,0.060654512580336536,0.5550000071525574,0.053150732070207596,0.49000000953674316,0.6399999856948853,0.001281674231656573,0.01044342556799,0.0002686818214980039,0.9296088218688965,0.009399604179303755,0.05315091253512285,0.0003,356,444,75.49969334055734,16.174297094345093,23.229836463928223,39.404133558273315,783,0.3394738000934012,0,0,TRUE,pair,396,6.987468599923886,4.795294118007692,40,0,7.512626262626263,6.987468599923886,0.7140003000095021,8.083732100232737,cpu,cuda:0,0,670.4658203,50
3488,1,DDT1200_num100.txt,fixed,3059,8,382.375,8.245264053344727,16.568824768066406,1.8232396541861817e-05,1.1,0.05955546571483811,0.5687500238418579,0.026663411408662796,0.5299999713897705,0.6200000047683716,0.013202179688960314,0.022605942129822715,0.00022176582985723923,0.9514645125184741,0.008778688454185612,0.049337361307282536,0.0003,345,455,71.42971195768769,16.598283767700195,26.22703242301941,42.825316190719604,767,0.3322232999635162,0,0,TRUE,pair,392,7.218260900175665,4.743053286010902,40,0,7.803571428571429,7.218260900175665,0.7536709002160933,8.2158229999186,cpu,cuda:0,0,670.46630859375,51
3489,1,DDT1200_num100.txt,fixed,2993,8,374.125,21.894277572631836,16.91455078,1.103957856685156e-05,0.8200000000000001,0.06233173357229909,0.5512499809265137,0.06253748387098312,0.4300000071525574,0.6299999952316284,-0.084357416,-0.075184668,0.0002542932719128051,0.9299895465373993,0.014453834757053604,0.07614276162348688,0.0003,359,441,81.76945058790257,16.94642686843872,19.656485080718994,36.602911949157715,775,0.3423823997582076,0,0,TRUE,pair,401,7.4900159999669995,4.869027730178323,45,0,7.4638403990024935,7.4900159999669995,0.7736264000559459,8.266766700035078,cpu,cuda:0,0,670.4658203,51
3490,1,DDT1200_num100.txt,fixed,2994,8,374.25,15.270478248596191,16.58415985107422,7.262967301358003e-06,0.74,0.06500939663899173,0.5462499856948853,0.03276336193084717,0.5099999904632568,0.6000000238418579,-0.011023318,-0.0024617,0.00033139771245338994,0.8727316493573396,0.012353755741218187,0.05868942160969195,0.0003,363,437,47.18372073273629,16.61321210861206,46.84087657928467,63.45408868789673,773,0.33994519979751203,0,0,TRUE,pair,394,7.2977274000731995,4.720106880666418,60,0,7.598984771573604,7.2977274000731995,0.75700579972181,8.155085899648839,cpu,cuda:0,0,670.4658203,51
3491,1,DDT1200_num100.txt,fixed,3024,8,378,12.539936065673828,15.986767768859863,7.92898572399281e-06,0.92,0.06458058642782606,0.5575000047683716,0.04175823926925659,0.4699999988079071,0.6100000143051147,0.0032200157228443357,0.012317806482315063,0.0002755656152860158,0.923557334476047,0.007916098525230255,0.05612839592827691,0.0003,354,446,89.80384005270254,16.01631259918213,17.65708041191101,33.67339301109314,769,0.33001589980267454,0,0,TRUE,pair,397,6.930804600124247,4.80125661288935,45,0,7.61712846347607,6.930804600124247,0.7257897005329141,7.965392699406948,cpu,cuda:0,0,670.46630859375,46
3492,1,DDT1200_num100.txt,fixed,2880,8,360,18.44586753845215,15.503425598144531,9.625734492146876e-06,0.18,0.06645044996975329,0.5112500190734863,0.054414499551057816,0.3799999952316284,0.5600000023841858,-0.272015522,-0.262331565,0.0001410922947494934,0.9754504362742106,0.0183850060760354,0.046843315164248146,0.0003,391,409,147.05879226333337,15.530768394470215,4.053235769271851,19.584004163742065,779,0.3393181001447374,0,0,TRUE,pair,381,6.66264279979805,5.262152776411838,50,0,7.559055118110236,6.66264279979805,0.7075998997024726,7.778313300412265,cpu,cuda:0,0,487.5996094,44
3493,1,DDT1200_num100.txt,fixed,2910,8,363.75,22.49305534362793,16.449932098388672,1.06410570879234e-05,0.52,0.06360382802700082,0.5324999690055847,0.05952940508723259,0.4000000059604645,0.6000000238418579,0.01486711110919714,0.023701604828238486,0.00033742826781235635,0.9003208994865417,0.01769202696159482,0.063671875,0.0003,374,426,99.78282062035694,16.478062629699707,12.685274124145508,29.163336753845215,776,0.36135330016259104,0,0,TRUE,pair,389,7.330000999994809,4.957388315249964,45,0,7.480719794344473,7.330000999994809,0.7359349001053488,8.014316400076495,cpu,cuda:0,0,670.4638672,43
3494,1,DDT1200_num100.txt,fixed,3083,8,385.375,12.529340744018555,16.266698837280273,8.395584700338077e-06,1.22,0.05621154421736201,0.5762499570846558,0.030388114973902702,0.5099999904632568,0.6100000143051147,-0.069336394,-0.0607928,0.0002452358851398997,0.8666214655946802,0.010363447359176698,0.05378094563881556,0.0003,339,461,43.737320222012954,16.29663920402527,54.19236159324646,70.48900079727173,762,0.43362310001975857,0,0,TRUE,pair,399,6.775959300051909,4.689588062917108,55,0,7.726817042606516,6.775959300051909,0.7479792000085581,8.362828000099398,cpu,cuda:0,0,670.46826171875,41
3495,1,DDT1200_num100.txt,fixed,3047,8,380.875,14.304173469543457,16.577775955200195,9.022181984619237e-06,1,0.05753150131245315,0.5624999403953552,0.057391200214624405,0.4399999976158142,0.6399999856948853,0.05326834930614992,0.06175722097131339,0.00023745447436919096,0.8607597513632341,0.012412940548859875,0.04208762727847153,0.0003,350,450,77.8898594153856,16.60698914527893,22.512352228164673,39.1193413734436,777,0.3431131000543246,0,0,TRUE,pair,397,7.215387099946383,4.717755167688508,50,0,7.675062972292191,7.215387099946383,0.7565815002890304,8.232971200632164,cpu,cuda:0,0,670.46630859375,41
3496,1,DDT1200_num100.txt,fixed,3013,8,376.625,15.874015808105469,17.251291275024414,1.0619667591527104e-05,0.56,0.05885738292014768,0.5350000262260437,0.04183300957083702,0.44999998807907104,0.6000000238418579,-0.019686767,-0.010330481,0.00018719003896371255,0.9449882043732537,0.008056640487026286,0.06130105546779103,0.0003,372,428,42.78437086825155,17.2836754322052,53.13923692703247,70.42291235923767,785,0.34994759983965196,0,0,TRUE,pair,402,7.735908700109576,5.154995020861013,45,0,7.4950248756218905,7.735908700109576,0.7780153002531733,8.348803999877418,cpu,cuda:0,0,670.46630859375,39
3497,1,DDT1200_num100.txt,fixed,2952,8,369,18.323482513427734,16.213396072387695,1.160194915428292e-05,0.66,0.0551025085405062,0.5412499904632568,0.035859979689121246,0.47999998927116394,0.6100000143051147,-0.04339225,-0.034418714,0.00023634190923379114,0.9091707766056061,0.008127687867575636,0.04983735231993099,0.0003,367,433,74.41678017428762,16.242741107940674,23.425731420516968,39.66847252845764,786,0.450252700044075,0,0,TRUE,pair,399,7.074926700021024,4.875338753185621,55,0,7.398496240601504,7.074926700021024,0.7278018000506563,8.041893300061929,cpu,cuda:0,0,670.4658203,42
3498,1,DDT1200_num100.txt,fixed,2911,8,363.875,28.915555953979492,16.383543014526367,1.6723326552892104e-05,0.66,0.05574824747855424,0.5412499904632568,0.07183967530727386,0.4000000059604645,0.6600000262260437,-0.147190526,-0.137950573,0.00027790961151670973,0.9378912250200907,0.013943352338780338,0.04497162035355965,0.0003,367,433,69.50731101966298,16.411298990249634,25.46918749809265,41.880486488342285,753,0.3444516000308795,0,0,TRUE,pair,399,7.2007515000295825,4.925798694360957,40,0,7.295739348370927,7.2007515000295825,0.7490525995672215,8.065657299899613,cpu,cuda:0,0,670.4638672,44
3499,1,DDT1200_num100.txt,fixed,2848,8,356,19.532024383544922,15.442089080810547,1.1606846783251967e-05,-0.04,0.04680510415327858,0.4975000023841858,0.0544862300157547,0.4300000071525574,0.5799999833106995,-0.16578263,-0.157157876,0.00042021063252052827,0.8834856791155679,0.013863053571965014,0.06823646283841558,0.0003,402,398,64.29295570795719,15.474499225616455,28.822733163833618,44.29723238945007,791,0.44110729997919407,0,0,TRUE,pair,389,6.5630800999642815,4.837429775280899,45,0,7.32133676092545,6.5630800999642815,0.695951500267256,7.828926199290436,cpu,cuda:0,0,670.46337890625,47
3500,1,DDT1200_num100.txt,fixed,3008,8,376,25.695329666137695,16.63032341003418,1.085262920241803e-05,0.98,0.04237666912018065,0.5612499713897705,0.0669771358370781,0.4300000071525574,0.6899999976158142,-0.097318345,-0.089481182,0.00046375989966856486,0.806904212995009,0.010475259909236973,0.061840750615705146,0.0003,351,449,78.65692426698662,16.657323598861694,21.58470058441162,38.242024183273315,765,0.441242199842236,0,0,TRUE,pair,410,7.410342300179764,4.37234042529413,32,0,7.336585365853659,7.410342300179764,0.7568814003752777,8.080988200439606,cpu,cuda:0,0,670.4658203,51
3501,1,DDT1200_num100.txt,fixed,2965,8,370.625,22.57729721069336,15.902084350585938,1.0936112630588468e-05,0.74,0.05763106694791185,0.54625004529953,0.08014636486768723,0.4099999964237213,0.6600000262260437,-0.032182691,-0.024070414,0.0003119831574925532,0.8268270658122169,0.012600273657072749,0.05561779191096624,0.0003,363,437,58.27716592169862,15.928848028182983,34.94871187210083,50.87755990028381,772,0.3421554999804357,0,0,TRUE,pair,408,6.795891000030679,4.61585160093806,35,0,7.267156862745098,6.795891000030679,0.7087958003976382,8.031190500347293,cpu,cuda:0,0,670.4658203,50
3502,1,DDT1200_num100.txt,fixed,3015,8,376.875,9.075206756591797,16.016557693481445,7.38712969905464e-06,0.78,0.06123453344077701,0.5487499833106995,0.045397549867630005,0.49000000953674316,0.6100000143051147,0.04732924724618594,0.055999799817800525,0.00026577812677714975,0.8803442398707072,0.00999294127492855,0.051498174915711084,0.0003,361,439,66.40210980763896,16.04409122467041,29.361092567443848,45.40518379211426,785,0.44508999993558973,0,0,TRUE,pair,390,6.796564299991587,4.676616914948421,50,0,7.730769230769231,6.796564299991587,0.714674099595868,8.144227699754992,cpu,cuda:0,0,670.46630859375,52
3503,1,DDT1200_num100.txt,fixed,2950,8,368.75,13.235841751098633,15.916123390197754,9.368363862449769e-06,0.38,0.06150277458744807,0.5237499475479126,0.048717938363552094,0.41999998688697815,0.5899999737739563,-0.05054887,-0.041921026,0.00025834133994067087,0.875701630115509,0.009638821341407795,0.03946644440293312,0.0003,381,419,61.58771745119624,15.943772792816162,31.95538830757141,47.89916110038757,771,0.3332761998317437,0,0,TRUE,pair,386,6.8591521000053035,4.8579661018565545,52,0,7.642487046632124,6.8591521000053035,0.7135648996481905,7.984360399947036,cpu,cuda:0,0,670.4658203,51
3504,1,DDT1200_num100.txt,fixed,3003,8,375.375,16.239900588989258,16.6013126373291,6.253660558286356e-06,0.68,0.061353276972205294,0.5425000190734863,0.04145781323313713,0.46000000834465027,0.6000000238418579,-0.006998325,0.001474668017842553,0.00025761444902111015,0.8601799173788591,0.008549512744965878,0.04816216602921486,0.0003,366,434,72.39608754382952,16.638524055480957,24.841618061065674,41.48014211654663,766,0.3369575997494394,0,0,TRUE,pair,395,7.422292000017478,4.728271727120523,40,0,7.60253164556962,7.422292000017478,0.7549553998105694,8.047526399692288,cpu,cuda:0,0,670.4658203,52
3505,1,DDT1200_num100.txt,fixed,2975,8,371.875,13.119046211242676,17.437917709350586,8.422623068327084e-06,0.84,0.06124541165427072,0.5525000095367432,0.03799671679735184,0.49000000953674316,0.6000000238418579,-0.018083749,-0.009468792,0.00028549383312244625,0.8757704987245447,0.012653463475597912,0.05172725049230982,0.0003,358,442,55.34122497475882,17.467896699905396,36.289496660232544,53.75739336013794,762,0.336895700005698,0,0,TRUE,pair,395,8.010487600011402,4.750588234973555,44,0,7.531645569620253,8.010487600011402,0.8143288996507181,8.220806299475953,cpu,cuda:0,0,670.4658203,46
3506,1,DDT1200_num100.txt,fixed,2926,8,365.75,22.476375579833984,15.637781143188477,1.368364792142529e-05,0.44,0.06210840691283154,0.5275000333786011,0.05092887207865715,0.4300000071525574,0.6100000143051147,-0.072629827,-0.06421979,0.00032959075997496257,0.8574833311140537,0.01459420713945292,0.05879144370555878,0.0003,378,422,59.092259302067646,15.664303541183472,33.85148811340332,49.51579165458679,775,0.337292600015644,0,0,TRUE,pair,395,6.645761600098922,4.964798358394443,40,0,7.407594936708861,6.645761600098922,0.6996895993506769,7.931858699696022,cpu,cuda:0,0,670.4638672,43
3507,1,DDT1200_num100.txt,fixed,3066,8,383.25,14.711814880371094,16.25310707092285,8.58306884765625e-06,1.02,0.060788525801252824,0.5637499690055847,0.03966657817363739,0.5099999904632568,0.6299999952316284,-0.004623499,0.003928367902214329,0.0002243715304454478,0.8664052933454514,0.011089262014138512,0.05409247901601096,0.0003,349,451,80.36763726558588,16.27887749671936,21.87080693244934,38.1496844291687,781,0.42609399993671104,0,0,TRUE,pair,402,6.971456899787881,4.6095890396184105,40,0,7.626865671641791,6.971456899787881,0.7244513995101443,8.191413900553016,cpu,cuda:0,0,670.46630859375,42
3508,1,DDT1200_num100.txt,fixed,2971,8,371.375,17.95088768005371,16.10651969909668,1.0831658073584549e-05,0.64,0.06062303025662488,0.5399999618530273,0.03708098456263542,0.46000000834465027,0.5899999737739563,-0.123357628,-0.114511299,0.0002563967297776669,0.897452494927815,0.009089020642152588,0.05837544299928205,0.0003,368,432,66.53462153014063,16.133649349212646,28.51879119873047,44.653444051742554,778,0.3499396000552224,0,0,TRUE,pair,401,6.882121500049834,5.019522044683538,48,0,7.4089775561097255,6.882121500049834,0.7431591998611111,8.108771900107968,cpu,cuda:0,0,670.4658203,40
3509,1,DDT1200_num100.txt,fixed,2949,8,368.625,26.210386276245117,16.48419761657715,1.281264212593669e-05,0.32,0.0631393753163916,0.5199999809265137,0.0851469337940216,0.38999998569488525,0.6899999976158142,-0.12532112,-0.116629516,0.0002958067065761001,0.8839507861570879,0.014825234104963865,0.0694407167082483,0.0003,384,416,83.6667256484608,16.50989079475403,18.737096309661865,35.246987104415894,771,0.34913179992872756,0,0,TRUE,pair,414,7.330556200060528,4.902000677791762,50,0,7.1231884057971016,7.330556200060528,0.7426036003307672,8.04488810004841,cpu,cuda:0,0,670.4658203,40
3510,1,DDT1200_num100.txt,fixed,2978,8,372.25,21.264699935913086,16.900175094604492,1.274145961360773e-05,0.86,0.07232483835146876,0.5537499785423279,0.05498579517006874,0.46000000834465027,0.6200000047683716,0.013038500333609789,0.02161608968415986,0.0002671255744011749,0.8711152750512828,0.010687547234777847,0.052495946945703545,0.0003,357,443,48.1759677641541,16.93043828010559,44.88461470603943,61.81505298614502,774,0.341524000003119,0,0,TRUE,pair,402,7.7483956000214675,4.610812626243678,40,0,7.407960199004975,7.7483956000214675,0.7301995000743773,8.055699700315017,cpu,cuda:0,0,670.4658203,40
3511,1,DDT1200_num100.txt,fixed,2996,8,374.5,25.233905792236328,16.32402992248535,1.09153015728225e-05,0.88,0.07051020109356915,0.5549999475479126,0.04716990888118744,0.46000000834465027,0.6000000238418579,-0.065722582,-0.057272611,0.0002275873895004307,0.8563762469725176,0.007078399236144667,0.03660117360678586,0.0003,356,444,79.04281439017689,16.349279165267944,21.554229497909546,37.90350866317749,763,0.33059229982609395,0,0,TRUE,pair,395,7.29670179997629,4.847797063944018,50,0,7.584810126582278,7.29670179997629,0.7433737999672303,7.920948199840495,cpu,cuda:0,0,670.4658203,43
3512,1,DDT1200_num100.txt,fixed,3040,8,380,18.26882553100586,16.332233428955078,9.464947652304545e-06,1.22,0.07459411099743515,0.5762499570846558,0.049733661115169525,0.46000000834465027,0.6299999952316284,0.011537450551986694,0.019104312360286712,0.0002688448817934841,0.7701286315917969,0.016119386861100794,0.0317517913877964,0.0003,339,461,103.61352787870617,16.36155128479004,12.978246927261353,29.33979821205139,766,0.4238936999026919,0,0,TRUE,pair,408,7.08660900000541,4.615789475135113,40,0,7.450980392156863,7.08660900000541,0.7216346999484813,8.157004100066843,cpu,cuda:0,0,670.46630859375,43
3513,1,DDT1200_num100.txt,fixed,2989,8,373.625,11.978496551513672,15.904220581054688,8.259062269644346e-06,1,0.07925089178513538,0.5624999403953552,0.031124750152230263,0.5099999904632568,0.6100000143051147,-0.255287789,-0.246808618,0.00020219134360862276,0.8580275376637777,0.015125830813000599,0.04748979381596049,0.0003,350,450,142.72020256091344,15.933281421661377,5.009794235229492,20.94307565689087,759,0.33218880015192553,0,0,TRUE,pair,391,6.959949900017818,4.863164937827212,70,0,7.6445012787723785,6.959949900017818,0.6936108997906558,7.896166699851165,cpu,cuda:0,0,670.4658203,45
3514,1,DDT1200_num100.txt,fixed,2985,8,373.125,22.75652313232422,16.227746963500977,1.3419386959867552e-05,0.66,0.08252195227453511,0.5412499904632568,0.06112232431769371,0.4399999976158142,0.6100000143051147,-0.008848937,-0.000763551,0.00025883966009132564,0.8214805722236633,0.009873227759574851,0.05377486120495531,0.0003,367,433,88.9205146743169,16.259795904159546,17.309510469436646,33.56930637359619,789,0.3506617001548875,0,0,TRUE,pair,396,7.06793669993931,4.366164153185322,36,0,7.537878787878788,7.06793669993931,0.697453699525795,8.101042600057553,cpu,cuda:0,0,670.4658203,46
3515,1,DDT1200_num100.txt,fixed,2948,8,368.5,23.254032135009766,16.825672149658203,1.3687801583728287e-05,0.7,0.07627854633807536,0.543749988079071,0.0694509744644165,0.38999998569488525,0.6299999952316284,-0.023243758,-0.014751118,0.00034223471690590185,0.866375744342804,0.01077610970241949,0.05832744420816501,0.0003,365,435,66.67425101586794,16.855958461761475,27.35901141166687,44.214969873428345,765,0.34732749973773025,0,0,TRUE,pair,398,7.724532699983683,4.717774762227383,60,0,7.407035175879397,7.724532699983683,0.7561607996467501,7.978857799433172,cpu,cuda:0,0,670.4658203,48
3516,1,DDT1200_num100.txt,fixed,3096,8,387,11.202678680419922,17.762208938598633,7.59953354645404e-06,1.16,0.07796420851949903,0.5725000500679016,0.03526683896780014,0.5,0.6299999952316284,-0.055782416,-0.04765076,0.0003192261166987009,0.8291271507740021,0.012569794285809621,0.052179910242557526,0.0003,342,458,84.0673521287753,17.793290615081787,19.0343234539032,36.827614068984985,778,0.35068999997747596,0,0,TRUE,pair,404,7.990596399991773,4.430878553433628,40,0,7.663366336633663,7.990596399991773,0.806933700630907,8.56774609965214,cpu,cuda:0,0,670.46826171875,49
3517,1,DDT1200_num100.txt,fixed,3095,8,386.875,9.597362518310547,18.013568878173828,9.3196968009579e-06,1.2,0.07364621535632304,0.5750000476837158,0.033911652863025665,0.5099999904632568,0.6299999952316284,-0.075875028,-0.067211967,0.0002503968034943682,0.8788263089954853,0.0077237139994394965,0.05367904779268429,0.0003,340,460,59.91405640851788,18.04093050956726,33.61639642715454,51.6573269367218,761,0.34169679970364086,0,0,TRUE,pair,396,8.22994599994854,4.621647818754871,50,0,7.815656565656566,8.22994599994854,0.8155666001257487,8.569225700295647,cpu,cuda:0,0,670.46826171875,51
3518,1,DDT1200_num100.txt,fixed,2883,8,360.375,24.647197723388672,16.084009170532227,9.512871656625066e-06,0.56,0.07648811171459181,0.5349999666213989,0.06363960355520248,0.4000000059604645,0.6100000143051147,-0.026553178,-0.017706122,0.0003014832871390115,0.8997797464069567,0.011943752620075094,0.059569730668475755,0.0003,372,428,54.872777206003185,16.111164093017578,36.42854952812195,52.539713621139526,763,0.4337853997130878,0,0,TRUE,pair,389,7.179173900047317,4.873742629371085,40,0,7.4113110539845755,7.179173900047317,0.6979704998229863,7.855124799258192,cpu,cuda:0,0,670.4638672,52
3519,1,DDT1200_num100.txt,fixed,2987,8,373.375,16.270660400390625,16.062217712402344,9.464947652304545e-06,0.9,0.07790508027818425,0.5562499761581421,0.05655473470687866,0.4699999988079071,0.6299999952316284,-0.050569492,-0.042241525,0.0002637186262290925,0.8459826840294732,0.011591415671217773,0.04795354273584154,0.0003,355,445,86.75297870586756,16.100669145584106,18.330425262451172,34.43109440803528,772,0.3462258002400631,0,0,TRUE,pair,393,7.0262350001430605,4.540006695601467,45,0,7.600508905852418,7.0262350001430605,0.6892801000358304,7.991613099628012,cpu,cuda:0,0,670.4658203,52
3520,1,DDT1200_num100.txt,fixed,3039,8,379.875,14.495149612426758,16.871665954589844,9.725607924337965e-06,1.06,0.07609807349181719,0.5662499666213989,0.03388860449194908,0.5199999809265137,0.6200000047683716,-0.0361762,-0.02785432,0.00022864199127070606,0.8436200107846942,0.015338456831938987,0.06510437160198178,0.0003,347,453,63.6252426548838,16.90493392944336,30.859127521514893,47.76406145095825,778,0.3533697000530083,0,0,TRUE,pair,401,7.523392799732392,4.656136886388622,40,0,7.5785536159601,7.523392799732392,0.738980200025253,8.237436500101467,cpu,cuda:0,0,670.46630859375,46
3521,1,DDT1200_num100.txt,fixed,2902,8,362.75,21.620302200317383,15.658796310424805,9.103719094127882e-06,0.07999999999999999,0.07316542163287253,0.5049999952316284,0.048476796597242355,0.46000000834465027,0.5699999928474426,-0.125071888,-0.116020001,0.00029253095271997154,0.919815311829249,0.016053701571460504,0.06323885614983737,0.0003,396,404,75.92934361133503,15.685357332229614,22.534385681152344,38.21974301338196,794,0.34531580029579345,0,0,TRUE,pair,391,6.7377490001381375,4.945210199204911,48,0,7.421994884910486,6.7377490001381375,0.6899798000813462,7.881941799947526,cpu,cuda:0,0,670.4638672,42
3522,1,DDT1200_num100.txt,fixed,2906,8,363.25,28.154706954956055,16.049724578857422,1.385291943734046e-05,0.22,0.06791645128429594,0.5137499570846558,0.08138450980186462,0.3700000047683716,0.6200000047683716,-0.073269702,-0.064562425,0.00032704396951223976,0.8870800787752325,0.01411539083875885,0.061076718467203056,0.0003,389,411,82.29352472200657,16.075711727142334,19.236908674240112,35.312620401382446,782,0.3485587997274706,0,0,TRUE,pair,395,7.021892800097703,5.004129384807776,45,0,7.356962025316456,7.021892800097703,0.7212365999293979,7.941513700148789,cpu,cuda:0,0,670.4638672,42
3523,1,DDT1200_num100.txt,fixed,3015,8,376.875,11.773248672485352,16.122806549072266,1.0598235348879825e-05,0.9400000000000001,0.06627534087789269,0.5587499737739563,0.03919104114174843,0.47999998927116394,0.6200000047683716,0.004309162301452537,0.012884131289626422,0.00023567828458525533,0.8692804951416818,0.010701629345452315,0.055369432059753886,0.0003,353,447,55.81136903772011,16.1578106880188,37.86344075202942,54.02125144004822,775,0.4291555000527296,0,0,TRUE,pair,398,6.926235800012364,4.734991708046959,55,0,7.575376884422111,6.926235800012364,0.6953112005867297,8.14169560049777,cpu,cuda:0,0,670.46630859375,41
3524,1,DDT1200_num100.txt,fixed,2884,8,360.5,20.548723220825195,15.513854026794434,1.274145961360773e-05,0.44,0.07168308933418802,0.5275000333786011,0.06647367030382156,0.4300000071525574,0.6399999856948853,-0.023057972,-0.014124366,0.00025008585881940756,0.9058649156774793,0.010409839983497347,0.0457796717860869,0.0003,378,422,69.28332331230429,15.54114818572998,26.085030555725098,41.62617874145508,770,0.3326131001813337,0,0,TRUE,pair,393,6.761055999842938,4.986823855921234,55,0,7.338422391857506,6.761055999842938,0.6997912997758249,7.70510570013721,cpu,cuda:0,0,670.4638672,40
3525,1,DDT1200_num100.txt,fixed,2965,8,370.625,23.467729568481445,16.327964782714844,1.5033609997772146e-05,0.78,0.0723277525071565,0.5487500429153442,0.06372548639774323,0.46000000834465027,0.6299999952316284,0.016112623183289543,0.02424539186176844,0.00023734000205877237,0.8251439705491066,0.012645220031117788,0.048082973225973547,0.0003,361,439,59.63988573951933,16.356301307678223,33.358750343322754,49.71505165100098,755,0.33509439991030376,0,0,TRUE,pair,399,7.3353416000754805,4.779089374445743,45,0,7.431077694235589,7.3353416000754805,0.7231097998737823,7.909293099568458,cpu,cuda:0,0,670.4658203,41
3526,1,DDT1200_num100.txt,fixed,2975,8,371.875,16.320520401000977,17.08437728881836,1.6268464605673216e-05,0.68,0.07372927747287361,0.5425000190734863,0.03344772756099701,0.49000000953674316,0.6000000238418579,-0.041847597,-0.033176588,0.00023269364568737468,0.8787355422973633,0.012743782094081066,0.053882608855409284,0.0003,366,434,70.84637727851329,17.115653038024902,24.876614093780518,41.99226713180542,769,0.44549489990458824,0,0,TRUE,pair,391,7.787796799922944,4.591596639056165,40,0,7.608695652173913,7.787796799922944,0.8114954000920989,8.092295100184856,cpu,cuda:0,0,670.4658203,42
3527,1,DDT1200_num100.txt,fixed,2935,8,366.875,25.6243896484375,15.706027030944824,1.3381210010265931e-05,0.5,0.07461329493120371,0.53125,0.06771954894065857,0.4000000059604645,0.6000000238418579,-0.055980872,-0.047392574,0.00028490740987763274,0.8730748891830444,0.01073108050331939,0.04957773024216294,0.0003,375,425,87.32222719377665,15.733201026916504,17.877943515777588,33.61114454269409,759,0.330177299794741,0,0,TRUE,pair,394,6.788192199979676,4.868143100267375,40,0,7.449238578680203,6.788192199979676,0.7174000004597474,7.84362900047563,cpu,cuda:0,0,670.4638672,44
3528,1,DDT1200_num100.txt,fixed,2999,8,374.875,18.009979248046875,16.546293258666992,1.1523290595505387e-05,0.92,0.06915568490194153,0.5575000047683716,0.03596873953938484,0.47999998927116394,0.6000000238418579,-0.046050062,-0.037265107,0.00021847407915629447,0.8894192576408386,0.0102972375578247,0.056152775138616565,0.0003,354,446,80.5342277189014,16.578338623046875,20.660486221313477,37.23882484436035,761,0.3354377999348799,0,0,TRUE,pair,395,7.32108719999087,4.828942980794916,50,0,7.592405063291139,7.32108719999087,0.742809200193733,8.106234500330174,cpu,cuda:0,0,670.4658203,46
3529,1,DDT1200_num100.txt,fixed,2851,8,356.375,28.39866828918457,15.356742858886719,1.6131620213855058e-05,-0.22,0.06148954025705122,0.48624998331069946,0.05851014330983162,0.3799999952316284,0.550000011920929,-0.131505456,-0.122059063,0.00035801354291227955,0.9625402241945267,0.010071343868427599,0.048966195822382964,0.0003,411,389,74.6962102330309,15.38571310043335,22.782220602035522,38.16793370246887,789,0.3429248999309493,0,0,TRUE,pair,390,6.682962199905887,5.216415292168868,50,0,7.31025641025641,6.682962199905887,0.7022065997880418,7.623238099840819,cpu,cuda:0,0,670.46337890625,46
3530,1,DDT1200_num100.txt,fixed,2959,8,369.875,19.528425216674805,16.596940994262695,1.0747363376140129e-05,0.62,0.05738825919380702,0.5387499928474426,0.06660284101963043,0.44999998807907104,0.6700000166893005,-0.084649966,-0.076483084,0.0003310770046448818,0.8332419174688833,0.010627707617391867,0.06327220480199214,0.0003,369,431,43.53077492330714,16.622342109680176,51.352556228637695,67.97489833831787,759,0.3353095000202302,0,0,TRUE,pair,404,7.379878399980953,4.58296721623773,55,0,7.324257425742574,7.379878399980953,0.7497509001987055,8.09282290012925,cpu,cuda:0,0,670.4658203,49
3531,1,DDT1200_num100.txt,fixed,3002,8,375.25,24.777761459350586,16.882705688476562,1.2971373507753015e-05,0.7,0.052139171545809174,0.543749988079071,0.06981001049280167,0.3799999952316284,0.6299999952316284,0.11587706506252289,0.12322362959384918,0.00044197708484716713,0.7567554354667664,0.013595143728889526,0.04088127017021179,0.0003,365,435,103.25920376449909,16.91470456123352,12.157764434814453,29.072468996047974,770,0.34947770010330714,0,0,TRUE,pair,403,7.511645500198938,4.477348433424043,50,0,7.449131513647643,7.511645500198938,0.735488100501243,8.265330299764173,cpu,cuda:0,0,670.4658203,50
3532,1,DDT1200_num100.txt,fixed,2933,8,366.625,20.22336196899414,16.697771072387695,1.1463942428235896e-05,0.5,0.04996772900963674,0.53125,0.05035809800028801,0.47999998927116394,0.6200000047683716,0.11712073534727097,0.12499600052833557,0.00030450738267973065,0.8027519464492798,0.010332683892920613,0.03535590171813965,0.0003,375,425,95.46859562805307,16.724506378173828,13.99763822555542,30.722144603729248,774,0.4583298998186365,0,0,TRUE,pair,404,7.415167100232793,4.732355950027451,50,0,7.25990099009901,7.415167100232793,0.7359660004585749,8.1789739002852,cpu,cuda:0,0,670.4638672,51
3533,1,DDT1200_num100.txt,fixed,2949,8,368.625,21.201045989990234,15.94388484954834,1.159214571089251e-05,0.44,0.04156737657269173,0.5275000333786011,0.05494314804673195,0.47999998927116394,0.6399999856948853,-0.0164673,-0.007610867,0.0002852114068280736,0.8999040668660944,0.009370540289885619,0.045490522276271476,0.0003,378,422,70.66781780513618,15.973789691925049,25.756662607192993,41.73045229911804,786,0.3396038001519628,0,0,TRUE,pair,409,6.938635299928137,4.890810444541768,40,0,7.210268948655257,6.938635299928137,0.6946566999104107,7.954626999999164,cpu,cuda:0,0,670.4658203,51
3534,1,DDT1200_num100.txt,fixed,2882,8,360.25,19.36330223083496,15.699762344360352,1.0315565305063501e-05,0.44,0.037885147176710106,0.5274999737739563,0.04520784690976143,0.4399999976158142,0.5899999737739563,-0.005058151,0.004188246093690395,0.0002939415653600008,0.939336933195591,0.016867717989953235,0.05870905052870512,0.0003,378,422,86.9981724674101,15.72752857208252,17.399604082107544,33.12713265419006,771,0.33596130009391345,0,0,TRUE,pair,381,6.781880400201771,5.1589174177148625,40,0,7.564304461942257,6.781880400201771,0.7451221998780966,7.810363099837559,cpu,cuda:0,0,670.4638672,51
3535,1,DDT1200_num100.txt,fixed,3056,8,382,17.07337188720703,16.02260971069336,1.3419386959867552e-05,0.92,0.035555663855142555,0.5575000047683716,0.0476313941180706,0.46000000834465027,0.6200000047683716,-0.029127997,-0.020460634,0.0002449734693072969,0.8789851292967796,0.02073415652557742,0.0664370617014356,0.0003,354,446,65.72360145821789,16.06328821182251,30.434468030929565,46.497756242752075,776,0.3349391001975164,0,0,TRUE,pair,406,6.953894700098317,4.659031412793392,50,0,7.527093596059113,6.953894700098317,0.6972627001523506,8.010061400142149,cpu,cuda:0,0,670.46630859375,46
3536,1,DDT1200_num100.txt,fixed,2926,8,365.75,15.303186416625977,16.269765853881836,9.88790543487994e-06,0.62,0.03417567850085438,0.5387499928474426,0.05085211619734764,0.46000000834465027,0.6000000238418579,0.06927702995017171,0.0780714185287555,0.0002285357210591125,0.8908654550711314,0.013352221033225456,0.05776218076546987,0.0003,369,431,97.49892758622478,16.297415494918823,13.713171005249023,30.010586500167847,745,0.3305635999277001,0,0,TRUE,pair,387,7.154830200059223,5.147983595922396,45,0,7.560723514211887,7.154830200059223,0.7350712996849325,8.014096300292294,cpu,cuda:0,0,670.4638672,45
3537,1,DDT1200_num100.txt,fixed,2925,8,365.625,21.753950119018555,17.4023494720459,1.2489128494053148e-05,0.5,0.031629552288951646,0.53125,0.06936093419790268,0.4000000059604645,0.6000000238418579,-0.027225427,-0.017104723,0.00015808423631824553,1.0199751257896423,0.028824915799001854,0.07670336465040843,0.0003,375,425,143.5035869524176,17.431118726730347,2.9516470432281494,20.382765769958496,773,0.49377510002523195,0,0,TRUE,pair,392,7.898440699878847,4.863931623646336,50,0,7.461734693877551,7.898440699878847,0.8117307999782497,8.304186700013815,cpu,cuda:0,0,245.9179688,43
3538,1,DDT1200_num100.txt,fixed,2954,8,369.25,15.457603454589844,17.05733871459961,9.748958291311283e-06,0.68,0.032270644536224885,0.5425000190734863,0.04322904348373413,0.4699999988079071,0.6200000047683716,-0.017916709,-0.007783219,0.0001377734552079346,1.020237535238266,0.04170688567683101,0.050917141139507294,0.0003,366,434,160.1936987139897,17.085221767425537,1.3549542427062988,18.440176010131836,791,0.3602534997626208,0,0,TRUE,pair,393,7.7516012002306525,5.230873391930122,55,0,7.516539440203562,7.7516012002306525,0.7845120000565657,8.141752599360188,cpu,cuda:0,0,207.23583984375,41
3539,1,DDT1200_num100.txt,fixed,2912,8,364,14.73091983795166,16.224557876586914,8.259062269644346e-06,0.27999999999999997,0.026999177553053207,0.5174999833106995,0.04993746429681778,0.4099999964237213,0.5600000023841858,-0.068197669,-0.057611237,0.0002965376827180282,1.0734700957934062,0.01350057846866548,0.07415473968204525,0.0003,386,414,56.96354013247467,16.25013494491577,34.870283365249634,51.120418310165405,803,0.35503980013891123,0,0,TRUE,pair,383,7.093958800076507,5.530563186731312,75,0,7.603133159268929,7.093958800076507,0.7288887993199751,8.034703900048044,cpu,cuda:0,0,670.4638672,40
3540,1,DDT1200_num100.txt,fixed,2903,8,362.875,22.402217864990234,16.74825096130371,1.2651919860218186e-05,0.36,0.02341560626816989,0.5225000381469727,0.06647367775440216,0.4399999976158142,0.6200000047683716,-0.012906408,-0.00382368,0.00032972200198047276,0.9247589442465041,0.018573534364501636,0.07440693345334795,0.0003,382,418,87.24360584281433,16.77615976333618,16.49848508834839,33.27464485168457,783,0.34761679990333505,0,0,TRUE,pair,393,7.512894899817184,5.052704098714946,55,0,7.3867684478371505,7.512894899817184,0.77067600034934,8.088176099932753,cpu,cuda:0,0,670.4638672,41
3541,1,DDT1200_num100.txt,fixed,2975,8,371.875,21.96268081665039,16.196969985961914,1.3587767170974985e-05,0.6,0.02008343661089569,0.5375000238418579,0.06552672386169434,0.38999998569488525,0.6200000047683716,-0.176268518,-0.166916346,0.000422062633636718,0.9563199182351431,0.015563122869934887,0.039910432727386556,0.0003,370,430,106.62725947245082,16.22845196723938,11.672480821609497,27.900932788848877,770,0.32901819988910574,0,0,TRUE,pair,405,7.066049000131898,5.009411764545601,70,0,7.345679012345679,7.066049000131898,0.7504063002124894,8.010208400024567,cpu,cuda:0,0,670.4658203,41
3542,1,DDT1200_num100.txt,fixed,2978,8,372.25,17.15189552307129,17.397001266479492,1.0315565305063501e-05,1.04,0.028931593091183806,0.5649999976158142,0.06184658408164978,0.4699999988079071,0.6399999856948853,0.0010658889742834227,0.009995678173644202,0.0002531938246517841,0.9056385925837925,0.0192505803424865,0.06979276319699627,0.0003,348,452,92.3286324761938,17.425598621368408,14.82875108718872,32.25434970855713,793,0.3695026001369115,0,0,TRUE,pair,401,7.853009400088922,4.889523169832633,50,0,7.4264339152119705,7.853009400088922,0.775684599604574,8.383214800254791,cpu,cuda:0,0,670.4658203,40
3543,1,DDT1200_num100.txt,fixed,2958,8,369.75,19.594322204589844,16.9636173248291,1.6310339560732245e-05,0.6,0.029395011666205364,0.5374999642372131,0.045207854360342026,0.46000000834465027,0.6200000047683716,0.03451178121295842,0.04382956375113942,0.00022696941596223041,0.943126689304005,0.013924549233210697,0.07305834789506414,0.0003,370,430,84.23477780780064,16.996301889419556,18.119835138320923,35.11613702774048,773,0.36081269987334963,0,0,TRUE,pair,391,7.410906000077375,5.0500338085202285,55,0,7.565217391304348,7.410906000077375,0.8204564003099222,8.333550000039395,cpu,cuda:0,0,670.4658203,40
3544,1,DDT1200_num100.txt,fixed,2949,8,368.625,18.940284729003906,17.1428165435791,1.239776611328125e-05,0.34,0.024549302333360636,0.5212500095367432,0.036890894174575806,0.46000000834465027,0.6000000238418579,-0.038460625,-0.029275368,0.0002566505187560859,0.9313584180439219,0.014515268390395623,0.07458278723061085,0.0003,383,417,55.72279070059117,17.17890501022339,35.74378538131714,52.92269039154053,792,0.35140939988195896,0,0,TRUE,pair,404,7.7404900999245,4.899287894322695,50,0,7.2995049504950495,7.7404900999245,0.7833337003394263,8.23588829964865,cpu,cuda:0,0,670.4658203,44
3545,1,DDT1200_num100.txt,fixed,2915,8,364.375,17.26946449279785,16.18621063232422,8.740569683141075e-06,0.42,0.022060683351430105,0.5262500047683716,0.05655473843216896,0.4300000071525574,0.6100000143051147,-0.065121353,-0.055691577,0.0002589747287856881,0.9559262424707413,0.014604765197145753,0.07895139460451901,0.0003,379,421,55.152248044164864,16.215575218200684,36.63811802864075,52.85369324684143,796,0.355594099877635,0,0,TRUE,pair,388,7.060739900131011,5.078559176999545,56,0,7.512886597938144,7.060739900131011,0.7179651999758789,8.041738700208953,cpu,cuda:0,0,670.4638672,46
3546,1,DDT1200_num100.txt,fixed,3000,8,375,12.134660720825195,16.484859466552734,8.92080606718082e-06,0.9400000000000001,0.029338554929180673,0.5587499737739563,0.03295356407761574,0.5199999809265137,0.6299999952316284,0.025203947525690582,0.03455627450260662,0.00019803014284287414,0.9451342400382546,0.05633616271456156,0.06516644095673281,0.0003,353,447,56.317151052454655,16.514102697372437,36.755637407302856,53.26974010467529,792,0.3573972001031507,0,0,TRUE,pair,397,7.212416700072936,4.901666668335596,50,0,7.5566750629722925,7.212416700072936,0.714267699921038,8.187447299569612,cpu,cuda:0,0,670.4658203,49
3547,1,DDT1200_num100.txt,fixed,2947,8,368.375,22.93979835510254,16.58089828491211,1.085262920241803e-05,0.68,0.027590144069062017,0.5425000190734863,0.04175823554396629,0.47999998927116394,0.6299999952316284,-0.054639176,-0.045187612,0.0002292249548190739,0.9566176325082779,0.008486814494244755,0.05049264037515968,0.0003,366,434,51.581457293588414,16.610323667526245,40.5226104259491,57.13293409347534,770,0.3489761000528233,0,0,TRUE,pair,408,7.170535700133769,5.223277909253304,70,0,7.223039215686274,7.170535700133769,0.754064400025527,8.279509500440327,cpu,cuda:0,0,670.4658203,49
3548,1,DDT1200_num100.txt,fixed,2918,8,364.75,11.562331199645996,16.102792739868164,7.294205715879798e-06,0.15999999999999998,0.023690330330347318,0.5099999904632568,0.04062020033597946,0.46000000834465027,0.6000000238418579,-0.103207207,-0.093267887,0.0003512295452705787,1.0114934211191924,0.008006973946264581,0.04885459067704885,0.0003,392,408,49.88780146194457,16.133267641067505,42.35798501968384,58.49125266075134,794,0.34564100032730494,0,0,TRUE,pair,391,7.05519160006952,5.2978067161940485,40,0,7.462915601023018,7.05519160006952,0.7259612000489142,7.959944799586083,cpu,cuda:0,0,670.4638672,52
3549,1,DDT1200_num100.txt,fixed,2920,8,365,13.472193717956543,15.468111991882324,7.294205715879798e-06,0.42,0.02354340420969977,0.5262500047683716,0.04121210798621178,0.47999998927116394,0.6200000047683716,-0.003956795,0.005181991391711765,0.0002649417898889321,0.9271257387267219,0.01004011495280321,0.05138618568027461,0.0003,379,421,43.5643945727629,15.496747016906738,51.53046703338623,67.02721405029297,770,0.3382085999037372,0,0,TRUE,pair,395,6.630750199969043,5.014041094992259,45,0,7.3924050632911396,6.630750199969043,0.6935352000436978,7.792183600133285,cpu,cuda:0,0,670.4638672,48
3550,1,DDT1200_num100.txt,fixed,2873,8,359.125,16.320520401000977,15.876355171203613,1.0075829777633771e-05,0.03999999999999999,0.01674257749111866,0.5024999976158142,0.03072051890194416,0.4699999988079071,0.550000011920929,-0.069869174,-0.060562238,0.0002777534140881875,0.9445815251933204,0.0129757090859736,0.0638900122915705,0.0003,398,402,56.34262194616155,15.90356731414795,35.088024854660034,50.99159216880798,777,0.3587665000522975,0,0,TRUE,pair,387,6.779216300172266,5.0125304558033985,50,0,7.423772609819121,6.779216300172266,0.7112322002067231,8.02732050033228,cpu,cuda:0,0,670.46337890625,44
3551,1,DDT1200_num100.txt,fixed,2890,8,361.25,13.534677505493164,15.35498047,7.95761116023641e-06,0.13999999999999999,0.028196248918407354,0.5087499618530273,0.049101293087005615,0.4000000059604645,0.5699999928474426,-0.084437118,-0.07460433,0.0003227284038008225,0.9994153203787627,0.009869803480493525,0.06486796836058299,0.0003,393,407,43.87504242344585,15.382925510406494,50.48595666885376,65.86888217926025,787,0.3388952999084722,0,0,TRUE,pair,385,6.588374700062559,5.478892733646512,60,0,7.5064935064935066,6.588374700062559,0.7082223999022972,7.701707799744327,cpu,cuda:0,0,670.4638672,41
3552,1,DDT1200_num100.txt,fixed,2870,8,358.75,19.395553588867188,15.084144592285156,1.0925711649178993e-05,0.27999999999999997,0.02301479164149722,0.5174999833106995,0.034550685435533524,0.47999998927116394,0.5799999833106995,0.004814521176740527,0.014035923100891523,0.00020362593113532057,0.932321660220623,0.01255350343126338,0.03675728803500533,0.0003,386,414,91.78282550110367,15.120951890945435,16.14851474761963,31.269466638565063,799,0.4405144999473123,0,0,TRUE,pair,400,6.397653099935269,4.932752613406564,50,0,7.175,6.397653099935269,0.68030239988002,7.668205400288571,cpu,cuda:0,0,670.46337890625,40
3553,1,DDT1200_num100.txt,fixed,3046,8,380.75,16.648948669433594,16.215837478637695,9.344062164018396e-06,1.08,0.029184719050133878,0.5674999952316284,0.062399931252002716,0.47999998927116394,0.6600000262260437,0.09873460398779975,0.10773980213950078,0.0003125892455702544,0.9161496725347307,0.009393636378162127,0.05526616812373201,0.0003,346,454,66.53126290291901,16.24286437034607,29.540123462677002,45.78298783302307,790,0.3397073001397075,0,0,TRUE,pair,406,6.890960799792083,4.834537098146314,70,0,7.502463054187192,6.890960799792083,0.7007665998098673,8.261244499488384,cpu,cuda:0,0,670.46630859375,39
3554,1,DDT1200_num100.txt,fixed,2969,8,371.125,16.736469268798828,14.940791130065918,7.703540177317336e-06,0.68,0.02341629075327537,0.5424999594688416,0.055621493607759476,0.44999998807907104,0.6299999952316284,0.06743058309491191,0.07654105474995006,0.00024045972358657135,0.9230701667921883,0.011447177534656865,0.05533480990145888,0.0003,366,434,62.97723942856916,14.97028660774231,32.17372965812683,47.14401626586914,799,0.3333505000337027,0,0,TRUE,pair,398,6.408680600114167,4.900976760052559,50,0,7.459798994974874,6.408680600114167,0.6749993995326804,7.513886599292164,cpu,cuda:0,0,670.4658203,39
3555,1,DDT1200_num100.txt,fixed,3024,8,378,16.83745765686035,14.95396900177002,8.476442417304497e-06,0.88,0.026324585639187128,0.5549999475479126,0.03774917498230934,0.5,0.6200000047683716,0.02731380145996809,0.03624363323407514,0.00023560603481850455,0.904763502734048,0.010016682852957664,0.042112018913030624,0.0003,356,444,109.16405331474097,14.980358839035034,12.721067667007446,27.70142650604248,793,0.33406100000138395,0,0,TRUE,pair,404,6.179672500147717,4.81084656155614,80,0,7.485148514851486,6.179672500147717,0.6759409003570909,7.752971100184368,cpu,cuda:0,0,670.46630859375,41
3556,1,DDT1200_num100.txt,fixed,2978,8,372.25,20.813156127929688,14.878223419189453,1.1434153748268727e-05,0.8200000000000001,0.02830328566316736,0.5512499809265137,0.06899955123662949,0.38999998569488525,0.6200000047683716,0.013273376124826345,0.022415632551366634,0.00029851744131354445,0.9291511882435192,0.011744340416043997,0.04400787282396446,0.0003,359,441,97.86382025190382,14.905476570129395,15.524563789367676,30.43004035949707,788,0.326013500103727,0,0,TRUE,pair,394,6.148887999966973,4.993955673828791,60,0,7.558375634517766,6.148887999966973,0.6749816998053575,7.709764699742664,cpu,cuda:0,0,670.4658203,42
3557,1,DDT1200_num100.txt,fixed,2953,8,369.125,12.200794219970703,14.492463111877441,1.0282448783982545e-05,0.6,0.029629298393054466,0.5375000238418579,0.03381938114762306,0.5,0.6000000238418579,-0.000922937,0.008402055653277785,0.00025256395019823685,0.9451277032494545,0.009366383441374637,0.03405165858566761,0.0003,370,430,109.40635539801796,14.520808458328247,12.470310926437378,26.991119384765625,780,0.32238999973924365,0,0,TRUE,pair,390,5.931823900100426,5.023704707077548,50,0,7.5717948717948715,5.931823900100426,0.6688168006076012,7.55171609944955,cpu,cuda:0,0,670.4658203,43
3558,1,DDT1200_num100.txt,fixed,2923,8,365.375,13.756248474121094,14.757439613342285,7.3330670602445025e-06,0.42,0.03564111156429004,0.5262499451637268,0.04328322038054466,0.4399999976158142,0.5799999833106995,0.016317636395494144,0.025931824495395026,0.0003402316748785476,0.9784306486447653,0.008624011580832303,0.032146216245989005,0.0003,379,421,73.50035245839196,14.787097454071045,24.981419324874878,39.76851677894592,799,0.33964149975508917,0,0,TRUE,pair,383,6.278052100111381,5.405405403529378,50,0,7.631853785900783,6.278052100111381,0.6798444998566993,7.458977499569301,cpu,cuda:0,0,670.4638672,45
3559,1,DDT1200_num100.txt,fixed,2861,8,357.625,22.101682662963867,14.389881134033203,1.0501248652872164e-05,-0.14,0.03197522689890751,0.4912499785423279,0.06293598562479019,0.4099999964237213,0.6000000238418579,-0.29127499,-0.281372339,0.00032943054975476116,1.006737212340037,0.01125036731051902,0.041826327020923294,0.0003,407,393,123.73482313455136,14.416055679321289,8.705971956253052,23.12202763557434,790,0.32522669997706544,0,0,TRUE,pair,388,6.118461000194657,5.439356866519545,75,0,7.373711340206185,6.118461000194657,0.6643005997611908,7.274133599552442,cpu,cuda:0,0,670.46337890625,45
3560,1,DDT1200_num100.txt,fixed,2891,8,361.375,24.672542572021484,14.593778610229492,8.354862075066194e-06,0.3,0.033947144360295174,0.5187499523162842,0.07655676454305649,0.3799999952316284,0.6100000143051147,-0.059965868,-0.050640273,0.0004929989501963266,0.9572096334563361,0.008116376974309484,0.024518072605133057,0.0003,385,415,100.73683619018749,14.618966579437256,14.079572200775146,28.698538780212402,773,0.320097500240081,0,0,TRUE,pair,391,6.160509200009983,5.056381873216896,45,0,7.3938618925831205,6.160509200009983,0.6875409002386732,7.409481200171285,cpu,cuda:0,0,670.4638672,46
3561,1,DDT1200_num100.txt,fixed,2996,8,374.5,16.401220321655273,15.30532455444336,9.015880095830653e-06,0.68,0.047187539442719945,0.5425000190734863,0.05606915429234505,0.44999998807907104,0.6399999856948853,0.004288518219254911,0.013006770983338356,0.0004350627359599457,0.8935785666108131,0.010233638196950778,0.0506387124187313,0.0003,366,434,73.10687234521009,15.331629753112793,25.64946961402893,40.981099367141724,786,0.42838089988799766,0,0,TRUE,pair,396,6.462337700097123,4.819759680448132,45,0,7.565656565656566,6.462337700097123,0.7385297002037987,7.744849100490683,cpu,cuda:0,0,670.4658203,48
3562,1,DDT1200_num100.txt,fixed,3016,8,377,28.03569221496582,15.066295623779297,1.4301140254247002e-05,0.64,0.05924478803695505,0.5400000214576721,0.07176350802183151,0.3799999952316284,0.6100000143051147,-0.232918128,-0.22359205,0.0002475683868397027,0.9449853301048279,0.019060366554185748,0.06818921118974686,0.0003,368,432,185.27235245732393,15.094461441040039,1.1842761039733887,16.278737545013428,772,0.3350408998376224,0,0,TRUE,pair,403,6.264436800236581,4.756631300050953,55,0,7.483870967741935,6.264436800236581,0.682102699924144,7.770719000065583,cpu,cuda:0,0,208.81884765625,46
3563,1,DDT1200_num100.txt,fixed,2896,8,362,23.52126693725586,14.815088272094727,1.4368552001542412e-05,0.4,0.06223527386526264,0.5250000357627869,0.08093207329511642,0.4000000059604645,0.6200000047683716,-0.128735031,-0.120207737,0.0005116629494026441,0.8783123780179907,0.010534524658901824,0.06179370993265399,0.0003,380,420,51.44334007107705,14.843506813049316,41.451438188552856,56.29494500160217,769,0.3307685000618221,0,0,TRUE,pair,388,6.192861700037611,4.866022100435436,45,0,7.463917525773196,6.192861700037611,0.6847657001635525,7.589305500310729,cpu,cuda:0,0,670.4638672,49
3564,1,DDT1200_num100.txt,fixed,2906,8,363.25,7.529109954833984,14.495882034301758,6.511926585517358e-06,0.5599999999999999,0.0563594467827435,0.5350000262260437,0.022360684350132942,0.5099999904632568,0.5699999928474426,0.0028266049921512604,0.011882224829778784,0.0003296097552049018,0.9220427870750427,0.008600294484668189,0.051542539814753194,0.0003,372,428,62.12473654200849,14.523774147033691,32.25308418273926,46.77685832977295,771,0.40284229985263664,0,0,TRUE,pair,375,6.044785200065235,4.952512043636582,60,0,7.749333333333333,6.044785200065235,0.6693015998462215,7.444649499782827,cpu,cuda:0,0,670.4638672,50
3565,1,DDT1200_num100.txt,fixed,2938,8,367.25,12.497499465942383,14.836891174316406,7.494084002246382e-06,0.58,0.04987282183243375,0.5362499952316284,0.048973847180604935,0.4699999988079071,0.6100000143051147,-0.041623764,-0.032663807,0.0002957654732098389,0.9107840061187744,0.007137205969128344,0.03902738975981871,0.0003,371,429,68.45059861850594,14.862760305404663,28.05870509147644,42.9214653968811,758,0.3121161003073212,0,0,TRUE,pair,390,6.198672399914358,4.890061265355961,45,0,7.533333333333333,6.198672399914358,0.6940069997071987,7.595593199323048,cpu,cuda:0,0,670.4638672,51
3566,1,DDT1200_num100.txt,fixed,2973,8,371.625,17.747798919677734,15.136362075805664,9.344062164018396e-06,0.66,0.05242325189835169,0.5412499904632568,0.06660284101963043,0.38999998569488525,0.6000000238418579,-0.043648306,-0.034771021,0.000359548435274822,0.9057056605815887,0.00911585115439569,0.03884265944361687,0.0003,367,433,112.4436366079908,15.162429332733154,11.277483940124512,26.439913272857666,779,0.31811140006175265,0,0,TRUE,pair,387,6.394611899973825,4.887991928148061,65,0,7.682170542635659,6.394611899973825,0.6834663002227899,7.709446199514787,cpu,cuda:0,0,670.4658203,50
3567,1,DDT1200_num100.txt,fixed,2929,8,366.125,20.672672271728516,14.822956085205078,8.189947038772516e-06,0.4,0.05094564750354656,0.5249999761581421,0.06103277951478958,0.4300000071525574,0.6100000143051147,0.017033438715669844,0.026182432969411213,0.000315658497533554,0.9306825399398804,0.009826616733334959,0.037563610097600356,0.0003,380,420,99.38612652233165,14.85008192062378,14.620832204818726,29.470914125442505,781,0.3382581999176182,0,0,TRUE,pair,390,6.229679699768894,5.0710139993760075,60,0,7.51025641025641,6.229679699768894,0.6703569004748715,7.581553699434153,cpu,cuda:0,0,670.4638672,50
3568,1,DDT1200_num100.txt,fixed,2959,8,369.875,25.20137596130371,14.613510131835938,1.1873149560415186e-05,0.44,0.04754107943927911,0.5274999737739563,0.06814507395029068,0.4300000071525574,0.6200000047683716,-0.035743267,-0.026444971,0.00022360808604086438,0.9410099188486735,0.019082928309217095,0.08172132664670546,0.0003,378,422,121.63382032092065,14.648901224136353,9.678214311599731,24.327115535736084,801,0.33598760004679207,0,0,TRUE,pair,401,5.952391999773681,4.88104089311991,55,0,7.379052369077307,5.952391999773681,0.6707938995823497,7.643602099851705,cpu,cuda:0,0,670.4658203,50
3569,1,DDT1200_num100.txt,fixed,2887,8,360.875,22.86065101623535,14.692672729492188,1.049041748046875e-05,0.42,0.045845923292649846,0.5262500047683716,0.05611094459891319,0.46000000834465027,0.6200000047683716,0.02901538982987404,0.03855879008769989,0.0002748201775830239,0.9680816292762756,0.015509078931063413,0.06397735588252544,0.0003,379,421,131.75397628841912,14.719915390014648,7.192136764526367,21.912052154541016,769,0.32041309983469546,0,0,TRUE,pair,388,6.240878400174552,5.191548320138004,60,0,7.440721649484536,6.240878400174552,0.6826471002277685,7.431166099369875,cpu,cuda:0,0,670.4638672,51
3570,1,DDT1200_num100.txt,fixed,2769,8,346.125,17.884613037109375,14.550292015075684,1.7571950593264773e-05,-0.7,0.033249647843095864,0.45625001192092896,0.06122448295354843,0.3799999952316284,0.5699999928474426,-0.102026319,-0.092248122,0.00036448397804633714,0.9960439552863439,0.01263009941127772,0.0703810070020457,0.0003,435,365,50.13689111068182,14.577538967132568,40.651254415512085,55.22879338264465,796,0.3449057001998881,0,0,TRUE,pair,380,6.205065900008776,5.41964608183317,45,0,7.286842105263158,6.205065900008776,0.6816422002157196,7.298628699951223,cpu,cuda:0,0,670.46142578125,51
3571,1,DDT1200_num100.txt,fixed,2970,8,371.25,18.019086837768555,14.60369873046875,1.1650840860966127e-05,0.3,0.03429671581983404,0.518750011920929,0.055775780230760574,0.4300000071525574,0.6200000047683716,0.0834771480339651,0.09350694948807359,0.00035099989551012044,1.0205301000521734,0.011375884561297985,0.0665599569105185,0.0003,385,415,91.75015508191977,14.62899136543274,17.741526126861572,32.37051749229431,795,0.32533130001684185,0,0,TRUE,pair,395,6.000460299983388,5.135690235288858,60,0,7.518987341772152,6.000460299983388,0.6633825005119434,7.599020800247672,cpu,cuda:0,0,670.4658203,51
3572,1,DDT1200_num100.txt,fixed,2918,8,364.75,20.626136779785156,14.724618911743164,1.1284027095825877e-05,0.22,0.02473265857588365,0.5137500166893005,0.06518004834651947,0.4399999976158142,0.6600000262260437,-0.170659505,-0.1616014,0.00037475811259355394,0.9245486974716186,0.011970545118674635,0.061663106083869934,0.0003,389,411,122.69221107030086,14.751805305480957,9.031285524368286,23.783090829849243,797,0.340829000226222,0,0,TRUE,pair,398,6.111929200225859,5.221041810684126,65,0,7.331658291457287,6.111929200225859,0.6933965998323401,7.574243999973987,cpu,cuda:0,0,670.4638672,51
3573,1,DDT1200_num100.txt,fixed,2894,8,361.75,19.517620086669922,14.413825988769531,1.0752651178336237e-05,-1.04E-17,0.022074101037383758,0.5,0.05958187207579613,0.4300000071525574,0.5799999833106995,-0.024502805,-0.015042827,0.00036469082018205273,0.9642322609821955,0.011123921043084314,0.0469887248861293,0.0003,400,400,81.57160877580692,14.440888404846191,21.037141799926758,35.47803020477295,812,0.343051399991964,0,0,TRUE,pair,398,5.889256599883083,5.138217000196782,40,0,7.271356783919598,5.889256599883083,0.6561468999570934,7.530170399535564,cpu,cuda:0,0,670.4638672,51
3574,1,DDT1200_num100.txt,fixed,2985,8,373.125,14.632476806640625,14.905508995056152,8.622713721706532e-06,0.3,0.02520620808964121,0.5187499523162842,0.045944944024086,0.41999998688697815,0.5699999928474426,-0.081184403,-0.071760624,0.000333116014695002,0.9590332640541924,0.007840387704264786,0.03787669860240486,0.0003,385,415,100.62671116179277,14.931232213973999,14.73285961151123,29.66409182548523,780,0.33642220005276613,0,0,TRUE,pair,403,6.138048700100626,5.26532663212749,45,0,7.406947890818858,6.138048700100626,0.6847444000304677,7.633578800043324,cpu,cuda:0,0,670.4658203,46
3575,1,DDT1200_num100.txt,fixed,3022,8,377.75,19.421316146850586,14.774714469909668,8.238388545578346e-06,0.76,0.02371505780196262,0.5475000143051147,0.048669807612895966,0.46000000834465027,0.6100000143051147,-0.023721476,-0.014654875,0.00030398206383159214,0.9218591505830939,0.010943816879510203,0.04669079167599028,0.0003,362,438,97.15505065413436,14.801124811172485,16.303794384002686,31.10491919517517,771,0.4028823000844568,0,0,TRUE,pair,404,6.0958324998791795,4.765387159045527,40,0,7.48019801980198,6.0958324998791795,0.665125099971192,7.669838299552794,cpu,cuda:0,0,670.46630859375,43
3576,1,DDT1200_num100.txt,fixed,2875,8,359.375,19.538022994995117,14.264927864074707,1.0673060387489386e-05,0.14,0.021475958452248374,0.5087500214576721,0.07355906814336777,0.3700000047683716,0.6399999856948853,-0.068033115,-0.058270755,0.00035467570985649497,0.9939699127123907,0.011240517675804976,0.06003631092607975,0.0003,393,407,86.56278186812457,14.29248332977295,18.92040491104126,33.21288824081421,801,0.4264400000247406,0,0,TRUE,pair,389,5.857919099988067,5.242782609193221,70,0,7.390745501285347,5.857919099988067,0.6542249000049196,7.4187135999818565,cpu,cuda:0,0,670.46337890625,42
3577,1,DDT1200_num100.txt,fixed,2852,8,356.5,27.721832275390625,14.274320602416992,1.4133215699985158e-05,0.020000000000000007,0.025834335144094014,0.5012500286102295,0.07490619271993637,0.4000000059604645,0.6299999952316284,-0.050911011,-0.042822445,0.00041756344268963275,0.8297350066048759,0.020700819391225065,0.060066883585282733,0.0003,399,401,111.94908694124646,14.299473762512207,11.176392793655396,25.475866556167603,786,0.3291287998436019,0,0,TRUE,pair,403,5.918869199958863,4.714586254799683,36,0,7.076923076923077,5.918869199958863,0.659089499808033,7.362052699754713,cpu,cuda:0,0,670.46337890625,40
3578,1,DDT1200_num100.txt,fixed,2979,8,372.375,21.0412540435791,15.148780822753906,1.203482588607585e-05,0.68,0.027585630103619387,0.5425000190734863,0.051173724234104156,0.4300000071525574,0.6100000143051147,-0.028474373,-0.019191054,0.00028664367273449897,0.9426639676094055,0.018521870533004404,0.07193350289016961,0.0003,366,434,116.53340409059678,15.174904108047485,10.38858151435852,25.563485622406006,769,0.3262206001090817,0,0,TRUE,pair,396,6.308143499874859,5.243370257795718,50,0,7.5227272727272725,6.308143499874859,0.7158096993516665,7.767388999811374,cpu,cuda:0,0,670.4658203,40
3579,1,DDT1200_num100.txt,fixed,2817,8,352.125,17.560163497924805,14.346860885620117,7.95761116023641e-06,-0.12,0.02397895221657548,0.4925000071525574,0.046300649642944336,0.4399999976158142,0.550000011920929,-0.163440749,-0.154277709,0.0003350951950638913,0.933058486534999,0.014458975575577755,0.08690138676991829,0.0003,406,394,83.32065603087885,14.372264862060547,19.436878442764282,33.80914330482483,795,0.33594319988333154,0,0,TRUE,pair,382,6.038048099973821,5.184948526463019,65,0,7.37434554973822,6.038048099973821,0.684544300136622,7.290175599599024,cpu,cuda:0,0,670.46337890625,40
3580,1,DDT1200_num100.txt,fixed,2914,8,364.25,23.359954833984375,14.925756454467773,1.2194358532724436e-05,0.6,0.027833705814981267,0.5374999642372131,0.0717199444770813,0.4099999964237213,0.6299999952316284,-0.031840731,-0.022909906,0.0003217278717784211,0.9091688444217046,0.013494917016942054,0.05855344949911038,0.0003,370,430,79.44213495229164,14.950875282287598,21.72991132736206,36.68078660964966,773,0.31545120001828764,0,0,TRUE,pair,394,6.466067400091561,5.081331501943081,65,0,7.395939086294416,6.466067400091561,0.6947019993822323,7.420706900054938,cpu,cuda:0,0,670.4638672,39
3581,1,DDT1200_num100.txt,fixed,2895,8,361.875,25.91060447692871,14.452141761779785,1.5202806935121771e-05,0.18,0.02624957950563111,0.5112500190734863,0.05967358872294426,0.3700000047683716,0.5799999833106995,-0.042517818,-0.033797805,0.0003859086677299014,0.8912966336522784,0.04949799565864461,0.054323235260588784,0.0003,391,409,109.04872874209394,14.480870246887207,12.06689453,26.547764778137207,776,0.322241299887537,0,0,TRUE,pair,402,6.000553999794647,4.950604491283239,40,0,7.201492537313433,6.000553999794647,0.6775770005624508,7.4351700000988785,cpu,cuda:0,0,670.4638672,42
3582,1,DDT1200_num100.txt,fixed,2999,8,374.875,22.88251304626465,15.023649215698242,1.3015121112402994e-05,0.76,0.02969384156919638,0.54749995470047,0.05117371678352356,0.46000000834465027,0.6399999856948853,0.04079334023925993,0.04893592666161971,0.0003294105538063579,0.8307289282480875,0.015929938293993473,0.0710728226436509,0.0003,362,438,102.20997732015417,15.052461624145508,14.289096593856812,29.34155821800232,772,0.3302378998923814,0,0,TRUE,pair,408,6.334979499923065,4.752584196957559,50,0,7.3504901960784315,6.334979499923065,0.6853221000201302,7.6555738998577,cpu,cuda:0,0,670.4658203,43
3583,1,DDT1200_num100.txt,fixed,2970,8,371.25,19.246753692626953,14.63125991821289,1.0873560313484631e-05,0.74,0.031120696836750086,0.5462499856948853,0.060194991528987885,0.46000000834465027,0.6499999761581421,-0.06598759,-0.057882455,0.0002820844305321001,0.8246178672863886,0.015131929683355758,0.051509723926966004,0.0003,363,437,89.7880776886804,14.65791630744934,18.41997194290161,33.07788825035095,755,0.32378580000658985,0,0,TRUE,pair,405,6.0557210999395465,4.819865320186422,40,0,7.333333333333333,6.0557210999395465,0.6609410000382923,7.572864599816967,cpu,cuda:0,0,670.4658203,43
3584,1,DDT1200_num100.txt,fixed,2892,8,361.5,24.794153213500977,14.041682243347168,1.5717554560978897e-05,0.58,0.034502039333746404,0.5362499952316284,0.05337075889110565,0.46000000834465027,0.6200000047683716,-0.009862451,-0.001584709,0.000279342526482651,0.8417413085699081,0.015452646010089666,0.04408759158104658,0.0003,371,429,166.63126133602506,14.069146871566772,3.2865400314331055,17.355686902999878,760,0.3121248998650117,0,0,TRUE,pair,405,5.762040500034345,4.73340249119293,40,0,7.140740740740741,5.762040500034345,0.6255913997156313,7.330759200020111,cpu,cuda:0,0,453.4511719,44
3585,1,DDT1200_num100.txt,fixed,2836,8,354.5,26.837472915649414,14.150063514709473,9.876401236397214e-06,0.42,0.033530790221257385,0.5262500047683716,0.05218656361103058,0.41999998688697815,0.5799999833106995,-0.083552201,-0.075687241,0.00032847318733628426,0.802920036845737,0.010304646256069342,0.04406625839571158,0.0003,379,421,100.1766415489696,14.176826000213623,14.133166790008545,28.309992790222168,765,0.3143320997914998,0,0,TRUE,pair,402,5.899776700127404,4.816995769024568,50,0,7.054726368159204,5.899776700127404,0.6274371995241381,7.299866400440806,cpu,cuda:0,0,670.46337890625,44
3586,1,DDT1200_num100.txt,fixed,2902,8,362.75,28.747825622558594,14.497063636779785,1.1473855010990519e-05,0.54,0.03559520408340986,0.5337499976158142,0.06817945092916489,0.41999998688697815,0.6499999761581421,-0.009393389,-0.001149843,0.0002542889622938154,0.8370688813073295,0.017454011498817375,0.04110756888985634,0.0003,373,427,110.65296617065846,14.521525859832764,11.704612493515015,26.22613835334778,772,0.31749649984703865,0,0,TRUE,pair,402,6.056040200026473,4.712267399984421,40,0,7.218905472636816,6.056040200026473,0.6683424995862879,7.438832500265562,cpu,cuda:0,0,670.4638672,45
3587,1,DDT1200_num100.txt,fixed,2947,8,368.375,26.668977737426758,14.650880813598633,1.3359952390601393e-05,0.28,0.0343894322914082,0.5174999833106995,0.046569835394620895,0.4399999976158142,0.5699999928474426,-0.099747107,-0.092214303,0.00028602665406651795,0.7675817131996154,0.014882255962584167,0.03552869642153382,0.0003,386,414,99.10693680667828,14.67804765701294,15.057509660720825,29.735557317733765,779,0.32592110011319164,0,0,TRUE,pair,403,6.15598569989379,4.656939258808437,50,0,7.312655086848635,6.15598569989379,0.6792621002387023,7.4745139998995,cpu,cuda:0,0,670.4658203,46
3588,1,DDT1200_num100.txt,fixed,2937,8,367.125,24.106210708618164,14.82332992553711,1.3180041605664883e-05,0.4,0.028814339468453822,0.5249999761581421,0.044158805161714554,0.46000000834465027,0.6200000047683716,-0.057185098,-0.048970438,0.0002869768112969513,0.8358147098467901,0.010012899476210944,0.047573660751088306,0.0003,380,420,90.36261108813413,14.850611209869385,17.651769638061523,32.50238084793091,779,0.31982600018091034,0,0,TRUE,pair,413,6.1120399000064936,4.7156962871876225,40,0,7.11138014527845,6.1120399000064936,0.7057057001220528,7.658394099853467,cpu,cuda:0,0,670.4638672,46
3589,1,DDT1200_num100.txt,fixed,2904,8,363,27.708301544189453,14.490899085998535,1.11879044197849e-05,0.36,0.03371996540531095,0.5224999785423279,0.06609651446342468,0.4300000071525574,0.6100000143051147,-0.076194167,-0.068403258,0.00027644753364646543,0.7929131431238992,0.014573884944963669,0.056992863437959125,0.0003,382,418,83.24566570455266,14.515759468078613,20.368939638137817,34.88469910621643,776,0.41430390007735696,0,0,TRUE,pair,390,6.049348699991242,4.499311297228842,52,0,7.446153846153846,6.049348699991242,0.6611030001367908,7.4484966001909925,cpu,cuda:0,0,670.4638672,48
3590,1,DDT1200_num100.txt,fixed,3022,8,377.75,13.479150772094727,15.202560424804688,8.028725460462738e-06,1.22,0.04079591706457071,0.5762500166893005,0.045535024255514145,0.5099999904632568,0.6600000262260437,0.0009459399928649267,0.009198183193802834,0.00025213206875681254,0.8378309309482574,0.015465984586626291,0.051429529363910355,0.0003,339,461,115.95610214551125,15.22892451286316,10.832662105560303,26.061586618423462,770,0.3223907998035429,0,0,TRUE,pair,403,6.424492799807922,4.647253475190787,50,0,7.4987593052109185,6.424492799807922,0.6660322993411683,7.765686500148149,cpu,cuda:0,0,670.46630859375,47
3591,1,DDT1200_num100.txt,fixed,3042,8,380.25,9.202581405639648,15.20571231842041,6.893554655107437e-06,0.84,0.04378679243561503,0.5525000095367432,0.027271775528788567,0.5,0.5899999737739563,-0.035892924,-0.027914358,0.00027629530392771,0.8116712319223505,0.010065788669683235,0.046653070732166894,0.0003,358,442,65.8476901604284,15.232660293579102,30.96485996246338,46.19752025604248,779,0.3348744001268642,0,0,TRUE,pair,397,6.309469599975273,4.628862590401052,45,0,7.662468513853904,6.309469599975273,0.6923013997438829,7.849573100334965,cpu,cuda:0,0,670.46630859375,48
3592,1,DDT1200_num100.txt,fixed,2936,8,367,12.649110794067383,14.828817367553711,7.54699294702732e-06,0.4,0.03726182956052004,0.5249999761581421,0.040926773101091385,0.46000000834465027,0.6000000238418579,0.016793804864088695,0.026015313963095348,0.00017072724585887045,0.9306874473889669,0.015005879608603815,0.03949001245200634,0.0003,380,420,162.77049543774496,14.854715585708618,3.1829514503479004,18.03766703605652,779,0.3345478000701405,0,0,TRUE,pair,390,6.3164822001126595,4.754427793240352,40,0,7.528205128205128,6.3164822001126595,0.6835031994414749,7.481937700067647,cpu,cuda:0,0,475.66650390625,49
3593,1,DDT1200_num100.txt,fixed,2981,8,372.625,16.4919490814209,14.667386054992676,8.113241165119689e-06,0.78,0.03810970867247441,0.5487499833106995,0.054184287786483765,0.49000000953674316,0.6399999856948853,-0.003358174,0.0048256292222784115,0.0002941474975579275,0.8330877010638897,0.011420043095803032,0.04764887891136683,0.0003,361,439,76.70004106014656,14.693556070327759,24.172133684158325,38.865689754486084,786,0.3193128000275465,0,0,TRUE,pair,392,6.077335300084087,4.638711842743593,35,0,7.604591836734694,6.077335300084087,0.6624860008596443,7.587928099397686,cpu,cuda:0,0,670.4658203,49
3594,1,DDT1200_num100.txt,fixed,2890,8,361.25,21.798795700073242,14.235203742980957,1.3167096767574549e-05,0.22,0.03746592994228718,0.5137499570846558,0.04608077555894852,0.4399999976158142,0.5699999928474426,-0.092942503,-0.085118116,0.00032890944130485876,0.7988838285207749,0.00954492941382341,0.04132431524340063,0.0003,389,411,61.18791454219612,14.260973691940308,32.97057557106018,47.23154926300049,748,0.30753350001759827,0,0,TRUE,pair,384,5.913094299947261,4.647058822910679,50,0,7.526041666666667,5.913094299947261,0.6590624001692049,7.3305363999679685,cpu,cuda:0,0,670.4638672,50
3595,1,DDT1200_num100.txt,fixed,3035,8,379.375,22.825082778930664,15.007848739624023,1.3687801583728287e-05,1.12,0.037590810149544185,0.5699999928474426,0.04769695922732353,0.46000000834465027,0.6200000047683716,-0.036948577,-0.029572224,0.0002588453120552003,0.7505776842435201,0.00822337600402534,0.037707004013160864,0.0003,344,456,72.71254805976666,15.038987874984741,26.70071291923523,41.73970079421997,749,0.3203630001080455,0,0,TRUE,pair,406,6.251770799935912,4.442174628853209,50,0,7.475369458128079,6.251770799935912,0.6894585002446547,7.716167100283201,cpu,cuda:0,0,670.46630859375,50
3596,1,DDT1200_num100.txt,fixed,2913,8,364.125,17.18602180480957,14.411187171936035,7.798875230946578e-06,0.56,0.03983206447627159,0.5349999666213989,0.04242641478776932,0.47999998927116394,0.6100000143051147,-0.05893652,-0.050550825,0.0002625889004169342,0.8516985906494988,0.010934245268193385,0.05577703896496031,0.0003,372,428,101.57118295805196,14.437639951705933,14.241754293441772,28.679394245147705,775,0.32061790030275006,0,0,TRUE,pair,381,6.090396600047825,4.774802608421239,45,0,7.645669291338582,6.090396600047825,0.6522394996281946,7.336876199900871,cpu,cuda:0,0,670.4638672,50
3597,1,DDT1200_num100.txt,fixed,2923,8,365.375,17.985671997070312,14.544622421264648,9.88790543487994e-06,0.54,0.04047136427906064,0.5337499976158142,0.052186571061611176,0.41999998688697815,0.6100000143051147,-0.031698333,-0.024140675,0.0003187752906039047,0.7717046042283376,0.010952562637006244,0.046235304325819016,0.0003,373,427,112.60732427808816,14.574942111968994,11.382516860961914,25.957458972930908,771,0.32201349989918526,0,0,TRUE,pair,379,6.080040400149301,4.7742045842496,70,0,7.712401055408971,6.080040400149301,0.658046299678972,7.4719907001563115,cpu,cuda:0,0,670.4638672,52
3598,1,DDT1200_num100.txt,fixed,2941,8,367.625,24.713041305541992,15.18036937713623,1.4915935935277957e-05,0.7000000000000001,0.04295173092782587,0.543749988079071,0.06613197177648544,0.4000000059604645,0.6200000047683716,-0.062650335,-0.054535614,0.0003139020344759855,0.8271672438692164,0.01254033168812317,0.06592070945986996,0.0003,365,435,50.7157780284535,15.208733320236206,42.78110957145691,57.989842891693115,771,0.4124823001475306,0,0,TRUE,pair,394,6.434642799984431,4.828969739157097,50,0,7.464467005076142,6.434642799984431,0.7024634998524562,7.689495299971895,cpu,cuda:0,0,670.4638672,52
3599,1,DDT1200_num100.txt,fixed,2938,8,367.25,21.270578384399414,14.927799224853516,1.3248866707726847e-05,0.64,0.04710732012507232,0.5400000214576721,0.05244043096899986,0.46000000834465027,0.5899999737739563,-0.088221397,-0.080301367,0.0003343811979654922,0.8087219514630057,0.01278815607921305,0.06062247350134633,0.0003,368,432,54.488775706719814,14.956466674804688,38.962894916534424,53.91936159133911,742,0.395288899919251,0,0,TRUE,pair,393,6.371671300003072,4.806330837020264,36,0,7.475826972010178,6.371671300003072,0.6917800998635357,7.52052849989559,cpu,cuda:0,0,670.4638672,45
3600,1,DDT1200_num100.txt,fixed,2993,8,374.125,11.634405136108398,15.169878005981445,8.000355592230335e-06,0.92,0.045550662413038005,0.5575000047683716,0.03561951592564583,0.5,0.6100000143051147,0.010779757190633702,0.019107446764354354,0.0003116143222238558,0.8483497566647,0.011382286273012007,0.050235475654955265,0.0003,354,446,50.645080027609936,15.196604490280151,43.90094256401062,59.09754705429077,750,0.31512580007256474,0,0,TRUE,pair,398,6.382900300071924,4.7627798186231125,40,0,7.5201005025125625,6.382900300071924,0.7018261004704982,7.735408400229062,cpu,cuda:0,0,670.4658203,43
3601,1,DDT1200_num100.txt,fixed,2902,8,362.75,27.918407440185547,14.981029510498047,1.639030233491212e-05,0.48000000000000004,0.0477690643188593,0.5299999713897705,0.05545268952846527,0.4300000071525574,0.6000000238418579,-0.01486579,-0.00663452,0.00031025599121305814,0.8386400231608638,0.006998724657697258,0.03911336611404463,0.0003,376,424,51.8652994722266,15.010008573532104,40.942623138427734,55.95263171195984,766,0.3233059999329271,0,0,TRUE,pair,406,6.493733500086819,4.606133699827898,40,0,7.147783251231527,6.493733500086819,0.6782217995787505,7.467536399883102,cpu,cuda:0,0,670.4638672,40
3602,1,DDT1200_num100.txt,fixed,2987,8,373.375,18.827754974365234,15.142804145812988,3.2514210033696145e-05,1.06,0.05368678963532757,0.5662499666213989,0.03237958624958992,0.5299999713897705,0.6399999856948853,-0.032787349,-0.024499746,0.0002774747985380667,0.842633878743207,0.007814560199794532,0.0482279397547245,0.0003,347,453,51.22746681100744,15.170222520828247,43.13834095001221,58.308563470840454,757,0.31018000016047154,0,0,TRUE,pair,399,6.447609099952388,4.601272177768065,40,0,7.486215538847118,6.447609099952388,0.6773438000091119,7.670313100039493,cpu,cuda:0,0,670.4658203,39
3603,1,DDT1200_num100.txt,fixed,2970,8,371.25,14.006694793701172,15.381820678710938,9.882155609375332e-06,0.54,0.05650153656625324,0.5337499976158142,0.04635124281048775,0.46000000834465027,0.6000000238418579,-0.030347432,-0.021768822,0.0002624485641717911,0.8709839449988471,0.0151631033513695,0.04921948733843035,0.0003,373,427,99.12622276180593,15.407281637191772,14.55451774597168,29.961799383163452,766,0.33861740012071095,0,0,TRUE,pair,392,6.355930100093246,4.734680135402615,50,0,7.576530612244898,6.355930100093246,0.711746899803984,7.957181100311573,cpu,cuda:0,0,670.4658203,39
3604,1,DDT1200_num100.txt,fixed,2924,8,365.5,20.5,14.856051445007324,9.631638022256084e-06,0.64,0.05968859628337989,0.5399999618530273,0.06244998052716255,0.4399999976158142,0.6499999761581421,-0.107836505,-0.099865023,0.00025879975873976946,0.8100884394212202,0.0076464173987253825,0.044486690566621044,0.0003,368,432,62.36399078998881,14.888611555099487,31.997419357299805,46.88603091239929,755,0.32370190003712196,0,0,TRUE,pair,401,6.1788351001014234,4.529753762051443,48,0,7.291770573566085,6.1788351001014234,0.6773233999701915,7.657654899710906,cpu,cuda:0,0,670.4638672,42
3605,1,DDT1200_num100.txt,fixed,2991,8,373.875,21.156780242919922,15.1617431640625,1.173833243228728e-05,0.92,0.06464558500718812,0.5575000047683716,0.04656984284520149,0.4699999988079071,0.6299999952316284,0.11054002493619919,0.11932944506406784,0.00017772910359781235,0.8878291249275208,0.016328152792993933,0.023470735177397728,0.0003,354,446,167.60459351117743,15.191813230514526,2.653759717941284,17.84557294845581,770,0.33247220009798184,0,0,TRUE,pair,406,6.5531043000664795,4.439317953463025,40,0,7.3669950738916254,6.5531043000664795,0.682559800465242,7.582028999982867,cpu,cuda:0,0,459.8730469,43
3606,1,DDT1200_num100.txt,fixed,2825,8,353.125,23.491687774658203,14.408331871032715,1.4498516065941658e-05,0.27999999999999997,0.06242623438312976,0.5174999833106995,0.056291643530130386,0.4399999976158142,0.5899999737739563,-0.07174379,-0.063438974,0.0002526928108315641,0.8431161186274361,0.00841439635876347,0.04072166535565082,0.0003,386,414,69.54322118345667,14.44259524345398,26.179624319076538,40.62221956253052,770,0.32717279983626213,0,0,TRUE,pair,387,6.094921600059024,4.694867256215188,50,0,7.299741602067184,6.094921600059024,0.6580911001365166,7.321124300331576,cpu,cuda:0,0,670.46337890625,44
3607,1,DDT1200_num100.txt,fixed,2938,8,367.25,10.985786437988281,15.183606147766113,6.298944754234981e-06,0.46,0.06296435395258199,0.5287500023841858,0.03515590727329254,0.49000000953674316,0.6000000238418579,-0.04644987,-0.03803535,0.0002584930273140064,0.8543766553585346,0.010190755672878228,0.04749282345605584,0.0003,377,423,50.86769040565254,15.211416006088257,42.54626822471619,57.75768423080444,774,0.33631830009107944,0,0,TRUE,pair,381,6.369120600138558,4.8294758340629125,45,0,7.711286089238845,6.369120600138558,0.719943599877297,7.743786099512363,cpu,cuda:0,0,670.4638672,46
3608,1,DDT1200_num100.txt,fixed,3084,8,385.5,9.987492561340332,15.615678787231445,6.538061825267505e-06,1.02,0.05528376120740359,0.5637499690055847,0.0315980538725853,0.5,0.6000000238418579,-0.079542567,-0.071311288,0.00025548331420092535,0.8359018862247467,0.009343797127561023,0.03975281616051992,0.0003,349,451,110.35734450231305,15.647819757461548,12.297760248184204,27.945580005645752,769,0.32704950010520406,0,0,TRUE,pair,402,6.5999306997982785,4.772049286988613,45,0,7.6716417910447765,6.5999306997982785,0.7380700997891836,7.914107500109822,cpu,cuda:0,0,670.46826171875,47
3609,1,DDT1200_num100.txt,fixed,2935,8,366.875,21.956989288330078,14.83497142791748,9.748958291311283e-06,0.52,0.054200318805685294,0.5324999690055847,0.06552670896053314,0.4300000071525574,0.6399999856948853,0.0393937012180686,0.04824188109487295,0.0002811701997416094,0.8988765120506287,0.01957859583199024,0.08727268278598785,0.0003,374,426,127.55143639829195,14.860709190368652,8.14961576461792,23.010324954986572,779,0.3282229000760708,0,0,TRUE,pair,396,6.236978700137115,4.722657581,32,0,7.411616161616162,6.236978700137115,0.6974412999552442,7.556338100112043,cpu,cuda:0,0,670.4638672,48
3610,1,DDT1200_num100.txt,fixed,2895,8,361.875,15.226929664611816,14.420985221862793,9.066177881322801e-06,0.2,0.05290074044450402,0.512499988079071,0.0386490598320961,0.4699999988079071,0.5799999833106995,-0.030808808,-0.021681826,0.00025729012850206345,0.9255625473128425,0.012280201536163481,0.04439866938628256,0.0003,390,410,103.10639661873456,14.447908401489258,13.629884004592896,28.077792406082153,785,0.41354410006897524,0,0,TRUE,pair,388,5.9453884998947615,4.865630396948371,45,0,7.461340206185567,5.9453884998947615,0.6412363995768828,7.502420499993605,cpu,cuda:0,0,670.4638672,48
3611,1,DDT1200_num100.txt,fixed,3047,8,380.875,18.271820068359375,15.155797958374023,9.325794053438585e-06,0.74,0.0507221157859301,0.5462499856948853,0.03998046740889549,0.4699999988079071,0.6100000143051147,-0.07032658,-0.06116909,0.00024417658446159644,0.9279579887023339,0.011144630718403138,0.06743024604824874,0.0003,363,437,89.26521036545148,15.184176445007324,18.95006227493286,34.134238719940186,783,0.32196120005392004,0,0,TRUE,pair,399,6.352215500097373,4.556941253692156,45,0,7.636591478696742,6.352215500097373,0.6852457003406016,7.768140700049116,cpu,cuda:0,0,670.46630859375,48
3612,1,DDT1200_num100.txt,fixed,3055,8,381.875,12.751837730407715,15.326345443725586,9.27690325625008e-06,0.7000000000000001,0.05525458786471793,0.543749988079071,0.0447038970887661,0.47999998927116394,0.6000000238418579,-0.038451386,-0.029495792,0.00028094909537364454,0.9096069967045504,0.012268511900294791,0.05794292743153432,0.0003,365,435,70.02052336630553,15.35435938835144,28.275705814361572,43.63006520271301,772,0.3324368998873979,0,0,TRUE,pair,404,6.378271300156484,4.697217675316743,40,0,7.561881188118812,6.378271300156484,0.7045916999923065,7.882655300796614,cpu,cuda:0,0,670.46630859375,50
3613,1,DDT1200_num100.txt,fixed,2936,8,367,15.256146430969238,14.872159957885742,8.589689059590455e-06,0.38,0.05027086749139371,0.5237500071525574,0.04688750579953194,0.44999998807907104,0.6000000238418579,-0.104768973,-0.095796184,0.0002925732141275975,0.911908133463426,0.012815666787157004,0.058703950606286526,0.0003,381,419,93.626159934116,14.900943040847778,16.45781397819519,31.35875701904297,779,0.3279774000548059,0,0,TRUE,pair,391,6.307130699919071,4.8852179828391735,40,0,7.508951406649617,6.307130699919071,0.6764790997403907,7.54512399979285,cpu,cuda:0,0,670.4638672,49
3614,1,DDT1200_num100.txt,fixed,3014,8,376.75,23.84192657470703,15.763317108154297,1.2927476745971944e-05,0.48,0.05980285752176433,0.5299999713897705,0.05809474736452103,0.4399999976158142,0.6200000047683716,-0.121043283,-0.11193352,0.0003581840137485415,0.9288851889696988,0.011445134539495815,0.043997889892621475,0.0003,376,424,91.10112135972891,15.7894868850708,17.294628381729126,33.08411526679993,799,0.341749599785544,0,0,TRUE,pair,407,6.752950100082671,4.7431984080648135,50,0,7.405405405405405,6.752950100082671,0.7218281004170422,7.921172200367437,cpu,cuda:0,0,670.46630859375,49
3615,1,DDT1200_num100.txt,fixed,3066,8,383.25,18.786630630493164,15.622682571411133,9.66110201261472e-06,0.92,0.0678721594183228,0.5575000047683716,0.0571729838848114,0.4699999988079071,0.6399999856948853,0.08160073558489482,0.09094082191586494,0.0003047739980199064,0.9492467244466146,0.014130408487593135,0.058136651292443275,0.0003,354,446,164.48266338250548,15.649617671966553,2.990644693374634,18.640262365341187,772,0.3281766999862157,0,0,TRUE,pair,405,6.656281899951864,4.846379647282938,52,0,7.57037037037037,6.656281899951864,0.7269404996477533,7.8795307999535,cpu,cuda:0,0,470.00341796875,49
3616,1,DDT1200_num100.txt,fixed,2926,8,365.75,19.581560134887695,14.625736236572266,1.250277546205325e-05,0.32,0.06446365735103415,0.5199999809265137,0.06892024725675583,0.41999998688697815,0.6299999952316284,-0.013633031,-0.004162258,0.0002854041929822415,0.9613475024700164,0.009171072451863438,0.04218853488564491,0.0003,384,416,92.7090851316442,14.656023263931274,16.90506911277771,31.561092376708984,783,0.3303851999953622,0,0,TRUE,pair,399,6.092167600116227,5.11244019049125,55,0,7.333333333333333,6.092167600116227,0.6567311996041099,7.536710900167236,cpu,cuda:0,0,670.4638672,50
3617,1,DDT1200_num100.txt,fixed,2880,8,360,23.510635375976562,14.892766952514648,3.535836731316522e-05,0.2,0.06215515312635977,0.512499988079071,0.055621497333049774,0.4099999964237213,0.6000000238418579,-0.023365737,-0.014692441,0.0003439529043264754,0.8845273213727134,0.010931094626097806,0.05485068514410939,0.0003,390,410,73.19466491187488,14.92233395576477,24.424796104431152,39.34713006019592,750,0.31055930035654455,0,0,TRUE,pair,386,6.418229000031715,4.795833331926001,70,0,7.461139896373057,6.418229000031715,0.6834245001664385,7.449714599686558,cpu,cuda:0,0,670.46337890625,50
3618,1,DDT1200_num100.txt,fixed,2888,8,361,20.377683639526367,14.775607109069824,9.933789442584384e-06,0.24,0.05854018837754958,0.5149999856948853,0.053150724619627,0.4399999976158142,0.5799999833106995,-0.123652504,-0.114367261,0.000226887426833855,0.939868379722942,0.020074562021446498,0.07248882492157546,0.0003,388,412,95.56905703960628,14.801209926605225,15.417776107788086,30.21898603439331,777,0.32448750016919803,0,0,TRUE,pair,383,6.295037299933028,5.0394736842105265,45,0,7.54046997389034,6.295037299933028,0.6980017999158008,7.437731599915423,cpu,cuda:0,0,670.4638672,51
3619,1,DDT1200_num100.txt,fixed,3009,8,376.125,13.59630012512207,15.00537395477295,8.681841791258194e-06,0.58,0.061716609116929125,0.5362499952316284,0.03276335075497627,0.49000000953674316,0.5799999833106995,-0.036232951,-0.027090475,0.00024964452374357887,0.9267295400301615,0.01701622763357591,0.07848626949513952,0.0003,371,429,85.54823356145589,15.031413555145264,20.14172649383545,35.17314004898071,773,0.32329570008732844,0,0,TRUE,pair,397,6.241813400018145,4.793619142651519,45,0,7.579345088161209,6.241813400018145,0.6800939995591762,7.734544799954165,cpu,cuda:0,0,670.46630859375,52
3620,1,DDT1200_num100.txt,fixed,3077,8,384.625,19.22197723388672,15.358043670654297,1.137434082920663e-05,0.72,0.05370645104494906,0.5449999570846558,0.03999999910593033,0.5,0.6100000143051147,0.11536969368656476,0.12480099002520244,0.0002817424344054113,0.9572164217631022,0.019867454189807177,0.083984375,0.0003,364,436,133.50066568412828,15.385356903076172,7.663217306137085,23.048574209213257,791,0.33553110019420274,0,0,TRUE,pair,412,6.386496999984956,4.939876503087423,50,0,7.468446601941747,6.386496999984956,0.7087012999108993,7.903558699559653,cpu,cuda:0,0,670.46826171875,50
3621,1,DDT1200_num100.txt,fixed,2939,8,367.375,12.358574867248535,14.67393684387207,7.5545212894212455e-06,0.19999999999999998,0.04733655078881352,0.512499988079071,0.045207854360342026,0.44999998807907104,0.5699999928474426,0.01069590076804161,0.020708512514829636,0.00023675204647588544,1.0130988955497742,0.017223149188794196,0.05604951269924641,0.0003,390,410,162.53450734534553,14.699951887130737,3.382362127304077,18.082314014434814,811,0.34307040003477596,0,0,TRUE,pair,385,6.04147170012584,5.126913914594491,60,0,7.6337662337662335,6.04147170012584,0.6679858991410583,7.620879299429362,cpu,cuda:0,0,475.66650390625,51
3622,1,DDT1200_num100.txt,fixed,3050,8,381.25,19.305116653442383,15.596199989318848,1.0474149348738138e-05,0.7,0.04333564965502418,0.543749988079071,0.06945096701383591,0.3700000047683716,0.6200000047683716,-0.027731371,-0.018263547,0.00029681246378459035,0.9616232752799988,0.019829882867634298,0.06799675300717353,0.0003,365,435,92.20974216927588,15.627930641174316,17.448834657669067,33.076765298843384,796,0.33993050002027303,0,0,TRUE,pair,399,6.5331734999635955,5.207868850348426,55,0,7.644110275689223,6.5331734999635955,0.7156982997694286,7.980939299755846,cpu,cuda:0,0,670.46630859375,52
3623,1,DDT1200_num100.txt,fixed,2968,8,371,16.74813461303711,15.01391315460205,8.12024427432334e-06,0.08,0.045981811971219394,0.5049999952316284,0.05338538438081741,0.4300000071525574,0.5899999737739563,-0.075956219,-0.066032607,0.00030766299564025497,1.0077441079275948,0.010265285947493144,0.06658101188285011,0.0003,396,404,116.60595984521909,15.042540073394775,10.410704374313354,25.45324444770813,801,0.34688210002786946,0,0,TRUE,pair,389,6.223326800201903,5.457547170373629,65,0,7.629820051413882,6.223326800201903,0.6744180995738134,7.76854550022108,cpu,cuda:0,0,670.4658203,52
3624,1,DDT1200_num100.txt,fixed,3032,8,379,21.077238082885742,15.729535102844238,1.2475466974137817e-05,0.48,0.045374688137355186,0.5299999713897705,0.057227615267038345,0.44999998807907104,0.6499999761581421,-0.117621789,-0.107882306,0.00022090620967157355,0.9849936962127686,0.01487342132763429,0.0892061133953658,0.0003,376,424,96.45288723087988,15.75751543045044,15.677520751953125,31.435036182403564,803,0.33218510026927106,0,0,TRUE,pair,410,6.837021299812477,5.2988126649862854,50,0,7.3951219512195125,6.837021299812477,0.6940274004009552,7.845077300094999,cpu,cuda:0,0,670.46630859375,52
3625,1,DDT1200_num100.txt,fixed,3013,8,376.625,11.947149276733398,15.612807273864746,8.681841791258194e-06,0.38,0.04726152571846623,0.5237500071525574,0.03199120610952377,0.4699999988079071,0.5799999833106995,-0.034986791,-0.025417472,0.00024269398064851494,0.9690668327467782,0.013596242958945888,0.07415648549795151,0.0003,381,419,106.28618706677759,15.64013123512268,12.707860946655273,28.347992181777954,800,0.4281014999432955,0,0,TRUE,pair,396,6.662279400014086,5.181214735352079,40,0,7.608585858585859,6.662279400014086,0.7101407997397473,7.8799837994156405,cpu,cuda:0,0,670.46630859375,52
3626,1,DDT1200_num100.txt,fixed,2980,8,372.5,10.464224815368652,15.134157180786133,7.096708486642456e-06,0.26,0.046099640012727934,0.51624995470047,0.03119995817542076,0.46000000834465027,0.5600000023841858,0.02123211749962398,0.03079012781381607,0.0002878547301017014,0.9701939565794808,0.011727597996858614,0.06171050401670592,0.0003,387,413,105.28662444579857,15.161790370941162,13.141899824142456,28.303690195083618,788,0.32865529994887765,0,0,TRUE,pair,385,6.411962399884942,5.300671140219541,60,0,7.740259740259741,6.411962399884942,0.6831668001104845,7.69394419969467,cpu,cuda:0,0,670.4658203,52
3627,1,DDT1200_num100.txt,fixed,3039,8,379.875,13.733512878417969,15.709253311157227,2.4318695068359375e-05,0.68,0.04183084918085566,0.5424999594688416,0.029474573209881783,0.5099999904632568,0.6100000143051147,-0.053452009,-0.043586093,0.00028151496917416807,1.000667117536068,0.01640884834341705,0.08733532764017582,0.0003,366,434,107.97796236354456,15.742058277130127,12.402573585510254,28.14463186264038,791,0.43083450000267476,0,0,TRUE,pair,405,6.652828499907628,5.363606449843002,50,0,7.503703703703704,6.652828499907628,0.7263548001210438,7.962735999986762,cpu,cuda:0,0,670.46630859375,52
3628,1,DDT1200_num100.txt,fixed,3107,8,388.375,10.711413383483887,15.930914878845215,7.516804998886073e-06,0.6,0.04127771410743948,0.5374999642372131,0.03992180526256561,0.4699999988079071,0.6200000047683716,-0.058013652,-0.047892361,0.0002011177803069586,1.0221848338842392,0.012832659063860774,0.0949105303734541,0.0003,370,430,138.28396849413514,15.957613706588745,6.510645151138306,22.46825885772705,825,0.3386156998894876,0,0,TRUE,pair,406,6.697756200170261,5.585130350513784,60,0,7.652709359605911,6.697756200170261,0.7296318003354827,8.131727599917213,cpu,cuda:0,0,670.46826171875,51
3629,1,DDT1200_num100.txt,fixed,3001,8,375.125,15.987788200378418,15.030916213989258,1.0446979104017373e-05,0.42,0.034384959318018125,0.5262499451637268,0.04029189422726631,0.46000000834465027,0.5899999737739563,-0.056485147,-0.046717659,0.00022572460015494883,0.9880347631194375,0.012477392140267924,0.07452085334807634,0.0003,379,421,94.33077507264333,15.056699991226196,16.75688362121582,31.813583612442017,798,0.3333671999134822,0,0,TRUE,pair,399,6.186984099826077,5.505164944859435,55,0,7.521303258145363,6.186984099826077,0.7028555002907524,7.7859272002388025,cpu,cuda:0,0,670.4658203,51
3630,1,DDT1200_num100.txt,fixed,3042,8,380.25,12.487493515014648,15.093132972717285,8.141218131640926e-06,0.58,0.03482647132797103,0.5362499952316284,0.03237958997488022,0.49000000953674316,0.6000000238418579,-0.013368704,-0.003474744,0.0002326889288572905,1.001030445098877,0.011151541924724976,0.07271310314536095,0.0003,371,429,72.55293970563815,15.12148928642273,26.80651545524597,41.9280047416687,804,0.3456195998151088,0,0,TRUE,pair,399,6.164569500062498,5.597304404448083,60,0,7.62406015037594,6.164569500062498,0.6920325003302423,7.880468500239658,cpu,cuda:0,0,670.46630859375,48
3631,1,DDT1200_num100.txt,fixed,3033,8,379.125,10.821708679199219,15.339399337768555,6.180515811138321e-06,0.52,0.03726252496636656,0.5324999690055847,0.03897113725543022,0.47999998927116394,0.5799999833106995,-0.035373812,-0.026127286,0.00016546031324918766,0.9329255819320679,0.012764412649523686,0.07474951314575531,0.0003,374,426,69.18142470645085,15.368570804595947,28.47267723083496,43.84124803543091,791,0.33207230012340005,0,0,TRUE,pair,398,6.500772600091295,4.876689746558293,60,0,7.6206030150753765,6.500772600091295,0.6796111996518448,7.771188099941355,cpu,cuda:0,0,670.46630859375,44
3632,1,DDT1200_num100.txt,fixed,2933,8,366.625,11.13482666015625,14.950969696044922,7.856968295527622e-06,0.18,0.03200697397175267,0.5112500190734863,0.03722817823290825,0.4300000071525574,0.5600000023841858,-0.121021513,-0.11114664,0.00028885752059674513,1.0019300738970438,0.011023336711029211,0.06515185609459877,0.0003,391,409,72.23083596513042,14.977259397506714,25.628666877746582,40.605926275253296,797,0.3355184000538429,0,0,TRUE,pair,382,6.421666400012327,5.249914764179291,50,0,7.678010471204188,6.421666400012327,0.6724996998527786,7.475906300183851,cpu,cuda:0,0,670.4638672,42
3633,1,DDT1200_num100.txt,fixed,2978,8,372.25,11.409974098205566,15.577510833740234,6.71815996611258e-06,0.76,0.03733967109202511,0.54749995470047,0.03665719926357269,0.5,0.6000000238418579,-0.044056313,-0.03460284,0.00024781040297562466,0.9577377902136909,0.010211890835004548,0.06411833419568008,0.0003,362,438,100.13586847740598,15.604448318481445,14.13514494895935,29.739593267440796,772,0.3204703998490004,0,0,TRUE,pair,386,6.82461600015813,5.291806581718478,60,0,7.715025906735751,6.82461600015813,0.6906659002997912,7.674256799684372,cpu,cuda:0,0,670.4658203,42
3634,1,DDT1200_num100.txt,fixed,2896,8,362,14.378804206848145,15.395017623901367,2.4278926503029652e-05,0.52,0.03431792812042986,0.5324999690055847,0.04175823926925659,0.4699999988079071,0.6000000238418579,-0.054540353,-0.044694886,0.00031157489866018295,1.0001259297132492,0.014539537573000416,0.05486927228048444,0.0003,374,426,102.54245273063681,15.424273014068604,12.817688465118408,28.24196147918701,775,0.41085029995883815,0,0,TRUE,pair,382,6.754604400077369,5.5966850829140915,85,0,7.5811518324607325,6.754604400077369,0.7039896001952002,7.544556400302099,cpu,cuda:0,0,670.4638672,41
3635,1,DDT1200_num100.txt,fixed,2948,8,368.5,19.228883743286133,15.313211441040039,3.3769701985875145e-05,0.52,0.031621022183467934,0.5325000286102295,0.06777720898389816,0.4000000059604645,0.6100000143051147,-0.042565424,-0.033562362,0.00031805693176395906,0.9162087807288537,0.007416641859051127,0.04693998353412518,0.0003,374,426,83.66520669236495,15.341248512268066,19.894426107406616,35.23567461967468,779,0.3251422000612365,0,0,TRUE,pair,394,6.69605959978071,5.175033921464327,55,0,7.482233502538071,6.69605959978071,0.6792443997983355,7.550460399739677,cpu,cuda:0,0,670.4658203,39
3636,1,DDT1200_num100.txt,fixed,2933,8,366.625,12.040946006774902,15.007887840270996,8.436110874754377e-06,0.16,0.02863244992328466,0.5099999904632568,0.024999994784593582,0.4699999988079071,0.550000011920929,0.0015448777005076409,0.01096059976844117,0.00027067926930612884,0.9551062256097793,0.009356345352716743,0.05984285352751613,0.0003,392,408,61.79457752665693,15.036112785339355,32.42759871482849,47.46371150016785,801,0.33385779986565467,0,0,TRUE,pair,383,6.269794999985606,5.5479031719529015,50,0,7.657963446475196,6.269794999985606,0.7243376998230815,7.658134700424853,cpu,cuda:0,0,670.4638672,40
3637,1,DDT1200_num100.txt,fixed,2915,8,364.375,8.46961498260498,14.569246292114258,6.262743681872962e-06,0.24,0.03044429108979355,0.5149999856948853,0.02179449051618576,0.4699999988079071,0.5400000214576721,-0.032708675,-0.023548148,0.00026871620819134557,0.9294886900031049,0.010927291581933589,0.0650434249850071,0.0003,388,412,53.92005626767621,14.596707105636597,39.46480917930603,54.06151628494263,782,0.32260710014088545,0,0,TRUE,pair,382,6.014850299834507,5.289536877970753,50,0,7.630890052356021,6.014850299834507,0.6706272994779283,7.544627299226704,cpu,cuda:0,0,670.4638672,43
3638,1,DDT1200_num100.txt,fixed,2965,8,370.625,12.970519065856934,14.931074142456055,9.141106602328364e-06,0.28,0.029028746781558867,0.5174999833106995,0.039921797811985016,0.4699999988079071,0.5799999833106995,-0.047545405,-0.038352438,0.00032887528941500933,0.935740339756012,0.012222980754449964,0.05692802146077156,0.0003,386,414,72.60579151759434,14.956352472305298,25.88061022758484,40.83696269989014,795,0.33379360019171145,0,0,TRUE,pair,391,6.147958400135394,5.50927487255952,70,0,7.58312020460358,6.147958400135394,0.7036349998961668,7.726088800249272,cpu,cuda:0,0,670.4658203,46
3639,1,DDT1200_num100.txt,fixed,2949,8,368.625,16.339656829833984,14.887459754943848,1.1911388355656527e-05,0.56,0.03368918215211697,0.5349999666213989,0.0353553369641304,0.46000000834465027,0.5899999737739563,0.03976326280583938,0.049142103952666126,0.00026314386498900905,0.9510414749383926,0.012821008208751058,0.04770225170068443,0.0003,372,428,90.71770189730582,14.91440463066101,17.593032598495483,32.507437229156494,767,0.3296884000155842,0,0,TRUE,pair,388,6.195737299887696,5.401152934652945,50,0,7.600515463917525,6.195737299887696,0.6931176000362029,7.6512443001702195,cpu,cuda:0,0,670.4658203,46
3640,1,DDT1200_num100.txt,fixed,2978,8,372.25,16.776098251342773,15.098941802978516,1.0176871001021937e-05,0.6,0.03314701342623644,0.5375000238418579,0.04710361361503601,0.46000000834465027,0.6100000143051147,-0.082872634,-0.07344494,0.00028716347095234174,0.9571276949002192,0.008671705217029039,0.04925618863378007,0.0003,370,430,84.87617800204482,15.124732494354248,19.96167302131653,35.086405515670776,794,0.3363617000140948,0,0,TRUE,pair,402,6.419964299915591,5.415043651817467,65,0,7.407960199004975,6.419964299915591,0.6929433998593595,7.636087499704445,cpu,cuda:0,0,670.4658203,46
3641,1,DDT1200_num100.txt,fixed,3002,8,375.25,12.038999557495117,15.19294261932373,8.75356636242941e-06,0.5,0.0453899923376146,0.53125,0.04166458174586296,0.46000000834465027,0.5799999833106995,-0.04489972,-0.035810258,0.000265011002435737,0.9221967210372289,0.011586881688951204,0.06348023268704613,0.0003,375,425,90.42146649014926,15.21901249885559,17.98106837272644,33.20008087158203,758,0.3169397001474863,0,0,TRUE,pair,398,6.358031499912613,5.22051965380255,70,0,7.542713567839196,6.358031499912613,0.7303080999845406,7.741717500204686,cpu,cuda:0,0,670.4658203,47
3642,1,DDT1200_num100.txt,fixed,3021,8,377.625,8.644904136657715,15.624088287353516,6.388550445990404e-06,0.62,0.04669485280295898,0.5387499928474426,0.03950870409607887,0.4699999988079071,0.6000000238418579,-0.021369492,-0.011901241,0.0002559104241834789,0.9596205283613766,0.013427892121185055,0.06204514857381582,0.0003,369,431,68.3663212892928,15.651286602020264,28.537137508392334,44.1884241104126,779,0.42877069978567306,0,0,TRUE,pair,395,6.687891500041587,5.416087388124185,75,0,7.648101265822785,6.687891500041587,0.7216868996765697,7.853059300061432,cpu,cuda:0,0,670.46630859375,48
3643,1,DDT1200_num100.txt,fixed,2964,8,370.5,19.962465286254883,14.990898132324219,9.625734492146876e-06,0.1,0.04391797500036747,0.5062499642372131,0.041814323514699936,0.4300000071525574,0.5600000023841858,0.008597812056541443,0.018463609181344508,0.00019127005616610405,0.9961431741714477,0.009823777875863016,0.04899183250963688,0.0003,395,405,99.07453436032891,15.0188148021698,14.89805555343628,29.91687035560608,810,0.34605930020916276,0,0,TRUE,pair,392,6.233643399900757,5.476383265293883,72,0,7.561224489795919,6.233643399900757,0.6932420000230195,7.71124790047179,cpu,cuda:0,0,670.4658203,48
3644,1,DDT1200_num100.txt,fixed,2943,8,367.875,14.172486305236816,14.86464786529541,9.882155609375332e-06,0.039999999999999994,0.03674656229374836,0.5024999976158142,0.04736823961138725,0.4300000071525574,0.5600000023841858,-0.063822273,-0.053839684,0.0002489121009906133,1.0107045968373616,0.013162127514887188,0.05689047442542182,0.0003,398,402,100.29755936505344,14.89610242843628,14.446585655212402,29.34268808364868,818,0.34251379941997584,0,0,TRUE,pair,389,6.1697209001285955,5.759768943498218,75,0,7.565552699228792,6.1697209001285955,0.6897291999048321,7.654970000177855,cpu,cuda:0,0,670.4638672,49
3645,1,DDT1200_num100.txt,fixed,2966,8,370.75,16.611366271972656,15.031286239624023,9.233911441697273e-06,0.46,0.03593758909750938,0.528749942779541,0.03919103741645813,0.44999998807907104,0.5899999737739563,-0.036112204,-0.026697427,0.00030699452742867706,0.9568271636962891,0.016550277526091253,0.07781285739370755,0.0003,377,423,107.46999223868022,15.063302040100098,12.535099506378174,27.59840154647827,747,0.31978399978834204,0,0,TRUE,pair,386,6.22297439990507,5.464598786404868,55,0,7.683937823834197,6.22297439990507,0.7013840997533407,7.7571553996094735,cpu,cuda:0,0,670.4658203,49
3646,1,DDT1200_num100.txt,fixed,2955,8,369.375,16.232202529907227,14.600215911865234,1.0221458069281653e-05,0.09999999999999999,0.03299549747373221,0.5062500238418579,0.05566360428929329,0.4300000071525574,0.5899999737739563,0.004299040351595197,0.014213327850614275,0.00033070569043047726,1.007964083126613,0.011928520631045103,0.06857247091829777,0.0003,395,405,105.7979522492882,14.625241041183472,13.30535626411438,27.93059730529785,799,0.3317329000419704,0,0,TRUE,pair,387,5.9504119999328395,5.695431471234046,60,0,7.635658914728682,5.9504119999328395,0.6857925000513205,7.6180158997594845,cpu,cuda:0,0,670.4658203,49
3647,1,DDT1200_num100.txt,fixed,2905,8,363.125,14.83608341217041,14.695967674255371,7.486495178454788e-06,0.3,0.027535737536283085,0.5187499523162842,0.03722818195819855,0.46000000834465027,0.5600000023841858,0.032329273011003225,0.04234451907021659,0.0003126540666146736,1.0171575716563634,0.011184713320939668,0.05995571719748633,0.0003,385,415,110.46522452595441,14.721793413162231,11.576075553894043,26.297868967056274,772,0.3248886997898808,0,0,TRUE,pair,385,6.149019699863857,5.753872634211423,55,0,7.545454545454546,6.149019699863857,0.7085256996797398,7.487585799986846,cpu,cuda:0,0,670.4638672,50
3648,1,DDT1200_num100.txt,fixed,2937,8,367.125,12.484365463256836,15.185011863708496,8.863273251336068e-06,0.12,0.01866233417595366,0.5074999928474426,0.02487468533217907,0.47999998927116394,0.5600000023841858,-0.085802664,-0.07612214,0.0002877238002838567,0.9824383656183878,0.0615327818862473,0.05181782506406307,0.0003,394,406,162.74207024383267,15.215567588806152,2.831394672393799,18.04696226119995,818,0.36082780016295146,0,0,TRUE,pair,384,6.423930900054984,5.75621382407603,65,0,7.6484375,6.423930900054984,0.7127901006315369,7.690689599621692,cpu,cuda:0,0,498.94677734375,49
3649,1,DDT1200_num100.txt,fixed,2881,8,360.125,20.046430587768555,14.595032691955566,7.364008524746168e-06,0.05999999999999999,0.023066774317165722,0.5037499666213989,0.055663611739873886,0.3700000047683716,0.5600000023841858,-0.125485397,-0.115961451,0.00034423978735610624,0.9696063749930438,0.010726106312016355,0.0612194733146359,0.0003,397,403,62.89604703648492,14.62135362625122,31.184386730194092,45.80574035644531,779,0.32654450021800585,0,0,TRUE,pair,393,6.0629440000484465,6.040263797747762,70,0,7.330788804071247,6.0629440000484465,0.6805941995262401,7.506912600641954,cpu,cuda:0,0,670.4638672,50
3650,1,DDT1200_num100.txt,fixed,3016,8,377,20.512191772460938,15.304259300231934,1.232418799190782e-05,0.86,0.03029849210466905,0.5537499785423279,0.04414111003279686,0.49000000953674316,0.6200000047683716,-0.043037573,-0.033736702,0.0002860414850361207,0.9443892801509184,0.010579886079272804,0.056920719113858306,0.0003,357,443,68.21099592225094,15.329296112060547,28.886448860168457,44.215744972229004,779,0.32822179986396804,0,0,TRUE,pair,405,6.367593099916121,5.711206895524058,65,0,7.446913580246914,6.367593099916121,0.7337481004069559,7.740694500316749,cpu,cuda:0,0,670.46630859375,50
3651,1,DDT1200_num100.txt,fixed,2951,8,368.875,13.176091194152832,14.893159866333008,6.810596914874623e-06,0.54,0.024561495260167942,0.5337499380111694,0.029553981497883797,0.4699999988079071,0.5600000023841858,-0.049258853,-0.039610494,0.0002463689337933569,0.9771544592721122,0.018081990236948644,0.08394105413130351,0.0003,373,427,106.77690767886838,14.919721126556396,12.71734070777893,27.637061834335327,790,0.33484629973827396,0,0,TRUE,pair,394,6.093235899999854,5.848525922365489,56,0,7.48984771573604,6.093235899999854,0.712862500542542,7.734365699987393,cpu,cuda:0,0,670.4658203,51
3652,1,DDT1200_num100.txt,fixed,2819,8,352.375,23.753618240356445,14.346779823303223,1.1925696526304819e-05,-0.12,0.017332957884800517,0.4925000071525574,0.048925966024398804,0.41999998688697815,0.5600000023841858,-0.142706417,-0.133171983,0.0003724375528690871,0.9720651209354401,0.015522015688475221,0.06881375261582434,0.0003,406,394,98.83811015552895,14.373898029327393,14.147489070892334,28.521387100219727,773,0.4210516001476208,0,0,TRUE,pair,387,5.9462469001009595,5.901738202795994,60,0,7.284237726098191,5.9462469001009595,0.6839819999731844,7.3780823999259155,cpu,cuda:0,0,670.46337890625,51
3653,1,DDT1200_num100.txt,fixed,2885,8,360.625,22.118642807006836,14.659784317016602,1.2593376595759764e-05,0.22,0.011091084794178755,0.5137499570846558,0.03966657072305679,0.4399999976158142,0.5799999833106995,-0.137331795,-0.127949754,0.00037139364576432854,0.9567733605702718,0.011773810599051002,0.06868714922004276,0.0003,389,411,61.169202398005474,14.685119390487671,32.479137897491455,47.164257287979126,784,0.3340205001004506,0,0,TRUE,pair,397,6.081597299984423,5.89150779912542,50,0,7.267002518891688,6.081597299984423,0.6979727002762957,7.529147299675969,cpu,cuda:0,0,670.4638672,51
3654,1,DDT1200_num100.txt,fixed,2872,8,359,16.17868995666504,14.657439231872559,9.19690228329273e-06,0.33999999999999997,0.01446189495198018,0.5212500095367432,0.02146945893764496,0.47999998927116394,0.550000011920929,-0.384518001,-0.375486668,0.0002632893556437921,0.9162975251674652,0.020651438273489475,0.07125853467732668,0.0003,383,417,154.28193260733042,14.68336820602417,3.9319028854370117,18.61527109146118,762,0.3350993000349263,0,0,TRUE,pair,389,6.1037231001246255,6.158426184674159,55,0,7.383033419023136,6.1037231001246255,0.7123153994325548,7.490849099238403,cpu,cuda:0,0,500.2011719,48
3655,1,DDT1200_num100.txt,fixed,2913,8,364.125,16.259132385253906,14.802316665649414,1.0598235348879825e-05,0.22,0.02633607165160025,0.5137499570846558,0.030388114973902702,0.4699999988079071,0.5600000023841858,-0.048299338,-0.038622137,0.0003059721452050975,0.9830189176968166,0.015538894039179598,0.06917755119502544,0.0003,389,411,106.4450592373184,14.82754373550415,12.538686513900757,27.366230249404907,806,0.34218750016589183,0,0,TRUE,pair,399,6.032977099865093,6.714383796854933,65,0,7.3007518796992485,6.032977099865093,0.7451869003270986,7.66116539981158,cpu,cuda:0,0,670.4638672,44
3656,1,DDT1200_num100.txt,fixed,2881,8,360.125,13.420483589172363,14.645132064819336,7.592050224047853e-06,0.06,0.019881519764240976,0.5037499666213989,0.036379072815179825,0.46000000834465027,0.5799999833106995,-0.034849626,-0.024993332,0.0003200391205609776,1.0016313195228577,0.012593415705487132,0.07172100059688091,0.0003,397,403,86.53516189808025,14.67389965057373,18.61892533302307,33.2928249835968,765,0.32082579989219084,0,0,TRUE,pair,383,6.149217299942393,6.339812565412591,70,0,7.522193211488251,6.149217299942393,0.7135785001737531,7.434060999672511,cpu,cuda:0,0,670.4638672,42
3657,1,DDT1200_num100.txt,fixed,2850,8,356.25,19.10333824157715,14.731855392456055,8.914432328310795e-06,-0.1,0.015284374006937185,0.4937500059604645,0.03461845964193344,0.41999998688697815,0.550000011920929,0.003346385434269905,0.01289534941315651,0.0002851631652447395,0.969154566526413,0.02468257723376155,0.10195870511233807,0.0003,405,395,154.0939246477327,14.763097047805786,3.732116222381592,18.495213270187378,805,0.34467189986025915,0,0,TRUE,pair,380,6.094750200034468,6.321754385128356,90,0,7.5,6.094750200034468,0.7287259002914652,7.556489699738449,cpu,cuda:0,0,670.46337890625,42
3658,1,DDT1200_num100.txt,fixed,2882,8,360.25,19.162137985229492,14.820236206054688,1.153315224655671e-05,0.18,0.01783935947988342,0.5112500190734863,0.05754074081778526,0.4000000059604645,0.5799999833106995,-0.059788612,-0.050094347,0.0002652758712429204,0.9826902449131012,0.01540027504961472,0.08893595612607896,0.0003,391,409,101.18903659548002,14.848292350769043,13.63305401802063,28.481346368789673,793,0.32951370037335437,0,0,TRUE,pair,380,6.094837200260372,6.588480218634847,60,0,7.58421052631579,6.094837200260372,0.722734799637692,7.64373440061172,cpu,cuda:0,0,670.4638672,41
3659,1,DDT1200_num100.txt,fixed,3007,8,375.875,10.141961097717285,15.449254989624023,7.364008524746168e-06,0.78,0.024040362178259975,0.5487499833106995,0.036550477147102356,0.49000000953674316,0.6100000143051147,0.016961047736306984,0.02624781971098855,0.00026262556518001173,0.9418085217475891,0.013152961541588107,0.06550890750562151,0.0003,361,439,86.43766111534389,15.47700548171997,19.311071395874023,34.788076877593994,768,0.427985499962233,0,0,TRUE,pair,394,6.428617899888195,5.960758230794812,65,0,7.631979695431472,6.428617899888195,0.7344737996172626,7.913736000293284,cpu,cuda:0,0,670.4658203,40
3660,1,DDT1200_num100.txt,fixed,2943,8,367.875,19.579565048217773,15.093132019042969,8.901669389160816e-06,0.54,0.024008414627292418,0.5337499976158142,0.03351771831512451,0.47999998927116394,0.5799999833106995,-0.107247254,-0.098055689,0.0003118751119473018,0.934750385582447,0.013440559443552047,0.06652123690582812,0.0003,373,427,99.5362301189393,15.122790575027466,14.444332838058472,29.567123413085938,770,0.3308041003620019,0,0,TRUE,pair,394,6.217927100267843,6.2035338077827085,64,0,7.469543147208122,6.217927100267843,0.7382226004265249,7.774841799910064,cpu,cuda:0,0,670.4638672,39
3661,1,DDT1200_num100.txt,fixed,2901,8,362.625,13.443748474121094,14.492182731628418,9.103719094127882e-06,0.74,0.027822133917628368,0.5462499856948853,0.02287876047194004,0.5099999904632568,0.5799999833106995,-0.024715988,-0.014931873,0.0002712674031499773,0.9919747486710548,0.01306542289967183,0.06199020170606673,0.0003,363,437,101.46155987894933,14.519275426864624,14.072833776473999,28.592109203338623,757,0.3251423000328941,0,0,TRUE,pair,379,5.884418999907211,6.601516718701714,75,0,7.654353562005277,5.884418999907211,0.6948203996726079,7.565469099965412,cpu,cuda:0,0,670.4638672,40
3662,1,DDT1200_num100.txt,fixed,2963,8,370.375,16.984827041625977,15.141471862792969,8.12724101706408e-06,0.14,0.027213632153606938,0.5087499618530273,0.027128169313073158,0.4699999988079071,0.5400000214576721,-0.094910873,-0.084783041,0.00027656321513599584,1.0266113877296448,0.011742043824467276,0.05200288125446865,0.0003,393,407,109.02103342314874,15.167391777038574,12.010849952697754,27.178241729736328,815,0.3530877002340276,0,0,TRUE,pair,388,6.144858299783664,6.297333782523056,55,0,7.63659793814433,6.144858299783664,0.7332676998048555,7.896311099466402,cpu,cuda:0,0,670.4658203,42
3663,1,DDT1200_num100.txt,fixed,2933,8,366.625,12.051322937011719,15.05467414855957,6.641573236265685e-06,0.5599999999999999,0.0317485634057394,0.5349999666213989,0.025980761274695396,0.49000000953674316,0.5799999833106995,-0.070118144,-0.060490759,0.000304707235773094,0.9779741525650024,0.01306353195104748,0.07668354362249374,0.0003,372,428,93.21000697709681,15.083509683609009,16.383068799972534,31.466578483581543,783,0.3529147002554964,0,0,TRUE,pair,392,6.092442299952381,6.399590862435446,80,0,7.482142857142857,6.092442299952381,0.7239409997564508,7.788892299955478,cpu,cuda:0,0,670.4638672,43
3664,1,DDT1200_num100.txt,fixed,2920,8,365,11.694015502929688,14.970544815063477,8.155169780366123e-06,0.28,0.033998334736587234,0.5174999833106995,0.026809515431523323,0.4699999988079071,0.550000011920929,-0.030104811,-0.019712623,0.00033468961373728234,1.055953472852707,0.010727905464591458,0.05317993788048625,0.0003,386,414,100.20259166177634,14.997527122497559,14.143435716629028,29.140962839126587,781,0.3413311000476824,0,0,TRUE,pair,381,6.19015169996419,6.585958903538038,80,0,7.664041994750656,6.19015169996419,0.7587053000315791,7.654469400076778,cpu,cuda:0,0,670.4638672,45
3665,1,DDT1200_num100.txt,fixed,2941,8,367.625,10.81593132019043,14.648926734924316,8.354862075066194e-06,0.62,0.03559033172407354,0.5387499928474426,0.028034575283527374,0.49000000953674316,0.5799999833106995,-0.068426708,-0.058712638,0.00031654506561939013,0.9872343431819569,0.010133512799670412,0.06017241847108711,0.0003,369,431,93.2230968047359,14.678375720977783,16.86960005760193,31.547975778579712,757,0.3299820998799987,0,0,TRUE,pair,381,5.890932499954943,6.260455627256573,70,0,7.7191601049868765,5.890932499954943,0.7056370997743215,7.695590299394098,cpu,cuda:0,0,670.4638672,45
3666,1,DDT1200_num100.txt,fixed,2940,8,367.5,19.397165298461914,15.252081871032715,1.1714094398485031e-05,0.38,0.04200537701828301,0.5237499475479126,0.014086788520216942,0.5,0.5400000214576721,-0.089316453,-0.078975804,0.00025572128803711774,1.0468509743611019,0.010952455457299948,0.09063860742996137,0.0003,381,419,50.94659397587164,15.279372692108154,42.42811608314514,57.707488775253296,806,0.3465015002875589,0,0,TRUE,pair,392,6.2415177000220865,6.623129251214111,75,0,7.5,6.2415177000220865,0.7703986994310981,7.868998200399801,cpu,cuda:0,0,670.4638672,48
3667,1,DDT1200_num100.txt,fixed,2791,8,348.875,16.305194854736328,14.270439147949219,9.637538823881187e-06,-0.14,0.03724734451251379,0.4912499785423279,0.04284784197807312,0.41999998688697815,0.5699999928474426,-0.039654076,-0.02925968,0.00028569735541868094,1.0537243485450745,0.010116411892410655,0.057210701159559764,0.0003,407,393,76.08002715361583,14.297027349472046,22.388027906417847,36.68505525588989,768,0.3242700999544468,0,0,TRUE,pair,377,5.9016710000432795,6.754209960929299,70,0,7.403183023872679,5.9016710000432795,0.6874128998024389,7.3403953996894415,cpu,cuda:0,0,670.46142578125,47
3668,1,DDT1200_num100.txt,fixed,2869,8,358.625,18.5333309173584,14.58848762512207,9.702201168693136e-06,0.22,0.03651789281448199,0.5137499570846558,0.0482020378112793,0.4300000071525574,0.5899999737739563,-0.070568327,-0.060203634,0.0003066744893658324,1.051803044974804,0.012893518942291848,0.06680274393875152,0.0003,389,411,100.39379245090787,14.613163948059082,13.964300155639648,28.57746410369873,759,0.32413319990155287,0,0,TRUE,pair,387,5.9298204998340225,6.4611362830069305,65,0,7.41343669250646,5.9298204998340225,0.7224220998614328,7.5799478997214464,cpu,cuda:0,0,670.46337890625,48
3669,1,DDT1200_num100.txt,fixed,2933,8,366.625,12.559234619140625,14.60224723815918,8.933541721489746e-06,0.33999999999999997,0.04056790511976883,0.5212500095367432,0.031399648636579514,0.4699999988079071,0.5699999928474426,-0.055089077,-0.044791015,0.00033245503072976135,1.0464288592338562,0.012028751623195907,0.07246408859888713,0.0003,383,417,80.29731301275487,14.628916501998901,21.89783501625061,36.52675151824951,815,0.3422419999114936,0,0,TRUE,pair,385,5.9380367998819565,6.509717013053101,55,0,7.618181818181818,5.9380367998819565,0.7076664999767672,7.6008404998719925,cpu,cuda:0,0,670.4638672,48
3670,1,DDT1200_num100.txt,fixed,2885,8,360.625,6.7070393562316895,14.332870483398438,5.331201464287005e-06,0.22,0.04064043744575854,0.5137499570846558,0.017984366044402122,0.49000000953674316,0.550000011920929,-0.067053708,-0.056952154,0.0002672668217403245,1.0235187378194597,0.018673190743558936,0.08329334772295421,0.0003,389,411,62.280720258938544,14.359235763549805,31.96328568458557,46.322521448135376,780,0.3230787001521094,0,0,TRUE,pair,373,5.741892699734308,6.408318890731917,60,0,7.734584450402145,5.741892699734308,0.6984676003048662,7.54414559979341,cpu,cuda:0,0,670.4638672,51
3671,1,DDT1200_num100.txt,fixed,2863,8,357.875,15.35771369934082,14.628725051879883,8.334425729117356e-06,0.07999999999999999,0.034771276481938965,0.5049999952316284,0.0342782661318779,0.46000000834465027,0.5699999928474426,-0.086600349,-0.07705421,0.00033079574091566936,0.971153693066703,0.009320879516760923,0.07109701767977741,0.0003,396,404,62.04144658324817,14.656249284744263,31.490321397781372,46.146570682525635,770,0.3300211003079312,0,0,TRUE,pair,385,5.995674200137728,6.228082430558399,45,0,7.4363636363636365,5.995674200137728,0.724905300186947,7.5535838999494445,cpu,cuda:0,0,670.46337890625,52
3672,1,DDT1200_num100.txt,fixed,2840,8,355,19.111515045166016,14.240445137023926,1.078959303413285e-05,0.28,0.03275790704415884,0.5174999833106995,0.03992180898785591,0.4699999988079071,0.6000000238418579,-0.045783691,-0.036183619,0.0003153777975563167,0.9757763279808892,0.012061725797442099,0.06299542656375302,0.0003,386,414,92.6402985488326,14.26495909690857,16.39124608039856,30.65620517730713,776,0.3304949002194917,0,0,TRUE,pair,386,5.841512699946179,6.1042253517349,70,0,7.357512953367876,5.841512699946179,0.6716131999564823,7.385332399921026,cpu,cuda:0,0,670.46337890625,51
3673,1,DDT1200_num100.txt,fixed,2853,8,356.625,16.522239685058594,14.789103507995605,9.20925504033221e-06,0.28,0.03571353475986579,0.5174999833106995,0.014790201559662819,0.5,0.550000011920929,0.07492052242159844,0.08449365310370922,0.0002529916411731392,0.9699623703956604,0.02902825070777908,0.062077689357101916,0.0003,386,414,129.50368843140288,14.814619064331055,7.215641498565674,22.03026056289673,764,0.4232608001184417,0,0,TRUE,pair,387,6.101981099898694,6.281107605778039,65,0,7.372093023255814,6.101981099898694,0.7079607997875428,7.6267284998175455,cpu,cuda:0,0,670.46337890625,50
3674,1,DDT1200_num100.txt,fixed,2827,8,353.375,17.065589904785156,14.40616512298584,6.598640538868494e-06,-0.08,0.0305638068289578,0.4950000047683716,0.034278277307748795,0.41999998688697815,0.5400000214576721,-0.063182756,-0.053568069,0.00030625148792751133,0.9767813930908839,0.011279588555529093,0.04865791741758585,0.0003,404,396,87.44001008045865,14.43182635307312,17.898910999298096,32.330737352371216,792,0.33371909978450276,0,0,TRUE,pair,372,5.8817760999227175,6.142553942423639,80,0,7.599462365591398,5.8817760999227175,0.7116331995057408,7.4656923002476105,cpu,cuda:0,0,670.46337890625,50
3675,1,DDT1200_num100.txt,fixed,2874,8,359.25,15.229494094848633,14.768790245056152,1.0092740012623835e-05,0.44,0.03646012419934886,0.5274999737739563,0.025372229516506195,0.49000000953674316,0.5600000023841858,-0.075574097,-0.066100746,0.00029689177851347875,0.9621795316537222,0.014339226401514478,0.0938853533524606,0.0003,378,422,62.299291739566016,14.792630910873413,31.33951473236084,46.13214564323425,770,0.4287588996812701,0,0,TRUE,pair,377,6.112997299947892,6.121433542931171,80,0,7.623342175066313,6.112997299947892,0.7248053999937838,7.575434099839185,cpu,cuda:0,0,670.46337890625,51
3676,1,DDT1200_num100.txt,fixed,2871,8,358.875,21.139049530029297,14.68322467803955,1.3733407286053989e-05,0.26,0.03727053238663137,0.5162500143051147,0.04211219400167465,0.46000000834465027,0.5899999737739563,-0.011636858,-0.002048526,0.0002992785851417396,0.9737969178419846,0.01160093117505312,0.07051807068861447,0.0003,387,413,78.95911846510805,14.711415767669678,21.64917254447937,36.36058831214905,800,0.472138900324353,0,0,TRUE,pair,391,5.9849609999364475,6.252525251196553,60,0,7.342710997442455,5.9849609999364475,0.7252897997532273,7.614017199972295,cpu,cuda:0,0,670.46337890625,53
3677,1,DDT1200_num100.txt,fixed,2857,8,357.125,11.526464462280273,14.744470596313477,6.66719961373019e-06,0.27999999999999997,0.03455711640300416,0.5174999833106995,0.02772633358836174,0.47999998927116394,0.5699999928474426,0.015921100974082947,0.025481685250997543,0.00025241728872060776,0.9686792612075805,0.029997378354892135,0.08273648153990507,0.0003,386,414,135.32896361932166,14.771427392959595,6.340091705322266,21.11151909828186,784,0.33469209999020677,0,0,TRUE,pair,385,6.223122400027933,6.273713685934636,65,0,7.420779220779221,6.223122400027933,0.7170365999481874,7.453980800230056,cpu,cuda:0,0,670.46337890625,48
3678,1,DDT1200_num100.txt,fixed,2785,8,348.125,13.494791030883789,14.087142944335938,7.936151632748079e-06,0.09999999999999999,0.03207538139272961,0.5062500238418579,0.03772847354412079,0.44999998807907104,0.5600000023841858,-0.055027667,-0.045075449,0.0002894050730901654,1.009691871702671,0.009507453389232978,0.054745903820730746,0.0003,395,405,98.86421437025032,14.114858150482178,14.055092096328735,28.169950246810913,782,0.33026419969974086,0,0,TRUE,pair,371,5.695245599999907,6.234111310678068,60,0,7.506738544474394,5.695245599999907,0.6977127005084185,7.352151899365708,cpu,cuda:0,0,670.46142578125,44
3679,1,DDT1200_num100.txt,fixed,2805,8,350.625,16.446409225463867,14.211934089660645,8.279684152512345e-06,0.019999999999999993,0.02730343586845443,0.5012499690055847,0.0453975535929203,0.44999998807907104,0.5600000023841858,0.11752131730318069,0.12783344611525535,0.00027014086081180724,1.0447197437286377,0.033164801774546504,0.05314573049545288,0.0003,399,401,113.88906916315412,14.23694109916687,10.392288208007812,24.629229307174683,777,0.3288500998460222,0,0,TRUE,pair,380,5.768342099967413,6.114438503438776,55,0,7.381578947368421,5.768342099967413,0.6928585993009619,7.410878200156731,cpu,cuda:0,0,670.46142578125,42
3680,1,DDT1200_num100.txt,fixed,2942,8,367.75,11.892749786376953,14.734495162963867,6.967372428334784e-06,0.8,0.030538734685615715,0.5499999523162842,0.014142132364213467,0.5299999713897705,0.5799999833106995,0.03530827444046736,0.04524737596511841,0.0002452047838232829,1.0061702728271484,0.01571580601739697,0.0705536383902654,0.0003,360,440,102.19551791589042,14.762493371963501,14.025461912155151,28.787955284118652,780,0.33348980014852714,0,0,TRUE,pair,393,6.051322599727428,5.964649898271671,70,0,7.486005089058525,6.051322599727428,0.6960898000688758,7.638419200797216,cpu,cuda:0,0,670.4638672,42
3681,1,DDT1200_num100.txt,fixed,2881,8,360.125,16.518455505371094,14.81436538696289,9.091222636925522e-06,0.46,0.03097418750659126,0.5287500023841858,0.03370368480682373,0.47999998927116394,0.6000000238418579,-0.013719954,-0.004098334,0.0003192922813468613,0.9781269609928132,0.015283869847189635,0.06786276232451201,0.0003,377,423,86.22093575773545,14.842565298080444,18.571593046188354,33.4141583442688,793,0.3398483001801651,0,0,TRUE,pair,397,6.308990000077756,5.8271433525472744,70,0,7.2569269521410575,6.308990000077756,0.7033583999727853,7.455785199985257,cpu,cuda:0,0,670.4638672,40
3682,1,DDT1200_num100.txt,fixed,2789,8,348.625,12.549278259277344,14.057130813598633,8.382032319786958e-06,0.04,0.028886159094742944,0.5024999976158142,0.03230712562799454,0.44999998807907104,0.5600000023841858,0.0038046169094741343,0.013673834316432477,0.0002466387981257867,0.9992537796497345,0.013688145944615825,0.04639603458344936,0.0003,398,402,96.00432959899621,14.08408260345459,14.96669054031372,29.05077314376831,788,0.33261480000510346,0,0,TRUE,pair,370,5.761122899813927,6.041950519771378,60,0,7.537837837837838,5.761122899813927,0.6716830000659684,7.2915466998529155,cpu,cuda:0,0,670.46142578125,40
3683,1,DDT1200_num100.txt,fixed,2848,8,356,14.63728141784668,14.558723449707031,9.5367431640625e-06,0.019999999999999993,0.027314378183563408,0.5012500286102295,0.04284784197807312,0.4300000071525574,0.5600000023841858,-0.08651939,-0.076512892,0.0003011667275131913,1.0157082051038742,0.014502706611528993,0.06298733148723841,0.0003,399,401,59.68106345223883,14.586794137954712,33.13353514671326,47.72032928466797,768,0.31895539999823086,0,0,TRUE,pair,375,6.074394200055394,6.064606741238176,50,0,7.594666666666667,6.074394200055394,0.7159668995591346,7.423519899952225,cpu,cuda:0,0,670.46337890625,39
3684,1,DDT1200_num100.txt,fixed,2850,8,356.25,15.982412338256836,14.42871094,9.009572750073858e-06,0.24,0.033847108303723714,0.5149999856948853,0.02828427031636238,0.46000000834465027,0.5600000023841858,-0.107182653,-0.097377246,0.0003216170427751624,0.9966215822431777,0.008592263717825213,0.04201948559946484,0.0003,388,412,97.71301065824224,14.454237699508667,14.712809562683105,29.167047262191772,773,0.3282816997379996,0,0,TRUE,pair,379,5.93139300007897,6.056842104259291,50,0,7.519788918205805,5.93139300007897,0.7069486001710175,7.447215899897856,cpu,cuda:0,0,670.46337890625,40
3685,1,DDT1200_num100.txt,fixed,2800,8,350,9.759610176086426,13.99677848815918,7.463682322850218e-06,0.019999999999999997,0.0330649476895062,0.5012500286102295,0.028476955369114876,0.44999998807907104,0.5299999713897705,-0.04798977,-0.037391147,0.0002711714507313445,1.0734208822250366,0.009763131057843566,0.04379881769418716,0.0003,399,401,122.73447198321989,14.021464109420776,8.792012453079224,22.81347656,767,0.3188106999878073,0,0,TRUE,pair,362,5.715390900018974,6.1642857137748175,56,0,7.734806629834254,5.715390900018974,0.6693055000068853,7.278981500363443,cpu,cuda:0,0,670.46142578125,42
3686,1,DDT1200_num100.txt,fixed,2845,8,355.625,12.62871265411377,14.520383834838867,8.085167792160064e-06,0.21999999999999997,0.03927837583630486,0.5137499570846558,0.03119996376335621,0.44999998807907104,0.550000011920929,-0.074863783,-0.06517834,0.0003030430941310312,0.9836964479514531,0.007761254295473918,0.04104450125513332,0.0003,389,411,76.66738563787979,14.546918153762817,22.561429500579834,37.10834765434265,777,0.32746759986912366,0,0,TRUE,pair,381,6.049818700063042,6.172934973009442,90,0,7.467191601049869,6.049818700063042,0.7037696001352742,7.421314299848746,cpu,cuda:0,0,670.46337890625,43
3687,1,DDT1200_num100.txt,fixed,2792,8,349,12.469964027404785,14.135220527648926,7.636841473868117e-06,0.14,0.03980954935492612,0.5087499618530273,0.03919102996587753,0.46000000834465027,0.5899999737739563,-0.019131584,-0.009299945,0.000256105286704648,0.9959691787759463,0.009985741996691408,0.07383030577329919,0.0003,393,407,50.60038621623408,14.16060495376587,41.01683950424194,55.17744445800781,798,0.3293502001615707,0,0,TRUE,pair,366,5.8515375000133645,6.138252147374659,65,0,7.628415300546448,5.8515375000133645,0.6754130005429033,7.27709640035755,cpu,cuda:0,0,670.46142578125,46
3688,1,DDT1200_num100.txt,fixed,2841,8,355.125,8.417800903320312,14.52458381652832,5.993750164634548e-06,0.36,0.03643904006490489,0.5224999785423279,0.01984313875436783,0.49000000953674316,0.550000011920929,0.0012238967631544387,0.011505672708153725,0.00026305352262819985,1.041330294949668,0.009600176376157574,0.06164685051356043,0.0003,382,418,109.21765850042544,14.553377866744995,11.457887172698975,26.012277126312256,774,0.33020970002689864,0,0,TRUE,pair,371,5.996582600069814,6.185146075157748,52,0,7.657681940700809,5.996582600069814,0.7063571997568943,7.47470190016611,cpu,cuda:0,0,670.46337890625,47
3689,1,DDT1200_num100.txt,fixed,2935,8,366.875,10.409581184387207,15.250021934509277,7.136645308492007e-06,0.66,0.035622136030226716,0.5412499904632568,0.03550967946648598,0.46000000834465027,0.5699999928474426,-0.147720839,-0.137699436,0.00022131081809325574,1.0132057758478017,0.012324777548201382,0.0773581240254526,0.0003,367,433,79.30769206288133,15.277285099029541,21.7304744720459,37.00775957107544,778,0.33677969976270106,0,0,TRUE,pair,387,6.374895500091952,5.864054515130272,60,0,7.583979328165374,6.374895500091952,0.7445079002645798,7.762920599547215,cpu,cuda:0,0,670.4638672,47
3690,1,DDT1200_num100.txt,fixed,2751,8,343.875,9.867085456848145,13.661905288696289,7.710915269854013e-06,-0.28,0.032716738291110256,0.48250001668930054,0.03344772011041641,0.44999998807907104,0.5400000214576721,-0.124137288,-0.11414026,0.0002312976557732327,1.0112679302692413,0.01667624134279322,0.07599039480555803,0.0003,414,386,147.0757727394468,13.688137531280518,5.016506671905518,18.704644203186035,766,0.4138309999980265,0,0,TRUE,pair,365,5.557642799874884,5.94801890256404,50,0,7.536986301369863,5.557642799874884,0.639070300196181,7.144125299571897,cpu,cuda:0,0,670.4609375,47
3691,1,DDT1200_num100.txt,fixed,2891,8,361.375,13.31294059753418,14.482871055603027,9.39260280574672e-06,0.48000000000000004,0.03432727255976533,0.5299999713897705,0.0353553332388401,0.46000000834465027,0.5899999737739563,-0.021165724,-0.011403586,0.00020851794276192473,0.9866397877534231,0.011868167561866963,0.04843505999694268,0.0003,376,424,90.82864525926311,14.507594585418701,17.320545434951782,31.82916569709778,792,0.33562599997094367,0,0,TRUE,pair,376,5.921250299827079,5.850224835573287,60,0,7.6888297872340425,5.921250299827079,0.6734564004727872,7.549389399951906,cpu,cuda:0,0,670.4638672,48
3692,1,DDT1200_num100.txt,fixed,2872,8,359,19.455076217651367,14.490960121154785,9.684608812676743e-06,0.16,0.0390602082229619,0.5099999904632568,0.04358898475766182,0.44999998807907104,0.5899999737739563,-0.110679887,-0.100783112,0.00028953356862378615,1.0041539470354717,0.011643451124352092,0.05157467668565611,0.0003,392,408,81.81433313086744,14.517650604248047,20.586222887039185,35.10387349128723,766,0.3237341000640299,0,0,TRUE,pair,385,5.985081800390617,6.175835655301726,56,0,7.45974025974026,5.985081800390617,0.6858988998428686,7.476621300171246,cpu,cuda:0,0,670.46337890625,48
3693,1,DDT1200_num100.txt,fixed,2853,8,356.625,9.109576225280762,14.342930793762207,7.340814590861555e-06,0.2,0.044480919611767616,0.512499988079071,0.021650636568665504,0.47999998927116394,0.5600000023841858,-0.189237212,-0.179615946,0.000339641028404003,0.979108914732933,0.01547863511950709,0.05563985276967287,0.0003,390,410,154.767576008922,14.372209072113037,4.061884641647339,18.434093713760376,762,0.3282148999569472,0,0,TRUE,pair,374,5.841301800130168,6.260778127951744,70,0,7.628342245989304,5.841301800130168,0.6917537005792838,7.465034001128515,cpu,cuda:0,0,530.9443359,48
3694,1,DDT1200_num100.txt,fixed,2895,8,361.875,13.941283226013184,14.44899845123291,8.56981296237791e-06,0.5,0.04831159870864456,0.53125,0.026663416996598244,0.47999998927116394,0.5699999928474426,-0.10420823,-0.094647138,0.0002777682926865633,0.9699974439360879,0.011258628166450018,0.04957235485992648,0.0003,375,425,88.90280607847072,14.474923372268677,18.088728189468384,32.56365156173706,773,0.322876400052337,0,0,TRUE,pair,393,5.895075900043594,5.8113989640599915,75,0,7.366412213740458,5.895075900043594,0.6871039997786283,7.525445399049204,cpu,cuda:0,0,670.4638672,48
3695,1,DDT1200_num100.txt,fixed,2879,8,359.875,15.070148468017578,14.674528121948242,8.341243301401846e-06,0.24,0.049266901943250375,0.5149999856948853,0.04716990515589714,0.4300000071525574,0.5699999928474426,-0.019642188,-0.009693984,0.00025309930060757324,1.0074754137741893,0.012245494565975509,0.06179206602667507,0.0003,388,412,57.45476864111678,14.699715852737427,35.40926671028137,50.1089825630188,797,0.34242640031152405,0,0,TRUE,pair,382,6.112497700174572,6.02049322677346,80,0,7.536649214659686,6.112497700174572,0.69445529935183,7.519137099181535,cpu,cuda:0,0,670.46337890625,51
3696,1,DDT1200_num100.txt,fixed,2862,8,357.75,18.699934005737305,14.612302780151367,1.3197281077736989e-05,0.38,0.05143323045173027,0.5237500071525574,0.04715333878993988,0.46000000834465027,0.6100000143051147,-0.073139508,-0.063813784,0.0003422444029378572,0.949684202671051,0.018904788949709785,0.07029496692121029,0.0003,381,419,105.59441342909999,14.63912296295166,12.4645836353302,27.10370659828186,751,0.3945895998913329,0,0,TRUE,pair,386,6.160195399745135,5.806079664653535,50,0,7.414507772020725,6.160195399745135,0.696712700475473,7.411775100132218,cpu,cuda:0,0,670.46337890625,51
3697,1,DDT1200_num100.txt,fixed,2905,8,363.125,13.48552417755127,15.229540824890137,7.740346518403385e-06,0.42,0.051766077638426014,0.5262499451637268,0.0307967159897089,0.47999998927116394,0.5699999928474426,-0.057786768,-0.047838077,0.0003164833593901302,1.010693024186527,0.008612535435103756,0.05496528983006582,0.0003,379,421,64.38584039560394,15.2589271068573,29.859688758850098,45.1186158657074,757,0.3196948003314901,0,0,TRUE,pair,384,6.534592999727465,6.099139413488917,75,0,7.565104166666667,6.534592999727465,0.7528444991621654,7.576782699878095,cpu,cuda:0,0,670.4638672,51
3698,1,DDT1200_num100.txt,fixed,2888,8,361,10.307764053344727,14.910144805908203,8.83584507391788e-05,0.07999999999999999,0.04674498337631509,0.5049999952316284,0.028722813352942467,0.44999998807907104,0.5400000214576721,-0.048949204,-0.039683107,0.0002774589712706594,0.9404827952384949,0.01099786436783948,0.059960556482630115,0.0003,396,404,77.32328295874987,14.939584493637085,22.410097122192383,37.34968161582947,779,0.3383129998110235,0,0,TRUE,pair,371,6.1622472000308335,6.032894737213602,60,0,7.784366576819407,6.1622472000308335,0.7222017007879913,7.667197600967484,cpu,cuda:0,0,670.4638672,51
3699,1,DDT1200_num100.txt,fixed,2956,8,369.5,10.087120056152344,15.108713150024414,6.235454748093616e-06,0.5,0.048603485900014946,0.53125,0.027585098519921303,0.49000000953674316,0.5600000023841858,-0.060384168,-0.050851476,0.0002167005553598177,0.9641042297536676,0.01466226931238039,0.052293053404851395,0.0003,375,425,86.33032514581203,15.136398792266846,19.10417652130127,34.240575313568115,777,0.332216599752428,0,0,TRUE,pair,385,6.262593799852766,5.825439783975139,65,0,7.677922077922078,6.262593799852766,0.7371271002921276,7.748855799814919,cpu,cuda:0,0,670.4658203,51
3700,1,DDT1200_num100.txt,fixed,2919,8,364.875,14.802343368530273,15.164874076843262,8.01455280452501e-06,0.48,0.04589732444427419,0.5299999713897705,0.02828427031636238,0.49000000953674316,0.5799999833106995,-0.065329262,-0.055573151,0.0002289566268287176,0.9870591976425864,0.015116674153515223,0.05921565334905277,0.0003,376,424,83.56594256707336,15.190335273742676,19.74016284942627,34.930498123168945,778,0.3365634992660489,0,0,TRUE,pair,395,6.2460372998029925,6.321342925414438,60,0,7.389873417721519,6.2460372998029925,0.7304728999151848,7.827157399820862,cpu,cuda:0,0,670.4638672,52
3701,1,DDT1200_num100.txt,fixed,2904,8,363,17.16100311279297,14.923948287963867,9.356220289191697e-06,-0.06,0.04175926984421702,0.4962500035762787,0.04240798205137253,0.4300000071525574,0.5699999928474426,-0.013013432,-0.003243822,0.00024255813999237338,0.9890889624754587,0.01061343620919312,0.05673180241137743,0.0003,403,397,74.59392183547416,14.952927827835083,23.977858066558838,38.93078589439392,793,0.3337103998637758,0,0,TRUE,pair,380,6.253199100116035,6.0699035789684155,70,0,7.6421052631578945,6.253199100116035,0.7018134990648832,7.6188795009220485,cpu,cuda:0,0,670.4638672,50
3702,1,DDT1200_num100.txt,fixed,2971,8,371.375,14.203322410583496,15.073238372802734,8.668736882100347e-06,0.5800000000000001,0.041053394638966796,0.5362499952316284,0.023418746888637543,0.5099999904632568,0.5799999833106995,-0.040536666,-0.031171115,0.00021355884079336343,0.947232852379481,0.013169377207911262,0.05222373393674692,0.0003,371,429,77.74224997786663,15.098830699920654,23.117197275161743,38.2160279750824,789,0.33300789989880286,0,0,TRUE,pair,405,6.1697770997998305,6.104678558605121,65,0,7.335802469135802,6.1697770997998305,0.7140920989331789,7.829865098785376,cpu,cuda:0,0,670.4658203,47
3703,1,DDT1200_num100.txt,fixed,2883,8,360.375,20.04954719543457,14.797256469726562,1.1121657735202461e-05,0.52,0.04031187780299173,0.5325000286102295,0.050187159329652786,0.41999998688697815,0.6000000238418579,-0.099732828,-0.09000635,0.00028566709883498813,0.9869312204812702,0.011645247614452322,0.0642538696625515,0.0003,374,426,63.970510770328275,14.82432508468628,30.24331569671631,45.06764078140259,757,0.32548939998378046,0,0,TRUE,pair,391,6.128898100141669,6.294484912212053,50,0,7.373401534526854,6.128898100141669,0.6954609993845224,7.620232500194106,cpu,cuda:0,0,670.4638672,43
3704,1,DDT1200_num100.txt,fixed,2907,8,363.375,11.767938613891602,14.766594886779785,8.00745783635648e-06,0.48,0.03851206960965783,0.5299999713897705,0.02828427404165268,0.47999998927116394,0.5699999928474426,-0.100459537,-0.091309216,0.00021101320032214157,0.925582628501089,0.012540862601446478,0.06439654926132214,0.0003,376,424,59.81147963733611,14.797913074493408,33.80479693412781,48.602710008621216,766,0.321721900079865,0,0,TRUE,pair,376,6.081558800186031,5.963192295117767,80,0,7.7313829787234045,6.081558800186031,0.6915910990501288,7.645235100237187,cpu,cuda:0,0,670.4638672,42
3705,1,DDT1200_num100.txt,fixed,2845,8,355.625,10.676346778869629,14.532155990600586,8.01455280452501e-06,0.14,0.03023327829946825,0.5087499618530273,0.028034567832946777,0.4399999976158142,0.5299999713897705,-0.065283549,-0.055752255,0.0002092537615681067,0.9635920392142402,0.017365137878287997,0.07602876766274373,0.0003,393,407,99.64737999795774,14.55882477760315,13.99185061454773,28.55067539215088,778,0.33293240040075034,0,0,TRUE,pair,372,5.961214999988442,5.971528998242531,70,0,7.647849462365591,5.961214999988442,0.6922315008705482,7.533395899925381,cpu,cuda:0,0,670.46337890625,41
3706,1,DDT1200_num100.txt,fixed,2787,8,348.375,20.426315307617188,14.25527572631836,1.0972436029987875e-05,0.14,0.021957889844711424,0.5087499618530273,0.05158427357673645,0.4099999964237213,0.5799999833106995,-0.068357295,-0.058887049,0.00030299457527386647,0.9621746606296964,0.01272441320017808,0.06951546120560831,0.0003,393,407,91.39834011996828,14.282477617263794,16.21041750907898,30.492895126342773,766,0.4108674998860806,0,0,TRUE,pair,382,5.927645900141215,5.973089341925685,60,0,7.295811518324608,5.927645900141215,0.6921289005258586,7.296046301664319,cpu,cuda:0,0,670.46142578125,41
3707,1,DDT1200_num100.txt,fixed,2848,8,356,10.571187019348145,14.558034896850586,7.710915269854013e-06,0.16,0.022196076619082274,0.5099999904632568,0.04609771445393562,0.44999998807907104,0.5899999737739563,-0.03221568,-0.022421435,0.0003413564138879467,0.9964927860668727,0.011430550582839974,0.05269253719598055,0.0003,392,408,110.19257059707245,14.589701652526855,11.255960941314697,25.845662593841553,793,0.34434130002046004,0,0,TRUE,pair,374,6.061514699802501,5.855337079656258,70,0,7.614973262032086,6.061514699802501,0.6897761004511267,7.461343900562497,cpu,cuda:0,0,670.46337890625,40
3708,1,DDT1200_num100.txt,fixed,2948,8,368.5,10.22252368927002,15.426015853881836,7.270789410540601e-06,0.52,0.028040162764319712,0.5324999690055847,0.031917862594127655,0.46000000834465027,0.5600000023841858,-0.056664617,-0.047372723,0.0002506704723390822,0.9417229111378009,0.008382421415612603,0.06360338497548722,0.0003,374,426,75.3530013303957,15.452771186828613,23.669758081436157,39.12252926826477,772,0.3201530998630915,0,0,TRUE,pair,386,6.520336499903351,5.790705562608375,65,0,7.637305699481865,6.520336499903351,0.7474507010774687,7.788452000764664,cpu,cuda:0,0,670.4658203,41
3709,1,DDT1200_num100.txt,fixed,2967,8,370.875,15.799031257629395,15.064737319946289,1.0293499144609086e-05,0.6,0.03277800337621733,0.5374999642372131,0.03491060063242912,0.4699999988079071,0.5799999833106995,0.03637959240851077,0.045466324568472126,0.0002791555466088043,0.9226310469887473,0.009513755577658727,0.05197620057416233,0.0003,370,430,92.4138672085686,15.090454816818237,17.015116453170776,32.105571269989014,817,0.3450748998147901,0,0,TRUE,pair,390,6.284825900074793,5.470171891883603,80,0,7.607692307692307,6.284825900074793,0.7113077014219016,7.708907199499663,cpu,cuda:0,0,670.4658203,42
3710,1,DDT1200_num100.txt,fixed,2859,8,357.375,20.46910858154297,14.530616760253906,1.0468720574863255e-05,0.15999999999999998,0.030976812854865213,0.5099999904632568,0.04690416157245636,0.41999998688697815,0.5699999928474426,-0.139600771,-0.129937266,0.0002896111553510357,0.9808311462402344,0.011786111262872032,0.06725306019775178,0.0003,392,408,63.71198569784482,14.55681037902832,30.317006826400757,44.87381720542908,789,0.42442540035699494,0,0,TRUE,pair,382,5.923308399796952,6.026932492878271,50,0,7.484293193717278,5.923308399796952,0.6918214999313932,7.57029800087912,cpu,cuda:0,0,670.46337890625,44
3711,1,DDT1200_num100.txt,fixed,2924,8,365.5,11.565033912658691,15.0331449508667,8.113241165119689e-06,0.5,0.034008246072108984,0.53125,0.023150326684117317,0.49000000953674316,0.5699999928474426,0.16584964096546173,0.17530765011906624,0.00036429154897632543,0.9640152901411057,0.017504972289316356,0.06955106975510716,0.0003,375,425,127.33307295979479,15.059404373168945,7.903993368148804,22.96339774131775,789,0.338414199417457,0,0,TRUE,pair,388,6.301092899841024,5.6757865943595585,65,0,7.536082474226804,6.301092899841024,0.7162995988328476,7.661381998768775,cpu,cuda:0,0,670.4638672,46
3712,1,DDT1200_num100.txt,fixed,2896,8,362,14.404860496520996,15.08067798614502,7.651713531231508e-06,0.3,0.027658803267183375,0.5187499523162842,0.03822220489382744,0.4699999988079071,0.5899999737739563,-0.002126606,0.007635831832885742,0.00026146869484884,0.9893172468457904,0.010621602605429612,0.058523959713056684,0.0003,385,415,71.60557461108125,15.106648206710815,25.337130308151245,40.44377851486206,794,0.3473719996982254,0,0,TRUE,pair,385,6.279696800222155,5.898480663230406,65,0,7.522077922077922,6.279696800222155,0.7372328997880686,7.7005762996850535,cpu,cuda:0,0,670.4638672,47
3713,1,DDT1200_num100.txt,fixed,2862,8,357.75,17.590835571289062,14.660673141479492,9.3196968009579e-06,0.13999999999999999,0.02414591236575867,0.5087500214576721,0.04702061042189598,0.4399999976158142,0.5799999833106995,-0.05139744,-0.041559883,0.00033015925782819977,1.0002635084092617,0.017243065447473782,0.06940955447498709,0.0003,393,407,67.19641261413025,14.6887366771698,27.902822732925415,42.591559410095215,774,0.32571329970960505,0,0,TRUE,pair,381,6.107166499830782,5.9025157229372205,60,0,7.511811023622047,6.107166499830782,0.7075452996359672,7.497510801302269,cpu,cuda:0,0,670.46337890625,47
3714,1,DDT1200_num100.txt,fixed,2911,8,363.875,12.51436710357666,14.838435173034668,8.449575943814125e-06,0.54,0.027558726060941934,0.5337499976158142,0.044982634484767914,0.47999998927116394,0.6000000238418579,0.0048397524903217954,0.014396559136609236,0.00028986417196898,0.9701736039585538,0.015549000637191866,0.0634719773920046,0.0003,373,427,92.00730673849841,14.866646528244019,16.77214503288269,31.63879156112671,776,0.33497399982297793,0,0,TRUE,pair,381,6.069573600194417,5.901408450990885,70,0,7.640419947506562,6.069573600194417,0.7172525009082165,7.69427970063407,cpu,cuda:0,0,670.4638672,48
3715,1,DDT1200_num100.txt,fixed,2983,8,372.875,20.931062698364258,14.92471694946289,1.0747363376140129e-05,0.54,0.026598508359807864,0.5337499976158142,0.04357106611132622,0.4699999988079071,0.6000000238418579,0.011938864644616843,0.02165225027129054,0.00024494365497957916,0.983585524559021,0.009904871904291212,0.05898885317146778,0.0003,373,427,92.6016600846775,14.952828168869019,17.260417222976685,32.2132453918457,775,0.32666139930370264,0,0,TRUE,pair,398,6.1149059000308625,5.573583640390461,50,0,7.494974874371859,6.1149059000308625,0.7037328000296839,7.752758299058769,cpu,cuda:0,0,670.4658203,50
3716,1,DDT1200_num100.txt,fixed,2930,8,366.25,9.588404655456543,14.875575065612793,7.80616028350778e-06,0.48,0.02863263611313002,0.5299999713897705,0.029154757037758827,0.5,0.5899999737739563,-0.030940592,-0.021026887,0.0002258569384139264,1.0026633093754451,0.010266535221793069,0.05432105634827167,0.0003,376,424,81.64480797193525,14.905139684677124,20.982016801834106,35.88715648651123,784,0.4351148999412544,0,0,TRUE,pair,383,6.105479099933291,5.891126280188967,65,0,7.650130548302872,6.105479099933291,0.7008000008354429,7.715153899305733,cpu,cuda:0,0,670.4638672,49
3717,1,DDT1200_num100.txt,fixed,2942,8,367.75,12.949420928955078,14.938896179199219,9.270774171454832e-06,0.48000000000000004,0.03153391912715018,0.5299999713897705,0.06782329827547073,0.3799999952316284,0.6200000047683716,-0.131236625,-0.122409893,0.0001910000767869254,0.8922234773635864,0.014096669542292753,0.05495078427096208,0.0003,376,424,161.70779239100327,14.96576452255249,3.2275454998016357,18.193310022354126,784,0.3349447007931303,0,0,TRUE,pair,387,6.238948200043524,5.624065261888796,50,0,7.602067183462532,6.238948200043524,0.7246325997402892,7.617198000632925,cpu,cuda:0,0,486.6572266,48
3718,1,DDT1200_num100.txt,fixed,2967,8,370.875,7.4235687255859375,14.966402053833008,8.740569683141075e-06,0.64,0.036314423778045536,0.5399999618530273,0.03041381761431694,0.47999998927116394,0.5699999928474426,-0.080479538,-0.071729843,0.0003366321943758521,0.8918012082576752,0.013188106477173278,0.07590410351986066,0.0003,368,432,103.90839141610225,14.996036529541016,13.557961463928223,28.55399799346924,791,0.33882080018520355,0,0,TRUE,pair,385,6.0862402997445315,5.572295247403548,70,0,7.706493506493507,6.0862402997445315,0.7012732003058773,7.8251730013871565,cpu,cuda:0,0,670.4658203,49
3719,1,DDT1200_num100.txt,fixed,2861,8,357.625,17.00689125061035,14.778690338134766,1.1743173672584817e-05,0.18,0.034394378317768745,0.5112500190734863,0.027585096657276154,0.4699999988079071,0.5600000023841858,-0.045680158,-0.036445487,0.00029764103369829667,0.9383490790020336,0.015592827380962924,0.0654093588871712,0.0003,391,409,82.01366979273845,14.805755615234375,20.078672885894775,34.88442850112915,779,0.34028329988359474,0,0,TRUE,pair,377,6.173431000264827,5.893743446347431,55,0,7.588859416445623,6.173431000264827,0.7139828002545983,7.542493299202761,cpu,cuda:0,0,670.46337890625,50
3720,1,DDT1200_num100.txt,fixed,2872,8,359,13.610657691955566,14.798127174377441,8.02164231572533e-06,0.16,0.036905896021628345,0.5099999904632568,0.03708099573850632,0.44999998807907104,0.5699999928474426,-0.041090724,-0.031793381,0.0002291561586868116,0.9411922755994295,0.011522878647634857,0.07117591393915446,0.0003,392,408,62.15522260882061,14.826482772827148,31.380414724349976,46.206897497177124,772,0.335244600311853,0,0,TRUE,pair,375,6.226644600275904,5.803272979920289,75,0,7.658666666666667,6.226644600275904,0.7174176996049937,7.499213200440863,cpu,cuda:0,0,670.46337890625,51
3721,1,DDT1200_num100.txt,fixed,2787,8,348.375,16.792390823364258,14.494515419006348,9.307489563070703e-06,-5.20E-18,0.033062120961045494,0.5,0.04949747771024704,0.4000000059604645,0.550000011920929,-0.170363353,-0.16156924,0.0003124603328095483,0.895034446602776,0.012408402526662463,0.07205126115253993,0.0003,400,400,58.06275840715335,14.521348476409912,33.47843790054321,47.999786376953125,762,0.3227375998685602,0,0,TRUE,pair,376,6.223382600350305,5.774309294814913,60,0,7.412234042553192,6.223382600350305,0.6871284999069758,7.2408113002893515,cpu,cuda:0,0,670.46142578125,52
3722,1,DDT1200_num100.txt,fixed,2843,8,355.375,10.862061500549316,14.678415298461914,8.307099960802589e-06,0.08,0.03668031013307754,0.5049999952316284,0.03316624462604523,0.4399999976158142,0.5400000214576721,-0.071856875,-0.062736075,0.00026709028497862164,0.9254341721534729,0.013398279959801584,0.04638636962044984,0.0003,396,404,139.24358711068226,14.705440998077393,5.712016344070435,20.417457342147827,783,0.3407507996307686,0,0,TRUE,pair,374,6.127145700098481,6.02462187762668,65,0,7.601604278074866,6.127145700098481,0.70465430043987,7.498208999808412,cpu,cuda:0,0,670.46337890625,51
3723,1,DDT1200_num100.txt,fixed,2891,8,361.375,14.670867919921875,14.56423282623291,8.70146141096484e-06,0.36,0.03180819842468186,0.5224999785423279,0.04205650836229324,0.44999998807907104,0.5899999737739563,-0.072270031,-0.063151356,0.0003023896117358365,0.9269869062635634,0.009123478240023056,0.05093680650720166,0.0003,382,418,93.18129337946618,14.590289115905762,16.435251474380493,31.025540590286255,766,0.3256274999002926,0,0,TRUE,pair,379,5.938417700002901,5.781736423011801,60,0,7.627968337730871,5.938417700002901,0.7146077003271785,7.558304900274379,cpu,cuda:0,0,670.4638672,51
3724,1,DDT1200_num100.txt,fixed,2851,8,356.375,10.523039817810059,14.749092102050781,4.0935850847745314e-05,0.039999999999999994,0.029013061748938505,0.5024999976158142,0.0440879762172699,0.44999998807907104,0.5699999928474426,-0.099918099,-0.090758188,0.0002897966288191338,0.9304809662011954,0.009800472251999263,0.05374314972700981,0.0003,398,402,75.91857783859975,14.778475046157837,22.77491545677185,37.55339050292969,766,0.34322059983969666,0,0,TRUE,pair,375,6.060469600139186,5.992283409831818,55,0,7.602666666666667,6.060469600139186,0.7328428002365399,7.509292500268202,cpu,cuda:0,0,670.46337890625,52
3725,1,DDT1200_num100.txt,fixed,2834,8,354.25,17.419458389282227,14.16672134399414,1.1167562661285046e-05,-6.94E-18,0.025326329610647666,0.5,0.044158805161714554,0.4300000071525574,0.5699999928474426,-0.177036801,-0.167788413,0.0003459655970800668,0.9421369910240174,0.014827616699039935,0.05764585137367249,0.0003,400,400,134.66219344648297,14.194294691085815,6.849906921386719,21.04525351524353,760,0.3325988997821696,0,0,TRUE,pair,375,5.8440863002615515,5.988002822318377,90,0,7.557333333333333,5.8440863002615515,0.6757399999769405,7.310530001006555,cpu,cuda:0,0,670.46337890625,48
3726,1,DDT1200_num100.txt,fixed,2946,8,368.25,16.368797302246094,14.674646377563477,7.024249953246908e-06,0.78,0.034455346912536856,0.5487500429153442,0.048331547528505325,0.4699999988079071,0.6000000238418579,-0.052193155,-0.043415661,0.0002455599007791736,0.8900273773405287,0.01088786748651829,0.06882528070774344,0.0003,361,439,60.90252988039807,14.701850891113281,33.67052388191223,48.37237477302551,765,0.3285073997685686,0,0,TRUE,pair,390,6.099124199972721,5.760692464803565,55,0,7.553846153846154,6.099124199972721,0.6976565991644748,7.526814100972842,cpu,cuda:0,0,670.4658203,43
3727,1,DDT1200_num100.txt,fixed,2896,8,362,10.897247314453125,14.809162139892578,6.3618012973165605e-06,0.2,0.028031146385500128,0.512499988079071,0.036657191812992096,0.4300000071525574,0.5600000023841858,0.02391504043979304,0.032924086919852665,0.00025296906200570187,0.9135532464299884,0.012299652028429722,0.0662089568961944,0.0003,390,410,107.64549758359354,14.835911750793457,12.067210674285889,26.903122425079346,792,0.35374220067751594,0,0,TRUE,pair,377,6.050795799761545,5.787292817844212,80,0,7.681697612732095,6.050795799761545,0.7005514002230484,7.70543929975247,cpu,cuda:0,0,670.4638672,41
3728,1,DDT1200_num100.txt,fixed,2956,8,369.5,16.94107437133789,15.182329177856445,9.221591426467057e-06,0.64,0.025638318315440004,0.5399999618530273,0.05049753189086914,0.46000000834465027,0.6100000143051147,-0.006331083,0.002749202772974968,0.00023339027757174335,0.9196983873844147,0.01712044992018491,0.07121547544375062,0.0003,368,432,129.76270565853196,15.20964002609253,7.5704028606414795,22.78004288673401,778,0.3321623998635914,0,0,TRUE,pair,396,6.30024549990776,5.680311230103283,80,0,7.4646464646464645,6.30024549990776,0.741694900643779,7.772727400821168,cpu,cuda:0,0,670.4658203,42
3729,1,DDT1200_num100.txt,fixed,2935,8,366.875,6.863626956939697,15.171061515808105,5.9556941778282635e-06,0.8200000000000001,0.028487435690845418,0.5512499809265137,0.01899835281074047,0.5299999713897705,0.5899999737739563,-0.011572707,-0.002351614,0.0001825148156058276,0.9312350749969482,0.011606127815321087,0.049476934410631654,0.0003,359,441,90.15219311273101,15.197481870651245,17.35857582092285,32.5560576915741,767,0.3313436998578254,0,0,TRUE,pair,375,6.4253609004372265,5.89369676304026,60,0,7.826666666666667,6.4253609004372265,0.7273035989783239,7.662508000386879,cpu,cuda:0,0,670.4638672,40
3730,1,DDT1200_num100.txt,fixed,2950,8,368.75,15.163690567016602,15.200010299682617,8.668736882100347e-06,0.54,0.031226838127555726,0.5337499976158142,0.02689679153263569,0.5,0.5899999737739563,-0.018536119,-0.009352677,0.0003061275405343622,0.9336508214473724,0.015029606386087834,0.08121997639536857,0.0003,373,427,97.14973126509638,15.228140830993652,15.137357473373413,30.365498304367065,773,0.3308447997260373,0,0,TRUE,pair,393,6.330296300235204,5.729830508474576,60,0,7.506361323155216,6.330296300235204,0.7532702003663871,7.751922499970533,cpu,cuda:0,0,670.4658203,39
3731,1,DDT1200_num100.txt,fixed,2891,8,361.375,17.91603660583496,14.827969551086426,8.12724101706408e-06,0.09999999999999999,0.029442746647908545,0.5062500238418579,0.05498579144477844,0.3799999952316284,0.5799999833106995,-0.027125033,-0.018039613,0.00027256862247466214,0.9221706787745158,0.026410525574141905,0.056142216134402484,0.0003,395,405,100.00953323155109,14.854195356369019,14.053048849105835,28.907244205474854,795,0.33836329946643673,0,0,TRUE,pair,386,6.211692400393076,5.723279143649787,60,0,7.489637305699482,6.211692400393076,0.7011533001787029,7.566842600790551,cpu,cuda:0,0,670.4638672,39
3732,1,DDT1200_num100.txt,fixed,2940,8,367.5,19.525623321533203,14.88245964050293,9.325794053438585e-06,0.54,0.028887323968135755,0.5337499976158142,0.03314267843961716,0.49000000953674316,0.5899999737739563,-0.045831001,-0.036917125,0.00023224382457556202,0.9029999673366547,0.017002528288867325,0.07464206665754318,0.0003,373,427,98.16339330342332,14.908451795578003,15.041613101959229,29.95006489753723,764,0.3269557998573873,0,0,TRUE,pair,403,6.19525059973239,5.680952380100886,56,0,7.295285359801489,6.19525059973239,0.6973821005958598,7.643528500047978,cpu,cuda:0,0,670.4638672,40
3733,1,DDT1200_num100.txt,fixed,2935,8,366.875,15.226929664611816,14.684414863586426,9.470951226830948e-06,0.44,0.028855406145993075,0.5274999737739563,0.05379358306527138,0.46000000834465027,0.6200000047683716,-0.082091822,-0.073076925,0.0002862436131181312,0.9158021248877048,0.011268411079072393,0.06313035415951163,0.0003,378,422,70.19784389557236,14.7137930393219,27.09660792350769,41.81040096282959,782,0.3326107999600936,0,0,TRUE,pair,383,6.129353899974376,5.528109028189105,75,0,7.663185378590079,6.129353899974376,0.6877019009261858,7.52485769946361,cpu,cuda:0,0,670.4638672,44
3734,1,DDT1200_num100.txt,fixed,2899,8,362.375,20.130434036254883,14.792945861816406,1.2958219485881273e-05,0.3,0.032905118481506755,0.518750011920929,0.05732310190796852,0.41999998688697815,0.6100000143051147,-0.020239141,-0.011021615,0.00026840887827953946,0.9351728757222494,0.016966738815729816,0.07948038540780544,0.0003,385,415,112.06492994982966,14.824556827545166,11.044374704360962,25.868931531906128,767,0.4238519996870309,0,0,TRUE,pair,388,6.184773400076665,5.620558811574609,50,0,7.471649484536083,6.184773400076665,0.6867839994665701,7.572291100135772,cpu,cuda:0,0,670.4638672,45
3735,1,DDT1200_num100.txt,fixed,2958,8,369.75,19.651653289794922,15.013480186462402,1.064639764081221e-05,0.64,0.029389832223342505,0.5399999618530273,0.03968626260757446,0.47999998927116394,0.5899999737739563,-0.022585388,-0.013305596,0.0003164290596032515,0.9438006520271301,0.012929593498120085,0.06878789984621107,0.0003,368,432,92.61504346298315,15.038754940032959,16.899900913238525,31.938655853271484,781,0.32805500001995824,0,0,TRUE,pair,396,6.300293200096348,5.674104124247181,65,0,7.46969696969697,6.300293200096348,0.714339100784855,7.558745398506289,cpu,cuda:0,0,670.4658203,46
3736,1,DDT1200_num100.txt,fixed,2887,8,360.875,13.138089179992676,15.179475784301758,7.160500445024809e-06,0.19999999999999998,0.02615100844143557,0.512499988079071,0.04683748260140419,0.4399999976158142,0.5799999833106995,0.0186720232013613,0.028139168707032997,0.0003258764724402378,0.9630082845687866,0.009441369213163853,0.054064515978097916,0.0003,390,410,106.88267026423631,15.208314180374146,11.802612781524658,27.010926961898804,777,0.3352471995167434,0,0,TRUE,pair,376,6.482344999938505,5.993418771996811,80,0,7.678191489361702,6.482344999938505,0.7290782995405607,7.611716800020076,cpu,cuda:0,0,670.4638672,46
3737,1,DDT1200_num100.txt,fixed,2923,8,365.375,14.831870079040527,15.092206954956055,3.542742706486024e-05,0.48,0.02323564077527953,0.5300000309944153,0.06324554979801178,0.4300000071525574,0.6499999761581421,-0.099842182,-0.089851679,0.0002778749352728482,1.0129438757896423,0.0096612328896299,0.05803147132198016,0.0003,376,424,76.23881178957508,15.122033834457397,23.218018054962158,38.340051889419556,778,0.4218233996652998,0,0,TRUE,pair,390,6.393871100095566,5.85904892168753,55,0,7.494871794871795,6.393871100095566,0.6941128994221799,7.652202399476664,cpu,cuda:0,0,670.4638672,46
3738,1,DDT1200_num100.txt,fixed,2949,8,368.625,22.825082778930664,15.118695259094238,8.655611964059062e-06,0.38,0.024126021690862462,0.5237500071525574,0.06498797982931137,0.41999998688697815,0.6100000143051147,-0.017158465,-0.006724351,0.0003573065378556126,1.0612766993673224,0.009860520549792503,0.05331359561042566,0.0003,381,419,64.20975402187283,15.143588066101074,30.784013509750366,45.92760157585144,775,0.331472699646838,0,0,TRUE,pair,401,6.368777000083355,5.945405220896481,70,0,7.3541147132169575,6.368777000083355,0.7359700000088196,7.654595199419418,cpu,cuda:0,0,670.4658203,47
3739,1,DDT1200_num100.txt,fixed,2964,8,370.5,19.00657844543457,14.80323600769043,1.1049871318391524e-05,0.09999999999999999,0.018765214414283134,0.5062500238418579,0.04553501680493355,0.4099999964237213,0.5600000023841858,-0.004239503,0.0059363381781925755,0.00030978876869388233,1.033073494831721,0.016567285615262033,0.04994452199510609,0.0003,395,405,87.23952556791629,14.82899808883667,19.146427392959595,33.975425481796265,797,0.333026399865048,0,0,TRUE,pair,399,6.135724899941124,6.048245615925383,60,0,7.428571428571429,6.135724899941124,0.7023324995534495,7.611746399081312,cpu,cuda:0,0,670.4658203,48
3740,1,DDT1200_num100.txt,fixed,2844,8,355.5,16.785409927368164,14.461338996887207,7.75502030592179e-06,-0.24,0.008064266096751338,0.48499998450279236,0.052440445870161057,0.3700000047683716,0.550000011920929,-0.080073608,-0.069139017,0.0004131640121664128,1.11411714553833,0.014745874744322564,0.0673347343173292,0.0003,412,388,100.22074908163121,14.487504959106445,13.889852285385132,28.377357244491577,794,0.34417479965486564,0,0,TRUE,pair,378,6.098723000002792,6.039029535781147,90,0,7.523809523809524,6.098723000002792,0.6703734001785051,7.3578426001477055,cpu,cuda:0,0,670.46337890625,48
3741,1,DDT1200_num100.txt,fixed,2888,8,361,15.394804000854492,14.470637321472168,9.22775416256627e-06,0.13999999999999999,0.005744762844289721,0.5087500214576721,0.0462162010371685,0.4099999964237213,0.5699999928474426,-0.010677991,0.0004400027294953664,0.00033657592757663224,1.1286281049251556,0.009645740520985177,0.05493715118306378,0.0003,393,407,79.48190664005334,14.503872871398926,21.831440687179565,36.33531355857849,789,0.3429103998350911,0,0,TRUE,pair,380,6.037733900331659,6.268698059538395,55,0,7.6,6.037733900331659,0.6716214999905787,7.421237999718869,cpu,cuda:0,0,670.4638672,50
3742,1,DDT1200_num100.txt,fixed,2959,8,369.875,15.316963195800781,15.022883415222168,1.0441535778227262e-05,0.1,0.004696227722789214,0.5062500238418579,0.04580870643258095,0.4099999964237213,0.5600000023841858,-0.039070018,-0.028057296,0.0002798490865340379,1.1152647733688354,0.007272959233281047,0.035738098745544754,0.0003,395,405,86.2819012479389,15.053847551345825,19.24071431159973,34.29456186294556,808,0.346292400470702,0,0,TRUE,pair,389,6.282211499928962,6.1784386609042965,60,0,7.60668380462725,6.282211499928962,0.7066996996873058,7.679764900676673,cpu,cuda:0,0,670.4658203,49
3743,1,DDT1200_num100.txt,fixed,2969,8,371.125,15.885823249816895,15.030338287353516,9.331886758445762e-06,0.44,0.007829628219549663,0.5274999737739563,0.030720511451363564,0.49000000953674316,0.5799999833106995,0.002933715470135212,0.01348692923784256,0.00031981459869712126,1.0713123604655266,0.013360519280467997,0.05657382507342845,0.0003,378,422,102.1397361027795,15.057834386825562,14.010186672210693,29.068021059036255,812,0.3424305996741168,0,0,TRUE,pair,397,6.321555300295586,5.992253283532471,50,0,7.478589420654912,6.321555300295586,0.7057354995631613,7.647902500844793,cpu,cuda:0,0,670.4658203,50
3744,1,DDT1200_num100.txt,fixed,2951,8,368.875,20.93703269958496,15.210429191589355,9.374429282615893e-06,0.38,0.005466796183174235,0.5237499475479126,0.0447038859128952,0.44999998807907104,0.5899999737739563,-0.035592102,-0.024815059,0.00034788139912831994,1.0950982570648193,0.011901374299278749,0.045324419026396105,0.0003,381,419,102.02582079248222,15.238391399383545,13.685659170150757,28.9240505695343,798,0.34558149927761406,0,0,TRUE,pair,404,6.264439399907133,6.014910199285887,90,0,7.304455445544554,6.264439399907133,0.7224532990949228,7.862353400269058,cpu,cuda:0,0,670.4658203,50
3745,1,DDT1200_num100.txt,fixed,2951,8,368.875,17.366905212402344,15.09714126586914,9.494928235653788e-06,0.33999999999999997,0.00484460413113074,0.5212500095367432,0.05158428102731705,0.4399999976158142,0.6000000238418579,0.0463193603367968,0.057427802461792125,0.0004064949911976741,1.1311687447808005,0.009728043657642875,0.04391108436340636,0.0003,383,417,91.29846467197417,15.128004789352417,17.194554090499878,32.322558879852295,794,0.34741939991363324,0,0,TRUE,pair,390,6.196053900086554,6.176889190670597,70,0,7.566666666666666,6.196053900086554,0.7410192005045246,7.7017392985580955,cpu,cuda:0,0,670.4658203,50
3746,1,DDT1200_num100.txt,fixed,2971,8,371.375,12.459308624267578,15.024812698364258,8.224576959037222e-06,0.3,0.0027047561149745243,0.5187499523162842,0.03822220861911774,0.4300000071525574,0.5699999928474426,-0.022644012,-0.012467036,0.0003701325447764248,1.0362043261528016,0.018178218824323265,0.053396133985370395,0.0003,385,415,116.4461419044235,15.050755262374878,10.463185787200928,25.513941049575806,794,0.3374463001091499,0,0,TRUE,pair,391,6.131416899210308,5.5765735436994515,50,0,7.59846547314578,6.131416899210308,0.7251626997021958,7.806929399754154,cpu,cuda:0,0,670.4658203,50
3747,1,DDT1200_num100.txt,fixed,2882,8,360.25,17.837810516357422,14.69424057006836,1.1299129255348817e-05,-0.4,-0.005501517,0.4749999940395355,0.07433034479618073,0.3199999928474426,0.5799999833106995,-0.087280855,-0.076998402,0.0003702108166180551,1.046755349636078,0.035672932222951204,0.058275256771594286,0.0003,420,380,137.96779728312882,14.722121000289917,6.166811466217041,20.888932466506958,811,0.35063129974878393,0,0,TRUE,pair,377,5.977289199829102,6.433379600231719,56,0,7.644562334217507,5.977289199829102,0.6940371003292967,7.672855600161711,cpu,cuda:0,0,670.4638672,50
3748,1,DDT1200_num100.txt,fixed,2912,8,364,17.262676239013672,15.007575035095215,9.19690228329273e-06,0.3,-0.000667584,0.518750011920929,0.041060175746679306,0.46000000834465027,0.6000000238418579,-0.055435277,-0.044220294,0.00020280934488535143,1.131638751580165,0.008885310269901171,0.03398571672061315,0.0003,385,415,87.5190429595446,15.037964344024658,18.23479437828064,33.2727587223053,787,0.35037599987117574,0,0,TRUE,pair,393,6.145520299847703,6.397321428571429,80,0,7.409669211195928,6.145520299847703,0.7146816990280058,7.788617100362899,cpu,cuda:0,0,670.4638672,51
3749,1,DDT1200_num100.txt,fixed,2958,8,369.75,19.664371490478516,15.032403945922852,6.397441666194936e-06,0.36,0.009318901178958705,0.5224999785423279,0.03799671307206154,0.49000000953674316,0.6100000143051147,-0.044954787,-0.034520787,0.00023306236471398734,1.055053010582924,0.01747025563963689,0.044313093880191445,0.0003,382,418,138.8243676863564,15.058967113494873,6.248531341552734,21.307498455047607,825,0.34654929998214357,0,0,TRUE,pair,404,6.235210999991978,5.779918864983977,60,0,7.321782178217822,6.235210999991978,0.7295593012531754,7.704471699922578,cpu,cuda:0,0,670.4658203,50
3750,1,DDT1200_num100.txt,fixed,2878,8,359.75,11.442792892456055,14.60884952545166,6.942853815417038e-06,-8.67E-18,0.008976378902728503,0.5,0.050249382853507996,0.4000000059604645,0.550000011920929,0.033614709973335266,0.04462068652113279,0.000363584413814048,1.1187766393025715,0.01551232075629135,0.043619791666666664,0.0003,400,400,134.592380810321,14.634962320327759,6.748120307922363,21.383082628250122,798,0.3418424997944385,0,0,TRUE,pair,374,5.874227399908705,6.499652536400827,60,0,7.695187165775401,5.874227399908705,0.712207200267585,7.666642599913757,cpu,cuda:0,0,670.46337890625,51
3751,1,DDT1200_num100.txt,fixed,2975,8,371.875,10.925171852111816,15.285284996032715,7.979011570569128e-06,0.46,0.013353603918878961,0.528749942779541,0.020879119634628296,0.49000000953674316,0.5600000023841858,-0.07707976,-0.066976998,0.00026333399672204483,1.0234428873428931,0.010712762578175617,0.03985874505283741,0.0003,377,423,82.43924710502282,15.315110921859741,20.772069692611694,36.087180614471436,800,0.34340080004767515,0,0,TRUE,pair,393,6.483771799685201,5.961344537174001,60,0,7.569974554707379,6.483771799685201,0.7286507001554128,7.7082172000955325,cpu,cuda:0,0,670.4658203,51
3752,1,DDT1200_num100.txt,fixed,2938,8,367.25,18.806581497192383,15.134871482849121,1.10909495560918e-05,0.24,0.01934956952418034,0.5149999856948853,0.04092676192522049,0.4399999976158142,0.5699999928474426,-0.052379931,-0.041957295,0.0002830305650907879,1.0564151306947072,0.013593572463529805,0.05137104463453094,0.0003,388,412,88.51718906183359,15.164854288101196,18.02643918991089,33.191293478012085,803,0.3524309998610988,0,0,TRUE,pair,392,6.23078239968163,5.95064669778511,70,0,7.494897959183674,6.23078239968163,0.7177094992948696,7.828365500638029,cpu,cuda:0,0,670.4638672,51
3753,1,DDT1200_num100.txt,fixed,2966,8,370.75,11.486405372619629,15.117140769958496,7.776979146001395e-06,0.27999999999999997,0.02049580919262263,0.5174999833106995,0.03269174322485924,0.4699999988079071,0.5699999928474426,0.038212772882120175,0.04842046889561144,0.00027530955214222723,1.0345350016247143,0.01225790647599338,0.07228871807456017,0.0003,386,414,86.56425428084164,15.143556118011475,19.120009422302246,34.26356554031372,805,0.4182176001777407,0,0,TRUE,pair,389,6.215517899836414,6.009777477361508,90,0,7.624678663239075,6.215517899836414,0.7295401993615087,7.810870899789734,cpu,cuda:0,0,670.4658203,51
3754,1,DDT1200_num100.txt,fixed,2963,8,370.375,26.734516143798828,15.679396629333496,1.4273290616984013e-05,0.23999999999999996,0.014238583401961423,0.5149999856948853,0.05787918344140053,0.41999998688697815,0.5799999833106995,-0.023495011,-0.012782439,0.0003257220687373774,1.0875433683395386,0.009476428538619075,0.035324098949786276,0.0003,388,412,101.63044160336082,15.706932544708252,13.447717905044556,29.154650449752808,791,0.3511316000367515,0,0,TRUE,pair,402,6.631113800278399,6.260546746384321,90,0,7.370646766169155,6.631113800278399,0.7528060002368875,7.922762699832674,cpu,cuda:0,0,670.4658203,51
3755,1,DDT1200_num100.txt,fixed,2991,8,373.875,12.5542573928833,15.718984603881836,6.843900791864144e-06,0.039999999999999994,0.01737581388042081,0.5024999976158142,0.03230712190270424,0.46000000834465027,0.550000011920929,0.058232838908831276,0.06823217247923215,0.0002904836825715999,1.0144573251406352,0.02256815826209883,0.0805474358300368,0.0003,398,402,112.51470936012619,15.747761011123657,10.835429906845093,26.58319091796875,823,0.35812510023242794,0,0,TRUE,pair,394,6.672832400276093,5.8090939475556596,80,0,7.591370558375634,6.672832400276093,0.7384531991847325,7.938571700593457,cpu,cuda:0,0,670.4658203,51
3756,1,DDT1200_num100.txt,fixed,2915,8,364.375,13.927827835083008,15.188568115234375,8.456300747639034e-06,-0.02,0.015306504723319854,0.4987500011920929,0.033330727368593216,0.44999998807907104,0.5600000023841858,0.19751310348510742,0.20833998173475266,0.0003609281702665612,1.1007345914840698,0.024931185878813267,0.0546875,0.0003,401,399,142.34162169912693,15.21544075012207,5.263460397720337,20.478901147842407,801,0.3595679995487444,0,0,TRUE,pair,379,6.198328499915078,6.189022298006415,50,0,7.691292875989446,6.198328499915078,0.741232801345177,7.892871300398838,cpu,cuda:0,0,670.4638672,52
3757,1,DDT1200_num100.txt,fixed,2934,8,366.75,16.18448257446289,14.773189544677734,9.836030585574917e-06,0.44,0.01638147228795947,0.5274999737739563,0.041457805782556534,0.46000000834465027,0.5799999833106995,-0.114722262,-0.104776036,0.00033041959613910876,1.0111436645189922,0.01766607159152045,0.06783745360250275,0.0003,378,422,89.55748573951325,14.799728155136108,17.961352348327637,32.761080503463745,795,0.34242039948003367,0,0,TRUE,pair,387,6.089614500233438,6.148602590482903,60,0,7.5813953488372094,6.089614500233438,0.6897774994722567,7.643082300259266,cpu,cuda:0,0,670.4638672,51
3758,1,DDT1200_num100.txt,fixed,3032,8,379,11.034038543701172,15.520039558410645,7.024249953246908e-06,0.62,0.02751621236396119,0.5387499332427979,0.02976471185684204,0.5,0.6000000238418579,0.008503245588924204,0.018909519538283348,0.00025862882622667324,1.0535588221890586,0.02166349156427064,0.07426561475066203,0.0003,369,431,82.92829160026096,15.55112338066101,21.010584831237793,36.561708211898804,812,0.4641657997854054,0,0,TRUE,pair,400,6.358078200108139,5.8789577839556975,55,0,7.58,6.358078200108139,0.7340228004613891,8.05375789917889,cpu,cuda:0,0,670.46630859375,46
3759,1,DDT1200_num100.txt,fixed,2943,8,367.875,11.174049377441406,15.306857109069824,6.3618012973165605e-06,0.12,0.017833032087349845,0.5074999928474426,0.03799670562148094,0.44999998807907104,0.5799999833106995,-0.058524427,-0.048486289,0.0003228456241361398,1.0199560821056366,0.009945330399204977,0.048073556956036816,0.0003,394,406,80.16037659250965,15.33340859413147,21.38049077987671,36.71389937400818,830,0.3705565995769575,0,0,TRUE,pair,383,6.33115459990222,5.975874957526334,75,0,7.684073107049608,6.33115459990222,0.7148096995369997,7.89792040080647,cpu,cuda:0,0,670.4638672,45
3760,1,DDT1200_num100.txt,fixed,2936,8,367,12.678722381591797,15.551063537597656,9.103719094127882e-06,0.4,0.022202981102446662,0.5249999761581421,0.027386128902435303,0.46000000834465027,0.550000011920929,-0.219839747,-0.209423514,0.00019345889595570042,1.0512959957122803,0.03476939433021471,0.07972472393885255,0.0003,380,420,134.08239903653427,15.593128442764282,6.303854465484619,21.8969829082489,798,0.3516760000784416,0,0,TRUE,pair,376,6.533522300014738,6.33378746618367,65,0,7.808510638297872,6.533522300014738,0.7343580994638614,7.917371599265607,cpu,cuda:0,0,670.4638672,41
3761,1,DDT1200_num100.txt,fixed,2956,8,369.5,15.81138801574707,15.573062896728516,1.0199189091508742e-05,0.32,0.027408753766362363,0.5199999809265137,0.040311299264431,0.4699999988079071,0.6000000238418579,-0.06561581,-0.054979974,0.00021346808838037154,1.0742570161819458,0.018530452080691855,0.09069578473766644,0.0003,384,416,133.95778681197473,15.680752038955688,6.384810209274292,22.06665301322937,790,0.35483250045217574,0,0,TRUE,pair,398,6.516546399885556,6.223951285359663,60,0,7.42713567839196,6.516546399885556,0.7846355010988191,7.797801100619836,cpu,cuda:0,0,670.4658203,41
3762,1,DDT1200_num100.txt,fixed,2993,8,374.125,13.280036926269531,15.372991561889648,8.760058335610665e-06,0.68,0.03418152756860941,0.5425000190734863,0.033071886748075485,0.49000000953674316,0.5899999737739563,0.10518594980239868,0.11552331745624542,0.00025041018816409635,1.0462570309638977,0.00928768520243466,0.03289510933682323,0.0003,366,434,139.33620093046252,15.39926552772522,6.081153631210327,21.480419158935547,781,0.34311139964847825,0,0,TRUE,pair,393,6.484065299999202,5.960908785815865,50,0,7.6157760814249365,6.484065299999202,0.7420131002145354,7.775638800987508,cpu,cuda:0,0,670.4658203,40
3763,1,DDT1200_num100.txt,fixed,3032,8,379,15.596473693847656,15.366254806518555,8.863273251336068e-06,0.34,0.02961877044920507,0.5212500095367432,0.027128171175718307,0.49000000953674316,0.5600000023841858,-0.094236291,-0.083632438,0.00022450198351483172,1.0716102719306946,0.01398922037818314,0.04339753025366614,0.0003,383,417,120.33245148786195,15.396259546279907,9.8006010055542,25.196860551834106,799,0.3470146003528498,0,0,TRUE,pair,400,6.305387699714629,5.885883905799534,60,0,7.58,6.305387699714629,0.7194681003456935,7.976883000286762,cpu,cuda:0,0,670.46630859375,39
3764,1,DDT1200_num100.txt,fixed,2959,8,369.875,14.26041316986084,15.012693405151367,9.221591426467057e-06,0.22,0.028351195542098966,0.5137500166893005,0.04871794208884239,0.4699999988079071,0.6100000143051147,-0.097378827,-0.08699449,0.00028016621777519153,1.052442165521475,0.020351713801714,0.06105302499893766,0.0003,389,411,82.69773947525718,15.040425300598145,20.740480184555054,35.7809054851532,795,0.3400739000644535,0,0,TRUE,pair,399,6.137976499594515,6.164582627816311,60,0,7.416040100250626,6.137976499594515,0.7290890000876971,7.786237199878087,cpu,cuda:0,0,670.4658203,39
3765,1,DDT1200_num100.txt,fixed,2951,8,368.875,12.761636734008789,15.531597137451172,1.3558451428252738e-05,-0.02,0.03073295985524882,0.4987500011920929,0.029341738671064377,0.44999998807907104,0.550000011920929,-0.070276351,-0.059254577,0.00024821396241000353,1.1145882377257714,0.014836549090642411,0.07966720235820574,0.0003,401,399,81.66159221587532,15.56217336654663,20.574765920639038,36.13693928718567,817,0.37317360000452027,0,0,TRUE,pair,385,6.383909700263757,6.2629617080572135,56,0,7.664935064935065,6.383909700263757,0.7604023994063027,8.015466398996068,cpu,cuda:0,0,670.4658203,42
3766,1,DDT1200_num100.txt,fixed,2943,8,367.875,17.38129425048828,15.084403038024902,8.837581845000386e-06,0.18,0.030928428625653124,0.5112500190734863,0.05418429523706436,0.4000000059604645,0.6000000238418579,-0.017650133,-0.006949063,0.0003045453668164555,1.085334633787473,0.011959871095314156,0.05828483852868279,0.0003,391,409,80.43377911552038,15.114856958389282,21.47424817085266,36.58910512924194,813,0.4359464997833129,0,0,TRUE,pair,391,6.217531399888685,6.099898063038792,56,0,7.5268542199488495,6.217531399888685,0.7101115995028522,7.795548300084192,cpu,cuda:0,0,670.4638672,42
3767,1,DDT1200_num100.txt,fixed,3004,8,375.5,9.630680084228516,15.121700286865234,5.51978928342578e-06,0.72,0.03337633630010437,0.5449999570846558,0.041833002120256424,0.5199999809265137,0.6499999761581421,0.003803140250965953,0.01463577477261424,0.0002637677844177233,1.0964518189430237,0.009326227644123719,0.04776713578030467,0.0003,364,436,102.85025422965165,15.147122621536255,14.060389041900635,29.20751166343689,782,0.33566199979395606,0,0,TRUE,pair,386,6.239830200152937,6.15612516644474,55,0,7.782383419689119,6.239830200152937,0.6984230987145565,7.83010839932831,cpu,cuda:0,0,670.4658203,43
3768,1,DDT1200_num100.txt,fixed,2951,8,368.875,17.60282325744629,15.278413772583008,9.3196968009579e-06,0.3,0.031214475378314083,0.518750011920929,0.06527585536241531,0.4099999964237213,0.6299999952316284,-0.018578986,-0.007725481,0.0002649285834195325,1.0985965033372243,0.024784466387548793,0.04675168256896237,0.0003,385,415,88.25918787298748,15.304704904556274,18.13090753555298,33.43561244010925,795,0.33925679975072853,0,0,TRUE,pair,395,6.437955299770692,5.934259573995602,50,0,7.470886075949367,6.437955299770692,0.7134290996182244,7.767299299972365,cpu,cuda:0,0,670.4658203,44
3769,1,DDT1200_num100.txt,fixed,2939,8,367.375,17.449480056762695,15.430546760559082,7.900257514847908e-06,0.48,0.036048790172611124,0.5299999713897705,0.02828427031636238,0.49000000953674316,0.5799999833106995,0.02409621586020176,0.03458695772748727,0.0002639605428647393,1.06227229650204,0.010484206803644506,0.07017105842868869,0.0003,376,424,84.91976826294417,15.459088563919067,19.150049686431885,34.60913825035095,784,0.3378100997651927,0,0,TRUE,pair,398,6.511725699878298,6.138482475451118,60,0,7.384422110552764,6.511725699878298,0.7505697995075025,7.800415999168763,cpu,cuda:0,0,670.4638672,47
3770,1,DDT1200_num100.txt,fixed,3049,8,381.125,11.826215744018555,15.72630500793457,7.286408617801499e-06,0.62,0.029032307941575578,0.5387499332427979,0.020879123359918594,0.5199999809265137,0.5799999833106995,0.0030156851492144847,0.012742135165767237,0.00022753890946412204,0.9840222163633867,0.00992797971544364,0.057831587312235075,0.0003,369,431,54.446712764969256,15.755134105682373,40.24457359313965,55.99970769882202,809,0.44074329928844236,0,0,TRUE,pair,405,6.577198700048029,5.659560511682259,50,0,7.5283950617283955,6.577198700048029,0.7347726997104473,8.04086139955325,cpu,cuda:0,0,670.46630859375,47
3771,1,DDT1200_num100.txt,fixed,2873,8,359.125,17.744277954101562,14.655202865600586,1.0619667591527104e-05,0.13999999999999999,0.025644312945922558,0.5087500214576721,0.06352901458740234,0.4000000059604645,0.5899999737739563,-0.047411006,-0.037152818,0.0003355359303895966,1.0425956770777702,0.009280443021452811,0.05227224109694362,0.0003,393,407,101.33922758983526,14.68334674835205,13.665977716445923,28.350324630737305,784,0.34386119979899377,0,0,TRUE,pair,386,6.017740099894581,5.924469195713451,50,0,7.44300518134715,6.017740099894581,0.6936172997229733,7.594756700302241,cpu,cuda:0,0,670.46337890625,48
3772,1,DDT1200_num100.txt,fixed,2906,8,363.25,22.867826461791992,15.10845947265625,1.1868361070810352e-05,0.11999999999999998,0.020987433285353515,0.5074999928474426,0.05285593122243881,0.4000000059604645,0.5699999928474426,-0.003757648,0.0069347524580128566,0.00031886974174994976,1.085183600584666,0.008304673293605448,0.04402803555130959,0.0003,394,406,74.93004082763346,15.13435173034668,23.648491144180298,38.78284287452698,784,0.3337227995216381,0,0,TRUE,pair,399,6.308499300357653,6.195457670045408,80,0,7.283208020050125,6.308499300357653,0.7382794998120517,7.699553299229592,cpu,cuda:0,0,670.4638672,50
3773,1,DDT1200_num100.txt,fixed,2967,8,370.875,14.312909126281738,15.229175567626953,9.233911441697273e-06,0.44,0.01982377152014663,0.5274999737739563,0.04993746057152748,0.46000000834465027,0.6100000143051147,-0.032333168,-0.022076917,0.00032210897412509297,1.041730834887578,0.010522974937675126,0.056114070368214294,0.0003,378,422,83.30983204103178,15.257917404174805,20.356126308441162,35.61404371261597,802,0.3501766001863871,0,0,TRUE,pair,394,6.381207300320966,5.742500842441241,70,0,7.530456852791878,6.381207300320966,0.7047930994012859,7.787757799582323,cpu,cuda:0,0,670.4658203,49
3774,1,DDT1200_num100.txt,fixed,2943,8,367.875,17.431562423706055,15.23864459991455,9.702201168693136e-06,0.36,0.02577748609084342,0.5224999785423279,0.03561951220035553,0.46000000834465027,0.5899999737739563,-0.063704975,-0.053689635,0.0003261846681458077,1.0178435274532862,0.013409832554836092,0.07475779178951468,0.0003,382,418,71.02442822708771,15.264350652694702,26.172096967697144,41.436447620391846,793,0.4265908999950625,0,0,TRUE,pair,398,6.3940399002458435,5.991505267220697,80,0,7.394472361809045,6.3940399002458435,0.7182404999039136,7.731783498893492,cpu,cuda:0,0,670.4638672,50
3775,1,DDT1200_num100.txt,fixed,2949,8,368.625,14.653818130493164,15.758197784423828,1.0120861588802654e-05,0.52,0.027748068943078463,0.5324999690055847,0.02633914165198803,0.47999998927116394,0.5699999928474426,-0.031154648,-0.021450961,0.00023727695709870508,0.9822326766120063,0.010529509422162341,0.05240694402406613,0.0003,374,426,95.45081386368118,15.786397457122803,15.109096050262451,30.895493507385254,787,0.35209610051242635,0,0,TRUE,pair,398,6.785656899941387,6.128857239257202,80,0,7.409547738693467,6.785656899941387,0.7548700998013373,7.804344598989701,cpu,cuda:0,0,670.4658203,50
3776,1,DDT1200_num100.txt,fixed,2905,8,363.125,16.52602195739746,15.72176742553711,9.684608812676743e-06,0.36,0.025639236234683435,0.5224999785423279,0.05043559521436691,0.4300000071525574,0.5899999737739563,-0.046300626,-0.036179906,0.0003020804118326244,1.0271757344404857,0.014692205533113642,0.07502485243215536,0.0003,382,418,77.80912071108659,15.754311084747314,21.58064365386963,37.33495473861694,755,0.42285079968860373,0,0,TRUE,pair,392,6.753515400545439,6.159036143347236,95,0,7.410714285714286,6.753515400545439,0.7725584995059762,7.787034298904473,cpu,cuda:0,0,670.4638672,50
3777,1,DDT1200_num100.txt,fixed,2906,8,363.25,13.273564338684082,16.04094123840332,8.946258276409935e-06,0.11999999999999998,0.02329771532295323,0.5074999928474426,0.03699662163853645,0.44999998807907104,0.550000011920929,-0.023614027,-0.013433695,0.00027816722881239417,1.031941608949141,0.0071517043715258214,0.053524609887972474,0.0003,394,406,87.92883925070515,16.071189403533936,16.97826313972473,33.04945254325867,787,0.45552620055968873,0,0,TRUE,pair,382,6.937798899918562,6.130419820895789,80,0,7.607329842931938,6.937798899918562,0.7599066000257153,7.9283436003897805,cpu,cuda:0,0,670.4638672,52
3778,1,DDT1200_num100.txt,fixed,2929,8,366.125,7.540515422821045,15.660715103149414,5.86916621614364e-06,0.36,0.025181383117371284,0.5224999785423279,0.032691746950149536,0.44999998807907104,0.5600000023841858,-0.038793241,-0.028323578,0.0003073347221028858,1.062333106994629,0.01442271810291069,0.03091374092868396,0.0003,382,418,102.5628558958945,15.686360359191895,12.871736764907837,28.55809712409973,785,0.3378382006776519,0,0,TRUE,pair,375,6.65668309974717,6.3946739508048305,70,0,7.810666666666667,6.65668309974717,0.7515226995164994,7.850057700328762,cpu,cuda:0,0,670.4638672,52
3779,1,DDT1200_num100.txt,fixed,2881,8,360.125,20.58177375793457,15.264463424682617,1.180111758003477e-05,-0.06,0.023020757987761473,0.4962500333786011,0.0578656867146492,0.4099999964237213,0.6100000143051147,-0.10182668,-0.092148884,0.00029887650089222006,0.9827237377564112,0.010544693504925817,0.06735916870335738,0.0003,403,397,84.34539910460539,15.294690608978271,18.862477779388428,34.1571683883667,799,0.3415455997164827,0,0,TRUE,pair,386,6.567531600128859,5.9250260343240475,56,0,7.463730569948186,6.567531600128859,0.7226966005982831,7.577538399200421,cpu,cuda:0,0,670.4638672,51
3780,1,DDT1200_num100.txt,fixed,2932,8,366.5,14.062360763549805,15.077167510986328,7.813438969606068e-06,0.44,0.028674327784284925,0.5274999737739563,0.046569835394620895,0.46000000834465027,0.5799999833106995,-0.038879616,-0.028973843,0.00028217203442990367,1.0046864483091567,0.014277307019155059,0.06206297119044595,0.0003,378,422,92.3936397061525,15.106414318084717,16.627371788024902,31.73378610610962,781,0.4241003995120991,0,0,TRUE,pair,385,6.386333700065734,5.881991813038089,70,0,7.615584415584416,6.386333700065734,0.6866958007740323,7.614235899905907,cpu,cuda:0,0,670.4638672,51
3781,1,DDT1200_num100.txt,fixed,2890,8,361.25,14.956186294555664,14.735250473022461,9.795493497222196e-06,0.22,0.02781128288423413,0.5137499570846558,0.03497766703367233,0.46000000834465027,0.5799999833106995,0.04778805855088509,0.05827513781304543,0.0002526378711291517,1.0613399010438185,0.015495906270538958,0.0716154808894946,0.0003,389,411,82.22662214483861,14.763269424438477,20.383498430252075,35.14676785469055,814,0.3478772999078501,0,0,TRUE,pair,379,6.088635599910049,6.378200693031496,60,0,7.62532981530343,6.088635599910049,0.6745894013729412,7.590864499245072,cpu,cuda:0,0,670.4638672,52
3782,1,DDT1200_num100.txt,fixed,2968,8,371,20.229928970336914,15.54494571685791,1.0436090633447748e-05,0.039999999999999994,0.02317963449616235,0.5024999976158142,0.046300649642944336,0.4300000071525574,0.5699999928474426,0.03515177685767412,0.045617346884682775,0.00023588896146975458,1.0583516210317612,0.011982179450569674,0.050878703594207764,0.0003,398,402,142.66875925431447,15.56978178024292,5.233651399612427,20.803433179855347,807,0.3551125001395121,0,0,TRUE,pair,407,6.50035920002847,6.078504043608663,45,0,7.292383292383293,6.50035920002847,0.7281307988450862,7.909495300089475,cpu,cuda:0,0,670.4658203,52
3783,1,DDT1200_num100.txt,fixed,2948,8,368.5,11.958260536193848,15.853130340576172,8.740569683141075e-06,0.52,0.025190066294082315,0.5325000286102295,0.0489259697496891,0.44999998807907104,0.6000000238418579,-0.15147881,-0.141515891,0.0002657788099895697,1.0095808804035187,0.009679970913566649,0.036178443037594356,0.0003,374,426,120.34154161998676,15.882015705108643,8.614928245544434,24.496943950653076,777,0.3435873000707943,0,0,TRUE,pair,386,6.909170100174379,6.168249661838345,65,0,7.637305699481865,6.909170100174379,0.7595636993355583,7.769714700581972,cpu,cuda:0,0,670.4658203,51
3784,1,DDT1200_num100.txt,fixed,2969,8,371.125,14.2516450881958,16.033958435058594,9.24621599551756e-06,0.16,0.026826098977330116,0.5099999904632568,0.029999999329447746,0.4699999988079071,0.5699999928474426,-0.167086413,-0.157359541,0.0002782501816489877,0.986599509532635,0.010246854342627697,0.04741803993685888,0.0003,392,408,84.28207973486366,16.06240224838257,19.1645405292511,35.22694277763367,789,0.3468858996639028,0,0,TRUE,pair,389,6.967476800607983,6.120579319917301,60,0,7.632390745501286,6.967476800607983,0.7517297999584116,7.903775898652384,cpu,cuda:0,0,670.4658203,51
3785,1,DDT1200_num100.txt,fixed,3009,8,376.125,9.81628131866455,15.57890510559082,8.14819668448763e-06,0.46,0.03506656985148346,0.5287500023841858,0.020879119634628296,0.5,0.5600000023841858,0.012739652418531477,0.022618037803719442,0.00035138642670062836,1.0054081976413727,0.011555184057215229,0.05475800639639298,0.0003,377,423,85.09448560841365,15.605532884597778,19.755160331726074,35.36069321632385,800,0.3450022004544735,0,0,TRUE,pair,389,6.578225100180134,6.033898304926275,65,0,7.73521850899743,6.578225100180134,0.7626223993720487,7.864411799702793,cpu,cuda:0,0,670.46630859375,46
3786,1,DDT1200_num100.txt,fixed,2903,8,362.875,22.32956314086914,14.94770622253418,8.463020094495732e-06,0.14,0.024864769212346077,0.5087500214576721,0.05710461735725403,0.4000000059604645,0.5600000023841858,0.001668902114033699,0.011530315969139338,0.00020383482660690788,0.9963332265615463,0.012325991687248461,0.05414399574510753,0.0003,393,407,137.84939388193985,14.97356128692627,6.08565354347229,21.05921483039856,786,0.34215279994532466,0,0,TRUE,pair,384,6.30487299975357,5.930761281104487,65,0,7.559895833333333,6.30487299975357,0.7255593994341325,7.560917398892343,cpu,cuda:0,0,670.4638672,45
3787,1,DDT1200_num100.txt,fixed,2788,8,348.5,18.967077255249023,14.66159439086914,9.870644134934992e-06,-0.38,0.01649199270087104,0.476250022649765,0.04553501680493355,0.4099999964237213,0.5400000214576721,-0.106655942,-0.096374476,0.0003656191444558014,1.0464279328783352,0.012345925393068077,0.07563324303676684,0.0003,419,381,51.021841384195454,14.691465854644775,39.951799154281616,54.64326500892639,791,0.34413459978532046,0,0,TRUE,pair,380,6.155296100245323,6.028335724277168,65,0,7.336842105263158,6.155296100245323,0.7070122987788636,7.446260400814936,cpu,cuda:0,0,670.46142578125,41
3788,1,DDT1200_num100.txt,fixed,2924,8,365.5,11.19151496887207,15.03950023651123,6.893554655107437e-06,0.15999999999999998,0.023229529720705074,0.5099999904632568,0.04527692124247551,0.4399999976158142,0.5899999737739563,-0.036108914,-0.026055953,0.00032368703396059575,1.0214804828166961,0.012321376707404852,0.05314403446391225,0.0003,392,408,96.90304632903296,15.064697742462158,15.109792232513428,30.174489974975586,800,0.3416766996087972,0,0,TRUE,pair,381,6.296643499896163,6.021887825712786,80,0,7.6745406824146984,6.296643499896163,0.7013740982220042,7.690483599464642,cpu,cuda:0,0,670.4638672,40
3789,1,DDT1200_num100.txt,fixed,2953,8,369.125,13.439098358154297,14.953116416931152,9.899396900436841e-06,0.44,0.023966090106943446,0.5275000333786011,0.04602988436818123,0.46000000834465027,0.6000000238418579,0.042714830953627825,0.0521571384742856,0.00022911174710316118,0.9556863009929657,0.02780551285832189,0.08205150696448982,0.0003,378,422,137.69494377752974,14.979255676269531,6.466702461242676,21.445958137512207,798,0.3442285998899024,0,0,TRUE,pair,391,6.074070999980904,5.953267863714772,55,0,7.552429667519181,6.074070999980904,0.7141965984192211,7.805714398971759,cpu,cuda:0,0,670.4658203,41
3790,1,DDT1200_num100.txt,fixed,2886,8,360.75,13.386093139648438,14.622802734375,9.928065992426127e-06,-0.08,0.024025179837358364,0.4950000047683716,0.022912880405783653,0.46000000834465027,0.5400000214576721,-0.095267675,-0.083808135,0.00034152110830681134,1.1630305392401559,0.011073858310867633,0.07866537318165813,0.0003,404,396,111.15113334381661,14.652227878570557,11.312419652938843,25.9646475315094,799,0.3440371000615414,0,0,TRUE,pair,374,6.024067700083833,6.457726957231285,70,0,7.716577540106952,6.024067700083833,0.7085236996936146,7.538693999289535,cpu,cuda:0,0,670.4638672,40
3791,1,DDT1200_num100.txt,fixed,2928,8,366,16.992645263671875,14.945178031921387,1.1364340934960637e-05,0.27999999999999997,0.025328520423350227,0.5175000429153442,0.05261891707777977,0.44999998807907104,0.6000000238418579,-0.094493846,-0.083835283,0.00026658078301503946,1.0791851182778676,0.014205116506976386,0.06816740147769451,0.0003,386,414,114.08934827275054,14.971492052078247,10.692604064941406,25.664096117019653,772,0.33424360008211806,0,0,TRUE,pair,385,6.133898000145564,6.095969946739452,70,0,7.605194805194805,6.133898000145564,0.6972164007020183,7.760986500332365,cpu,cuda:0,0,670.4638672,39
3792,1,DDT1200_num100.txt,fixed,2926,8,365.75,11.74467945098877,15.196778297424316,5.993750164634548e-06,0.26,0.025244494880108388,0.5162500143051147,0.04922841861844063,0.4099999964237213,0.5899999737739563,-0.002256367,0.008223636964844032,0.00030534667232793504,1.0632676102898337,0.01606043182652105,0.058747993485832754,0.0003,387,413,86.99341275413872,15.222590208053589,18.412140369415283,33.63473057746887,789,0.35040979969198816,0,0,TRUE,pair,390,6.27922429976752,6.384483936993292,90,0,7.5025641025641026,6.27922429976752,0.7370954004290979,7.815935201069806,cpu,cuda:0,0,670.4638672,42
3793,1,DDT1200_num100.txt,fixed,2940,8,367.5,19.35200309753418,15.703835487365723,1.0282448783982545e-05,0.22,0.025149520474590886,0.5137500166893005,0.06556247174739838,0.3799999952316284,0.5699999928474426,-0.103630458,-0.09318583,0.000262734272837406,1.0575995445251465,0.012826821252626056,0.05460730458920201,0.0003,389,411,90.81981048709115,15.730603218078613,16.641188621520996,32.37179183959961,795,0.35241739961202256,0,0,TRUE,pair,391,6.58914000011282,6.133333333333334,85,0,7.5191815856777495,6.58914000011282,0.7610557005391456,7.977508299605688,cpu,cuda:0,0,670.4638672,43
3794,1,DDT1200_num100.txt,fixed,2917,8,364.625,6.836254596710205,15.321710586547852,5.9556941778282635e-06,0.3,0.028095038180722225,0.5187499523162842,0.023684117943048477,0.47999998927116394,0.5699999928474426,-0.317279379,-0.306616674,0.00027374202909413725,1.0799580216407776,0.020270636033577222,0.04200421987722317,0.0003,385,415,166.25795978910864,15.349260807037354,2.1957638263702393,17.545024633407593,798,0.4477865003282204,0,0,TRUE,pair,374,6.352385299949674,6.0428522458663325,80,0,7.7994652406417115,6.352385299949674,0.7474702001200058,7.853602800518274,cpu,cuda:0,0,275.4326172,42
3795,1,DDT1200_num100.txt,fixed,2960,8,370,9.05538558959961,14.986289024353027,6.012687663314864e-06,0.62,0.0339953652751051,0.5387499928474426,0.03179525211453438,0.49000000953674316,0.6000000238418579,0.015370688866823912,0.025371456363548834,0.0002845754437051558,1.0143054624398549,0.018499371006328147,0.06560523317117865,0.0003,369,431,86.12518287174143,15.013599395751953,19.35497784614563,34.36857724189758,779,0.3372171001683455,0,0,TRUE,pair,386,6.044476500159362,5.8172297298908235,60,0,7.668393782383419,6.044476500159362,0.7092474997916725,7.874743098946055,cpu,cuda:0,0,670.4658203,46
3796,1,DDT1200_num100.txt,fixed,2938,8,367.25,11.155156135559082,14.984199523925781,7.5545212894212455e-06,0.09999999999999999,0.03302604283336024,0.5062499642372131,0.04029190167784691,0.4399999976158142,0.5699999928474426,-0.054091309,-0.044276389,0.000303829121029204,0.9966833293437958,0.011327804814625,0.06641973135992885,0.0003,395,405,71.49140655245434,15.012944459915161,26.08290386199951,41.09584832191467,806,0.4570302001957316,0,0,TRUE,pair,381,6.083325699932175,5.818924438880365,64,0,7.711286089238845,6.083325699932175,0.7221327991574071,7.822145000885939,cpu,cuda:0,0,670.4638672,45
3797,1,DDT1200_num100.txt,fixed,2907,8,363.375,16.224498748779297,14.911518096923828,9.928065992426127e-06,0.19999999999999998,0.03518724247460953,0.512499988079071,0.019843127578496933,0.47999998927116394,0.5299999713897705,-0.100767694,-0.090633167,0.000217635568073352,1.0243343455450875,0.010267342158061053,0.06425351889005729,0.0003,390,410,82.69715548409883,14.93684697151184,20.215510845184326,35.15235781669617,795,0.33783990019583143,0,0,TRUE,pair,383,6.152249799895799,5.938424491373829,70,0,7.590078328981723,6.152249799895799,0.714365700900089,7.687926800601417,cpu,cuda:0,0,670.4638672,46
3798,1,DDT1200_num100.txt,fixed,2892,8,361.5,12.041594505310059,14.78085708618164,7.784284207446035e-06,0.34,0.03714159907119699,0.5212500095367432,0.022603927180171013,0.49000000953674316,0.5600000023841858,0.008509345236234367,0.018500430043786764,0.0002605812951514963,1.0121375918388367,0.014559353250660934,0.04375053406693041,0.0003,383,417,98.88585839277444,14.807660818099976,14.43817925453186,29.245840072631836,788,0.33583710045786574,0,0,TRUE,pair,387,6.043532399839023,5.995159059639294,45,0,7.4728682170542635,6.043532399839023,0.7028308997105341,7.678023500251584,cpu,cuda:0,0,670.4638672,46
3799,1,DDT1200_num100.txt,fixed,2947,8,368.375,14.730389595031738,15.097558975219727,8.12024427432334e-06,0.27999999999999997,0.03532430313756913,0.5174999833106995,0.030310891568660736,0.4699999988079071,0.5600000023841858,-0.152131001,-0.142498414,0.0002442470916624491,0.9754709998766581,0.02450113733842348,0.0777515908703208,0.0003,386,414,150.47177604971068,15.123887538909912,4.461180686950684,19.585068225860596,830,0.3541621993354056,0,0,TRUE,pair,399,6.078455399634549,5.97794367112586,70,0,7.385964912280702,6.078455399634549,0.7360603999113664,7.912712001008913,cpu,cuda:0,0,670.4658203,48
3800,1,DDT1200_num100.txt,fixed,2936,8,367,17.291616439819336,15.581940650939941,1.0925711649178993e-05,0.27999999999999997,0.036089626838288515,0.5174999833106995,0.03344772383570671,0.4399999976158142,0.550000011920929,0.10022569000720978,0.1104070633649826,0.00031550263374811036,1.0339123010635376,0.012217922508716584,0.04646867886185646,0.0003,386,414,113.44971785979355,15.614309549331665,10.264996767044067,25.879306316375732,791,0.3375570003699977,0,0,TRUE,pair,390,6.515541899920208,6.059604902317803,50,0,7.528205128205128,6.515541899920208,0.7615985006268602,7.929942298855167,cpu,cuda:0,0,670.4638672,47
3801,1,DDT1200_num100.txt,fixed,2916,8,364.5,10.037429809570312,15.335492134094238,5.436780156742316e-06,0.28,0.03062042687038637,0.5174999833106995,0.041758231818675995,0.46000000834465027,0.5699999928474426,-0.200559095,-0.190457684,0.00030221791967051105,1.025252068042755,0.013189226656686514,0.05771262384951115,0.0003,386,414,120.56375476670841,15.362356424331665,8.82401704788208,24.186373472213745,795,0.3477086997590959,0,0,TRUE,pair,378,6.399153399921488,5.915294924268016,55,0,7.714285714285714,6.399153399921488,0.7564127993537113,7.813049000076717,cpu,cuda:0,0,670.4638672,47
3802,1,DDT1200_num100.txt,fixed,2933,8,366.625,9.590848922729492,14.8001070022583,6.951036539248889e-06,0.2,0.03675346454504564,0.512499988079071,0.031124752014875412,0.44999998807907104,0.550000011920929,-0.050816886,-0.040836111,0.0002461874100845307,1.010385900735855,0.01975100173149258,0.051607572473585606,0.0003,390,410,164.80090917517236,14.826390027999878,2.970841884613037,17.797231912612915,781,0.33184139992226847,0,0,TRUE,pair,377,6.02488940017065,6.020115922101317,60,0,7.779840848806366,6.02488940017065,0.723811000934802,7.699931799434125,cpu,cuda:0,0,670.4638672,47
3803,1,DDT1200_num100.txt,fixed,2867,8,358.375,11.335094451904297,14.524543762207031,7.798875230946578e-06,-0.04,0.03596882700671712,0.4975000023841858,0.04892595857381821,0.4300000071525574,0.5799999833106995,-0.140822525,-0.131038719,0.00029021604568697513,0.992891502380371,0.010205549781676381,0.05512680197134614,0.0003,402,398,92.70686925170624,14.556798458099365,16.36863374710083,30.925432205200195,791,0.35348809984861873,0,0,TRUE,pair,375,5.912924700125586,6.0020927792024565,60,0,7.645333333333333,5.912924700125586,0.7084988990100101,7.553097499185242,cpu,cuda:0,0,670.46337890625,48
3804,1,DDT1200_num100.txt,fixed,2909,8,363.625,17.427976608276367,14.807571411132812,1.1689806342474185e-05,0.56,0.03482581470689693,0.5349999666213989,0.04582575336098671,0.4399999976158142,0.5799999833106995,-0.010491461,-0.000699289,0.00029139420948922636,0.9937867522239685,0.014806440286338329,0.06749154645949602,0.0003,372,428,90.39075000562663,14.835200071334839,17.347296476364136,32.182496547698975,772,0.33157010009745136,0,0,TRUE,pair,383,6.058234800002538,6.130285322071966,75,0,7.595300261096606,6.058234800002538,0.69983970123576,7.698606700141681,cpu,cuda:0,0,670.4638672,50
3805,1,DDT1200_num100.txt,fixed,2877,8,359.625,11.85261058807373,14.631591796875,8.727552994969301e-06,0.38,0.03345691575917895,0.5237499475479126,0.026896797120571136,0.4699999988079071,0.5699999928474426,-0.049022282,-0.039034834,0.000274661691946676,1.0124779418110847,0.009241502273653168,0.03919536343892105,0.0003,381,419,100.65615623527451,14.6577787399292,13.924675703048706,28.582454442977905,789,0.4245429001166485,0,0,TRUE,pair,373,6.000580100051593,6.097671187002708,60,0,7.71313672922252,6.000580100051593,0.6773315998725593,7.607617200788809,cpu,cuda:0,0,670.46337890625,50
3806,1,DDT1200_num100.txt,fixed,2958,8,369.75,17.354753494262695,15.51364803314209,9.708058314572554e-06,0.12,0.03032618009043132,0.5074999332427979,0.04943430423736572,0.38999998569488525,0.5600000023841858,-0.072820329,-0.063176396,0.00025014272978296503,0.9769002861446805,0.016435218987882964,0.05324111320078373,0.0003,394,406,99.42823755896161,15.54068112373352,14.209418773651123,29.750099897384644,813,0.3452702995855361,0,0,TRUE,pair,400,6.3907499002234545,6.009465854259823,60,0,7.395,6.3907499002234545,0.7382742001500446,8.012164099927759,cpu,cuda:0,0,670.4658203,50
3807,1,DDT1200_num100.txt,fixed,2896,8,362,18.41195297241211,14.795186996459961,6.332425982691348e-05,0.09999999999999999,0.025615692166532623,0.5062500238418579,0.03966658189892769,0.41999998688697815,0.550000011920929,-0.054327937,-0.04432685,0.0002641264600242721,1.0133148431777954,0.010545011951762717,0.04454991174861789,0.0003,395,405,101.32976960643408,14.826467990875244,13.75348448753357,28.579952478408813,808,0.33903510024538264,0,0,TRUE,pair,389,6.182258500251919,5.93128453001627,55,0,7.4447300771208225,6.182258500251919,0.6788728007522877,7.585053899878403,cpu,cuda:0,0,670.4638672,52
3808,1,DDT1200_num100.txt,fixed,2916,8,364.5,17.080690383911133,15.315398216247559,9.58430791797582e-06,0.18,0.021847211771247176,0.5112499594688416,0.04728570580482483,0.44999998807907104,0.5699999928474426,-0.098906024,-0.088817136,0.00030182140835677274,1.0239798575639725,0.021566369716310874,0.04335171706043184,0.0003,391,409,100.91216200255377,15.343424558639526,13.552993297576904,28.89641785621643,785,0.4189966007543262,0,0,TRUE,pair,383,6.406150000082562,6.334019202672568,70,0,7.613577023498695,6.406150000082562,0.7411494000989478,7.800010099163046,cpu,cuda:0,0,670.4638672,51
3809,1,DDT1200_num100.txt,fixed,2936,8,367,9.721111297607422,15.449968338012695,6.991805094003212e-06,0.42,0.023094164927034467,0.5262500047683716,0.01727534830570221,0.5,0.5600000023841858,-0.009269722,0.0011411551968194544,0.0002934231160907075,1.0557588785886765,0.012306574596247325,0.06787495439251263,0.0003,379,421,82.39538251502755,15.475862741470337,20.15616226196289,35.63306474685669,794,0.34054389933589846,0,0,TRUE,pair,378,6.346824899839703,6.214577657731417,55,0,7.767195767195767,6.346824899839703,0.7511439997178968,7.983403699559858,cpu,cuda:0,0,670.4638672,50
3810,1,DDT1200_num100.txt,fixed,2942,8,367.75,16.92446517944336,15.206360816955566,8.675291610416025e-06,0.15999999999999998,0.023181722734756882,0.5099999904632568,0.05612485855817795,0.41999998688697815,0.5899999737739563,-0.008033878,0.0023336651233526375,0.00038138579559297516,1.0558240872163038,0.011163546408240039,0.05856765577426323,0.0003,392,408,83.5230692089705,15.236746072769165,19.98705530166626,35.223801374435425,780,0.3373906993656419,0,0,TRUE,pair,389,6.1701753996894695,6.150237933054496,85,0,7.5629820051413885,6.1701753996894695,0.7530744995456189,7.917166398983682,cpu,cuda:0,0,670.4638672,52
3811,1,DDT1200_num100.txt,fixed,2921,8,365.125,7.149082183837891,15.098370552062988,5.6721578403085005e-06,0.27999999999999997,0.02672710746576895,0.5174999833106995,0.031917862594127655,0.4699999988079071,0.5699999928474426,-0.022431264,-0.012307398,0.0002969897395814769,1.0272364020347595,0.01664262858685106,0.04833306383807212,0.0003,386,414,98.79212618602062,15.12503170967102,14.442101955413818,29.56713366508484,785,0.3395136997278314,0,0,TRUE,pair,380,6.145995999977458,6.085929476370023,65,0,7.686842105263158,6.145995999977458,0.7404896993248258,7.84438729879912,cpu,cuda:0,0,670.4638672,50
3812,1,DDT1200_num100.txt,fixed,2864,8,358,17.53567886352539,14.776140213012695,8.529922524758149e-06,-0.18,0.022117124914887265,0.48874998092651367,0.05622221529483795,0.41999998688697815,0.5799999833106995,-0.019568729,-0.008805826,0.00030014203851654503,1.0912970701853435,0.017148050576603662,0.05589545099064708,0.0003,409,391,107.9949639993162,14.801507472991943,11.718247652053833,26.519755125045776,768,0.4216763994190842,0,0,TRUE,pair,388,6.000257000006968,6.407472067538587,90,0,7.381443298969073,6.000257000006968,0.7341374993848149,7.684530600439757,cpu,cuda:0,0,670.46337890625,50
3813,1,DDT1200_num100.txt,fixed,2842,8,355.25,11.06514835357666,14.750500679016113,6.503191798401531e-06,-0.02,0.021332420118865204,0.4987500011920929,0.04342737793922424,0.46000000834465027,0.5799999833106995,-0.268590903,-0.258267218,0.00024696652544662354,1.0447167873382568,0.009859396101091988,0.03963753245770931,0.0003,401,399,134.7650398388673,14.776047945022583,6.312507390975952,21.088555335998535,775,0.3307032001321204,0,0,TRUE,pair,375,6.112090800394071,6.2600281505329685,60,0,7.578666666666667,6.112090800394071,0.7040718991775066,7.582243799290154,cpu,cuda:0,0,670.46337890625,51
3814,1,DDT1200_num100.txt,fixed,2863,8,357.875,12.434202194213867,14.787396430969238,6.934661541890819e-06,-0.22,0.019581795342758678,0.48625001311302185,0.04090767726302147,0.4399999976158142,0.550000011920929,-0.074035272,-0.063245554,0.00025900248874677345,1.0919221341609955,0.011253678268985823,0.0408051204867661,0.0003,411,389,131.5225425168195,14.816060543060303,6.952070951461792,21.768131494522095,805,0.34712029961519875,0,0,TRUE,pair,371,6.138599799742224,6.065665387582662,60,0,7.716981132075472,6.138599799742224,0.6923840994713828,7.608980400487781,cpu,cuda:0,0,670.46337890625,50
3815,1,DDT1200_num100.txt,fixed,2893,8,361.625,17.775949478149414,14.92840576171875,9.625734492146876e-06,0.3,0.02528298596527791,0.5187499523162842,0.04512135684490204,0.46000000834465027,0.5899999737739563,-0.051742229,-0.041733134,0.00028457728622015565,1.0151381134986877,0.01370535044115968,0.06478227591142058,0.0003,385,415,87.35536212319063,14.956424713134766,18.161175966262817,33.11760067939758,778,0.4120319996145554,0,0,TRUE,pair,389,6.180142400320619,6.261666091181521,55,0,7.4370179948586115,6.180142400320619,0.7211696999438573,7.670876300340751,cpu,cuda:0,0,670.4638672,51
3816,1,DDT1200_num100.txt,fixed,2944,8,368,11.291589736938477,14.902843475341797,8.049937605392188e-06,0.5,0.028051776487728,0.53125,0.022043995559215546,0.5,0.5699999928474426,-0.066175561,-0.056355086,0.00025827010474379426,0.9949611154469576,0.012110546651952476,0.05801921828903935,0.0003,375,425,85.70816275817116,14.928191900253296,19.420928478240967,34.34912037849426,805,0.3435982000664808,0,0,TRUE,pair,382,6.031048800010467,6.13043478321608,60,0,7.706806282722513,6.031048800010467,0.7090011003019754,7.802183699910529,cpu,cuda:0,0,670.4638672,52
3817,1,DDT1200_num100.txt,fixed,2902,8,362.75,19.6325626373291,15.523049354553223,1.1547928806976415e-05,-0.02,0.024932405843128055,0.4987500011920929,0.05035809800028801,0.41999998688697815,0.5699999928474426,-0.093070983,-0.083010008,0.00032965730642899873,1.0225804964701335,0.010107095919859905,0.057322249934077266,0.0003,401,399,70.8744803353682,15.553378105163574,25.392248392105103,40.94562649726868,803,0.3498631003021728,0,0,TRUE,pair,383,6.476750399975572,6.0341144036129375,80,0,7.577023498694517,6.476750399975572,0.7538656001561321,7.913981199904811,cpu,cuda:0,0,670.4638672,51
3818,1,DDT1200_num100.txt,fixed,2897,8,362.125,21.22167205810547,15.13479232788086,1.1309186447761022e-05,0.019999999999999993,0.028335779350467476,0.5012500286102295,0.053253524005413055,0.3700000047683716,0.550000011920929,-0.152290075,-0.142273058,0.0003099230205407366,1.017198121547699,0.013198963273316622,0.0528405325487256,0.0003,399,401,129.37094732093755,15.160562992095947,7.2324090003967285,22.392971992492676,794,0.346816300007049,0,0,TRUE,pair,396,6.198516699892934,5.877114258472534,60,0,7.315656565656566,6.198516699892934,0.760259398870403,7.809131099842489,cpu,cuda:0,0,670.4638672,48
3819,1,DDT1200_num100.txt,fixed,2917,8,364.625,12.746935844421387,15.108535766601562,8.946258276409935e-06,0.16,0.02514257090107717,0.5099999904632568,0.020615529268980026,0.47999998927116394,0.5400000214576721,-0.009273394,0.0010511483997106552,0.00029948827432235703,1.0474292099475861,0.01841492510793614,0.06026435391977429,0.0003,392,408,91.95013661167278,15.135152101516724,16.588563680648804,31.723715782165527,799,0.3486645001976285,0,0,TRUE,pair,388,6.222508999926504,6.273568735982524,60,0,7.518041237113402,6.222508999926504,0.717803199426271,7.806949900405016,cpu,cuda:0,0,670.4638672,44
3820,1,DDT1200_num100.txt,fixed,2884,8,360.5,14.282856941223145,15.024246215820312,1.0182455298490822e-05,-0.04,0.025173257445209034,0.4975000023841858,0.032691750675439835,0.44999998807907104,0.550000011920929,-0.072193903,-0.062242892,0.00026308678061468525,1.0082549452781677,0.013599529711063952,0.07196965673938394,0.0003,402,398,89.94491947619882,15.053838014602661,17.01022982597351,32.06406784057617,792,0.3488224004104268,0,0,TRUE,pair,379,6.1993572002102155,6.246532592875948,70,0,7.6094986807387865,6.1993572002102155,0.7151461010798812,7.755223100160947,cpu,cuda:0,0,670.4638672,42
3821,1,DDT1200_num100.txt,fixed,2830,8,353.75,24.14409828186035,14.578526496887207,1.178183447336778e-05,0.06,0.01937256072161463,0.5037499666213989,0.06243746355175972,0.3700000047683716,0.5699999928474426,-0.040987714,-0.031074519,0.00036314660350659063,1.0094767127718245,0.012055041601083108,0.07847190475357431,0.0003,397,403,104.92764105424897,14.606733798980713,12.36423373222351,26.970967531204224,788,0.4405192002595868,0,0,TRUE,pair,377,5.926243300549686,6.089752646638311,60,0,7.506631299734748,5.926243300549686,0.6893597004236653,7.617344600439537,cpu,cuda:0,0,670.46337890625,42
3822,1,DDT1200_num100.txt,fixed,2906,8,363.25,14.05124568939209,15.03703498840332,8.785975296632387e-06,0.020000000000000004,0.017691624166821626,0.5012500286102295,0.046754010021686554,0.4099999964237213,0.550000011920929,-0.021456957,-0.012673008,0.00027112706447951496,0.8919512629508972,0.04120525345206261,0.014577260240912437,0.0003,399,401,174.6526773501008,15.062880039215088,1.575857162475586,16.638737201690674,793,0.42942649984615855,0,0,TRUE,pair,379,6.205586200376274,6.086373020350646,90,0,7.667546174142481,6.205586200376274,0.7033107008319348,7.770691500423709,cpu,cuda:0,0,461.89013671875,40
3823,1,DDT1200_num100.txt,fixed,2973,8,371.625,12.72730827331543,15.468433380126953,7.900257514847908e-06,0.24,0.019688468372387274,0.5149999856948853,0.030000003054738045,0.4699999988079071,0.5600000023841858,-0.177559539,-0.168150204,0.00019877560771419667,0.9508722871541977,0.017004632245516405,0.0676224899943918,0.0003,388,412,152.99824403123068,15.495689153671265,3.935906410217285,19.43159556388855,809,0.34505959998932667,0,0,TRUE,pair,388,6.395792799943592,5.748738647269112,70,0,7.662371134020619,6.395792799943592,0.757805800792994,7.945730300823925,cpu,cuda:0,0,524.68701171875,39
3824,1,DDT1200_num100.txt,fixed,2954,8,369.25,14.80498218536377,15.520869255065918,6.4417154135298915e-06,0.46,0.020354564633077804,0.528749942779541,0.04044671729207039,0.46000000834465027,0.5899999737739563,0.00753662409260869,0.017867804068373516,0.00024964319042434607,1.0456001063187916,0.010214019430956492,0.05759721280386051,0.0003,377,423,83.17747101987447,15.556483268737793,19.95794105529785,35.514424324035645,787,0.3547406004508957,0,0,TRUE,pair,387,6.424136200221255,5.888625592417061,60,0,7.633074935400517,6.424136200221255,0.7301906991342548,7.995061500638258,cpu,cuda:0,0,670.4658203,41
3825,1,DDT1200_num100.txt,fixed,2884,8,360.5,14.430870056152344,14.923018455505371,1.0614313396217767e-05,-0.08,0.014673536685393729,0.4950000047683716,0.026925822719931602,0.46000000834465027,0.5400000214576721,-0.086274301,-0.075438699,0.0002754484266915824,1.0973321497440338,0.016532238747458905,0.07476598909124732,0.0003,404,396,138.0804695760202,14.953285694122314,5.933085918426514,20.886371612548828,801,0.3498028998437803,0,0,TRUE,pair,377,6.171924099966418,6.145631068043834,115,0,7.649867374005305,6.171924099966418,0.6969908992177807,7.699870200303849,cpu,cuda:0,0,670.4638672,39
3826,1,DDT1200_num100.txt,fixed,2973,8,371.625,21.377193450927734,15.12784481048584,1.1253760931140278e-05,0.78,0.01976557188453353,0.5487499833106995,0.05134139209985733,0.47999998927116394,0.6600000262260437,-0.380517945,-0.37170811,0.00029183103470131755,0.895574301481247,0.02153561735758558,0.03027722705155611,0.0003,361,439,176.96463530230002,15.155793905258179,1.6441729068756104,16.79996681213379,766,0.3353388997493312,0,0,TRUE,pair,418,6.243166800180916,5.7473932052757295,48,0,7.1124401913875595,6.243166800180916,0.7155398007016629,7.731539800588507,cpu,cuda:0,0,282.01611328125,40
3827,1,DDT1200_num100.txt,fixed,3009,8,376.125,15.567895889282227,15.481552124023438,9.882155609375332e-06,0.54,0.022242049847109632,0.5337499976158142,0.04442339390516281,0.4699999988079071,0.6000000238418579,0.005242003360763192,0.015483257360756397,0.00027203388526686467,1.0377269834280014,0.015415688802022487,0.07785592041909695,0.0003,373,427,106.91959901048126,15.508143424987793,12.634498596191406,28.1426420211792,793,0.3398286002629902,0,0,TRUE,pair,401,6.374143899825867,5.661349285714608,45,0,7.503740648379052,6.374143899825867,0.7232139009574894,8.019271900615422,cpu,cuda:0,0,670.46630859375,42
3828,1,DDT1200_num100.txt,fixed,2966,8,370.75,14.847137451171875,15.442791938781738,7.76234628574457e-06,0.62,0.026862536018737036,0.5387499332427979,0.05206666514277458,0.4300000071525574,0.6100000143051147,0.03269401006400585,0.04289942731459936,0.0002458042581565678,1.0328322649002075,0.02747942879796028,0.06345780938863754,0.0003,369,431,144.32883928656992,15.472768068313599,5.07752537727356,20.550293445587158,785,0.4317798000120092,0,0,TRUE,pair,396,6.462530700111529,5.953809844426665,90,0,7.48989898989899,6.462530700111529,0.7351396010490134,7.876905399287352,cpu,cuda:0,0,670.4658203,42
3829,1,DDT1200_num100.txt,fixed,2885,8,360.625,18.22043800354004,14.762763023376465,1.064639764081221e-05,-0.22,0.018271211033904482,0.48625001311302185,0.054757989943027496,0.4000000059604645,0.5699999928474426,-0.167672435,-0.158150848,0.0003284634999895039,0.9685825843077439,0.008324419516261864,0.05549659708944651,0.0003,411,389,88.28424759766473,14.790282249450684,17.888254165649414,32.6785364151001,788,0.42202429979806766,0,0,TRUE,pair,396,5.997680800035596,6.115077989725347,90,0,7.2853535353535355,5.997680800035596,0.7348956000059843,7.665769699699013,cpu,cuda:0,0,670.4638672,43
3830,1,DDT1200_num100.txt,fixed,2874,8,359.25,17.20283317565918,14.652280807495117,9.165946721623186e-06,0.14,0.027231559906252773,0.5087499618530273,0.047020602971315384,0.4399999976158142,0.5799999833106995,-0.08419871,-0.074858063,0.0002815843490679981,0.9481436461210251,0.0389831087377388,0.07561280718073249,0.0003,393,407,139.76350335261608,14.67913007736206,5.884178161621094,20.563308238983154,788,0.3323536003299523,0,0,TRUE,pair,390,6.109896999812918,5.910229644430289,65,0,7.369230769230769,6.109896999812918,0.7020083001116291,7.490240799437743,cpu,cuda:0,0,670.46337890625,45
3831,1,DDT1200_num100.txt,fixed,2920,8,365,19.124591827392578,15.463871955871582,1.0794859917950816e-05,0.019999999999999987,0.034835856414545646,0.5012499690055847,0.028912579640746117,0.46000000834465027,0.550000011920929,-0.099638325,-0.089861188,0.00022765500470995904,0.9890965342521667,0.014629172813147306,0.06964337024837733,0.0003,399,401,133.79639033703782,15.491305589675903,6.332900524139404,21.824206113815308,808,0.35082089935895056,0,0,TRUE,pair,389,6.513107099744957,6.115410959394011,50,0,7.506426735218509,6.513107099744957,0.7418071008869447,7.843941199651454,cpu,cuda:0,0,670.4638672,44
3832,1,DDT1200_num100.txt,fixed,2929,8,366.125,8.298154830932617,15.235057830810547,7.871424713812303e-06,0.4,0.03561895519026833,0.5249999761581421,0.04500000551342964,0.4699999988079071,0.6100000143051147,-0.13395228,-0.124811982,0.0003334792979460742,0.9307039678096771,0.011385539513347405,0.06093151055808578,0.0003,380,420,74.71809477268891,15.263989686965942,23.936688661575317,39.20067834854126,779,0.3360279000189621,0,0,TRUE,pair,377,6.225115600100253,6.183339023638927,80,0,7.769230769230769,6.225115600100253,0.756333000579616,7.8819262998586055,cpu,cuda:0,0,670.4638672,47
3833,1,DDT1200_num100.txt,fixed,2918,8,364.75,25.07862663269043,14.70214844,1.3019488505960908e-05,0.36,0.03839935730787162,0.5224999785423279,0.041457805782556534,0.44999998807907104,0.5799999833106995,-0.134401527,-0.124781566,0.0002928866699221544,0.9766408920288085,0.012404038093518466,0.061597459577023984,0.0003,382,418,90.71331451379048,14.7304527759552,17.43682074546814,32.16727352142334,790,0.34136229986324906,0,0,TRUE,pair,396,6.030140300019411,5.977381766945471,90,0,7.3686868686868685,6.030140300019411,0.6889150999777485,7.634948699909728,cpu,cuda:0,0,670.4638672,47
3834,1,DDT1200_num100.txt,fixed,2870,8,358.75,13.141061782836914,14.679584503173828,7.936151632748079e-06,0.09999999999999999,0.035921462543964215,0.5062499642372131,0.036033838987350464,0.4699999988079071,0.5699999928474426,-0.073297926,-0.063928253,0.0003331658978519651,0.9536255664295621,0.012487839700447189,0.06170062058501773,0.0003,395,405,99.82631958004332,14.706356048583984,14.043576955795288,28.749933004379272,778,0.3380207004665863,0,0,TRUE,pair,386,6.037624000106007,6.059581881948464,50,0,7.435233160621761,6.037624000106007,0.71057620094507,7.576764900964918,cpu,cuda:0,0,670.46337890625,47
3835,1,DDT1200_num100.txt,fixed,2978,8,372.25,8.742854118347168,15.153576850891113,7.064596502459608e-06,0.36,0.039523605392619184,0.5224999785423279,0.01299038901925087,0.5,0.5400000214576721,-0.041865962,-0.032322185,0.0002775733216702448,0.9682563543319702,0.01169171016418228,0.06580242259722006,0.0003,382,418,59.88794081382619,15.188400745391846,34.53780388832092,49.72620463371277,815,0.3569989004172385,0,0,TRUE,pair,386,6.209388799790759,6.110141035211895,70,0,7.715025906735751,6.209388799790759,0.7289781990402844,7.853251899156021,cpu,cuda:0,0,670.4658203,48
3836,1,DDT1200_num100.txt,fixed,2975,8,371.875,11.196399688720703,14.998916625976562,8.882491783879232e-06,0.74,0.04894296803046895,0.5462499856948853,0.029127949848771095,0.5,0.5899999737739563,-0.029190953,-0.019935052,0.00026294034614693373,0.9387372778012202,0.012623459799215198,0.06430946548397724,0.0003,363,437,74.92771035684332,15.02582573890686,24.679111003875732,39.70493674278259,780,0.32978409962379374,0,0,TRUE,pair,392,6.0920419004396535,6.075630251780278,65,0,7.589285714285714,6.0920419004396535,0.7174136998364702,7.824828900687862,cpu,cuda:0,0,670.4658203,50
3837,1,DDT1200_num100.txt,fixed,2945,8,368.125,13.147599220275879,15.440242767333984,9.066177881322801e-06,0.56,0.045258187265255705,0.5349999666213989,0.019364919513463974,0.49000000953674316,0.5600000023841858,-0.029143946,-0.019653969,0.0002542920337873511,0.9617124572396278,0.012751552363624796,0.07071709097363055,0.0003,372,428,101.43723128185037,15.468307971954346,13.564424514770508,29.032732486724854,787,0.3291700003610458,0,0,TRUE,pair,387,6.475552099844208,5.868930390654274,70,0,7.609819121447028,6.475552099844208,0.7249003995966632,7.873408299899893,cpu,cuda:0,0,670.4658203,51
3838,1,DDT1200_num100.txt,fixed,2931,8,366.375,11.693347930908203,15.575002670288086,8.313940270454623e-06,0.03999999999999999,0.04483106222272919,0.5024999976158142,0.01785355992615223,0.4699999988079071,0.5299999713897705,-0.006263804,0.0033144772751256824,0.0003135279821435688,0.9735046997666359,0.009933873065165244,0.0612113825045526,0.0003,398,402,102.3864790970345,15.60387635231018,13.022950410842896,28.626826763153076,796,0.3388306996494066,0,0,TRUE,pair,380,6.734333400439937,6.110883656478668,55,0,7.713157894736842,6.734333400439937,0.7443051002919674,7.72994780013687,cpu,cuda:0,0,670.4638672,50
3839,1,DDT1200_num100.txt,fixed,2951,8,368.875,7.183966636657715,15.382726669311523,6.432885129470378e-06,0.28,0.039131617688475895,0.5174999833106995,0.033071890473365784,0.4699999988079071,0.5799999833106995,-0.070715265,-0.061449492,0.0002983075448557631,0.9414927297168307,0.010914186041595208,0.058399269874725074,0.0003,386,414,99.7462944801974,15.409140348434448,14.175918579101562,29.58505892753601,778,0.33579589999862947,0,0,TRUE,pair,381,6.499259699776303,5.7139952556838915,50,0,7.745406824146982,6.499259699776303,0.7292874001141172,7.790122299309587,cpu,cuda:0,0,670.4658203,51
3840,1,DDT1200_num100.txt,fixed,2969,8,371.125,17.510265350341797,15.848785400390625,1.1810747309937142e-05,0.2,0.033883590895378866,0.512499988079071,0.03418698534369469,0.4399999976158142,0.5600000023841858,-0.008996611,0.00042202903164757625,0.00022339261017299982,0.9530336658159891,0.012061884057604604,0.057647667825222015,0.0003,390,410,94.69931615196727,15.878445863723755,15.473417282104492,31.351863145828247,792,0.3437935999245383,0,0,TRUE,pair,395,6.711853000393603,5.705961604598557,55,0,7.516455696202532,6.711853000393603,0.7925377996871248,7.95486119936686,cpu,cuda:0,0,670.4658203,51
3841,1,DDT1200_num100.txt,fixed,2838,8,354.75,15.514106750488281,15.00137996673584,8.496536793245468e-06,-0.22,0.030055397733373627,0.48624998331069946,0.04211220517754555,0.41999998688697815,0.550000011920929,0.007510583847761154,0.01681774583024283,0.0003068662924003244,0.9460595548152924,0.009526817535515875,0.05685448904599374,0.0003,411,389,83.5478407763917,15.031868696212769,18.93669319152832,33.96856188774109,767,0.3487289005133789,0,0,TRUE,pair,373,6.287580499832984,5.9556025371659045,60,0,7.60857908847185,6.287580499832984,0.720246099634096,7.635922799963737,cpu,cuda:0,0,670.46337890625,50
3842,1,DDT1200_num100.txt,fixed,2942,8,367.75,20.50457191467285,15.496477127075195,9.812886673898902e-06,0.33999999999999997,0.03341438985977005,0.5212500095367432,0.04226035252213478,0.4300000071525574,0.5799999833106995,-0.011169247,-0.002145364,0.0002368184130838407,0.9142294355801174,0.013304313644766808,0.060763826327664514,0.0003,383,417,105.33456112261146,15.522694826126099,12.40735936164856,27.930054187774658,781,0.3454812999407295,0,0,TRUE,pair,386,6.39945589992567,5.529911625595988,50,0,7.6217616580310885,6.39945589992567,0.775599899556255,7.948466899775667,cpu,cuda:0,0,670.4638672,50
3843,1,DDT1200_num100.txt,fixed,2890,8,361.25,10.034316062927246,14.74404525756836,7.971884770086035e-06,0.42,0.035294755412369656,0.5262500047683716,0.04741770029067993,0.44999998807907104,0.6200000047683716,0.009947060208235468,0.018591854189123427,0.00024924059107434005,0.8769411529813494,0.010863108410766082,0.056254510435142686,0.0003,379,421,107.55674679547087,14.770933151245117,12.098603963851929,26.869537115097046,777,0.3356453001324553,0,0,TRUE,pair,375,6.146319200051948,5.2667820074566505,55,0,7.706666666666667,6.146319200051948,0.6941243995679542,7.556949599442305,cpu,cuda:0,0,670.4638672,52
3844,1,DDT1200_num100.txt,fixed,2954,8,369.25,12.316147804260254,15.024571418762207,7.950464350869879e-06,0.76,0.03487792219807292,0.5475000143051147,0.029895659536123276,0.5,0.6000000238418579,-0.043104243,-0.034074035,0.0002448988549682933,0.915265773733457,0.011662233649985865,0.061252356972545385,0.0003,362,438,82.64905089506541,15.054316282272339,20.68717098236084,35.74148726463318,762,0.3308990998775698,0,0,TRUE,pair,384,6.255668099940522,5.660460391759711,60,0,7.692708333333333,6.255668099940522,0.694580898998538,7.716749699844513,cpu,cuda:0,0,670.4658203,51
3845,1,DDT1200_num100.txt,fixed,2917,8,364.625,14.991143226623535,14.680363655090332,1.1085822734457906e-05,0.26,0.03902471080464146,0.5162500143051147,0.03388860821723938,0.4399999976158142,0.550000011920929,-0.003832265,0.005043870396912098,0.0002276276150951162,0.8989951848983765,0.020413167675724254,0.0800945786293596,0.0003,387,413,142.2829032065467,14.705745458602905,5.795663595199585,20.50140905380249,776,0.3284510994562879,0,0,TRUE,pair,383,6.073655099433381,5.49880013663678,55,0,7.616187989556136,6.073655099433381,0.6922596998047084,7.561669500049902,cpu,cuda:0,0,670.4638672,52
3846,1,DDT1200_num100.txt,fixed,2948,8,368.5,12.864680290222168,15.106973648071289,7.024249953246908e-06,0.8,0.03795138485407315,0.5499999523162842,0.02915474958717823,0.5,0.5899999737739563,0.017710159843166668,0.027018453925848007,0.0002655941279954277,0.9441088736057281,0.010597837041132152,0.039104185067117214,0.0003,360,440,107.62394799766912,15.134452104568481,12.257220983505249,27.39167308807373,773,0.32958369981497526,0,0,TRUE,pair,381,6.2959336996718775,5.409090910182718,85,0,7.73753280839895,6.2959336996718775,0.6909736001107376,7.77029920037603,cpu,cuda:0,0,670.4658203,51
3847,1,DDT1200_num100.txt,fixed,2940,8,367.5,20.211383819580078,15.067241668701172,1.1192983947694302e-05,0.54,0.03615545829934878,0.5337499976158142,0.04385701194405556,0.47999998927116394,0.6100000143051147,-0.01284515,-0.003248548,0.00022260670327038193,0.9707906378640069,0.011915504735144269,0.05872614808484084,0.0003,373,427,100.8773461997964,15.093393325805664,14.050910234451294,29.144303560256958,783,0.333985499717528,0,0,TRUE,pair,401,6.250266699731583,5.547619046321532,70,0,7.331670822942644,6.250266699731583,0.7159514994418714,7.744711200706661,cpu,cuda:0,0,670.4638672,51
3848,1,DDT1200_num100.txt,fixed,2962,8,370.25,16.671457290649414,15.842198371887207,1.0576759450486861e-05,0.58,0.03745605478997327,0.5362499952316284,0.04240798577666283,0.46000000834465027,0.5899999737739563,-0.041639356,-0.031844564,0.00021390915935626253,0.9901746690273285,0.010975278014666402,0.07170981348026544,0.0003,371,429,97.11084237512402,15.873307704925537,14.627920866012573,30.50122857093811,772,0.34386629989603534,0,0,TRUE,pair,401,6.787203700339887,5.421336934503714,55,0,7.386533665835412,6.787203700339887,0.7752134007459972,7.898930199939059,cpu,cuda:0,0,670.4658203,51
3849,1,DDT1200_num100.txt,fixed,2935,8,366.875,23.528905868530273,15.333003997802734,1.3071775356365833e-05,0.76,0.041228222644935045,0.5475000143051147,0.04789310693740845,0.46000000834465027,0.6200000047683716,-0.117885422,-0.108333638,0.0002410226261417847,0.9672297810514768,0.009033721406012774,0.0672752558796977,0.0003,362,438,50.919069328793555,15.360939502716064,42.27954840660095,57.64048790931702,774,0.33342549970257096,0,0,TRUE,pair,393,6.50511800008826,5.442248724713236,55,0,7.468193384223919,6.50511800008826,0.7328151995316148,7.732192500348901,cpu,cuda:0,0,670.4638672,48
3850,1,DDT1200_num100.txt,fixed,2982,8,372.75,19.517620086669922,14.981212615966797,9.778068488230929e-06,0.78,0.03918307007182552,0.5487499833106995,0.032185979187488556,0.5,0.5899999737739563,0.04898575887731884,0.05904697804995205,0.0002580031713992155,1.0190223792324895,0.011009936949805073,0.0642068033390071,0.0003,361,439,58.522872364034846,15.007721662521362,35.946715116500854,50.95443677902222,793,0.43581700007780455,0,0,TRUE,pair,393,6.145802099868888,5.43226022691554,70,0,7.587786259541985,6.145802099868888,0.7129524002084509,7.764187600812875,cpu,cuda:0,0,670.4658203,44
3851,1,DDT1200_num100.txt,fixed,2837,8,354.625,22.852447509765625,14.999041557312012,1.8636343156686053e-05,0.12000000000000001,0.04588260029316941,0.5074999928474426,0.05606915429234505,0.3799999952316284,0.5699999928474426,-0.075644039,-0.065582714,0.00024352265273382029,1.018308882529919,0.014165901937163793,0.04867859156085895,0.0003,394,406,82.11246635615086,15.02664589881897,19.52352809906006,34.55017399787903,765,0.32600919998367317,0,0,TRUE,pair,392,6.305863899877295,5.617906239489077,55,0,7.237244897959184,6.305863899877295,0.7199943001323845,7.6174248991010245,cpu,cuda:0,0,670.46337890625,42
3852,1,DDT1200_num100.txt,fixed,2984,8,373,12.913171768188477,15.499823570251465,8.888889169611502e-06,0.84,0.04574776866941369,0.5524999499320984,0.023318445309996605,0.5099999904632568,0.5799999833106995,0.008692991686984897,0.017910225316882133,0.00023273698661796516,0.9333602860569954,0.010398510581580922,0.05753940745489672,0.0003,358,442,101.76214243868517,15.527124404907227,13.796157598495483,29.32328200340271,782,0.3400390997121576,0,0,TRUE,pair,390,6.512838900234783,5.3783512060348215,55,0,7.651282051282052,6.512838900234783,0.7235075996431988,7.902425600885181,cpu,cuda:0,0,670.4658203,41
3853,1,DDT1200_num100.txt,fixed,2998,8,374.75,16.7014217376709,15.686586380004883,9.684608812676743e-06,0.88,0.04665490726795206,0.5550000071525574,0.03937004134058952,0.4699999988079071,0.6100000143051147,0.04466754514724016,0.0536180779337883,0.00029906815034337343,0.9100067973136902,0.012713553756475449,0.06549479216337203,0.0003,356,444,116.58219082473488,15.713526964187622,10.002236127853394,25.715763092041016,768,0.3319200005789753,0,0,TRUE,pair,395,6.681284600083018,5.385923949617636,48,0,7.589873417721519,6.681284600083018,0.7804131991579197,7.84741970023606,cpu,cuda:0,0,670.4658203,41
3854,1,DDT1200_num100.txt,fixed,2857,8,357.125,19.636938095092773,14.969202995300293,9.184532245853916e-06,0.33999999999999997,0.03900812882537571,0.5212500095367432,0.03919103741645813,0.46000000834465027,0.5699999928474426,-0.123961984,-0.114446419,0.0001783571409760043,0.9604739069938659,0.021578798739938065,0.07484769057482481,0.0003,383,417,134.10244026822218,14.99640417098999,6.308204412460327,21.304608583450317,773,0.32515300004160963,0,0,TRUE,pair,395,6.395747400209075,5.614630731703478,60,0,7.232911392405064,6.395747400209075,0.7144540003791917,7.503417500614887,cpu,cuda:0,0,670.46337890625,39
3855,1,DDT1200_num100.txt,fixed,2913,8,364.125,14.878150939941406,14.893360137939453,7.47889862395823e-06,0.38,0.04019867737904938,0.5237499475479126,0.04060095548629761,0.4300000071525574,0.5600000023841858,0.038212107370297115,0.04775970329840978,0.00019795266756167013,0.9646572947502137,0.0105455993587384,0.06112237808605035,0.0003,381,419,71.81244936749364,14.91805648803711,25.64594078063965,40.56399726867676,781,0.32964599996921606,0,0,TRUE,pair,382,6.187641399708809,5.495022313397568,50,0,7.62565445026178,6.187641399708809,0.7115341003227513,7.641650400648359,cpu,cuda:0,0,670.4638672,41
3856,1,DDT1200_num100.txt,fixed,2947,8,368.375,17.577951431274414,15.352470397949219,1.0238128197670449e-05,0.72,0.03723011793765485,0.5449999570846558,0.04582575708627701,0.47999998927116394,0.6200000047683716,0.020038723945617676,0.029471490245599013,0.0002610306457007447,0.9563284378785354,0.011606120979055189,0.05330223604463614,0.0003,364,436,75.8276988237561,15.378120422363281,23.486305713653564,38.864426136016846,775,0.33942190048401244,0,0,TRUE,pair,395,6.407238800049527,5.581608413962296,80,0,7.460759493670886,6.407238800049527,0.7361211991228629,7.844446099945344,cpu,cuda:0,0,670.4658203,41
3857,1,DDT1200_num100.txt,fixed,2869,8,358.625,24.299884796142578,14.86199951171875,9.42281349125551e-06,0.32,0.03906735543287015,0.5199999809265137,0.0570087730884552,0.4099999964237213,0.5699999928474426,-0.120255455,-0.110416052,0.0003818186050921213,1.0030311942100525,0.013554161841360232,0.06975927514334519,0.0003,384,416,82.3928521413825,14.888986349105835,19.931995391845703,34.82098174095154,762,0.33907290030037984,0,0,TRUE,pair,397,6.14226990021416,5.862321363836683,70,0,7.226700251889169,6.14226990021416,0.719940200651763,7.642900399747305,cpu,cuda:0,0,670.46337890625,44
3858,1,DDT1200_num100.txt,fixed,2923,8,365.375,18.309406280517578,15.190343856811523,2.927989771706052e-05,0.58,0.050976600731142685,0.5362499952316284,0.03461846336722374,0.5,0.6000000238418579,-0.008222279,0.0011550524030570631,0.0002514665247872472,0.9503064530867117,0.012374774158363126,0.07436828003092497,0.0003,371,429,51.192415167583725,15.219221591949463,41.8790807723999,57.098302364349365,781,0.33230150016606785,0,0,TRUE,pair,391,6.409811599733075,5.347588093363174,45,0,7.475703324808184,6.409811599733075,0.7056660007219762,7.7189194996026345,cpu,cuda:0,0,670.4638672,45
3859,1,DDT1200_num100.txt,fixed,2934,8,366.75,13.169567108154297,15.044816017150879,8.064048415690195e-06,0.3,0.04957175319623465,0.5187499523162842,0.0208791121840477,0.4699999988079071,0.5400000214576721,-0.036970631,-0.026995504,0.00027652657227008606,1.0113389849662782,0.011184869147837163,0.05511497501283884,0.0003,385,415,92.31121857589096,15.072066307067871,16.711719512939453,31.783785820007324,804,0.3443524999311194,0,0,TRUE,pair,388,6.211748000001535,5.586912064952109,80,0,7.561855670103093,6.211748000001535,0.7113197994185612,7.759761499415617,cpu,cuda:0,0,670.4638672,46
3860,1,DDT1200_num100.txt,fixed,2918,8,364.75,21.856063842773438,14.968493461608887,1.1284027095825877e-05,0.33999999999999997,0.042129198907501435,0.5212500095367432,0.04648588225245476,0.4300000071525574,0.5699999928474426,-0.109731507,-0.099425464,0.0002342713596590329,1.042317310969035,0.01730418544805919,0.05746292043477297,0.0003,383,417,121.56773993712596,14.996021509170532,9.007056951522827,24.00307846069336,775,0.32683340029325336,0,0,TRUE,pair,397,6.3179441000684164,5.885195338578972,80,0,7.3501259445843825,6.3179441000684164,0.7062358999100979,7.59485639972263,cpu,cuda:0,0,670.4638672,46
3861,1,DDT1200_num100.txt,fixed,2854,8,356.75,16.091535568237305,14.580493927001953,9.252361451217439e-06,0.26,0.04446937239495819,0.5162500143051147,0.04060094803571701,0.4399999976158142,0.5899999737739563,0.004217691202130582,0.014421490572944836,0.00019763042008788843,1.0302615540998954,0.00783610074022026,0.051449010597059024,0.0003,387,413,50.74668432746307,14.605886936187744,41.63424062728882,56.24012756347656,778,0.3247436996025499,0,0,TRUE,pair,377,6.061905600276077,5.708128941334789,50,0,7.570291777188329,6.061905600276077,0.6935093002102803,7.480072799837217,cpu,cuda:0,0,670.46337890625,48
3862,1,DDT1200_num100.txt,fixed,2975,8,371.875,20.954936981201172,15.301408767700195,1.0598235348879825e-05,0.7000000000000001,0.04394206747649461,0.543749988079071,0.060608893632888794,0.4399999976158142,0.6600000262260437,-0.077481637,-0.067654949,0.00022796370935144035,0.9940669877188546,0.009670356255290764,0.04335095580401165,0.0003,365,435,82.39400189600462,15.329065799713135,20.777931451797485,36.10699725151062,783,0.3335118001559749,0,0,TRUE,pair,401,6.30300840002019,5.389243697959836,45,0,7.418952618453865,6.30300840002019,0.7241255993722007,7.90805100108264,cpu,cuda:0,0,670.4658203,48
3863,1,DDT1200_num100.txt,fixed,2951,8,368.875,17.66661834716797,14.988655090332031,1.0204760656051803e-05,0.42,0.044518527188328834,0.5262500047683716,0.04181431978940964,0.44999998807907104,0.5699999928474426,-0.026283376,-0.016405181,0.0002248971277367673,0.9990642294287682,0.00934698541823309,0.06019853544421494,0.0003,379,421,102.40180365765832,15.015742301940918,13.802109479904175,28.817851781845093,808,0.33684120036195964,0,0,TRUE,pair,397,6.177003999997396,5.659776347001016,55,0,7.433249370277078,6.177003999997396,0.7133163992257323,7.7407090007618535,cpu,cuda:0,0,670.4658203,49
3864,1,DDT1200_num100.txt,fixed,2969,8,371.125,20.79325294494629,15.183219909667969,1.0873560313484631e-05,0.58,0.04350995064157888,0.5362499952316284,0.04998438060283661,0.4399999976158142,0.6100000143051147,-0.033174228,-0.023687766,0.00021064052326927104,0.9591785577627329,0.009111005047228761,0.057133988047448486,0.0003,371,429,83.37659871438736,15.21196436882019,20.397547721862793,35.60951209068298,782,0.3255857996700797,0,0,TRUE,pair,416,6.2465281999029685,5.532502525862157,55,0,7.137019230769231,6.2465281999029685,0.733477901580045,7.836131799791474,cpu,cuda:0,0,670.4658203,50
3865,1,DDT1200_num100.txt,fixed,2938,8,367.25,22.70875358581543,15.77252197265625,3.0146518838591874e-05,0.16,0.04207532558725204,0.5099999904632568,0.047958314418792725,0.4300000071525574,0.5600000023841858,-0.052098755,-0.042122694,0.0002642817977445062,1.0108202762073941,0.010303806345392432,0.06110919025485163,0.0003,392,408,50.69789233517648,15.805076122283936,42.14605093002319,57.95112705230713,787,0.42882180007291026,0,0,TRUE,pair,396,6.798387400165666,5.522804625306996,60,0,7.41919191919192,6.798387400165666,0.7494192995654885,7.854598199919565,cpu,cuda:0,0,670.4638672,50
3866,1,DDT1200_num100.txt,fixed,2963,8,370.375,19.91819190979004,15.030611038208008,1.096207051887177e-05,0.52,0.042573115356800154,0.5324999690055847,0.06179603189229965,0.41999998688697815,0.5899999737739563,0.024206239730119705,0.03360287243357071,0.00027796402607166854,0.9535613197546738,0.016730327790495582,0.06107435219634611,0.0003,374,426,77.25403370099026,15.063908815383911,23.290075540542603,38.353984355926514,789,0.34146859994507395,0,0,TRUE,pair,388,6.2045627999759745,5.561592981133797,70,0,7.63659793814433,6.2045627999759745,0.7193206011143047,7.747143299493473,cpu,cuda:0,0,670.4658203,52
3867,1,DDT1200_num100.txt,fixed,3048,8,381,11.87434196472168,15.961870193481445,8.354862075066194e-06,0.9400000000000001,0.034212318436552855,0.5587500333786011,0.0453975610435009,0.47999998927116394,0.6200000047683716,0.031287942798091814,0.0410534291026684,0.0002463143055837673,0.9888644401843731,0.010878427616822032,0.06465555333460753,0.0003,353,447,76.5490403316217,15.988938093185425,23.82867407798767,39.817612171173096,804,0.3521966000844259,0,0,TRUE,pair,396,6.703363100124989,5.573490813491851,60,0,7.696969696969697,6.703363100124989,0.762575700355228,8.115067100268789,cpu,cuda:0,0,670.46630859375,51
3868,1,DDT1200_num100.txt,fixed,2904,8,363,11.979148864746094,15.291869163513184,7.340814590861555e-06,0.34,0.03301571812852176,0.5212500095367432,0.03789377212524414,0.47999998927116394,0.6000000238418579,-0.041891901,-0.032234386,0.00021133142811442283,0.9763180456663433,0.00680392166587377,0.044178955256938934,0.0003,383,417,60.37334068663015,15.319068193435669,32.78163266181946,48.10070085525513,803,0.3549209001066629,0,0,TRUE,pair,380,6.434532199753448,5.4514462814022355,65,0,7.6421052631578945,6.434532199753448,0.7646523998992052,7.717902099509956,cpu,cuda:0,0,670.4638672,48
3869,1,DDT1200_num100.txt,fixed,2938,8,367.25,12.305994033813477,15.324182510375977,8.348055416718125e-06,0.62,0.036356002354912216,0.5387499928474426,0.044563859701156616,0.4699999988079071,0.6000000238418579,-0.03001845,-0.020367469,0.00022101449358160607,0.976148921251297,0.012798331258818508,0.052827113680541514,0.0003,369,431,91.66789421508929,15.350133180618286,16.70034670829773,32.050479888916016,782,0.3370791999332141,0,0,TRUE,pair,385,6.362986500171246,5.504765145871167,50,0,7.631168831168831,6.362986500171246,0.7192424008680973,7.88086419928004,cpu,cuda:0,0,670.4638672,44
3870,1,DDT1200_num100.txt,fixed,2915,8,364.375,14.542502403259277,15.128430366516113,9.141106602328364e-06,0.46,0.03393418174179127,0.5287500023841858,0.05206666514277458,0.4300000071525574,0.6000000238418579,-0.030396376,-0.020192364,0.0002838679123400383,1.0345945181670013,0.008356948027439002,0.05678781042634337,0.0003,377,423,51.5013266974905,15.154472589492798,41.44601106643677,56.600483655929565,791,0.3375791001599282,0,0,TRUE,pair,382,6.41376209986629,5.343396225474507,55,0,7.630890052356021,6.41376209986629,0.71727809929871,7.644323100394104,cpu,cuda:0,0,670.4638672,41
3871,1,DDT1200_num100.txt,fixed,2960,8,370,28.674901962280273,15.778725624084473,4.950616857968271e-05,0.62,0.03452101598509702,0.5387499928474426,0.06972043216228485,0.41999998688697815,0.6200000047683716,-0.05053975,-0.040538201,0.0002724472203561546,1.0137770928834613,0.007515245754467814,0.048957654520084985,0.0003,369,431,63.51038806972921,15.808445453643799,30.79810333251953,46.60654878616333,795,0.3447600999788847,0,0,TRUE,pair,403,6.731661199708469,5.570608107745647,45,0,7.344913151364764,6.731661199708469,0.7248906996101141,7.9587681992852595,cpu,cuda:0,0,670.4658203,41
3872,1,DDT1200_num100.txt,fixed,2851,8,356.375,19.286895751953125,15.210830688476562,1.0047582691186108e-05,-6.94E-18,0.03235292892322957,0.4999999701976776,0.04472135752439499,0.4000000059604645,0.550000011920929,-0.100179062,-0.089675797,0.00036533004194180563,1.0685929249633441,0.01141381904744776,0.04322585061361844,0.0003,400,400,59.453733857652885,15.237256288528442,32.71599769592285,47.953253984451294,792,0.336100200045621,0,0,TRUE,pair,378,6.516291600157274,5.656611714769522,60,0,7.542328042328043,6.516291600157274,0.7327077997033484,7.604322199651506,cpu,cuda:0,0,670.46337890625,43
3873,1,DDT1200_num100.txt,fixed,2963,8,370.375,24.58626365661621,15.54735279083252,1.3725126336794347e-05,0.46,0.03472927109658883,0.5287500023841858,0.0669771358370781,0.3700000047683716,0.5899999737739563,0.04527362622320652,0.054689026748140655,0.0004214062840522577,0.9626105626424154,0.014329375699162483,0.051432291666666664,0.0003,377,423,132.48768405796784,15.574683666229248,6.789659261703491,22.36434292793274,770,0.33515900003840216,0,0,TRUE,pair,393,6.690375400241464,5.413432330325613,95,0,7.539440203562341,6.690375400241464,0.7305933000461664,7.762460599828046,cpu,cuda:0,0,670.4658203,39
3874,1,DDT1200_num100.txt,fixed,2936,8,367,12.932517051696777,14.927677154541016,6.7350611061556265e-06,0.38,0.03292411096592875,0.5237499475479126,0.03772846981883049,0.44999998807907104,0.5799999833106995,0.06576774096382516,0.0766069454007915,0.0002726283543909501,1.0975519589015417,0.014810298369931323,0.04717457986303738,0.0003,381,419,107.63130755231214,14.95271110534668,12.325597286224365,27.278308391571045,797,0.3439294995041564,0,0,TRUE,pair,386,6.1796264997683465,5.878746594289668,75,0,7.606217616580311,6.1796264997683465,0.7249061006878037,7.6605687007831875,cpu,cuda:0,0,670.4638672,39
3875,1,DDT1200_num100.txt,fixed,2885,8,360.625,22.203250885009766,15.103452682495117,1.3782985661237035e-05,0.16,0.026483912921856843,0.5099999904632568,0.052440445870161057,0.4399999976158142,0.6100000143051147,-0.045380297,-0.034838696,0.00033534702961333094,1.0709274411201477,0.014602789119817317,0.05982592245563865,0.0003,392,408,90.10609063087787,15.129345178604126,16.888468265533447,32.01781344413757,787,0.3400632000993937,0,0,TRUE,pair,396,6.210990799678257,5.806585789883777,75,0,7.2853535353535355,6.210990799678257,0.7095036998507567,7.832105099601904,cpu,cuda:0,0,670.4638672,41
3876,1,DDT1200_num100.txt,fixed,2988,8,373.5,11.456439018249512,15.326580047607422,7.144605660869274e-06,0.42,0.03420749627539533,0.5262500047683716,0.04385700821876526,0.44999998807907104,0.5899999737739563,-0.032031566,-0.022309977,0.0002714103188323365,0.9857294451106678,0.011155215893020133,0.05728640530089086,0.0003,379,421,95.18226755357668,15.351993083953857,16.040408849716187,31.392401933670044,781,0.32982630049809813,0,0,TRUE,pair,389,6.327077400201233,5.365796519849833,60,0,7.681233933161954,6.327077400201233,0.7273380006081425,7.906686401111074,cpu,cuda:0,0,670.4658203,42
3877,1,DDT1200_num100.txt,fixed,2966,8,370.75,7.2413740158081055,14.918444633483887,6.125084382802015e-06,0.5,0.03222159078328298,0.53125,0.032572031021118164,0.49000000953674316,0.5899999737739563,-0.005713283,0.004450542265894236,0.0002879804507958599,1.0307814213964674,0.010988895500001187,0.06828572507947683,0.0003,375,425,50.38998832564757,14.946807384490967,43.91409134864807,58.86089873313904,799,0.3580873004102614,0,0,TRUE,pair,381,6.074726500257384,5.5215778822683435,50,0,7.784776902887139,6.074726500257384,0.6917130998917855,7.798261699674185,cpu,cuda:0,0,670.4658203,45
3878,1,DDT1200_num100.txt,fixed,2949,8,368.625,16.155010223388672,15.092229843139648,1.0474149348738138e-05,0.74,0.03354446025470162,0.5462499856948853,0.03199120610952377,0.5099999904632568,0.5899999737739563,0.13069750033318997,0.14087223839014767,0.0002453871100442484,1.029743605852127,0.008516087851603515,0.04424440553411842,0.0003,363,437,97.60403869948456,15.120018482208252,15.093895196914673,30.213913679122925,803,0.33727780016488396,0,0,TRUE,pair,394,6.26273179994314,5.460495082674774,40,0,7.4847715736040605,6.26273179994314,0.701520500384504,7.7747482994163875,cpu,cuda:0,0,670.4658203,46
3879,1,DDT1200_num100.txt,fixed,2913,8,364.125,16.907377243041992,14.451536178588867,9.482947461947333e-06,0.32,0.03510455925107447,0.5199999809265137,0.03674234449863434,0.4699999988079071,0.5799999833106995,0.0146933039650321,0.02470440766774118,0.00025674148946563946,1.013947769999504,0.007349161081947386,0.038274003425613046,0.0003,384,416,107.72887689805569,14.479350805282593,12.560752868652344,27.040103673934937,797,0.34081700060050935,0,0,TRUE,pair,384,6.008253000181867,5.415036043554411,65,0,7.5859375,6.008253000181867,0.6511611005407758,7.456138399429619,cpu,cuda:0,0,670.4638672,46
3880,1,DDT1200_num100.txt,fixed,3044,8,380.5,11.757975578308105,15.658130645751953,8.6949266915326e-06,0.8,0.03344629531572377,0.550000011920929,0.022912869229912758,0.5099999904632568,0.5799999833106995,0.09680890635802196,0.10665345478516358,0.00018688823183765635,0.9937994663531964,0.007136507273221819,0.035931724983339124,0.0003,360,440,85.81551729918355,15.684537649154663,19.78690266609192,35.47144031524658,797,0.3422971004038118,0,0,TRUE,pair,394,6.548855799861485,5.321616294427864,50,0,7.725888324873097,6.548855799861485,0.7468643004249316,7.995513499248773,cpu,cuda:0,0,670.46630859375,47
3881,1,DDT1200_num100.txt,fixed,2968,8,371,13.61983871459961,15.154739379882812,8.649042683828156e-06,0.52,0.03560644652888528,0.5325000286102295,0.04351723566651344,0.49000000953674316,0.6200000047683716,-0.105707866,-0.09539108,0.00018952727571429153,1.0411551594734192,0.008651508688801966,0.04357904656457582,0.0003,374,426,81.95737985177023,15.189334869384766,21.024609565734863,36.21394443511963,772,0.32983680005418137,0,0,TRUE,pair,390,6.3268973999947775,5.173180592429606,40,0,7.61025641025641,6.3268973999947775,0.7278472997422796,7.739559800218558,cpu,cuda:0,0,670.4658203,49
3882,1,DDT1200_num100.txt,fixed,2802,8,350.25,21.793060302734375,14.121700286865234,1.2696768862952013e-05,-0.38,0.03100943454428305,0.4762499928474426,0.048973847180604935,0.38999998569488525,0.5699999928474426,-0.043625566,-0.032693328,0.00030522499127982883,1.1084853038191795,0.012121039962948998,0.04272160105756484,0.0003,419,381,68.69443150529516,14.149455308914185,26.63987708091736,40.78933238983154,781,0.423213399364613,0,0,TRUE,pair,381,5.8586538997187745,5.897573162154757,75,0,7.354330708661418,5.8586538997187745,0.6470795010973234,7.2847440996265505,cpu,cuda:0,0,670.46142578125,50
3883,1,DDT1200_num100.txt,fixed,2928,8,366,14.773286819458008,15.374298095703125,6.2718136177863926e-06,0.059999999999999984,0.028294710473648,0.5037499666213989,0.057213958352804184,0.4000000059604645,0.5899999737739563,-0.043321578,-0.033236772,0.0002588363483179516,1.021422654390335,0.01173865215969272,0.06976122300451,0.0003,397,403,84.20233915458286,15.4008207321167,19.372560024261475,34.773380756378174,781,0.3347384999797214,0,0,TRUE,pair,384,6.572223300114274,5.519467213888312,60,0,7.625,6.572223300114274,0.7143146997841541,7.730638800567249,cpu,cuda:0,0,670.4638672,50
3884,1,DDT1200_num100.txt,fixed,3042,8,380.25,9.404121398925781,16.072362899780273,7.47889862395823e-06,0.92,0.036545754722327864,0.5574999451637268,0.027726350352168083,0.5199999809265137,0.6000000238418579,0.01949515100568533,0.029057178646326065,0.00021944458260097436,0.9671747088432312,0.01299508056965553,0.06639327998790476,0.0003,354,446,99.0640766691796,16.099125146865845,14.608272552490234,30.70739769935608,779,0.33848540057078935,0,0,TRUE,pair,397,6.80652030010242,5.200197239050655,50,0,7.662468513853904,6.80652030010242,0.7906859999347944,8.085787200398045,cpu,cuda:0,0,670.46630859375,50
3885,1,DDT1200_num100.txt,fixed,2993,8,374.125,15.169356346130371,15.456480026245117,9.289150511904154e-06,0.5,0.03855918475794159,0.53125,0.03295356407761574,0.4699999988079071,0.5799999833106995,-0.009504518,0.0005541975713438458,0.00023374115941502774,1.0175587159615975,0.011612526811573102,0.07388863639250674,0.0003,375,425,50.928982516077696,15.596075773239136,43.17203330993652,58.76810908317566,789,0.3370177996112034,0,0,TRUE,pair,402,6.41289770003641,5.454727698200887,45,0,7.445273631840796,6.41289770003641,0.7353447006025817,7.941171199665405,cpu,cuda:0,0,670.4658203,52
3886,1,DDT1200_num100.txt,fixed,2943,8,367.875,15.52769660949707,15.316598892211914,8.798905582807492e-06,0.84,0.037400647814903897,0.5525000095367432,0.059739015996456146,0.46000000834465027,0.6700000166893005,-0.041712177,-0.031997022,0.00028235425461867924,0.9856332164061697,0.008736396073608807,0.04899140785595304,0.0003,358,442,63.05670788168041,15.343111515045166,31.329163312911987,46.67227482795715,771,0.41236040013609454,0,0,TRUE,pair,392,6.509902899968438,5.506625890002702,56,0,7.50765306122449,6.509902899968438,0.6918400999857113,7.763477099972079,cpu,cuda:0,0,670.4638672,52
3887,1,DDT1200_num100.txt,fixed,2976,8,372,15.42724895477295,15.003683090209961,8.811816769593861e-06,0.62,0.041933553487221234,0.5387499928474426,0.041664574295282364,0.4699999988079071,0.5899999737739563,-0.050193126,-0.040767882,0.00026705214198348887,0.9558771103620529,0.01160699023360697,0.06637900338197748,0.0003,369,431,54.47696287722085,15.030137538909912,39.59845852851868,54.62859606742859,790,0.3421703997591976,0,0,TRUE,pair,396,6.238636199530447,5.347110215334162,50,0,7.515151515151516,6.238636199530447,0.7000812996411696,7.712714099907316,cpu,cuda:0,0,670.4658203,44
3888,1,DDT1200_num100.txt,fixed,3000,8,375,18.821529388427734,15.842371940612793,9.221591426467057e-06,0.68,0.04401879680840443,0.5424999594688416,0.0544862374663353,0.4699999988079071,0.6100000143051147,0.13600623421370983,0.14547426905483007,0.00018892555817728862,0.9562502205371857,0.009221947824698873,0.04822728247381747,0.0003,366,434,135.19359502568327,15.871248960494995,6.319151401519775,22.19040036201477,774,0.3519557995314244,0,0,TRUE,pair,398,6.653782600420527,5.4533333327770235,70,0,7.5376884422110555,6.653782600420527,0.7690917001455091,8.040169200481614,cpu,cuda:0,0,670.4658203,43
3889,1,DDT1200_num100.txt,fixed,3018,8,377.25,10.709224700927734,15.550777435302734,7.531914434366627e-06,0.78,0.041458998753964284,0.5487499833106995,0.024717146530747414,0.5099999904632568,0.5799999833106995,-0.048421292,-0.039344377,0.00022342342378000137,0.9188627004623413,0.00828817217684859,0.05340232454578985,0.0003,361,439,90.8380424017519,15.581575870513916,17.64238977432251,33.223965644836426,786,0.34281320072477683,0,0,TRUE,pair,395,6.575549600034719,5.239893969121241,50,0,7.640506329113924,6.575549600034719,0.7286687007290311,7.880087299447041,cpu,cuda:0,0,670.46630859375,41
3890,1,DDT1200_num100.txt,fixed,2936,8,367,15.945219039916992,15.296552658081055,7.740346518403385e-06,0.08,0.04127045049536049,0.5049999952316284,0.03240370750427246,0.44999998807907104,0.550000011920929,-0.114803186,-0.105330335,0.0001833344649639912,0.9564521908760071,0.007592997114573207,0.04651922985379185,0.0003,396,404,106.94957057379334,15.322719812393188,12.129470825195312,27.4521906375885,794,0.336182900267886,0,0,TRUE,pair,397,6.342903100245167,5.433242505593911,50,0,7.395465994962216,6.342903100245167,0.7579460996203125,7.8236729000054765,cpu,cuda:0,0,670.4638672,40
3891,1,DDT1200_num100.txt,fixed,2998,8,374.75,13.571569442749023,15.18422794342041,1.0115243640029803e-05,0.62,0.0377480176745989,0.5387499928474426,0.046485885977745056,0.4699999988079071,0.6000000238418579,0.005047711992153415,0.014873278982661388,0.00026706479035999145,0.995909935898251,0.013857406197564193,0.08746939707823374,0.0003,369,431,51.066061150350265,15.21307373046875,43.49519419670105,58.7082679271698,777,0.33678000039071776,0,0,TRUE,pair,391,6.224476600182243,5.565710472774315,45,0,7.667519181585678,6.224476600182243,0.7112456996692345,7.887830300198402,cpu,cuda:0,0,670.4658203,41
3892,1,DDT1200_num100.txt,fixed,3054,8,381.75,8.799858093261719,15.763751983642578,6.802245479775593e-06,0.56,0.04013461737652934,0.5350000262260437,0.027386127039790154,0.49000000953674316,0.5699999928474426,-0.071371478,-0.061875945,0.00021881898700720976,0.9604940281973945,0.007860582356375677,0.049431134894904166,0.0003,372,428,50.860654968227706,15.791311740875244,44.25510334968567,60.04641509056091,781,0.3418698999157641,0,0,TRUE,pair,393,6.545513999881223,5.037982972759629,60,0,7.770992366412214,6.545513999881223,0.7286771003855392,8.118259599868907,cpu,cuda:0,0,670.46630859375,41
3893,1,DDT1200_num100.txt,fixed,3077,8,384.625,16.822139739990234,15.747108459472656,1.0773776921269018e-05,0.6,0.041590905135782175,0.5375000238418579,0.03929058462381363,0.49000000953674316,0.6299999952316284,-0.026017386,-0.01606867,0.000226412981560099,1.0061923662821453,0.00991353984863963,0.06023691940520491,0.0003,370,430,57.927199356670535,15.775469779968262,37.34292769432068,53.11839747428894,791,0.3371839000901673,0,0,TRUE,pair,412,6.533034899883205,5.199545010677359,60,0,7.468446601941747,6.533034899883205,0.7309951000788715,8.113153199636145,cpu,cuda:0,0,670.46826171875,43
3894,1,DDT1200_num100.txt,fixed,3034,8,379.25,14.863966941833496,15.266969680786133,7.76234628574457e-06,0.54,0.0421955136561887,0.5337499380111694,0.036033838987350464,0.47999998927116394,0.5899999737739563,0.06125479489564896,0.07128540724515915,0.00027269310085102915,1.0166959881782531,0.012119620223529637,0.038359373807907104,0.0003,373,427,117.49913175140978,15.293914318084717,10.527553081512451,25.821467399597168,785,0.33976120012812316,0,0,TRUE,pair,404,6.302119200176094,5.258075148711962,55,0,7.50990099009901,6.302119200176094,0.6850809000607114,7.9251002007804345,cpu,cuda:0,0,670.46630859375,45
3895,1,DDT1200_num100.txt,fixed,3002,8,375.25,15.570405006408691,15.366504669189453,8.740569683141075e-06,0.66,0.041413125270621916,0.5412499904632568,0.05732309818267822,0.4699999988079071,0.6399999856948853,-0.085274561,-0.075582897,0.0002414008446066873,0.9812363833189011,0.011329102399758994,0.0703036418533884,0.0003,367,433,62.53196601886202,15.393572092056274,32.613874197006226,48.0074462890625,779,0.44397039973409846,0,0,TRUE,pair,400,6.465772399504203,5.323784143705514,48,0,7.505,6.465772399504203,0.7070120001444593,7.829982399416622,cpu,cuda:0,0,670.4658203,46
3896,1,DDT1200_num100.txt,fixed,2986,8,373.25,17.260866165161133,15.22238826751709,9.289150511904154e-06,0.27999999999999997,0.038751528321158864,0.5174999833106995,0.047368235886096954,0.44999998807907104,0.5899999737739563,-0.079191105,-0.069355803,0.0002547815383877605,0.9962694329373977,0.009567712341188727,0.0601607458665967,0.0003,386,414,68.36412643567107,15.249139785766602,28.428738594055176,43.67787837982178,785,0.3422251997399144,0,0,TRUE,pair,400,6.339673999667866,5.2468184860696425,50,0,7.465,6.339673999667866,0.7150512012012769,7.808388600096805,cpu,cuda:0,0,670.4658203,47
3897,1,DDT1200_num100.txt,fixed,2992,8,374,21.908903121948242,15.606690406799316,2.8020016543450765e-05,0.58,0.03870053813446898,0.5362499952316284,0.03461845591664314,0.46000000834465027,0.5799999833106995,-0.105528565,-0.095448094,0.00023726824491115457,1.019910460168665,0.012613261822314764,0.07475466204976494,0.0003,371,429,57.12501045145326,15.635270357131958,36.741087675094604,52.37635803222656,795,0.44207349969656207,0,0,TRUE,pair,400,6.543115799577208,5.510695184097889,65,0,7.48,6.543115799577208,0.726130300987279,7.929398399195634,cpu,cuda:0,0,670.4658203,48
3898,1,DDT1200_num100.txt,fixed,3073,8,384.125,12.544296264648438,15.759834289550781,7.681371243961621e-06,0.98,0.03947150963757251,0.5612499713897705,0.0252178106456995,0.5199999809265137,0.6000000238418579,0.08898449316620827,0.09920507855713367,0.00021401473713922314,1.0327593386173248,0.016829632346343715,0.08609362924471498,0.0003,351,449,127.37915226105746,15.78602647781372,8.338800430297852,24.124826908111572,803,0.345677000033902,0,0,TRUE,pair,401,6.553536999941571,5.118125609842605,45,0,7.6633416458852865,6.553536999941571,0.7388133007625584,8.055245000694413,cpu,cuda:0,0,670.46826171875,48
3899,1,DDT1200_num100.txt,fixed,2967,8,370.875,10.191142082214355,15.245527267456055,7.509238912462024e-06,0.42,0.03715261762526399,0.5262500047683716,0.019324539229273796,0.5,0.550000011920929,-0.113327456,-0.103707047,0.00031267005529529837,0.9776743379506198,0.008789581373672594,0.06006915033371611,0.0003,379,421,61.68259883746157,15.272326469421387,32.82875967025757,48.101086139678955,759,0.33193940061028115,0,0,TRUE,pair,393,6.442141200212063,5.654870239620382,120,0,7.549618320610687,6.442141200212063,0.7115488993003964,7.688668300310383,cpu,cuda:0,0,670.4658203,49
3900,1,DDT1200_num100.txt,fixed,3038,8,379.75,21.59137535095215,15.833364486694336,1.1458982953627128e-05,0.64,0.0487461035654435,0.5400000214576721,0.05408327281475067,0.46000000834465027,0.6100000143051147,-0.089277759,-0.079723281,0.0003035642568849855,0.9706259104940627,0.011117805920851728,0.04381618152062098,0.0003,368,432,99.36556729973901,15.860230922698975,14.713740348815918,30.573971271514893,776,0.3355058002343867,0,0,TRUE,pair,403,6.565816000133054,5.468400261016014,70,0,7.538461538461538,6.565816000133054,0.8045801005791873,8.087210199824767,cpu,cuda:0,0,670.46630859375,49
3901,1,DDT1200_num100.txt,fixed,2968,8,371,20.155643463134766,15.76728343963623,1.0972436029987875e-05,0.2,0.04603661829324858,0.512499988079071,0.030310891568660736,0.44999998807907104,0.550000011920929,-0.016351419,-0.006707699,0.0004000841438903956,0.9843764393417923,0.009882160662932115,0.07092933374008646,0.0003,390,410,50.24725746022086,15.796917915344238,43.27098250389099,59.06790041923523,786,0.34640089981257915,0,0,TRUE,pair,398,6.72344809997594,5.502021564306275,55,0,7.457286432160804,6.72344809997594,0.7746551992313471,7.853283698786981,cpu,cuda:0,0,670.4658203,52
3902,1,DDT1200_num100.txt,fixed,2989,8,373.625,16.201370239257812,15.926286697387695,9.24621599551756e-06,0.52,0.048215436636298944,0.5324999690055847,0.04264680668711662,0.47999998927116394,0.6100000143051147,-0.005470971,0.003948891224960486,0.00036499711859505624,0.9602362910906473,0.010828785336343572,0.04771360304827491,0.0003,374,426,106.64559964367463,15.954770803451538,12.07263970375061,28.02741050720215,779,0.34650660018087365,0,0,TRUE,pair,392,6.797803599707549,5.242556039447089,40,0,7.625,6.797803599707549,0.7366787988576107,7.975634799397085,cpu,cuda:0,0,670.4658203,52
3903,1,DDT1200_num100.txt,fixed,3032,8,379,19.868316650390625,15.80546760559082,1.1810747309937142e-05,0.9,0.04880461088247222,0.5562499761581421,0.053604450076818466,0.4399999976158142,0.6299999952316284,-0.013012834,-0.003547306,0.00027582188037437544,0.9603439668814341,0.008557784666966958,0.05874029240415742,0.0003,355,445,83.8943316383843,15.832432746887207,20.308268785476685,36.14070153236389,767,0.33163850000710227,0,0,TRUE,pair,397,6.694785699684871,5.110158309851599,45,0,7.63727959697733,6.694785699684871,0.7371681999356952,8.003386898868484,cpu,cuda:0,0,670.46630859375,51
3904,1,DDT1200_num100.txt,fixed,3085,8,385.625,12.989779472351074,16.155513763427734,8.946258276409935e-06,0.92,0.051738657815377724,0.5575000047683716,0.029047373682260513,0.5299999713897705,0.6299999952316284,-0.029257404,-0.019289999,0.00026474662912992893,1.0099779282297408,0.007623047617796276,0.05142558106620397,0.0003,354,446,71.78444072127714,16.185375213623047,26.79051160812378,42.975886821746826,786,0.34951699918019585,0,0,TRUE,pair,410,6.877454700006638,5.179578605772417,56,0,7.524390243902439,6.877454700006638,0.7334578006702941,8.160503998864442,cpu,cuda:0,0,670.46826171875,53
3905,1,DDT1200_num100.txt,fixed,3130,8,391.25,6.851094722747803,17.617755889892578,1.1853983778564725e-05,0.86,0.05313988513419392,0.5537499785423279,0.03739568963646889,0.5,0.6200000047683716,-0.033339619,-0.023787734,0.000204819074295099,0.9654294318623013,0.015623935601777501,0.052762985643413335,0.0003,357,443,88.97185748073879,17.649637699127197,17.530025720596313,35.17966341972351,811,0.38554740051040426,0,0,TRUE,pair,404,7.424931899848161,5.209904153354633,60,0,7.747524752475248,7.424931899848161,0.7807346005283762,8.992305200255942,cpu,cuda:0,0,670.46826171875,47
3906,1,DDT1200_num100.txt,fixed,3004,8,375.5,12.33896255493164,17.288297653198242,7.569555236841552e-06,0.5,0.05551306443373962,0.53125,0.038870785385370255,0.47999998927116394,0.6000000238418579,-0.093083563,-0.082723353,0.0002655178292722364,1.0492972334225972,0.011520171494339593,0.08074294313943635,0.0003,375,425,45.14964245582072,17.318686723709106,49.21561646461487,66.53430318832397,783,0.36958049997338094,0,0,TRUE,pair,391,7.665085900167469,5.545605858973911,60,0,7.6828644501278776,7.665085900167469,0.8436419997015037,8.378856000199448,cpu,cuda:0,0,670.4658203,44
3907,1,DDT1200_num100.txt,fixed,3103,8,387.875,17.28754997253418,17.558101654052734,1.1424206604715437e-05,0.78,0.05795328308364623,0.5487499833106995,0.03333072364330292,0.49000000953674316,0.5899999737739563,-0.061985329,-0.052133259,0.00019051282773337638,0.9947324842214584,0.01225109513810215,0.05895690379353861,0.0003,361,439,74.72716425808218,17.58619785308838,23.938193321228027,41.524391174316406,803,0.3638780997134745,0,0,TRUE,pair,405,7.646746199927293,5.267483080351618,55,0,7.661728395061728,7.646746199927293,0.8866888000920881,8.605254599679029,cpu,cuda:0,0,670.46826171875,41
3908,1,DDT1200_num100.txt,fixed,2915,8,364.375,15.881888389587402,16.403562545776367,7.893059773778077e-06,-1.21E-17,0.06124458344580127,0.5,0.03840572386980057,0.44999998807907104,0.5799999833106995,-0.053108383,-0.04282104,0.0002627525671934044,1.041871530669076,0.009410990152641066,0.053210078073399406,0.0003,400,400,65.16235314322645,16.43403673171997,28.300382137298584,44.734418869018555,800,0.3555172003689222,0,0,TRUE,pair,395,6.865769799944246,5.951286449399657,60,0,7.379746835443038,6.865769799944246,0.7484320008661598,8.401499001221964,cpu,cuda:0,0,670.4638672,42
3909,1,DDT1200_num100.txt,fixed,3040,8,380,13.057564735412598,16.53220558166504,9.58430791797582e-06,0.46,0.06565237998578966,0.5287500023841858,0.029341736808419228,0.46000000834465027,0.5600000023841858,0.01611007232632902,0.026871722838323977,0.00020198103164956492,1.0862642096148596,0.011718872274893025,0.07491321478866869,0.0003,377,423,57.20020701147009,16.559759616851807,36.58690118789673,53.146660804748535,824,0.3786597000726033,0,0,TRUE,pair,393,6.960810900229262,5.635526317436444,50,0,7.735368956743002,6.960810900229262,0.7467323995369952,8.440114100667415,cpu,cuda:0,0,670.46630859375,40
3910,1,DDT1200_num100.txt,fixed,3035,8,379.375,18.179229736328125,17.898300170898438,9.631638022256084e-06,0.58,0.0649390550198983,0.5362499952316284,0.033142685890197754,0.47999998927116394,0.5899999737739563,-0.022708342,-0.012537728,0.00020046233681648079,1.0270845630894536,0.01135621663770112,0.06857127435100467,0.0003,371,429,43.552873453031076,17.92594575881958,51.7594678401947,69.68541359901428,791,0.472230000217678,0,0,TRUE,pair,412,7.82641839995631,5.2728171348179,55,0,7.366504854368932,7.82641839995631,0.8467905012657866,8.802878300077282,cpu,cuda:0,0,670.46630859375,41
3911,1,DDT1200_num100.txt,fixed,2992,8,374,16.309507369995117,17.507638931274414,1.0726186701504048e-05,0.24,0.0625468026738167,0.5149999856948853,0.019999993965029716,0.49000000953674316,0.550000011920929,-0.035740138,-0.025044353,0.00023576570003150174,1.0813667636651259,0.017836291199693315,0.07047815348666447,0.0003,388,412,73.1847508552455,17.53496813774109,23.34786558151245,40.88283371925354,795,0.3707687998539768,0,0,TRUE,pair,394,7.857393600279465,5.7520053485099645,70,0,7.593908629441624,7.857393600279465,0.8674826998903882,8.371827000577468,cpu,cuda:0,0,670.4658203,43
3912,1,DDT1200_num100.txt,fixed,3058,8,382.25,12.316147804260254,17.37103843688965,8.869684279488865e-06,0.44,0.06171675640407227,0.5274999737739563,0.02586020901799202,0.4699999988079071,0.5600000023841858,-0.068916928,-0.058252451,0.00017861878734914139,1.0753784422521238,0.011867471125528769,0.07717595477071074,0.0003,378,422,42.951253682994405,17.398051023483276,53.79893946647644,71.19699048995972,808,0.3647600999393035,0,0,TRUE,pair,399,7.48773560023983,5.67102681467781,70,0,7.664160401002507,7.48773560023983,0.8317261999181937,8.641546399623621,cpu,cuda:0,0,670.46630859375,47
3913,1,DDT1200_num100.txt,fixed,2961,8,370.125,16.624059677124023,17.867509841918945,7.569555236841552e-06,-0.08,0.05160049697354614,0.4950000047683716,0.04062019661068916,0.4399999976158142,0.550000011920929,-0.03794635,-0.027733628,0.00022292124094747123,1.032418254762888,0.011768179974751547,0.06080443481914699,0.0003,404,396,58.10823506662632,17.89833664894104,33.05829620361328,50.95663285255432,793,0.3670719000219833,0,0,TRUE,pair,397,8.12466999940807,5.55758189800743,60,0,7.458438287153652,8.12466999940807,0.8420927999250125,8.44958469978883,cpu,cuda:0,0,670.4658203,49
3914,1,DDT1200_num100.txt,fixed,3069,8,383.625,19.137250900268555,16.15496063232422,9.772254088602494e-06,0.9,0.04694929909429188,0.5562499761581421,0.03603383153676987,0.49000000953674316,0.6299999952316284,-0.030699162,-0.020485302,0.00021617478632833808,1.0321947753429412,0.01055566951399669,0.05476925331167877,0.0003,355,445,89.40393222255265,16.18388080596924,18.143468379974365,34.3273491859436,788,0.44249310018494725,0,0,TRUE,pair,412,6.662005499820225,5.210817856134518,50,0,7.449029126213592,6.662005499820225,0.728398700535763,8.342971298814518,cpu,cuda:0,0,670.46630859375,49
3915,1,DDT1200_num100.txt,fixed,3038,8,379.75,13.626720428466797,16.607528686523438,9.147322998614982e-06,0.7,0.047050031645574815,0.543749988079071,0.03497768193483353,0.47999998927116394,0.6000000238418579,-0.05437921,-0.043856831,0.00022423632132510343,1.0634499059783087,0.014556621848088171,0.06916464575462872,0.0003,365,435,86.97463162009319,16.63548517227173,18.29424023628235,34.92972540855408,788,0.4635983997141011,0,0,TRUE,pair,403,7.0605847999686375,5.670506912285439,60,0,7.538461538461538,7.0605847999686375,0.7427977992629167,8.369071300432552,cpu,cuda:0,0,670.46630859375,49
3916,1,DDT1200_num100.txt,fixed,3060,8,382.5,14.168627738952637,16.675718307495117,7.776979146001395e-06,0.64,0.04485444132598313,0.5399999618530273,0.03937004134058952,0.49000000953674316,0.6200000047683716,-0.049969636,-0.039761583,0.00020890316885751893,1.0312507152557373,0.012450877643589462,0.06566948186428774,0.0003,368,432,50.43536684853086,16.702677965164185,43.969033002853394,60.67171096801758,813,0.37957190023735166,0,0,TRUE,pair,410,7.133730300003663,5.342810458840887,60,0,7.463414634146342,7.133730300003663,0.7306801002123393,8.372410699579632,cpu,cuda:0,0,670.46630859375,51
3917,1,DDT1200_num100.txt,fixed,3072,8,384,14.097871780395508,18.230072021484375,8.503224307787605e-06,0.46,0.05082774326261997,0.5287500023841858,0.043427370488643646,0.46000000834465027,0.5899999737739563,-0.040419308,-0.030277728,0.00023183787106972886,1.0257497914135456,0.012909789809782524,0.06859886599704623,0.0003,377,423,60.226092801660414,18.262633323669434,32.745158433914185,51.00779175758362,820,0.3808759995154105,0,0,TRUE,pair,405,8.301185999851441,5.3004557300979895,50,0,7.5851851851851855,8.301185999851441,0.817515800066758,8.655510000535287,cpu,cuda:0,0,670.46630859375,52
3918,1,DDT1200_num100.txt,fixed,2968,8,371,10.677078247070312,15.791220664978027,7.410178113786969e-06,0.3,0.050196042214717074,0.518750011920929,0.045672062784433365,0.4300000071525574,0.5699999928474426,-0.120001294,-0.109616971,0.00023380782087250345,1.0501228485788618,0.010316081062358404,0.06409369009946074,0.0003,385,415,69.59752400937339,15.820580005645752,26.824615240097046,42.6451952457428,809,0.4535063004004769,0,0,TRUE,pair,390,6.5806170002615545,5.4838274924581585,60,0,7.61025641025641,6.5806170002615545,0.7005467010603752,8.103641000983771,cpu,cuda:0,0,670.4658203,46
3919,1,DDT1200_num100.txt,fixed,3047,8,380.875,6.372548580169678,17.02690887451172,6.468133960879641e-06,0.7,0.05424388935119927,0.543749988079071,0.0429934486746788,0.4699999988079071,0.5899999737739563,0.03508869293504036,0.045356877004871,0.00021998538431944326,1.03781769825862,0.020174162874284845,0.08559505498180023,0.0003,365,435,76.83279927207968,17.055803060531616,22.601739406585693,39.65754246711731,803,0.3786813994520344,0,0,TRUE,pair,392,7.509886000218103,5.310797505352119,50,0,7.7729591836734695,7.509886000218103,0.7501682005822659,8.336086098861415,cpu,cuda:0,0,670.46630859375,44
3920,1,DDT1200_num100.txt,fixed,3051,8,381.375,29.508209228515625,18.46971321105957,1.51691183418734e-05,0.64,0.04478535290980876,0.5399999618530273,0.06892023980617523,0.3799999952316284,0.6200000047683716,-0.011231478,-0.000616327,0.0002531174155592453,1.0741710662841797,0.0124406871618703,0.060670032538473605,0.0003,368,432,83.09093002935761,18.497853755950928,18.22095537185669,36.71880912780762,790,0.3717402001202572,0,0,TRUE,pair,406,8.556851299887057,5.27335300014981,50,0,7.514778325123153,8.556851299887057,0.8827204000554048,8.566658899944741,cpu,cuda:0,0,670.46630859375,43
3921,1,DDT1200_num100.txt,fixed,2938,8,367.25,13.854150772094727,17.58945655822754,1.4463186744251288e-05,0.3,0.04819221411960634,0.5187499523162842,0.049607835710048676,0.4399999976158142,0.6000000238418579,-0.13828743,-0.127979005,0.00019215750944567844,1.040450313261577,0.012010155981572877,0.0544426708615252,0.0003,385,415,72.3081276967646,17.62657117843628,23.005099058151245,40.631670236587524,782,0.38559109999914654,0,0,TRUE,pair,391,7.824268500349717,5.44213750842804,50,0,7.514066496163683,7.824268500349717,0.8785626997996587,8.419536698929733,cpu,cuda:0,0,670.4638672,41
3922,1,DDT1200_num100.txt,fixed,3055,8,381.875,7.304749965667725,17.69432258605957,5.878843239770504e-06,0.74,0.05178736146168364,0.5462499856948853,0.04442339390516281,0.47999998927116394,0.6200000047683716,-0.063534249,-0.053517243,0.0001736313570290804,1.010382056236267,0.011440502433106303,0.07215144373476505,0.0003,363,437,122.85385734697942,17.722339868545532,7.144604206085205,24.866944074630737,793,0.4640100995020475,0,0,TRUE,pair,398,7.989952800242463,5.050081832904472,70,0,7.675879396984925,7.989952800242463,0.8147680986148771,8.436929099319968,cpu,cuda:0,0,670.46630859375,42
3923,1,DDT1200_num100.txt,fixed,3041,8,380.125,10.844785690307617,17.4939022064209,7.835234100639354e-06,0.42,0.05393464328718132,0.5262500047683716,0.039980459958314896,0.46000000834465027,0.5799999833106995,-0.06547993,-0.055884591,0.0002956363349329439,0.9743157536895187,0.020291558070177282,0.07513549482380902,0.0003,379,421,44.42598120921568,17.52153253555298,50.92940354347229,68.45093607902527,786,0.36600130001897924,0,0,TRUE,pair,403,7.822024199762382,5.064123642675894,50,0,7.54590570719603,7.822024199762382,0.8018572998116724,8.423621700552758,cpu,cuda:0,0,670.46630859375,41
3924,1,DDT1200_num100.txt,fixed,2982,8,372.75,16.322914123535156,15.483997344970703,9.264640539186075e-06,0.68,0.054008199687228794,0.5425000190734863,0.041155196726322174,0.47999998927116394,0.6200000047683716,-0.058176492,-0.047875646,0.00021841935761455846,1.0410056965691703,0.01434094087952482,0.06881807478410858,0.0003,366,434,71.62456256821237,15.513725996017456,26.120036125183105,41.63376212120056,775,0.4434540997899603,0,0,TRUE,pair,402,6.28416990005644,5.438631789785036,70,0,7.417910447761194,6.28416990005644,0.6915496992878616,8.144235200394178,cpu,cuda:0,0,670.4658203,40
3925,1,DDT1200_num100.txt,fixed,3062,8,382.75,21.568204879760742,18.095796585083008,1.1911388355656527e-05,0.76,0.055271663668221234,0.5475000143051147,0.031124748289585114,0.47999998927116394,0.5799999833106995,-0.028815201,-0.01847215,0.0002746668130081768,1.0480387806892395,0.00910019048023969,0.0465947516883413,0.0003,362,438,91.11876498891814,18.12264633178711,15.481847763061523,33.60449409484863,784,0.3814165994990617,0,0,TRUE,pair,409,7.8205655002675485,5.376224687409354,70,0,7.486552567237164,7.8205655002675485,0.8869363005214836,8.951597800303716,cpu,cuda:0,0,670.46630859375,41
3926,1,DDT1200_num100.txt,fixed,3089,8,386.125,16.510887145996094,16.68229866027832,1.1777008694480173e-05,0.96,0.05813349451426667,0.5600000023841858,0.04123105853796005,0.4699999988079071,0.6100000143051147,-0.018284407,-0.008213221,0.00018113306820547828,1.0161754025353327,0.012989878822635446,0.054041624897056155,0.0003,352,448,85.44654299647037,16.70923948287964,19.442018270492554,36.15125775337219,774,0.34117319993674755,0,0,TRUE,pair,407,7.085300899547292,5.237293622840296,60,0,7.58968058968059,7.085300899547292,0.7622451006900519,8.444198398850858,cpu,cuda:0,0,670.46826171875,43
3927,1,DDT1200_num100.txt,fixed,3052,8,381.5,16.81517219543457,16.976659774780273,1.2081965905963443e-05,0.76,0.0601463267820237,0.54749995470047,0.05973901227116585,0.46000000834465027,0.6399999856948853,-0.009953114,3.167108765670231e-05,0.00021548593576881103,1.009252735546657,0.014223914368942912,0.07311109147433724,0.0003,362,438,66.43576469507762,17.01069211959839,28.92841935157776,45.93911147117615,786,0.4879134004295338,0,0,TRUE,pair,406,7.200796700810315,5.42365661837639,55,0,7.517241379310345,7.200796700810315,0.813564199663233,8.56456010005786,cpu,cuda:0,0,670.46630859375,45
3928,1,DDT1200_num100.txt,fixed,2989,8,373.625,13.591702461242676,16.152158737182617,8.092194548225962e-06,0.32,0.05903262169906481,0.5199999809265137,0.04555216059088707,0.4300000071525574,0.5899999737739563,-0.047868752,-0.037625319,0.00014307441670098343,1.031497049331665,0.01937571754679084,0.08183343335986137,0.0003,384,416,125.79694056180878,16.18072247505188,7.579791784286499,23.76051425933838,810,0.3537829995620996,0,0,TRUE,pair,388,6.732619700109353,5.27768484554629,50,0,7.703608247422681,6.732619700109353,0.7521052000811324,8.286989900487242,cpu,cuda:0,0,670.4658203,47
3929,1,DDT1200_num100.txt,fixed,3074,8,384.25,11.497282028198242,16.97916603088379,7.040416221570922e-06,1.02,0.05591320601839606,0.5637499690055847,0.04385701194405556,0.46000000834465027,0.6100000143051147,-0.016743259,-0.006597931,0.00024410599937916479,1.026738090948625,0.009039409754967148,0.05211488775570284,0.0003,349,451,77.70669169842974,17.00795602798462,22.551056623458862,39.55901265144348,780,0.3565435000055004,0,0,TRUE,pair,396,7.16269250024925,5.2576447609732035,80,0,7.762626262626263,7.16269250024925,0.8049685986479744,8.600582200539066,cpu,cuda:0,0,670.46826171875,47
3930,1,DDT1200_num100.txt,fixed,3039,8,379.875,9.905017852783203,16.895627975463867,7.294205715879798e-06,0.72,0.05796192182480171,0.5449999570846558,0.036055512726306915,0.47999998927116394,0.5899999737739563,-0.000143569,0.010439912229776383,0.00015883732703514397,1.066290056705475,0.017308376170694827,0.04873182326555252,0.0003,364,436,109.59806335472145,16.923229694366455,10.805362462997437,27.72859215736389,783,0.36138960035168566,0,0,TRUE,pair,396,7.206105800200021,5.441263572680946,70,0,7.674242424242424,7.206105800200021,0.7934785984980408,8.411426300561288,cpu,cuda:0,0,670.46630859375,47
3931,1,DDT1200_num100.txt,fixed,3041,8,380.125,11.857882499694824,16.250194549560547,8.635888661956415e-06,1.06,0.05983960170244013,0.5662499666213989,0.030796723440289497,0.5199999809265137,0.6200000047683716,-0.070676595,-0.060614418,0.0001664346767938696,1.0145392855008444,0.033320497752477723,0.06770336298892896,0.0003,347,453,67.46291577108859,16.279704093933105,28.796912670135498,45.0766167640686,771,0.46254720046999864,0,0,TRUE,pair,400,6.849139699654188,5.376849719937872,50,0,7.6025,6.849139699654188,0.7241124993888661,8.29909980049706,cpu,cuda:0,0,670.46630859375,51
3932,1,DDT1200_num100.txt,fixed,2952,8,369,13.665650367736816,17.71348762512207,8.71451720740879e-06,0.2,0.06031587875812051,0.5125000476837158,0.04710360988974571,0.46000000834465027,0.6100000143051147,0.0037350087825741085,0.013985905929335527,0.00023578220654079423,1.0368790796824865,0.010136303558413471,0.05494745920545289,0.0003,390,410,99.16150627415345,17.74270248413086,12.02691388130188,29.76961636543274,784,0.38035289983963594,0,0,TRUE,pair,395,7.849127199937357,5.631775066700731,70,0,7.473417721518987,7.849127199937357,0.8981799002503976,8.536848699179245,cpu,cuda:0,0,670.4658203,50
3933,1,DDT1200_num100.txt,fixed,3021,8,377.625,13.28474235534668,17.500484466552734,7.5394573286757804e-06,0.82,0.055453533387362655,0.5512499809265137,0.01615355908870697,0.5199999809265137,0.5699999928474426,0.0005045124019185702,0.010688089210695277,0.00017247795549337752,1.0269815723101299,0.014915199639896551,0.0686933015162746,0.0003,359,441,63.51289085144001,17.528034687042236,30.03711247444153,47.565147161483765,787,0.36275109971757047,0,0,TRUE,pair,405,7.817902600159869,5.512413107847702,56,0,7.45925925925926,7.817902600159869,0.8262744007224683,8.45068189923768,cpu,cuda:0,0,670.46630859375,50
3934,1,DDT1200_num100.txt,fixed,2980,8,372.5,14.8828763961792,17.53927230834961,9.295267773268279e-06,0.52,0.054273065203815404,0.5324999690055847,0.04175823554396629,0.44999998807907104,0.5799999833106995,-0.027571841,-0.017179824,0.00017170125405148914,1.0477865139643352,0.013915103918407112,0.03837180448075136,0.0003,374,426,100.5245588853734,17.569647073745728,12.074850082397461,29.64449715614319,803,0.38043310001376085,0,0,TRUE,pair,388,7.643401600478683,5.321476509987108,64,0,7.680412371134021,7.643401600478683,0.8658687014249153,8.612709001172334,cpu,cuda:0,0,670.4658203,50
3935,1,DDT1200_num100.txt,fixed,2932,8,366.5,20.916500091552734,16.63170623779297,4.9019232392311096e-05,0.5,0.05380999594789444,0.53125,0.046216197311878204,0.46000000834465027,0.5899999737739563,-0.054808854,-0.044325556,0.00020967331081258388,1.058813300999728,0.008950930861332878,0.043210086497393524,0.0003,375,425,84.36500100485165,16.66512370109558,18.088624477386475,34.753748178482056,772,0.3659330004302319,0,0,TRUE,pair,392,6.958630900044227,5.727148704525556,55,0,7.479591836734694,6.958630900044227,0.7582835997454822,8.526155800995184,cpu,cuda:0,0,670.4638672,50
3936,1,DDT1200_num100.txt,fixed,3036,8,379.5,12.678722381591797,17.000598907470703,7.008046395640122e-06,0.6,0.05590991486164037,0.5375000238418579,0.032307129353284836,0.5,0.6000000238418579,0.0024901145899837666,0.012810445559973066,0.0001537394736343148,1.0397201722318477,0.015506985025819053,0.06292153353040869,0.0003,370,430,86.71715577853905,17.027121543884277,17.983251810073853,35.01037335395813,795,0.35372359945904464,0,0,TRUE,pair,409,7.289299399679294,5.363636363636363,50,0,7.422982885085575,7.289299399679294,0.8034670997876674,8.506678199424641,cpu,cuda:0,0,670.46630859375,51
3937,1,DDT1200_num100.txt,fixed,2957,8,369.625,15.667941093444824,17.396575927734375,8.231485480791889e-06,0.3,0.05388797742310807,0.5187499523162842,0.05278198421001434,0.4300000071525574,0.6000000238418579,-0.041212314,-0.030707048,0.00020608320604272498,1.0608309706052144,0.035925737426926695,0.05139225876579682,0.0003,385,415,77.30595886991567,17.424405574798584,20.82620334625244,38.250608921051025,798,0.37459060017135926,0,0,TRUE,pair,394,7.5410396000079345,5.8221170091935415,60,0,7.50507614213198,7.5410396000079345,0.8655200004868675,8.57204660057323,cpu,cuda:0,0,670.4658203,46
3938,1,DDT1200_num100.txt,fixed,2959,8,369.875,17.280317306518555,17.508607864379883,8.996945325634442e-06,0.24,0.05233709412396477,0.5149999856948853,0.05099019780755043,0.4099999964237213,0.5699999928474426,-0.017322343,-0.006503642,0.0002602310314614442,1.0948821008205414,0.007865982130169868,0.038701056968420744,0.0003,388,412,80.46938003786013,17.539726734161377,19.23202419281006,36.771750926971436,814,0.3918149993987754,0,0,TRUE,pair,388,7.752280699787661,5.685704630627428,60,0,7.626288659793815,7.752280699787661,0.8729770999925677,8.468521299539134,cpu,cuda:0,0,670.4658203,44
3939,1,DDT1200_num100.txt,fixed,3032,8,379,17.06604766845703,17.938373565673828,9.979462447518017e-06,0.68,0.049583307805667526,0.5424999594688416,0.04683749005198479,0.46000000834465027,0.6000000238418579,-0.030977843,-0.020836317,0.0002109746034394073,1.0247014866155737,0.013108390301246853,0.07842528495444533,0.0003,366,434,54.96491436904222,17.966402053833008,37.19605994224548,55.16246199607849,795,0.3832415997458156,0,0,TRUE,pair,396,7.602866000350332,5.5204485494417375,60,0,7.656565656565657,7.602866000350332,0.8926893006137107,9.01443120103795,cpu,cuda:0,0,670.46630859375,42
3940,1,DDT1200_num100.txt,fixed,2900,8,362.5,20.236106872558594,17.627134323120117,2.953312468889635e-05,0.16,0.04905370206562508,0.5099999904632568,0.040000006556510925,0.44999998807907104,0.5600000023841858,-0.09372362,-0.082598104,0.00028843465188401753,1.1269737422466277,0.014633039012551308,0.06058481112122536,0.0003,392,408,75.70210455156395,17.680575132369995,20.627474784851074,38.30804991722107,806,0.37361960002454,0,0,TRUE,pair,384,8.009898900141707,5.871379309522695,55,0,7.552083333333333,8.009898900141707,0.8746342993690632,8.329120300302748,cpu,cuda:0,0,670.4638672,41
3941,1,DDT1200_num100.txt,fixed,2957,8,369.625,15.88975715637207,17.41891098022461,1.0160100828215946e-05,0.3,0.03923725589979099,0.5187499523162842,0.02619040757417679,0.46000000834465027,0.550000011920929,-0.075360231,-0.064758358,0.00020099033281439915,1.0702371554715293,0.014574487045008157,0.06428507316325392,0.0003,385,415,57.851421132469966,17.446120500564575,33.6675763130188,51.113696813583374,796,0.3587450990744401,0,0,TRUE,pair,398,7.652956299221842,5.782888062789628,70,0,7.4296482412060305,7.652956299221842,0.8411302007734776,8.5115192985686,cpu,cuda:0,0,670.4658203,40
3942,1,DDT1200_num100.txt,fixed,2907,8,363.375,17.6630802154541,15.86041259765625,8.740569683141075e-06,0.27999999999999997,0.04131139018760677,0.5174999833106995,0.0476313978433609,0.44999998807907104,0.5799999833106995,-0.040675725,-0.029896287,0.0002776018722215667,1.0918241024017334,0.01561117465607822,0.06288800872862339,0.0003,386,414,83.75688867,15.888441562652588,18.819151401519775,34.70759296417236,784,0.34190599955036305,0,0,TRUE,pair,395,6.694787199929124,6.128654970145119,80,0,7.359493670886076,6.694787199929124,0.756159601121908,8.031607801560313,cpu,cuda:0,0,670.4638672,41
3943,1,DDT1200_num100.txt,fixed,3006,8,375.75,9.627434730529785,16.7537841796875,6.8770432335441e-06,0.92,0.04155114584953808,0.5575000047683716,0.01854049414396286,0.5199999809265137,0.5799999833106995,-0.021487546,-0.010691659,0.00021487892647403188,1.0903325809372797,0.015943603415507823,0.07237965199682447,0.0003,354,446,87.68792505221322,16.780154943466187,17.500505685806274,34.28066062927246,773,0.3581329002045095,0,0,TRUE,pair,390,7.151821099978406,5.894876912444413,65,0,7.707692307692308,7.151821099978406,0.821951699530473,8.37699299940141,cpu,cuda:0,0,670.4658203,39
3944,1,DDT1200_num100.txt,fixed,2942,8,367.75,8.856494903564453,17.167490005493164,6.8770432335441e-06,0.18,0.038798641156683134,0.5112500190734863,0.03370366990566254,0.4699999988079071,0.5699999928474426,-0.067502381,-0.056258324,0.0002701612525429069,1.137913855639371,0.011512262220176954,0.06425437255000527,0.0003,391,409,78.96749028583726,17.19414186477661,20.06169581413269,37.2558376789093,805,0.4907277001766488,0,0,TRUE,pair,378,7.258922600012738,6.166553364652586,55,0,7.783068783068783,7.258922600012738,0.847772399749374,8.645554500602884,cpu,cuda:0,0,670.4638672,42
3945,1,DDT1200_num100.txt,fixed,2935,8,366.875,16.17434310913086,17.291641235351562,8.635888661956415e-06,0.12,0.030633697681352132,0.5074999928474426,0.03526683896780014,0.4300000071525574,0.5400000214576721,0.05689528351649642,0.06824456388130784,0.0002438773535686778,1.1471222192049026,0.009104929864406586,0.04613854788476601,0.0003,394,406,94.38443895587534,17.325473308563232,13.770754337310791,31.096227645874023,797,0.3733449001738336,0,0,TRUE,pair,392,7.6429295001144055,5.993526405207749,55,0,7.487244897959184,7.6429295001144055,0.8461290994018782,8.389105599169852,cpu,cuda:0,0,670.4638672,43
3946,1,DDT1200_num100.txt,fixed,2938,8,367.25,16.384061813354492,15.532118797302246,9.331886758445762e-06,-0.02,0.023881992789574695,0.4987500011920929,0.05555121600627899,0.4099999964237213,0.5799999833106995,-0.170300824,-0.159482859,0.0001719445026537869,1.0903936624526978,0.009301027021137998,0.03792678262107074,0.0003,401,399,124.8207564958023,15.560802459716797,7.976949453353882,23.53775191307068,799,0.3593211004626937,0,0,TRUE,pair,387,6.354217300191522,5.971068753280796,80,0,7.59173126614987,6.354217300191522,0.7142136998299975,8.095407499262365,cpu,cuda:0,0,670.4638672,44
3947,1,DDT1200_num100.txt,fixed,2918,8,364.75,15.352117538452148,15.573722839355469,8.000355592230335e-06,0.05999999999999999,0.020901084616828578,0.5037500262260437,0.05498579144477844,0.4099999964237213,0.5799999833106995,0.0023966886103153227,0.012922782823443413,0.0002862350782379508,1.0669218480587006,0.01836851384723559,0.06968953842297196,0.0003,397,403,78.04847805303207,15.602036476135254,21.78498339653015,37.387019872665405,793,0.35355769994203,0,0,TRUE,pair,390,6.41647760005435,5.5503769713448206,45,0,7.482051282051282,6.41647760005435,0.721942000411218,8.063459998229519,cpu,cuda:0,0,670.4638672,45
3948,1,DDT1200_num100.txt,fixed,2914,8,364.25,17.85181999206543,15.507163047790527,7.562041901110206e-06,-0.04,0.021839782199253772,0.4974999725818634,0.06495189666748047,0.3799999952316284,0.5899999737739563,-0.229585275,-0.21854617,0.00022570224100491033,1.1151954650878906,0.017405995150329544,0.06049134321510792,0.0003,402,398,116.90660379308508,15.538902521133423,9.386977672576904,24.925880193710327,797,0.35202739975648,0,0,TRUE,pair,390,6.458962600037921,5.820864790624842,70,0,7.471794871794872,6.458962600037921,0.7117545987421181,7.967958698922303,cpu,cuda:0,0,670.4638672,46
3949,1,DDT1200_num100.txt,fixed,3050,8,381.25,17.612140655517578,18.467914581298828,2.6299632736481726e-05,0.66,0.030980815796699628,0.5412499904632568,0.06173279136419296,0.4399999976158142,0.6100000143051147,-0.043234712,-0.032574393,0.0002632257953033938,1.0791932841142018,0.010217976775796464,0.05050437206712862,0.0003,367,433,75.67589765407641,18.49677085876465,21.806682348251343,40.30345320701599,782,0.37667089950991794,0,0,TRUE,pair,409,8.115788000024622,5.665573769319253,60,0,7.45721271393643,8.115788000024622,0.9732453996839467,8.922616899682907,cpu,cuda:0,0,670.46630859375,48
3950,1,DDT1200_num100.txt,fixed,2889,8,361.125,14.5982666015625,16.007884979248047,9.512871656625066e-06,0.07999999999999999,0.03203719615778603,0.5049999952316284,0.04444098472595215,0.44999998807907104,0.6000000238418579,0.10087278733650844,0.11184602479139964,0.0002962037882146736,1.1121337016423543,0.013414859616508087,0.04296875,0.0003,396,404,116.10662714292303,16.03469228744507,8.8476083278656,24.88230061531067,763,0.4389374994498212,0,0,TRUE,pair,390,6.813544700387865,5.900657666765229,55,0,7.407692307692308,6.813544700387865,0.7531089991971385,8.064276200078893,cpu,cuda:0,0,670.4638672,48
3951,1,DDT1200_num100.txt,fixed,2984,8,373,11.683320999145508,17.8405818939209,8.176054507202934e-06,0.42,0.029505330086030835,0.5262500047683716,0.04029189422726631,0.46000000834465027,0.5899999737739563,0.012604117455581824,0.023554702258358397,0.00022267795817848917,1.1061924616495769,0.010098074295092374,0.060070571644852556,0.0003,379,421,61.04060622917577,17.868781328201294,31.016709566116333,48.88549089431763,798,0.3779253998363856,0,0,TRUE,pair,387,7.768662799964659,5.766420910809059,50,0,7.710594315245478,7.768662799964659,0.881428100168705,8.767333799652988,cpu,cuda:0,0,670.4658203,50
3952,1,DDT1200_num100.txt,fixed,2878,8,359.75,20.58367156982422,15.813035011291504,1.0608957381919026e-05,-0.18,0.024888971160424118,0.48875001072883606,0.05797359347343445,0.36000001430511475,0.550000011920929,-0.026759641,-0.015984861,0.0003087003991822712,1.0929132759571076,0.01153013656148687,0.054769160645082596,0.0003,409,391,79.6866705431313,15.841700553894043,20.27475380897522,36.11645436286926,807,0.4585870995360892,0,0,TRUE,pair,384,6.576091099646874,5.781445448973512,50,0,7.494791666666667,6.576091099646874,0.7497500985336956,8.106714499386726,cpu,cuda:0,0,670.46337890625,50
3953,1,DDT1200_num100.txt,fixed,2927,8,365.875,15.870078086853027,15.599455833435059,1.5236420949804597e-05,0.4,0.02818754828560581,0.5249999761581421,0.0353553406894207,0.46000000834465027,0.5699999928474426,0.02223844500258565,0.03296190562347571,0.00023472837347071618,1.0840826829274495,0.009710416479113823,0.05732112212313546,0.0003,380,420,87.4778749212801,15.629809617996216,17.830079555511475,33.45988917350769,780,0.3599917992542032,0,0,TRUE,pair,385,6.402105499844765,5.6949094639404425,50,0,7.602597402597403,6.402105499844765,0.7234715002996381,8.016610600141576,cpu,cuda:0,0,670.4638672,50
3954,1,DDT1200_num100.txt,fixed,2956,8,369.5,13.847382545471191,16.538841247558594,7.68876816437114e-06,0.34,0.026039745177617014,0.5212500095367432,0.028034579008817673,0.4699999988079071,0.5600000023841858,-0.138596995,-0.128776662,0.00017106836603488773,0.9905871868133544,0.009681342216208578,0.04793710866943002,0.0003,383,417,117.07044329894143,16.56595754623413,8.683797359466553,25.249754905700684,775,0.35913829994387925,0,0,TRUE,pair,392,6.9999285000085365,5.699932341082009,70,0,7.540816326530612,6.9999285000085365,0.7617227997689042,8.391869899904123,cpu,cuda:0,0,670.4658203,52
3955,1,DDT1200_num100.txt,fixed,2915,8,364.375,16.822139739990234,17.422409057617188,9.270774171454832e-06,0.44,0.028669779219883063,0.5274999737739563,0.05584576353430748,0.4699999988079071,0.6399999856948853,-0.040003981,-0.029977961,0.0002653450439818418,1.0158692002296448,0.011410687159066303,0.049746392402224816,0.0003,378,422,61.66460637094478,17.450294733047485,29.8215548992157,47.271849632263184,786,0.3852424003125634,0,0,TRUE,pair,397,7.597478299896466,5.583533448379608,64,0,7.342569269521411,7.597478299896466,0.8215382002526894,8.598833299678518,cpu,cuda:0,0,670.4638672,52
3956,1,DDT1200_num100.txt,fixed,2889,8,361.125,11.274279594421387,17.48427391052246,7.008046395640122e-06,0.16,0.02762667318567003,0.5099999904632568,0.039370037615299225,0.44999998807907104,0.5799999833106995,0.12075545266270638,0.1309286653995514,0.00015075053670443594,1.0248588174581528,0.012123695414629765,0.026762456633150578,0.0003,392,408,131.98004377273662,17.510334253311157,4.37933874130249,21.889672994613647,788,0.35767350051901303,0,0,TRUE,pair,386,7.700503399973968,5.84596746171705,55,0,7.484455958549223,7.700503399973968,0.8917528007004876,8.467105599382194,cpu,cuda:0,0,519.47021484375,48
3957,1,DDT1200_num100.txt,fixed,2948,8,368.5,10.234745025634766,15.841983795166016,7.160500445024809e-06,0.36,0.02572538458971408,0.5224999785423279,0.031523801386356354,0.4699999988079071,0.5699999928474426,-0.015720092,-0.005562503,0.0002378185560122471,1.027649993246252,0.01623813011048531,0.06418258256532929,0.0003,382,418,73.53453649317854,15.869364261627197,24.220641613006592,40.09000587463379,774,0.3381186996703036,0,0,TRUE,pair,384,6.849352300021565,5.538670285505065,55,0,7.677083333333333,6.849352300021565,0.7412695996754337,7.882358300033957,cpu,cuda:0,0,670.4658203,43
3958,1,DDT1200_num100.txt,fixed,2906,8,363.25,19.29863929748535,16.558055877685547,1.206313208967913e-05,0.33999999999999997,0.027110059297380952,0.5212500095367432,0.044843483716249466,0.44999998807907104,0.6100000143051147,-0.081865225,-0.071712566,0.000228967604925856,1.0267142901817958,0.010924460288758079,0.06305582541972399,0.0003,383,417,80.62915703981766,16.590434789657593,19.451117753982544,36.04155254364014,799,0.3605615003325511,0,0,TRUE,pair,381,7.253676400287077,5.536132138758303,60,0,7.6272965879265096,7.253676400287077,0.7972855014668312,8.121083498641383,cpu,cuda:0,0,670.4638672,42
3959,1,DDT1200_num100.txt,fixed,3021,8,377.625,13.462331771850586,17.01647186279297,8.84401197254192e-06,0.62,0.03267117698664899,0.5387499928474426,0.03059309348464012,0.5099999904632568,0.5899999737739563,-0.030843532,-0.021457278,0.00020733270139317028,0.9489921778440475,0.011067299397836905,0.04253930505365133,0.0003,369,431,123.3454677531912,17.063844203948975,7.428340673446655,24.49218487739563,794,0.43905009992886335,0,0,TRUE,pair,391,7.21907760045724,5.628268785407235,75,0,7.726342710997442,7.21907760045724,0.8281401999120135,8.558437499799766,cpu,cuda:0,0,670.46630859375,42
3960,1,DDT1200_num100.txt,fixed,2957,8,369.625,15.255634307861328,17.853757858276367,8.71451720740879e-06,0.92,0.03440696427391825,0.5575000047683716,0.04380354657769203,0.5099999904632568,0.6299999952316284,0.006601225584745407,0.016348350053054413,0.00020566434977808967,0.9849957057407924,0.014015586381512029,0.06300027615257672,0.0003,354,446,98.65915978578035,17.884931087493896,12.086943864822388,29.971874952316284,782,0.3572770000610035,0,0,TRUE,pair,394,8.042026700306451,5.542103484146975,80,0,7.50507614213198,8.042026700306451,0.8938745002087671,8.491786498983856,cpu,cuda:0,0,670.4658203,41
3961,1,DDT1200_num100.txt,fixed,2975,8,371.875,17.156904220581055,17.2438907623291,1.0446979104017373e-05,0.5,0.03844806862337729,0.53125,0.033703673630952835,0.4699999988079071,0.5799999833106995,0.05404468011111021,0.06398147083818913,0.00015214857266983018,1.0012865781784057,0.01300995594356209,0.06562673784792424,0.0003,375,425,121.68703446293836,17.27098846435547,7.176973581314087,24.447962045669556,806,0.38082030005170964,0,0,TRUE,pair,395,7.4279765002429485,5.498151260383991,55,0,7.531645569620253,7.4279765002429485,0.8368250000639819,8.567942301073344,cpu,cuda:0,0,670.4658203,40
3962,1,DDT1200_num100.txt,fixed,2953,8,369.125,6.584783554077148,17.124753952026367,6.397441666194936e-06,0.62,0.03907044841052496,0.5387499928474426,0.018328603357076645,0.5099999904632568,0.5699999928474426,0.0300938775180839,0.04004317568615079,0.00019997276626781968,1.0049284659326077,0.013298500853125006,0.0699279853142798,0.0003,369,431,63.065032462699456,17.156557083129883,29.668123483657837,46.82468056678772,774,0.3469593002810143,0,0,TRUE,pair,377,7.436602099623997,5.60514730830698,80,0,7.83289124668435,7.436602099623997,0.8192498999997042,8.471071099047549,cpu,cuda:0,0,670.4658203,40
3963,1,DDT1200_num100.txt,fixed,3025,8,378.125,11.666592597961426,15.974581718444824,8.831148079480045e-06,0.7,0.03688889891394667,0.543749988079071,0.042407989501953125,0.4699999988079071,0.6000000238418579,-0.013512622,-0.003710792,0.0002143837627954781,0.9909021637656472,0.012775212388739667,0.0484164184467359,0.0003,365,435,82.43008190260815,16.003978729248047,20.69378900527954,36.69776773452759,794,0.44694630010053515,0,0,TRUE,pair,399,6.4211841998039745,5.5295867773324,70,0,7.5814536340852134,6.4211841998039745,0.728007399069611,8.447707299055764,cpu,cuda:0,0,670.46630859375,39
3964,1,DDT1200_num100.txt,fixed,2955,8,369.375,11.444840431213379,16.876493453979492,8.231485480791889e-06,0.24000000000000002,0.037098825401373305,0.5149999856948853,0.02500000037252903,0.47999998927116394,0.5600000023841858,-0.0137877,-0.003363626,0.00016746390429034363,1.050780527293682,0.011995193955954164,0.07221607537940145,0.0003,388,412,87.84093763009588,16.907428979873657,16.732922315597534,33.64035129547119,793,0.4468415994779207,0,0,TRUE,pair,393,7.1616776001174,5.792216582306347,50,0,7.519083969465649,7.1616776001174,0.8051924984320067,8.503995600534836,cpu,cuda:0,0,670.4658203,42
3965,1,DDT1200_num100.txt,fixed,3004,8,375.5,14.585951805114746,15.944331169128418,7.410178113786969e-06,0.5,0.03898102569547694,0.53125,0.04342738538980484,0.47999998927116394,0.6200000047683716,-0.02094909,-0.011469136,0.00022773239793928547,0.9593820836808946,0.013160398824968271,0.08077740069064829,0.0003,375,425,85.5497968590337,15.97072434425354,19.143327474594116,35.114051818847656,793,0.3482899008668028,0,0,TRUE,pair,395,6.777057199884439,5.0206391485966,60,0,7.60506329113924,6.777057199884439,0.7149626007885672,8.084634800237836,cpu,cuda:0,0,670.4658203,42
3966,1,DDT1200_num100.txt,fixed,3008,8,376,11.532562255859375,17.009841918945312,9.5367431640625e-06,0.64,0.03697184819044047,0.5400000214576721,0.0403112918138504,0.4699999988079071,0.6100000143051147,0.023324604400179604,0.033128543333573776,0.0002156163258901374,0.991174724968997,0.01183044484985823,0.06380779296159744,0.0003,368,432,79.30957726748187,17.039723873138428,20.88759970664978,37.92732357978821,801,0.3607196003140416,0,0,TRUE,pair,394,7.301269299496198,5.652593083996722,50,0,7.634517766497462,7.301269299496198,0.8165226995188277,8.480406400340144,cpu,cuda:0,0,670.4658203,45
3967,1,DDT1200_num100.txt,fixed,2951,8,368.875,12.564209938049316,17.234275817871094,7.776979146001395e-06,0.4,0.0363652504868702,0.5249999761581421,0.04153312370181084,0.44999998807907104,0.5699999928474426,-0.040506343,-0.030607216,0.0002669836683101797,1.0032615502675375,0.010263348386312524,0.05528364858279625,0.0003,380,420,59.066280441932385,17.263139963150024,32.697683334350586,49.96082329750061,781,0.36632649990497157,0,0,TRUE,pair,391,7.589448899816489,5.568620806627457,50,0,7.547314578005115,7.589448899816489,0.8962149004801176,8.321879500028444,cpu,cuda:0,0,670.4658203,48
3968,1,DDT1200_num100.txt,fixed,2937,8,367.125,13.308244705200195,15.29378604888916,6.75191995469504e-06,0.6,0.038328269422419625,0.5375000238418579,0.03665720298886299,0.44999998807907104,0.5699999928474426,0.002289440275894271,0.012539630548821555,0.0002448976851559968,1.037264217933019,0.014209997898433357,0.07498576587790416,0.0003,370,430,59.328169145137174,15.321647882461548,34.182660818099976,49.50430870056152,780,0.33443319995421916,0,0,TRUE,pair,392,6.191353899950627,5.529451821424298,48,0,7.49234693877551,6.191353899950627,0.6971674996602815,8.041275101044448,cpu,cuda:0,0,670.4638672,49
3969,1,DDT1200_num100.txt,fixed,2884,8,360.5,15.913830757141113,16.086326599121094,7.950464350869879e-06,0.34,0.03695703453357589,0.5212500095367432,0.05109734088182449,0.41999998688697815,0.6000000238418579,-0.052556365,-0.042230078,0.00025518522882824374,1.0453880925973256,0.013106391260710856,0.06535394660507639,0.0003,383,417,76.86733045305782,16.113190412521362,21.405999898910522,37.519190311431885,797,0.3603249001316726,0,0,TRUE,pair,383,6.8019901000661775,5.675797503178064,60,0,7.530026109660574,6.8019901000661775,0.7448758007376455,8.117255100107286,cpu,cuda:0,0,670.4638672,49
3970,1,DDT1200_num100.txt,fixed,2956,8,369.5,18.828170776367188,17.208524703979492,7.47889862395823e-06,0.66,0.038622410514777716,0.5412499904632568,0.06273704767227173,0.4000000059604645,0.6299999952316284,-0.058738797,-0.048589225,0.00024467334411123635,1.027190740619387,0.010721826027812702,0.061066588919077604,0.0003,367,433,67.947995819638,17.249393701553345,26.254464864730835,43.50385856628418,790,0.37200149975251406,0,0,TRUE,pair,390,7.656196900003124,5.48985114996101,55,0,7.579487179487179,7.656196900003124,0.8077351004467346,8.300647699652473,cpu,cuda:0,0,670.4658203,51
3971,1,DDT1200_num100.txt,fixed,2986,8,373.25,12.646639823913574,15.815168380737305,6.92645971867023e-06,0.26,0.038502372631625696,0.5162500143051147,0.04608077555894852,0.4399999976158142,0.6000000238418579,-0.003130519,0.007671918021515012,0.00022685479234496597,1.0915866568684578,0.012975191719306167,0.04125780216418207,0.0003,387,413,90.00382829490049,15.844162225723267,17.332204341888428,33.176366567611694,793,0.3482478997320868,0,0,TRUE,pair,393,6.688299100060249,5.88881446751507,55,0,7.597964376590331,6.688299100060249,0.705283800867619,8.020367000659462,cpu,cuda:0,0,670.4658203,51
3972,1,DDT1200_num100.txt,fixed,2933,8,366.625,13.619264602661133,16.016202926635742,8.792442713456694e-06,0.44,0.03451650399427635,0.5274999737739563,0.03929058834910393,0.4699999988079071,0.6000000238418579,-0.072696332,-0.062158468,0.00023998847852150598,1.0657857338587442,0.010159860582401354,0.06501384613414606,0.0003,378,422,68.68327250718713,16.043402194976807,26.659862995147705,42.70326519012451,793,0.3518268998886924,0,0,TRUE,pair,392,6.700884499965468,5.774974427042745,45,0,7.482142857142857,6.700884499965468,0.7233752998290583,8.172923700185493,cpu,cuda:0,0,670.4638672,51
3973,1,DDT1200_num100.txt,fixed,2943,8,367.875,16.236051559448242,16.629674911499023,9.88790543487994e-06,0.32,0.036548560606926524,0.5199999809265137,0.032403700053691864,0.49000000953674316,0.5699999928474426,-0.079738124,-0.069727956,0.0002545808404517759,1.0137460785252708,0.010299189727187954,0.05770116898098162,0.0003,384,416,69.62933363795254,16.657283306121826,25.60938572883606,42.266669034957886,775,0.346274300100049,0,0,TRUE,pair,390,7.234401399793569,5.757730207879082,60,0,7.546153846153846,7.234401399793569,0.7825171008880716,8.177042599883862,cpu,cuda:0,0,670.4638672,52
3974,1,DDT1200_num100.txt,fixed,2874,8,359.25,13.122023582458496,15.741191864013672,9.003261766338255e-06,0.039999999999999994,0.038790540573652395,0.5024999976158142,0.018540484830737114,0.4699999988079071,0.5199999809265137,-0.034105392,-0.024042341,0.0002672722310105908,1.0196685989697774,0.011893756700576179,0.0651034363028076,0.0003,398,402,53.75446070422995,15.766456842422485,37.69887351989746,53.465330362319946,782,0.3632172000652645,0,0,TRUE,pair,374,6.549884100037161,5.85594989607213,65,0,7.684491978609626,6.549884100037161,0.7147585996426642,8.106929499626858,cpu,cuda:0,0,670.46337890625,45
3975,1,DDT1200_num100.txt,fixed,2894,8,361.75,10.021851539611816,15.965221405029297,6.835589829279343e-06,-0.06,0.03818235412437435,0.4962500035762787,0.028256628662347794,0.4300000071525574,0.5199999809265137,-0.002090773,0.00825175259281726,0.0003023808797782597,1.049371639887492,0.01444605197563457,0.07846186387663086,0.0003,403,397,100.42952549251714,15.995367050170898,12.820859909057617,28.816226959228516,799,0.3607210994232446,0,0,TRUE,pair,374,6.835280799627071,5.876641326224137,65,0,7.737967914438503,6.835280799627071,0.7699297000363003,7.981857500621118,cpu,cuda:0,0,670.4638672,44
3976,1,DDT1200_num100.txt,fixed,2927,8,365.875,24.609132766723633,16.139835357666016,1.225016876560403e-05,0.38,0.04099432988093677,0.5237500071525574,0.06081477925181389,0.38999998569488525,0.5899999737739563,-0.064180913,-0.054246879,0.0003014068861375563,1.008473868171374,0.01016983759473078,0.04383348238964876,0.0003,381,419,71.79564232251917,16.168241262435913,24.600249767303467,40.76849102973938,780,0.3430947001033928,0,0,TRUE,pair,396,6.966851600125665,5.709941917936836,45,0,7.391414141414141,6.966851600125665,0.758979499223642,8.038677099801134,cpu,cuda:0,0,670.4638672,42
3977,1,DDT1200_num100.txt,fixed,2934,8,366.75,9.483538627624512,15.972390174865723,7.871424713812303e-06,-0.02,0.042984082315949634,0.4987500011920929,0.038222212344408035,0.4300000071525574,0.550000011920929,-0.029187259,-0.01926234,0.0002920324986916967,1.0070935358171877,0.01331456873120497,0.07310245809671671,0.0003,401,399,47.336583924786375,16.002987384796143,45.97867155075073,61.981658935546875,791,0.35675140016246587,0,0,TRUE,pair,382,6.797224500274751,5.644171779791189,50,0,7.680628272251309,6.797224500274751,0.7366430978872813,8.06065479919198,cpu,cuda:0,0,670.4638672,40
3978,1,DDT1200_num100.txt,fixed,2999,8,374.875,16.52602195739746,17.203723907470703,7.776979146001395e-06,0.68,0.03848714870855497,0.5424999594688416,0.0396074503660202,0.47999998927116394,0.5899999737739563,-0.030776862,-0.021288227,0.00022199339982762468,0.9599629878997803,0.010215402586618438,0.06658095961902291,0.0003,366,434,53.856835359902625,17.238328218460083,38.44633984565735,55.68466806411743,774,0.4635367003502324,0,0,TRUE,pair,399,7.447380900353892,5.504501500301418,48,0,7.516290726817043,7.447380900353892,0.812399299669778,8.539209700975334,cpu,cuda:0,0,670.4658203,41
3979,1,DDT1200_num100.txt,fixed,2902,8,362.75,13.207478523254395,15.902135848999023,9.015880095830653e-06,0.28,0.03769905683839445,0.5174999833106995,0.03344772383570671,0.4699999988079071,0.5600000023841858,-0.057365101,-0.047201119,0.00020735957878059708,1.0267658233642578,0.008715330667785435,0.05959905817040375,0.0003,386,414,69.64482851737813,15.930017948150635,25.738546133041382,41.66856408119202,772,0.3532571999821812,0,0,TRUE,pair,382,6.645626800018363,5.847002066800218,65,0,7.596858638743456,6.645626800018363,0.7376757999008987,8.143162000051234,cpu,cuda:0,0,670.4638672,41
3980,1,DDT1200_num100.txt,fixed,2913,8,364.125,16.810989379882812,16.90738296508789,1.0092740012623835e-05,0.15999999999999998,0.03705705517570617,0.5099999904632568,0.06123724579811096,0.3799999952316284,0.6000000238418579,-0.031879957,-0.021539959,0.00023133684544518474,1.0455664545297623,0.01836869759426918,0.05413237866014242,0.0003,392,408,90.0721233541169,16.938873767852783,15.401875972747803,32.340749740600586,795,0.5103057996893767,0,0,TRUE,pair,388,7.265727299818536,5.698935803620627,50,0,7.507731958762887,7.265727299818536,0.8099739996541757,8.427166100707836,cpu,cuda:0,0,670.4638672,42
3981,1,DDT1200_num100.txt,fixed,2909,8,363.625,11.757311820983887,15.643309593200684,8.203816832974553e-06,0.09999999999999999,0.033199696271462874,0.5062500238418579,0.04181431978940964,0.4300000071525574,0.5600000023841858,-0.121037018,-0.110938049,0.0002984748302529064,1.024820680801685,0.008852816831607085,0.05093940290120932,0.0003,395,405,77.29486641718273,15.67096471786499,21.96413493156433,37.63509964942932,811,0.43086760019650683,0,0,TRUE,pair,378,6.5769909997761715,5.579924372554686,52,0,7.695767195767195,6.5769909997761715,0.7088891993626021,7.995487400417915,cpu,cuda:0,0,670.4638672,43
3982,1,DDT1200_num100.txt,fixed,2972,8,371.5,14.974979400634766,17.488698959350586,9.12243194761686e-06,0.38,0.037248985319461,0.5237500071525574,0.048717934638261795,0.44999998807907104,0.5899999737739563,-0.088005927,-0.078016836,0.0002431287435616401,1.0110652711656358,0.009913879412191885,0.07254192429698175,0.0003,381,419,43.280340934665084,17.515721082687378,51.15286922454834,68.66859030723572,804,0.3843021996144671,0,0,TRUE,pair,405,7.598074499837821,5.508075369559579,60,0,7.338271604938272,7.598074499837821,0.8066927987965755,8.678772599319927,cpu,cuda:0,0,670.4658203,46
3983,1,DDT1200_num100.txt,fixed,2848,8,356,17.993053436279297,15.509897232055664,9.458939530304633e-06,1.734723475976807e-18,0.03204356307310495,0.5,0.04062018170952797,0.4399999976158142,0.5899999737739563,-0.057589113,-0.047616611,0.00021312551949189844,1.007906551871981,0.010249092414077106,0.05917601363866457,0.0003,400,400,67.91665090997132,15.541592121124268,26.392159938812256,41.93375205993652,787,0.34584629943128675,0,0,TRUE,pair,394,6.708960899908561,5.8251404498986314,65,0,7.228426395939087,6.708960899908561,0.7107380995294079,7.730877499911003,cpu,cuda:0,0,670.46337890625,48
3984,1,DDT1200_num100.txt,fixed,2847,8,355.875,10.337281227111816,16.412702560424805,6.641573236265685e-06,-0.12,0.028715854925258466,0.4925000071525574,0.051417406648397446,0.3799999952316284,0.5699999928474426,-0.046263688,-0.036150468,0.0003437211804945643,1.0285082737604776,0.012942159874364733,0.07096773982048035,0.0003,406,394,62.248243713981864,16.43889546394348,29.297334671020508,45.73623013496399,785,0.36315869973623194,0,0,TRUE,pair,374,6.989538300345885,5.659992974810237,65,0,7.612299465240642,6.989538300345885,0.7804243004356977,8.255056501133367,cpu,cuda:0,0,670.46337890625,49
3985,1,DDT1200_num100.txt,fixed,2921,8,365.125,20.769193649291992,15.975696563720703,1.0731484508141875e-05,0.18,0.02379914070829887,0.5112500190734863,0.039508700370788574,0.46000000834465027,0.5799999833106995,-0.022079332,-0.01202701,0.00032595180554953576,1.0215299835911504,0.011063044851956269,0.07561303523403627,0.0003,391,409,41.654394582183805,16.01093029975891,54.11372351646423,70.12465381622314,790,0.3408130992902443,0,0,TRUE,pair,395,6.697341600083746,5.68093118750041,70,0,7.39493670886076,6.697341600083746,0.7329651996260509,8.173295100365067,cpu,cuda:0,0,670.4638672,51
3986,1,DDT1200_num100.txt,fixed,3024,8,378,10.700467109680176,16.191469192504883,7.5394573286757804e-06,0.8200000000000001,0.024442317299958778,0.5512499809265137,0.018328601494431496,0.5199999809265137,0.5799999833106995,-0.001656011,0.008476532463516508,0.0001842722392341654,1.022468055997576,0.009689764585345984,0.06729785060243947,0.0003,359,441,73.0817992373448,16.218122243881226,25.16016936302185,41.378291606903076,776,0.33468279970111325,0,0,TRUE,pair,395,6.748331699840492,5.54464285690633,60,0,7.6556962025316455,6.748331699840492,0.7269137988623697,8.336295200744644,cpu,cuda:0,0,670.46630859375,50
3987,1,DDT1200_num100.txt,fixed,2855,8,356.875,13.559475898742676,16.816776275634766,2.2868307496537454e-05,0.22,0.026743006618118865,0.5137499570846558,0.03276336193084717,0.4699999988079071,0.550000011920929,-0.064932248,-0.054794801,0.00021935529902724452,1.0247124370775724,0.013997694673506837,0.07656320507981275,0.0003,389,411,48.89386257535102,16.85011124610901,41.54167556762695,58.39178681373596,777,0.3684171003405936,0,0,TRUE,pair,375,7.414492200216046,5.774430822449265,55,0,7.613333333333333,7.414492200216046,0.7973334996786434,8.209323601186043,cpu,cuda:0,0,670.46337890625,51
3988,1,DDT1200_num100.txt,fixed,3031,8,378.875,15.422690391540527,16.866085052490234,8.286546290037222e-06,0.82,0.029342332327282943,0.5512499809265137,0.053953103721141815,0.4399999976158142,0.6399999856948853,-0.044646755,-0.034937213,0.00021253249451547163,0.9815807975828648,0.014045647123566596,0.07640349422581494,0.0003,359,441,64.35870554581322,16.894450426101685,30.200965404510498,47.09541583061218,782,0.3413177000475116,0,0,TRUE,pair,401,7.36410429989337,5.232596503944926,55,0,7.55860349127182,7.36410429989337,0.7798389994422905,8.326943700260017,cpu,cuda:0,0,670.46630859375,45
3989,1,DDT1200_num100.txt,fixed,2830,8,353.75,19.207746505737305,16.53736114501953,7.356285550486064e-06,0.16,0.02737376232821488,0.5099999904632568,0.051961518824100494,0.4300000071525574,0.5699999928474426,-0.076727856,-0.066776818,0.00032710626653983797,1.0114590588368868,0.013685955702768345,0.07560308326623942,0.0003,392,408,48.527743443473945,16.566147565841675,41.75100874900818,58.31715631484985,750,0.3505132000136655,0,0,TRUE,pair,379,7.294674100616248,5.428621907368987,55,0,7.467018469656992,7.294674100616248,0.7834391010401305,8.077404599433066,cpu,cuda:0,0,670.46337890625,42
3990,1,DDT1200_num100.txt,fixed,2966,8,370.75,19.967161178588867,17.090055465698242,6.942853815417038e-06,0.56,0.026404857891053988,0.5349999666213989,0.06264982372522354,0.41999998688697815,0.6200000047683716,-0.073330429,-0.063578137,0.00031089356101195637,0.9907737175623575,0.010741930406463021,0.06916781639059384,0.0003,372,428,72.29246520831902,17.12067675590515,23.90711212158203,41.02778887748718,776,0.35371460000169463,0,0,TRUE,pair,391,7.312910700245993,5.281523939932993,80,0,7.585677749360614,7.312910700245993,0.8408313998370431,8.526284599560313,cpu,cuda:0,0,670.4658203,42
3991,1,DDT1200_num100.txt,fixed,3012,8,376.5,15.35415267944336,15.823904037475586,8.409115253016353e-06,0.74,0.035611084835461555,0.5462499856948853,0.023946557193994522,0.5199999809265137,0.5899999737739563,-0.039079132,-0.029236103,0.0002415843644904761,0.9963820760066693,0.01060636697981793,0.06492019100831105,0.0003,363,437,70.866697001568,15.850889444351196,26.65144419670105,42.502333641052246,779,0.33823339990340173,0,0,TRUE,pair,398,6.561139300261857,5.245019920239569,60,0,7.567839195979899,6.561139300261857,0.7484491002105642,8.132180099462857,cpu,cuda:0,0,670.46630859375,41
3992,1,DDT1200_num100.txt,fixed,2933,8,366.625,17.153261184692383,15.99024486541748,9.530780516797677e-06,0.38,0.0346190118901305,0.5237499475479126,0.04608077183365822,0.4699999988079071,0.6000000238418579,-0.006258441,0.003209146537951061,0.00029290549615065435,0.9614040340696063,0.007208344127450671,0.03838029517126935,0.0003,381,419,92.17458665031157,16.01854395866394,15.801506519317627,31.820050477981567,776,0.3473231995012611,0,0,TRUE,pair,397,6.664057599933585,5.263211729093253,55,0,7.3879093198992445,6.664057599933585,0.7328297991189174,8.218776002089726,cpu,cuda:0,0,670.4638672,40
3993,1,DDT1200_num100.txt,fixed,2940,8,367.5,13.856406211853027,16.694629669189453,7.864199687901419e-06,0.16,0.03318601333743262,0.5099999904632568,0.055901698768138885,0.44999998807907104,0.6299999952316284,-0.082338687,-0.072860399,0.00026681204187861153,0.961169251373836,0.013421657545092915,0.06662582796776578,0.0003,392,408,53.48127000947029,16.72205352783203,38.250463008880615,54.97251653671265,782,0.3516632998071145,0,0,TRUE,pair,394,7.16499109994038,5.3982993204171965,54,0,7.461928934010152,7.16499109994038,0.7834678002400324,8.355411100172205,cpu,cuda:0,0,670.4638672,40
3994,1,DDT1200_num100.txt,fixed,2991,8,373.875,18.630870819091797,16.59250259399414,1.049041748046875e-05,0.7000000000000001,0.04267204074726153,0.543749988079071,0.04328322783112526,0.4699999988079071,0.6100000143051147,-0.016005967,-0.006629735,0.0002662367442098912,0.9509350309769312,0.012107832822948694,0.05406281569351753,0.0003,365,435,68.69511885998273,16.620466709136963,26.919744729995728,43.54021143913269,774,0.3536702001292724,0,0,TRUE,pair,396,7.100500600296073,5.286860581067684,65,0,7.553030303030303,7.100500600296073,0.7972426002088469,8.204747499519726,cpu,cuda:0,0,670.4658203,42
3995,1,DDT1200_num100.txt,fixed,3069,8,383.625,11.510185241699219,16.605106353759766,7.747687050141394e-06,1.08,0.049274276625783514,0.5674999356269836,0.03269173949956894,0.49000000953674316,0.6100000143051147,-0.082970817,-0.074109377,0.00023055041608379477,0.8976716724309054,0.011781384028092196,0.07430341587909921,0.0003,346,454,88.49010208220122,16.63599467277527,18.04585027694702,34.68184494972229,778,0.3629430999571923,0,0,TRUE,pair,408,6.965606900135754,5.026392961643775,50,0,7.522058823529412,6.965606900135754,0.7445608999987599,8.503542600403307,cpu,cuda:0,0,670.46630859375,44
3996,1,DDT1200_num100.txt,fixed,2989,8,373.625,15.531721115112305,15.906694412231445,8.863273251336068e-06,0.72,0.056578349707043576,0.5450000166893005,0.04358898848295212,0.4699999988079071,0.6000000238418579,-0.056322872,-0.047154609,0.0002484804891060949,0.9292504333314442,0.01305276699852021,0.07560503057071141,0.0003,364,436,55.58225574662002,15.932132244110107,37.84402275085449,53.7761549949646,760,0.48529169987887144,0,0,TRUE,pair,402,6.550229200045578,5.011040481447416,55,0,7.435323383084577,6.550229200045578,0.7166062009055167,8.263289899507072,cpu,cuda:0,0,670.4658203,46
3997,1,DDT1200_num100.txt,fixed,2979,8,372.375,12.618810653686523,16.611583709716797,8.503224307787605e-06,0.66,0.056056561989063204,0.5412499904632568,0.049355220049619675,0.44999998807907104,0.6100000143051147,-0.008603235,0.0007686251774430275,0.00025503501910861814,0.9499381110072136,0.014014328487974126,0.04958382184850052,0.0003,367,433,87.82635718485902,16.640137434005737,17.279065132141113,33.91920256614685,782,0.45669810005347244,0,0,TRUE,pair,395,7.019528999720933,5.266532392140081,56,0,7.541772151898734,7.019528999720933,0.8113548998662736,8.386930600478081,cpu,cuda:0,0,670.4658203,47
3998,1,DDT1200_num100.txt,fixed,3060,8,382.5,8.703447341918945,15.912917137145996,6.406321062968345e-06,1.16,0.05424554255849928,0.5725000500679016,0.02989565022289753,0.5099999904632568,0.6200000047683716,-0.008250606,0.0008005582188305102,0.0002088301679529985,0.9155578236830862,0.013995923501696731,0.06809871437910356,0.0003,342,458,53.28240413873547,15.944651126861572,41.48518991470337,57.42984104156494,769,0.3449567003408447,0,0,TRUE,pair,396,6.564064000034705,4.931045750932756,65,0,7.7272727272727275,6.564064000034705,0.7007573005976155,8.282807200186653,cpu,cuda:0,0,670.46630859375,50
3999,1,DDT1200_num100.txt,fixed,3088,8,386,10.839741706848145,17.436574935913086,7.356285550486064e-06,0.92,0.05619090345436878,0.5575000047683716,0.025372222065925598,0.5,0.5899999737739563,0.007168903325994809,0.01580790802836418,0.00021981489165530851,0.8748912115891775,0.011947135075590469,0.07037800974729988,0.0003,354,446,56.15642624892957,17.470953941345215,37.5183002948761,54.98925423622131,803,0.38138590022572316,0,0,TRUE,pair,400,7.510774199850857,4.723121761349199,45,0,7.72,7.510774199850857,0.7837881998857483,8.743759000761202,cpu,cuda:0,0,670.46826171875,51
