iteration,instance_id,instance_name,instance_selection,transitions,episode_count,episode_transition_mean,episode_transition_std,episode_seconds_mean,episode_seconds_std,reward,mean_return,fulfillment_rate_mean,fulfillment_rate_std,fulfillment_rate_min,fulfillment_rate_max,loss,policy_loss,value_loss,entropy,approx_kl,clip_fraction,learning_rate,discard_count,completion_count,steps_per_second,rollout_seconds,update_seconds,elapsed_seconds,fluid_solve_count,fluid_solve_seconds,fluid_cache_hit_count,fluid_fallback_count,sparse_attention_enabled,sparse_attention_scope,policy_forward_count,policy_forward_seconds,avg_action_tokens,max_action_tokens,padding_ratio,actor_batch_size_mean,policy_act_seconds,simulator_step_seconds,obs_build_seconds,rollout_device,update_device,cpu_memory_mb,gpu_memory_mb,gpu_temperature
0,1,DDT500_num50.txt,fixed,983,8,122.875,6.734936714172363,5.859370231628418,7.198109415185172e-06,-5.96,-0.136012205,0.1274999976158142,0.031523801386356354,0.07999999821186066,0.18000000715255737,0.08982574741045633,0.10393143097559611,0.004458782740402967,1.6335071325302124,0.0023893461445065136,0.023579691257327794,0.0003,349,51,36.838763270339776,5.872780084609985,20.811069011688232,26.683849096298218,526,0.32779329910408705,0,0,TRUE,pair,130,2.4652220990974456,6.492370297440678,44,0,7.561538461538461,2.4652220990974456,0.22704749915283173,3.043025401653722,cpu,cuda:0,0,327.6953125,47
1,1,DDT500_num50.txt,fixed,971,8,121.375,7.74495792388916,5.125422477722168,6.043334906280506e-06,-5.96,-0.217066655,0.1274999976158142,0.051901351660490036,0.03999999910593033,0.20000000298023224,0.029557146628697715,0.0434558113416036,0.005271032188708584,1.6534194469451904,0.000603613294272994,0.001085434202104807,0.0003,349,51,46.62430829887714,5.143343925476074,15.68270230293274,20.826046228408813,512,0.223188498406671,0,0,TRUE,pair,134,2.1995479993056506,7.049433570934496,60,0,7.246268656716418,2.1995479993056506,0.21051600377541035,2.5956615997711197,cpu,cuda:0,0,378.88916015625,47
2,1,DDT500_num50.txt,fixed,1027,8,128.375,6.362733364105225,5.771067142486572,6.600793767574942e-06,-5.4,-0.268982487,0.1625000238418579,0.041758231818675995,0.10000000149011612,0.2199999988079071,0.04994210402170817,0.0627813848356406,0.00554966910664613,1.5614113489786783,0.0024198422305441152,0.032650752427677315,0.0003,335,65,46.11421338895565,5.788091659545898,16.48170304298401,22.270790815353394,514,0.22549759806133807,0,0,TRUE,pair,137,2.6862139992881566,6.1022395309942254,40,0,7.4963503649635035,2.6862139992881566,0.20587169972714037,2.759175000246614,cpu,cuda:0,0,349.4150391,47
3,1,DDT500_num50.txt,fixed,918,8,114.75,6.609652042388916,4.922520160675049,1.0702312465582509e-05,-6.2,-0.372499942,0.11249999701976776,0.033071890473365784,0.05999999865889549,0.14000000059604645,-0.002658247,0.00842661460240682,0.01148131995772322,1.6825522184371948,0.0034616282316468033,0.03888192682837446,0.0003,355,45,41.68535638421811,4.943057537078857,17.07906436920166,22.022121906280518,519,0.3220400013960898,0,0,TRUE,pair,124,2.0271674999967217,7.148148149966155,75,0,7.403225806451613,2.0271674999967217,0.19214449962601066,2.594852699781768,cpu,cuda:0,0,325.60302734375,47
4,1,DDT500_num50.txt,fixed,941,8,117.625,6.927075386047363,4.561034679412842,6.1041673689032905e-06,-5.92,-0.433514203,0.12999999523162842,0.04242640733718872,0.05999999865889549,0.20000000298023224,-0.004949257,0.004424651215473811,0.013551315556590756,1.6149574120839436,0.0028614797124949594,0.027607846880952518,0.0003,348,52,45.34365355502618,4.580751180648804,16.17187738418579,20.752628564834595,506,0.20338519988581538,0,0,TRUE,pair,130,1.849171100067906,6.598299679923387,52,0,7.2384615384615385,1.849171100067906,0.1708830997813493,2.4380368002457544,cpu,cuda:0,0,338.61767578125,48
5,1,DDT500_num50.txt,fixed,1013,8,126.625,8.092241287231445,5.4864702224731445,5.778884769824799e-06,-5.56,-0.442310754,0.1524999886751175,0.022220488637685776,0.11999999731779099,0.18000000715255737,0.09516923576593399,0.10615628510713578,0.010342847714976717,1.6158474922180175,0.0019095985645738742,0.008564365282654762,0.0003,339,61,41.478264378043484,5.507658243179321,18.914771556854248,24.42242980003357,515,0.23106510052457452,0,0,TRUE,pair,137,2.3510968005284667,6.5468904254231735,50,0,7.394160583941606,2.3510968005284667,0.21817619970533997,2.789185799774714,cpu,cuda:0,0,407.3613281,48
6,1,DDT500_num50.txt,fixed,1003,8,125.375,7.532222270965576,5.7232666015625,6.825187483627815e-06,-5.92,-0.513826593,0.12999999523162842,0.026457512751221657,0.07999999821186066,0.1599999964237213,0.035973472396532695,0.04401338795820872,0.01573508616226415,1.5907453616460165,0.002607865274573366,0.024377430323511362,0.0003,348,52,39.46591557517461,5.743828535079956,19.670506477355957,25.414335012435913,519,0.2388002002844587,0,0,TRUE,pair,134,2.588214799412526,6.5872382834806285,45,0,7.485074626865671,2.588214799412526,0.22328939696308225,2.782042002188973,cpu,cuda:0,0,339.4980469,49
7,1,DDT500_num50.txt,fixed,992,8,124,5,5.321704864501953,5.9197946029598825e-06,-5.64,-0.555391397,0.14749999344348907,0.01984313689172268,0.11999999731779099,0.18000000715255737,0.07929327189922333,0.08490586280822754,0.021546833061923582,1.6386000871658326,0.004408343823160976,0.051289706863462924,0.0003,341,59,46.35626947343718,5.348016262054443,16.051462411880493,21.399478673934937,510,0.2350603013765067,0,0,TRUE,pair,133,2.217075000051409,6.9243951593675925,55,0,7.458646616541353,2.217075000051409,0.19433749944437295,2.7895747962174937,cpu,cuda:0,0,352.5849609,49
8,1,DDT500_num50.txt,fixed,942,8,117.75,6.398241996765137,5.610840797424316,2.6987676392309368e-05,-6.2,-0.556503325,0.11250000447034836,0.024366986006498337,0.05999999865889549,0.14000000059604645,0.008499963333209355,0.01394072026014328,0.02208556270537277,1.648354411125183,0.0034282926887196177,0.03678110965217153,0.0003,355,45,39.84399249184764,5.643977642059326,17.998231410980225,23.64220905303955,509,0.24798990029376,0,0,TRUE,pair,128,2.571964799775742,7.171974525583272,45,0,7.359375,2.571964799775742,0.24616000230889767,2.663001599139534,cpu,cuda:0,0,337.9160156,49
9,1,DDT500_num50.txt,fixed,996,8,124.5,8.440971374511719,6.004704475402832,5.413204235082958e-06,-5.2,-0.53825641,0.17500001192092896,0.03570714220404625,0.11999999731779099,0.2199999988079071,0.004413381218910217,0.011862174173196157,0.016681065782904625,1.5789329846700033,0.005901219439207731,0.0767372554478546,0.0003,330,70,41.74784576750761,6.024616003036499,17.831881999969482,23.857518434524536,514,0.239863199647516,0,0,TRUE,pair,142,2.694196200929582,6.506024096385542,72,0,7.014084507042254,2.694196200929582,0.2671845011645928,2.901725198607892,cpu,cuda:0,0,343.15576171875,49
10,1,DDT500_num50.txt,fixed,1010,8,126.25,10.08402156829834,5.458408832550049,7.3272512963740155e-06,-5.52,-0.546623932,0.1550000011920929,0.03278719633817673,0.10000000149011612,0.20000000298023224,0.04038465817769368,0.048753321170806885,0.015547389863058925,1.614234749476115,0.005530960726415893,0.07172467466443777,0.0003,338,62,43.10417821899303,5.476748466491699,17.954854726791382,23.43160319328308,499,0.22497519955504686,0,0,TRUE,pair,139,2.3381154994713143,6.78613861693014,50,0,7.266187050359712,2.3381154994713143,0.18841049820184708,2.8117378974566236,cpu,cuda:0,0,347.22509765625,49
11,1,DDT500_num50.txt,fixed,990,8,123.75,8.799858093261719,4.9107255935668945,7.342750450334279e-06,-5.56,-0.576852749,0.1525000035762787,0.03596873581409454,0.10000000149011612,0.20000000298023224,0.021695444981257122,0.029278647899627686,0.016919280650715032,1.6042834997177124,0.00442539087186257,0.05110973852376143,0.0003,339,61,45.01227664911127,4.929800033569336,17.064199686050415,21.99399971961975,503,0.2091663007158786,0,0,TRUE,pair,134,2.0809978005709127,6.694949491577919,45,0,7.388059701492537,2.0809978005709127,0.172844200511463,2.548457402852364,cpu,cuda:0,0,372.4824219,49
12,1,DDT500_num50.txt,fixed,995,8,124.375,7.74495792388916,6.337711811065674,7.668410034966655e-06,-5.48,-0.585005935,0.1574999988079071,0.030720515176653862,0.11999999731779099,0.2199999988079071,0.03499492506186167,0.042789342999458316,0.01606160756200552,1.582522439956665,0.004953566499170847,0.06793086457376679,0.0003,337,63,40.18291097923903,6.361908435821533,18.399861574172974,24.761770009994507,497,0.24725810124073178,0,0,TRUE,pair,137,3.0189245003275573,6.598994975113989,60,0,7.262773722627737,3.0189245003275573,0.24195570347364992,2.942379900952801,cpu,cuda:0,0,323.81787109375,49
13,1,DDT500_num50.txt,fixed,970,8,121.25,6.398241996765137,8.655438423156738,8.747070751269348e-06,-5.68,-0.620015201,0.14500001072883606,0.031224993988871574,0.10000000149011612,0.18000000715255737,0.03567517896493276,0.044168625275293985,0.016267552754531303,1.6627227624257406,0.004488747729919851,0.05487333244333665,0.0003,342,58,23.3482818161041,8.68565821647644,32.85915470123291,41.54481291770935,507,0.3003266020677984,0,0,TRUE,pair,132,2.7691831002011895,7.044329897153009,70,0,7.348484848484849,2.7691831002011895,0.3314411973115057,5.356615399708971,cpu,cuda:0,0,335.0322266,50
14,1,DDT500_num50.txt,fixed,1041,8,130.125,6.527585506439209,12.962804794311523,8.496536793245468e-06,-5.2,-0.600723093,0.17500001192092896,0.03968627005815506,0.07999999821186066,0.2199999988079071,0.02987947960694631,0.038892227907975516,0.012670411542057992,1.5347955465316772,0.0037195218241928766,0.047795775594810644,0.0003,330,70,21.94943247466517,12.999307870864868,34.42788648605347,47.427194356918335,516,0.3745493981987238,0,0,TRUE,pair,138,3.7744552994845435,6.346781937235485,72,0,7.543478260869565,3.7744552994845435,0.47471209871582687,8.442912500118837,cpu,cuda:0,0,389.2490234,51
15,1,DDT500_num50.txt,fixed,959,8,119.875,10.717247009277344,12.655455589294434,1.0315565305063501e-05,-5.32,-0.623268553,0.16749998927116394,0.039921797811985016,0.11999999731779099,0.23999999463558197,-0.012953461,-0.005844435,0.01734487128754457,1.5781461795171101,0.00371854096641376,0.03364051679770152,0.0003,333,67,23.534809617524324,12.697044134140015,28.05110788345337,40.748152017593384,491,0.3763109997380525,0,0,TRUE,pair,132,4.015136099886149,6.7632950940892895,50,0,7.265151515151516,4.015136099886149,0.5211760012898594,7.760849101352505,cpu,cuda:0,0,299.8066406,51
16,1,DDT500_num50.txt,fixed,1015,8,126.875,10.12962818145752,5.670210361480713,7.64428114052862e-06,-5.08,-0.567035906,0.1824999898672104,0.03799670934677124,0.10000000149011612,0.23999999463558197,-0.035854373,-0.028735901,0.016068286014099917,1.5152613004048665,0.0057937143991390865,0.06491830931045114,0.0003,327,73,45.718710961345,5.690007925033569,16.51096796989441,22.20097589492798,497,0.21700209996197373,0,0,TRUE,pair,140,2.5646063002059236,6.376354678158689,70,0,7.25,2.5646063002059236,0.22966299974359572,2.752928499598056,cpu,cuda:0,0,372.4638672,50
17,1,DDT500_num50.txt,fixed,1005,8,125.625,6.8179450035095215,4.9665846824646,9.07244611880742e-06,-5.12,-0.54837566,0.18000000715255737,0.03999999910593033,0.11999999731779099,0.23999999463558197,-0.016510185,-0.007890214,0.013915203201274077,1.557757266362508,0.008079226369348665,0.09869250779350598,0.0003,328,72,42.303573786083454,4.9893951416015625,18.767462968826294,23.756858110427856,501,0.21074979950208217,0,0,TRUE,pair,136,2.0338527996791527,6.726368157543353,70,0,7.389705882352941,2.0338527996791527,0.1827505003893748,2.636867297696881,cpu,cuda:0,0,317.3984375,50
18,1,DDT500_num50.txt,fixed,992,8,124,10.60660171508789,4.837742805480957,6.479109742940636e-06,-5.24,-0.520045,0.17249999940395355,0.037332963198423386,0.11999999731779099,0.2199999988079071,-0.052081334,-0.043044684,0.012996865933140119,1.5535084088643392,0.006281097473887106,0.08643243989596765,0.0003,331,69,45.037775318224945,4.854233980178833,17.17172074317932,22.025954723358154,507,0.20251300057861954,0,0,TRUE,pair,138,1.975573999574408,6.825604834143193,45,0,7.188405797101449,1.975573999574408,0.17529839905910194,2.4923502017045394,cpu,cuda:0,0,385.5175781,51
19,1,DDT500_num50.txt,fixed,978,8,122.25,6.796138763427734,5.6546759605407715,6.171311724756379e-06,-5.2,-0.55598774,0.17500001192092896,0.04663689807057381,0.05999999865889549,0.2199999988079071,-0.03068864,-0.020758173,0.011005157853166263,1.5433044672012328,0.009365173320596417,0.11747513127823671,0.0003,330,70,46.01316303574329,5.671525716781616,15.583261728286743,21.25478744506836,506,0.22538569988682866,0,0,TRUE,pair,129,2.539699199376628,6.619631910372853,55,0,7.5813953488372094,2.539699199376628,0.23300640075467527,2.7542428977321833,cpu,cuda:0,0,341.62841796875,50
20,1,DDT500_num50.txt,fixed,1014,8,126.75,4.054318904876709,5.30117130279541,1.2651919860218186e-05,-4.8,-0.517666541,0.20000001788139343,0.024494895711541176,0.1599999964237213,0.23999999463558197,-0.02303014,-0.013649823,0.01039425963535905,1.4577447573343914,0.005925105217223366,0.07558607657750448,0.0003,320,80,39.655293280130465,5.328014373779297,20.242342472076416,25.570356845855713,481,0.20110059878788888,0,0,TRUE,pair,136,2.2999755990458652,6.198224851600752,60,0,7.455882352941177,2.2999755990458652,0.20504880021326244,2.6791888979496434,cpu,cuda:0,0,340.38818359375,51
21,1,DDT500_num50.txt,fixed,983,8,122.875,8.161457061767578,5.650710582733154,6.192001819727011e-06,-5.12,-0.487083526,0.17999999225139618,0.029999999329447746,0.14000000059604645,0.2199999988079071,-0.029497152,-0.019955677,0.008834565089394649,1.3958758274714151,0.009841678788264592,0.12425263126691183,0.0003,328,72,47.374445473207764,5.668959856033325,15.080623388290405,20.74958324432373,490,0.20257990213576704,0,0,TRUE,pair,131,2.6436458997195587,5.930824005712934,40,0,7.5038167938931295,2.6436458997195587,0.24288410029839724,2.636856898316182,cpu,cuda:0,0,474.3349609,51
22,1,DDT500_num50.txt,fixed,1037,8,129.625,5.45292329788208,5.6324076652526855,1.1673992048599757e-05,-4.48,-0.405029956,0.2199999988079071,0.024494891986250877,0.18000000715255737,0.25999999046325684,-0.002012977,0.007928450813051314,0.0065338400037338335,1.320834509531657,0.011377903578492502,0.14043656413753827,0.0003,312,88,40.73723550668391,5.657663345336914,19.798163175582886,25.4558265209198,487,0.2055905987508595,0,0,TRUE,pair,136,2.6130380007671192,5.496624877390774,55,0,7.625,2.6130380007671192,0.2157109008403495,2.687427499797195,cpu,cuda:0,0,366.3828125,52
23,1,DDT500_num50.txt,fixed,1065,8,133.125,2.315032482147217,5.908446311950684,1.622210220375564e-05,-4.44,-0.399041795,0.2225000113248825,0.01854049228131771,0.20000000298023224,0.25999999046325684,-0.029518881,-0.019261031,0.004979588408869776,1.2747646353461526,0.011537447206633673,0.12638292999260806,0.0003,311,89,55.768717121079,5.93320107460022,13.16352653503418,19.0967276096344,489,0.2114220003131777,0,0,TRUE,pair,138,2.6927630990976468,5.381220657276995,55,0,7.717391304347826,2.6927630990976468,0.24131939827930182,2.8419413017109036,cpu,cuda:0,0,370.85986328125,52
24,1,DDT500_num50.txt,fixed,1034,8,129.25,7.595228672027588,4.834014415740967,5.859473276359495e-06,-4.28,-0.402658584,0.23249998688697815,0.034550681710243225,0.18000000715255737,0.2800000011920929,-0.082247551,-0.072243622,0.003977866160372893,1.1992862939834594,0.008641649146253864,0.09793858031431833,0.0003,307,93,45.011253886789675,4.855327367782593,18.116705417633057,22.97203278541565,486,0.18601449893321842,0,0,TRUE,pair,137,1.9796829004772007,5.105415860504431,40,0,7.547445255474453,1.9796829004772007,0.1702980997506529,2.5801344021456316,cpu,cuda:0,0,370.85986328125,51
25,1,DDT500_num50.txt,fixed,1007,8,125.875,13.373831748962402,4.825406074523926,8.028725460462738e-06,-4.64,-0.403841922,0.21000000834465027,0.03605550900101662,0.14000000059604645,0.25999999046325684,-0.049161345,-0.03894263,0.00415590318984219,1.2296666502952576,0.015348951947609228,0.14805362007713743,0.0003,316,84,48.28049834923348,4.8433003425598145,16.01398229598999,20.857282638549805,502,0.19708850141614676,0,0,TRUE,pair,138,1.9950439995154738,5.493545184897808,40,0,7.297101449275362,1.9950439995154738,0.17175470059737563,2.552642800961621,cpu,cuda:0,0,379.85400390625,51
26,1,DDT500_num50.txt,fixed,1000,8,125,6.614378452301025,6.62237548828125,5.783801043435233e-06,-4.36,-0.400535128,0.22750000655651093,0.026339134201407433,0.1599999964237213,0.23999999463558197,-0.043001765,-0.032727061,0.003616657806560397,1.2083031790597099,0.013266642893930631,0.12777831538447312,0.0003,309,91,63.610293771508246,6.641773223876953,9.07895278930664,15.720726013183594,481,0.2506972999544814,0,0,TRUE,pair,137,3.0318278996273875,5.75599999666214,45,0,7.299270072992701,3.0318278996273875,0.2630009016720578,3.1780408998019993,cpu,cuda:0,0,426.71875,51
27,1,DDT500_num50.txt,fixed,1045,8,130.625,7.364398956298828,5.66970682144165,7.270789410540601e-06,-4.12,-0.38588591,0.24250000715255737,0.025372225791215897,0.20000000298023224,0.2800000011920929,-0.066448088,-0.056457247,0.0032582131835321585,1.1619948029518128,0.017250858014449477,0.14906533112128575,0.0003,303,97,47.380521094880045,5.687727451324463,16.36774969100952,22.055477142333984,492,0.2820014983881265,0,0,TRUE,pair,143,2.5353619994129986,5.510047849399621,50,0,7.3076923076923075,2.5353619994129986,0.20529479952529073,2.8110777999972925,cpu,cuda:0,0,424.17041015625,46
28,1,DDT500_num50.txt,fixed,1028,8,128.5,10.319883346557617,5.715037822723389,7.664702934562229e-06,-4.24,-0.37346116,0.23499999940395355,0.04663689434528351,0.11999999731779099,0.2800000011920929,-0.058734544,-0.049273366,0.003767035979156693,1.134469250837962,0.011023411566081146,0.12222959492355585,0.0003,306,94,42.57537165628868,5.736813068389893,18.40860152244568,24.14541459083557,499,0.21774100128095597,0,0,TRUE,pair,139,2.619709399295971,5.72568093385214,40,0,7.39568345323741,2.619709399295971,0.2195201994618401,2.749878899776377,cpu,cuda:0,0,365.50439453125,43
29,1,DDT500_num50.txt,fixed,989,8,123.625,3.4255473613739014,4.766892910003662,4.367032033769647e-06,-4.44,-0.383840323,0.2224999964237213,0.023318443447351456,0.18000000715255737,0.25999999046325684,0.0038289323449134825,0.01348598264157772,0.003428076859563589,1.1371089696884156,0.014422178524546326,0.1370449585840106,0.0003,311,89,62.69114277598618,4.786965370178223,10.98878788948059,15.775753259658813,472,0.2672037015436217,0,0,TRUE,pair,129,1.9167056005680934,5.76541961625565,40,0,7.666666666666667,1.9167056005680934,0.18040169833693653,2.5646500986767933,cpu,cuda:0,0,459.26123046875,42
30,1,DDT500_num50.txt,fixed,1063,8,132.875,5.509934425354004,6.240156173706055,5.465456524689216e-06,-4.16,-0.330355766,0.23999997973442078,0.033166248351335526,0.18000000715255737,0.30000001192092896,-0.054911976,-0.046409956,0.0027150190144311637,0.9859527200460434,0.013011363000259735,0.09074716875329614,0.0003,304,96,62.89045041632252,6.259721279144287,10.642685890197754,16.90240716934204,495,0.22162949992343783,0,0,TRUE,pair,142,2.933355600805953,5.2201317007095325,32,0,7.485915492957746,2.933355600805953,0.24084450234659016,2.9376969017321244,cpu,cuda:0,0,399.2607422,41
31,1,DDT500_num50.txt,fixed,1032,8,129,10.07472038269043,6.181196689605713,6.928511083970079e-06,-4.44,-0.330017241,0.2224999964237213,0.03799670934677124,0.14000000059604645,0.2800000011920929,-0.051969551,-0.043880927,0.0034644342803706726,0.982084067662557,0.016637796924139064,0.15401633630196254,0.0003,311,89,45.47398714516666,6.2081334590911865,16.486159801483154,22.69429326057434,485,0.21720280079171062,0,0,TRUE,pair,138,2.96243240009062,5.226744189280872,45,0,7.478260869565218,2.96243240009062,0.26468099863268435,2.817687902599573,cpu,cuda:0,0,423.2363281,39
32,1,DDT500_num50.txt,fixed,1045,8,130.625,7.192661285400391,5.239294052124023,6.2718136177863926e-06,-4,-0.308024331,0.25,0.033166248351335526,0.20000000298023224,0.30000001192092896,-0.048863018,-0.039711832,0.0018386742488170663,1.0070523897806802,0.015446577492790917,0.12208769805729389,0.0003,300,100,47.163416393343134,5.257477760314941,16.899526119232178,22.15700387954712,485,0.20358189870603383,0,0,TRUE,pair,139,2.2849166998639703,5.503349278418071,72,0,7.517985611510792,2.2849166998639703,0.19887560047209263,2.643952099257149,cpu,cuda:0,0,441.90283203125,39
33,1,DDT500_num50.txt,fixed,1035,8,129.375,9.082091331481934,5.217013835906982,2.1969466615701094e-05,-4.04,-0.319044182,0.2474999874830246,0.03596873581409454,0.1599999964237213,0.2800000011920929,-0.058849622,-0.050440325,0.0021014195478831726,0.9460007508595785,0.010334896839534242,0.09346083750327429,0.0003,301,99,41.531584783825565,5.23794150352478,19.68285083770752,24.9207923412323,475,0.19145329797174782,0,0,TRUE,pair,143,2.2442340003326535,5.238647340691608,35,0,7.2377622377622375,2.2442340003326535,0.18422859790734947,2.6762390000512823,cpu,cuda:0,0,424.97705078125,38
34,1,DDT500_num50.txt,fixed,1056,8,132,7.9843597412109375,5.276856422424316,6.240011316549499e-06,-4.08,-0.313994848,0.24500000476837158,0.025980761274695396,0.20000000298023224,0.2800000011920929,0.019117633004983266,0.027620981633663177,0.0022834988854204615,0.9645098050435384,0.010072859407713016,0.08880099579691887,0.0003,302,98,47.22762168806946,5.295643329620361,17.06415295600891,22.359796285629272,495,0.2049137989524752,0,0,TRUE,pair,144,2.2464140005176887,5.245265152192477,40,0,7.333333333333333,2.2464140005176887,0.19624279986601323,2.7211676985025406,cpu,cuda:0,0,402.75732421875,38
35,1,DDT500_num50.txt,fixed,1036,8,129.5,6.264982223510742,5.9824676513671875,4.932441697746981e-06,-4.28,-0.327861126,0.23250000178813934,0.031523797661066055,0.1599999964237213,0.25999999046325684,0.01509069800376892,0.023155204206705093,0.0035138397361151874,0.9821429669857025,0.011568026710301637,0.11051599346101285,0.0003,307,93,61.29808829000552,6.001549482345581,10.89946699142456,16.90101647377014,482,0.21351270098239183,0,0,TRUE,pair,137,2.7912653007078916,5.241312740162073,40,0,7.562043795620438,2.7912653007078916,0.2433266983134672,2.8206632022047415,cpu,cuda:0,0,455.54541015625,37
36,1,DDT500_num50.txt,fixed,1021,8,127.625,6.688375949859619,4.838570594787598,5.0688486226135865e-06,-4.2,-0.32781536,0.23749999701976776,0.01561249140650034,0.2199999988079071,0.25999999046325684,-0.062749881,-0.053732348,0.002832513229805045,1.0433788821101189,0.012358275227597915,0.10735792305786163,0.0003,305,95,69.00011428628697,4.85717511177063,9.93990182876587,14.797076940536499,484,0.19434039993211627,0,0,TRUE,pair,134,1.9718322000699118,5.790401565689999,40,0,7.619402985074627,1.9718322000699118,0.17617470014374703,2.5846101000206545,cpu,cuda:0,0,467.6044922,39
37,1,DDT500_num50.txt,fixed,1060,8,132.5,8.674675941467285,6.081179618835449,8.415871889155824e-06,-4.08,-0.315799657,0.24500000476837158,0.02179449237883091,0.20000000298023224,0.2800000011920929,0.0887434979279836,0.09601537014047305,0.0026261319095889726,0.8584940234820048,0.01549638124803702,0.1196235716342926,0.0003,302,98,80.3849789754249,6.101486682891846,7.08505654335022,13.186543226242065,487,0.21772249939385802,0,0,TRUE,pair,145,2.8404063001507893,5.21509433669864,40,0,7.310344827586207,2.8404063001507893,0.23774180142208934,2.8721443997928873,cpu,cuda:0,0,481.89013671875,40
38,1,DDT500_num50.txt,fixed,1034,8,129.25,6.514407157897949,5.919075012207031,5.621827313007088e-06,-3.96,-0.319764383,0.2524999976158142,0.017139136791229248,0.2199999988079071,0.2800000011920929,-0.050488028,-0.043632116,0.0028217003647504108,0.8266761217798505,0.01483439075361405,0.1188135682605207,0.0003,299,101,50.51725386257935,5.94045352935791,14.527800798416138,20.468254327774048,467,0.19447269849479198,0,0,TRUE,pair,140,2.7278776000021026,5.461315280464216,42,0,7.385714285714286,2.7278776000021026,0.23366409982554615,2.8296548993093893,cpu,cuda:0,0,401.6376953,40
39,1,DDT500_num50.txt,fixed,1065,8,133.125,5.48720121383667,5.6468505859375,8.671949035488069e-05,-3.84,-0.331290937,0.25999999046325684,0.028284277766942978,0.2199999988079071,0.30000001192092896,-0.000803225,0.006684751063585281,0.0020589692634530366,0.8517461061477661,0.013120174664072693,0.07823073975741864,0.0003,296,104,55.92439500600642,5.670913934707642,13.372653722763062,19.043567657470703,484,0.20780719863250852,0,0,TRUE,pair,146,2.4842188004404306,5.248826291079812,36,0,7.294520547945205,2.4842188004404306,0.23817669914569706,2.7919877992244437,cpu,cuda:0,0,431.7861328,42
40,1,DDT500_num50.txt,fixed,1026,8,128.25,5.651327133178711,5.694007873535156,6.0244933592912275e-06,-3.96,-0.34029195,0.2524999976158142,0.024366989731788635,0.2199999988079071,0.30000001192092896,-0.04962647,-0.042882576,0.002787133857297401,0.813745919863383,0.011635785270482302,0.10337116196751595,0.0003,299,101,46.04046749709112,5.711602687835693,16.573140621185303,22.284743309020996,463,0.1961186999687925,0,0,TRUE,pair,137,2.588150899973698,5.171539961710776,39,0,7.489051094890511,2.588150899973698,0.2246089013060555,2.7587797994492576,cpu,cuda:0,0,441.90283203125,42
41,1,DDT500_num50.txt,fixed,1023,8,127.875,4.621620178222656,5.263346195220947,1.7860718799056485e-05,-4.04,-0.321833504,0.2475000023841858,0.013919412158429623,0.23999999463558197,0.2800000011920929,-0.012543927,-0.005183514,0.002373069889533023,0.8546947995821635,0.010408493077072005,0.08971320167183876,0.0003,301,99,41.21779219638959,5.283833742141724,19.535545110702515,24.81937885284424,481,0.20472640043590218,0,0,TRUE,pair,136,2.2907893990632147,5.391984359260179,35,0,7.522058823529412,2.2907893990632147,0.19375629955902696,2.66659299924504,cpu,cuda:0,0,418.2685547,44
42,1,DDT500_num50.txt,fixed,1078,8,134.75,6.359048843383789,5.967226505279541,5.61929891773616e-06,-4.04,-0.311312647,0.2475000023841858,0.024366989731788635,0.2199999988079071,0.30000001192092896,0.05722196710606416,0.06455415425201257,0.0024079825670924038,0.8536175539096197,0.012110859407888105,0.10931121573473017,0.0003,301,99,57.09193614767835,5.9992265701293945,12.882599353790283,18.881825923919678,484,0.22304819792043418,0,0,TRUE,pair,148,2.667641600011848,5.123376618732106,32,0,7.283783783783784,2.667641600011848,0.23968630039598793,2.9268639009678736,cpu,cuda:0,0,396.89111328125,44
43,1,DDT500_num50.txt,fixed,1037,8,129.625,5.0482048988342285,5.526794910430908,4.699326382251456e-06,-3.92,-0.32849872,0.2549999952316284,0.034278273582458496,0.2199999988079071,0.3400000035762787,0.0012400578707456589,0.008835934102535248,0.002822981681674719,0.9007358253002167,0.013901674887165427,0.10543447406962514,0.0003,298,102,63.84265270912486,5.5513365268707275,10.691722869873047,16.243059396743774,478,0.20844579942058772,0,0,TRUE,pair,139,2.4114086992340162,5.499517839003207,72,0,7.460431654676259,2.4114086992340162,0.22343120316509157,2.7759270017268136,cpu,cuda:0,0,415.53173828125,45
44,1,DDT500_num50.txt,fixed,1056,8,132,7.123903274536133,6.039533615112305,6.16900888417149e-06,-3.96,-0.337934569,0.2524999976158142,0.0386490598320961,0.20000000298023224,0.3199999928474426,0.03238126449286938,0.04063352718949318,0.0027294208761304618,0.9616978824138641,0.018362806271761657,0.13423478193581104,0.0003,299,101,58.05346391885458,6.060771226882935,12.129357814788818,18.190129041671753,497,0.2184301003580913,0,0,TRUE,pair,144,2.82694239995908,5.425189395745595,35,0,7.333333333333333,2.82694239995908,0.2522082006325945,2.8292321985354647,cpu,cuda:0,0,417.3974609,45
45,1,DDT500_num50.txt,fixed,1057,8,132.125,4.106017112731934,5.011761665344238,4.708389496954624e-06,-3.88,-0.323592465,0.2574999928474426,0.015612496994435787,0.23999999463558197,0.2800000011920929,-0.001862078,0.005994002024332683,0.0019239479346045603,0.8818056980768839,0.015628635534085333,0.10273250161359708,0.0003,297,103,54.202361389810584,5.030067205429077,14.470928192138672,19.50099539756775,483,0.18811709922738373,0,0,TRUE,pair,139,2.0461715012788773,5.263954588006777,36,0,7.60431654676259,2.0461715012788773,0.17950740130618215,2.679135199985467,cpu,cuda:0,0,368.40185546875,46
46,1,DDT500_num50.txt,fixed,1024,8,128,6.78233003616333,5.931605815887451,6.224049229786033e-06,-3.96,-0.353295112,0.2524999976158142,0.017139136791229248,0.2199999988079071,0.2800000011920929,-0.047735119,-0.040564758,0.0021401607043420273,0.8240442395210266,0.012670719049250085,0.1070888303220272,0.0003,299,101,40.1375064060462,5.950570583343506,19.561726808547974,25.51229739189148,468,0.2690369022311643,0,0,TRUE,pair,137,2.7539157991996035,5.1630859326105565,40,0,7.474452554744525,2.7539157991996035,0.23753840092103928,2.8149318005889654,cpu,cuda:0,0,414.6582031,47
47,1,DDT500_num50.txt,fixed,1021,8,127.625,6.019499778747559,5.301910400390625,5.201679414312821e-06,-4.08,-0.344920873,0.2449999898672104,0.023979157209396362,0.2199999988079071,0.2800000011920929,0.027119843754917383,0.03479167207842693,0.0026225789479212835,0.8983117043972015,0.029085313144605607,0.057304009795188904,0.0003,302,98,72.65875027715417,5.32253623008728,8.729453325271606,14.051989555358887,466,0.19209590158425272,0,0,TRUE,pair,136,2.2609430992743,5.4466209544724515,68,0,7.507352941176471,2.2609430992743,0.19741689995862544,2.730695696431212,cpu,cuda:0,0,384.0419922,46
48,1,DDT500_num50.txt,fixed,1058,8,132.25,5.471517086029053,5.184731483459473,5.674662588717183e-06,-3.88,-0.34023711,0.2574999928474426,0.02904737927019596,0.2199999988079071,0.30000001192092896,-0.0402435,-0.032744724,0.0019217897723946306,0.8459667960802714,0.010354679491784837,0.07396959575513999,0.0003,297,103,63.33435844565463,5.204195022583008,11.500797748565674,16.70499277114868,484,0.18910960177890956,0,0,TRUE,pair,141,2.2496818001382053,5.007561433067394,56,0,7.50354609929078,2.2496818001382053,0.17994880001060665,2.648293800302781,cpu,cuda:0,0,379.85595703125,47
49,1,DDT500_num50.txt,fixed,1049,8,131.125,6.253748893737793,5.718173027038574,5.6596172726131044e-06,-4.04,-0.350684061,0.2475000023841858,0.024366984143853188,0.20000000298023224,0.2800000011920929,-0.025724563,-0.018379553,0.0022354714003288085,0.8462742302152846,0.010048028340356218,0.07353769201371405,0.0003,301,99,68.49452135664777,5.735466480255127,9.57962703704834,15.315093517303467,463,0.18982859968673438,0,0,TRUE,pair,139,2.6248277003178373,5.259294565799011,40,0,7.546762589928058,2.6248277003178373,0.24114079924765974,2.7238108029123396,cpu,cuda:0,0,415.53173828125,47
50,1,DDT500_num50.txt,fixed,1045,8,130.625,7.888876438140869,4.9711480140686035,6.210334959177999e-06,-3.68,-0.33217544,0.26999998092651367,0.026457512751221657,0.2199999988079071,0.3199999928474426,0.0191318541765213,0.026504964464240603,0.002836383387653364,0.8791301316685147,0.00838504542156847,0.06927908294730717,0.0003,292,108,65.51980520484688,4.986850738525391,10.962525129318237,15.949375867843628,476,0.18935679947026074,0,0,TRUE,pair,145,2.100533499964513,5.148325356798309,50,0,7.206896551724138,2.100533499964513,0.17558520112652332,2.5912711014971137,cpu,cuda:0,0,414.6601563,48
51,1,DDT500_num50.txt,fixed,1038,8,129.75,7.822243690490723,5.541173458099365,7.1921840572031215e-06,-3.92,-0.334218605,0.2549999952316284,0.03570714592933655,0.18000000715255737,0.30000001192092896,0.036508429263319285,0.04383765906095505,0.003081696606906397,0.8870077473776681,0.015649451408535242,0.10907110358987536,0.0003,298,102,79.56805503331846,5.56401515007019,7.481421232223511,13.045436382293701,477,0.20076529949437827,0,0,TRUE,pair,139,2.397567901527509,5.0934489352165615,40,0,7.467625899280575,2.397567901527509,0.2210167982848361,2.8062862009974197,cpu,cuda:0,0,414.6601563,47
52,1,DDT500_num50.txt,fixed,1106,8,138.25,3.766629695892334,5.204298973083496,4.610795713233529e-06,-4,-0.341789446,0.25,0.022360680624842644,0.2199999988079071,0.2800000011920929,0.01246463010708491,0.020106602874067094,0.0025609651994374064,0.8922455774413215,0.008742652755851546,0.08093877861069308,0.0003,300,100,56.67535398759276,5.221890449523926,14.292764902114868,19.514655351638794,495,0.19955719832796603,0,0,TRUE,pair,142,2.1379966996610165,4.751356238266874,36,0,7.788732394366197,2.1379966996610165,0.18275179958436638,2.771404597791843,cpu,cuda:0,0,451.8408203,48
53,1,DDT500_num50.txt,fixed,1081,8,135.125,4.539754867553711,5.995356559753418,1.870788400992751e-05,-4,-0.347011706,0.25,0.026457516476511955,0.2199999988079071,0.30000001192092896,-0.01876643,-0.011422294,0.002887289865281094,0.8787778074091132,0.012964416924991052,0.08725002204829996,0.0003,300,100,55.09998120857963,6.020585775375366,13.59829568862915,19.618881464004517,506,0.22236740216612816,0,0,TRUE,pair,143,2.714615299832076,4.8094357096630596,28,0,7.559440559440559,2.714615299832076,0.22594200097955763,2.930074800737202,cpu,cuda:0,0,421.4882813,48
54,1,DDT500_num50.txt,fixed,1044,8,130.5,5.830951690673828,4.908954620361328,5.59395220989245e-06,-4.08,-0.339637401,0.24500000476837158,0.025980761274695396,0.20000000298023224,0.2800000011920929,-0.079757076,-0.072203044,0.0027801865711808206,0.894412100315094,0.014371627018166085,0.11035407365610202,0.0003,302,98,37.44778750139653,4.92723274230957,22.951583862304688,27.878816604614258,483,0.18983680091332644,0,0,TRUE,pair,139,2.0059095985488966,5.05938696769919,32,0,7.510791366906475,2.0059095985488966,0.1747989010764286,2.6244071043329313,cpu,cuda:0,0,441.90283203125,49
55,1,DDT500_num50.txt,fixed,1087,8,135.875,3.4072532653808594,12.527748107910156,9.147322998614982e-06,-3.88,-0.307901525,0.2574999928474426,0.015612496994435787,0.23999999463558197,0.2800000011920929,0.010138266409436861,0.017582330852746964,0.0025588132945510247,0.8723471562067667,0.010121366959841302,0.05414428267007073,0.0003,297,103,41.961629735432744,12.563699007034302,13.340919256210327,25.90461826324463,491,0.3291888990206644,0,0,TRUE,pair,143,3.7884629007894546,5.096596135715881,45,0,7.601398601398602,3.7884629007894546,0.45451670011971146,8.027033997233957,cpu,cuda:0,0,401.6376953,50
56,1,DDT500_num50.txt,fixed,1038,8,129.75,8.46684741973877,7.3279194831848145,6.965332431718707e-06,-4.24,-0.326843385,0.23500001430511475,0.031224986538290977,0.18000000715255737,0.2800000011920929,0.013661968211332956,0.02116131865315967,0.0029250536010497147,0.8961872061093649,0.02256640476278133,0.109199782833457,0.0003,306,94,36.08084233481251,7.3595499992370605,21.40917969,28.76872968673706,483,0.253291999688372,0,0,TRUE,pair,140,2.9411732007283717,5.131021190929964,55,0,7.414285714285715,2.9411732007283717,0.27928639971651137,3.9501748989569023,cpu,cuda:0,0,467.6064453,49
57,1,DDT500_num50.txt,fixed,1071,8,133.875,8.037995338439941,13.103513717651367,7.286408617801499e-06,-4,-0.313585238,0.25,0.03162278234958649,0.2199999988079071,0.30000001192092896,-0.050673308,-0.043355832,0.0022232398157939317,0.842910095055898,0.009744164906442166,0.0813738044972221,0.0003,300,100,26.09933825874409,13.141320943832397,27.89420223236084,41.03552317619324,498,0.35827250010333955,0,0,TRUE,pair,143,3.7246910001849756,4.879551817834321,30,0,7.489510489510489,3.7246910001849756,0.481453501037322,8.622286498197354,cpu,cuda:0,0,426.7207031,50
58,1,DDT500_num50.txt,fixed,1076,8,134.5,5.315073013305664,6.208646774291992,5.384249561757315e-06,-4,-0.328201923,0.25,0.017320508137345314,0.2199999988079071,0.2800000011920929,0.08464059692162734,0.09237935852545959,0.0019946048537699077,0.8736052558972285,0.015429659710767178,0.09744972764299466,0.0003,300,100,45.04689318678521,6.22609281539917,17.66012716293335,23.88621997833252,483,0.21347770001739264,0,0,TRUE,pair,142,2.938821399817243,4.926579926536872,32,0,7.577464788732394,2.938821399817243,0.21798569965176284,2.928527802811004,cpu,cuda:0,0,451.84033203125,50
59,1,DDT500_num50.txt,fixed,1070,8,133.75,4.023369312286377,5.052492141723633,5.563384092965862e-06,-3.96,-0.341650131,0.2524999976158142,0.022220488637685776,0.2199999988079071,0.30000001192092896,-0.015699485,-0.008654079,0.0023446962353773416,0.8217745184898376,0.016623005177825688,0.11596444137394428,0.0003,299,101,66.66322965506843,5.071853876113892,10.978973627090454,16.050827503204346,496,0.26358980033546686,0,0,TRUE,pair,140,2.0769969996763393,4.890654205384656,30,0,7.642857142857143,2.0769969996763393,0.1851668981835246,2.685600399854593,cpu,cuda:0,0,401.6376953,50
60,1,DDT500_num50.txt,fixed,1070,8,133.75,6.814506530761719,5.882368087768555,1.389082353853155e-05,-3.8,-0.343201191,0.26249998807907104,0.03526683896780014,0.18000000715255737,0.30000001192092896,0.06378084208284106,0.07112406832831246,0.002406964377899255,0.8546707715306964,0.013061700488573738,0.07698368467390537,0.0003,295,105,66.604981751141,5.909256935119629,10.155607461929321,16.06486439704895,506,0.219213001197204,0,0,TRUE,pair,139,2.6455002004513517,4.7616822476698974,24,0,7.697841726618705,2.6455002004513517,0.22400219656992704,2.884967302554287,cpu,cuda:0,0,418.2705078,50
61,1,DDT500_num50.txt,fixed,1056,8,132,4.44409704208374,5.891304016113281,4.880306732957251e-06,-3.92,-0.342744094,0.2549999952316284,0.013228757306933403,0.23999999463558197,0.2800000011920929,0.1187080629169941,0.12606555223464966,0.0018299527000635862,0.8272461444139481,0.017468618811108172,0.08927599154412746,0.0003,298,102,103.43403763389145,5.909010648727417,4.300394535064697,10.209405183792114,492,0.23472560057416558,0,0,TRUE,pair,138,2.686997399898246,4.803030301449877,28,0,7.6521739130434785,2.686997399898246,0.22851349995471537,2.8462914008414373,cpu,cuda:0,0,400.38037109375,50
62,1,DDT500_num50.txt,fixed,1035,8,129.375,6.343057155609131,4.927733421325684,6.707575266773347e-06,-4.08,-0.358443236,0.24500000476837158,0.023979155346751213,0.20000000298023224,0.2800000011920929,-0.047737006,-0.041276174,0.002977923839353025,0.7949782460927963,0.014851988991722465,0.07038607122376561,0.0003,302,98,115.75530797689237,4.9481940269470215,3.9930806159973145,8.941274642944336,489,0.19179019914008677,0,0,TRUE,pair,139,1.9971388998674229,5.04541062824968,32,0,7.446043165467626,1.9971388998674229,0.17290079849772155,2.6569616986671463,cpu,cuda:0,0,395.7714844,49
63,1,DDT500_num50.txt,fixed,1064,8,133,2.872281312942505,5.835247039794922,4.0810687096382026e-06,-3.96,-0.351251333,0.2524999976158142,0.029895657673478127,0.2199999988079071,0.30000001192092896,0.10395914688706398,0.11066289693117141,0.0029964067041873934,0.8201941251754761,0.014137961622327565,0.07843460440635681,0.0003,299,101,84.54026752769538,5.8529322147369385,6.732786178588867,12.585718393325806,492,0.2047701992560178,0,0,TRUE,pair,139,2.700098599656485,5.120300753224165,50,0,7.654676258992806,2.700098599656485,0.23138899984769523,2.7809737011557445,cpu,cuda:0,0,494.59619140625,50
64,1,DDT500_num50.txt,fixed,1056,8,132,6.873863697052002,6.0797648429870605,6.386325367202517e-06,-3.84,-0.351078651,0.25999999046325684,0.026457518339157104,0.2199999988079071,0.30000001192092896,0.020397220800320307,0.0275637482603391,0.002689871797338128,0.8511461655298869,0.011499868783478936,0.08300813101232052,0.0003,296,104,40.48100117425644,6.0980470180511475,19.988264322280884,26.08631134033203,489,0.2207623990252614,0,0,TRUE,pair,144,2.808119899709709,5.025568180689306,35,0,7.333333333333333,2.808119899709709,0.2554337993497029,2.8792870021425188,cpu,cuda:0,0,456.7392578,51
65,1,DDT500_num50.txt,fixed,1095,8,136.875,2.758509635925293,5.886799335479736,4.756435828312533e-06,-3.56,-0.334134553,0.2775000035762787,0.027271781116724014,0.23999999463558197,0.3199999928474426,0.04101411081277407,0.04760640802291723,0.0026511593560616556,0.7917877298135024,0.017660184691731747,0.12274633978421871,0.0003,289,111,52.40047861802912,5.906172513961792,14.990583181381226,20.896755695343018,496,0.2052501003490761,0,0,TRUE,pair,142,2.6948492012452334,5.007305936943995,45,0,7.711267605633803,2.6948492012452334,0.22701260109897703,2.8430989995831624,cpu,cuda:0,0,388.9951172,50
66,1,DDT500_num50.txt,fixed,1047,8,130.875,5.688529968261719,5.045863151550293,5.73445004192763e-06,-3.84,-0.337243289,0.25999999046325684,0.022360684350132942,0.2199999988079071,0.30000001192092896,0.06765752179282052,0.0748467573097774,0.0026167442223855425,0.849760890007019,0.013745752828461784,0.08905266065682683,0.0003,296,104,77.18439964210104,5.064178228378296,8.500739097595215,13.56491732597351,478,0.1853656005114317,0,0,TRUE,pair,141,2.1348576000891626,5.128939828535661,40,0,7.425531914893617,2.1348576000891626,0.18430439778603613,2.6214226000010967,cpu,cuda:0,0,436.9082031,51
67,1,DDT500_num50.txt,fixed,988,8,123.5,8.645808219909668,5.710350036621094,6.087849214964081e-06,-4.24,-0.362903521,0.23499999940395355,0.03278718516230583,0.18000000715255737,0.25999999046325684,-0.005893734,0.0017422633866469065,0.0034950443853934607,0.9383515954017639,0.009278263919986785,0.08701438810676336,0.0003,306,94,40.02359507116955,5.735647916793823,18.949790716171265,24.685438632965088,470,0.21990110201295465,0,0,TRUE,pair,139,2.648503799806349,5.504048581306751,25,0,7.107913669064748,2.648503799806349,0.22041699883993715,2.7256126982392743,cpu,cuda:0,0,323.36181640625,51
68,1,DDT500_num50.txt,fixed,1010,8,126.25,9.845684051513672,4.775832176208496,7.528139576606918e-06,-4.28,-0.363396737,0.23250001668930054,0.034550681710243225,0.18000000715255737,0.2800000011920929,0.021842870116233825,0.02919746239980062,0.003636269426594178,0.9172727624575298,0.014287657019061347,0.11613341993652285,0.0003,307,93,47.145505449028185,4.792795896530151,16.630243062973022,21.423038959503174,470,0.1892597011756152,0,0,TRUE,pair,145,1.9605709000024945,5.35841584252839,40,0,6.9655172413793105,1.9605709000024945,0.17226409970317036,2.539052400388755,cpu,cuda:0,0,424.16845703125,51
69,1,DDT500_num50.txt,fixed,1024,8,128,12.318684577941895,5.692547798156738,8.155169780366123e-06,-4.08,-0.323448078,0.2449999898672104,0.038405731320381165,0.1599999964237213,0.2800000011920929,-0.044419728,-0.036346055,0.0030242393258959055,0.958579455103193,0.010466670517676644,0.10222801406468664,0.0003,302,98,66.20718422015668,5.711189270019531,9.755410194396973,15.466599464416504,477,0.21181320131290704,0,0,TRUE,pair,144,2.6666026996681467,5.652343749301508,45,0,7.111111111111111,2.6666026996681467,0.2152727006468922,2.6954005997395143,cpu,cuda:0,0,421.4863281,52
70,1,DDT500_num50.txt,fixed,1068,8,133.5,5.590169906616211,5.743851184844971,5.3338662837632e-06,-3.72,-0.316861025,0.26749998331069946,0.013919414952397346,0.23999999463558197,0.2800000011920929,-0.040408959,-0.032448138,0.0019073337937394778,0.8914489150047302,0.012154071048522988,0.11129323914647102,0.0003,293,107,46.840486053010935,5.762230157852173,17.03855800628662,22.800788164138794,484,0.2116546992911026,0,0,TRUE,pair,144,2.5796130006201565,5.31928838928987,40,0,7.416666666666667,2.5796130006201565,0.20878310105763376,2.840852800756693,cpu,cuda:0,0,418.2705078,51
71,1,DDT500_num50.txt,fixed,1029,8,128.625,5.313602924346924,5.642512798309326,5.893329216632992e-06,-4.16,-0.343683732,0.24000000953674316,0.02828427031636238,0.20000000298023224,0.2800000011920929,-0.023156344,-0.015544226,0.002447190201984575,0.8835713038077722,0.016810133730849393,0.13265616160172683,0.0003,304,96,47.026312455595544,5.659545660018921,16.221821308135986,21.881366968154907,479,0.22612590005155653,0,0,TRUE,pair,139,2.4823894010623917,5.483965014113861,40,0,7.402877697841727,2.4823894010623917,0.2214306005043909,2.818750298349187,cpu,cuda:0,0,390.8623047,48
72,1,DDT500_num50.txt,fixed,1046,8,130.75,7.44563627243042,6.047572612762451,5.080050414107973e-06,-3.96,-0.325951066,0.2524999976158142,0.024366987869143486,0.2199999988079071,0.2800000011920929,0.03620340526103973,0.04508268237113953,0.0019941494334489106,0.987635338306427,0.014640379138290882,0.07256808131933212,0.0003,299,101,82.1086736974665,6.065043210983276,6.674171209335327,12.739214420318604,481,0.21458539948798716,0,0,TRUE,pair,144,2.796997199882753,5.650095602750322,45,0,7.263888888888889,2.796997199882753,0.2523819982307032,2.864315198152326,cpu,cuda:0,0,386.12451171875,46
73,1,DDT500_num50.txt,fixed,1035,8,129.375,3.038811445236206,5.3303937911987305,4.693274604505859e-06,-4,-0.344835768,0.25,0.024494899436831474,0.2199999988079071,0.30000001192092896,0.07049244708780732,0.07921381081853594,0.0030582657948668513,1.025049831186022,0.012084150221198797,0.09689237230590411,0.0003,300,100,81.71596298764581,5.348076105117798,7.3177478313446045,12.665823936462402,472,0.19061370100826025,0,0,TRUE,pair,133,2.242153800209053,5.6666666648238175,45,0,7.7819548872180455,2.242153800209053,0.1945670994464308,2.7819565993268043,cpu,cuda:0,0,352.0341797,43
74,1,DDT500_num50.txt,fixed,1071,8,133.875,5.182602882385254,5.077390670776367,2.595315163489431e-05,-4,-0.327273595,0.25,0.026457514613866806,0.2199999988079071,0.2800000011920929,0.0490071306626002,0.05796843767166138,0.002588867334028085,1.0255741357803345,0.008191357339577128,0.08791719460859895,0.0003,300,100,42.56768359448562,5.098787069320679,20.06114435195923,25.159931421279907,473,0.1923250004183501,0,0,TRUE,pair,142,2.0898283005226403,5.424836600861964,40,0,7.542253521126761,2.0898283005226403,0.1879735019756481,2.6922140991082415,cpu,cuda:0,0,366.5273438,42
75,1,DDT500_num50.txt,fixed,1011,8,126.375,9.232246398925781,5.783442497253418,6.148241482151207e-06,-4.08,-0.357404657,0.24500000476837158,0.02958039753139019,0.20000000298023224,0.2800000011920929,0.03253532839672906,0.04150097072124481,0.003591357414344592,1.0761331873280662,0.013483935202072774,0.12527597163404738,0.0003,302,98,47.03818972578547,5.801252365112305,15.691921710968018,21.493174076080322,462,0.19452550180722028,0,0,TRUE,pair,140,2.653664200217463,5.89020771560518,40,0,7.2214285714285715,2.653664200217463,0.22839370218571275,2.7839617007412016,cpu,cuda:0,0,334.61962890625,40
76,1,DDT500_num50.txt,fixed,1026,8,128.25,3.6314597129821777,4.810055732727051,4.447641003935132e-06,-4.2,-0.361245558,0.23750001192092896,0.033819373697042465,0.18000000715255737,0.30000001192092896,0.03132325680926442,0.04036466656252742,0.00236296885414049,1.022288578748703,0.014492713124491274,0.12193005904555321,0.0003,305,95,58.884535935116716,4.8271660804748535,12.596763372421265,17.423929452896118,479,0.18750490143429488,0,0,TRUE,pair,131,1.9429946996970102,5.514619881181922,50,0,7.8320610687022905,1.9429946996970102,0.18227990134619176,2.582092496100813,cpu,cuda:0,0,346.60205078125,41
77,1,DDT500_num50.txt,fixed,1030,8,128.75,4.465142726898193,5.608091354370117,5.1329257075849455e-06,-4.08,-0.340427591,0.2449999898672104,0.023979155346751213,0.20000000298023224,0.2800000011920929,-0.071135559,-0.062603506,0.0025283797211678965,0.9796234880174909,0.014173089127455438,0.08833147492259741,0.0003,302,98,70.05072570234512,5.628576993942261,9.075053691864014,14.703630685806274,479,0.20574320037849247,0,0,TRUE,pair,137,2.579148999415338,5.6679611655114925,36,0,7.518248175182482,2.579148999415338,0.2170652992790565,2.6963885986479,cpu,cuda:0,0,366.00537109375,40
78,1,DDT500_num50.txt,fixed,1029,8,128.625,9.886069297790527,5.734362602233887,7.194159479695372e-06,-4.16,-0.340961746,0.24000000953674316,0.04000000283122063,0.1599999964237213,0.30000001192092896,0.12406387645751238,0.13331292290240526,0.0026467354327905923,1.0572415739297867,0.015160277544055134,0.0790720758959651,0.0003,304,96,94.29074377510054,5.754643440246582,5.1584107875823975,10.91305422782898,479,0.20803449908271432,0,0,TRUE,pair,138,2.568526499089785,5.765792032720048,45,0,7.456521739130435,2.568526499089785,0.23276389797683805,2.8133635974954814,cpu,cuda:0,0,323.2861328,40
79,1,DDT500_num50.txt,fixed,1054,8,131.75,5.9947896003723145,5.9344162940979,1.7326814486295916e-05,-3.72,-0.326144335,0.26749998331069946,0.03307189419865608,0.2199999988079071,0.3400000035762787,0.0743413691719373,0.0830495258172353,0.0023147904236490526,0.986555814743042,0.014624699794997772,0.08258128724992275,0.0003,293,107,85.39639051603237,5.955748081207275,6.386693954467773,12.342442035675049,458,0.2031621988862753,0,0,TRUE,pair,143,2.723995000240393,5.744781783681215,40,0,7.370629370629371,2.723995000240393,0.22719530132599175,2.8582145977998152,cpu,cuda:0,0,368.9882813,39
80,1,DDT500_num50.txt,fixed,996,8,124.5,9.721111297607422,4.7835917472839355,7.0141272772161756e-06,-4.24,-0.345548216,0.23499998450279236,0.03840572386980057,0.18000000715255737,0.2800000011920929,-0.012687124,-0.004432779,0.002884496632032096,0.9696598172187805,0.016608148727876446,0.12530060093849898,0.0003,306,94,45.47483680870255,4.800631999969482,17.101590633392334,21.902222633361816,461,0.18612019927240908,0,0,TRUE,pair,138,1.988712600665167,5.817269071996451,40,0,7.217391304347826,1.988712600665167,0.17983759846538305,2.5127278006402776,cpu,cuda:0,0,353.9492188,39
81,1,DDT500_num50.txt,fixed,1091,8,136.375,4.029190540313721,5.410243511199951,5.2343602874316275e-06,-3.96,-0.352987915,0.2524999976158142,0.029895653948187828,0.20000000298023224,0.30000001192092896,-0.019363068,-0.011213122,0.002173376502469182,0.9236634174982706,0.012138217791087098,0.09638886815971798,0.0003,299,101,70.48993498854365,5.443449974060059,10.033936977386475,15.477386951446533,494,0.20076930057257414,0,0,TRUE,pair,146,2.2774186998140067,5.105407882239379,40,0,7.472602739726027,2.2774186998140067,0.1861239990685135,2.8353355975123122,cpu,cuda:0,0,490.9785156,38
82,1,DDT500_num50.txt,fixed,1047,8,130.875,3.5859971046447754,5.296399116516113,5.003951173421228e-06,-4,-0.354810461,0.25,0.02828427217900753,0.20000000298023224,0.2800000011920929,-0.027788913,-0.019325559,0.0025091142083207767,0.9717911839485168,0.014599736500531434,0.12505382175246874,0.0003,300,100,41.02726060215757,5.3147077560424805,20.204909801483154,25.519617557525635,477,0.18995079910382628,0,0,TRUE,pair,138,2.2343573004473,5.716332380045223,35,0,7.586956521739131,2.2343573004473,0.2039399010827765,2.744445801130496,cpu,cuda:0,0,393.77294921875,39
83,1,DDT500_num50.txt,fixed,1075,8,134.375,5.406882286071777,5.936739921569824,4.2649612623790745e-06,-3.6,-0.324411351,0.2749999761581421,0.01658313348889351,0.25999999046325684,0.30000001192092896,-0.032601437,-0.024860286,0.002212609723210335,0.8847453713417053,0.01839219769462943,0.07819372862577438,0.0003,290,110,95.60716235744145,5.956068277359009,5.287859201431274,11.243927478790283,483,0.21485439885873348,0,0,TRUE,pair,144,2.6674137994414195,5.453953483936399,60,0,7.465277777777778,2.6674137994414195,0.24726570094935596,2.894989898544736,cpu,cuda:0,0,379.85595703125,38
84,1,DDT500_num50.txt,fixed,1048,8,131,5.894913196563721,4.979885578155518,5.478441835293779e-06,-3.76,-0.327246616,0.26500001549720764,0.02397916093468666,0.2199999988079071,0.30000001192092896,0.0069718317439158755,0.01484387901922067,0.001957880038147171,0.8850985924402873,0.016591656735787788,0.12496787110964457,0.0003,294,106,43.74352777731503,4.996313810348511,18.96151614189148,23.95782995223999,486,0.2024491991614923,0,0,TRUE,pair,142,2.021858900669031,5.441793887669803,52,0,7.380281690140845,2.021858900669031,0.1821233006194234,2.6708626995095983,cpu,cuda:0,0,441.90283203125,41
85,1,DDT500_num50.txt,fixed,1037,8,129.625,10.804368019104004,5.923015117645264,4.966894721292192e-06,-4.32,-0.354267695,0.23000000417232513,0.037416569888591766,0.14000000059604645,0.25999999046325684,0.029688770120794124,0.03817183168774301,0.0036860181505537844,1.0326067371801897,0.014563914134421131,0.08868683519011195,0.0003,308,92,53.79149363163132,5.941002130508423,13.337138891220093,19.278141021728516,487,0.22548600030131638,0,0,TRUE,pair,140,2.727856200421229,5.8987463835695095,45,0,7.4071428571428575,2.727856200421229,0.23919820273295045,2.828958200290799,cpu,cuda:0,0,420.1347656,41
86,1,DDT500_num50.txt,fixed,1058,8,132.25,6.417748928070068,5.074505805969238,5.3151838983467314e-06,-3.88,-0.293157645,0.2574999928474426,0.021065376698970795,0.2199999988079071,0.30000001192092896,0.02569060940295458,0.034712249971926214,0.002166397823020816,1.0104836702346802,0.011890215962193907,0.06977113708853722,0.0003,297,103,101.48089515206766,5.093976974487305,5.331630706787109,10.425607681274414,488,0.19609319954179227,0,0,TRUE,pair,144,2.137247400241904,6.176748581103882,50,0,7.347222222222222,2.137247400241904,0.1858019978972152,2.6434916973812506,cpu,cuda:0,0,373.63525390625,42
87,1,DDT500_num50.txt,fixed,1057,8,132.125,7.389815807342529,5.833621501922607,8.509907274856232e-06,-4,-0.299309067,0.25,0.024494897574186325,0.2199999988079071,0.2800000011920929,0.04626387084523837,0.054575495421886444,0.0024563892434040706,0.9539811531702678,0.014757608187695344,0.1174595778187116,0.0003,300,100,40.79749985453388,5.859178304672241,20.049272060394287,25.90845036506653,487,0.22118489956483245,0,0,TRUE,pair,139,2.6394501000177115,5.975402083166839,40,0,7.60431654676259,2.6394501000177115,0.240747103234753,2.8293025989551097,cpu,cuda:0,0,504.2880859,44
88,1,DDT500_num50.txt,fixed,1054,8,131.75,6.279928207397461,6.145305633544922,3.424150781938806e-05,-4.16,-0.305205912,0.24000000953674316,0.022360678762197495,0.20000000298023224,0.2800000011920929,-0.019381274,-0.010186182,0.0024188135284930468,1.0404498534543174,0.013403986198162394,0.12570517882704735,0.0003,304,96,42.50528940238378,6.166727781295776,18.630186080932617,24.796913862228394,491,0.21430130093358457,0,0,TRUE,pair,142,2.7988995007472113,5.8937381431319,48,0,7.422535211267606,2.7988995007472113,0.27099699957761914,2.9355112013872713,cpu,cuda:0,0,347.67138671875,44
89,1,DDT500_num50.txt,fixed,1071,8,133.875,7.166545391082764,5.073846340179443,5.861897989234421e-06,-4.04,-0.306238966,0.2475000023841858,0.028173569589853287,0.20000000298023224,0.30000001192092896,-0.009684944,-0.000618574,0.001954733890791734,1.0043737848599752,0.01291881020491322,0.10368582357962926,0.0003,301,99,46.56979766348373,5.096395492553711,17.901342391967773,22.997737884521484,499,0.2009840999962762,0,0,TRUE,pair,144,2.08286369999405,5.638655464411005,50,0,7.4375,2.08286369999405,0.18158290046267211,2.7023387004155666,cpu,cuda:0,0,407.3632813,45
90,1,DDT500_num50.txt,fixed,1082,8,135.25,4.14578104019165,6.120030879974365,4.986882231605705e-06,-3.8,-0.316734774,0.26249998807907104,0.015612497925758362,0.23999999463558197,0.2800000011920929,0.01308487808952729,0.022095467895269394,0.0015988204317788283,0.9809998949368794,0.016796506537745396,0.13071677188078562,0.0003,295,105,40.51790832870604,6.1386096477508545,20.5656316280365,26.704241275787354,505,0.22525269980542362,0,0,TRUE,pair,142,2.812050700071268,5.608133084893006,35,0,7.619718309859155,2.812050700071268,0.25338320119772106,2.923729700385593,cpu,cuda:0,0,374.84619140625,46
91,1,DDT500_num50.txt,fixed,1058,8,132.25,9.337424278259277,5.968776702880859,6.531537565024337e-06,-4.2,-0.337048045,0.23750001192092896,0.03230712190270424,0.20000000298023224,0.30000001192092896,-0.024028617,-0.015502958,0.0026626900304108857,0.985700500011444,0.011836324356651554,0.09820672993858655,0.0003,305,95,43.45031287280056,5.992103338241577,18.357548713684082,24.34965205192566,476,0.21508620050735772,0,0,TRUE,pair,148,2.7719948993762955,5.730623811089024,45,0,7.148648648648648,2.7719948993762955,0.23423469928093255,2.8351596002466977,cpu,cuda:0,0,450.6464844,46
92,1,DDT500_num50.txt,fixed,1082,8,135.25,4.4370598793029785,5.059811592102051,5.185261670703767e-06,-3.84,-0.342454703,0.25999999046325684,0.017320509999990463,0.23999999463558197,0.2800000011920929,-0.024266596,-0.015875911,0.001576329426219066,0.917884886264801,0.011069468416584035,0.06521277750531833,0.0003,296,104,87.18510306074432,5.080973386764526,7.329403638839722,12.410377025604248,488,0.19594799855258316,0,0,TRUE,pair,141,2.069390399614349,5.293900183300434,35,0,7.673758865248227,2.069390399614349,0.18273329932708293,2.701665702043101,cpu,cuda:0,0,448.1230469,46
93,1,DDT500_num50.txt,fixed,1091,8,136.375,4.299345970153809,5.074522018432617,5.020961907575838e-06,-3.92,-0.332940989,0.2549999952316284,0.013228753581643105,0.2199999988079071,0.25999999046325684,-0.048447587,-0.040230983,0.002187225864165359,0.9310220215055678,0.012729283215271102,0.10079435466064347,0.0003,298,102,74.73898461348799,5.095313310623169,9.502155542373657,14.597468852996826,498,0.19537859957199544,0,0,TRUE,pair,145,2.0752396994503215,5.343721352182977,64,0,7.524137931034483,2.0752396994503215,0.17431299947202206,2.7189867993583903,cpu,cuda:0,0,399.26123046875,47
94,1,DDT500_num50.txt,fixed,1080,8,135,4.795831680297852,6.2852044105529785,5.527507255465025e-06,-3.92,-0.332409531,0.2549999952316284,0.02397916093468666,0.2199999988079071,0.30000001192092896,-0.016357701,-0.007942091,0.0020695831160992386,0.9450401743253072,0.012748512905091047,0.1190830945968628,0.0003,298,102,40.14629445049293,6.307100296020508,20.594510793685913,26.90161108970642,490,0.21623720088973641,0,0,TRUE,pair,141,2.8263255993369967,5.237037040348406,36,0,7.659574468085107,2.8263255993369967,0.24199490353930742,3.0852902984479442,cpu,cuda:0,0,537.11279296875,48
95,1,DDT500_num50.txt,fixed,1086,8,135.75,2.817356824874878,5.186521053314209,5.037914888816886e-06,-4.28,-0.362846936,0.23250000178813934,0.009682456031441689,0.2199999988079071,0.23999999463558197,0.030716246614853542,0.03979311169435581,0.0021966796969839684,1.0175213019053142,0.01614052103832364,0.11783531804879506,0.0003,307,93,87.74015434283136,5.205837726593018,7.171619415283203,12.37745714187622,494,0.2548737007891759,0,0,TRUE,pair,141,2.1261327996617183,5.205340699815838,35,0,7.702127659574468,2.1261327996617183,0.1790114992763847,2.775110700400546,cpu,cuda:0,0,435.15966796875,47
96,1,DDT500_num50.txt,fixed,1073,8,134.125,7.389815807342529,5.623051166534424,2.227715049230028e-05,-4.04,-0.361061482,0.2475000023841858,0.028173573315143585,0.2199999988079071,0.30000001192092896,-0.031106977,-0.022469923,0.002190784349416693,0.9732447822888692,0.011238909807677071,0.09692300036549568,0.0003,301,99,45.209043700901084,5.653895378112793,18.080293893814087,23.73418927192688,502,0.21585989987943321,0,0,TRUE,pair,149,2.4607052005594596,5.441752099146492,55,0,7.201342281879195,2.4607052005594596,0.2023753001121804,2.7689774035243317,cpu,cuda:0,0,406.24365234375,48
97,1,DDT500_num50.txt,fixed,1044,8,130.5,5.267827033996582,4.973062992095947,4.886127044301247e-06,-4.04,-0.373168963,0.2474999874830246,0.022220486775040627,0.2199999988079071,0.2800000011920929,-0.025760304,-0.01677712,0.0022022783209999595,1.008432319531074,0.011398478267857661,0.09286517284523982,0.0003,301,99,47.09322652402559,4.991908550262451,17.176884651184082,22.168793201446533,489,0.1995265018194914,0,0,TRUE,pair,140,2.023202999844216,5.513409960315602,40,0,7.457142857142857,2.023202999844216,0.18019670119974762,2.664633399923332,cpu,cuda:0,0,368.8496094,49
98,1,DDT500_num50.txt,fixed,1086,8,135.75,6.179603576660156,6.075204849243164,5.674662588717183e-06,-4.08,-0.369436454,0.24500000476837158,0.019364915788173676,0.2199999988079071,0.2800000011920929,-0.007101148,0.0015551485121250153,0.0018168906293188531,0.9564740260442098,0.01400652783922851,0.09129957885791858,0.0003,302,98,85.08993967487599,6.09372353553772,6.6692423820495605,12.76296591758728,489,0.21319780172780156,0,0,TRUE,pair,144,2.751388899399899,5.196132593831085,36,0,7.541666666666667,2.751388899399899,0.2403227996546775,2.9570662025362253,cpu,cuda:0,0,475.7841797,49
99,1,DDT500_num50.txt,fixed,1066,8,133.25,3.5968737602233887,4.968408107757568,4.70234954264015e-06,-4.04,-0.361109919,0.2474999874830246,0.022220484912395477,0.2199999988079071,0.2800000011920929,-0.039205609,-0.030699956,0.0020291123655624688,0.9520209218774524,0.013696637037875397,0.10703827387520246,0.0003,301,99,45.218378528538004,4.989392042160034,18.5850932598114,23.574485301971436,485,0.19276609912049025,0,0,TRUE,pair,139,2.0714328004978597,5.557223262303766,35,0,7.669064748201439,2.0714328004978597,0.17426780017558485,2.6198270964669064,cpu,cuda:0,0,417.3974609,49
100,1,DDT500_num50.txt,fixed,1066,8,133.25,7.224091529846191,6.118904113769531,9.35014304559445e-06,-4.2,-0.37345916,0.23750001192092896,0.025372233241796494,0.2199999988079071,0.30000001192092896,-0.064343318,-0.055626675,0.002329249691683799,0.9881262679894766,0.01040390746978422,0.07222533722718556,0.0003,305,95,77.12640230922013,6.138897895812988,7.682568788528442,13.82146668434143,491,0.2192620001733303,0,0,TRUE,pair,144,2.8742565996944904,5.606003750779616,35,0,7.402777777777778,2.8742565996944904,0.24768710043281317,2.866370900766924,cpu,cuda:0,0,386.12451171875,50
101,1,DDT500_num50.txt,fixed,1065,8,133.125,4.2260355949401855,5.9397735595703125,4.906443336949451e-06,-3.8,-0.34787186,0.26249998807907104,0.01854049786925316,0.2199999988079071,0.2800000011920929,0.009442036350568136,0.018063327504528895,0.0023970778953904905,0.9819830126232572,0.013361854271756278,0.08834296589096387,0.0003,295,105,62.49801862812758,5.960064649581909,11.080475568771362,17.04054021835327,494,0.22141440003179014,0,0,TRUE,pair,138,2.7430266005685553,5.893896713615024,48,0,7.717391304347826,2.7430266005685553,0.24272000114433467,2.8267443999648094,cpu,cuda:0,0,408.61083984375,49
102,1,DDT500_num50.txt,fixed,1061,8,132.625,8.816709518432617,5.243276596069336,5.832734132127371e-06,-4.24,-0.374332872,0.23499999940395355,0.019364912062883377,0.20000000298023224,0.25999999046325684,-0.064756005,-0.055914246,0.0022485349812389663,0.9966029077768326,0.015025660201596716,0.09765804745256901,0.0003,306,94,56.28729613980251,5.262727975845337,13.586996078491211,18.849724054336548,503,0.20400199899449944,0,0,TRUE,pair,147,2.144211500068195,5.909519319821932,68,0,7.217687074829932,2.144211500068195,0.1919521997915581,2.7961044998373836,cpu,cuda:0,0,405.1230469,50
103,1,DDT500_num50.txt,fixed,1060,8,132.5,7.017834186553955,6.07187557220459,6.684229902020888e-06,-4.04,-0.361540476,0.2474999874830246,0.028173569589853287,0.2199999988079071,0.2800000011920929,0.007888109982013702,0.01789578447739283,0.0018776676539952557,1.094651182492574,0.016237074121211965,0.13145902107159296,0.0003,301,99,41.082668919166785,6.092023849487305,19.70961046218872,25.801634311676025,497,0.22892289969604462,0,0,TRUE,pair,139,2.7625416993396357,6.093396221466784,70,0,7.625899280575539,2.7625416993396357,0.24266729829832911,2.942838601535186,cpu,cuda:0,0,377.89306640625,50
104,1,DDT500_num50.txt,fixed,1063,8,132.875,9.91762924194336,4.975428581237793,6.548920282511972e-06,-3.84,-0.362649226,0.25999999046325684,0.034641019999980927,0.20000000298023224,0.30000001192092896,-0.004960195,0.0033908155229356554,0.003042875814975964,0.9872447119818794,0.014313087850395177,0.12843289143509334,0.0003,296,104,69.44438948517455,4.998023509979248,10.309188604354858,15.307212114334106,494,0.19798129831906408,0,0,TRUE,pair,143,2.0520581003511325,5.562558793393599,35,0,7.433566433566433,2.0520581003511325,0.17436779860872775,2.6452837005490437,cpu,cuda:0,0,389.98291015625,49
105,1,DDT500_num50.txt,fixed,1046,8,130.75,6.036348342895508,6.196506023406982,4.747464117826894e-06,-4.16,-0.366444479,0.24000000953674316,0.028284268453717232,0.18000000715255737,0.2800000011920929,-0.062052298,-0.054389356,0.0023405246902257204,0.8833204547564188,0.011734712310135365,0.10451063873867193,0.0003,304,96,40.007655512724405,6.216044902801514,19.928951263427734,26.144996166229248,480,0.21613049961160868,0,0,TRUE,pair,139,2.8865905990824103,5.716061179770111,45,0,7.525179856115108,2.8865905990824103,0.25932579895015806,2.9209636979503557,cpu,cuda:0,0,472.73681640625,51
106,1,DDT500_num50.txt,fixed,1104,8,138,4.7434163093566895,6.032757759094238,5.296435119817033e-06,-3.8,-0.344557276,0.26249998807907104,0.01854049786925316,0.2199999988079071,0.2800000011920929,-0.048882855,-0.041427633,0.001827185234735505,0.8368814312494718,0.015109116569734536,0.12285436689853668,0.0003,295,105,45.566994192208156,6.058193206787109,18.169869661331177,24.228062868118286,490,0.21333279984537512,0,0,TRUE,pair,145,2.8444972009165213,5.604166661699613,42,0,7.613793103448276,2.8444972009165213,0.2340927014593035,2.8281424996675923,cpu,cuda:0,0,388.9951172,51
107,1,DDT500_num50.txt,fixed,1085,8,135.625,3.672107696533203,5.232276916503906,5.2316445362521335e-06,-3.72,-0.328959299,0.26749998331069946,0.013919418677687645,0.25999999046325684,0.30000001192092896,0.029207458595434825,0.037343471745649975,0.0019260928228807947,0.9099057237307231,0.009750694781541825,0.08189656262596448,0.0003,293,107,47.72549532289458,5.251884460449219,17.482295513153076,22.734179973602295,497,0.198252099333331,0,0,TRUE,pair,140,2.135348800336942,5.4082949328532415,36,0,7.75,2.135348800336942,0.18523430114146322,2.8044538983376697,cpu,cuda:0,0,535.6367188,51
108,1,DDT500_num50.txt,fixed,1065,8,133.125,5.325352191925049,5.9948954582214355,4.523674306255998e-06,-3.84,-0.331292934,0.25999999046325684,0.036055512726306915,0.2199999988079071,0.3199999928474426,-0.083527834,-0.07562383,0.0018529669653313855,0.8830480138460796,0.0124656564478452,0.08400786643226942,0.0003,296,104,40.66992656697783,6.01495361328125,20.17147183418274,26.18642544746399,501,0.22690369945485145,0,0,TRUE,pair,141,2.7989222997566685,5.381220655038323,44,0,7.553191489361702,2.7989222997566685,0.23175030131824315,2.8418077980168164,cpu,cuda:0,0,416.4013672,51
109,1,DDT500_num50.txt,fixed,1069,8,133.625,4.12121057510376,5.027886390686035,4.848170192417456e-06,-3.88,-0.334069163,0.2574999928474426,0.021065376698970795,0.2199999988079071,0.2800000011920929,-0.00964939,-0.001760541,0.002087047711635629,0.8932373682657878,0.007971428513216475,0.06376405302435159,0.0003,297,103,46.69071090596096,5.049942970275879,17.84540343284607,22.89534640312195,497,0.1987128008622676,0,0,TRUE,pair,141,2.0596680986927822,5.318989710009355,36,0,7.581560283687943,2.0596680986927822,0.18281250190921128,2.677124998648651,cpu,cuda:0,0,450.6464844,48
110,1,DDT500_num50.txt,fixed,1034,8,129.25,4.815340042114258,5.940910339355469,2.154557478206698e-05,-4.04,-0.333332753,0.2475000023841858,0.01984313316643238,0.2199999988079071,0.2800000011920929,-0.06326961,-0.056109271,0.0027348417788743973,0.8527761631541781,0.014439223321258195,0.08410074479050106,0.0003,301,99,56.71934707763379,5.97194766998291,12.258163452148438,18.230111122131348,485,0.21877580101136118,0,0,TRUE,pair,140,2.792491200263612,5.653771758771265,40,0,7.385714285714286,2.792491200263612,0.23991370270960033,2.789424096234143,cpu,cuda:0,0,427.52783203125,46
111,1,DDT500_num50.txt,fixed,1051,8,131.375,3.461845636367798,6.005365371704102,5.0828471103159245e-06,-4.12,-0.346218865,0.24250000715255737,0.023318449035286903,0.2199999988079071,0.2800000011920929,0.019825192598196175,0.02722412347793579,0.0026362756750761317,0.8717072101739737,0.01618750516522246,0.08925889031245159,0.0003,303,97,45.52915164335958,6.028416156768799,17.055695056915283,23.084111213684082,487,0.21354349970351905,0,0,TRUE,pair,136,2.838601900381036,5.364414841191866,40,0,7.727941176470588,2.838601900381036,0.23465479898732156,2.8059451995650306,cpu,cuda:0,0,436.9082031,44
112,1,DDT500_num50.txt,fixed,1064,8,133,5.979130268096924,5.249927043914795,4.789187642018078e-06,-4.08,-0.346367464,0.24500000476837158,0.025980761274695396,0.20000000298023224,0.2800000011920929,-0.01735479,-0.009532489,0.0017480468153595352,0.8696321753355173,0.010163828157461606,0.08905686968221115,0.0003,302,98,54.84824757115187,5.268495321273804,14.130483627319336,19.39897894859314,485,0.1960097993724048,0,0,TRUE,pair,140,2.3303999004419893,5.566729325549047,50,0,7.6,2.3303999004419893,0.1888590008020401,2.6237295031314716,cpu,cuda:0,0,470.6513672,42
113,1,DDT500_num50.txt,fixed,1061,8,132.625,8.802520751953125,5.75752592086792,6.3439056248171255e-06,-3.96,-0.325744099,0.2524999976158142,0.042352691292762756,0.1599999964237213,0.30000001192092896,-0.000637542,0.00744489257534345,0.002263693806404869,0.921427861849467,0.014374038111418486,0.08985487197836241,0.0003,299,101,40.99229839840157,5.775989770889282,20.106920957565308,25.88291072845459,494,0.21477690036408603,0,0,TRUE,pair,142,2.7309883007546887,5.659754952206913,51,0,7.471830985915493,2.7309883007546887,0.19951960165053606,2.7164331981912255,cpu,cuda:0,0,473.7119141,41
114,1,DDT500_num50.txt,fixed,1038,8,129.75,6.456585884094238,5.332679748535156,6.684229902020888e-06,-4,-0.327385132,0.25,0.030000001192092896,0.20000000298023224,0.30000001192092896,-0.045606558,-0.037101725,0.0017421138550465305,0.9375891804695129,0.01408814020299663,0.11142753387490908,0.0003,300,100,47.35889614394013,5.353056907653809,16.56468367576599,21.9177405834198,487,0.20886720006819814,0,0,TRUE,pair,138,2.301111300010234,6.026974957343011,50,0,7.521739130434782,2.301111300010234,0.2131379982456565,2.701078199548647,cpu,cuda:0,0,389.98291015625,41
115,1,DDT500_num50.txt,fixed,1055,8,131.875,5.666513442993164,5.7033491134643555,5.5480368246207945e-06,-4.12,-0.345423849,0.24250000715255737,0.01854049600660801,0.2199999988079071,0.2800000011920929,-0.010145524,-0.001879378,0.0017356231498221557,0.9133957624435425,0.012807040087257823,0.09218595375617346,0.0003,303,97,41.46127336542077,5.723096132278442,19.72233557701111,25.44543170928955,475,0.2101077005499974,0,0,TRUE,pair,141,2.5706228993367404,5.702369672766229,48,0,7.4822695035460995,2.5706228993367404,0.22119489940814674,2.7913140007294714,cpu,cuda:0,0,478.83349609375,39
116,1,DDT500_num50.txt,fixed,1084,8,135.5,5.244044303894043,5.081642150878906,5.2125956244708505e-06,-4.04,-0.332058302,0.2475000023841858,0.022220484912395477,0.20000000298023224,0.2800000011920929,-0.004491381,0.0031643278896808626,0.0020300330283741157,0.8670724074045817,0.009504314030831058,0.07040125417212645,0.0003,301,99,45.42613908231502,5.098661422729492,18.764251470565796,23.862912893295288,501,0.20009449822828174,0,0,TRUE,pair,143,2.0961166998604313,5.2776752749932205,40,0,7.580419580419581,2.0961166998604313,0.17753540177363902,2.703223900985904,cpu,cuda:0,0,384.0439453,39
117,1,DDT500_num50.txt,fixed,1034,8,129.25,6.219927787780762,5.943408966064453,8.879292181518395e-06,-4.12,-0.360671778,0.24250000715255737,0.03230712190270424,0.20000000298023224,0.30000001192092896,0.025351945843015398,0.03366952921663012,0.002081197486924274,0.9358181442533221,0.014291485804798347,0.08976952944483076,0.0003,303,97,71.66520286182902,5.963660955429077,8.464540719985962,14.428201675415039,484,0.2181629012338817,0,0,TRUE,pair,143,2.735286600422114,5.713733073590572,40,0,7.230769230769231,2.735286600422114,0.2711625009542331,2.807549599907361,cpu,cuda:0,0,465.53173828125,39
118,1,DDT500_num50.txt,fixed,1050,8,131.25,3.1523799896240234,4.8996262550354,4.3474633457663e-06,-3.96,-0.346763508,0.2524999976158142,0.013919411227107048,0.23999999463558197,0.2800000011920929,-0.01870954,-0.009958496,0.0018154900421255402,0.9658787505967277,0.016419010386536165,0.105684518947133,0.0003,299,101,45.85714518212033,4.922717809677124,17.974477291107178,22.8971951007843,484,0.19083569874055684,0,0,TRUE,pair,137,2.02217279933393,5.841904760996501,55,0,7.664233576642336,2.02217279933393,0.1809913004981354,2.593402200611308,cpu,cuda:0,0,432.9882813,39
119,1,DDT500_num50.txt,fixed,1023,8,127.875,8.880280494689941,5.8601226806640625,6.294430932030082e-06,-4.16,-0.353841354,0.23999999463558197,0.029999995604157448,0.18000000715255737,0.2800000011920929,-0.047002553,-0.038181141,0.0018440568640541572,0.9743439784416785,0.01399371876882819,0.11563078142129458,0.0003,304,96,45.60337797021794,5.87912130355835,16.55342745780945,22.432548761367798,488,0.21459779900033027,0,0,TRUE,pair,136,2.7382818006444722,6.149560116602878,55,0,7.522058823529412,2.7382818006444722,0.24356950109358877,2.7521274007158354,cpu,cuda:0,0,381.95166015625,39
120,1,DDT500_num50.txt,fixed,1065,8,133.125,6.392133712768555,5.737821578979492,5.331201464287005e-06,-3.84,-0.334873269,0.25999999046325684,0.020000001415610313,0.2199999988079071,0.2800000011920929,-0.028129675,-0.01964697,0.001998505601659417,0.9481957276662191,0.008937735956472655,0.08248496819287539,0.0003,296,104,44.986130833048946,5.75654149055481,17.917421579360962,23.67396306991577,476,0.19267060060519725,0,0,TRUE,pair,143,2.67991340032313,5.340845068183863,32,0,7.4475524475524475,2.67991340032313,0.20696780318394303,2.735207998077385,cpu,cuda:0,0,365.50439453125,40
121,1,DDT500_num50.txt,fixed,1023,8,127.875,12.097908020019531,4.872377395629883,7.040416221570922e-06,-4.24,-0.342908993,0.23499999940395355,0.04769695922732353,0.11999999731779099,0.2800000011920929,-0.053022865,-0.044484262,0.0029056750603818466,0.9991440262113299,0.015482355017281537,0.10523697061996375,0.0003,306,94,46.66742320254978,4.8923821449279785,17.028691053390503,21.92107319831848,483,0.27123890130314976,0,0,TRUE,pair,140,1.9831507997587323,5.522971665521288,40,0,7.307142857142857,1.9831507997587323,0.1732132014585659,2.615491503966041,cpu,cuda:0,0,423.234375,42
122,1,DDT500_num50.txt,fixed,1062,8,132.75,4.943429946899414,5.784798622131348,5.45765078641125e-06,-3.8,-0.320577529,0.26249998807907104,0.015612497925758362,0.23999999463558197,0.2800000011920929,-0.057779698,-0.049178774,0.002210628537630493,0.9706239321015098,0.011537394745656375,0.0741566293026236,0.0003,295,105,59.34893547334902,5.805176496505737,12.08899450302124,17.894170999526978,483,0.20530239958316088,0,0,TRUE,pair,142,2.638654100941494,5.503766476546753,45,0,7.47887323943662,2.638654100941494,0.204398401430808,2.8280086987651885,cpu,cuda:0,0,393.77294921875,42
123,1,DDT500_num50.txt,fixed,1088,8,136,3.1622776985168457,5.207840919494629,4.8040010369732045e-06,-3.8,-0.318008981,0.26249998807907104,0.011989581398665905,0.23999999463558197,0.2800000011920929,-0.031545644,-0.023669693,0.002023113751783967,0.8887508074442546,0.012695611167388657,0.10246499528487524,0.0003,295,105,42.95388911161925,5.226722955703735,20.10276460647583,25.329487562179565,499,0.19972690101712942,0,0,TRUE,pair,141,2.120646699331701,5.299632350092425,36,0,7.716312056737588,2.120646699331701,0.17816640133969486,2.802373502170667,cpu,cuda:0,0,365.6552734,44
124,1,DDT500_num50.txt,fixed,1063,8,132.875,6.753471374511719,5.683304786682129,6.392997420334723e-06,-3.64,-0.327545894,0.2724999785423279,0.024366993457078934,0.23999999463558197,0.30000001192092896,-0.014203382,-0.006182404,0.002347179193748161,0.9194567874073982,0.011019527039024979,0.06757492083124816,0.0003,291,109,75.08438722666595,5.705742835998535,8.451661109924316,14.157403945922852,479,0.2166661994997412,0,0,TRUE,pair,145,2.5188320005545393,5.6331138267678575,35,0,7.3310344827586205,2.5188320005545393,0.21794549899641424,2.827192998956889,cpu,cuda:0,0,398.0136719,44
125,1,DDT500_num50.txt,fixed,1104,8,138,3.240370273590088,5.138813018798828,4.396221356728347e-06,-3.6,-0.327304968,0.2749999761581421,0.027838826179504395,0.23999999463558197,0.3199999928474426,-0.009056365,-0.001437265,0.002014540135860443,0.8626370206475258,0.011939763993723318,0.07803351536858827,0.0003,290,110,65.27901009271162,5.155115842819214,11.756905317306519,16.912021160125732,504,0.20157899986952543,0,0,TRUE,pair,142,2.1167523993644863,5.271739130434782,32,0,7.774647887323944,2.1167523993644863,0.17602139874361455,2.740061999647878,cpu,cuda:0,0,366.38330078125,45
126,1,DDT500_num50.txt,fixed,1083,8,135.375,4.8973846435546875,5.733672618865967,7.736673978797626e-06,-3.52,-0.309038922,0.2800000011920929,0.024494901299476624,0.23999999463558197,0.3199999928474426,0.02805022004758939,0.035694774240255356,0.0015656848772778176,0.8427395820617676,0.017097260148148052,0.0891617329325527,0.0003,288,112,75.72324178931336,5.752493858337402,8.549587965011597,14.302081823348999,477,0.20343390188645571,0,0,TRUE,pair,143,2.643939299858175,5.408125578421525,36,0,7.573426573426573,2.643939299858175,0.19624590128660202,2.779943599482067,cpu,cuda:0,0,438.18505859375,45
127,1,DDT500_num50.txt,fixed,1088,8,136,5.220153331756592,5.147974491119385,5.530077487492235e-06,-3.84,-0.309406382,0.25999999046325684,0.014142137952148914,0.23999999463558197,0.2800000011920929,0.005814368908221905,0.013028811233548017,0.0012987618459961736,0.7863821937487676,0.012832953397614451,0.08210379544358987,0.0003,296,104,46.123459694024184,5.166189193725586,18.422674417495728,23.588863611221313,507,0.27562730107456446,0,0,TRUE,pair,146,2.0848352991743013,5.29136029565159,30,0,7.4520547945205475,2.0848352991743013,0.17986189923249185,2.7763092988170683,cpu,cuda:0,0,421.4882813,46
128,1,DDT500_num50.txt,fixed,1098,8,137.25,6.319612503051758,6.245345115661621,6.1874097809777595e-06,-3.52,-0.301416047,0.2800000011920929,0.02828427590429783,0.23999999463558197,0.3199999928474426,-0.020005461,-0.013675548,0.0017870497656986117,0.7223433911800384,0.012801650085020811,0.05604208298027515,0.0003,288,112,59.86319086391736,6.2644782066345215,12.077343940734863,18.341822147369385,494,0.22447930020280182,0,0,TRUE,pair,145,2.8529227995313704,5.407103821662389,42,0,7.572413793103448,2.8529227995313704,0.24884619750082493,3.0135483008343726,cpu,cuda:0,0,431.78662109375,46
129,1,DDT500_num50.txt,fixed,1080,8,135,4.123105525970459,5.083550453186035,5.34185346623417e-06,-3.48,-0.310142664,0.2824999988079071,0.025372233241796494,0.23999999463558197,0.3199999928474426,0.03931299836507866,0.045210954866239,0.0025884730608335565,0.7192191651889256,0.014870895289017685,0.07612591157002109,0.0003,287,113,74.87090608746799,5.103399753570557,9.321429014205933,14.42482876777649,468,0.18461059813853353,0,0,TRUE,pair,142,2.0886458992026746,5.475925925042894,34,0,7.605633802816901,2.0886458992026746,0.17827589937951416,2.7134890023153275,cpu,cuda:0,0,449.32568359375,47
130,1,DDT500_num50.txt,fixed,1076,8,134.5,4.5552167892456055,6.376531600952148,5.44461590834544e-06,-3.72,-0.285765696,0.26749998331069946,0.03307189419865608,0.2199999988079071,0.3400000035762787,-0.033038387,-0.0274966,0.0029987578047439454,0.7041168332099914,0.011766106418023507,0.08341289398570856,0.0003,293,107,40.2087169628184,6.396266460418701,20.364099979400635,26.760366439819336,486,0.22173490014392883,0,0,TRUE,pair,141,2.971426399308257,5.422862452202127,28,0,7.631205673758865,2.971426399308257,0.24845339986495674,3.021350298426114,cpu,cuda:0,0,393.77294921875,48
131,1,DDT500_num50.txt,fixed,1093,8,136.625,6.163146495819092,6.245926380157471,1.9238177628722042e-05,-3.64,-0.292552222,0.27250000834465027,0.019843142479658127,0.23999999463558197,0.30000001192092896,0.004906577368577321,0.011260508000850678,0.002540197758935392,0.7624029715855917,0.014035946088066945,0.11122751167664925,0.0003,291,109,45.17673087696702,6.263465166091919,17.930405855178833,24.193871021270752,492,0.21632409968879074,0,0,TRUE,pair,143,2.942893900675699,5.405306494137833,36,0,7.643356643356643,2.942893900675699,0.2436657982179895,2.928759900503792,cpu,cuda:0,0,413.6582031,48
132,1,DDT500_num50.txt,fixed,1077,8,134.625,6.040229797363281,5.049910545349121,4.935322067467496e-06,-3.56,-0.295074465,0.2775000035762787,0.02904738113284111,0.23999999463558197,0.3400000035762787,0.0033494453463289472,0.0091062117781904,0.0020883590526257953,0.6800944407780966,0.01355808097610457,0.06690430330733459,0.0003,289,111,60.098535158663985,5.070233345031738,12.85033655166626,17.920569896697998,486,0.19729519996326417,0,0,TRUE,pair,143,2.068202199996449,5.420612810935372,45,0,7.531468531468532,2.068202199996449,0.18144909758120775,2.6946159013314173,cpu,cuda:0,0,371.25439453125,48
133,1,DDT500_num50.txt,fixed,1077,8,134.625,4.948168754577637,5.752510070800781,5.501738087332342e-06,-3.72,-0.311124971,0.26749998331069946,0.02633913978934288,0.2199999988079071,0.30000001192092896,0.09837233647704124,0.10458602011203766,0.0016818270305520855,0.7054597660899162,0.015269654599251226,0.08114043064415455,0.0003,293,107,72.56039885474709,5.773746728897095,9.069060325622559,14.842807054519653,484,0.21144439990166575,0,0,TRUE,pair,144,2.6145531996153295,5.682451254367385,45,0,7.479166666666667,2.6145531996153295,0.2129064033506438,2.8037575980415568,cpu,cuda:0,0,393.77294921875,48
134,1,DDT500_num50.txt,fixed,1087,8,135.875,6.233728885650635,5.061591148376465,6.138989192550071e-06,-3.72,-0.313590632,0.26749998331069946,0.013919414952397346,0.23999999463558197,0.2800000011920929,0.044305884787304836,0.050534578929231924,0.001982378815724091,0.7219880656762556,0.012464654610746286,0.0698072139216079,0.0003,293,107,53.657960347626954,5.07852840423584,15.179416418075562,20.2579448223114,486,0.19904379802756011,0,0,TRUE,pair,146,2.093838500091806,5.573137072323656,55,0,7.445205479452055,2.093838500091806,0.1819253012072295,2.680431299842894,cpu,cuda:0,0,366.8144531,49
135,1,DDT500_num50.txt,fixed,1072,8,134,5.979130268096924,6.003544330596924,5.568490450968966e-06,-3.72,-0.312210506,0.26749998331069946,0.022220494225621223,0.23999999463558197,0.30000001192092896,-0.030709399,-0.024392944,0.0018526124934266721,0.7242760487965175,0.012972866068594158,0.05362576884882791,0.0003,293,107,78.20314091359683,6.024657249450684,7.683232069015503,13.707889318466187,477,0.21629250037949532,0,0,TRUE,pair,144,2.750897901249118,5.669776116734121,54,0,7.444444444444445,2.750897901249118,0.2367427027784288,2.883775500347838,cpu,cuda:0,0,385.02490234375,48
136,1,DDT500_num50.txt,fixed,1098,8,137.25,2.4366986751556396,5.149776935577393,4.469950908969622e-06,-3.36,-0.315301957,0.28999999165534973,0.022360684350132942,0.25999999046325684,0.3400000035762787,0.03395328919092814,0.039285169914364815,0.0015680037904530764,0.6115883588790894,0.01423743503013005,0.07124253051976363,0.0003,284,116,86.72776988121561,5.170426607131958,7.489878177642822,12.66030478477478,479,0.19389729981776327,0,0,TRUE,pair,141,2.087663500220515,5.716757741347905,35,0,7.787234042553192,2.087663500220515,0.1802068998804316,2.775614799116738,cpu,cuda:0,0,374.6865234,49
137,1,DDT500_num50.txt,fixed,1093,8,136.625,5.588772296905518,6.039505958557129,7.360148174484493e-06,-3.28,-0.294660487,0.29499998688697815,0.03278719633817673,0.23999999463558197,0.36000001430511475,-0.035150906,-0.029987165,0.0016528787091374397,0.5990182836850484,0.01617762610161056,0.06056702146306634,0.0003,282,118,40.275985986823116,6.057894468307495,21.079864501953125,27.13775897026062,481,0.21218290028627962,0,0,TRUE,pair,143,2.7776730995392427,5.672461112703846,40,0,7.643356643356643,2.7776730995392427,0.2516939005581662,2.8776785952504724,cpu,cuda:0,0,418.27099609375,50
138,1,DDT500_num50.txt,fixed,1093,8,136.625,5.406882286071777,6.079123497009277,1.9115164832328446e-05,-3.44,-0.287647269,0.2849999666213989,0.02397916093468666,0.23999999463558197,0.3199999928474426,-0.009951465,-0.004551508,0.0019766041853775582,0.6388260881106059,0.00939146076173832,0.053416604300340016,0.0003,286,114,44.34465609991281,6.102533340454102,18.54530692100525,24.64784026145935,474,0.20285470050293952,0,0,TRUE,pair,147,2.812643699347973,5.703568160588438,45,0,7.4353741496598635,2.812643699347973,0.2240655975183472,2.9202298001619056,cpu,cuda:0,0,420.13525390625,50
139,1,DDT500_num50.txt,fixed,1055,8,131.875,6.603739261627197,4.985544681549072,5.228927875577938e-06,-3.68,-0.314599073,0.26999998092651367,0.03999999910593033,0.2199999988079071,0.3199999928474426,-0.027503119,-0.021616971,0.0019308227029713717,0.6851559443907305,0.01023852579634298,0.057630643375556574,0.0003,292,108,51.568164002628365,5.007030248641968,15.45132851600647,20.458358764648438,475,0.19272109970916063,0,0,TRUE,pair,139,2.0616622993256897,5.963981042880017,55,0,7.589928057553957,2.0616622993256897,0.18059340119361877,2.6378532013623044,cpu,cuda:0,0,439.3896484,51
140,1,DDT500_num50.txt,fixed,1092,8,136.5,5.338539123535156,6.112087249755859,5.871586836292408e-06,-3.52,-0.304463628,0.2800000011920929,0.02828427590429783,0.23999999463558197,0.3199999928474426,0.0009560294449329377,0.006736940890550614,0.002039799012709409,0.6800813734531402,0.011368869571015239,0.06066912650130689,0.0003,288,112,58.41919567096586,6.134041786193848,12.558444261550903,18.69248604774475,480,0.22396329941693693,0,0,TRUE,pair,144,2.8164797000354156,5.793956046139364,36,0,7.583333333333333,2.8164797000354156,0.24764389859046787,2.9141081989509985,cpu,cuda:0,0,432.98876953125,50
141,1,DDT500_num50.txt,fixed,1115,8,139.375,4.328322410583496,5.2060980796813965,5.215321380092064e-06,-3.44,-0.299549175,0.2849999666213989,0.019364919513463974,0.25999999046325684,0.3199999928474426,-0.01950923,-0.013896201,0.0015701226721931663,0.6398085289531283,0.014323565863176353,0.055274714094897114,0.0003,286,114,66.17974641900649,5.227733850479126,11.620321035385132,16.848054885864258,486,0.1969208981608972,0,0,TRUE,pair,147,2.1413669988978654,5.380269059578934,34,0,7.585034013605442,2.1413669988978654,0.18385250156279653,2.772362699965015,cpu,cuda:0,0,393.7734375,51
142,1,DDT500_num50.txt,fixed,1070,8,133.75,7.411983489990234,5.589788436889648,6.810596914874623e-06,-3.76,-0.31259765,0.26499998569488525,0.021794501692056656,0.23999999463558197,0.30000001192092896,-0.003089031,0.0021715222724846433,0.001764395723252424,0.6142752596310207,0.010562917259189166,0.05023345058517797,0.0003,294,106,77.29760625032542,5.606865644454956,8.23472809791565,13.842602014541626,486,0.18975649878848344,0,0,TRUE,pair,142,2.516899300273508,5.477570096131797,36,0,7.535211267605634,2.516899300273508,0.20161060139071196,2.7617042005294934,cpu,cuda:0,0,380.9638672,51
143,1,DDT500_num50.txt,fixed,1061,8,132.625,5.935854911804199,5.074869632720947,6.487877271865727e-06,-3.56,-0.312951565,0.2775000035762787,0.023318450897932053,0.23999999463558197,0.3199999928474426,-0.094449826,-0.089329191,0.0015767744043841958,0.5909021645784378,0.01563361422449816,0.03611012879991904,0.0003,289,111,101.40457818501031,5.090951681137085,5.372086763381958,10.463038444519043,471,0.16402349865529686,0,0,TRUE,pair,143,2.259080099523999,5.598491989364049,40,0,7.419580419580419,2.259080099523999,0.18557659827638417,2.533105198177509,cpu,cuda:0,0,416.4013672,51
144,1,DDT500_num50.txt,fixed,1077,8,134.625,5.023382663726807,5.496954917907715,5.304478690959513e-06,-3.8,-0.308988561,0.26249998807907104,0.03230712190270424,0.2199999988079071,0.3199999928474426,-0.035052547,-0.029486272,0.0018724247463978827,0.6502481400966644,0.013316480396315455,0.05442306441254914,0.0003,295,105,67.79114225475278,5.518577575683594,10.368453741073608,15.887031316757202,498,0.17613330204039812,0,0,TRUE,pair,141,2.5628195994067937,5.308263695450325,34,0,7.638297872340425,2.5628195994067937,0.2115451991558075,2.6188768993597478,cpu,cuda:0,0,368.96533203125,51
145,1,DDT500_num50.txt,fixed,1062,8,132.75,4.789310932159424,4.2510223388671875,4.5798715291311964e-06,-3.84,-0.30085652,0.25999999046325684,0.022360684350132942,0.2199999988079071,0.30000001192092896,-0.018756746,-0.012139825,0.0017514224330495512,0.7492636144161224,0.012056934377012243,0.06866644289610642,0.0003,296,104,58.5262578777575,4.267920970916748,13.877780437469482,18.14570140838623,483,0.13972600270062685,0,0,TRUE,pair,141,1.6007531993091106,5.559322030306311,36,0,7.531914893617022,1.6007531993091106,0.16298499808181077,2.400573998806067,cpu,cuda:0,0,416.4013672,52
146,1,DDT500_num50.txt,fixed,1027,8,128.375,4.998437404632568,4.552171230316162,4.7980811359593645e-06,-3.68,-0.308478938,0.27000001072883606,0.028284277766942978,0.2199999988079071,0.30000001192092896,-0.034978448,-0.028975182,0.0023722780438569877,0.7189406018990737,0.013980910240206867,0.0811666500253173,0.0003,292,108,53.671652159914615,4.5758936405181885,14.558974742889404,19.134868383407593,467,0.1423576989909634,0,0,TRUE,pair,136,2.0009869994828478,5.555988315017685,32,0,7.551470588235294,2.0009869994828478,0.17512019898276776,2.2894865013659,cpu,cuda:0,0,416.4013672,51
147,1,DDT500_num50.txt,fixed,1084,8,135.5,4.8218255043029785,4.309380054473877,5.283002792566549e-06,-3.52,-0.300010863,0.2800000011920929,0.030000003054738045,0.2199999988079071,0.3199999928474426,0.04201016507365487,0.04849500378424471,0.0018048046093264763,0.7387241558595137,0.01146239218492569,0.06736231133849784,0.0003,288,112,71.8792313015805,4.327353239059448,10.753498077392578,15.080851316452026,476,0.1383561003021896,0,0,TRUE,pair,142,1.6397652003215626,5.364391145451043,36,0,7.633802816901408,1.6397652003215626,0.1639635980827734,2.418838002369739,cpu,cuda:0,0,486.06396484375,48
148,1,DDT500_num50.txt,fixed,1051,8,131.375,8.65935230255127,5.491696357727051,6.555427262355806e-06,-3.68,-0.305825265,0.26999998092651367,0.02236068621277809,0.23999999463558197,0.30000001192092896,0.013891583494842052,0.02003685776144266,0.002039477066136897,0.7165007293224335,0.013232256408082321,0.07516471464186907,0.0003,292,108,60.50011136669157,5.515451192855835,11.856417655944824,17.37186884880066,470,0.14908780087716877,0,0,TRUE,pair,144,2.7048574001528323,5.411037108877746,30,0,7.298611111111111,2.7048574001528323,0.22347090055700392,2.4606623001163825,cpu,cuda:0,0,389.98291015625,46
149,1,DDT500_num50.txt,fixed,1074,8,134.25,3.9921798706054688,5.107141017913818,4.711406745627755e-06,-3.52,-0.302079503,0.2800000011920929,0.02000001072883606,0.25999999046325684,0.30000001192092896,0.0041467249393463135,0.009697400778532029,0.0020453862263821064,0.6573372304439544,0.01912195312906988,0.08755837203934788,0.0003,288,112,76.27053264914493,5.123349905014038,8.958104133605957,14.081454038619995,463,0.14486649923492223,0,0,TRUE,pair,140,2.1920806997222826,5.177839851024209,30,0,7.671428571428572,2.1920806997222826,0.20925029809586704,2.6049790002871305,cpu,cuda:0,0,405.1230469,44
150,1,DDT500_num50.txt,fixed,1099,8,137.375,2.0577597618103027,5.00606107711792,1.935013096954208e-05,-3.36,-0.284136846,0.28999999165534973,0.026457516476511955,0.23999999463558197,0.3400000035762787,-0.034243538,-0.028542744,0.0015366656838783196,0.6469130686351231,0.01357696157979912,0.0769009934904586,0.0003,284,116,48.992838923734844,5.025290012359619,17.406559705734253,22.431849718093872,470,0.20757580013014376,0,0,TRUE,pair,142,2.091762300231494,5.1683348494296295,35,0,7.73943661971831,2.091762300231494,0.19825420319102705,2.6178295001154765,cpu,cuda:0,0,424.1708984,43
151,1,DDT500_num50.txt,fixed,1054,8,131.75,9.243240356445312,5.032145023345947,6.622287855861941e-06,-3.44,-0.284683994,0.2849999964237213,0.03278719261288643,0.23999999463558197,0.3199999928474426,0.0011098595956961315,0.006594795733690262,0.00202675051211069,0.6498311758041382,0.014612409771264842,0.08483084291219711,0.0003,286,114,85.72615366130749,5.049411296844482,7.245553016662598,12.29496431350708,473,0.146481100236997,0,0,TRUE,pair,140,2.244591499795206,5.388994307400379,48,0,7.5285714285714285,2.244591499795206,0.19463359890505672,2.499857801478356,cpu,cuda:0,0,393.77294921875,42
152,1,DDT500_num50.txt,fixed,1093,8,136.625,4.151430606842041,6.102518081665039,5.168791631149361e-06,-3.08,-0.28013761,0.3074999749660492,0.0171391312032938,0.2800000011920929,0.3199999928474426,0.04544131867587566,0.05070807840675116,0.001909229636657983,0.6221376061439514,0.016089095897041262,0.06043645869940519,0.0003,277,123,71.53475447013584,6.119754076004028,9.159532308578491,15.27928638458252,460,0.14805269928183407,0,0,TRUE,pair,142,3.1642495995620266,5.541628540925552,36,0,7.697183098591549,3.1642495995620266,0.29421080078464,2.5181454041739926,cpu,cuda:0,0,420.13525390625,41
153,1,DDT500_num50.txt,fixed,1096,8,137,4.27200174331665,4.457616329193115,5.168791631149361e-06,-3.44,-0.284268614,0.2849999964237213,0.03570714592933655,0.2199999988079071,0.3400000035762787,0.05114692201217016,0.056350010757644974,0.0019176130493481953,0.6161897877852122,0.01410943993444865,0.05658846333002051,0.0003,286,114,99.70329446003689,4.478569984436035,6.514045715332031,10.992615699768066,487,0.1432801018236205,0,0,TRUE,pair,143,1.7300107994815335,5.342153284453998,39,0,7.664335664335664,1.7300107994815335,0.16825960320420563,2.4701890973374248,cpu,cuda:0,0,445.609375,41
154,1,DDT500_num50.txt,fixed,1072,8,134,4.769696235656738,5.699997901916504,2.019181556534022e-05,-3.52,-0.299174687,0.2799999713897705,0.024494901299476624,0.23999999463558197,0.3199999928474426,0.09178426563739776,0.09757772982120513,0.00228343290121605,0.6935182929039001,0.012476472308238347,0.08853673258175453,0.0003,288,112,54.246989437597435,5.719709873199463,14.041755437850952,19.761465311050415,488,0.1687902983976528,0,0,TRUE,pair,145,2.708738799788989,5.510261194919472,36,0,7.393103448275862,2.708738799788989,0.2562701991992071,2.618089997791685,cpu,cuda:0,0,493.43115234375,41
155,1,DDT500_num50.txt,fixed,1106,8,138.25,3.799670934677124,4.855154991149902,4.69630140287336e-06,-3.4,-0.273227586,0.2874999940395355,0.024366989731788635,0.23999999463558197,0.3199999928474426,0.005762656033039093,0.010772626847028732,0.0017092011015241344,0.586457359790802,0.012315191514790057,0.0786926827703913,0.0003,285,115,48.900132607699774,4.870680332183838,17.746845245361328,22.617525577545166,485,0.14617790142074227,0,0,TRUE,pair,146,2.000275299884379,4.982820977354136,44,0,7.575342465753424,2.000275299884379,0.19148789858445525,2.5670774015598,cpu,cuda:0,0,405.12353515625,40
156,1,DDT500_num50.txt,fixed,1097,8,137.125,4.013648509979248,4.399570465087891,3.7885304209339665e-06,-3.4,-0.282991498,0.2874999940395355,0.028173571452498436,0.2199999988079071,0.3199999928474426,0.00021923409605568105,0.0053980103270574046,0.001831798697821796,0.6094677990133112,0.01288918833332983,0.09031784771518274,0.0003,285,115,73.79872531134185,4.416183948516846,10.44857144355774,14.864755392074585,477,0.1363290990702808,0,0,TRUE,pair,143,1.7163831002544612,5.211485873816115,28,0,7.671328671328672,1.7163831002544612,0.16189049917738885,2.4347516976995394,cpu,cuda:0,0,453.0341797,40
157,1,DDT500_num50.txt,fixed,1082,8,135.25,5.847007751464844,5.201330184936523,5.054811026639072e-06,-3.48,-0.28979274,0.2824999988079071,0.018540505319833755,0.25999999046325684,0.30000001192092896,0.006335345221062502,0.011984462927406033,0.0015499758378913005,0.6424105048179627,0.012761674247061212,0.08560103426376979,0.0003,287,113,52.665753299706225,5.219914674758911,15.324745416641235,20.544660091400146,496,0.15672830189578235,0,0,TRUE,pair,144,2.339477900066413,5.309611830605597,36,0,7.513888888888889,2.339477900066413,0.19067429983988404,2.577149996883236,cpu,cuda:0,0,369.30126953125,39
158,1,DDT500_num50.txt,fixed,1076,8,134.5,4.873397350311279,4.266461372375488,4.889034244115464e-06,-3.4,-0.28491203,0.2874999940395355,0.026339136064052582,0.23999999463558197,0.3199999928474426,0.022730298340320587,0.02790210396051407,0.0019430030370131135,0.6143312624522618,0.011376330313006682,0.04781845957040787,0.0003,285,115,89.50450042084103,4.2825400829315186,7.739201784133911,12.02174186706543,476,0.13441309868358076,0,0,TRUE,pair,142,1.608707899809815,5.160780669588139,32,0,7.577464788732394,1.608707899809815,0.16393930069170892,2.4075100005138665,cpu,cuda:0,0,459.26318359375,39
159,1,DDT500_num50.txt,fixed,1082,8,135.25,4.322904109954834,5.429919242858887,4.42200598627096e-06,-3.56,-0.311930834,0.2775000035762787,0.025372233241796494,0.2199999988079071,0.30000001192092896,-0.038610845,-0.033731086,0.0019205057307974333,0.5840015742513869,0.013795756385661662,0.09538439640568362,0.0003,289,111,75.7244813978123,5.45278000831604,8.835861921310425,14.288641929626465,480,0.14646560116671026,0,0,TRUE,pair,141,2.6542677006218582,5.286506470602673,35,0,7.673758865248227,2.6542677006218582,0.22503200033679605,2.4474670031340793,cpu,cuda:0,0,497.0478516,39
160,1,DDT500_num50.txt,fixed,1097,8,137.125,2.1469454765319824,4.3754119873046875,3.7280310607457068e-06,-3.24,-0.307831939,0.29749998450279236,0.023318449035286903,0.25999999046325684,0.3400000035762787,0.025778643041849136,0.03077230155467987,0.0021271518897265198,0.6057234853506088,0.012906416761688888,0.07281846422702073,0.0003,281,119,75.17282093853403,4.3923070430755615,10.200733184814453,14.593040227890015,467,0.1316211005905643,0,0,TRUE,pair,139,1.6961828010389581,5.167730175807678,48,0,7.892086330935252,1.6961828010389581,0.1644286032533273,2.4272806984372437,cpu,cuda:0,0,424.9775391,39
161,1,DDT500_num50.txt,fixed,1099,8,137.375,4.525966644287109,5.207646369934082,4.62310799775878e-06,-3.36,-0.318584765,0.28999999165534973,0.030000003054738045,0.23999999463558197,0.3400000035762787,-0.048406462,-0.04373621,0.0019267415162175893,0.5633616983890534,0.01687140264548361,0.06690418794751167,0.0003,284,116,98.44551612925892,5.224337816238403,5.939197540283203,11.163535356521606,478,0.14964090171270072,0,0,TRUE,pair,144,2.3392257993109524,4.9344858980048665,33,0,7.631944444444445,2.3392257993109524,0.1923243998317048,2.580803200020455,cpu,cuda:0,0,492.1416016,40
162,1,DDT500_num50.txt,fixed,1085,8,135.625,5.851015090942383,6.02811861038208,4.268291831976967e-06,-3.64,-0.312565089,0.27250000834465027,0.028173569589853287,0.2199999988079071,0.3199999928474426,0.042716724511522516,0.04763240904475634,0.0019730937828381476,0.5902234751444596,0.012382603877295669,0.08554788077106842,0.0003,291,109,56.87655939459548,6.0463621616363525,13.030037879943848,19.0764000415802,501,0.1687386992853135,0,0,TRUE,pair,143,2.956662399810739,5.024884792406987,27,0,7.5874125874125875,2.956662399810739,0.2569814008893445,2.701544197741896,cpu,cuda:0,0,458.05908203125,40
163,1,DDT500_num50.txt,fixed,1056,8,132,3.7749171257019043,4.192747592926025,4.97261362397694e-06,-3.64,-0.335439447,0.27250000834465027,0.024366986006498337,0.23999999463558197,0.3199999928474426,-0.024528853,-0.019280113,0.0022158207033168187,0.635665010322224,0.016357727073640985,0.09503818946805867,0.0003,291,109,63.999440515958725,4.210230350494385,12.289913892745972,16.500144243240356,482,0.13781870086677372,0,0,TRUE,pair,136,1.5805868997704238,5.148674242650017,36,0,7.764705882352941,1.5805868997704238,0.16170010005589575,2.365067097940482,cpu,cuda:0,0,455.54541015625,42
164,1,DDT500_num50.txt,fixed,1046,8,130.75,3.5968737602233887,5.701832294464111,4.7324738261522725e-06,-3.8,-0.347385342,0.26249998807907104,0.025372235104441643,0.23999999463558197,0.30000001192092896,-0.023942726,-0.019138528,0.002289776620455086,0.5949087937672933,0.008155180024914443,0.06222412350277106,0.0003,295,105,45.401328181041116,5.7202537059783936,17.3187198638916,23.038973569869995,492,0.16733719874173403,0,0,TRUE,pair,138,2.739233499392867,5.254302105073947,40,0,7.579710144927536,2.739233499392867,0.2709193021291867,2.5724691993091255,cpu,cuda:0,0,445.60888671875,43
165,1,DDT500_num50.txt,fixed,1071,8,133.875,4.399929046630859,5.72942590713501,5.091227649245411e-06,-3.48,-0.345412408,0.2824999988079071,0.023318450897932053,0.23999999463558197,0.3199999928474426,-0.025654275,-0.020108399,0.001817222983421137,0.6454487880071004,0.013150006781021755,0.09695525219043095,0.0003,287,113,53.51888818046903,5.749403715133667,14.26222276687622,20.011626482009888,475,0.16128239932004362,0,0,TRUE,pair,140,2.734909299411811,5.338001869194536,36,0,7.65,2.734909299411811,0.25314639892894775,2.6244281992549077,cpu,cuda:0,0,426.7207031,43
166,1,DDT500_num50.txt,fixed,1040,8,130,6.480740547180176,4.375392436981201,5.929388862568885e-06,-3.76,-0.36625091,0.26500001549720764,0.02397916093468666,0.2199999988079071,0.30000001192092896,-0.051183716,-0.046434092,0.003485071555977421,0.6492162282977786,0.017601261364429126,0.10597337795687574,0.0003,294,106,49.28091798556817,4.396916389465332,16.706586599349976,21.103502988815308,462,0.13625069870613515,0,0,TRUE,pair,138,1.7984557999297976,5.3298076888689625,36,0,7.536231884057971,1.7984557999297976,0.17057770024985075,2.318359302706085,cpu,cuda:0,0,465.53173828125,46
167,1,DDT500_num50.txt,fixed,1075,8,134.375,3.603383779525757,4.717079162597656,4.5674428292841185e-06,-3.56,-0.362199834,0.2775000035762787,0.02904738113284111,0.23999999463558197,0.3400000035762787,-0.058157319,-0.053257378,0.00332280722213909,0.6561344623565674,0.01092951544560492,0.090478081908077,0.0003,289,111,78.35299689895075,4.73358416557312,8.9863760471344,13.71996021270752,469,0.14471279887948185,0,0,TRUE,pair,139,1.9216509005054832,5.298604648723159,32,0,7.733812949640288,1.9216509005054832,0.19768089975696057,2.499880598625168,cpu,cuda:0,0,435.15966796875,45
168,1,DDT500_num50.txt,fixed,1088,8,136,7.968688488006592,4.739774227142334,5.568490450968966e-06,-3.68,-0.375091124,0.26999998092651367,0.020000005140900612,0.23999999463558197,0.30000001192092896,0.029019907815381885,0.03504421515390277,0.0021753800295603773,0.7111998001734415,0.014943492361150371,0.10107976105064154,0.0003,292,108,54.74194661448243,4.7550389766693115,15.119006395339966,19.875069618225098,477,0.14471470098942518,0,0,TRUE,pair,146,2.0111064998200163,5.176470583633465,48,0,7.4520547945205475,2.0111064998200163,0.17901020136196166,2.4578628997551277,cpu,cuda:0,0,451.84033203125,47
169,1,DDT500_num50.txt,fixed,1078,8,134.75,3.8971142768859863,5.029101371765137,1.5229890777845867e-05,-3.68,-0.363326316,0.26999998092651367,0.02000000886619091,0.23999999463558197,0.30000001192092896,-0.005311498,-0.000147101,0.001949773428754674,0.6139284041192796,0.013012760486971173,0.0806209094201525,0.0003,292,108,66.16065295871276,5.048562526702881,11.245109796524048,16.29367232322693,488,0.15565459907520562,0,0,TRUE,pair,143,2.232374099083245,5.040816327415282,30,0,7.538461538461538,2.232374099083245,0.20320810051634908,2.4978629976976663,cpu,cuda:0,0,405.1230469,47
170,1,DDT500_num50.txt,fixed,1093,8,136.625,3.159806251525879,5.630093097686768,4.83055100630736e-06,-3.44,-0.359377659,0.2849999964237213,0.019364919513463974,0.25999999046325684,0.3199999928474426,-0.011637647,-0.006692778,0.0021275084698572757,0.6008626699447632,0.01175896911881864,0.05515718497335911,0.0003,286,114,98.76823555731589,5.648438453674316,5.417872428894043,11.06631088256836,472,0.15935160021763295,0,0,TRUE,pair,141,2.643586600315757,5.192131744866401,32,0,7.75177304964539,2.643586600315757,0.24528679996728897,2.6328549998579547,cpu,cuda:0,0,395.77197265625,47
171,1,DDT500_num50.txt,fixed,1042,8,130.25,4.84122896194458,4.190537929534912,5.299117674439913e-06,-3.64,-0.340445597,0.2724999785423279,0.02989565208554268,0.23999999463558197,0.3199999928474426,0.03877599537372589,0.043653398752212524,0.0021326447604224086,0.5943727195262909,0.022732598008587956,0.041129243560135365,0.0003,291,109,198.74707017944996,4.207517623901367,1.0353269577026367,5.242844581604004,469,0.13534089922904968,0,0,TRUE,pair,136,1.6367572001181543,5.238963530754631,32,0,7.661764705882353,1.6367572001181543,0.1583911016350612,2.3124892010819167,cpu,cuda:0,0,200.1601563,46
172,1,DDT500_num50.txt,fixed,1055,8,131.875,5.348773002624512,4.199750900268555,5.80097457714146e-06,-3.6,-0.319247494,0.2749999761581421,0.019364917650818825,0.25999999046325684,0.3199999928474426,-0.010408578,-0.005438973,0.002081426768563688,0.6010318517684936,0.010257573216222227,0.05319016855210066,0.0003,290,110,68.25181260613468,4.216489553451538,11.240975379943848,15.457464933395386,471,0.13632820011116564,0,0,TRUE,pair,142,1.5870567999081686,5.508056871359948,30,0,7.429577464788732,1.5870567999081686,0.16021459957119077,2.367974598542787,cpu,cuda:0,0,434.0605469,48
173,1,DDT500_num50.txt,fixed,1050,8,131.25,7.258615493774414,5.752257347106934,5.820539172418648e-06,-3.88,-0.346453995,0.2574999928474426,0.027271782979369164,0.2199999988079071,0.30000001192092896,0.006044462323188782,0.01105291893084844,0.0024214635292689004,0.6219180027643839,0.014494214342751851,0.06444274719494085,0.0003,297,103,81.92951424772039,5.769428014755249,7.04646635055542,12.815894365310669,489,0.16220099886413664,0,0,TRUE,pair,141,2.8922436997527257,5.240952381406512,28,0,7.446808510638298,2.8922436997527257,0.2511959010735154,2.4988514030119404,cpu,cuda:0,0,419.26513671875,48
174,1,DDT500_num50.txt,fixed,1102,8,137.75,3.766629695892334,5.166190147399902,4.759422608913155e-06,-3.32,-0.306078852,0.29249998927116394,0.022220488637685776,0.25999999046325684,0.3199999928474426,0.08286299982241221,0.08739046646015984,0.0024593550146424343,0.5757153843130384,0.018245745649827377,0.07399371851767812,0.0003,283,117,103.40591282182864,5.182798862457275,5.474231958389282,10.657030820846558,484,0.14929229975678027,0,0,TRUE,pair,142,2.288526399061084,5.120689659066728,39,0,7.76056338028169,2.288526399061084,0.19698149943724275,2.585610002395697,cpu,cuda:0,0,472.7373047,48
175,1,DDT500_num50.txt,fixed,1106,8,138.25,5.165994644165039,4.3355560302734375,5.751770913775545e-06,-3.48,-0.322110165,0.2824999988079071,0.021065378561615944,0.25999999046325684,0.3199999928474426,-0.006217665,-0.001080551,0.002616086384902398,0.6445157408714295,0.015637874044477938,0.08361830438176791,0.0003,287,113,49.69573721280236,4.3518712520599365,17.9035587310791,22.255429983139038,481,0.13914529792964458,0,0,TRUE,pair,147,1.6363590008113533,5.063291137947096,40,0,7.523809523809524,1.6363590008113533,0.16241860028821975,2.449932705028914,cpu,cuda:0,0,408.6113281,49
176,1,DDT500_num50.txt,fixed,1052,8,131.5,6.480740547180176,5.385859966278076,4.774328317580512e-06,-3.64,-0.340748448,0.2724999785423279,0.024366991594433784,0.2199999988079071,0.30000001192092896,-0.091021366,-0.085913973,0.002983052539639175,0.6598920702934266,0.014618977004041274,0.09272178076207638,0.0003,291,109,52.20371366462796,5.403504133224487,14.748318910598755,20.151823043823242,461,0.15004340070299804,0,0,TRUE,pair,146,2.55635990051087,5.444866918339022,39,0,7.205479452054795,2.55635990051087,0.20770810125395656,2.5217957992572337,cpu,cuda:0,0,443.0966797,49
177,1,DDT500_num50.txt,fixed,1082,8,135.25,4.322904109954834,4.297323226928711,4.7324738261522725e-06,-3.44,-0.344030299,0.2849999964237213,0.021794496104121208,0.23999999463558197,0.3199999928474426,-0.094276972,-0.089262321,0.002277256062370725,0.6153284534811974,0.010015582462074235,0.06165921222418547,0.0003,286,114,80.22288792233232,4.313605785369873,9.173816919326782,13.487422704696655,476,0.13812860019970685,0,0,TRUE,pair,143,1.6208269995404407,5.31977819030254,35,0,7.566433566433567,1.6208269995404407,0.16135850420687348,2.429275600006804,cpu,cuda:0,0,446.8046875,50
178,1,DDT500_num50.txt,fixed,1084,8,135.5,4.031128883361816,5.468616008758545,4.812867246073438e-06,-3.32,-0.328560039,0.29249998927116394,0.01984313502907753,0.25999999046325684,0.3199999928474426,-0.06720602,-0.061813686,0.002116769591035942,0.6450717051823934,0.017278696125787165,0.06784958764910698,0.0003,283,117,64.6478184057445,5.485255479812622,11.28251838684082,16.767773866653442,483,0.15185060061048716,0,0,TRUE,pair,141,2.59121540049091,5.249077489895134,30,0,7.6879432624113475,2.59121540049091,0.23225850041490048,2.541665700264275,cpu,cuda:0,0,379.85595703125,50
179,1,DDT500_num50.txt,fixed,1070,8,133.75,5.356071472167969,5.026639938354492,4.97547080158256e-06,-3.6,-0.340423313,0.2749999761581421,0.021794503554701805,0.23999999463558197,0.30000001192092896,-0.027758233,-0.022172825,0.0021023161825723946,0.663656747341156,0.015878157573752105,0.07448534630239009,0.0003,290,110,76.74358994528313,5.0458149909973145,8.896717548370361,13.942532539367676,474,0.14707560103852302,0,0,TRUE,pair,139,2.287115700542927,5.111214952825386,35,0,7.697841726618705,2.287115700542927,0.20066300057806075,2.4427138007013127,cpu,cuda:0,0,468.5800781,50
180,1,DDT500_num50.txt,fixed,1084,8,135.5,6.041522979736328,4.603422164916992,4.909339168079896e-06,-3.52,-0.339608307,0.2800000011920929,0.020000003278255463,0.25999999046325684,0.3199999928474426,-0.022771352,-0.017231174,0.0018971473289032777,0.6488752404848734,0.009450273060550293,0.07081348299980164,0.0003,288,112,51.49791637130136,4.619688272476196,16.429707050323486,21.049395322799683,474,0.14438159973360598,0,0,TRUE,pair,145,1.8206716000568122,4.90036900061083,30,0,7.475862068965517,1.8206716000568122,0.17992980079725385,2.5115698003210127,cpu,cuda:0,0,424.17041015625,50
181,1,DDT500_num50.txt,fixed,1064,8,133,3.316624879837036,4.2356181144714355,4.174027708359063e-06,-3.76,-0.341980649,0.26499998569488525,0.031224992126226425,0.2199999988079071,0.3199999928474426,-0.057023374,-0.051313733,0.001745294826105237,0.6582286834716797,0.010276905214414,0.0668777372688055,0.0003,294,106,121.3188489254554,4.251124382019043,4.519153356552124,8.770277738571167,477,0.1403393989894539,0,0,TRUE,pair,139,1.5687917998293415,5.209586464820948,25,0,7.654676258992806,1.5687917998293415,0.1617567006032914,2.4191226976690814,cpu,cuda:0,0,416.4013672,50
182,1,DDT500_num50.txt,fixed,1073,8,134.125,5.06057071685791,5.1738362312316895,3.2133924833033234e-05,-3.52,-0.316135797,0.2800000011920929,0.030000001192092896,0.23999999463558197,0.3199999928474426,-0.012539099,-0.00707843,0.0017430575874944527,0.6332198659578959,0.011695497141530117,0.08099583722651005,0.0003,288,112,49.01076824017219,5.192384481430054,16.700763463974,21.893147945404053,479,0.15249479888007045,0,0,TRUE,pair,144,2.2724988993722945,5.277726004752508,28,0,7.451388888888889,2.2724988993722945,0.20352959947194904,2.600859999889508,cpu,cuda:0,0,400.38037109375,51
183,1,DDT500_num50.txt,fixed,1081,8,135.125,6.253748893737793,4.366328716278076,5.026618964620866e-06,-3.68,-0.330606685,0.26999998092651367,0.036055512726306915,0.2199999988079071,0.3199999928474426,0.0051290739327669145,0.010671047866344452,0.002125851507298648,0.6604899843533834,0.011588083696551621,0.07278894769648711,0.0003,292,108,53.90252354049323,4.382721900939941,15.671997785568237,20.05471968650818,484,0.1415808986639604,0,0,TRUE,pair,148,1.7055858002277091,5.123034229331497,32,0,7.304054054054054,1.7055858002277091,0.15974659996572882,2.4155591998714954,cpu,cuda:0,0,458.05908203125,51
184,1,DDT500_num50.txt,fixed,1089,8,136.125,5.325352191925049,5.843029022216797,1.9676395822898485e-05,-3.52,-0.306940707,0.2800000011920929,0.02828427404165268,0.2199999988079071,0.3199999928474426,-0.027707562,-0.022914043,0.0022932054474949838,0.5940128207206726,0.013649414759129286,0.08625871911644936,0.0003,288,112,92.3721265977839,5.862291574478149,5.926979064941406,11.789270639419556,482,0.21386519959196448,0,0,TRUE,pair,144,2.861043900367804,5.156106518648216,30,0,7.5625,2.861043900367804,0.26071039983071387,2.609106799121946,cpu,cuda:0,0,440.5820313,52
185,1,DDT500_num50.txt,fixed,1099,8,137.375,5.097486972808838,5.743687152862549,1.544209044368472e-05,-3.6,-0.31777916,0.2750000059604645,0.034278273582458496,0.2199999988079071,0.3199999928474426,0.0063312719265619915,0.011413914213577906,0.0025701456858466067,0.636771559715271,0.011207860941067339,0.062238549689451854,0.0003,290,110,47.51963817143714,5.769740343093872,17.357540130615234,23.127280473709106,494,0.16382449807133526,0,0,TRUE,pair,146,2.674109300132841,5.217470427878452,48,0,7.527397260273973,2.674109300132841,0.26384899765253067,2.68827339890413,cpu,cuda:0,0,445.609375,52
186,1,DDT500_num50.txt,fixed,1062,8,132.75,5.165994644165039,4.260197162628174,5.751770913775545e-06,-3.72,-0.316797219,0.26750001311302185,0.022220490500330925,0.23999999463558197,0.30000001192092896,-0.016668935,-0.010903235,0.002090427869309982,0.681091363231341,0.01306408994908755,0.06697697440783183,0.0003,293,107,65.30920023453746,4.280537843704224,11.980570793151855,16.26110863685608,484,0.20110620115883648,0,0,TRUE,pair,139,1.582487800391391,5.219397363016161,39,0,7.640287769784172,1.582487800391391,0.16190010053105652,2.43057269975543,cpu,cuda:0,0,407.3632813,49
187,1,DDT500_num50.txt,fixed,1100,8,137.5,6.103277683258057,5.360853672027588,5.501738087332342e-06,-3.36,-0.317910329,0.28999999165534973,0.01000000536441803,0.2800000011920929,0.30000001192092896,-0.028879337,-0.023313288,0.001833064015954733,0.648258489370346,0.011816653446294368,0.05198274217545986,0.0003,284,116,63.25300497860242,5.378288984298706,12.012189149856567,17.390478134155273,482,0.15298489900305867,0,0,TRUE,pair,147,2.470324500114657,5.160909085707231,35,0,7.482993197278912,2.470324500114657,0.21915479947347194,2.5694324009818956,cpu,cuda:0,0,386.125,46
188,1,DDT500_num50.txt,fixed,1087,8,135.875,5.577578067779541,4.304983615875244,5.269535904517397e-06,-3.48,-0.330960177,0.2824999988079071,0.01854049786925316,0.25999999046325684,0.3199999928474426,-0.038919614,-0.033225703,0.0017265010909694764,0.6557169953982035,0.01943996033838226,0.06742238667276171,0.0003,287,113,85.02975603264038,4.320956468582153,8.462803602218628,12.783760070800781,482,0.14071289997082204,0,0,TRUE,pair,144,1.6190970006864518,5.222631094317537,35,0,7.548611111111111,1.6190970006864518,0.16411809937562793,2.434984001214616,cpu,cuda:0,0,421.4882813,44
189,1,DDT500_num50.txt,fixed,1063,8,132.875,7.801241874694824,5.315997123718262,6.518470399896614e-06,-3.56,-0.332143649,0.2775000035762787,0.021065374836325645,0.23999999463558197,0.3199999928474426,-0.038977626,-0.033025591,0.0018453558441251516,0.687471563165838,0.009511169628240168,0.06087346349588849,0.0003,289,111,61.07756992009529,5.332916736602783,12.071181058883667,17.40409779548645,460,0.1454868986038491,0,0,TRUE,pair,147,2.547610499779694,5.415804324683892,35,0,7.2312925170068025,2.547610499779694,0.2183143994770944,2.4507502996129915,cpu,cuda:0,0,432.9882813,43
190,1,DDT500_num50.txt,fixed,1066,8,133.25,4.892596244812012,5.750779151916504,5.218045316723874e-06,-3.48,-0.32957084,0.2824999988079071,0.025372236967086792,0.23999999463558197,0.30000001192092896,-0.023243991,-0.017381429,0.0016778753022663295,0.6701498568058014,0.015199330518953502,0.08561374582350254,0.0003,287,113,61.97751291239752,5.767987966537476,11.431798696517944,17.19978666305542,460,0.21450650109909475,0,0,TRUE,pair,140,2.825744099682197,5.344277671309394,28,0,7.614285714285714,2.825744099682197,0.2573976048734039,2.5605942002730444,cpu,cuda:0,0,396.89111328125,43
191,1,DDT500_num50.txt,fixed,1086,8,135.75,7.5124897956848145,4.971607685089111,6.679976195300696e-06,-3.64,-0.323368211,0.2724999785423279,0.028173573315143585,0.23999999463558197,0.3199999928474426,0.008076411485671998,0.012907318770885468,0.002201267541386187,0.5931545972824097,0.010337410937063396,0.07506045158952475,0.0003,291,109,77.03084154808478,4.9895710945129395,9.108678102493286,14.098249197006226,488,0.14617309940513223,0,0,TRUE,pair,146,2.2308363997144625,5.353591158903765,36,0,7.438356164383562,2.2308363997144625,0.18577720155008137,2.462041601189412,cpu,cuda:0,0,477.859375,41
192,1,DDT500_num50.txt,fixed,1091,8,136.375,5.829611778259277,4.534791469573975,3.9859423850430176e-06,-3.44,-0.322869556,0.2849999666213989,0.02958039939403534,0.23999999463558197,0.3199999928474426,-0.039581161,-0.034773478,0.0023177711096090767,0.5966565402654501,0.01462338689284829,0.0881619444833352,0.0003,286,114,54.12572008221316,4.5504961013793945,15.606279611587524,20.15677571296692,486,0.14343200041912496,0,0,TRUE,pair,143,1.742612999980338,5.165902839681624,36,0,7.629370629370629,1.742612999980338,0.16661209799349308,2.5371114995796233,cpu,cuda:0,0,386.125,41
193,1,DDT500_num50.txt,fixed,1080,8,135,5.678908348083496,5.137884616851807,5.288379725243431e-06,-3.44,-0.308698431,0.2849999964237213,0.025980768725275993,0.25999999046325684,0.3400000035762787,-0.015614126,-0.010330917,0.0016809405808869218,0.6123676981244769,0.01354674918444029,0.08833096442478043,0.0003,286,114,61.13322362003962,5.158364772796631,12.507970094680786,17.666334867477417,476,0.14491089980583638,0,0,TRUE,pair,143,2.270532100345008,5.315740738533162,35,0,7.5524475524475525,2.270532100345008,0.20327470160555094,2.5662195016629994,cpu,cuda:0,0,383.06103515625,40
194,1,DDT500_num50.txt,fixed,1105,8,138.125,3.9191038608551025,5.13079833984375,2.2055330191506073e-05,-3.48,-0.307495943,0.2824999988079071,0.025372227653861046,0.23999999463558197,0.3199999928474426,-0.087863921,-0.082368399,0.001956647944947084,0.6473849972089132,0.015817048400640486,0.11257289325197538,0.0003,287,113,56.2051318917397,5.147974491119385,14.512151956558228,19.660126447677612,470,0.14846260007470846,0,0,TRUE,pair,143,2.2241110999602824,5.207239816631128,30,0,7.7272727272727275,2.2241110999602824,0.2037089962977916,2.603886900935322,cpu,cuda:0,0,471.6367188,39
195,1,DDT500_num50.txt,fixed,1085,8,135.625,11.39009952545166,5.407998561859131,7.537572400906356e-06,-3.72,-0.298693823,0.26749998331069946,0.024366989731788635,0.2199999988079071,0.30000001192092896,0.012379555031657219,0.01772626272092263,0.0017558581312187016,0.6224636832873026,0.015561490358474353,0.0856993372241656,0.0003,293,107,54.492503296112716,5.424042224884033,14.486953496932983,19.910995721817017,476,0.22670040116645396,0,0,TRUE,pair,147,2.4523561004316434,5.116129031818583,35,0,7.380952380952381,2.4523561004316434,0.2365804995642975,2.612363100866787,cpu,cuda:0,0,393.77294921875,40
196,1,DDT500_num50.txt,fixed,1079,8,134.875,4.313858509063721,5.141905784606934,4.842304406338371e-06,-3.52,-0.280574891,0.2800000011920929,0.014142143540084362,0.25999999046325684,0.30000001192092896,0.01980258375406265,0.02511446699500084,0.0018655827036127449,0.6244670271873474,0.019736051745712756,0.09846482127904892,0.0003,288,112,98.20003574615698,5.159080266952515,5.828695774078369,10.987776041030884,473,0.14631740027107298,0,0,TRUE,pair,143,2.3505587996914983,5.24930491239744,36,0,7.545454545454546,2.3505587996914983,0.20048760168720037,2.495426499284804,cpu,cuda:0,0,406.24365234375,40
197,1,DDT500_num50.txt,fixed,1078,8,134.75,4.630064964294434,5.905819416046143,9.161293746728916e-06,-3.6,-0.292850137,0.2750000059604645,0.029580404981970787,0.2199999988079071,0.30000001192092896,0.014695042123397192,0.019776179765661556,0.0017739067940662305,0.5968090891838074,0.016733160863320034,0.07655183939884107,0.0003,290,110,87.5007709386866,5.924748420715332,6.395143032073975,12.319891452789307,486,0.16408290050458163,0,0,TRUE,pair,140,2.903329500113614,5.381261594662639,48,0,7.7,2.903329500113614,0.27116770134307444,2.6139725974062458,cpu,cuda:0,0,391.7958984,39
198,1,DDT500_num50.txt,fixed,1072,8,134,6.982120037078857,4.413296222686768,5.468056315294234e-06,-3.56,-0.299057939,0.2775000035762787,0.027271781116724014,0.2199999988079071,0.3199999928474426,0.03701538722962141,0.042068567126989365,0.0018414852791465818,0.5973913669586182,0.014444001205265521,0.07387168165296316,0.0003,289,111,78.78838339818581,4.429364204406738,9.176702499389648,13.606066703796387,475,0.20632880018092692,0,0,TRUE,pair,144,1.6783877004636452,5.373134324354912,40,0,7.444444444444445,1.6783877004636452,0.16344910219777375,2.4836258015129715,cpu,cuda:0,0,474.81005859375,39
199,1,DDT500_num50.txt,fixed,1083,8,135.375,6.362733364105225,5.526139259338379,5.215321380092064e-06,-3.48,-0.300951768,0.2824999988079071,0.02331845462322235,0.25999999046325684,0.3199999928474426,-0.065840962,-0.061003012,0.001987566084911426,0.5831731855869293,0.022855552398444463,0.10019948581854503,0.0003,287,113,84.77346799800259,5.54279351234436,7.2324299812316895,12.77522349357605,481,0.1585066991392523,0,0,TRUE,pair,147,2.605881700757891,5.303785783322124,36,0,7.36734693877551,2.605881700757891,0.24747920071240515,2.5590806007385254,cpu,cuda:0,0,436.9082031,39
200,1,DDT500_num50.txt,fixed,1090,8,136.25,7.2413740158081055,5.3770575523376465,5.744353984482586e-06,-3.52,-0.306904972,0.2799999713897705,0.030000006780028343,0.2199999988079071,0.30000001192092896,-0.044439028,-0.039655074,0.0021651277255097575,0.5866517966443842,0.01579783552072265,0.09654724834994836,0.0003,288,112,59.07638437940327,5.395234823226929,13.05545425415039,18.45068907737732,493,0.1631290001096204,0,0,TRUE,pair,149,2.482493499177508,5.42018348689473,36,0,7.315436241610739,2.482493499177508,0.20402300043497235,2.5922205983661115,cpu,cuda:0,0,426.72119140625,39
201,1,DDT500_num50.txt,fixed,1064,8,133,5.5677642822265625,4.165648460388184,4.504786375036929e-06,-3.44,-0.293275314,0.2849999964237213,0.016583124175667763,0.25999999046325684,0.3199999928474426,-0.005922613,-0.001190721,0.0018566191678733698,0.5660202971526554,0.015404157772926348,0.09557444296245064,0.0003,286,114,61.931136049875086,4.18251633644104,12.997856378555298,17.180372714996338,471,0.1335382021497935,0,0,TRUE,pair,140,1.5826807997655123,5.251879697679577,36,0,7.6,1.5826807997655123,0.16100870235823095,2.3376585990190506,cpu,cuda:0,0,402.75732421875,40
202,1,DDT500_num50.txt,fixed,1069,8,133.625,6.401904106140137,5.362462520599365,6.406321062968345e-06,-3.76,-0.310817734,0.26499998569488525,0.029580406844615936,0.2199999988079071,0.30000001192092896,0.0221817413965861,0.02687454322973887,0.0024259610179190832,0.5905782242616018,0.014122787459443013,0.07503874823451043,0.0003,294,106,46.45494262356695,5.3798582553863525,17.631686687469482,23.011544942855835,472,0.1627629993017763,0,0,TRUE,pair,143,2.4556687005097046,5.385406920796137,45,0,7.475524475524476,2.4556687005097046,0.22318369697313756,2.58005179814063,cpu,cuda:0,0,425.7841797,42
203,1,DDT500_num50.txt,fixed,1101,8,137.625,4.7942023277282715,4.46571683883667,5.2316445362521335e-06,-3.48,-0.282921793,0.2824999988079071,0.032307129353284836,0.25999999046325684,0.36000001430511475,-0.020070346,-0.015256739,0.0018688388479252656,0.5748028556505839,0.01962795245150725,0.08820451721549034,0.0003,287,113,57.01211232260771,4.4870359897613525,14.824649810791016,19.311685800552368,475,0.14215219975449145,0,0,TRUE,pair,145,1.7433932005660608,5.491371479606109,36,0,7.593103448275862,1.7433932005660608,0.17019000160507858,2.4619671986438334,cpu,cuda:0,0,384.04443359375,42
204,1,DDT500_num50.txt,fixed,1097,8,137.125,2.6663410663604736,4.306492805480957,4.187624199403217e-06,-3.28,-0.281888604,0.29499998688697815,0.03427828103303909,0.25999999046325684,0.36000001430511475,0.015631979890167715,0.020461056753993033,0.0015487807802855968,0.5603466749191284,0.014223839389160275,0.05517406165599823,0.0003,282,118,122.07070109652811,4.321922540664673,4.6646728515625,8.986595392227173,470,0.1376634993357584,0,0,TRUE,pair,143,1.6186698998790234,5.411121239310084,36,0,7.671328671328672,1.6186698998790234,0.1637944997055456,2.4369765985757113,cpu,cuda:0,0,423.23681640625,42
205,1,DDT500_num50.txt,fixed,1085,8,135.625,3.497767210006714,4.879601001739502,4.632320269593038e-06,-3.32,-0.284559933,0.29249998927116394,0.028173575177788734,0.25999999046325684,0.3400000035762787,-0.004782389,-0.000162727,0.0016556794289499521,0.5447499666895185,0.014099392840372664,0.07197728673262256,0.0003,283,117,82.31677628592587,4.894978284835815,8.285809993743896,13.180788278579712,478,0.14357829897198826,0,0,TRUE,pair,144,2.1013102998258546,5.20460829624932,32,0,7.534722222222222,2.1013102998258546,0.19996499898843467,2.4810514978598803,cpu,cuda:0,0,367.1982422,43
206,1,DDT500_num50.txt,fixed,1092,8,136.5,4.153311729431152,5.794752597808838,4.167212864558678e-06,-3.56,-0.294367149,0.2774999737739563,0.01561250351369381,0.25999999046325684,0.30000001192092896,0.016727107763290405,0.021535042424996695,0.0016681131906807422,0.5641993363698323,0.010623343599339327,0.06198843891421954,0.0003,289,111,54.765128266249846,5.815501928329468,14.124193906784058,19.939695835113525,493,0.16354900016449392,0,0,TRUE,pair,143,2.7919720999198034,5.381868133614788,30,0,7.636363636363637,2.7919720999198034,0.25233030191157013,2.6359762009233236,cpu,cuda:0,0,436.3955078,44
207,1,DDT500_num50.txt,fixed,1059,8,132.375,5.914759159088135,4.696499347686768,4.653744781535352e-06,-3.64,-0.299950337,0.2724999785423279,0.03307189419865608,0.23999999463558197,0.3199999928474426,-0.036384348,-0.030782512,0.0020925456968446574,0.6648114323616028,0.010543292052009039,0.04329518497818046,0.0003,291,109,69.3155777141178,4.71575140953064,10.562199592590332,15.277951002120972,484,0.14695200161077082,0,0,TRUE,pair,138,1.9990296992473304,5.408876301096339,33,0,7.673913043478261,1.9990296992473304,0.17602199886459857,2.430474201682955,cpu,cuda:0,0,365.4394531,45
208,1,DDT500_num50.txt,fixed,1094,8,136.75,4.235268592834473,5.335272312164307,4.42200598627096e-06,-3.56,-0.307725788,0.2775000035762787,0.027271784842014313,0.23999999463558197,0.3199999928474426,-0.023524331,-0.018401872,0.0018473390916672846,0.6046126067638398,0.010284105315804482,0.06788582801818847,0.0003,289,111,53.648029314664356,5.359869003295898,15.03230595588684,20.39217495918274,486,0.2115320999873802,0,0,TRUE,pair,144,2.387269099475816,5.133455208058331,44,0,7.597222222222222,2.387269099475816,0.23020140104927123,2.6133510989602655,cpu,cuda:0,0,424.9775391,45
209,1,DDT500_num50.txt,fixed,1061,8,132.625,7.330373287200928,4.277345657348633,6.262743681872962e-06,-3.6,-0.309369859,0.2749999761581421,0.027838826179504395,0.2199999988079071,0.30000001192092896,-0.042911915,-0.037605883,0.002364269333026771,0.6488167686121804,0.009471834745324616,0.04432486027612218,0.0003,290,110,51.99665316912192,4.292824983596802,16.112334489822388,20.40515947341919,468,0.1360625005327165,0,0,TRUE,pair,143,1.656806300044991,5.180018849691954,28,0,7.419580419580419,1.656806300044991,0.16092719684820622,2.374862002558075,cpu,cuda:0,0,353.9511719,47
210,1,DDT500_num50.txt,fixed,1065,8,133.125,6.050568103790283,5.553524494171143,4.093689494766295e-05,-3.56,-0.304343807,0.2774999737739563,0.011989585123956203,0.25999999046325684,0.30000001192092896,-0.012497732,-0.006797283,0.002354463232525935,0.687768558661143,0.009361032862216234,0.04602608736604452,0.0003,289,111,89.00437831522315,5.571750640869141,6.3939528465271,11.96570348739624,463,0.15408310084603727,0,0,TRUE,pair,141,2.602428700425662,5.139906100599979,33,0,7.553191489361702,2.602428700425662,0.242576599936001,2.6048297008965164,cpu,cuda:0,0,466.5048828,47
211,1,DDT500_num50.txt,fixed,1069,8,133.625,6.49879789352417,5.416892051696777,1.697717743809335e-05,-3.48,-0.330658807,0.2824999988079071,0.02904738113284111,0.23999999463558197,0.3400000035762787,0.011035436019301414,0.01652159740527471,0.0021833532528641323,0.6577842195828756,0.010369264241307973,0.0705134446422259,0.0003,287,113,56.114204021269906,5.437711000442505,13.61272406578064,19.050435066223145,483,0.15701499988790601,0,0,TRUE,pair,142,2.5209544001845643,5.243217962049122,32,0,7.528169014084507,2.5209544001845643,0.22468739887699485,2.5677165009547025,cpu,cuda:0,0,366.8144531,47
212,1,DDT500_num50.txt,fixed,1110,8,138.75,2.384848117828369,5.241702556610107,4.201176125206985e-06,-3.52,-0.333232054,0.2799999713897705,0.020000003278255463,0.25999999046325684,0.3199999928474426,-0.047004749,-0.041097896,0.0018826753948815167,0.684819221496582,0.018659958528587595,0.07050527166575193,0.0003,288,112,74.57851473517891,5.257821083068848,9.625822067260742,14.88364315032959,488,0.15199429949279875,0,0,TRUE,pair,142,2.3954903001431376,5.184684685543851,36,0,7.816901408450704,2.3954903001431376,0.19970329978968948,2.548327303957194,cpu,cuda:0,0,386.125,48
213,1,DDT500_num50.txt,fixed,1063,8,132.875,5.644411087036133,5.069369316101074,5.102380328025902e-06,-3.72,-0.33297826,0.26750001311302185,0.03307189792394638,0.20000000298023224,0.30000001192092896,0.025012324998776116,0.03125542663037777,0.0024116817396134136,0.7448943177858989,0.00728402278618887,0.05332816264902552,0.0003,293,107,57.91965779773283,5.088424921035767,13.264584064483643,18.35300898551941,468,0.14875029970426112,0,0,TRUE,pair,138,2.3416541998740286,5.199435555250826,35,0,7.702898550724638,2.3416541998740286,0.20076850324403495,2.4357845986960456,cpu,cuda:0,0,373.5683594,48
214,1,DDT500_num50.txt,fixed,1037,8,129.625,7.279036521911621,5.406447410583496,2.983949161716737e-05,-3.92,-0.342264874,0.2549999952316284,0.025980764999985695,0.2199999988079071,0.30000001192092896,-0.028137219,-0.021481988,0.0019825151123638663,0.7646488887923104,0.013343810685910285,0.045758436167878766,0.0003,298,102,74.25159411992698,5.4313108921051025,8.534719228744507,13.96603012084961,453,0.1544707992579788,0,0,TRUE,pair,143,2.503384700510651,5.2314368345008635,36,0,7.251748251748252,2.503384700510651,0.2755113005405292,2.5101784005528316,cpu,cuda:0,0,414.6601563,49
215,1,DDT500_num50.txt,fixed,1083,8,135.375,5.0482048988342285,5.1626667976379395,4.650690243579447e-06,-3.68,-0.329963758,0.26999998092651367,0.01732051372528076,0.23999999463558197,0.30000001192092896,-0.020886967,-0.014887047,0.0018445683061145246,0.6922204315662384,0.012025811080820858,0.0700574710033834,0.0003,292,108,64.32435838826618,5.18000602722168,11.656539678573608,16.836545705795288,484,0.15479579963721335,0,0,TRUE,pair,144,2.309598800726235,5.047091411861796,28,0,7.520833333333333,2.309598800726235,0.20834240317344666,2.5452900017844513,cpu,cuda:0,0,416.4013672,50
216,1,DDT500_num50.txt,fixed,1049,8,131.125,5.62222146987915,5.774665832519531,6.733794725732878e-05,-4,-0.359166571,0.25,0.01414213702082634,0.23999999463558197,0.2800000011920929,-0.000898556,0.004885687803228696,0.0019994821050204337,0.6783983806769053,0.024861063652982313,0.053788152212897934,0.0003,300,100,83.00913478305124,5.792317867279053,6.844845533370972,12.637163400650024,471,0.21182900038547814,0,0,TRUE,pair,142,2.837255099671893,5.183031458077371,36,0,7.387323943661972,2.837255099671893,0.26449599920306355,2.560844902298413,cpu,cuda:0,0,393.77294921875,50
217,1,DDT500_num50.txt,fixed,1047,8,130.875,8.252840042114258,4.240252494812012,5.793620402982924e-06,-3.64,-0.362023094,0.2724999785423279,0.03307189419865608,0.23999999463558197,0.3199999928474426,-0.019045233,-0.013193107,0.0022984976414591072,0.7001372218132019,0.01087396547663957,0.04207972399890423,0.0003,291,109,80.28903902965043,4.256796360015869,8.783588886260986,13.040385246276855,469,0.13820679916534573,0,0,TRUE,pair,140,1.5714060007594526,5.549188154360854,42,0,7.478571428571429,1.5714060007594526,0.16310930263716727,2.4204687017481774,cpu,cuda:0,0,367.2451172,49
218,1,DDT500_num50.txt,fixed,1062,8,132.75,5.673402786254883,4.812526702880859,5.558272732741898e-06,-3.64,-0.357282138,0.27250000834465027,0.024366991594433784,0.2199999988079071,0.30000001192092896,0.020895428955554962,0.026851247996091843,0.002465871046297252,0.7188757508993149,0.01082918856991455,0.04366251826286316,0.0003,291,109,107.86188093058922,4.8292906284332275,5.016634464263916,9.845925092697144,463,0.14115229900926352,0,0,TRUE,pair,143,2.0855517006712034,5.356873824098016,36,0,7.426573426573427,2.0855517006712034,0.20302729972172529,2.4269204998854548,cpu,cuda:0,0,379.85595703125,50
219,1,DDT500_num50.txt,fixed,1043,8,130.375,8.245264053344727,5.677992820739746,2.5424857085454278e-05,-3.88,-0.369032173,0.2574999928474426,0.021065376698970795,0.2199999988079071,0.2800000011920929,-0.08574818,-0.079686201,0.002290220135667672,0.7207086284955343,0.010971516254357994,0.060358486138284206,0.0003,297,103,93.36165613906171,5.695701837539673,5.475908041000366,11.171609878540039,489,0.15591410011984408,0,0,TRUE,pair,145,2.8335724000353366,5.589645256817855,32,0,7.1931034482758625,2.8335724000353366,0.2660763970343396,2.4669538025045767,cpu,cuda:0,0,423.2363281,50
220,1,DDT500_num50.txt,fixed,1071,8,133.875,4.196352481842041,4.297102451324463,4.79215395898791e-06,-3.72,-0.341214618,0.26749998331069946,0.013919414952397346,0.23999999463558197,0.2800000011920929,-0.006839621,-0.001333953,0.0023351822514086963,0.6673259496688843,0.020759458746761085,0.09624928012490272,0.0003,293,107,121.18455721042787,4.313064098358154,4.524695634841919,8.837759733200073,469,0.19788649887777865,0,0,TRUE,pair,140,1.5872846003621817,5.335200750972488,54,0,7.65,1.5872846003621817,0.16498690017033368,2.458314500981942,cpu,cuda:0,0,421.4882813,50
221,1,DDT500_num50.txt,fixed,1059,8,132.375,4.68874979019165,4.856164932250977,1.0757936252048239e-05,-3.76,-0.367308505,0.26499998569488525,0.027838828042149544,0.2199999988079071,0.30000001192092896,0.0004487087329228719,0.006642849495013555,0.0019561399434072277,0.7172214090824127,0.015051346893111864,0.06537985832740863,0.0003,294,106,93.76940741815986,4.878137588500977,6.415524482727051,11.293662071228027,491,0.15363890095613897,0,0,TRUE,pair,139,2.1247706005815417,5.534466476008169,36,0,7.618705035971223,2.1247706005815417,0.18685889814514667,2.4509432014310732,cpu,cuda:0,0,466.5048828,51
222,1,DDT500_num50.txt,fixed,1048,8,131,6.689544200897217,4.182146072387695,5.596491973847151e-06,-3.76,-0.348271488,0.26499998569488525,0.019364917650818825,0.2199999988079071,0.2800000011920929,0.024960237156067575,0.031065994474504675,0.0020197934437809245,0.7115657585007804,0.011315112101978489,0.04702422874314444,0.0003,294,106,97.02053485497389,4.199074745178223,6.602762222290039,10.801836967468262,471,0.13456259854137897,0,0,TRUE,pair,142,1.6038066991604865,5.547709921389136,39,0,7.380281690140845,1.6038066991604865,0.1669054003432393,2.3259602010948583,cpu,cuda:0,0,424.17041015625,50
223,1,DDT500_num50.txt,fixed,1067,8,133.375,5.699506759643555,4.7871246337890625,6.136673619039357e-06,-4.16,-0.382560437,0.23999999463558197,0.024494895711541176,0.20000000298023224,0.2800000011920929,-0.01366034,-0.007952375,0.0026201160944765434,0.7018023431301117,0.009766877061338164,0.06585806014481932,0.0003,304,96,77.93054181106866,4.80426812171936,8.88741135597229,13.69167947769165,492,0.1431964006042108,0,0,TRUE,pair,142,2.0115847000852227,5.085285849960027,33,0,7.514084507042254,2.0115847000852227,0.18365650170017034,2.4984945041360334,cpu,cuda:0,0,405.1230469,51
224,1,DDT500_num50.txt,fixed,1070,8,133.75,8.196798324584961,5.916217803955078,7.134653515095124e-06,-3.88,-0.383831082,0.2574999928474426,0.03072051890194416,0.20000000298023224,0.30000001192092896,-0.050789468,-0.04503402,0.003050626488402486,0.728076696395874,0.015033221689836037,0.06561382724480196,0.0003,297,103,69.22274176707056,5.9329729080200195,9.524374961853027,15.457347869873047,476,0.15814749745186418,0,0,TRUE,pair,143,2.95099299994763,5.285981304623256,36,0,7.4825174825174825,2.95099299994763,0.2869904001709074,2.558323501609266,cpu,cuda:0,0,381.95361328125,50
225,1,DDT500_num50.txt,fixed,1067,8,133.375,6.594268321990967,4.250557899475098,5.223489552008687e-06,-3.84,-0.367358615,0.25999999046325684,0.020000005140900612,0.23999999463558197,0.30000001192092896,-0.011042976,-0.004837243,0.0017653840311270738,0.7088425244603839,0.013996261479665659,0.10110921133309603,0.0003,296,104,51.942315429749044,4.268583536148071,16.27343487739563,20.5420184135437,482,0.13877000007778406,0,0,TRUE,pair,144,1.603650099830702,5.2614807879243255,40,0,7.409722222222222,1.603650099830702,0.1662057979265228,2.3938510017469525,cpu,cuda:0,0,384.0439453,52
226,1,DDT500_num50.txt,fixed,1020,8,127.5,8.077747344970703,5.283532619476318,3.726124850800261e-05,-4,-0.363276613,0.25,0.03872983530163765,0.1599999964237213,0.30000001192092896,-0.055756927,-0.049380664,0.0019864386219220855,0.7369482384787666,0.012992180081912212,0.08020876399758789,0.0003,300,100,66.71592447250796,5.301703214645386,9.987000465393066,15.288703680038452,457,0.16102629888337106,0,0,TRUE,pair,139,2.5005772988079116,5.156862742293114,35,0,7.338129496402877,2.5005772988079116,0.2302801994374022,2.4482206006068736,cpu,cuda:0,0,401.6357422,51
227,1,DDT500_num50.txt,fixed,1058,8,132.25,5.952940464019775,4.216458797454834,5.512060397450114e-06,-3.8,-0.34053518,0.26249998807907104,0.018540501594543457,0.23999999463558197,0.30000001192092896,-0.013785989,-0.007525808,0.00217877018307759,0.7349568767981096,0.012148183527063917,0.057708966376429256,0.0003,295,105,71.85606175046364,4.233213901519775,10.490665674209595,14.72387957572937,482,0.14040599996224046,0,0,TRUE,pair,143,1.598627298604697,5.197542531278499,28,0,7.398601398601398,1.598627298604697,0.1630024015903473,2.3690659010317177,cpu,cuda:0,0,349.71728515625,52
228,1,DDT500_num50.txt,fixed,1093,8,136.625,3.2763357162475586,4.815650939941406,3.964492861996405e-06,-3.6,-0.307489294,0.2749999761581421,0.029580404981970787,0.2199999988079071,0.30000001192092896,-0.003824193,0.0027019162972768147,0.002005778105619053,0.7528996706008911,0.010887972560400765,0.05633481619879603,0.0003,290,110,58.48029087436371,4.833174228668213,13.85688328742981,18.690057516098022,484,0.15100850048474967,0,0,TRUE,pair,143,2.005502099869773,4.967978041213473,32,0,7.643356643356643,2.005502099869773,0.18845940195024014,2.5277252001687884,cpu,cuda:0,0,386.125,52
229,1,DDT500_num50.txt,fixed,1054,8,131.75,7.870038032531738,5.255856513977051,6.3439056248171255e-06,-3.84,-0.319782173,0.25999999046325684,0.014142137952148914,0.23999999463558197,0.2800000011920929,-0.040877303,-0.033961314,0.0013305074826348573,0.7581240415573121,0.012444012588821352,0.08042908255010843,0.0003,296,104,68.62129824715811,5.2728893756866455,10.08677339553833,15.359662771224976,473,0.1559791003819555,0,0,TRUE,pair,142,2.456995900371112,5.351043643037554,28,0,7.422535211267606,2.456995900371112,0.2091915999772027,2.4911723008845,cpu,cuda:0,0,493.43115234375,51
230,1,DDT500_num50.txt,fixed,1069,8,133.625,4.470388889312744,4.222687721252441,4.167212864558678e-06,-3.8,-0.341849707,0.26249998807907104,0.02904737927019596,0.2199999988079071,0.30000001192092896,-0.01755233,-0.011993624,0.002255402714945376,0.6686408360799153,0.008981966588180512,0.042385845879713696,0.0003,295,105,59.76631671303631,4.239468097686768,13.646860837936401,17.88632893562317,488,0.13956799951847643,0,0,TRUE,pair,141,1.5793351997854188,5.0224508871198035,28,0,7.581560283687943,1.5793351997854188,0.1626353021711111,2.394462999422103,cpu,cuda:0,0,365.6552734,48
231,1,DDT500_num50.txt,fixed,1101,8,137.625,4.328322410583496,4.354422569274902,4.425218321557622e-06,-3.68,-0.322460135,0.26999998092651367,0.024494903162121773,0.2199999988079071,0.30000001192092896,-0.026023196,-0.019980427,0.0014908806058681673,0.6788208021057976,0.008249777142838057,0.06585548404190275,0.0003,292,108,73.42478242325397,4.370556354522705,10.624380826950073,14.994937181472778,486,0.13963859889190644,0,0,TRUE,pair,146,1.6320089000510052,5.163487739285808,32,0,7.541095890410959,1.6320089000510052,0.16650210018269718,2.4674203004688025,cpu,cuda:0,0,369.3017578,46
232,1,DDT500_num50.txt,fixed,1040,8,130,4.582575798034668,5.227651119232178,4.992578396922909e-06,-3.96,-0.327684666,0.2524999976158142,0.024366987869143486,0.2199999988079071,0.2800000011920929,-0.011555055,-0.005667482,0.0018054098123684525,0.6790277779102325,0.01089128878666088,0.03965362654998898,0.0003,299,101,68.1345095437334,5.243741750717163,10.020182609558105,15.263924360275269,473,0.1496162989642471,0,0,TRUE,pair,138,2.5046730996109545,5.3509615407540245,36,0,7.536231884057971,2.5046730996109545,0.20782629982568324,2.4165766981896013,cpu,cuda:0,0,418.2705078,44
233,1,DDT500_num50.txt,fixed,1071,8,133.875,5.301827430725098,4.299506187438965,5.280312052491354e-06,-3.4,-0.295246066,0.2874999940395355,0.017139138653874397,0.25999999046325684,0.3199999928474426,-0.075291493,-0.069760324,0.0014788273345822324,0.6270584922570449,0.018244289524423387,0.06565982834077798,0.0003,285,115,62.12884417850422,4.315955638885498,12.922414302825928,17.238369941711426,485,0.14180480095092207,0,0,TRUE,pair,143,1.6794160001445562,5.251167130848718,32,0,7.489510489510489,1.6794160001445562,0.16132599825505167,2.3738507978850976,cpu,cuda:0,0,424.17041015625,43
234,1,DDT500_num50.txt,fixed,1109,8,138.625,4.470388889312744,5.390161514282227,5.1660413191711996e-06,-3.76,-0.305313636,0.26499998569488525,0.019364923238754272,0.23999999463558197,0.30000001192092896,-0.03760847,-0.031666314,0.001198997230468584,0.6541651061603001,0.011187302248020257,0.03318902211529868,0.0003,294,106,89.86282140878446,5.410282850265503,6.9307496547698975,12.3410325050354,504,0.16126389987766743,0,0,TRUE,pair,145,2.448582198470831,5.195671775945143,32,0,7.6482758620689655,2.448582198470831,0.21633149834815413,2.623617596924305,cpu,cuda:0,0,423.23681640625,42
235,1,DDT500_num50.txt,fixed,1080,8,135,6.184658527374268,4.273895263671875,5.560828867601231e-06,-3.68,-0.301025963,0.27000001072883606,0.028284277766942978,0.2199999988079071,0.30000001192092896,-0.093071582,-0.087057621,0.0015507747884839773,0.6789351503054301,0.008892601064871997,0.04094893438741565,0.0003,292,108,115.15568794976888,4.290082931518555,5.088524580001831,9.378607511520386,476,0.13771849893964827,0,0,TRUE,pair,146,1.6231855996884406,5.284259259700775,32,0,7.397260273972603,1.6231855996884406,0.1628166976151988,2.401393302017823,cpu,cuda:0,0,439.3896484,42
236,1,DDT500_num50.txt,fixed,1090,8,136.25,4.683748722076416,5.73403787612915,4.938200618198607e-06,-3.32,-0.303406105,0.29249998927116394,0.017139140516519547,0.25999999046325684,0.3199999928474426,-0.044884021,-0.039131022,0.001799647300504148,0.6652821620305379,0.012979157944209873,0.05975422207266092,0.0003,283,117,47.072872822454656,5.750479698181152,17.405107259750366,23.15558695793152,471,0.15864449902437627,0,0,TRUE,pair,142,2.6655822002794594,5.402752297077704,30,0,7.676056338028169,2.6655822002794594,0.25386829813942313,2.707034101826139,cpu,cuda:0,0,432.98876953125,41
237,1,DDT500_num50.txt,fixed,1077,8,134.625,6.440836429595947,4.2732625007629395,5.91499156143982e-06,-3.56,-0.314916585,0.2774999737739563,0.023318450897932053,0.23999999463558197,0.3199999928474426,-0.066831355,-0.061192485,0.0015469064703211189,0.6412319759527842,0.008477759268134832,0.051839182153344154,0.0003,289,111,52.76250323687173,4.290185451507568,16.122037887573242,20.41222333908081,464,0.134074499248527,0,0,TRUE,pair,144,1.626524300663732,5.396471676609532,36,0,7.479166666666667,1.626524300663732,0.1670762994326651,2.3921179998433217,cpu,cuda:0,0,458.05908203125,41
238,1,DDT500_num50.txt,fixed,1037,8,129.625,8.15379524230957,5.233209133148193,5.384249561757315e-06,-3.84,-0.326457809,0.25999999046325684,0.030000004917383194,0.2199999988079071,0.30000001192092896,-0.07187813,-0.0661122,0.001976193001610227,0.6754030585289001,0.011106330624897964,0.04204175074119121,0.0003,296,104,86.32889639762125,5.250861167907715,6.76133918762207,12.012200355529785,477,0.16333660238888115,0,0,TRUE,pair,145,2.3378792994190007,5.633558342288982,35,0,7.151724137931034,2.3378792994190007,0.23815000022295862,2.5500384005717933,cpu,cuda:0,0,427.52783203125,40
239,1,DDT500_num50.txt,fixed,1078,8,134.75,5.332682132720947,4.308704376220703,5.077252353657968e-06,-3.52,-0.320684678,0.2800000011920929,0.01732051745057106,0.25999999046325684,0.30000001192092896,0.017487882326046627,0.02273213118314743,0.0019101046006350468,0.6199295222759247,0.008195804179801295,0.04247431472564737,0.0003,288,112,99.11098554286309,4.325065851211548,6.551629543304443,10.876695394515991,481,0.13994389865547419,0,0,TRUE,pair,142,1.663637499557808,5.315398889923803,36,0,7.591549295774648,1.663637499557808,0.16502810025122017,2.3930351983290166,cpu,cuda:0,0,424.17041015625,40
240,1,DDT500_num50.txt,fixed,1075,8,134.375,5.146296977996826,5.329100608825684,5.423695256467909e-06,-3.56,-0.328607958,0.2774999737739563,0.027271784842014313,0.23999999463558197,0.3199999928474426,-0.017937959,-0.012505634,0.0020460941673566897,0.645537422100703,0.01262400288057203,0.05457869749516249,0.0003,289,111,47.01903430275661,5.346277475357056,17.516803741455078,22.863081216812134,483,0.16093880054540932,0,0,TRUE,pair,140,2.466634899028577,5.2948837182688155,36,0,7.678571428571429,2.466634899028577,0.2199507983168587,2.5398376950761303,cpu,cuda:0,0,414.6601563,40
241,1,DDT500_num50.txt,fixed,1068,8,133.5,6.745368957519531,4.743722438812256,5.984258677926846e-06,-3.76,-0.333286797,0.26500001549720764,0.02397916465997696,0.23999999463558197,0.30000001192092896,-0.009504217,-0.004023386,0.0017392037669196724,0.6350430071353912,0.009654964398941956,0.06997036086395383,0.0003,294,106,78.04132273966027,4.760986566543579,8.924071073532104,13.685057640075684,480,0.1434903994668275,0,0,TRUE,pair,143,2.0099651999771595,5.438202247191011,32,0,7.468531468531468,2.0099651999771595,0.19858029996976256,2.442362998262979,cpu,cuda:0,0,350.796875,39
242,1,DDT500_num50.txt,fixed,1092,8,136.5,3.4278273582458496,4.828436851501465,4.301457011024468e-06,-3.84,-0.352215349,0.25999999046325684,0.017320509999990463,0.23999999463558197,0.2800000011920929,-0.009846013,-0.003877771,0.001662966562435031,0.6799726486206055,0.00857632685219869,0.03503377139568329,0.0003,296,104,101.45539281342161,4.848469972610474,5.914880990982056,10.76335096359253,490,0.14894089882727712,0,0,TRUE,pair,143,2.018879999523051,5.153846156029474,32,0,7.636363636363637,2.018879999523051,0.1974686977919191,2.515262799919583,cpu,cuda:0,0,388.9951172,39
243,1,DDT500_num50.txt,fixed,1066,8,133.25,5.165994644165039,4.9815802574157715,4.45402656623628e-06,-3.68,-0.322522348,0.26999998092651367,0.024494901299476624,0.23999999463558197,0.3199999928474426,-0.030047781,-0.024217136,0.0019377756107132882,0.6799533069133759,0.011384304816601798,0.04867516613254944,0.0003,292,108,100.2456961277885,4.998807668685913,5.635065317153931,10.633872985839844,478,0.15004240022972226,0,0,TRUE,pair,140,2.2344659990631044,5.287054406769056,36,0,7.614285714285714,2.2344659990631044,0.18496689829044044,2.4688113981392235,cpu,cuda:0,0,455.54541015625,39
244,1,DDT500_num50.txt,fixed,1032,8,129,5.220153331756592,4.175371170043945,5.080050414107973e-06,-4.2,-0.382616882,0.23750001192092896,0.023318443447351456,0.18000000715255737,0.25999999046325684,0.12906665354967117,0.13490398274734616,0.0024444909067824483,0.7059570848941803,0.016982514251139946,0.0321153374388814,0.0003,305,95,133.92325878438265,4.1913161277771,3.514589548110962,7.7059056758880615,477,0.13815749797504395,0,0,TRUE,pair,135,1.531769500579685,5.685077520072922,36,0,7.644444444444445,1.531769500579685,0.16071109916083515,2.398338699596934,cpu,cuda:0,0,424.17041015625,38
245,1,DDT500_num50.txt,fixed,1077,8,134.625,6.890890598297119,4.73051118850708,5.761645297752693e-06,-3.72,-0.362296582,0.26749998331069946,0.017139142379164696,0.23999999463558197,0.30000001192092896,-0.056946579,-0.051995439,0.003305082709994167,0.6603681564331054,0.015259191585937516,0.0886777624487877,0.0003,293,107,65.87093758628009,4.747429132461548,11.602725267410278,16.350154399871826,480,0.14144550065975636,0,0,TRUE,pair,141,2.0315460001584142,5.385329615328194,36,0,7.638297872340425,2.0315460001584142,0.195037599070929,2.411735000438057,cpu,cuda:0,0,368.40185546875,40
246,1,DDT500_num50.txt,fixed,1077,8,134.625,5.266343593597412,6.288256645202637,4.780277777172159e-06,-3.64,-0.285142712,0.27250000834465027,0.024366989731788635,0.23999999463558197,0.3199999928474426,0.06671103949730213,0.07119278151255387,0.0031274779377361904,0.6045480783169086,0.011585755627423238,0.058420510532764286,0.0003,291,109,57.42974354110673,6.307827949523926,12.445520639419556,18.75334858894348,490,0.16753989935386926,0,0,TRUE,pair,145,3.190112099982798,5.405756731219278,48,0,7.427586206896552,3.190112099982798,0.29293959867209196,2.6807605993235484,cpu,cuda:0,0,475.7841797,40
247,1,DDT500_num50.txt,fixed,1070,8,133.75,5.4486236572265625,4.227227687835693,5.8083187468582764e-06,-3.56,-0.308608643,0.2775000035762787,0.01561250351369381,0.25999999046325684,0.30000001192092896,-0.005574655,-0.000845884,0.0024794055537010235,0.5968471089998881,0.007741813289855296,0.04170038799444834,0.0003,289,111,50.85574621776201,4.2435688972473145,16.796334743499756,21.03990364074707,473,0.13605839980300516,0,0,TRUE,pair,140,1.6112174995942041,5.405607474852945,32,0,7.642857142857143,1.6112174995942041,0.16269279923290014,2.3678949003806338,cpu,cuda:0,0,402.75732421875,42
248,1,DDT500_num50.txt,fixed,1089,8,136.125,5.775757312774658,5.177066326141357,5.601568318525096e-06,-3.6,-0.294983713,0.2749999761581421,0.034278273582458496,0.20000000298023224,0.3199999928474426,-0.018158742,-0.012955506,0.0015764123333307605,0.5991438329219818,0.008326076790884448,0.027936308450686436,0.0003,290,110,92.24627614694674,5.194532871246338,6.610821723937988,11.805354595184326,480,0.15395149844698608,0,0,TRUE,pair,144,2.3419876999687403,5.4775022945894465,39,0,7.5625,2.3419876999687403,0.1991214994341135,2.5383824998280033,cpu,cuda:0,0,470.65185546875,42
249,1,DDT500_num50.txt,fixed,1121,8,140.125,4.04467248916626,4.469431400299072,4.238221208652249e-06,-3.6,-0.289424652,0.2749999761581421,0.023979157209396362,0.23999999463558197,0.3199999928474426,-0.033377679,-0.028379726,0.0016221631501269127,0.5809033598218646,0.02260962125313069,0.04494140510048185,0.0003,290,110,102.92137217586868,4.4859888553619385,6.405820846557617,10.891809701919556,509,0.14374159998260438,0,0,TRUE,pair,144,1.6806491995230317,5.297056202799162,42,0,7.784722222222222,1.6806491995230317,0.1633292017504573,2.538045100402087,cpu,cuda:0,0,418.27099609375,42
250,1,DDT500_num50.txt,fixed,1084,8,135.5,5.678908348083496,5.9960174560546875,5.51721404917771e-06,-3.36,-0.294993349,0.28999999165534973,0.034641023725271225,0.23999999463558197,0.36000001430511475,-0.075164389,-0.07033166,0.0020647439210174177,0.5865098811112918,0.0132565967237147,0.05626892094285442,0.0003,284,116,53.12692963651936,6.01806378364563,14.384878396987915,20.40396475791931,477,0.22742199955973774,0,0,TRUE,pair,142,2.9655500998487696,5.4926199259793185,48,0,7.633802816901408,2.9655500998487696,0.26898780022747815,2.6463645972544327,cpu,cuda:0,0,434.0605469,44
251,1,DDT500_num50.txt,fixed,1092,8,136.5,7.211102485656738,4.897658824920654,6.392997420334723e-06,-3.56,-0.298382597,0.2775000035762787,0.03072051703929901,0.2199999988079071,0.3199999928474426,-0.020696019,-0.0155526,0.001491220307070762,0.5889023602008819,0.00859930293324093,0.039169447496533394,0.0003,289,111,47.99879928071281,4.915727138519287,17.83484196662903,22.750569105148315,488,0.14888929936569184,0,0,TRUE,pair,152,2.1313753001159057,5.449633695267059,42,0,7.184210526315789,2.1313753001159057,0.18485330138355494,2.488608199986629,cpu,cuda:0,0,398.01416015625,46
252,1,DDT500_num50.txt,fixed,1079,8,134.875,5.818881034851074,4.4824934005737305,5.791167041024892e-06,-3.68,-0.307956896,0.27000001072883606,0.028284277766942978,0.2199999988079071,0.30000001192092896,-0.00087424,0.004633211096127828,0.0016901472816243767,0.6352523485819499,0.009888423583470285,0.053823538745443024,0.0003,292,108,58.10331500131603,4.500466585159302,14.069902420043945,18.570369005203247,481,0.13989979948382825,0,0,TRUE,pair,145,1.796744299819693,5.31510657751527,36,0,7.441379310344828,1.796744299819693,0.1813762990059331,2.4140478988410905,cpu,cuda:0,0,413.65771484375,46
253,1,DDT500_num50.txt,fixed,1070,8,133.75,8.685476303100586,5.674986362457275,6.973488780204207e-06,-3.68,-0.30897942,0.27000001072883606,0.03162278234958649,0.20000000298023224,0.30000001192092896,-0.057659739,-0.052166232,0.0017502862416828673,0.6368655661741892,0.00875348011419798,0.05306069857130448,0.0003,292,108,50.04566908652471,5.69213080406189,15.688340663909912,21.3804714679718,478,0.16020070028025657,0,0,TRUE,pair,148,2.7181301997043192,5.405607476858335,35,0,7.22972972972973,2.7181301997043192,0.2361086024902761,2.6088990030111745,cpu,cuda:0,0,503.12353515625,46
254,1,DDT500_num50.txt,fixed,1082,8,135.25,7.479137420654297,4.28671932220459,7.309775355679449e-06,-3.64,-0.300306653,0.27250000834465027,0.028173571452498436,0.2199999988079071,0.3199999928474426,-0.060472157,-0.054563544,0.0016472983406856656,0.6732263565063477,0.01361284637407932,0.054265164371047704,0.0003,291,109,55.30931567801348,4.303494453430176,15.25921368598938,19.562708139419556,470,0.13342329917941242,0,0,TRUE,pair,145,1.6255900990217924,5.218114600825001,39,0,7.462068965517242,1.6255900990217924,0.1632596964482218,2.4111845995066687,cpu,cuda:0,0,428.2773438,47
255,1,DDT500_num50.txt,fixed,1109,8,138.625,4.871793746948242,5.129705429077148,5.080050414107973e-06,-3.6,-0.311363908,0.2750000059604645,0.02397916465997696,0.23999999463558197,0.30000001192092896,0.011560394221709834,0.017621918064024713,0.0016696628299541771,0.6896352569262186,0.01401573184153272,0.04928685942043861,0.0003,290,110,80.14465022053082,5.1459128856658936,8.690063714981079,13.837480068206787,489,0.1607681994792074,0,0,TRUE,pair,145,2.206006999942474,5.087466181453227,30,0,7.6482758620689655,2.206006999942474,0.19798749999608845,2.6265364988939837,cpu,cuda:0,0,374.6865234,47
256,1,DDT500_num50.txt,fixed,1088,8,136,5.656854152679443,4.575637340545654,5.091227649245411e-06,-3.72,-0.318069063,0.26749998331069946,0.017139142379164696,0.23999999463558197,0.30000001192092896,0.046414309314319065,0.05223197170666286,0.0015519307094759174,0.6593633464404515,0.018051341575171267,0.058743450324982405,0.0003,293,107,84.59777119099293,4.5939106941223145,8.266948223114014,12.860858917236328,480,0.1426686003105715,0,0,TRUE,pair,147,1.84677160019055,5.13878676689723,45,0,7.401360544217687,1.84677160019055,0.17779400025028735,2.459078799583949,cpu,cuda:0,0,384.0439453,48
257,1,DDT500_num50.txt,fixed,1060,8,132.5,8.972179412841797,4.995240688323975,7.10071208231966e-06,-3.72,-0.31820468,0.26749998331069946,0.02633913978934288,0.2199999988079071,0.30000001192092896,-0.037061822,-0.03148985,0.0019079740408674947,0.6525957541806358,0.015524718952032604,0.0838600114387061,0.0003,293,107,62.22084860609701,5.013025999069214,12.023064374923706,17.03609037399292,469,0.15376270096749067,0,0,TRUE,pair,147,2.197605199413374,5.241509432162879,35,0,7.210884353741497,2.197605199413374,0.20720209798309952,2.4928128973115236,cpu,cuda:0,0,406.24365234375,47
258,1,DDT500_num50.txt,fixed,1109,8,138.625,5.360445499420166,5.271416187286377,6.11579662290751e-06,-3.28,-0.280576206,0.29499998688697815,0.02397915907204151,0.25999999046325684,0.3199999928474426,-0.025896449,-0.020278537,0.0015102365739747053,0.6373030212190416,0.01344154966581199,0.050617626350786954,0.0003,282,118,70.90805762514388,5.287996053695679,10.351975440979004,15.639971494674683,472,0.1546655003912747,0,0,TRUE,pair,146,2.3427902995608747,5.287646529693879,35,0,7.595890410958904,2.3427902995608747,0.2313964000204578,2.590470801340416,cpu,cuda:0,0,432.98876953125,49
259,1,DDT500_num50.txt,fixed,1088,8,136,3.1622776985168457,5.225743770599365,3.989505785284564e-06,-3.32,-0.288758125,0.29249998927116394,0.04115520045161247,0.23999999463558197,0.36000001430511475,-0.028271382,-0.023248146,0.0015951439389027655,0.5820804238319397,0.013657632883405314,0.0695152192376554,0.0003,283,117,62.88390785177337,5.244036436080933,12.057687282562256,17.30172371864319,474,0.15050910145509988,0,0,TRUE,pair,140,2.3729952002177015,5.20955882528249,30,0,7.771428571428571,2.3729952002177015,0.2010327969910577,2.55730819911696,cpu,cuda:0,0,396.89111328125,49
260,1,DDT500_num50.txt,fixed,1089,8,136.125,4.484347820281982,5.013845920562744,4.3702848415705375e-06,-3.4,-0.287704886,0.2874999940395355,0.024366986006498337,0.23999999463558197,0.3199999928474426,-0.082079774,-0.07718153,0.0019044722546823322,0.585048359632492,0.013792883779387921,0.06918389359489083,0.0003,285,115,77.07728627973133,5.0487096309661865,9.079966306686401,14.128675937652588,464,0.22365000087302178,0,0,TRUE,pair,146,2.143654300365597,5.298438934802571,36,0,7.458904109589041,2.143654300365597,0.19658760027959943,2.579413495841436,cpu,cuda:0,0,416.40185546875,49
261,1,DDT500_num50.txt,fixed,1052,8,131.5,6.4031243324279785,4.240976810455322,4.889034244115464e-06,-3.6,-0.286056452,0.2749999761581421,0.027838822454214096,0.2199999988079071,0.3199999928474426,-0.053031137,-0.047367432,0.00181430612768357,0.6570852279663086,0.011131685157306493,0.07601933112988869,0.0003,290,110,48.45905984362613,4.257358074188232,17.451688766479492,21.709046840667725,468,0.1437423995230347,0,0,TRUE,pair,141,1.6326263000955805,5.3583650149320015,36,0,7.460992907801418,1.6326263000955805,0.1608965010382235,2.3620844990946352,cpu,cuda:0,0,379.85595703125,50
262,1,DDT500_num50.txt,fixed,1121,8,140.125,3.9191038608551025,6.146610260009766,2.0995730665163137e-05,-3.52,-0.276102045,0.2800000011920929,0.024494901299476624,0.23999999463558197,0.3199999928474426,0.05423178647955259,0.05947512429621485,0.0017320135375484824,0.610934211148156,0.010307924666752418,0.0558829748382171,0.0003,288,112,66.50534713728678,6.164884328842163,10.690903186798096,16.85578751564026,503,0.16708460135851055,0,0,TRUE,pair,149,3.1013523004949093,4.96431757444574,25,0,7.523489932885906,3.1013523004949093,0.278842301457189,2.648102897568606,cpu,cuda:0,0,482.99267578125,50
263,1,DDT500_num50.txt,fixed,1045,8,130.625,3.966657876968384,4.143806457519531,4.8334918574255425e-06,-3.8,-0.302826957,0.26249998807907104,0.018540499731898308,0.23999999463558197,0.2800000011920929,-0.116696192,-0.111033953,0.001657032490974026,0.6490758785179683,0.01659701547967935,0.0910265761028443,0.0003,295,105,61.453634508295444,4.159823656082153,12.844866275787354,17.004689931869507,462,0.13320620090235025,0,0,TRUE,pair,138,1.5826269999379292,5.331100479381506,36,0,7.572463768115942,1.5826269999379292,0.16429880005307496,2.312648201594129,cpu,cuda:0,0,440.58154296875,51
264,1,DDT500_num50.txt,fixed,1098,8,137.25,9.45713996887207,5.862889766693115,6.587863936147187e-06,-3.68,-0.295099911,0.27000001072883606,0.04242641106247902,0.20000000298023224,0.30000001192092896,0.04065382548353889,0.045306180688467895,0.002043585621074519,0.5674149908802726,0.009981464234773408,0.05602502611211755,0.0003,292,108,60.36288954290872,5.879237651824951,12.310746431350708,18.18998408317566,488,0.16889730154071003,0,0,TRUE,pair,146,2.8180641998769715,5.149362470065744,36,0,7.52054794520548,2.8180641998769715,0.2668560022721067,2.659467300050892,cpu,cuda:0,0,459.2636719,51
265,1,DDT500_num50.txt,fixed,1110,8,138.75,3.6314597129821777,5.611411094665527,4.5142401177145075e-06,-3.6,-0.309820721,0.2749999761581421,0.019364917650818825,0.25999999046325684,0.3199999928474426,0.07158934573332469,0.0766486128171285,0.0014245175471943286,0.5771525038613213,0.023201313025007646,0.07525389496650961,0.0003,290,110,68.99703767903848,5.693602085113525,10.394045114517212,16.087647199630737,499,0.15606540150474757,0,0,TRUE,pair,146,2.619669900042936,5.109909908191578,30,0,7.602739726027397,2.619669900042936,0.22293589974287897,2.6615161993540823,cpu,cuda:0,0,402.7578125,52
266,1,DDT500_num50.txt,fixed,1063,8,132.875,6.372548580169678,5.197758674621582,5.527507255465025e-06,-3.44,-0.311237962,0.2849999964237213,0.027838826179504395,0.23999999463558197,0.3199999928474426,-0.056304418,-0.051466918,0.0014594015156035312,0.5567203313112259,0.010695693690649932,0.06328028091229498,0.0003,286,114,86.98660841214515,5.214141368865967,7.0061304569244385,12.220271825790405,471,0.21663860010448843,0,0,TRUE,pair,142,2.3338146987371147,5.513640640147542,35,0,7.485915492957746,2.3338146987371147,0.2332608001306653,2.5245747001608834,cpu,cuda:0,0,444.4160156,51
267,1,DDT500_num50.txt,fixed,1086,8,135.75,7.171994209289551,4.40376091003418,6.217195732460823e-06,-3.44,-0.315147464,0.2849999964237213,0.027838824316859245,0.23999999463558197,0.3199999928474426,-0.029115166,-0.02420081,0.0013702330512127706,0.5599470393998283,0.012064982205629349,0.02751530666968652,0.0003,286,114,89.61973616031601,4.421221971511841,7.69664454460144,12.117866516113281,467,0.20341209857724607,0,0,TRUE,pair,147,1.6562390996841714,5.363720074762517,32,0,7.387755102040816,1.6562390996841714,0.16415029962081462,2.4964768975041807,cpu,cuda:0,0,426.7207031,51
268,1,DDT500_num50.txt,fixed,1082,8,135.25,3.1523799896240234,4.266600608825684,4.231510047247866e-06,-3.48,-0.306608977,0.2824999988079071,0.027271784842014313,0.23999999463558197,0.3199999928474426,-0.004650801,0.0003350319340825081,0.0018653772189281882,0.5918523013591767,0.012704767985269427,0.0693283922970295,0.0003,287,113,78.52559893450236,4.283268690109253,9.495677471160889,13.778946161270142,475,0.1399022008990869,0,0,TRUE,pair,140,1.5966568998992443,5.490757854500451,36,0,7.728571428571429,1.5966568998992443,0.16625959856901318,2.4162045994307846,cpu,cuda:0,0,353.9511719,51
269,1,DDT500_num50.txt,fixed,1057,8,132.125,5.666513442993164,5.133878707885742,6.0855145420646295e-06,-3.44,-0.312510238,0.2849999666213989,0.02397915907204151,0.25999999046325684,0.3199999928474426,-0.016582739,-0.010958967,0.0014510687227205683,0.6349311073621114,0.009408433203740666,0.04784324377154311,0.0003,286,114,94.35951679886688,5.151917934417725,6.049919843673706,11.20183777809143,455,0.1436880996916443,0,0,TRUE,pair,141,2.3850804006215185,5.358561965126752,45,0,7.49645390070922,2.3850804006215185,0.20604749617632478,2.4464962006313726,cpu,cuda:0,0,456.7392578,51
270,1,DDT500_num50.txt,fixed,1100,8,137.5,7.158910751342773,4.399334907531738,4.938200618198607e-06,-3.56,-0.309526548,0.2774999737739563,0.030720513314008713,0.2199999988079071,0.3199999928474426,-0.001139589,0.003788373867670695,0.0020332067273557187,0.5944565653800964,0.014176505819583933,0.05173457122097413,0.0003,289,111,56.29484598947023,4.414337396621704,15.12563967704773,19.539977073669434,474,0.19706859905272722,0,0,TRUE,pair,146,1.6621605998370796,5.285454543937337,39,0,7.534246575342466,1.6621605998370796,0.16724789736326784,2.482393799116835,cpu,cuda:0,0,444.41650390625,52
271,1,DDT500_num50.txt,fixed,1088,8,136,5.408327102661133,5.832274436950684,4.871563305641757e-06,-3.68,-0.315652053,0.27000001072883606,0.02828427217900753,0.2199999988079071,0.3199999928474426,-0.006371696,-0.001428114,0.0021321786101907493,0.6009661287069321,0.012360788392834365,0.061907466128468515,0.0003,292,108,71.87669347563548,5.849154710769653,9.287879943847656,15.13703465461731,480,0.16514290147460997,0,0,TRUE,pair,143,2.747466099797748,5.266544115893981,28,0,7.608391608391608,2.747466099797748,0.26362119999248534,2.7008757026633248,cpu,cuda:0,0,406.24365234375,51
272,1,DDT500_num50.txt,fixed,1094,8,136.75,3.5968737602233887,4.310723781585693,4.894844551017741e-06,-3.44,-0.299034785,0.2849999964237213,0.013228763826191425,0.25999999046325684,0.30000001192092896,0.03759749233722687,0.0423535770840115,0.0020528477487257784,0.5782501498858134,0.010667165191585405,0.046488508168194026,0.0003,286,114,82.11532530926691,4.32750678062439,8.995219469070435,13.322726249694824,488,0.13952249835710973,0,0,TRUE,pair,142,1.634771000011824,5.12431444372076,36,0,7.704225352112676,1.634771000011824,0.16710750106722116,2.4209498011041433,cpu,cuda:0,0,466.50537109375,49
273,1,DDT500_num50.txt,fixed,1079,8,134.875,4.136348247528076,4.28375768661499,5.046370006311918e-06,-3.32,-0.302589943,0.29249998927116394,0.026339136064052582,0.25999999046325684,0.3199999928474426,-0.023078951,-0.017575225,0.0019116980955004692,0.6459572792053223,0.015570258151274174,0.07777443360537291,0.0003,283,117,74.75994690151256,4.300215482711792,10.132646560668945,14.432862043380737,473,0.13641319936141372,0,0,TRUE,pair,140,1.6117005998967215,5.363299355449446,28,0,7.707142857142857,1.6117005998967215,0.16575650055892766,2.419679500395432,cpu,cuda:0,0,405.1230469,48
274,1,DDT500_num50.txt,fixed,1061,8,132.625,6.223694801330566,4.736724376678467,6.010323886584956e-06,-3.36,-0.295927144,0.28999999165534973,0.02828427590429783,0.25999999046325684,0.3400000035762787,-0.032441732,-0.026656207,0.0016217071744095948,0.6596381399366591,0.016602807794697583,0.07389848208468822,0.0003,284,116,85.37251936089503,4.753560781478882,7.674325942993164,12.427886724472046,467,0.14030470023863018,0,0,TRUE,pair,140,2.046484100748785,5.40150801041124,32,0,7.578571428571428,2.046484100748785,0.19791239860933274,2.398283601971343,cpu,cuda:0,0,383.06103515625,45
275,1,DDT500_num50.txt,fixed,1075,8,134.375,7.398268222808838,4.40200138092041,9.56501389737241e-06,-3.12,-0.289859048,0.304999977350235,0.021794496104121208,0.25999999046325684,0.3400000035762787,-0.039108481,-0.033673419,0.0016989819783096512,0.6284554521242778,0.015052715626855692,0.07643466852605343,0.0003,278,122,47.9089112064024,4.426482439041138,18.011931896209717,22.438414335250854,457,0.13238220056518912,0,0,TRUE,pair,144,1.7514538002433255,5.343255815062412,36,0,7.465277777777778,1.7514538002433255,0.16919590439647436,2.3940415014512837,cpu,cuda:0,0,392.8476563,43
276,1,DDT500_num50.txt,fixed,1066,8,133.25,4.351723670959473,4.2372636795043945,4.610795713233529e-06,-3.32,-0.297552791,0.29249995946884155,0.024366986006498337,0.25999999046325684,0.3199999928474426,-0.039130104,-0.033963634,0.0019613630984994497,0.6147151643579657,0.012790681286291643,0.06984332373196428,0.0003,283,117,75.8912255791628,4.255572319030762,9.790847301483154,14.046419620513916,463,0.13441020145546645,0,0,TRUE,pair,140,1.5974640001077205,5.065666039933854,35,0,7.614285714285714,1.5974640001077205,0.16088969924021512,2.3926301999017596,cpu,cuda:0,0,438.18505859375,42
277,1,DDT500_num50.txt,fixed,1038,8,129.75,4.4930500984191895,5.08315372467041,5.077252353657968e-06,-3.8,-0.326048191,0.26249998807907104,0.011989581398665905,0.23999999463558197,0.2800000011920929,-0.030690997,-0.025688623,0.0019712544526555575,0.5987995825707912,0.01588081126101315,0.06633100821636617,0.0003,295,105,77.24514245503781,5.104833126068115,8.332905054092407,13.437738180160522,470,0.14889949839562178,0,0,TRUE,pair,137,2.3755915994988754,5.226396921971859,35,0,7.576642335766423,2.3755915994988754,0.21156909817364067,2.3969236010452732,cpu,cuda:0,0,380.9638672,42
278,1,DDT500_num50.txt,fixed,1084,8,135.5,8.717798233032227,5.496394634246826,6.026852133800276e-06,-3.36,-0.307071183,0.28999996185302734,0.026457516476511955,0.25999999046325684,0.3400000035762787,-0.022405042,-0.017526472,0.0017243589274585247,0.5740750789642334,0.011469924816628918,0.05142929758876562,0.0003,284,116,71.63368190944898,5.516602516174316,9.615943670272827,15.132546186447144,468,0.2127155007328838,0,0,TRUE,pair,147,2.5900939997518435,5.17619926133279,44,0,7.374149659863946,2.5900939997518435,0.22867549979127944,2.568640004028566,cpu,cuda:0,0,426.7207031,41
279,1,DDT500_num50.txt,fixed,1096,8,137,5.431390285491943,4.342529773712158,4.00372891817824e-06,-3.16,-0.311102567,0.3024999797344208,0.023318449035286903,0.25999999046325684,0.3400000035762787,-0.019176639,-0.014324704,0.0016191738075576722,0.5661521971225738,0.012226420167523126,0.07329731273154418,0.0003,279,121,51.8310627613606,4.3587517738342285,16.786869049072266,21.145620822906494,479,0.13752110046334565,0,0,TRUE,pair,144,1.637795400689356,5.103102183472501,36,0,7.611111111111111,1.637795400689356,0.1670925982762128,2.44996000174433,cpu,cuda:0,0,383.0615234,41
280,1,DDT500_num50.txt,fixed,1075,8,134.375,4.060095310211182,4.930685043334961,4.771351086674258e-06,-3.52,-0.294942449,0.2800000011920929,0.024494901299476624,0.23999999463558197,0.3199999928474426,0.002945166236410538,0.008285168247918287,0.001451373255501191,0.6065688878297806,0.01813524154325326,0.07696915914614995,0.0003,288,112,99.97492022131492,4.947368383407593,5.804325580596924,10.752696752548218,486,0.1442642982583493,0,0,TRUE,pair,144,2.1026139002060518,5.133953490146371,35,0,7.465277777777778,2.1026139002060518,0.20805119560100138,2.456614799448289,cpu,cuda:0,0,428.2773438,40
281,1,DDT500_num50.txt,fixed,1087,8,135.875,4.935521602630615,4.428809642791748,5.581235654972261e-06,-3.44,-0.291530989,0.2849999964237213,0.031224993988871574,0.23999999463558197,0.3400000035762787,-0.022842654,-0.017867605,0.0022330659364039698,0.609158053000768,0.011898643818373482,0.0580790176987648,0.0003,286,114,48.544778908606105,4.444777250289917,17.946920156478882,22.3916974067688,481,0.14109270041808486,0,0,TRUE,pair,143,1.736802699859254,5.210671569189021,33,0,7.601398601398602,1.736802699859254,0.1667486970545724,2.437002101331018,cpu,cuda:0,0,467.6064453,40
282,1,DDT500_num50.txt,fixed,1083,8,135.375,3.7395687103271484,4.9179558753967285,4.7980811359593645e-06,-3.92,-0.319142335,0.2549999952316284,0.027838826179504395,0.2199999988079071,0.30000001192092896,0.07992974337604311,0.08573404368427065,0.0016838652340488301,0.6646229757202996,0.01756488371433483,0.06889036939375931,0.0003,298,102,83.82834448554776,4.934128999710083,7.985128879547119,12.919257879257202,476,0.14554980117827654,0,0,TRUE,pair,140,2.1338034995133057,5.221606650841203,36,0,7.735714285714286,2.1338034995133057,0.18987559888046235,2.4985428993823007,cpu,cuda:0,0,453.03369140625,40
283,1,DDT500_num50.txt,fixed,1045,8,130.625,5.360445499420166,4.291184425354004,4.708389496954624e-06,-3.6,-0.327564404,0.2750000059604645,0.027838826179504395,0.23999999463558197,0.3199999928474426,-0.04352643,-0.038059758,0.0018984891108370253,0.641591557434627,0.016767998292509998,0.09908268773662192,0.0003,290,110,83.68220612228626,4.3063671588897705,8.181353330612183,12.487720489501953,462,0.13688649889081717,0,0,TRUE,pair,140,1.676168300327845,5.25933014354067,35,0,7.464285714285714,1.676168300327845,0.16678740014322102,2.362052098615095,cpu,cuda:0,0,415.53173828125,40
284,1,DDT500_num50.txt,fixed,1069,8,133.625,4.768057823181152,5.942418098449707,5.669652182405116e-06,-3.56,-0.317236956,0.2774999737739563,0.025372233241796494,0.23999999463558197,0.3199999928474426,-0.025027822,-0.019479836,0.0021117192305003603,0.660384746392568,0.011284986386696498,0.06835283587376277,0.0003,289,111,51.7565703885845,5.967264413833618,14.68711805343628,20.654382467269897,493,0.2259293021634221,0,0,TRUE,pair,141,2.8574789011618122,4.903648270302782,30,0,7.581560283687943,2.8574789011618122,0.26604860031511635,2.7004367981571704,cpu,cuda:0,0,383.06103515625,39
285,1,DDT500_num50.txt,fixed,1088,8,136,4.949747562408447,4.314770698547363,4.2948445297952276e-06,-3.84,-0.321497962,0.25999999046325684,0.022360684350132942,0.2199999988079071,0.30000001192092896,-0.043660902,-0.038055627,0.001856209352039374,0.6533378316805913,0.012781881315347094,0.08554851578978392,0.0003,296,104,54.031613293677495,4.3321168422698975,15.804242849349976,20.136359691619873,480,0.13769699982367456,0,0,TRUE,pair,142,1.6293246994027868,4.943014702157063,28,0,7.661971830985915,1.6293246994027868,0.1635732026770711,2.434562398935668,cpu,cuda:0,0,434.0605469,39
286,1,DDT500_num50.txt,fixed,1070,8,133.75,8.481597900390625,4.215497016906738,7.020202701824019e-06,-3.76,-0.313653527,0.26499998569488525,0.034278277307748795,0.2199999988079071,0.3400000035762787,-0.042600743,-0.037213307,0.0017774198204278946,0.6276139418284098,0.02023215522058308,0.10577199887484312,0.0003,294,106,109.3250746662415,4.2350757122039795,5.552248954772949,9.787324666976929,475,0.13637259928509593,0,0,TRUE,pair,145,1.5820825002156198,5.0803738333354485,36,0,7.379310344827586,1.5820825002156198,0.16379329864867032,2.3834931023884565,cpu,cuda:0,0,423.2363281,39
287,1,DDT500_num50.txt,fixed,1062,8,132.75,7.917543888092041,4.654815673828125,7.080670457071392e-06,-3.56,-0.299272093,0.2775000035762787,0.025372233241796494,0.23999999463558197,0.3199999928474426,-0.036967712,-0.031396906,0.0015124360603901248,0.6327023228009542,0.010560758442928394,0.058075599496563275,0.0003,289,111,51.79571625025156,4.670867919921875,15.83275818824768,20.503626108169556,480,0.14622349827550352,0,0,TRUE,pair,141,1.892718800343573,5.207156307953226,28,0,7.531914893617022,1.892718800343573,0.17700339993461967,2.4929656016174704,cpu,cuda:0,0,402.75732421875,40
288,1,DDT500_num50.txt,fixed,1066,8,133.25,5.952940464019775,4.246895790100098,4.795118456968339e-06,-3.76,-0.310659592,0.26499998569488525,0.019364917650818825,0.2199999988079071,0.2800000011920929,-0.06303096,-0.057841591,0.0016030670018293536,0.5990901268445529,0.013140623905481054,0.05552238974576959,0.0003,294,106,58.32057753222821,4.2628700733184814,14.01541256904602,18.278282642364502,475,0.13320340076461434,0,0,TRUE,pair,140,1.661962199723348,4.912757972838954,36,0,7.614285714285714,1.661962199723348,0.1590700998203829,2.341912100207992,cpu,cuda:0,0,372.44873046875,42
289,1,DDT500_num50.txt,fixed,1077,8,134.625,4.12121057510376,5.562829971313477,4.278268534108065e-06,-3.72,-0.299034104,0.26749998331069946,0.017139142379164696,0.23999999463558197,0.30000001192092896,-0.027949768,-0.022239162,0.0015936689102090894,0.6507447004318238,0.0103933896869421,0.05592107204720378,0.0003,293,107,62.978293506747825,5.582755088806152,11.518375158309937,17.10113024711609,480,0.15197080106008798,0,0,TRUE,pair,140,2.6507653003791347,4.9935004600464685,30,0,7.692857142857143,2.6507653003791347,0.25227669964078814,2.5505766021087766,cpu,cuda:0,0,405.1230469,43
290,1,DDT500_num50.txt,fixed,1093,8,136.625,8.454843521118164,5.406149864196777,6.30796284895041e-06,-3.52,-0.284067616,0.2800000011920929,0.03316625580191612,0.23999999463558197,0.3400000035762787,0.06273228023201227,0.06790189848591884,0.0018868992337957025,0.61130723853906,0.017008034861646593,0.09338435810059309,0.0003,288,112,98.5500136709783,5.423093557357788,5.667721748352051,11.090815305709839,472,0.15360749966930598,0,0,TRUE,pair,145,2.462812500190921,4.970722773483011,32,0,7.537931034482758,2.462812500190921,0.21492769662290812,2.626090599107556,cpu,cuda:0,0,424.1708984,43
291,1,DDT500_num50.txt,fixed,1072,8,134,4.7434163093566895,4.231845378875732,5.155026428838028e-06,-3.64,-0.29207878,0.27250000834465027,0.02633913792669773,0.23999999463558197,0.3199999928474426,-0.002700309,0.0024636588990688325,0.0013756694504991173,0.5851803660392761,0.012876305216923355,0.02797076553106308,0.0003,291,109,119.72917220704092,4.248181581497192,4.705358982086182,8.953540563583374,471,0.13480740087106824,0,0,TRUE,pair,141,1.6127462995937094,5.288246269546338,36,0,7.602836879432624,1.6127462995937094,0.1664288977626711,2.366120898979716,cpu,cuda:0,0,435.15966796875,43
292,1,DDT500_num50.txt,fixed,1081,8,135.125,2.934173583984375,5.530072212219238,4.5079400479153264e-06,-3.64,-0.291436976,0.27250000834465027,0.022220492362976074,0.23999999463558197,0.30000001192092896,-0.048373492,-0.043330632,0.0015323626381965976,0.5809044771724277,0.011079914641514834,0.05445969249639246,0.0003,291,109,66.34717146624334,5.546135187149048,10.7469482421875,16.293083429336548,493,0.15865849889814854,0,0,TRUE,pair,138,2.568448399542831,5.211840886743283,36,0,7.833333333333333,2.568448399542831,0.2559668973553926,2.591251600650139,cpu,cuda:0,0,424.17041015625,44
293,1,DDT500_num50.txt,fixed,1094,8,136.75,5.517019271850586,4.917667388916016,5.606639660982182e-06,-3.6,-0.291642687,0.2749999761581421,0.027838822454214096,0.2199999988079071,0.3199999928474426,-0.018124966,-0.013532742,0.0020654056794368303,0.562493248627736,0.014483627442342158,0.03605525611111751,0.0003,290,110,66.00556089798386,4.935186862945557,11.639174222946167,16.574361085891724,479,0.14755220001097769,0,0,TRUE,pair,144,2.15002849989105,5.040219375812593,45,0,7.597222222222222,2.15002849989105,0.18906689889263362,2.4827091976767406,cpu,cuda:0,0,386.125,45
294,1,DDT500_num50.txt,fixed,1062,8,132.75,7.137051105499268,5.277978897094727,6.777129328838782e-06,-3.68,-0.296475272,0.26999998092651367,0.01732051372528076,0.23999999463558197,0.30000001192092896,-0.030183449,-0.0247852,0.001349881252584358,0.6073195040225983,0.010321377844472105,0.034283003226543464,0.0003,292,108,88.51505568408393,5.300749063491821,6.69720983505249,11.997958898544312,468,0.14826939930208027,0,0,TRUE,pair,144,2.5227886992506683,5.171374761901109,32,0,7.375,2.5227886992506683,0.1960222990019247,2.4649221999570727,cpu,cuda:0,0,401.6376953,45
295,1,DDT500_num50.txt,fixed,1075,8,134.375,3.8058342933654785,4.36186408996582,4.952568360749865e-06,-3.64,-0.303064672,0.2724999785423279,0.017139146104454994,0.25999999046325684,0.30000001192092896,-0.034071347,-0.028640836,0.00147397760883905,0.6167500168085098,0.010987877554725856,0.031172341434285045,0.0003,291,109,129.29416760985072,4.3780152797698975,3.9363582134246826,8.31437349319458,486,0.2082855998305604,0,0,TRUE,pair,139,1.6024881002958864,5.147906975413478,36,0,7.733812949640288,1.6024881002958864,0.1626310987630859,2.509958800044842,cpu,cuda:0,0,386.12451171875,45
296,1,DDT500_num50.txt,fixed,1041,8,130.125,4.7811479568481445,5.2656402587890625,5.616769158223178e-06,-3.8,-0.31206248,0.26249998807907104,0.023318450897932053,0.2199999988079071,0.30000001192092896,-0.092916164,-0.088084178,0.001952183950278494,0.5808081494437324,0.009440473339054734,0.03695249412622717,0.0003,295,105,65.55840581322597,5.281577825546265,10.597392797470093,15.878970623016357,455,0.14992690039798617,0,0,TRUE,pair,140,2.4657545008230954,5.391930834818757,40,0,7.435714285714286,2.4657545008230954,0.24411240057088435,2.4499636003747582,cpu,cuda:0,0,441.90283203125,46
297,1,DDT500_num50.txt,fixed,1063,8,132.875,7.753023624420166,4.2913126945495605,5.629405677609611e-06,-3.72,-0.301256498,0.26750001311302185,0.039921801537275314,0.2199999988079071,0.3400000035762787,-0.015094742,-0.009888579,0.0014655833729193546,0.5938956588506699,0.011775746213970706,0.03838249927503057,0.0003,293,107,93.64858659175023,4.307826280593872,7.043119192123413,11.350945472717285,472,0.1350802006199956,0,0,TRUE,pair,148,1.6636203990783542,5.241768577473408,39,0,7.1824324324324325,1.6636203990783542,0.1641827024286613,2.3769034007564187,cpu,cuda:0,0,380.9638672,45
298,1,DDT500_num50.txt,fixed,1068,8,133.5,7.280109882354736,5.20523738861084,4.73394466098398e-05,-3.6,-0.278379977,0.2750000059604645,0.031224993988871574,0.23999999463558197,0.3400000035762787,-0.026878186,-0.022458612,0.0019996027362399866,0.5419377727167947,0.010909941263629921,0.030783501586743763,0.0003,290,110,73.63764731132271,5.221914291381836,9.28153657913208,14.503450870513916,472,0.14556069974787533,0,0,TRUE,pair,143,2.386048299842514,5.1535580477464515,28,0,7.468531468531468,2.386048299842514,0.20522800053004175,2.5134849986061454,cpu,cuda:0,0,421.4882813,47
299,1,DDT500_num50.txt,fixed,1073,8,134.125,7.166545391082764,5.853774070739746,2.0339773982414044e-05,-3.68,-0.286430416,0.26999998092651367,0.02000000886619091,0.23999999463558197,0.30000001192092896,-0.020593365,-0.015911791,0.0013921923818998039,0.5377675443887711,0.013038860794040374,0.04343159176642075,0.0003,292,108,105.06275632823554,5.878213405609131,4.33473014831543,10.21294355392456,471,0.1568107985658571,0,0,TRUE,pair,146,2.785775899188593,5.1612301937131715,28,0,7.3493150684931505,2.785775899188593,0.29983309807721525,2.6393406043061987,cpu,cuda:0,0,468.5800781,47
300,1,DDT500_num50.txt,fixed,1083,8,135.375,4.3571062088012695,4.341398239135742,5.188001523492858e-06,-3.32,-0.289600301,0.29249998927116394,0.01984313502907753,0.25999999046325684,0.3199999928474426,-0.036314052,-0.032348936,0.0016239655540428227,0.47771050532658893,0.01094791317720794,0.04654826513595051,0.0003,283,117,79.72657735036938,4.357515096664429,9.226411819458008,13.583926916122437,461,0.13085640012286603,0,0,TRUE,pair,141,1.676059199962765,5.316712835158667,32,0,7.680851063829787,1.676059199962765,0.16642199968919158,2.4120111990487203,cpu,cuda:0,0,429.69287109375,47
301,1,DDT500_num50.txt,fixed,1066,8,133.25,5.356071472167969,5.606744766235352,5.697156666428782e-06,-3.48,-0.28676055,0.2824999988079071,0.018540501594543457,0.23999999463558197,0.30000001192092896,-0.058744829,-0.05412568,0.0015075884487790365,0.5372944871584574,0.008792431145492528,0.035996124200108975,0.0003,287,113,66.00335315773599,5.625721454620361,10.524973154067993,16.150694608688354,458,0.1535137991886586,0,0,TRUE,pair,140,2.6210287992144004,5.327392118733104,45,0,7.614285714285714,2.6210287992144004,0.25313339580316097,2.618039598572068,cpu,cuda:0,0,424.17041015625,48
302,1,DDT500_num50.txt,fixed,1075,8,134.375,7.936269760131836,5.228708267211914,6.180515811138321e-06,-3.4,-0.277066172,0.2874999940395355,0.022220488637685776,0.23999999463558197,0.3199999928474426,0.017142510041594505,0.021518835797905922,0.0015279671642929316,0.5140316039323807,0.017499006789876148,0.01564104203134775,0.0003,285,115,110.25356592246696,5.248316049575806,4.5019354820251465,9.750251531600952,474,0.20769039867445827,0,0,TRUE,pair,151,2.3671057004248723,5.285581395570622,32,0,7.119205298013245,2.3671057004248723,0.2222278001718223,2.534395198454149,cpu,cuda:0,0,368.8496094,49
303,1,DDT500_num50.txt,fixed,1085,8,135.625,5.67753267288208,5.649968147277832,5.9389681155153085e-06,-3.64,-0.301564558,0.2724999785423279,0.028173571452498436,0.2199999988079071,0.3199999928474426,-0.035494493,-0.030776984,0.0016430603905713984,0.5539038521902901,0.011928475985769182,0.041103474130587916,0.0003,291,109,79.5663669390843,5.667707681655884,7.968707323074341,13.636415004730225,466,0.1495778993703425,0,0,TRUE,pair,146,2.725246700225398,5.223041476412303,33,0,7.431506849315069,2.725246700225398,0.2609876993810758,2.5520897990791127,cpu,cuda:0,0,408.61083984375,48
304,1,DDT500_num50.txt,fixed,1074,8,134.25,6.777720928192139,4.438876628875732,4.3605186874629e-06,-3.6,-0.303375227,0.2749999761581421,0.02397916093468666,0.23999999463558197,0.3199999928474426,0.011229373514652252,0.015641245059669018,0.0016218401142396033,0.5222790651023388,0.00795060136806569,0.04870025045238435,0.0003,290,110,86.15338027343664,4.4556756019592285,8.010463237762451,12.46613883972168,470,0.15179830160923302,0,0,TRUE,pair,141,1.7258970991242677,5.201117317547789,40,0,7.617021276595745,1.7258970991242677,0.1689648007741198,2.452301098150201,cpu,cuda:0,0,408.61083984375,49
305,1,DDT500_num50.txt,fixed,1067,8,133.375,6.688375949859619,4.965828895568848,5.3789681260241196e-06,-3.68,-0.308845689,0.27000001072883606,0.033166252076625824,0.23999999463558197,0.3400000035762787,-0.052461818,-0.048367374,0.001783368643373251,0.49861330456203884,0.009508023827543689,0.03501256089657545,0.0003,292,108,66.11696428902518,4.9844865798950195,11.1535804271698,16.13806700706482,475,0.15809860068839043,0,0,TRUE,pair,141,2.172675900394097,5.240862228988819,32,0,7.567375886524823,2.172675900394097,0.19870820024516433,2.4983063004910946,cpu,cuda:0,0,429.69287109375,50
306,1,DDT500_num50.txt,fixed,1086,8,135.75,5.285593509674072,5.370228290557861,5.190740012039896e-06,-3.08,-0.281497584,0.3074999749660492,0.024366986006498337,0.25999999046325684,0.3400000035762787,-0.052149229,-0.048142717,0.0019932566404653094,0.500313812494278,0.00429515284486115,0.031415945508827765,0.0003,277,123,45.72514620657937,5.387508153915405,18.363099336624146,23.75060749053955,476,0.1587015015538782,0,0,TRUE,pair,146,2.42696180078201,5.372007366482505,32,0,7.438356164383562,2.42696180078201,0.21719420119188726,2.626316903042607,cpu,cuda:0,0,415.53173828125,50
307,1,DDT500_num50.txt,fixed,1106,8,138.25,4.710361003875732,4.526117324829102,4.52681479146122e-06,-3.04,-0.271004335,0.3100000023841858,0.017320504412055016,0.2800000011920929,0.3400000035762787,0.05790042380491892,0.0616408238808314,0.003904626937583089,0.5692709237337112,0.018788015547518928,0.04410988853002588,0.0003,276,124,115.0416803559043,4.5423853397369385,5.071521520614624,9.613906860351562,482,0.1439738986082375,0,0,TRUE,pair,143,1.7129557001171634,5.445750446905926,36,0,7.734265734265734,1.7129557001171634,0.17006669915281236,2.5523098005214706,cpu,cuda:0,0,444.41650390625,49
308,1,DDT500_num50.txt,fixed,1094,8,136.75,3.8649063110351562,4.534489631652832,4.211311534163542e-06,-3.16,-0.262209719,0.30250000953674316,0.025372229516506195,0.25999999046325684,0.3400000035762787,0.007235832512378693,0.012067973613739014,0.0016171945608220994,0.564073771238327,0.016208617016673088,0.04851861158385873,0.0003,279,121,160.02122899140286,4.552097797393799,2.2844951152801514,6.83659291267395,472,0.14231609855778515,0,0,TRUE,pair,142,1.8346157991327345,5.2778793427364485,32,0,7.704225352112676,1.8346157991327345,0.17616050015203655,2.4329550014808774,cpu,cuda:0,0,377.8935547,50
309,1,DDT500_num50.txt,fixed,1069,8,133.625,5.977823734283447,4.831629276275635,2.0162235159659758e-05,-3.12,-0.278141694,0.304999977350235,0.025980763137340546,0.25999999046325684,0.3400000035762787,0.019685380160808563,0.023873427882790565,0.001900286675663665,0.513818833976984,0.02185656115761958,0.04910228541120887,0.0003,278,122,77.73252061899602,4.858310222625732,8.893977642059326,13.752287864685059,482,0.15226980007719249,0,0,TRUE,pair,141,2.065992900636047,5.315247891883743,36,0,7.581560283687943,2.065992900636047,0.18061420181766152,2.494526899768971,cpu,cuda:0,0,388.99462890625,51
310,1,DDT500_num50.txt,fixed,1054,8,131.75,5.214163303375244,5.426323413848877,4.665943379222881e-06,-3.44,-0.286502944,0.2849999964237213,0.02179449424147606,0.25999999046325684,0.3199999928474426,-0.094966475,-0.090529501,0.0017766058056925733,0.53252741197745,0.010334059440841278,0.04764864811052879,0.0003,286,114,92.13335822569948,5.443458318710327,5.996480703353882,11.439939022064209,457,0.15147409995552152,0,0,TRUE,pair,141,2.5893302001059055,5.411764703394113,36,0,7.475177304964539,2.5893302001059055,0.23657709977123886,2.4899311986519024,cpu,cuda:0,0,385.02490234375,50
311,1,DDT500_num50.txt,fixed,1081,8,135.125,5.644411087036133,4.378961563110352,4.856955911236582e-06,-3.2,-0.294598812,0.29999998211860657,0.022360682487487793,0.25999999046325684,0.3400000035762787,-0.044778861,-0.03996168,0.002212607942055911,0.5923487469553947,0.012894546489405911,0.03856320527847856,0.0003,280,120,92.31270477998592,4.394797086715698,7.3154003620147705,11.710197448730469,470,0.14194649911951274,0,0,TRUE,pair,141,1.6957898006075993,5.382978723845363,35,0,7.666666666666667,1.6957898006075993,0.16555419971700758,2.430120197474025,cpu,cuda:0,0,366.12841796875,51
312,1,DDT500_num50.txt,fixed,1105,8,138.125,2.6663410663604736,6.438756465911865,4.150127097091172e-06,-3.32,-0.270549109,0.29249998927116394,0.017139140516519547,0.25999999046325684,0.3199999928474426,-0.017946733,-0.012813069,0.0014020100279594772,0.583467360585928,0.012481397847295739,0.059340493055060506,0.0003,283,117,64.58572678582121,6.455868721008301,10.653174638748169,17.10904335975647,478,0.22374229959677905,0,0,TRUE,pair,142,3.295501700253226,5.174660633052636,32,0,7.78169014084507,3.295501700253226,0.28809680230915546,2.7337146988138556,cpu,cuda:0,0,401.63818359375,51
313,1,DDT500_num50.txt,fixed,1084,8,135.5,4.582575798034668,5.347604274749756,5.45765078641125e-06,-3.52,-0.280444701,0.2800000011920929,0.02000000700354576,0.23999999463558197,0.30000001192092896,-0.068513835,-0.063227514,0.0012643743215853141,0.5918500953250461,0.009997537126764655,0.04983946060140928,0.0003,288,112,65.12080045455112,5.3672192096710205,11.278767824172974,16.645987033843994,472,0.15474580193404108,0,0,TRUE,pair,141,2.5323991001350805,5.27767527037441,36,0,7.6879432624113475,2.5323991001350805,0.20474790001753718,2.510356600396335,cpu,cuda:0,0,414.6601563,52
314,1,DDT500_num50.txt,fixed,1108,8,138.5,3.1224989891052246,5.746760845184326,4.479478320718044e-06,-3.2,-0.276201673,0.30000001192092896,0.022360678762197495,0.2800000011920929,0.3400000035762787,-0.003881445,0.001249677191178004,0.0013003675946189712,0.5781308164199194,0.019129851483739913,0.046818546019494534,0.0003,280,120,96.01217309933382,5.762749195098877,5.777454137802124,11.540203332901001,465,0.15252570062875748,0,0,TRUE,pair,144,2.84123909950722,5.111913356970364,28,0,7.694444444444445,2.84123909950722,0.2507631996413693,2.5490412006620318,cpu,cuda:0,0,371.2548828,51
315,1,DDT500_num50.txt,fixed,1079,8,134.875,3.822221279144287,4.41519021987915,4.871563305641757e-06,-3.28,-0.278650596,0.29499998688697815,0.029580406844615936,0.25999999046325684,0.36000001430511475,-0.00820888,-0.003797048,0.0015585099092938683,0.5191089754754846,0.01955550235950134,0.06950952089391649,0.0003,282,118,67.1193224220947,4.431717395782471,11.644130229949951,16.075847625732422,470,0.14931219874415547,0,0,TRUE,pair,140,1.6934541007503867,5.240037073571998,42,0,7.707142857142857,1.6934541007503867,0.16543059924151748,2.4664949983125553,cpu,cuda:0,0,419.26513671875,52
316,1,DDT500_num50.txt,fixed,1098,8,137.25,2.384848117828369,6.2647624015808105,1.0312809536117129e-05,-3.04,-0.280490315,0.3099999725818634,0.024494897574186325,0.25999999046325684,0.3400000035762787,-0.007184742,-0.0028698,0.0011926593766215124,0.49112725257873535,0.012876717382044132,0.060517926035182815,0.0003,276,124,47.61107420941208,6.2848124504089355,16.77704906463623,23.061861515045166,481,0.16232229908928275,0,0,TRUE,pair,142,3.18365430040285,5.232240436289914,32,0,7.732394366197183,3.18365430040285,0.2967443992383778,2.661807302501984,cpu,cuda:0,0,391.79638671875,51
317,1,DDT500_num50.txt,fixed,1116,8,139.5,4.5,4.620370388031006,4.880306732957251e-06,-3.24,-0.286851776,0.29749998450279236,0.03230712190270424,0.23999999463558197,0.3400000035762787,0.009533889591693878,0.014118055502573649,0.0016294761735480279,0.539889877041181,0.012293538505521914,0.045286841690540314,0.0003,281,119,110.68834408452436,4.637035846710205,5.445326566696167,10.082362413406372,474,0.14409589883871377,0,0,TRUE,pair,144,1.838788899825886,5.087813621353505,48,0,7.75,1.838788899825886,0.17230030137579888,2.5171556991990656,cpu,cuda:0,0,424.1708984,48
318,1,DDT500_num50.txt,fixed,1119,8,139.875,2.758509635925293,4.658788204193115,3.90308014175389e-06,-3.44,-0.284254721,0.2849999666213989,0.021794496104121208,0.23999999463558197,0.3199999928474426,0.008923069636027018,0.013539298375447591,0.0017363866015026967,0.548442562421163,0.005578116793185472,0.036169226529697576,0.0003,286,114,48.0816071882657,4.675772190093994,18.59716033935547,23.272932529449463,474,0.14470689906738698,0,0,TRUE,pair,143,1.807113599148579,5.156389633175302,28,0,7.825174825174825,1.807113599148579,0.17398659978061914,2.5231369977118447,cpu,cuda:0,0,440.5820313,46
319,1,DDT500_num50.txt,fixed,1097,8,137.125,4.83315372467041,5.290094375610352,4.923791038891068e-06,-3.52,-0.301754995,0.2800000011920929,0.022360682487487793,0.23999999463558197,0.3199999928474426,0.06885559537581035,0.07393295211451394,0.0016895685444719025,0.5922132985932487,0.01016032971840884,0.04043657399181809,0.0003,288,112,87.40194721935805,5.307925462722778,7.243282318115234,12.551207780838013,464,0.14603900036308914,0,0,TRUE,pair,144,2.3503577989758924,5.290793072014585,32,0,7.618055555555555,2.3503577989758924,0.22619199787732214,2.608615998411551,cpu,cuda:0,0,434.06103515625,44
320,1,DDT500_num50.txt,fixed,1056,8,132,3.278719186782837,4.300368309020996,3.899437615473289e-06,-3.68,-0.29118201,0.27000001072883606,0.03872983530163765,0.20000000298023224,0.3199999928474426,-0.090211279,-0.08544325,0.001883742748759687,0.570989441871643,0.013044301373884081,0.017544897459447383,0.0003,292,108,104.65062019973139,4.316793203353882,5.773925781,10.090718984603882,463,0.20111120119690895,0,0,TRUE,pair,135,1.6042614995967597,5.200757576209126,36,0,7.822222222222222,1.6042614995967597,0.1622556975344196,2.4476673991885036,cpu,cuda:0,0,426.7207031,44
321,1,DDT500_num50.txt,fixed,1082,8,135.25,5.847007751464844,5.244749546051025,3.932099843950709e-06,-3.44,-0.304261018,0.2849999964237213,0.03570714220404625,0.20000000298023224,0.3199999928474426,-0.043917453,-0.038963061,0.0019823446637019515,0.5945567190647125,0.011226076658608185,0.06356403479973476,0.0003,286,114,68.53042674393016,5.265614986419678,10.522992372512817,15.788607358932495,467,0.15368980052880943,0,0,TRUE,pair,140,2.3816318995086476,5.057301294120535,32,0,7.728571428571429,2.3816318995086476,0.22400230099447072,2.535431201918982,cpu,cuda:0,0,388.99462890625,43
322,1,DDT500_num50.txt,fixed,1083,8,135.375,4.580870628356934,5.693315029144287,5.080050414107973e-06,-3.76,-0.28969188,0.26499998569488525,0.02397916465997696,0.23999999463558197,0.30000001192092896,-0.048483411,-0.044032909,0.001402431206467251,0.5151719252268473,0.010002973416703753,0.06778245714182655,0.0003,294,106,82.85275089524276,5.7171549797058105,7.354227542877197,13.071382522583008,465,0.16286449984181672,0,0,TRUE,pair,141,2.78233499918133,5.240997230137044,36,0,7.680851063829787,2.78233499918133,0.2489259985741228,2.5557717010378838,cpu,cuda:0,0,398.0136719,42
323,1,DDT500_num50.txt,fixed,1115,8,139.375,5.360445499420166,5.26301908493042,4.708389496954624e-06,-3.28,-0.273784915,0.29499998688697815,0.019364917650818825,0.25999999046325684,0.3199999928474426,0.059883153066039085,0.06491994764655828,0.0015881134459050372,0.5830847769975662,0.008830460021272302,0.034774625091813505,0.0003,282,118,82.91730543670204,5.280110120773315,8.167022466659546,13.447132587432861,472,0.21411450009327382,0,0,TRUE,pair,148,2.3768990009557456,5.048430492204401,32,0,7.533783783783784,2.3768990009557456,0.17834130045957863,2.614705601008609,cpu,cuda:0,0,436.3955078,41
324,1,DDT500_num50.txt,fixed,1101,8,137.625,2.341874361038208,4.46169376373291,4.33108834840823e-06,-3.16,-0.257482043,0.3024999797344208,0.015612490475177765,0.2800000011920929,0.3199999928474426,-0.011007023,-0.006648141,0.001443621379116343,0.5080691244867113,0.023957512975256477,0.06735535141908461,0.0003,279,121,77.096158959308,4.4793267250061035,9.80154037475586,14.280867099761963,469,0.14123970025684685,0,0,TRUE,pair,141,1.6738918992923573,5.2897366069859535,36,0,7.808510638297872,1.6738918992923573,0.16945889627095312,2.5265665986808017,cpu,cuda:0,0,429.6933594,41
325,1,DDT500_num50.txt,fixed,1087,8,135.875,3.2572035789489746,5.351393699645996,4.690245532401605e-06,-3.16,-0.258062617,0.3024999797344208,0.01854049600660801,0.2800000011920929,0.3400000035762787,-0.037068721,-0.032539393,0.0011219895823160186,0.5090324729681015,0.016034910164307803,0.05807653156807646,0.0003,279,121,79.199085411379,5.370396614074707,8.354509353637695,13.724905967712402,473,0.14799450081773102,0,0,TRUE,pair,141,2.5782499999040738,5.377184913919514,36,0,7.709219858156028,2.5782499999040738,0.19991990074049681,2.479024300351739,cpu,cuda:0,0,366.00537109375,40
326,1,DDT500_num50.txt,fixed,1062,8,132.75,4.96865177154541,4.290101051330566,5.573592261498561e-06,-3.36,-0.275388721,0.28999999165534973,0.022360682487487793,0.23999999463558197,0.3199999928474426,-0.056459658,-0.052285863,0.001381858180846191,0.4864722854561276,0.011446533465964926,0.045799519763224654,0.0003,284,116,77.99754721062712,4.306842803955078,9.308969974517822,13.6158127784729,465,0.13856119848787785,0,0,TRUE,pair,141,1.6505691992351785,5.51412429468331,36,0,7.531914893617022,1.6505691992351785,0.166842301026918,2.385424299282022,cpu,cuda:0,0,385.02490234375,40
327,1,DDT500_num50.txt,fixed,1096,8,137,4.4721360206604,5.705077171325684,4.635387085727416e-06,-3.2,-0.260472421,0.29999998211860657,0.03464101627469063,0.2199999988079071,0.3400000035762787,0.0021737987408414483,0.005883053294382989,0.0010308039636583999,0.4224656708538532,0.01413403514015954,0.05899721116293222,0.0003,280,120,67.48648784464838,5.727914571762085,10.51137089729309,16.240288019180298,475,0.16723350016400218,0,0,TRUE,pair,147,2.6746751001337543,5.3476277372262775,42,0,7.45578231292517,2.6746751001337543,0.23986199928913265,2.6807699019555002,cpu,cuda:0,0,378.87451171875,40
328,1,DDT500_num50.txt,fixed,1113,8,139.125,5.644411087036133,6.0551300048828125,1.709978278086055e-05,-3.12,-0.254784119,0.304999977350235,0.031224990263581276,0.23999999463558197,0.3400000035762787,0.014777783459673325,0.01878042045670251,0.0010319502228715767,0.4518613616625468,0.009449871936036894,0.05045178811997175,0.0003,278,122,82.9483433884822,6.077009916305542,7.34097957611084,13.417989492416382,474,0.16012149839662015,0,0,TRUE,pair,145,2.9514135007048026,5.243486073032115,42,0,7.675862068965517,2.9514135007048026,0.25317049911245704,2.7351007006363943,cpu,cuda:0,0,418.27099609375,40
329,1,DDT500_num50.txt,fixed,1122,8,140.25,3.269174098968506,5.541150093078613,2.3537722881883383e-05,-2.8,-0.253177379,0.32499998807907104,0.029580403119325638,0.25999999046325684,0.36000001430511475,-0.04177684,-0.037661081,0.0013976031768834218,0.481456495821476,0.015318700345233083,0.02465815097093582,0.0003,270,130,120.11132629243085,5.560157775878906,3.7811760902404785,9.341333866119385,461,0.15507389954291284,0,0,TRUE,pair,146,2.534866599366069,5.164884134197405,48,0,7.684931506849315,2.534866599366069,0.21624649944715202,2.6850947006605566,cpu,cuda:0,0,402.7578125,39
330,1,DDT500_num50.txt,fixed,1077,8,134.625,5.023382663726807,4.282435417175293,5.146749572304543e-06,-3.2,-0.26208175,0.29999998211860657,0.02828427404165268,0.25999999046325684,0.3400000035762787,-0.043589998,-0.03935166,0.0013519622036255897,0.4914320379495621,0.02560744115617126,0.0445666953921318,0.0003,280,120,76.37623397138036,4.303653717041016,9.7975914478302,14.101245164871216,463,0.1420728984521702,0,0,TRUE,pair,144,1.5963081991067156,5.324048281380061,40,0,7.479166666666667,1.5963081991067156,0.16790960216894746,2.4297987004974857,cpu,cuda:0,0,395.7714844,39
331,1,DDT500_num50.txt,fixed,1084,8,135.5,4.153311729431152,5.430027961730957,5.152269295649603e-06,-3.36,-0.271373536,0.28999999165534973,0.022360682487487793,0.25999999046325684,0.3199999928474426,-0.060761488,-0.056800176,0.0012666125707751648,0.4594613720070232,0.014883785767861727,0.07042135823179375,0.0003,284,116,64.17661504006506,5.448106527328491,11.442781209945679,16.89088773727417,474,0.16702629963401705,0,0,TRUE,pair,143,2.516454099561088,5.2518450193299575,32,0,7.580419580419581,2.516454099561088,0.20678820053581148,2.608691902132705,cpu,cuda:0,0,429.69287109375,39
332,1,DDT500_num50.txt,fixed,1088,8,136,4.153311729431152,4.40985631942749,5.0067901611328125e-06,-3.36,-0.273750118,0.28999999165534973,0.024494897574186325,0.25999999046325684,0.3199999928474426,-0.047208609,-0.043290407,0.0012771094237299014,0.45567603905995685,0.010220946957512448,0.030621829597900312,0.0003,284,116,98.32930251094886,4.42868709564209,6.636173248291016,11.064860343933105,465,0.1999873019522056,0,0,TRUE,pair,141,1.6576594000216573,5.445772060138338,36,0,7.716312056737588,1.6576594000216573,0.16722540149930865,2.4956727979006246,cpu,cuda:0,0,377.89306640625,39
333,1,DDT500_num50.txt,fixed,1089,8,136.125,2.847696542739868,4.7221174240112305,3.8109701563371345e-06,-3.2,-0.275326628,0.29999998211860657,0.019999999552965164,0.25999999046325684,0.3199999928474426,-0.039724516,-0.03617448,0.001419364377701034,0.42597155107392204,0.016073964225749176,0.06680558166570133,0.0003,280,120,80.35501924521192,4.741445302963257,8.810912847518921,13.552358150482178,483,0.1520740995183587,0,0,TRUE,pair,140,1.9363037992734462,5.178145088987464,36,0,7.7785714285714285,1.9363037992734462,0.18872090021613985,2.501853398862295,cpu,cuda:0,0,388.9951172,39
334,1,DDT500_num50.txt,fixed,1081,8,135.125,2.758509635925293,4.964422225952148,4.028498096886324e-06,-3.4,-0.284446436,0.2874999940395355,0.01984313875436783,0.25999999046325684,0.3199999928474426,-0.08158054,-0.077470582,0.001311042670360101,0.4765480969633375,0.02072856912023521,0.04411976145846503,0.0003,285,115,83.92861573674148,4.98102593421936,7.898967266082764,12.879993200302124,461,0.1474721988197416,0,0,TRUE,pair,138,2.121320199803449,5.225716931416303,39,0,7.833333333333333,2.121320199803449,0.20908830082044005,2.535630100290291,cpu,cuda:0,0,391.7958984,40
335,1,DDT500_num50.txt,fixed,1072,8,134,5.5452680587768555,4.421341896057129,5.59395220989245e-06,-3.52,-0.27860847,0.2800000011920929,0.026457518339157104,0.23999999463558197,0.3199999928474426,0.05353080067369673,0.0573206494251887,0.0015460445817249517,0.45628725820117527,0.010029821009892557,0.045445944699976176,0.0003,288,112,88.18071267520187,4.4377524852752686,7.7191009521484375,12.156853437423706,473,0.14159279875457287,0,0,TRUE,pair,142,1.723404499818571,5.194029852747917,28,0,7.549295774647887,1.723404499818571,0.16845540120266378,2.441144200274721,cpu,cuda:0,0,453.03369140625,40
336,1,DDT500_num50.txt,fixed,1084,8,135.5,6.264982223510742,5.538233757019043,4.774328317580512e-06,-3.04,-0.256781626,0.3099999725818634,0.030000001192092896,0.23999999463558197,0.3400000035762787,-0.006235987,-0.002234626,0.0012499257378901045,0.4626323640346527,0.006703002960421145,0.04603710373242696,0.0003,276,124,50.55938819324929,5.554766416549683,15.885366439819336,21.44013285636902,463,0.1579435981111601,0,0,TRUE,pair,142,2.513777000596747,5.243542438063674,28,0,7.633802816901408,2.513777000596747,0.22926280088722706,2.6884234994649887,cpu,cuda:0,0,396.89111328125,41
337,1,DDT500_num50.txt,fixed,1061,8,132.625,5.914759159088135,4.334432601928711,5.883675839868374e-06,-3.52,-0.279454806,0.2800000011920929,0.024494901299476624,0.23999999463558197,0.3199999928474426,0.012711900803777907,0.01682450994849205,0.0012047784079590605,0.47149964835908675,0.013646618343449922,0.041733319198505744,0.0003,288,112,80.45163823512381,4.351232051849365,8.836815118789673,13.188047170639038,461,0.13880459929350764,0,0,TRUE,pair,143,1.6057499999878928,5.2327992450955,42,0,7.419580419580419,1.6057499999878928,0.16719319741241634,2.472778898780234,cpu,cuda:0,0,368.8496094,42
338,1,DDT500_num50.txt,fixed,1100,8,137.5,5.7662811279296875,4.408787727355957,4.854029157286277e-06,-3.16,-0.256243035,0.30250000953674316,0.030720515176653862,0.23999999463558197,0.3400000035762787,-0.028727741,-0.024193331,0.0011630947572282618,0.5115956962108612,0.009072759628502859,0.053769930369324155,0.0003,279,121,82.67595949684106,4.425394535064697,8.879561424255371,13.304955959320068,468,0.13952440221328288,0,0,TRUE,pair,142,1.6793608993757516,5.18181817856702,33,0,7.746478873239437,1.6793608993757516,0.17123810108751059,2.4679433995625004,cpu,cuda:0,0,393.7734375,43
339,1,DDT500_num50.txt,fixed,1074,8,134.25,7.545694351196289,5.3556647300720215,6.390774160536239e-06,-3.8,-0.281404511,0.26249998807907104,0.027271779254078865,0.2199999988079071,0.3199999928474426,0.054927434772253036,0.060162642349799476,0.0017031255410984159,0.6086785743633906,0.010218047614519795,0.035371480975300074,0.0003,295,105,102.88445293554145,5.373898267745972,5.064996719360352,10.438894987106323,470,0.15467519918456674,0,0,TRUE,pair,149,2.468784199678339,5.4031657313501364,32,0,7.208053691275167,2.468784199678339,0.2264953025151044,2.554234502487816,cpu,cuda:0,0,435.15966796875,43
340,1,DDT500_num50.txt,fixed,1074,8,134.25,6.832825183868408,4.418401718139648,4.353995791461784e-06,-3.52,-0.2866189,0.2800000011920929,0.03741657733917236,0.23999999463558197,0.3400000035762787,-0.038867729,-0.034458833,0.0018206938920128676,0.531924287478129,0.013817413619512485,0.06414114300989443,0.0003,288,112,75.236074975486,4.434850454330444,9.840216398239136,14.27506685256958,459,0.14099859877023846,0,0,TRUE,pair,148,1.6646249000914395,5.2327746772233334,32,0,7.256756756756757,1.6646249000914395,0.16717729927040637,2.4969514011172578,cpu,cuda:0,0,434.0605469,44
341,1,DDT500_num50.txt,fixed,1075,8,134.375,4.580870628356934,4.673112869262695,5.256034910416929e-06,-3.52,-0.301058282,0.2800000011920929,0.024494901299476624,0.23999999463558197,0.3199999928474426,0.030208490788936615,0.03540204891136715,0.0014523050797704076,0.591970545904977,0.00963364983908832,0.04507980954700282,0.0003,288,112,97.38679614950294,4.691409349441528,6.347048044204712,11.03845739364624,466,0.14746210037264973,0,0,TRUE,pair,139,1.8805500004673377,5.332093023699383,32,0,7.733812949640288,1.8805500004673377,0.17787710146512836,2.4613745984388515,cpu,cuda:0,0,401.6376953,43
342,1,DDT500_num50.txt,fixed,1077,8,134.625,6.575284957885742,4.366502285003662,6.2831327340973075e-06,-3.48,-0.322123522,0.2824999988079071,0.023318450897932053,0.23999999463558197,0.3199999928474426,-0.077365269,-0.072731492,0.0019248331664130092,0.5596199283997217,0.0686685142669982,0.03151120866338412,0.0003,287,113,102.00166697556656,4.3833112716674805,6.175339698791504,10.558650970458984,455,0.13716650090646,0,0,TRUE,pair,145,1.6683551002060995,5.3370473533177,28,0,7.427586206896552,1.6683551002060995,0.16652579698711634,2.4429308981634676,cpu,cuda:0,0,425.7841797,44
343,1,DDT500_num50.txt,fixed,1088,8,136,5.4772257804870605,4.441040515899658,5.714590315619716e-06,-3.52,-0.315129239,0.2799999713897705,0.02828427404165268,0.23999999463558197,0.3199999928474426,-0.04560879,-0.040887834,0.0018355849024374038,0.5638761781156063,0.01349605419090949,0.036493099003564566,0.0003,288,112,97.41093885717959,4.456997871398926,6.712178945541382,11.169176816940308,459,0.139527601422742,0,0,TRUE,pair,144,1.7209620006615296,5.290441174279241,36,0,7.555555555555555,1.7209620006615296,0.1670268023153767,2.463935199426487,cpu,cuda:0,0,434.0605469,44
344,1,DDT500_num50.txt,fixed,1066,8,133.25,6.057020664215088,5.709338665008545,1.385394534736406e-05,-3.52,-0.314648952,0.2800000011920929,0.034641019999980927,0.23999999463558197,0.3400000035762787,0.05440790844815118,0.0594858644264085,0.0014389638755736606,0.5797440877982548,0.022490287299400995,0.061251031633998664,0.0003,288,112,72.96167250843759,5.72899603843689,8.881414651870728,14.610410690307617,463,0.1557628995506093,0,0,TRUE,pair,142,2.6830723005114123,5.307692307468651,36,0,7.507042253521127,2.6830723005114123,0.28380930284038186,2.621772999758832,cpu,cuda:0,0,425.7841797,45
345,1,DDT500_num50.txt,fixed,1086,8,135.75,6.239992141723633,5.457881927490234,5.776425041403854e-06,-3.24,-0.317150727,0.29750001430511475,0.025372229516506195,0.25999999046325684,0.3400000035762787,-0.02462748,-0.020181806,0.0016040691504410158,0.5247711961468061,0.01818227572948672,0.04226279235444963,0.0003,281,119,62.40656538594361,5.474544048309326,11.927471160888672,17.402015209197998,455,0.15987500094342977,0,0,TRUE,pair,144,2.5031930004479364,5.306629835132297,40,0,7.541666666666667,2.5031930004479364,0.22722820146009326,2.6209042026894167,cpu,cuda:0,0,408.61083984375,45
346,1,DDT500_num50.txt,fixed,1064,8,133,7.889866828918457,4.415448188781738,6.457139079429908e-06,-3.56,-0.347011418,0.2775000035762787,0.033819377422332764,0.23999999463558197,0.3400000035762787,-0.002476933,0.0024191952095581936,0.0020044294472497245,0.589834566299732,0.011785826538331233,0.05985543841066269,0.0003,289,111,53.78119616218695,4.43044114112854,15.35342526435852,19.78386640548706,459,0.1414487996371463,0,0,TRUE,pair,147,1.7482347990153357,5.243421054200122,36,0,7.238095238095238,1.7482347990153357,0.1701890006661415,2.407966199913062,cpu,cuda:0,0,413.65771484375,47
347,1,DDT500_num50.txt,fixed,1091,8,136.375,5.655473232269287,5.43465518951416,4.62310799775878e-06,-3.4,-0.344258575,0.2874999940395355,0.031523801386356354,0.2199999988079071,0.3199999928474426,-0.035771964,-0.031350276,0.001671736128628254,0.525755626814706,0.00835331110907386,0.047745996953121254,0.0003,285,115,88.55196330051463,5.452035188674927,6.868414402008057,12.320449590682983,476,0.15213770023547113,0,0,TRUE,pair,145,2.551284400629811,5.213565534238527,36,0,7.524137931034483,2.551284400629811,0.2142001015599817,2.568650303175673,cpu,cuda:0,0,379.8564453,46
348,1,DDT500_num50.txt,fixed,1088,8,136,4.690415859222412,4.428424835205078,4.848170192417456e-06,-3.32,-0.321379025,0.29250001907348633,0.029895655810832977,0.23999999463558197,0.3400000035762787,0.009397514164447784,0.01376921683549881,0.0014299194180321965,0.5086661658503793,0.015149105403741652,0.043648831927302206,0.0003,283,117,63.70487726,4.445569038391113,12.633186101913452,17.078755140304565,473,0.14201940048951656,0,0,TRUE,pair,142,1.7392459994880483,5.25551470851197,42,0,7.661971830985915,1.7392459994880483,0.17079580144491047,2.419113398413174,cpu,cuda:0,0,432.9882813,48
349,1,DDT500_num50.txt,fixed,1098,8,137.25,4.4370598793029785,5.3260884284973145,4.473129138204968e-06,-3.04,-0.282765108,0.3100000023841858,0.03464101627469063,0.25999999046325684,0.3799999952316284,0.03468546470006307,0.039284456769625345,0.001641145278699696,0.5419563233852387,0.010664179796973865,0.042421891105671725,0.0003,276,124,56.044704958588504,5.346163034439087,14.24533987045288,19.591502904891968,462,0.15189380024094135,0,0,TRUE,pair,145,2.4439242001390085,5.175774133487694,35,0,7.572413793103448,2.4439242001390085,0.22042269888333976,2.5482055988395587,cpu,cuda:0,0,393.7734375,48
350,1,DDT500_num50.txt,fixed,1048,8,131,6.062177658081055,5.700259685516357,5.727010830014478e-06,-3.64,-0.289510648,0.27250000834465027,0.028173573315143585,0.23999999463558197,0.3400000035762787,-0.012548228,-0.00752551,0.0014734401949681342,0.5759441077709198,0.010555652517359704,0.037478444166481495,0.0003,291,109,60.35496054635661,5.717670202255249,11.646271228790283,17.363941431045532,451,0.15684819757007062,0,0,TRUE,pair,140,2.84197410044726,5.397900761993787,33,0,7.485714285714286,2.84197410044726,0.22990949999075383,2.5096660011913627,cpu,cuda:0,0,440.58154296875,49
351,1,DDT500_num50.txt,fixed,1086,8,135.75,5.5845770835876465,4.64617919921875,4.969755082129268e-06,-3.56,-0.296780771,0.2774999737739563,0.027271786704659462,0.2199999988079071,0.30000001192092896,0.0055778347369697355,0.0105002135452297,0.0017600084021170107,0.5802380012141334,0.021843284187424514,0.07903752124143971,0.0003,289,111,87.60430854922504,4.6628899574279785,7.733760595321655,12.396650552749634,487,0.14670210028998554,0,0,TRUE,pair,145,1.9391155001940206,5.18139963101726,45,0,7.489655172413793,1.9391155001940206,0.17309359821956605,2.4347956015262753,cpu,cuda:0,0,464.5566406,48
352,1,DDT500_num50.txt,fixed,1086,8,135.75,5.539629936218262,4.963416576385498,5.247917215456255e-06,-3.48,-0.303229783,0.2824999988079071,0.03799671307206154,0.2199999988079071,0.3400000035762787,-0.00796963,-0.003297129,0.001764730387367308,0.5554870575666427,0.010548565338831395,0.0554253026843071,0.0003,287,113,63.645831261298845,4.979985237121582,12.083190441131592,17.063175678253174,476,0.20971530012320727,0,0,TRUE,pair,141,2.118365199654363,5.195211786152469,52,0,7.702127659574468,2.118365199654363,0.17987519886810333,2.5604364997707307,cpu,cuda:0,0,380.9638672,49
353,1,DDT500_num50.txt,fixed,1053,8,131.625,5.977823734283447,4.896174907684326,4.906443336949451e-06,-3.4,-0.282944517,0.2874999940395355,0.026339136064052582,0.23999999463558197,0.3199999928474426,-0.005278333,-0.000375619,0.001519682969396504,0.5662555396556854,0.008855160021294769,0.05749498658741896,0.0003,285,115,62.75690250288037,4.9133360385894775,11.865694761276245,16.779030799865723,458,0.1484422005014494,0,0,TRUE,pair,139,2.128138699568808,5.358024693622209,39,0,7.575539568345324,2.128138699568808,0.17689470015466213,2.489813601365313,cpu,cuda:0,0,342.10498046875,49
354,1,DDT500_num50.txt,fixed,1082,8,135.25,4.993746280670166,5.57785701751709,5.323198820406105e-06,-3.28,-0.280307602,0.29499998688697815,0.019364917650818825,0.25999999046325684,0.3199999928474426,-0.052455999,-0.047502726,0.001790531478556139,0.5848528700215476,0.015772972954437137,0.06537846183138234,0.0003,282,118,83.32302121873919,5.594568967819214,7.391037940979004,12.985606908798218,472,0.16149569873232394,0,0,TRUE,pair,144,2.6566010003443807,5.179297593957616,36,0,7.513888888888889,2.6566010003443807,0.22653029940556735,2.5797873022966087,cpu,cuda:0,0,431.7861328,50
355,1,DDT500_num50.txt,fixed,1079,8,134.875,5.840322971343994,4.944331645965576,5.8424716371519025e-06,-3.36,-0.271788388,0.28999999165534973,0.022360682487487793,0.23999999463558197,0.3199999928474426,-0.004465881,0.0006798066198825837,0.001572616375051439,0.5931997001171112,0.012875357433222235,0.04355194438248873,0.0003,284,116,107.71547934553678,4.961591720581055,5.055538654327393,10.017130374908447,463,0.15084059885703027,0,0,TRUE,pair,144,2.2276143005583435,5.273401290426881,44,0,7.493055555555555,2.2276143005583435,0.18612669955473393,2.426789298071526,cpu,cuda:0,0,431.7861328,49
356,1,DDT500_num50.txt,fixed,1103,8,137.875,4.284784317016602,4.536123752593994,4.415574039740022e-06,-3.48,-0.278025486,0.2824999988079071,0.01854049786925316,0.25999999046325684,0.3199999928474426,0.004253197207369588,0.009443176063624296,0.001679986641234295,0.6029973680322821,0.01629638995721259,0.05626398909159682,0.0003,287,113,66.77503579963084,4.553624391555786,11.964524745941162,16.51814913749695,488,0.1450530996080488,0,0,TRUE,pair,144,1.7541700006695464,5.117860379050454,30,0,7.659722222222222,1.7541700006695464,0.16370150027796626,2.5194156002253294,cpu,cuda:0,0,396.8916016,50
357,1,DDT500_num50.txt,fixed,1062,8,132.75,3.269174098968506,5.521243095397949,4.583066038321704e-05,-3.64,-0.273728311,0.2724999785423279,0.017139142379164696,0.23999999463558197,0.30000001192092896,-0.403552443,-0.397917569,0.0010388556402176619,0.6154285073280334,0.036055419594049454,0.0458715558052063,0.0003,291,109,171.03432900058735,5.54306697845459,0.666212797164917,6.209279775619507,468,0.1621393021196127,0,0,TRUE,pair,137,2.5782411000691354,5.206214691959532,42,0,7.751824817518248,2.5782411000691354,0.23357760009821504,2.589207997894846,cpu,cuda:0,0,168.45849609375,51
358,1,DDT500_num50.txt,fixed,1088,8,136,5.099019527435303,4.959053993225098,4.672031082009198e-06,-3.48,-0.279010456,0.2824999988079071,0.021065378561615944,0.25999999046325684,0.3199999928474426,-0.020651846,-0.01527827,0.0019966399529948832,0.6371898978948594,0.015284841621178203,0.04067538995295763,0.0003,287,113,76.53952898480475,4.981025457382202,9.233851671218872,14.214877128601074,481,0.14705599914304912,0,0,TRUE,pair,142,2.226853499887511,5.157169115893981,28,0,7.661971830985915,2.226853499887511,0.19570380123332143,2.442055099993013,cpu,cuda:0,0,464.5566406,50
359,1,DDT500_num50.txt,fixed,1065,8,133.125,6.790388584136963,4.416924476623535,6.538061825267505e-06,-3.56,-0.341217845,0.2775000035762787,0.021065382286906242,0.23999999463558197,0.30000001192092896,0.04942039719649723,0.0549701281956264,0.0015961509613719369,0.6347803218024117,0.016673145233653486,0.054785452383969514,0.0003,289,111,94.95764373493785,4.43243932723999,6.783087491989136,11.215526819229126,471,0.14436430030036718,0,0,TRUE,pair,141,1.7559881001943722,5.236619718981461,32,0,7.553191489361702,1.7559881001943722,0.17358369973953813,2.398738196468912,cpu,cuda:0,0,416.4013672,52
360,1,DDT500_num50.txt,fixed,1092,8,136.5,5.5452680587768555,4.358562469482422,5.45765078641125e-06,-3.72,-0.341248899,0.26749998331069946,0.01984313689172268,0.2199999988079071,0.2800000011920929,0.04750620370032266,0.05239611238357611,0.0013723550946451724,0.5576087832450867,0.017696345050353557,0.07158381724730134,0.0003,293,107,87.49299306085571,4.376191854476929,8.104807615280151,12.48099946975708,486,0.14335680019576102,0,0,TRUE,pair,144,1.6726194999646395,5.179487178613852,33,0,7.583333333333333,1.6726194999646395,0.16519120009616017,2.4331567011540756,cpu,cuda:0,0,426.72119140625,50
361,1,DDT500_num50.txt,fixed,1087,8,135.875,7.270445346832275,5.208317756652832,6.2718136177863926e-06,-3.52,-0.317092402,0.2800000011920929,0.01732051745057106,0.25999999046325684,0.30000001192092896,-0.012913626,-0.007899776,0.0013721303665079176,0.5699914842844009,0.012416727212257683,0.05909132622182369,0.0003,288,112,75.21585374100431,5.225987911224365,9.225752592086792,14.451740503311157,469,0.1518345995573327,0,0,TRUE,pair,147,2.3771476001711562,5.287948480306027,33,0,7.394557823129252,2.3771476001711562,0.2099239999661222,2.5192419002996758,cpu,cuda:0,0,419.26513671875,50
362,1,DDT500_num50.txt,fixed,1107,8,138.375,6.890890598297119,4.897042274475098,6.180515811138321e-06,-3.4,-0.296391817,0.2874999940395355,0.026339136064052582,0.23999999463558197,0.3199999928474426,0.07207975202860932,0.07655428846677144,0.0022468404398144535,0.559795913596948,0.01521244484562582,0.0676226937988152,0.0003,285,115,55.892299909640016,4.913137435913086,14.892810821533203,19.80594825744629,473,0.1461488981731236,0,0,TRUE,pair,147,2.049621299142018,5.1364046963034395,36,0,7.530612244897959,2.049621299142018,0.18328279885463417,2.568836599239148,cpu,cuda:0,0,427.5283203,51
363,1,DDT500_num50.txt,fixed,1085,8,135.625,6.303520679473877,5.613140106201172,5.692165359505452e-06,-3.24,-0.318812222,0.29750001430511475,0.036657195538282394,0.25999999046325684,0.3799999952316284,0.031072313152253627,0.03496263353154063,0.0036138140596449373,0.5697224160035451,0.0094388967147097,0.0589145173629125,0.0003,281,119,55.21220366366825,5.631318092346191,14.020134449005127,19.65145254135132,475,0.15746119990944862,0,0,TRUE,pair,146,2.6431965000228956,5.346543776164956,30,0,7.431506849315069,2.6431965000228956,0.22796849813312292,2.632134701241739,cpu,cuda:0,0,386.12451171875,51
364,1,DDT500_num50.txt,fixed,1109,8,138.625,1.7984368801116943,4.94754695892334,3.678142775243032e-06,-2.96,-0.273935594,0.3149999976158142,0.025980763137340546,0.2800000011920929,0.36000001430511475,0.08624496390776974,0.09066313997443233,0.0019003024624128426,0.5368324475628989,0.01381157458360706,0.06705594834472452,0.0003,274,126,55.636882735314515,4.964527368545532,14.968293190002441,19.932820558547974,482,0.1517427993239835,0,0,TRUE,pair,142,2.06302209966816,5.095581606769476,36,0,7.809859154929577,2.06302209966816,0.19786820374429226,2.590259902412072,cpu,cuda:0,0,398.01416015625,51
365,1,DDT500_num50.txt,fixed,1100,8,137.5,5.408327102661133,4.457839488983154,4.211311534163542e-06,-2.92,-0.275934075,0.3174999952316284,0.030720513314008713,0.25999999046325684,0.3799999952316284,0.042110958695411684,0.046872534044086936,0.0021968362503685056,0.5859990656375885,0.010779267782345415,0.059673853777349,0.0003,273,127,69.52493068090449,4.474305868148804,11.347356796264648,15.821662664413452,482,0.14353269967250526,0,0,TRUE,pair,146,1.6821458000922576,5.19727272120389,36,0,7.534246575342466,1.6821458000922576,0.1655306975590065,2.519903297885321,cpu,cuda:0,0,414.66064453125,52
366,1,DDT500_num50.txt,fixed,1054,8,131.75,3.8971142768859863,5.710239887237549,3.870173259201692e-06,-3.64,-0.277788385,0.27250000834465027,0.022220488637685776,0.2199999988079071,0.30000001192092896,-0.11331892,-0.108377211,0.002399664190306794,0.6141550689935684,0.012018007357255556,0.038939651916734874,0.0003,291,109,69.70250395979224,5.728046655654907,9.393361330032349,15.121407985687256,463,0.15118339948821813,0,0,TRUE,pair,137,2.805887399474159,5.46110056473589,36,0,7.693430656934306,2.805887399474159,0.25998929841443896,2.536259798682295,cpu,cuda:0,0,379.85595703125,52
367,1,DDT500_num50.txt,fixed,1097,8,137.125,2.758509635925293,4.375314235687256,3.69356484952732e-06,-3.2,-0.228914294,0.29999998211860657,0.017320504412055016,0.2800000011920929,0.3199999928474426,-0.006222246,-0.001172095,0.0017173566351023812,0.5908825968702635,0.012612139097958183,0.04620800896858176,0.0003,280,120,67.1373963530346,4.391736745834351,11.947890043258667,16.339626789093018,468,0.13571189832873642,0,0,TRUE,pair,142,1.682758699520491,5.085688242829704,30,0,7.725352112676056,1.682758699520491,0.16780959779862314,2.436159198405221,cpu,cuda:0,0,391.79638671875,49
368,1,DDT500_num50.txt,fixed,1083,8,135.375,1.494782567024231,6.282729148864746,3.7012516713730292e-06,-3.4,-0.229297369,0.2874999940395355,0.022220488637685776,0.23999999463558197,0.3199999928474426,-0.052839261,-0.047383653,0.002032435135333799,0.6471821367740631,0.02553496471955441,0.053716281428933144,0.0003,285,115,67.33148489242407,6.300094366073608,9.784505605697632,16.08459997177124,473,0.17092940025031567,0,0,TRUE,pair,139,3.1213774997740984,5.289935364727609,32,0,7.7913669064748206,3.1213774997740984,0.29014910152181983,2.744952501147054,cpu,cuda:0,0,395.7714844,47
369,1,DDT500_num50.txt,fixed,1064,8,133,6.244997978210449,5.392958641052246,6.106495220592478e-06,-3.56,-0.233656484,0.2775000035762787,0.021065382286906242,0.23999999463558197,0.30000001192092896,-0.023789878,-0.018195901,0.001773793832398951,0.6480873562395573,0.015136785666982178,0.06595961435232311,0.0003,289,111,81.90998468324176,5.41110897064209,7.578760385513306,12.989869356155396,480,0.15459469822235405,0,0,TRUE,pair,146,2.5636642002500594,5.2716165386644525,35,0,7.287671232876712,2.5636642002500594,0.20553350017871708,2.524971801205538,cpu,cuda:0,0,400.38037109375,45
370,1,DDT500_num50.txt,fixed,1052,8,131.5,5.722761631011963,4.247686862945557,4.160387106821872e-06,-3.2,-0.218383344,0.29999998211860657,0.03464101627469063,0.25999999046325684,0.3799999952316284,0.0060180328786373135,0.011570986360311508,0.001662075698065261,0.638399084409078,0.014618880782897274,0.07848623084525268,0.0003,280,120,50.41835549404902,4.263642311096191,16.60177445411682,20.865416765213013,453,0.13587250094860792,0,0,TRUE,pair,138,1.627934999531135,5.3735741415404545,30,0,7.6231884057971016,1.627934999531135,0.16561319783795625,2.367719095898792,cpu,cuda:0,0,347.7421875,44
371,1,DDT500_num50.txt,fixed,1070,8,133.75,2.8613808155059814,5.4761962890625,4.177431037533097e-06,-3.72,-0.263483343,0.26750001311302185,0.03596873953938484,0.2199999988079071,0.3400000035762787,5.938236912091573e-05,0.006065658604105313,0.0019123322563245893,0.6962439285384284,0.010297582381301455,0.05811153486784962,0.0003,293,107,72.72074363131568,5.493218183517456,9.220602750778198,14.713820934295654,476,0.15345089987386018,0,0,TRUE,pair,139,2.53578769962769,5.474766355585829,35,0,7.697841726618705,2.53578769962769,0.23045919800642878,2.604889298439957,cpu,cuda:0,0,439.3896484,42
372,1,DDT500_num50.txt,fixed,1106,8,138.25,4.736824035644531,4.42038106918335,4.981179699825589e-06,-3.16,-0.253551045,0.3024999797344208,0.023318449035286903,0.25999999046325684,0.3400000035762787,-0.05238044,-0.047245101,0.002646171040116594,0.6458418162969443,0.01183809747453779,0.07827940153387877,0.0003,279,121,59.34620445738089,4.437151908874512,14.199254751205444,18.636406660079956,488,0.14425970194861293,0,0,TRUE,pair,145,1.6918029008666053,5.092224231033601,30,0,7.627586206896551,1.6918029008666053,0.16686609794851393,2.472808300284669,cpu,cuda:0,0,431.78662109375,44
373,1,DDT500_num50.txt,fixed,1085,8,135.625,3.7728471755981445,5.448628902435303,4.251612153893802e-06,-3.36,-0.286781623,0.28999999165534973,0.033166252076625824,0.23999999463558197,0.3400000035762787,0.09626157475369317,0.10174456770930972,0.0025969233496912886,0.6781450765473502,0.013209215681334692,0.057203693581478934,0.0003,284,116,88.80368254628873,5.468057155609131,6.749904632568359,12.21796178817749,476,0.1496907005785033,0,0,TRUE,pair,141,2.593157901079394,5.203686639021069,35,0,7.695035460992908,2.593157901079394,0.2575178003171459,2.4894177014939487,cpu,cuda:0,0,369.30126953125,40
374,1,DDT500_num50.txt,fixed,1097,8,137.125,4.013648509979248,4.397848129272461,5.026618964620866e-06,-3.44,-0.325213593,0.2849999964237213,0.00866025872528553,0.2800000011920929,0.30000001192092896,-0.045186663,-0.040178794,0.002321702748304233,0.6168719306588173,0.011787948955316097,0.07709192577749491,0.0003,286,114,84.9646508646729,4.4142138957977295,8.497037887573242,12.911251783370972,476,0.14321939880028367,0,0,TRUE,pair,142,1.685268300701864,5.076572469939073,36,0,7.725352112676056,1.685268300701864,0.16847750125452876,2.4543639993062243,cpu,cuda:0,0,384.04443359375,41
375,1,DDT500_num50.txt,fixed,1071,8,133.875,5.134138107299805,5.254462242126465,5.16053705723607e-06,-3.36,-0.318532033,0.28999999165534973,0.019999999552965164,0.25999999046325684,0.3199999928474426,0.005509033799171448,0.010834408923983574,0.0018391825433354825,0.6244963357845942,0.010006871210255971,0.04462795223419865,0.0003,284,116,84.65500353123394,5.271830081939697,7.379518985748291,12.651349067687988,490,0.22722499899100512,0,0,TRUE,pair,140,2.3843927001580596,5.130718952022235,36,0,7.65,2.3843927001580596,0.18387000262737274,2.5906851021572948,cpu,cuda:0,0,353.9511719,41
376,1,DDT500_num50.txt,fixed,1081,8,135.125,4.484347820281982,5.5378499031066895,5.201679414312821e-06,-3.16,-0.288482424,0.3024999797344208,0.015612490475177765,0.2800000011920929,0.3199999928474426,0.11070950546612342,0.11607355236386259,0.0017265310743823647,0.6227310399214426,0.011590846930630505,0.049061751614014305,0.0003,279,121,87.35515776301072,5.555922508239746,6.818847656,12.374770164489746,471,0.15109969943296164,0,0,TRUE,pair,141,2.647197900339961,5.251618874503109,30,0,7.666666666666667,2.647197900339961,0.236866797786206,2.5487950993701816,cpu,cuda:0,0,443.0966797,41
377,1,DDT500_num50.txt,fixed,1100,8,137.5,4.690415859222412,5.028867721557617,4.0566205825598445e-06,-3.32,-0.283729607,0.29249998927116394,0.01984313502907753,0.25999999046325684,0.3199999928474426,0.06198839573189616,0.06679989602416754,0.001916317827999592,0.5769663155078888,0.01222092672251165,0.06582270264625549,0.0003,283,117,113.11418759859293,5.044633626937866,4.680052757263184,9.72468638420105,483,0.1506820007925853,0,0,TRUE,pair,146,2.21703640173655,5.257272724455053,28,0,7.534246575342466,2.21703640173655,0.2062880020821467,2.50520349945873,cpu,cuda:0,0,403.87548828125,40
378,1,DDT500_num50.txt,fixed,1094,8,136.75,5.629165172576904,4.425699234008789,5.113508905196795e-06,-3.16,-0.282802357,0.3024999797344208,0.030720515176653862,0.23999999463558197,0.3400000035762787,0.02024244163185358,0.024859438308825095,0.0017927620482320586,0.5513379792372386,0.009217558723563949,0.0605486882229646,0.0003,279,121,51.00928537431624,4.443417072296143,17.003658533096313,21.447075605392456,477,0.1401385022327304,0,0,TRUE,pair,148,1.736238099867478,5.271480808746226,36,0,7.391891891891892,1.736238099867478,0.16780749871395528,2.4332156986929476,cpu,cuda:0,0,368.85009765625,40
379,1,DDT500_num50.txt,fixed,1096,8,137,3.7416574954986572,5.493110179901123,4.668988367484417e-06,-3.16,-0.284351492,0.3024999797344208,0.01854049600660801,0.2800000011920929,0.3400000035762787,-0.015168838,-0.010545286,0.0016017150832340122,0.5424413561820984,0.014177034609019756,0.07479589593907197,0.0003,279,121,46.10728507907418,5.510770797729492,18.259876251220703,23.770647048950195,467,0.15767559967935085,0,0,TRUE,pair,143,2.5366352992132306,5.210766424662875,35,0,7.664335664335664,2.5366352992132306,0.21635000174865127,2.6393443001434207,cpu,cuda:0,0,408.6113281,40
380,1,DDT500_num50.txt,fixed,1106,8,138.25,1.9202864170074463,5.865461826324463,3.7885304209339665e-06,-3.64,-0.293337878,0.2724999785423279,0.017139142379164696,0.23999999463558197,0.30000001192092896,-0.039972679,-0.034977446,0.0012426777227249528,0.5616570540836879,0.014626163057982922,0.04748256238443511,0.0003,291,109,83.28565518709873,5.882876873016357,7.396720886230469,13.279597759246826,506,0.16912099928595126,0,0,TRUE,pair,141,2.7627089001471177,5.241410491263888,32,0,7.843971631205674,2.7627089001471177,0.23896479955874383,2.7537432989338413,cpu,cuda:0,0,425.78466796875,39
381,1,DDT500_num50.txt,fixed,1091,8,136.375,3.603383779525757,4.409290313720703,4.824663847102784e-06,-3.32,-0.291755367,0.29249998927116394,0.024366986006498337,0.25999999046325684,0.3199999928474426,-0.020403359,-0.015582866,0.0014695838520613809,0.5555283725261688,0.01306964300521132,0.06349954619589779,0.0003,283,117,73.86115760133525,4.426816940307617,10.34414029121399,14.770957231521606,483,0.1411199978319928,0,0,TRUE,pair,142,1.6486343002179638,5.178735105844947,32,0,7.683098591549296,1.6486343002179638,0.16540610033553094,2.506976797711104,cpu,cuda:0,0,435.1601563,40
382,1,DDT500_num50.txt,fixed,1082,8,135.25,7.5124897956848145,6.073057174682617,6.479109742940636e-06,-3.56,-0.289001837,0.2775000035762787,0.027271784842014313,0.23999999463558197,0.3199999928474426,0.0074226014316082,0.01247461773455143,0.0014846483245491982,0.5794338524341583,0.01210204274393618,0.05128906890749931,0.0003,289,111,89.21983466882503,6.090566635131836,6.036781549453735,12.127348184585571,466,0.1700814007781446,0,0,TRUE,pair,148,2.9679762994637713,5.28927911099136,32,0,7.3108108108108105,2.9679762994637713,0.2691432002466172,2.7150199989555404,cpu,cuda:0,0,391.7958984,40
383,1,DDT500_num50.txt,fixed,1085,8,135.625,4.922842025756836,5.4792938232421875,5.130156296218047e-06,-3.24,-0.288382466,0.29749998450279236,0.025372229516506195,0.25999999046325684,0.3400000035762787,0.014085148926824331,0.019191866740584373,0.0016286642930936068,0.5921051129698753,0.016816271468997,0.06649337452836335,0.0003,281,119,84.74212542521012,5.496086835861206,7.307462692260742,12.803549528121948,463,0.15467649896163493,0,0,TRUE,pair,141,2.562555699259974,5.345622123331518,32,0,7.695035460992908,2.562555699259974,0.20859679952263832,2.6052138990489766,cpu,cuda:0,0,395.7714844,39
384,1,DDT500_num50.txt,fixed,1079,8,134.875,4.136348247528076,4.355104446411133,4.7414737309736665e-06,-3.44,-0.288188035,0.2849999964237213,0.019364919513463974,0.25999999046325684,0.3199999928474426,-0.069096911,-0.063822093,0.001185587767395191,0.5867614820599556,0.016306937293848023,0.06589362164959311,0.0003,286,114,81.90468794136174,4.3713953495025635,8.802453756332397,13.173849105834961,475,0.13928489910904318,0,0,TRUE,pair,140,1.6475944003323093,5.249304911071664,36,0,7.707142857142857,1.6475944003323093,0.16730440128594637,2.452816901844926,cpu,cuda:0,0,378.8740234,41
385,1,DDT500_num50.txt,fixed,1093,8,136.625,5.406882286071777,5.36090087890625,5.44461590834544e-06,-3.16,-0.262810863,0.3024999797344208,0.021065372973680496,0.2800000011920929,0.3400000035762787,0.022508125752210617,0.027798613533377647,0.0011517580423969775,0.5866368919610977,0.011006964510306716,0.04714378956705332,0.0003,279,121,74.93197376248196,5.3779191970825195,9.208644390106201,14.58656358718872,480,0.15476270043291152,0,0,TRUE,pair,145,2.476520900032483,5.278133575128833,30,0,7.537931034482758,2.476520900032483,0.1985348997404799,2.5868652015924454,cpu,cuda:0,0,416.40185546875,41
386,1,DDT500_num50.txt,fixed,1081,8,135.125,5.840322971343994,4.388118743896484,5.712103302357718e-06,-3.48,-0.269126058,0.2824999988079071,0.023318450897932053,0.23999999463558197,0.3199999928474426,0.05756367454305291,0.06229156005429104,0.002244945301208645,0.5850356906652451,0.01234296961920336,0.0711617193184793,0.0003,287,113,65.86871776109597,4.404862642288208,12.006569623947144,16.41143226623535,472,0.14224899897817522,0,0,TRUE,pair,143,1.690114499302581,5.156336727239378,32,0,7.559440559440559,1.690114499302581,0.16601759858895093,2.443709998507984,cpu,cuda:0,0,403.875,42
387,1,DDT500_num50.txt,fixed,1107,8,138.375,3.998046398162842,5.258979797363281,4.598451141646365e-06,-3.04,-0.257861825,0.3100000023841858,0.03162278234958649,0.25999999046325684,0.36000001430511475,0.03651948180049658,0.04114192030392587,0.0021411503897979856,0.5693015694618225,0.015095176221802831,0.0364722641184926,0.0003,276,124,96.86570062048071,5.277100324630737,6.151093482971191,11.428193807601929,474,0.15822840086184442,0,0,TRUE,pair,146,2.3727676008129492,5.16982836279658,36,0,7.582191780821918,2.3727676008129492,0.21025010151788592,2.5712926995474845,cpu,cuda:0,0,403.87548828125,43
388,1,DDT500_num50.txt,fixed,1115,8,139.375,3.5333235263824463,5.096680164337158,7.104713859007461e-06,-3.16,-0.258298982,0.3024999797344208,0.030720515176653862,0.23999999463558197,0.3400000035762787,-0.006277644,-0.001330202,0.0017110240150941536,0.5802954882383347,0.016708236958947964,0.08164963428862393,0.0003,279,121,87.41321825199394,5.114331960678101,7.641175985336304,12.755507946014404,491,0.1505521002691239,0,0,TRUE,pair,145,2.1729799003805965,5.209865471707332,30,0,7.689655172413793,2.1729799003805965,0.19396939815487713,2.6325668004574254,cpu,cuda:0,0,425.78466796875,43
389,1,DDT500_num50.txt,fixed,1103,8,137.875,3.2572035789489746,4.575196743011475,4.726464339910308e-06,-3.64,-0.302758453,0.27250000834465027,0.024366991594433784,0.2199999988079071,0.30000001192092896,0.021244961023330688,0.02630051374435425,0.0014770899666473269,0.5794094383716584,0.0178915380500257,0.07031171843409538,0.0003,291,109,103.37417819980965,4.591952085494995,6.078023910522461,10.669975996017456,486,0.14661379996687174,0,0,TRUE,pair,141,1.7894867005525157,5.099728015802821,35,0,7.822695035460993,1.7894867005525157,0.17381999955978245,2.5199807991739362,cpu,cuda:0,0,371.2548828,44
390,1,DDT500_num50.txt,fixed,1082,8,135.25,3.960744857788086,4.642703056335449,4.69630140287336e-06,-3.44,-0.323386111,0.2849999964237213,0.025980763137340546,0.23999999463558197,0.3199999928474426,0.09516843325561947,0.10036062966618273,0.0017729314276948571,0.6078662210040622,0.01364356315591269,0.06908546512325604,0.0003,286,114,84.97120787287353,4.662358999252319,8.07136607170105,12.73372507095337,488,0.1482516968389973,0,0,TRUE,pair,140,1.9234938005683944,5.196857671420367,36,0,7.728571428571429,1.9234938005683944,0.18591269967146218,2.4409605000400916,cpu,cuda:0,0,392.8476563,44
391,1,DDT500_num50.txt,fixed,1094,8,136.75,5.141740798950195,5.336621284484863,5.168791631149361e-06,-3.24,-0.315014827,0.29749998450279236,0.029047375544905663,0.25999999046325684,0.3199999928474426,-0.025756031,-0.021634452,0.0030174127993329116,0.5630283802747726,0.017591711987430852,0.06393082874516647,0.0003,281,119,84.25923441975287,5.353010177612305,7.630729913711548,12.983740091323853,477,0.15781449910718948,0,0,TRUE,pair,145,2.426989100058563,5.293418648038093,36,0,7.544827586206897,2.426989100058563,0.23711679910775274,2.565633501508273,cpu,cuda:0,0,445.609375,45
392,1,DDT500_num50.txt,fixed,1096,8,137,6.103277683258057,5.481713771820068,5.436780156742316e-06,-3.36,-0.30462545,0.28999999165534973,0.036055512726306915,0.2199999988079071,0.3400000035762787,0.002656188607215881,0.007181718200445175,0.002191701193805784,0.5621377915143967,0.014858570042997598,0.06218780241906643,0.0003,284,116,72.19712218679692,5.502713203430176,9.677947282791138,15.180660486221313,477,0.2344307991443202,0,0,TRUE,pair,143,2.4856930001406,5.280109487093278,32,0,7.664335664335664,2.4856930001406,0.22571029816754162,2.666181699722074,cpu,cuda:0,0,427.5283203,45
393,1,DDT500_num50.txt,fixed,1046,8,130.75,3.3447721004486084,4.242527961730957,4.024968802696094e-06,-3.56,-0.329297397,0.2775000035762787,0.029047377407550812,0.2199999988079071,0.3199999928474426,0.02391785817841689,0.02937593311071396,0.0014874578725236158,0.6201805224021276,0.02134917288397749,0.06800711651643117,0.0003,289,111,94.44552692380007,4.260209798812866,6.813951015472412,11.075167179107666,461,0.1389058001805097,0,0,TRUE,pair,135,1.5663644998567179,5.400573612171195,36,0,7.7481481481481485,1.5663644998567179,0.16501169896218926,2.424752800958231,cpu,cuda:0,0,341.9335938,46
394,1,DDT500_num50.txt,fixed,1099,8,137.375,6.401904106140137,5.516185760498047,2.3090935428626835e-05,-3.44,-0.321657185,0.2849999964237213,0.027838826179504395,0.23999999463558197,0.3400000035762787,-0.009575345,-0.004713973,0.0017419129027985037,0.5732330232858658,0.01643190663307905,0.08347935900092125,0.0003,286,114,65.02705622558994,5.535382986068726,11.365274429321289,16.900657415390015,474,0.16446289990562946,0,0,TRUE,pair,145,2.452811999595724,5.343949043067398,34,0,7.5793103448275865,2.452811999595724,0.2312893996713683,2.7194239997770637,cpu,cuda:0,0,393.7734375,46
395,1,DDT500_num50.txt,fixed,1080,8,135,5.678908348083496,4.3536458015441895,6.368498816300416e-06,-3.64,-0.321409342,0.2724999785423279,0.0386490672826767,0.2199999988079071,0.36000001430511475,-0.008527695,-0.003658219,0.0021829316625371574,0.5960939109325409,0.015462922118604183,0.048716404289007184,0.0003,291,109,119.32899140391545,4.3702545166015625,4.680354118347168,9.05060863494873,484,0.14859110047109425,0,0,TRUE,pair,142,1.6667571007274091,5.283333330021964,36,0,7.605633802816901,1.6667571007274091,0.16871930158231407,2.428533899015747,cpu,cuda:0,0,391.7958984,46
396,1,DDT500_num50.txt,fixed,1102,8,137.75,4.520785331726074,5.382623672485352,5.035093181504635e-06,-3.52,-0.333122869,0.2800000011920929,0.02000000700354576,0.23999999463558197,0.30000001192092896,-0.046872686,-0.041026048,0.0015442259221648176,0.6618749300638834,0.04053365260673066,0.04771654928723971,0.0003,288,112,133.4460215247728,5.400094985961914,2.8579256534576416,8.258020639419556,481,0.1558081015245989,0,0,TRUE,pair,145,2.4594126001466066,5.119782212425274,36,0,7.6,2.4594126001466066,0.21564250288065523,2.6056418990483508,cpu,cuda:0,0,353.95166015625,47
397,1,DDT500_num50.txt,fixed,1070,8,133.75,6.036348342895508,5.531097412109375,5.512060397450114e-06,-3.36,-0.308066961,0.28999999165534973,0.024494903162121773,0.25999999046325684,0.3400000035762787,-0.006204039,-0.000861357,0.0015876878023846075,0.6136525459587574,0.014299228554591537,0.06938335159793496,0.0003,284,116,69.86226134093292,5.549096584320068,9.766754627227783,15.315851211547852,465,0.1544584990479052,0,0,TRUE,pair,141,2.6798296002671123,5.307476636850946,28,0,7.588652482269503,2.6798296002671123,0.22956649726256728,2.5160253004869446,cpu,cuda:0,0,379.85595703125,47
398,1,DDT500_num50.txt,fixed,1099,8,137.375,2.7357585430145264,4.828972339630127,4.143273145018611e-06,-3.2,-0.303541083,0.29999998211860657,0.014142132364213467,0.2800000011920929,0.3199999928474426,-0.143147846,-0.13715929,0.0007946567687516412,0.6385886470476786,0.024014982394874096,0.06472598637143771,0.0003,280,120,158.1813172794505,4.845721006393433,2.1020021438598633,6.947723150253296,481,0.1444331002421677,0,0,TRUE,pair,142,2.0199256000341848,5.33212010875629,30,0,7.73943661971831,2.0199256000341848,0.19413919979706407,2.51563229970634,cpu,cuda:0,0,296.3232422,47
399,1,DDT500_num50.txt,fixed,1108,8,138.5,3.8405728340148926,4.509472846984863,4.301457011024468e-06,-3.56,-0.309230827,0.2775000035762787,0.01561250351369381,0.25999999046325684,0.30000001192092896,-0.06278839,-0.056810699,0.0009490657830610871,0.6452223658561707,0.04448341205716133,0.046357616782188416,0.0003,289,111,213.2475552964909,4.524898290634155,0.6699304580688477,5.195839166641235,483,0.14511320239398628,0,0,TRUE,pair,143,1.6927657997002825,5.175992777631602,32,0,7.748251748251748,1.6927657997002825,0.16797850094735622,2.5586286968318745,cpu,cuda:0,0,219.50244140625,46
400,1,DDT500_num50.txt,fixed,1091,8,136.375,3.461845636367798,4.95427131652832,4.492150310397847e-06,-3.52,-0.302932669,0.2799999713897705,0.024494901299476624,0.23999999463558197,0.3199999928474426,-0.031527919,-0.025818693,0.0013925223943910428,0.6405494553702218,0.015768820819045817,0.06847176434738296,0.0003,288,112,83.82320260994324,4.97046685218811,8.04502248764038,13.015489339828491,482,0.156422900268808,0,0,TRUE,pair,140,2.0820623992476612,5.127406052118261,32,0,7.792857142857143,2.0820623992476612,0.19396569801028818,2.5824555018916726,cpu,cuda:0,0,444.41650390625,48
401,1,DDT500_num50.txt,fixed,1088,8,136,5.5,5.990789413452148,5.2397872423171066e-06,-3.36,-0.287070476,0.28999996185302734,0.024494897574186325,0.25999999046325684,0.3199999928474426,0.02306638281284408,0.02909884639930996,0.0014870502054691315,0.6775990507819436,0.013633121111938222,0.08643233826891943,0.0003,284,116,60.13860985774461,6.0071234703063965,12.084415435791016,18.091538906097412,477,0.17763639916665852,0,0,TRUE,pair,148,2.848217900027521,5.113970586920486,40,0,7.351351351351352,2.848217900027521,0.2592580992495641,2.767573299119249,cpu,cuda:0,0,413.65771484375,48
402,1,DDT500_num50.txt,fixed,1089,8,136.125,4.567206382751465,4.492340087890625,4.438044925336726e-06,-3.56,-0.285595961,0.2774999737739563,0.023318450897932053,0.23999999463558197,0.3199999928474426,0.04775968790054321,0.05388093590736389,0.001488866820000112,0.6865671038627624,0.015436459705233574,0.05897872373461723,0.0003,289,111,118.90673666608059,4.508892059326172,4.649546146392822,9.158438205718994,464,0.1413252978818491,0,0,TRUE,pair,144,1.7597273999126628,5.230486687659342,32,0,7.5625,1.7597273999126628,0.1674436992034316,2.4750886005349457,cpu,cuda:0,0,419.265625,48
403,1,DDT500_num50.txt,fixed,1093,8,136.625,5.218656539916992,5.520970821380615,4.76837158203125e-06,-3.44,-0.298051557,0.2849999964237213,0.013228763826191425,0.25999999046325684,0.30000001192092896,0.006237914701077071,0.012992603154006329,0.0013059656802480194,0.7407671321522106,0.01976339212110774,0.1065898754379966,0.0003,286,114,56.679812515421396,5.5366010665893555,13.74716067314148,19.283761739730835,476,0.21764579857699573,0,0,TRUE,pair,146,2.5305515985237435,5.462031108789889,36,0,7.486301369863014,2.5305515985237435,0.21793589903973043,2.6660619012545794,cpu,cuda:0,0,373.56884765625,51
404,1,DDT500_num50.txt,fixed,1100,8,137.5,4.44409704208374,5.542280197143555,4.862803962168982e-06,-3.16,-0.272048079,0.3024999797344208,0.011989573948085308,0.2800000011920929,0.3199999928474426,0.06190665252506733,0.06794577650725842,0.0012031871228828095,0.6640721037983894,0.01938123899162747,0.07353491941466928,0.0003,279,121,72.39402479234829,5.562580108642578,9.631039381027222,15.194624185562134,479,0.151244500069879,0,0,TRUE,pair,146,2.5871868007816374,5.279090909090909,40,0,7.534246575342466,2.5871868007816374,0.22663960128556937,2.620028297533281,cpu,cuda:0,0,425.78466796875,50
405,1,DDT500_num50.txt,fixed,1092,8,136.5,4.873397350311279,4.752989292144775,5.032270109950332e-06,-3.48,-0.291726137,0.2824999690055847,0.023318450897932053,0.23999999463558197,0.3199999928474426,-0.040884859,-0.034943041,0.0013986264821141958,0.664113427911486,0.1301910382296358,0.06407831981778145,0.0003,287,113,97.38390891943085,4.770398855209351,6.442952632904053,11.213351488113403,488,0.14649979874957353,0,0,TRUE,pair,147,1.9781653002137318,5.131868129248147,44,0,7.428571428571429,1.9781653002137318,0.1887832017382607,2.4910356996115297,cpu,cuda:0,0,464.55712890625,49
406,1,DDT500_num50.txt,fixed,1075,8,134.375,4.270172595977783,4.520692825317383,4.091501978109591e-06,-3.12,-0.293033116,0.304999977350235,0.01322875078767538,0.2800000011920929,0.3199999928474426,0.06644388140800099,0.07254575425758958,0.001734138058964163,0.6968944072723389,0.01426110160537064,0.066305136308074,0.0003,278,122,92.60581036929574,4.545377016067505,7.0629658699035645,11.60834288597107,471,0.14288730185944587,0,0,TRUE,pair,139,1.7391663992311805,5.133953485045322,35,0,7.733812949640288,1.7391663992311805,0.16790539980866015,2.5239039986627176,cpu,cuda:0,0,429.69287109375,50
407,1,DDT500_num50.txt,fixed,1086,8,135.75,5.471517086029053,4.841847896575928,5.501738087332342e-06,-3.56,-0.30683268,0.2774999737739563,0.023318450897932053,0.23999999463558197,0.3199999928474426,0.04260962828993797,0.04856789484620094,0.0016152995522134006,0.6765922158956528,0.026263512787409127,0.06947531132027507,0.0003,289,111,72.17139580614668,4.859743595123291,10.187769174575806,15.047512769699097,474,0.14451839914545417,0,0,TRUE,pair,145,2.1096849008463323,5.026703501274572,35,0,7.489655172413793,2.1096849008463323,0.17316960042808205,2.468389898655005,cpu,cuda:0,0,367.1982422,50
408,1,DDT500_num50.txt,fixed,1073,8,134.125,7.096434116363525,5.231655597686768,6.080842467781622e-06,-3.52,-0.329465336,0.2800000011920929,0.024494905024766922,0.23999999463558197,0.30000001192092896,0.0779850466975144,0.08433941059878894,0.0017557829352361815,0.7232257553509304,0.015196337065260326,0.07331239644970212,0.0003,288,112,73.73043841801538,5.248896837234497,9.304115772247314,14.553012609481812,479,0.1543059981195256,0,0,TRUE,pair,144,2.4148000001441687,5.339235787733847,36,0,7.451388888888889,2.4148000001441687,0.20418689982034266,2.5139455005992204,cpu,cuda:0,0,386.12451171875,51
409,1,DDT500_num50.txt,fixed,1061,8,132.625,6.223694801330566,5.159945011138916,5.215321380092064e-06,-3.48,-0.321612827,0.2824999690055847,0.01561250351369381,0.25999999046325684,0.30000001192092896,-0.052094423,-0.046349064,0.001711625232322452,0.6601173629363378,0.010544435528572649,0.06625543721020222,0.0003,287,113,66.56638199146236,5.176109313964844,10.762867212295532,15.938976526260376,468,0.16132260067388415,0,0,TRUE,pair,141,2.328205099911429,5.290292175843062,33,0,7.524822695035461,2.328205099911429,0.2111134974984452,2.519497301080264,cpu,cuda:0,0,381.95361328125,50
410,1,DDT500_num50.txt,fixed,1073,8,134.125,5.182602882385254,4.809337139129639,5.950920240138657e-06,-3.6,-0.331893804,0.2750000059604645,0.019364923238754272,0.23999999463558197,0.30000001192092896,-0.055140671,-0.049568238,0.0019351921011028545,0.6540023343903678,0.01891878473439387,0.07461685328079122,0.0003,290,110,51.04860775999176,4.82621431350708,16.192968130111694,21.019182443618774,470,0.14705620054155588,0,0,TRUE,pair,140,2.045793399796821,5.219012121340991,28,0,7.664285714285715,2.045793399796821,0.1716664966661483,2.5002731010317802,cpu,cuda:0,0,407.3632813,52
411,1,DDT500_num50.txt,fixed,1052,8,131.5,4.5,5.550680637359619,4.9840318752103485e-06,-3.8,-0.327791469,0.26249998807907104,0.029047375544905663,0.2199999988079071,0.3199999928474426,-0.024869823,-0.019151683,0.0017032859846949576,0.6569781541824341,0.01412001927383244,0.06289919735863805,0.0003,295,105,102.29639770053758,5.56821608543396,4.715626001358032,10.283842086791992,462,0.21697000064887106,0,0,TRUE,pair,138,2.6482942001894116,5.113117871628968,36,0,7.6231884057971016,2.6482942001894116,0.2427208008011803,2.5524632980814204,cpu,cuda:0,0,393.77294921875,51
412,1,DDT500_num50.txt,fixed,1092,8,136.5,2.5495097637176514,4.370042324066162,3.674276968013146e-06,-3.12,-0.312306455,0.3050000071525574,0.02958040125668049,0.2800000011920929,0.36000001430511475,-0.018306249,-0.013069108,0.0018296395761093923,0.6151965856552124,0.015026202159268516,0.08628249381269727,0.0003,278,122,98.24211581694043,4.386182069778442,6.729213714599609,11.115395784378052,477,0.13759789988398552,0,0,TRUE,pair,138,1.6727974005043507,5.135531134657807,32,0,7.913043478260869,1.6727974005043507,0.16708410147111863,2.4414529013447464,cpu,cuda:0,0,366.47900390625,51
413,1,DDT500_num50.txt,fixed,1053,8,131.625,3.2379584312438965,4.985873699188232,4.582973360811593e-06,-3.6,-0.319677582,0.2749999761581421,0.02397916093468666,0.23999999463558197,0.3199999928474426,-0.018466855,-0.013957679,0.002778409126525124,0.5898384385638766,0.015192461355278889,0.07209146685070461,0.0003,290,110,68.82218262889111,5.00350546836853,10.296793937683105,15.300299406051636,457,0.14449450001120567,0,0,TRUE,pair,137,2.285405499744229,5.32383665716999,36,0,7.686131386861314,2.285405499744229,0.18925059959292412,2.4155599017394707,cpu,cuda:0,0,386.12451171875,52
414,1,DDT500_num50.txt,fixed,1094,8,136.75,3.526684045791626,5.652101039886475,4.492150310397847e-06,-3.4,-0.298817739,0.2874999940395355,0.028173573315143585,0.23999999463558197,0.3400000035762787,0.019632097333669662,0.02414097636938095,0.0019640452810563147,0.5490903928875923,0.013578901707660407,0.05373862013220787,0.0003,285,115,104.67468481551286,5.670643091201782,4.78078556060791,10.451428651809692,483,0.16863560082856566,0,0,TRUE,pair,144,2.648209199658595,5.148080436577526,32,0,7.597222222222222,2.648209199658595,0.2414486991474405,2.650187599589117,cpu,cuda:0,0,445.609375,52
415,1,DDT500_num50.txt,fixed,1110,8,138.75,1.785357117652893,5.369564056396484,3.712752231876948e-06,-3.32,-0.308752976,0.29249998927116394,0.022220490500330925,0.25999999046325684,0.3400000035762787,0.0510126780718565,0.05559441912919283,0.0016410019161412492,0.5402248352766037,0.017054869327694178,0.07457357458770275,0.0003,283,117,104.85692457026065,5.388402700424194,5.197450399398804,10.585853099822998,474,0.15059040091000497,0,0,TRUE,pair,141,2.467802700237371,5.134234235952566,33,0,7.872340425531915,2.467802700237371,0.20361739804502577,2.595261101028882,cpu,cuda:0,0,429.6933594,51
416,1,DDT500_num50.txt,fixed,1078,8,134.75,8.940777778625488,4.713054656982422,5.689668341801735e-06,-3.16,-0.287919872,0.3024999797344208,0.04175823554396629,0.25999999046325684,0.3799999952316284,-0.031214892,-0.026882626,0.001738977199420333,0.5201752781867981,0.010226144090605278,0.055610884974400206,0.0003,279,121,56.48108114259466,4.7308924198150635,14.355144500732422,19.086036920547485,461,0.14248010073788464,0,0,TRUE,pair,143,1.9533032004255801,5.223562152797083,35,0,7.538461538461538,1.9533032004255801,0.17842220165766776,2.4894694965332747,cpu,cuda:0,0,414.6601563,47
417,1,DDT500_num50.txt,fixed,1086,8,135.75,3.072051525115967,4.374701976776123,3.888489573000697e-06,-3.4,-0.281495423,0.2874999940395355,0.026339136064052582,0.23999999463558197,0.3199999928474426,0.03341264650225639,0.037364293510715164,0.002106410490038494,0.5004850824673971,0.014962026965804398,0.06978328836460908,0.0003,285,115,103.67639082186147,4.393378734588623,6.0815229415893555,10.474901676177979,459,0.137463100370951,0,0,TRUE,pair,140,1.6981511004269123,5.5147329628138255,48,0,7.757142857142857,1.6981511004269123,0.16740710113663226,2.4207537015900016,cpu,cuda:0,0,423.2363281,45
418,1,DDT500_num50.txt,fixed,1098,8,137.25,4.575751304626465,4.6199774742126465,5.0828471103159245e-06,-3.28,-0.26980824,0.29499998688697815,0.013228756375610828,0.2800000011920929,0.3199999928474426,-0.226711037,-0.222551554,0.001321655756328255,0.48203128576278687,0.032565418320397534,0.04507148017485937,0.0003,282,118,130.5367643434464,4.637213468551636,3.774209976196289,8.411423444747925,491,0.14990740141365677,0,0,TRUE,pair,144,1.866009900229983,5.049180326131741,32,0,7.625,1.866009900229983,0.17229269933886826,2.489411798422225,cpu,cuda:0,0,366.38330078125,45
419,1,DDT500_num50.txt,fixed,1098,8,137.25,4.520785331726074,5.968311786651611,4.431636625668034e-06,-3.16,-0.25854773,0.3024999797344208,0.025372229516506195,0.25999999046325684,0.3400000035762787,0.14369124422470728,0.14800015712777773,0.0018585709622129798,0.5238198886315028,0.017493105338265497,0.05980859852085511,0.0003,279,121,91.5419136563979,5.986471652984619,6.008033990859985,11.994505643844604,472,0.17390750022605062,0,0,TRUE,pair,144,2.8062389995902777,4.9908925320932775,28,0,7.625,2.8062389995902777,0.26076769817154855,2.7790383006213233,cpu,cuda:0,0,419.265625,43
420,1,DDT500_num50.txt,fixed,1110,8,138.75,4.683748722076416,4.444230079650879,4.63845162812504e-06,-3.08,-0.258020401,0.3075000047683716,0.03152380511164665,0.25999999046325684,0.36000001430511475,0.01171547385553519,0.01622749740878741,0.0015512537094764412,0.5287648479143778,0.009869932352254788,0.06258956640958786,0.0003,277,123,51.42457306142106,4.460761785507202,17.124249696731567,21.58501148223877,467,0.13800829951651394,0,0,TRUE,pair,145,1.7154943994246423,5.160360358212445,32,0,7.655172413793103,1.7154943994246423,0.16882410168182105,2.470431800466031,cpu,cuda:0,0,481.890625,42
421,1,DDT500_num50.txt,fixed,1112,8,139,3,4.457424640655518,4.665943379222881e-06,-3.32,-0.264125408,0.29249998927116394,0.019843140617012978,0.25999999046325684,0.3199999928474426,0.015128965489566326,0.020001825876533985,0.001445692134439014,0.5595704987645149,0.008366704292711802,0.03679187502712011,0.0003,283,117,92.23632216907964,4.473057270050049,7.58293080329895,12.055988073348999,476,0.13860919931903481,0,0,TRUE,pair,144,1.7471514001954347,5.026079137977079,30,0,7.722222222222222,1.7471514001954347,0.1662355992011726,2.455932399025187,cpu,cuda:0,0,383.0615234,41
422,1,DDT500_num50.txt,fixed,1116,8,139.5,3.1622776985168457,5.230478286743164,3.957317403546767e-06,-3.32,-0.263624429,0.29249998927116394,0.024366991594433784,0.25999999046325684,0.3400000035762787,-0.049619531,-0.044627999,0.0014061506662983447,0.5694611569245657,0.014435199981865784,0.062417458121975265,0.0003,283,117,90.70548937346994,5.246740102767944,7.056815147399902,12.303555250167847,492,0.160315899993293,0,0,TRUE,pair,144,2.2570907003246248,5.042114695767776,45,0,7.75,2.2570907003246248,0.21406599855981767,2.653443800518289,cpu,cuda:0,0,454.35498046875,41
423,1,DDT500_num50.txt,fixed,1055,8,131.875,7.557074546813965,5.700857162475586,5.45765078641125e-06,-3.52,-0.284520793,0.2799999713897705,0.03162278234958649,0.23999999463558197,0.3400000035762787,-0.026343782,-0.021310106,0.0018422287685098127,0.5954784974455833,0.016139994957484305,0.0703863906674087,0.0003,288,112,79.53119452743714,5.718126058578491,7.547109127044678,13.265235185623169,458,0.1593419995624572,0,0,TRUE,pair,143,2.727937999763526,5.408530805913193,32,0,7.3776223776223775,2.727937999763526,0.2395419996464625,2.626444399356842,cpu,cuda:0,0,477.859375,40
424,1,DDT500_num50.txt,fixed,1087,8,135.875,4.754931449890137,4.425006866455078,4.708389496954624e-06,-3.32,-0.274454444,0.29250001907348633,0.01984313689172268,0.2800000011920929,0.3400000035762787,-0.024118904,-0.019549347,0.0017637782600811785,0.5451445711983575,0.017136573274102476,0.0857914545469814,0.0003,283,117,79.35952926337184,4.441084384918213,9.256073474884033,13.697157859802246,453,0.1360503991600126,0,0,TRUE,pair,142,1.6846912002656609,5.344066238227851,35,0,7.654929577464789,1.6846912002656609,0.16379759937990457,2.4888822969514877,cpu,cuda:0,0,426.7207031,41
425,1,DDT500_num50.txt,fixed,1115,8,139.375,3.3142683506011963,5.476964473724365,4.334368441050174e-06,-3.4,-0.267560654,0.2874999940395355,0.017139146104454994,0.25999999046325684,0.30000001192092896,0.04243416126285281,0.047856769391468594,0.0020366617619791733,0.6440940882478442,0.013609255896881223,0.07894070473100458,0.0003,285,115,47.36858601257553,5.498618841171265,18.04018807411194,23.538806915283203,482,0.15988380066119134,0,0,TRUE,pair,143,2.574657200835645,5.024215248347398,35,0,7.7972027972027975,2.574657200835645,0.21063690225128084,2.5851143985055387,cpu,cuda:0,0,384.04443359375,41
426,1,DDT500_num50.txt,fixed,1079,8,134.875,3.72281813621521,4.598369121551514,4.42200598627096e-06,-4,-0.306631704,0.25,0.017320508137345314,0.2199999988079071,0.2800000011920929,-0.002965089,0.0030713722937636906,0.001860148208733234,0.696653061442905,0.019264797317898937,0.1085425563570526,0.0003,300,100,80.22167009327661,4.616080045700073,8.834151029586792,13.450231075286865,487,0.14824580133426934,0,0,TRUE,pair,139,1.8343045993242413,5.255792401254563,40,0,7.762589928057554,1.8343045993242413,0.17445539962500334,2.4968342006905004,cpu,cuda:0,0,428.2773438,39
427,1,DDT500_num50.txt,fixed,1076,8,134.5,4.153311729431152,5.242032527923584,3.964492861996405e-06,-3.72,-0.310375223,0.26749998331069946,0.028173569589853287,0.2199999988079071,0.3199999928474426,-0.479581296,-0.474018097,0.0029822993092238903,0.7054364085197449,0.03552566096186638,0.1513761430978775,0.0003,293,107,166.44583420448942,5.2599263191223145,1.204639196395874,6.4645655155181885,480,0.16167619870975614,0,0,TRUE,pair,139,2.344153299345635,5.246282528102619,36,0,7.741007194244604,2.344153299345635,0.2113510990748182,2.5832854005275294,cpu,cuda:0,0,302.22509765625,40
428,1,DDT500_num50.txt,fixed,1087,8,135.875,4.7811479568481445,5.338786602020264,5.1412243919912726e-06,-3.68,-0.307131223,0.27000001072883606,0.02236068621277809,0.23999999463558197,0.30000001192092896,-0.00664001,-0.000380985,0.0014393065590411424,0.6978681723276774,0.019711553398519755,0.10669232159852982,0.0003,292,108,48.63685780707277,5.359902381896973,16.989403247833252,22.349305629730225,489,0.1686868998222053,0,0,TRUE,pair,142,2.4470465000486,5.250229989703686,32,0,7.654929577464789,2.4470465000486,0.20152399968355894,2.5884993996005505,cpu,cuda:0,0,378.8740234,39
429,1,DDT500_num50.txt,fixed,1068,8,133.5,4.41588020324707,4.400357246398926,4.7980811359593645e-06,-3.72,-0.3061881,0.26749998331069946,0.031523801386356354,0.2199999988079071,0.3199999928474426,-0.014327104,-0.007982164,0.0017097442333276073,0.7199814677238464,0.018214894691482186,0.115085897843043,0.0003,293,107,52.217675333466815,4.416759252548218,16.03608536720276,20.452844619750977,466,0.13898460171185434,0,0,TRUE,pair,142,1.7229210998630151,5.143258428305723,36,0,7.52112676056338,1.7229210998630151,0.1680246980395168,2.420620502787642,cpu,cuda:0,0,400.38037109375,40
430,1,DDT500_num50.txt,fixed,1097,8,137.125,3.4798526763916016,5.217756748199463,4.586072918755235e-06,-3.84,-0.318514856,0.25999999046325684,0.020000001415610313,0.2199999988079071,0.2800000011920929,-0.069245804,-0.062633213,0.0014786505344090983,0.7351920306682587,0.03051728056743741,0.1280952412635088,0.0003,296,104,108.82539420943556,5.235483646392822,4.844884157180786,10.080367803573608,480,0.15397169860079885,0,0,TRUE,pair,142,2.31478700065054,5.115770281284857,30,0,7.725352112676056,2.31478700065054,0.19374060176778585,2.611404102295637,cpu,cuda:0,0,365.21826171875,39
431,1,DDT500_num50.txt,fixed,1094,8,136.75,3.5968737602233887,4.4482035636901855,4.69630140287336e-06,-3.6,-0.331307505,0.2750000059604645,0.019364923238754272,0.23999999463558197,0.30000001192092896,-0.017383128,-0.010902453,0.0014581175378730728,0.720973465177748,0.012314667588927679,0.08108355974157651,0.0003,290,110,86.75155359718633,4.4653050899505615,8.14542007446289,12.610725164413452,492,0.1468631001189351,0,0,TRUE,pair,142,1.7235919998493046,5.11151737225339,27,0,7.704225352112676,1.7235919998493046,0.16899010154884309,2.464840901317075,cpu,cuda:0,0,392.84814453125,39
432,1,DDT500_num50.txt,fixed,1072,8,134,2.5495097637176514,5.279402732849121,4.007276402262505e-06,-3.72,-0.325524113,0.26749998331069946,0.01984313689172268,0.2199999988079071,0.2800000011920929,0.05451528852184614,0.06077024092276891,0.0018677511058437328,0.7188823123772939,0.018940681436409552,0.09142451857527097,0.0003,293,107,86.48420758484632,5.297027111053467,7.098299503326416,12.395326614379883,484,0.15538600157015026,0,0,TRUE,pair,140,2.480855099740438,5.325559702382159,36,0,7.6571428571428575,2.480855099740438,0.1849398990161717,2.5197875993326306,cpu,cuda:0,0,396.89111328125,39
433,1,DDT500_num50.txt,fixed,1082,8,135.25,6.219927787780762,4.448034286499023,4.501630883169128e-06,-3.44,-0.323922869,0.2849999964237213,0.01658313348889351,0.25999999046325684,0.30000001192092896,0.04636874571442604,0.05201506726443768,0.001828915742225945,0.6560780167579651,0.014225895516574383,0.06231702230870724,0.0003,286,114,117.71661730504755,4.464607000350952,4.726958513259888,9.19156551361084,484,0.14372560021001846,0,0,TRUE,pair,145,1.7465592994121835,4.975046208076688,32,0,7.462068965517242,1.7465592994121835,0.16842220211401582,2.443382398923859,cpu,cuda:0,0,456.7392578,41
434,1,DDT500_num50.txt,fixed,1082,8,135.25,3.3071892261505127,4.942340850830078,1.2355282706266735e-05,-3.6,-0.323499683,0.2750000059604645,0.031224992126226425,0.2199999988079071,0.3199999928474426,0.025214622107644875,0.03115368230889241,0.0014594227153186996,0.6668767233689626,0.021252598923941452,0.05558964485923449,0.0003,290,110,90.94196808624584,4.961172580718994,6.9365246295928955,11.89769721031189,473,0.14982049958780408,0,0,TRUE,pair,140,2.174820600426756,5.17467652275029,36,0,7.728571428571429,2.174820600426756,0.18233500013593584,2.4926267982227728,cpu,cuda:0,0,419.26513671875,41
435,1,DDT500_num50.txt,fixed,1061,8,132.625,4.470388889312744,4.7445173263549805,3.996623490820639e-06,-3.84,-0.32739393,0.25999999046325684,0.022360684350132942,0.2199999988079071,0.30000001192092896,0.005485653877258301,0.011597723700106144,0.0013996223569847643,0.6811880320310593,0.023684040643274784,0.09831135673448443,0.0003,296,104,89.98622680843306,4.761625051498413,7.029068231582642,11.790693283081055,470,0.1443480997113511,0,0,TRUE,pair,139,2.002313400269486,5.28934966517888,32,0,7.633093525179856,2.002313400269486,0.17907629848923534,2.471813298179768,cpu,cuda:0,0,443.0966797,41
436,1,DDT500_num50.txt,fixed,1057,8,132.125,4.512136459350586,4.507969379425049,5.363093350752024e-06,-3.68,-0.328383678,0.26999998092651367,0.014142138883471489,0.23999999463558197,0.2800000011920929,0.01787298289127648,0.023381875129416585,0.0018004394078161567,0.6409110277891159,0.008666363486554474,0.03611171478405595,0.0003,292,108,78.16349190425623,4.524324178695679,8.998613119125366,13.522937297821045,471,0.20804380113258958,0,0,TRUE,pair,140,1.7650769003666937,5.3434247857800266,28,0,7.55,1.7650769003666937,0.1756346981273964,2.4752886997302994,cpu,cuda:0,0,374.68603515625,42
437,1,DDT500_num50.txt,fixed,1067,8,133.375,4.060095310211182,5.383352279663086,5.0067901611328125e-06,-3.6,-0.33276503,0.2750000059604645,0.021794503554701805,0.23999999463558197,0.30000001192092896,-0.010776228,-0.004906241,0.001479801707318984,0.6609887480735779,0.014624557613084713,0.07286018769567211,0.0003,290,110,62.41267899991828,5.400993585586548,11.694891691207886,17.095885276794434,476,0.15899470064323395,0,0,TRUE,pair,140,2.5529684990178794,5.2511715062220965,36,0,7.621428571428571,2.5529684990178794,0.21069749945309013,2.519883296918124,cpu,cuda:0,0,366.3466797,43
438,1,DDT500_num50.txt,fixed,1033,8,129.125,6.071192264556885,4.262832164764404,5.606639660982182e-06,-4,-0.354452089,0.25,0.02828427404165268,0.20000000298023224,0.30000001192092896,-0.086647927,-0.081054997,0.0019557583395258655,0.6570804715156555,0.01658759868171598,0.07954268157482147,0.0003,300,100,90.35901495252952,4.279186010360718,7.1529881954193115,11.43217420578003,476,0.14561890135519207,0,0,TRUE,pair,136,1.6574935000389814,5.623426912368671,35,0,7.595588235294118,1.6574935000389814,0.16482620022725314,2.344787798007019,cpu,cuda:0,0,443.0966797,43
439,1,DDT500_num50.txt,fixed,1062,8,132.75,6.098155498504639,4.374932289123535,4.444444584805751e-06,-3.76,-0.343940367,0.26499998569488525,0.019364923238754272,0.23999999463558197,0.30000001192092896,-0.004405293,0.0008545545014468106,0.0018076501067050478,0.6163672642274336,0.011036177462136204,0.07120831818743185,0.0003,294,106,69.56660852153817,4.392026901245117,10.873917818069458,15.265944719314575,476,0.14123490115161985,0,0,TRUE,pair,143,1.7446751000825316,5.228813565608023,32,0,7.426573426573427,1.7446751000825316,0.16301440133247524,2.3710573967546225,cpu,cuda:0,0,373.5683594,44
440,1,DDT500_num50.txt,fixed,1068,8,133.5,6.062177658081055,6.3021111488342285,4.9611694521445315e-06,-3.64,-0.323415687,0.2724999785423279,0.03152380511164665,0.2199999988079071,0.3199999928474426,-0.052483074,-0.047111848,0.0019448156235739589,0.6343636751174927,0.029634733218699694,0.06436023600399494,0.0003,291,109,88.9879102045302,6.319726943969727,5.68190336227417,12.001630306243896,479,0.17999469838105142,0,0,TRUE,pair,140,3.2336312999250367,5.226591758067242,35,0,7.628571428571429,3.2336312999250367,0.28098320099525154,2.6513246000977233,cpu,cuda:0,0,432.9882813,44
441,1,DDT500_num50.txt,fixed,1062,8,132.75,4.1155195236206055,4.462180137634277,5.3151838983467314e-06,-3.72,-0.329122454,0.26750001311302185,0.029895655810832977,0.20000000298023224,0.30000001192092896,0.0016104367872079213,0.007021618075668812,0.001733586754805098,0.6277977526187897,0.012989930963764587,0.06213588546961546,0.0003,293,107,104.66779599038307,4.478845119476318,5.667542219161987,10.146387338638306,480,0.14826949953567237,0,0,TRUE,pair,139,1.7768281986936927,5.389830504882583,45,0,7.640287769784172,1.7768281986936927,0.16585660038981587,2.419729001703672,cpu,cuda:0,0,366.3828125,44
442,1,DDT500_num50.txt,fixed,1072,8,134,6.51920223236084,4.925614356994629,6.40410235064337e-06,-3.64,-0.312890012,0.27250000834465027,0.024366991594433784,0.2199999988079071,0.30000001192092896,-0.058976648,-0.053733308,0.0018003718772282202,0.6143539448579153,0.011088074029733738,0.05133810810123881,0.0003,291,109,92.78547985643542,4.942434787750244,6.611097097396851,11.553531885147095,470,0.15437910007312894,0,0,TRUE,pair,145,2.1591026997193694,5.31809701314613,36,0,7.393103448275862,2.1591026997193694,0.18554560071788728,2.4756417012540624,cpu,cuda:0,0,488.5166016,45
443,1,DDT500_num50.txt,fixed,1063,8,132.875,7.166545391082764,5.600027084350586,5.694661467714468e-06,-3.52,-0.306898403,0.2800000011920929,0.02000000700354576,0.23999999463558197,0.30000001192092896,-0.06232289,-0.0564579,0.0014578566187992692,0.659392637865884,0.0165997564659587,0.05544932239821979,0.0003,288,112,86.47133371949111,5.6774351596832275,6.615656137466431,12.293091297149658,474,0.15531760011799634,0,0,TRUE,pair,144,2.7343784001423046,5.292568204319937,36,0,7.381944444444445,2.7343784001423046,0.23031480005010962,2.5179264006437734,cpu,cuda:0,0,351.84619140625,45
444,1,DDT500_num50.txt,fixed,1061,8,132.625,2.912795066833496,4.429239273071289,4.431636625668034e-06,-3.88,-0.322082872,0.2574999928474426,0.030720515176653862,0.20000000298023224,0.30000001192092896,-0.066596704,-0.060691612,0.0017141902547640104,0.6762185494105021,0.017338965126934152,0.06579784241815408,0.0003,297,103,107.04652487245555,4.4453794956207275,5.466198682785034,9.911578178405762,471,0.14282120007555932,0,0,TRUE,pair,138,1.7258581003407016,5.442978322337417,35,0,7.688405797101449,1.7258581003407016,0.16498790110927075,2.440462100901641,cpu,cuda:0,0,395.7714844,45
445,1,DDT500_num50.txt,fixed,1070,8,133.75,6.098155498504639,5.567389488220215,5.323198820406105e-06,-3.76,-0.317386228,0.26499998569488525,0.027838822454214096,0.2199999988079071,0.3199999928474426,-0.000424464,0.005846276613218444,0.001656422100495547,0.7098951595170158,0.01253599758326475,0.0761764705447214,0.0003,294,106,49.20404667970653,5.585869550704956,16.160309314727783,21.74617886543274,475,0.16313329909462482,0,0,TRUE,pair,145,2.6690562000731006,5.328037381395001,36,0,7.379310344827586,2.6690562000731006,0.22904729947913438,2.5501479000085965,cpu,cuda:0,0,370.85986328125,46
446,1,DDT500_num50.txt,fixed,1070,8,133.75,2.4366986751556396,4.3532514572143555,3.5683226542460034e-06,-3.88,-0.332674234,0.2574999928474426,0.023318449035286903,0.2199999988079071,0.2800000011920929,0.027625050927911485,0.03361494253788676,0.0016379375509651645,0.6808858428682599,0.024673237748044943,0.051134838456554074,0.0003,297,103,95.62976963009719,4.371679782867432,6.817304611206055,11.188984394073486,489,0.14811999921221286,0,0,TRUE,pair,137,1.7023397006560117,5.277570092566659,40,0,7.810218978102189,1.7023397006560117,0.16241880180314183,2.3928478992311284,cpu,cuda:0,0,389.98291015625,47
447,1,DDT500_num50.txt,fixed,1024,8,128,3,5.803259372711182,4.675071522797225e-06,-4.08,-0.335390414,0.2449999898672104,0.031224988400936127,0.18000000715255737,0.2800000011920929,-0.16144726,-0.155473242,0.00220117521368795,0.707460429933336,0.00726148078037012,0.02827768110566669,0.0003,302,98,78.34028836230925,5.8213934898376465,7.249786376953125,13.071179866790771,475,0.15696300100535154,0,0,TRUE,pair,133,3.0142061000224203,5.554687500465661,32,0,7.6992481203007515,3.0142061000224203,0.23821429815143347,2.431394297396764,cpu,cuda:0,0,445.60693359375,47
448,1,DDT500_num50.txt,fixed,1068,8,133.5,4.769696235656738,4.361291408538818,4.97547080158256e-06,-3.92,-0.307379029,0.2549999952316284,0.02397916093468666,0.2199999988079071,0.30000001192092896,0.14312142382065454,0.14880588153998056,0.0019178659422323108,0.6643396218617758,0.015682883483047288,0.03332689683884382,0.0003,298,102,135.84170283816977,4.376796007156372,3.4852962493896484,7.8620922565460205,471,0.13829160039313138,0,0,TRUE,pair,140,1.7081851996481419,5.191011236848009,36,0,7.628571428571429,1.7081851996481419,0.16674670239444822,2.397917799069546,cpu,cuda:0,0,453.03369140625,47
449,1,DDT500_num50.txt,fixed,1000,8,125,4.609772205352783,5.0343146324157715,4.94395271743997e-06,-4,-0.314903392,0.25,0.030000001192092896,0.20000000298023224,0.30000001192092896,-0.10408305,-0.097930614,0.001688850374193862,0.6996852159500122,0.014186965068802238,0.05626528337597847,0.0003,300,100,111.68264659208755,5.054708003997803,3.8992345333099365,8.95394253730774,467,0.21929199888836592,0,0,TRUE,pair,134,2.310634299297817,5.514,36,0,7.462686567164179,2.310634299297817,0.2084085992537439,2.417580394889228,cpu,cuda:0,0,347.8720703,48
450,1,DDT500_num50.txt,fixed,1076,8,134.5,3.708099126815796,4.696920394897461,4.5142401177145075e-06,-3.72,-0.304881471,0.26749998331069946,0.031523801386356354,0.23999999463558197,0.3199999928474426,-0.009159587,-0.003617628,0.0018075632064470223,0.6445733734539577,0.01275653689767101,0.0427621732732015,0.0003,293,107,95.95505742584766,4.713073253631592,6.500509738922119,11.213582992553711,482,0.14648030058015138,0,0,TRUE,pair,141,1.9744585995795205,5.253717472783695,33,0,7.631205673758865,1.9744585995795205,0.18586189742200077,2.444038298097439,cpu,cuda:0,0,402.75732421875,47
451,1,DDT500_num50.txt,fixed,1048,8,131,5.722761631011963,4.529690265655518,5.339192284736782e-06,-4.04,-0.322292609,0.2475000023841858,0.02989565022289753,0.20000000298023224,0.2800000011920929,-0.001414519,0.004218963285287221,0.001911846377576391,0.6589408914248148,0.016200818121433258,0.07356456749969059,0.0003,301,99,73.42520872861233,4.6151087284088135,9.657918453216553,14.273027181625366,466,0.1435974999330938,0,0,TRUE,pair,140,1.856613699463196,5.230916027804367,36,0,7.485714285714286,1.856613699463196,0.17857480130624026,2.40413080167491,cpu,cuda:0,0,418.2705078,48
452,1,DDT500_num50.txt,fixed,1052,8,131.5,4.769696235656738,4.311363697052002,5.190740012039896e-06,-3.84,-0.313922355,0.25999999046325684,0.020000001415610313,0.2199999988079071,0.2800000011920929,0.0031354943147072424,0.008714923491844764,0.0015528790491561478,0.6355868853055514,0.01572327849526818,0.08125066986450782,0.0003,296,104,58.25576429561962,4.327855825424194,13.730443000793457,18.05829882621765,464,0.13815060106571764,0,0,TRUE,pair,139,1.6253604002995417,5.220532320071536,36,0,7.568345323741007,1.6253604002995417,0.16767979913856834,2.3703158021671697,cpu,cuda:0,0,402.75732421875,48
453,1,DDT500_num50.txt,fixed,1050,8,131.25,5.117372512817383,5.431952953338623,4.383272425911855e-06,-3.8,-0.324277511,0.26249998807907104,0.021065376698970795,0.2199999988079071,0.2800000011920929,0.040178410708904266,0.04524150397628546,0.00181003131729085,0.596811268478632,0.015514984152105171,0.044444670900702477,0.0003,295,105,77.63316890532967,5.450392961502075,8.074753761291504,13.525146722793579,471,0.1523053984856233,0,0,TRUE,pair,140,2.575451200362295,5.239047619047619,32,0,7.5,2.575451200362295,0.24421899975277483,2.5042828974546865,cpu,cuda:0,0,385.02490234375,48
454,1,DDT500_num50.txt,fixed,1081,8,135.125,3.3330729007720947,4.375457286834717,4.523674306255998e-06,-3.68,-0.319089251,0.27000001072883606,0.02236068621277809,0.23999999463558197,0.30000001192092896,-0.024254709,-0.019049542,0.001451157804694958,0.5930748768150806,0.013996440728078596,0.044611446326598525,0.0003,292,108,87.46987196684094,4.392884969711304,7.965656042098999,12.358541011810303,479,0.14300129911862314,0,0,TRUE,pair,140,1.6982833008514717,5.004625347783232,32,0,7.7214285714285715,1.6982833008514717,0.16449139814358205,2.423431299859658,cpu,cuda:0,0,422.42919921875,49
455,1,DDT500_num50.txt,fixed,1045,8,130.625,5.67753267288208,5.094244956970215,4.9496984502184205e-06,-3.72,-0.332551537,0.26749998331069946,0.019843142479658127,0.23999999463558197,0.30000001192092896,-0.065882689,-0.061166256,0.00151455422423573,0.5473711258835263,0.011338080893943293,0.06176884208495418,0.0003,293,107,76.18351409470063,5.11188817024231,8.604990243911743,13.716878414154053,473,0.1542552998289466,0,0,TRUE,pair,140,2.3658095998689532,5.247846887670636,36,0,7.464285714285714,2.3658095998689532,0.19341260276269168,2.4388030003756285,cpu,cuda:0,0,408.61083984375,49
456,1,DDT500_num50.txt,fixed,1077,8,134.625,6.4213995933532715,4.360686302185059,5.384249561757315e-06,-3.6,-0.33471992,0.2749999761581421,0.021794503554701805,0.23999999463558197,0.30000001192092896,-0.02927955,-0.024932105,0.001377739176281135,0.5036316107619893,0.014524505473673344,0.06884466788985512,0.0003,290,110,64.33450770736096,4.3764567375183105,12.36417031288147,16.74062705039978,465,0.13990160112734884,0,0,TRUE,pair,145,1.655310999485664,5.250696377280473,36,0,7.427586206896552,1.655310999485664,0.16849589883349836,2.447566098999232,cpu,cuda:0,0,403.875,50
457,1,DDT500_num50.txt,fixed,1081,8,135.125,4.9607834815979,4.557839393615723,4.438044925336726e-06,-3.32,-0.318403907,0.29249998927116394,0.009682463482022285,0.2800000011920929,0.30000001192092896,-0.04810779,-0.04379602,0.0011520389816723764,0.48877932627995807,0.01911091699730605,0.061689807722965874,0.0003,283,117,110.13794256532759,4.57477593421936,5.239135980606079,9.814964532852173,483,0.14212509850040078,0,0,TRUE,pair,143,1.7936793997650966,5.183163736839188,32,0,7.559440559440559,1.7936793997650966,0.17609549954067916,2.4967240031110123,cpu,cuda:0,0,422.42919921875,49
458,1,DDT500_num50.txt,fixed,1040,8,130,8.645808219909668,4.3010759353637695,6.944900178496027e-06,-3.8,-0.328955188,0.26249998807907104,0.02904737927019596,0.20000000298023224,0.30000001192092896,-0.030357325,-0.025734202,0.001638168414744238,0.5442206978797912,0.020237530348822474,0.05596335430939992,0.0003,295,105,56.20954159509482,4.3179919719696045,14.184204816818237,18.502196788787842,462,0.1441905980464071,0,0,TRUE,pair,142,1.6710445997305214,5.427884617677102,40,0,7.323943661971831,1.6710445997305214,0.16580390080343932,2.3770079002715647,cpu,cuda:0,0,369.3496094,49
459,1,DDT500_num50.txt,fixed,1049,8,131.125,5.9673590660095215,4.618554592132568,4.886127044301247e-06,-3.52,-0.307405597,0.2800000011920929,0.03464101627469063,0.20000000298023224,0.3199999928474426,-0.278974146,-0.274350256,0.0020360173657536507,0.564189612865448,0.04296158626675606,0.01666666753590107,0.0003,288,112,178.45365763438906,4.635149002075195,1.2431278228759766,5.878276824951172,467,0.14291679998859763,0,0,TRUE,pair,142,1.9434266998432577,5.311725453494048,36,0,7.387323943661972,1.9434266998432577,0.1772062999662012,2.4068764017429203,cpu,cuda:0,0,332.1220703,50
460,1,DDT500_num50.txt,fixed,1066,8,133.25,5.517019271850586,5.11154842376709,4.880306732957251e-06,-3.36,-0.276631169,0.28999999165534973,0.026457514613866806,0.25999999046325684,0.3199999928474426,-0.002487151,0.0017462280978049552,0.0017057646016058112,0.5086261459759304,0.01779750209035618,0.0430070555635861,0.0003,284,116,79.05586876118582,5.133544445037842,8.350590467453003,13.484134912490845,456,0.1498386989114806,0,0,TRUE,pair,142,2.3808202010113746,5.210131328951351,36,0,7.507042253521127,2.3808202010113746,0.18098390067461878,2.459441999089904,cpu,cuda:0,0,379.85595703125,50
461,1,DDT500_num50.txt,fixed,1072,8,134,5.338539123535156,4.352816104888916,4.635387085727416e-06,-3.24,-0.283602928,0.29749998450279236,0.03799671307206154,0.23999999463558197,0.36000001430511475,0.041783166906008355,0.045883395350896396,0.002048562845000281,0.5124512887918032,0.016306909365364566,0.05406947813641567,0.0003,281,119,57.09364143227054,4.368713617324829,14.407457828521729,18.776171445846558,462,0.13993539684452116,0,0,TRUE,pair,142,1.6644856000784785,5.552238804858122,64,0,7.549295774647887,1.6644856000784785,0.16889339790213853,2.430353699135594,cpu,cuda:0,0,431.7861328,52
462,1,DDT500_num50.txt,fixed,1056,8,132,4.795831680297852,4.304980278015137,5.015298029320547e-06,-3.56,-0.286299628,0.2775000035762787,0.03072051703929901,0.2199999988079071,0.3400000035762787,-0.002363896,0.0026043951511383057,0.0016274014604277908,0.5781988382339478,0.011214936850592494,0.034097493067383765,0.0003,289,111,119.23554990920547,4.322512865066528,4.5339062213897705,8.856419086456299,471,0.19914240099024028,0,0,TRUE,pair,140,1.6130543987965211,5.231060607866808,28,0,7.542857142857143,1.6130543987965211,0.16679390089120716,2.437333800131455,cpu,cuda:0,0,418.2705078,50
463,1,DDT500_num50.txt,fixed,1094,8,136.75,4.520785331726074,4.651241779327393,4.753447228722507e-06,-3.4,-0.296377002,0.2875000238418579,0.02633914165198803,0.25999999046325684,0.3400000035762787,0.06459401547908783,0.06976239755749702,0.0012921513601516683,0.5814455350240072,0.016066283530866105,0.028366285221030314,0.0003,285,115,138.31208533557822,4.668437719345093,3.241210938,7.909648656845093,483,0.1492674984037876,0,0,TRUE,pair,142,1.900583100039512,5.192870201968623,36,0,7.704225352112676,1.900583100039512,0.18033959821332246,2.4776857995893806,cpu,cuda:0,0,425.78466796875,50
464,1,DDT500_num50.txt,fixed,1068,8,133.5,3.9686269760131836,4.645045757293701,4.241573151375633e-06,-3.48,-0.313799866,0.2824999690055847,0.01854049786925316,0.25999999046325684,0.3199999928474426,-0.107675742,-0.102625564,0.002056917641311884,0.6078643649816513,0.03114878572523594,0.04519988363608718,0.0003,287,113,125.20388835795718,4.662130117416382,3.8679563999176025,8.530086517333984,460,0.14242309844121337,0,0,TRUE,pair,142,1.9264595994027331,5.255617979313997,40,0,7.52112676056338,1.9264595994027331,0.19716640107799321,2.425825095619075,cpu,cuda:0,0,390.8623047,50
465,1,DDT500_num50.txt,fixed,1049,8,131.125,6.679025173187256,4.319670677185059,4.818769411940593e-06,-3.6,-0.338603571,0.2750000059604645,0.03278719633817673,0.20000000298023224,0.30000001192092896,-0.027037749,-0.022537041,0.003667485318146646,0.6334450125694275,0.015214670321438462,0.03318348550237715,0.0003,290,110,109.66972236952061,4.33706521987915,5.228017807006836,9.565083026885986,465,0.13983079884201288,0,0,TRUE,pair,138,1.6298283991636708,5.171591993055535,30,0,7.601449275362318,1.6298283991636708,0.16774199903011322,2.435169200762175,cpu,cuda:0,0,424.97705078125,50
466,1,DDT500_num50.txt,fixed,1070,8,133.75,5.379358768463135,5.002301216125488,5.699650500901043e-06,-3.6,-0.298558743,0.2749999761581421,0.02397916093468666,0.23999999463558197,0.3199999928474426,-0.056086517,-0.051059893,0.0015727696923672088,0.581300675868988,0.01095699252826827,0.0788350086659193,0.0003,290,110,81.19289351075803,5.0200207233428955,8.158472537994385,13.17849326133728,468,0.1461583012714982,0,0,TRUE,pair,142,2.2567192994756624,5.171962617490893,32,0,7.535211267605634,2.2567192994756624,0.18604869849514216,2.4659970971988514,cpu,cuda:0,0,425.7841797,50
467,1,DDT500_num50.txt,fixed,1107,8,138.375,2.2878756523132324,4.4163899421691895,4.2948445297952276e-06,-3.28,-0.268339038,0.29499998688697815,0.027838824316859245,0.25999999046325684,0.3400000035762787,-0.027315042,-0.022326289,0.0016377851910268266,0.5807644062572055,0.01458294296430217,0.048226048755976886,0.0003,282,118,82.97772353507715,4.433469533920288,8.907460451126099,13.340929985046387,486,0.13949350104667246,0,0,TRUE,pair,142,1.6889381005894393,4.942186088527552,32,0,7.795774647887324,1.6889381005894393,0.16772199899423867,2.4695855998434126,cpu,cuda:0,0,381.9541016,50
468,1,DDT500_num50.txt,fixed,1076,8,134.5,5.522680282592773,5.103438377380371,5.381609753385419e-06,-3.6,-0.247711999,0.2749999761581421,0.019364923238754272,0.23999999463558197,0.30000001192092896,0.010853390312857099,0.015127028856012557,0.0022411574092176226,0.5394215749369727,0.018083278969344165,0.07434581261542109,0.0003,290,110,74.27682868711906,5.121909856796265,9.36443829536438,14.486348152160645,463,0.20585159899201244,0,0,TRUE,pair,141,2.2851092002820224,5.261152412368462,33,0,7.631205673758865,2.2851092002820224,0.1947256011189893,2.527823899057694,cpu,cuda:0,0,436.39501953125,50
469,1,DDT500_num50.txt,fixed,1038,8,129.75,9.038113594055176,4.25791597366333,6.507560556201497e-06,-3.76,-0.225256604,0.26499998569488525,0.038405731320381165,0.2199999988079071,0.3199999928474426,-0.029701376,-0.025365681,0.0020760199055075645,0.5373703479766846,0.015576308220624923,0.038793376088142394,0.0003,294,106,119.61486173779788,4.273785829544067,4.4040656089782715,8.677851438522339,467,0.1424214004073292,0,0,TRUE,pair,139,1.5858288999879733,5.135838147073352,32,0,7.467625899280575,1.5858288999879733,0.16275239828974009,2.4219796013785526,cpu,cuda:0,0,445.60888671875,50
470,1,DDT500_num50.txt,fixed,1062,8,132.75,9.2971773147583,4.920071601867676,6.607249360968126e-06,-3.6,-0.258704343,0.2749999761581421,0.013228763826191425,0.25999999046325684,0.30000001192092896,0.01863650104496628,0.023120315396226943,0.00205763554549776,0.551263090223074,0.010434876487124711,0.04457087838090956,0.0003,290,110,73.12611600066784,4.935904502868652,9.585948467254639,14.522855281829834,469,0.157989899860695,0,0,TRUE,pair,146,2.0839488005731255,5.306967976627601,32,0,7.273972602739726,2.0839488005731255,0.192490300280042,2.5473372995620593,cpu,cuda:0,0,369.5185547,51
471,1,DDT500_num50.txt,fixed,1069,8,133.625,6.556247234344482,5.934567451477051,5.583781330642523e-06,-3.36,-0.259591783,0.2900000214576721,0.03162278234958649,0.23999999463558197,0.3400000035762787,-0.008553389,-0.004626507,0.002528639944891135,0.5191207130750021,0.0072724082274362445,0.04267530037711064,0.0003,284,116,53.54697184834888,5.950896501541138,14.012884140014648,19.963780641555786,473,0.15999079821631312,0,0,TRUE,pair,142,2.92812000005506,5.252572501006809,40,0,7.528169014084507,2.92812000005506,0.2892070997040719,2.5990968018304557,cpu,cuda:0,0,391.7958984,51
472,1,DDT500_num50.txt,fixed,1039,8,129.875,6.565773010253906,5.012238025665283,5.699650500901043e-06,-3.84,-0.254250336,0.25999999046325684,0.014142137952148914,0.23999999463558197,0.2800000011920929,-0.0390391,-0.034518404,0.0018242099197647934,0.5432795201029096,0.00958471214731357,0.060376751236617565,0.0003,296,104,52.68724832104412,5.027484655380249,14.692656993865967,19.720141649246216,473,0.15479690046049654,0,0,TRUE,pair,139,2.2455203998833895,5.337824830192001,36,0,7.474820143884892,2.2455203998833895,0.19165589986369014,2.4802857998292893,cpu,cuda:0,0,416.4013672,51
473,1,DDT500_num50.txt,fixed,1063,8,132.875,5.666513442993164,4.261204242706299,4.511090992309619e-06,-3.68,-0.269551785,0.26999998092651367,0.030000001192092896,0.2199999988079071,0.3199999928474426,0.01424558013677597,0.01857677474617958,0.00230490694520995,0.5483644485473633,0.012574245198629796,0.057903306744992736,0.0003,292,108,75.91052724396721,4.277798652648926,9.725529193878174,14.0033278465271,463,0.13655559811741114,0,0,TRUE,pair,138,1.633502799551934,5.422389465800346,35,0,7.702898550724638,1.633502799551934,0.1659095990471542,2.3751574982888997,cpu,cuda:0,0,372.44873046875,50
474,1,DDT500_num50.txt,fixed,1083,8,135.375,6.081478118896484,5.0945820808410645,5.171540124138119e-06,-3.44,-0.239668323,0.2849999666213989,0.029580403119325638,0.25999999046325684,0.3400000035762787,-0.025489239,-0.021239415,0.0018820611128051365,0.5190855136939457,0.010079875180963427,0.04231998237914273,0.0003,286,114,78.48040208006189,5.175031661987305,8.624591827392578,13.799623489379883,463,0.14982300088740885,0,0,TRUE,pair,144,2.3212085008854046,5.307479226578195,36,0,7.520833333333333,2.3212085008854046,0.1802042027702555,2.500829402473755,cpu,cuda:0,0,339.28125,48
475,1,DDT500_num50.txt,fixed,1072,8,134,3.570714235305786,5.672201156616211,4.894844551017741e-06,-3.44,-0.257752727,0.2849999964237213,0.02397915907204151,0.25999999046325684,0.3199999928474426,0.026897607371211052,0.03136737706760565,0.0015796998244089384,0.5259619876742363,0.01455391301230217,0.0602591703645885,0.0003,286,114,64.61575850622499,5.690864562988281,10.899515628814697,16.59038019180298,467,0.2146096001379192,0,0,TRUE,pair,140,2.713063800241798,5.389925373134329,28,0,7.6571428571428575,2.713063800241798,0.24503719888161868,2.600629601511173,cpu,cuda:0,0,395.7714844,45
476,1,DDT500_num50.txt,fixed,1024,8,128,10.392304420471191,4.53300142288208,7.776979146001395e-06,-3.6,-0.276992877,0.2750000059604645,0.04444097355008125,0.20000000298023224,0.3400000035762787,-0.376151532,-0.372179687,0.001454381039366126,0.4699031710624695,0.035688456147909164,0.028901733458042145,0.0003,290,110,184.00742238897692,4.549654006958008,1.0153388977050781,5.564992904663086,456,0.20912030199542642,0,0,TRUE,pair,138,1.8269794002408162,5.355468749534339,32,0,7.420289855072464,1.8269794002408162,0.17662610101979226,2.438447300461121,cpu,cuda:0,0,247.3896484,45
477,1,DDT500_num50.txt,fixed,1068,8,133.5,5.196152210235596,5.493567943572998,5.614238489215495e-06,-3.52,-0.271523991,0.2800000011920929,0.02000000700354576,0.23999999463558197,0.30000001192092896,0.01148778349161148,0.015462788939476012,0.0017997563583776355,0.4874887764453888,0.012883415305987,0.06279009655117988,0.0003,288,112,98.107240813056,5.5135908126831055,5.372455835342407,10.886046648025513,462,0.153992899809964,0,0,TRUE,pair,145,2.6624732001218945,5.377340822630607,32,0,7.36551724137931,2.6624732001218945,0.23623830440919846,2.4917729017324746,cpu,cuda:0,0,455.54541015625,43
478,1,DDT500_num50.txt,fixed,1041,8,130.125,6.411659240722656,4.242990016937256,5.702142971131252e-06,-3.44,-0.286511489,0.2849999964237213,0.027838826179504395,0.23999999463558197,0.3400000035762787,-0.033121907,-0.029302863,0.00167657267593313,0.46573299914598465,0.014099857187829912,0.03929320629686117,0.0003,286,114,141.65922392943926,4.260735988616943,3.0878853797912598,7.348621368408203,471,0.14019789826124907,0,0,TRUE,pair,138,1.6637351005338132,5.321805955353662,36,0,7.543478260869565,1.6637351005338132,0.16305969888344407,2.330992601113394,cpu,cuda:0,0,365.18798828125,42
479,1,DDT500_num50.txt,fixed,1078,8,134.75,3.072051525115967,4.794650077819824,3.749354800675064e-05,-3.6,-0.277951019,0.2749999761581421,0.01658313348889351,0.25999999046325684,0.30000001192092896,0.02728647515177727,0.031131383776664735,0.0016429583774879575,0.4666388273239136,0.015262843994423746,0.05585596635937691,0.0003,290,110,65.67166006668954,4.814519643783569,11.600475788116455,16.414995431900024,480,0.1502715003443882,0,0,TRUE,pair,140,1.9824130999622867,5.36734693877551,40,0,7.7,1.9824130999622867,0.18054560048040003,2.538248001015745,cpu,cuda:0,0,444.4160156,42
480,1,DDT500_num50.txt,fixed,1028,8,128.5,9.92471694946289,4.176637172698975,6.520650003949413e-06,-4.04,-0.305969554,0.2475000023841858,0.02989565022289753,0.18000000715255737,0.2800000011920929,0.09368254989385605,0.09727414697408676,0.0014595675747841597,0.4321384131908417,0.0343095101416111,0.039603959769010544,0.0003,301,99,201.0042187747293,4.195287466049194,0.9190330505371094,5.114320516586304,460,0.14122889994177967,0,0,TRUE,pair,138,1.5980559000745416,5.533073932048412,40,0,7.449275362318841,1.5980559000745416,0.16208860173355788,2.3307566037401557,cpu,cuda:0,0,285.6132813,41
481,1,DDT500_num50.txt,fixed,1015,8,126.875,11.773248672485352,4.198584079742432,7.227662081277231e-06,-3.76,-0.31133093,0.26499998569488525,0.04663689434528351,0.18000000715255737,0.3199999928474426,0.06189486674136586,0.06532198935747147,0.002504411826117171,0.4679323335488637,0.01135684309216837,0.05805949918511841,0.0003,294,106,81.18313278454929,4.213864803314209,8.288732290267944,12.502597093582153,459,0.1404621984111145,0,0,TRUE,pair,138,1.6644756003515795,5.415763547502715,35,0,7.355072463768116,1.6644756003515795,0.16020270134322345,2.2896760968724266,cpu,cuda:0,0,414.6582031,41
482,1,DDT500_num50.txt,fixed,1021,8,127.625,7.034512996673584,4.180294513702393,5.80097457714146e-06,-3.76,-0.324610089,0.26499998569488525,0.044440969824790955,0.18000000715255737,0.3199999928474426,0.016161325201392174,0.019605391286313535,0.0029030384961515666,0.4895578622817993,0.01334861251525581,0.04089743830263615,0.0003,294,106,118.21447851625382,4.196889162063599,4.43995475769043,8.636843919754028,448,0.19753949798177928,0,0,TRUE,pair,141,1.5614605996524915,5.706170422556818,36,0,7.24113475177305,1.5614605996524915,0.1617097983835265,2.3714031993877143,cpu,cuda:0,0,379.9931641,40
483,1,DDT500_num50.txt,fixed,1048,8,131,7.937253952026367,5.809778690338135,1.4953046047594398e-05,-3.6,-0.328811073,0.2749999761581421,0.03278719261288643,0.2199999988079071,0.3199999928474426,-0.107899636,-0.104546081,0.0030496238032355905,0.487837590277195,0.0139484423561953,0.043999796733260155,0.0003,290,110,105.4746721216084,5.8316686153411865,4.104366064071655,9.936034679412842,466,0.15808830095920712,0,0,TRUE,pair,138,2.925669800140895,5.449427477731049,32,0,7.594202898550725,2.925669800140895,0.27044570085126907,2.4957030006917194,cpu,cuda:0,0,366.3466797,41
484,1,DDT500_num50.txt,fixed,1064,8,133,4.387482166290283,4.8453145027160645,5.8083187468582764e-06,-3.32,-0.299960014,0.29249998927116394,0.02633913792669773,0.25999999046325684,0.3400000035762787,0.05708516016602516,0.06164193960527579,0.001857507605260859,0.5485533773899078,0.014807983806046346,0.05282795367141565,0.0003,283,117,103.43111337149885,4.86318564414978,5.423854351043701,10.287039995193481,469,0.14603670011274517,0,0,TRUE,pair,139,2.143067499389872,5.494360900911174,36,0,7.654676258992806,2.143067499389872,0.1810884012375027,2.4283522001933306,cpu,cuda:0,0,377.89306640625,40
485,1,DDT500_num50.txt,fixed,1048,8,131,6.324555397033691,4.2581024169921875,6.233175554370973e-06,-3.48,-0.307424909,0.2824999988079071,0.01854049786925316,0.25999999046325684,0.3199999928474426,0.06940045952796936,0.07467241585254669,0.0015911852824501693,0.6067550629377365,0.013266901834867895,0.040645182598382235,0.0003,287,113,121.95000778065376,4.275482416152954,4.318202972412109,8.593685388565063,456,0.13917580037377775,0,0,TRUE,pair,140,1.5619369997875765,5.499045796749246,27,0,7.485714285714286,1.5619369997875765,0.1650946002919227,2.443955201539211,cpu,cuda:0,0,378.97802734375,40
486,1,DDT500_num50.txt,fixed,1056,8,132,4.84768009185791,4.902842998504639,5.07445247421856e-06,-3.44,-0.30812393,0.2849999964237213,0.016583124175667763,0.25999999046325684,0.3199999928474426,0.1681802487000823,0.17323670769110322,0.0015429271152243018,0.5827928483486176,0.025729007553309202,0.03350120969116688,0.0003,286,114,155.10348370493932,4.926134347915649,1.88222336769104,6.8083577156066895,455,0.1479039997793734,0,0,TRUE,pair,138,2.1823009999934584,5.399621212572763,36,0,7.6521739130434785,2.1823009999934584,0.1997328989673406,2.4250714001245797,cpu,cuda:0,0,423.2363281,39
487,1,DDT500_num50.txt,fixed,1065,8,133.125,4.884605884552002,4.431529998779297,4.517387424129993e-06,-3.92,-0.334845729,0.2549999952316284,0.031224992126226425,0.20000000298023224,0.30000001192092896,-0.029639615,-0.023774856,0.0022035153893133004,0.6966519633928935,0.011317800528680285,0.0677964376906554,0.0003,298,102,45.78982937761565,4.448065757751465,18.81037425994873,23.258440017700195,460,0.14439110166858882,0,0,TRUE,pair,141,1.7103976990329102,5.352112677399541,35,0,7.553191489361702,1.7103976990329102,0.168285800376907,2.463054598076269,cpu,cuda:0,0,401.6376953,40
488,1,DDT500_num50.txt,fixed,1068,8,133.5,4.5,5.260984897613525,5.493983735505026e-06,-3.72,-0.326561166,0.26749998331069946,0.024366989731788635,0.2199999988079071,0.30000001192092896,-0.018301531,-0.012860619,0.0016100593929877505,0.6245936006307602,0.015043012603806952,0.06999138587464888,0.0003,293,107,67.56872510199038,5.28221321105957,10.523916006088257,15.806129217147827,473,0.17559109977446496,0,0,TRUE,pair,140,2.1211174987256527,5.254681647493598,36,0,7.628571428571429,2.1211174987256527,0.1923619982553646,2.840952197322622,cpu,cuda:0,0,416.4013672,39
489,1,DDT500_num50.txt,fixed,1057,8,132.125,5.254462242126465,5.442004203796387,5.352483640308492e-06,-3.92,-0.345717828,0.2549999952316284,0.03708099201321602,0.18000000715255737,0.30000001192092896,0.012870343029499054,0.01811578720808029,0.002354704216122627,0.642279863357544,0.009783476521261037,0.04457012936472893,0.0003,298,102,100.33627606016303,5.459220886230469,5.0753538608551025,10.534574747085571,463,0.1689123015385121,0,0,TRUE,pair,139,2.441119799623266,5.230842005676442,30,0,7.60431654676259,2.441119799623266,0.22414920141454786,2.6710175999905914,cpu,cuda:0,0,421.4882813,39
490,1,DDT500_num50.txt,fixed,1040,8,130,9.041570663452148,4.308160781860352,9.10840117285261e-06,-3.52,-0.339775205,0.2800000011920929,0.014142143540084362,0.25999999046325684,0.30000001192092896,-0.003438849,0.0014791032299399376,0.002120000761351548,0.5977949351072311,0.014859385963063687,0.06479006330482662,0.0003,288,112,89.54439919518192,4.325861215591431,7.288488864898682,11.614350080490112,455,0.14162400062195957,0,0,TRUE,pair,143,1.672879200312309,5.454807689785957,36,0,7.2727272727272725,1.672879200312309,0.16751420067157596,2.379708801745437,cpu,cuda:0,0,393.77294921875,39
491,1,DDT500_num50.txt,fixed,1052,8,131.5,4,5.4029998779296875,2.0311807020334527e-05,-3.68,-0.339853477,0.26999998092651367,0.024494897574186325,0.23999999463558197,0.3199999928474426,-0.055216105,-0.049878247,0.0020303626370150596,0.6353039667010307,0.010655475518433377,0.03780081425793469,0.0003,292,108,71.64563679996833,5.421954870223999,9.261423587799072,14.683378458023071,462,0.15395729790907353,0,0,TRUE,pair,137,2.549493499682285,5.453422052325404,45,0,7.678832116788321,2.549493499682285,0.20937350136227906,2.5434471999760717,cpu,cuda:0,0,396.89111328125,40
492,1,DDT500_num50.txt,fixed,1053,8,131.625,8.957364082336426,4.40282678604126,6.662935447820928e-06,-3.56,-0.327014695,0.2775000035762787,0.03526684269309044,0.2199999988079071,0.3400000035762787,0.015398842096328736,0.02026197612285614,0.0024436302483081818,0.608495569229126,0.009340276150032878,0.036419962998479605,0.0003,289,111,115.85778506966732,4.420856952667236,4.667871952056885,9.088728904724121,459,0.13943479990120977,0,0,TRUE,pair,144,1.7233288990100846,5.49857549268862,30,0,7.3125,1.7233288990100846,0.16671400074847043,2.425119499792345,cpu,cuda:0,0,449.32568359375,40
493,1,DDT500_num50.txt,fixed,1059,8,132.375,3.705991744995117,4.6319074630737305,4.327805982029531e-06,-3.4,-0.315586649,0.2874999940395355,0.03455068916082382,0.2199999988079071,0.3199999928474426,-2.53E-05,0.005045120418071747,0.00152255033608526,0.5831668078899384,0.021664827899076044,0.05932672806084156,0.0003,285,115,69.64444147092543,4.64909815788269,10.55670976638794,15.20580792427063,464,0.15332240087445825,0,0,TRUE,pair,139,1.8534053994808346,5.6704438162705495,36,0,7.618705035971223,1.8534053994808346,0.18738269875757396,2.4926658989861608,cpu,cuda:0,0,383.06103515625,41
494,1,DDT500_num50.txt,fixed,1063,8,132.875,3.9823830127716064,4.47874641418457,4.955436907039257e-06,-3.44,-0.308298546,0.2849999964237213,0.031224997714161873,0.25999999046325684,0.36000001430511475,0.048566144389601856,0.05298713093193678,0.00194969755382492,0.5395839695747082,0.00859084313448805,0.03320414350869564,0.0003,286,114,61.54162963704444,4.499062776565552,12.773797988891602,17.272860765457153,466,0.1498150994302705,0,0,TRUE,pair,139,1.7211257009766996,5.205079962370649,40,0,7.64748201438849,1.7211257009766996,0.16692249744664878,2.4993580036098137,cpu,cuda:0,0,414.6601563,42
495,1,DDT500_num50.txt,fixed,1038,8,129.75,4.205650806427002,4.273333549499512,5.015298029320547e-06,-3.76,-0.344213543,0.26500001549720764,0.02397916465997696,0.23999999463558197,0.30000001192092896,-0.042220005,-0.037426324,0.0018101463598820071,0.5698757767677307,0.00997428193416757,0.02810671040788293,0.0003,294,106,108.52973981879218,4.289971351623535,5.2742273807525635,9.564198732376099,478,0.144080200814642,0,0,TRUE,pair,135,1.6877290001139045,5.3641618481031506,35,0,7.688888888888889,1.6877290001139045,0.16273249976802617,2.3373953002737835,cpu,cuda:0,0,399.2607422,42
496,1,DDT500_num50.txt,fixed,1039,8,129.875,5.2781982421875,5.0337605476379395,5.256034910416929e-06,-3.88,-0.337597794,0.2574999928474426,0.029047373682260513,0.2199999988079071,0.3199999928474426,-0.003647575,0.0013039779982396535,0.0017288588070576744,0.5815982094832829,0.011142401935233335,0.040436663797923496,0.0003,297,103,50.877585153121224,5.050137996673584,15.371428728103638,20.42156672477722,464,0.22905100043863058,0,0,TRUE,pair,140,2.22345289925579,5.417709336817781,36,0,7.421428571428572,2.22345289925579,0.18848440051078796,2.528374599874951,cpu,cuda:0,0,398.0136719,43
497,1,DDT500_num50.txt,fixed,1008,8,126,8.916276931762695,4.305943012237549,6.777129328838782e-06,-3.84,-0.328395224,0.25999999046325684,0.03741657733917236,0.20000000298023224,0.30000001192092896,-0.053376663,-0.048155016,0.0021825199481099846,0.6312915086746216,0.011390039161778987,0.046552522107958794,0.0003,296,104,114.73229443398395,4.323404550552368,4.462264776229858,8.785669326782227,454,0.14762830117251724,0,0,TRUE,pair,139,1.6254748001229018,5.643849207295312,35,0,7.251798561151079,1.6254748001229018,0.16501859587151557,2.4277019016444683,cpu,cuda:0,0,392.8457031,43
498,1,DDT500_num50.txt,fixed,1032,8,129,7.697402000427246,5.132290840148926,7.918225492176134e-06,-3.64,-0.308732643,0.2724999785423279,0.024366989731788635,0.23999999463558197,0.3199999928474426,0.033327071712567255,0.038920886241472684,0.0013996925375137765,0.6293661365142236,0.013089499973620359,0.07258892173950489,0.0003,291,109,55.18740064389355,5.152735710144043,13.547184705734253,18.699920415878296,465,0.1561394998570904,0,0,TRUE,pair,139,2.350395400309935,5.62015504037687,35,0,7.424460431654676,2.350395400309935,0.19686400156933814,2.4854787993244827,cpu,cuda:0,0,393.77294921875,44
499,1,DDT500_num50.txt,fixed,1060,8,132.5,6.442049503326416,4.373403072357178,3.833278242382221e-06,-3.64,-0.31678043,0.2724999785423279,0.031523801386356354,0.2199999988079071,0.3199999928474426,0.054107481613755226,0.05986484080286963,0.0015944258442946843,0.6554574029786246,0.016120045578905513,0.06266151288790363,0.0003,291,109,92.1680448767244,4.3903419971466064,7.1103901863098145,11.500732183456421,474,0.1450504002859816,0,0,TRUE,pair,140,1.7033537005772814,5.475471698113208,35,0,7.571428571428571,1.7033537005772814,0.17087189794983715,2.4088830003747717,cpu,cuda:0,0,388.99462890625,45
500,1,DDT500_num50.txt,fixed,987,8,123.375,8.57230281829834,5.229806900024414,5.051999323768541e-06,-3.96,-0.323978512,0.2524999976158142,0.026339136064052582,0.20000000298023224,0.30000001192092896,-0.065806119,-0.060199771,0.001744056534436014,0.6478374004364014,0.011976022066341506,0.058628857446213566,0.0003,299,101,64.35170471442392,5.24726128578186,10.090327739715576,15.337589025497437,454,0.16204519977327436,0,0,TRUE,pair,132,2.4660595995374024,5.731509621744823,40,0,7.4772727272727275,2.4660595995374024,0.2281441029626876,2.4330384995555505,cpu,cuda:0,0,372.44677734375,46
501,1,DDT500_num50.txt,fixed,1023,8,127.875,5.182602882385254,4.46523904800415,5.504320142790675e-06,-3.68,-0.3115796,0.26999998092651367,0.02828427217900753,0.2199999988079071,0.3199999928474426,-0.054949313,-0.049281475,0.0015270499637923562,0.6431363958578843,0.021769242647748727,0.05982786417007446,0.0003,292,108,62.597391317388976,4.483112096786499,11.859421968460083,16.342534065246582,444,0.20330229972023517,0,0,TRUE,pair,136,1.8000340992584825,5.595307917888563,36,0,7.522058823529412,1.8000340992584825,0.16903240093961358,2.4076068020658568,cpu,cuda:0,0,385.02294921875,46
502,1,DDT500_num50.txt,fixed,1048,8,131,7.697402000427246,5.053702354431152,5.491396223078482e-06,-3.76,-0.304321944,0.26500001549720764,0.02397916465997696,0.23999999463558197,0.30000001192092896,0.034028169100305865,0.039398232474923134,0.001474771661118471,0.6107450553349086,0.013562497574769492,0.11064986738243274,0.0003,294,106,58.69729202870656,5.071238040924072,12.783077955245972,17.854315996170044,458,0.15502330055460334,0,0,TRUE,pair,143,2.188391999108717,5.587786256129505,48,0,7.328671328671328,2.188391999108717,0.1950822020880878,2.572405599988997,cpu,cuda:0,0,382.109375,46
503,1,DDT500_num50.txt,fixed,1046,8,130.75,5.952940464019775,6.246238708496094,5.692165359505452e-06,-3.6,-0.313282966,0.2750000059604645,0.019364923238754272,0.23999999463558197,0.30000001192092896,-0.019668573,-0.014237462,0.001450532387631635,0.6156376997629801,0.008367198732836792,0.06505493338530262,0.0003,290,110,57.50429481091882,6.26627254486084,11.923673152923584,18.189945697784424,468,0.16940229944884777,0,0,TRUE,pair,141,3.2478394999634475,5.855640532181778,40,0,7.418439716312057,3.2478394999634475,0.3005729008000344,2.570293298922479,cpu,cuda:0,0,383.06103515625,47
504,1,DDT500_num50.txt,fixed,1032,8,129,11.48912525177002,4.345242977142334,6.722389116475824e-06,-3.64,-0.318286431,0.2724999785423279,0.04465142637491226,0.18000000715255737,0.3400000035762787,0.015220830630924966,0.020125068724155426,0.002144611945065359,0.5976544949743483,0.012425029003578756,0.07111934158537123,0.0003,291,109,70.11294043838015,4.3624396324157715,10.356669187545776,14.719108819961548,448,0.14344770077150315,0,0,TRUE,pair,139,1.7007921996992081,5.68120155292888,42,0,7.424460431654676,1.7007921996992081,0.16356980032287538,2.3931617009220645,cpu,cuda:0,0,415.53173828125,48
505,1,DDT500_num50.txt,fixed,1067,8,133.375,9.809911727905273,5.806146621704102,6.995869171078084e-06,-3.6,-0.313127981,0.2750000059604645,0.03968627005815506,0.18000000715255737,0.3199999928474426,-0.007012842,-0.001983184,0.0016877011318380635,0.5873509380552504,0.013363903970457613,0.05264697987068859,0.0003,290,110,74.0837304362893,5.82709527015686,8.57552719116211,14.40262246131897,461,0.1592580002034083,0,0,TRUE,pair,148,2.8273403013590723,5.492970952165384,42,0,7.20945945945946,2.8273403013590723,0.2628387996228412,2.597181697608903,cpu,cuda:0,0,398.0136719,47
506,1,DDT500_num50.txt,fixed,1063,8,132.875,8.283077239990234,4.476648807525635,6.677848432445899e-06,-3.64,-0.326520217,0.27250000834465027,0.03455069288611412,0.2199999988079071,0.3400000035762787,-0.043449405,-0.037891429,0.0015426416648551822,0.6329294443130493,0.01317589610375257,0.05909909690833754,0.0003,291,109,77.08879074285471,4.493578672409058,9.29571533203125,13.789294004440308,466,0.20655419921968132,0,0,TRUE,pair,143,1.7358579996507615,5.597365946783172,39,0,7.433566433566433,1.7358579996507615,0.17007740086410195,2.4811005983501673,cpu,cuda:0,0,405.1230469,48
507,1,DDT500_num50.txt,fixed,1038,8,129.75,6.759253025054932,4.4205498695373535,5.45765078641125e-06,-3.64,-0.328716204,0.2724999785423279,0.029895655810832977,0.23999999463558197,0.3199999928474426,-0.021222914,-0.015622127,0.0016640189652597265,0.6432795907769885,0.012225949413342667,0.08004602630223547,0.0003,291,109,56.91311481033108,4.436591625213623,13.801735401153564,18.238327026367188,469,0.14700830064248294,0,0,TRUE,pair,139,1.6823105999501422,5.39595375469884,33,0,7.467625899280575,1.6823105999501422,0.17024049756582826,2.4780532992444932,cpu,cuda:0,0,414.6601563,48
508,1,DDT500_num50.txt,fixed,1063,8,132.875,4.754931449890137,4.609889507293701,5.4184524742595386e-06,-3.28,-0.311687129,0.29499998688697815,0.019364917650818825,0.2800000011920929,0.3400000035762787,-0.048357037,-0.043009587,0.0016447595262434334,0.6169828698039055,0.01606017246376723,0.07814018707722425,0.0003,282,118,80.52196327408505,4.626995086669922,8.574372053146362,13.201367139816284,455,0.2245701993815601,0,0,TRUE,pair,142,1.834657101193443,5.412982124264018,32,0,7.485915492957746,1.834657101193443,0.17026809928938746,2.511532799107954,cpu,cuda:0,0,392.8476563,49
509,1,DDT500_num50.txt,fixed,1027,8,128.375,10.221759796142578,4.572539806365967,7.96296626504045e-06,-3.6,-0.321788997,0.2750000059604645,0.027838826179504395,0.23999999463558197,0.3199999928474426,0.020699518918991088,0.02592913955450058,0.0022148211603052912,0.6337033808231354,0.013798220036551356,0.08731816560029984,0.0003,290,110,74.84988681334653,4.589908599853516,9.130887031555176,13.720795631408691,454,0.14515559887513518,0,0,TRUE,pair,141,1.9201124004321173,5.463485882368153,36,0,7.283687943262412,1.9201124004321173,0.18419350078329444,2.376697899424471,cpu,cuda:0,0,366.3466797,48
510,1,DDT500_num50.txt,fixed,1082,8,135.25,6.179603576660156,4.75960636138916,6.159787517390214e-06,-3.48,-0.299929368,0.2824999988079071,0.0233184564858675,0.23999999463558197,0.30000001192092896,-0.021710889,-0.01638147,0.001439412198184679,0.6049125969409943,0.010863395438839992,0.08330636272827784,0.0003,287,113,56.45926841291865,4.776212930679321,14.388045310974121,19.164258241653442,473,0.15018490015063435,0,0,TRUE,pair,147,2.000178800546564,5.5656192245412885,35,0,7.360544217687075,2.000178800546564,0.17733980249613523,2.4889601992908865,cpu,cuda:0,0,392.8476563,49
511,1,DDT500_num50.txt,fixed,1064,8,133,3.1622776985168457,5.001796722412109,3.848078904411523e-06,-3.2,-0.29053204,0.29999998211860657,0.014142132364213467,0.2800000011920929,0.3199999928474426,0.047206381956736244,0.052251992048695683,0.0015402634065443028,0.581573948264122,0.015222981901994595,0.07153722504153848,0.0003,280,120,65.28031620512657,5.025133848190308,11.273806810379028,16.298940658569336,461,0.1512148993788287,0,0,TRUE,pair,137,2.200688799493946,5.305451126475083,45,0,7.766423357664234,2.200688799493946,0.21243339858483523,2.486058700364083,cpu,cuda:0,0,456.7392578,49
512,1,DDT500_num50.txt,fixed,1085,8,135.625,5.2900261878967285,4.677529335021973,5.560828867601231e-06,-3.48,-0.290447739,0.2824999988079071,0.025372227653861046,0.23999999463558197,0.3199999928474426,0.019930679351091385,0.024934280663728714,0.002180064038839191,0.6093635112047195,0.0424328321532812,0.05284192506223917,0.0003,287,113,131.16144439858945,4.694857358932495,3.577390670776367,8.272248029708862,471,0.14748249703552574,0,0,TRUE,pair,142,1.9111832012422383,5.376036864162041,36,0,7.640845070422535,1.9111832012422383,0.18085990054532886,2.4913826999254525,cpu,cuda:0,0,337.3105469,49
513,1,DDT500_num50.txt,fixed,1087,8,135.875,4.85894775390625,4.584786891937256,4.6841819312248845e-06,-3.4,-0.299678822,0.2874999940395355,0.01984313875436783,0.25999999046325684,0.3199999928474426,0.016686261941989262,0.02134898751974106,0.0016096889701051017,0.5467568695545196,0.010985080928852161,0.06504095643758774,0.0003,285,115,54.94789297782366,4.601531982421875,15.180846214294434,19.78237819671631,477,0.20978589984588325,0,0,TRUE,pair,145,1.7687495993450284,5.157313706574357,36,0,7.496551724137931,1.7687495993450284,0.17039289907552302,2.5541750015690923,cpu,cuda:0,0,405.1230469,49
514,1,DDT500_num50.txt,fixed,1040,8,130,9.300538063049316,4.630472183227539,5.781343134003691e-06,-3.72,-0.294742531,0.26749998331069946,0.019843140617012978,0.23999999463558197,0.30000001192092896,-0.026127432,-0.021458034,0.0017138130049436139,0.5526302044208233,0.01309708135130887,0.06777351908385754,0.0003,293,107,54.82892843418806,4.64625358581543,14.3218355178833,18.96808910369873,457,0.1466308996314183,0,0,TRUE,pair,140,1.8915532007813454,5.656730762811807,40,0,7.428571428571429,1.8915532007813454,0.17560419836081564,2.472310300450772,cpu,cuda:0,0,370.89892578125,49
515,1,DDT500_num50.txt,fixed,1074,8,134.25,6.077622890472412,4.482983112335205,5.540347046917304e-06,-2.84,-0.25952817,0.32249999046325684,0.025372229516506195,0.2800000011920929,0.36000001430511475,-0.278317422,-0.273404539,0.00195318809710443,0.5889487862586975,0.04186930134892464,0.0555555559694767,0.0003,271,129,203.80695221166036,4.500096321105957,0.7695963382720947,5.269692659378052,465,0.14584940194617957,0,0,TRUE,pair,142,1.7276114001870155,5.643389199477112,36,0,7.563380281690141,1.7276114001870155,0.17508660024031997,2.4869351017987356,cpu,cuda:0,0,212.0117188,48
516,1,DDT500_num50.txt,fixed,1040,8,130,8.246211051940918,4.6529130935668945,1.9172322936356068e-05,-3.52,-0.285839043,0.2800000011920929,0.026457516476511955,0.23999999463558197,0.3400000035762787,-0.018244054,-0.013632545,0.001664219854865223,0.5443620264530182,0.010083645698614419,0.05093965139240027,0.0003,288,112,65.03506293314672,4.672206163406372,11.319167613983154,15.991373777389526,451,0.1529136000899598,0,0,TRUE,pair,140,1.9176124000223354,5.618269230310734,35,0,7.428571428571429,1.9176124000223354,0.17580309871118516,2.46592970052734,cpu,cuda:0,0,372.4570313,50
517,1,DDT500_num50.txt,fixed,1072,8,134,4.27200174331665,4.506864547729492,4.46040303359041e-06,-3.24,-0.269721893,0.29749998450279236,0.027271782979369164,0.25999999046325684,0.3400000035762787,-0.030069416,-0.026116401,0.0019642297769538485,0.4935127106996683,0.011786638311325358,0.06062566087796138,0.0003,281,119,58.83496596234981,4.523499965667725,13.6969575881958,18.220457553863525,456,0.14483960065990686,0,0,TRUE,pair,142,1.7101637994637713,5.580223881931447,32,0,7.549295774647887,1.7101637994637713,0.17355119960848242,2.531348702032119,cpu,cuda:0,0,343.9277344,50
518,1,DDT500_num50.txt,fixed,1090,8,136.25,6.590713024139404,4.636875629425049,6.069146365916822e-06,-3.12,-0.263815972,0.3050000071525574,0.023979157209396362,0.2800000011920929,0.3400000035762787,-0.007536252,-0.003185376,0.002056739342931126,0.5379246515887124,0.01723241150778319,0.0520043782889843,0.0003,278,122,96.71706853011081,4.655284881591797,6.61470103263855,11.269985914230347,449,0.1412612012354657,0,0,TRUE,pair,145,1.8339457007823512,5.407339448228888,32,0,7.517241379310345,1.8339457007823512,0.17269569903146476,2.5390228998148814,cpu,cuda:0,0,351.0615234,50
519,1,DDT500_num50.txt,fixed,1064,8,133,6.928203105926514,4.878271102905273,6.11579662290751e-06,-3.4,-0.301178912,0.2874999940395355,0.03733295947313309,0.20000000298023224,0.3199999928474426,0.03761984333395958,0.04251441434025764,0.0021392797003500163,0.5964220464229584,0.014290498488117009,0.07114905118942261,0.0003,285,115,70.33244201497835,4.895204544067383,10.232949256896973,15.128153800964355,464,0.15878779895137995,0,0,TRUE,pair,141,2.0625943996710703,5.5037593962554645,35,0,7.546099290780142,2.0625943996710703,0.18578449811320752,2.533143601147458,cpu,cuda:0,0,402.75732421875,50
520,1,DDT500_num50.txt,fixed,1064,8,133,9.604686737060547,4.435780048370361,6.74138800604851e-06,-3.6,-0.306156819,0.2749999761581421,0.04092676192522049,0.18000000715255737,0.3199999928474426,0.06292959196226937,0.06791558755295617,0.0020824316556432416,0.6027215165751321,0.018652936443686485,0.053869890315192084,0.0003,290,110,92.38941411795979,4.4554831981658936,7.060987710952759,11.516470909118652,468,0.1471306016901508,0,0,TRUE,pair,147,1.7228122010128573,5.418233078001137,32,0,7.238095238095238,1.7228122010128573,0.16637770051602274,2.4569242985453457,cpu,cuda:0,0,369.30126953125,51
521,1,DDT500_num50.txt,fixed,1082,8,135.25,7.378177165985107,4.9131927490234375,5.4836273193359375e-06,-3.36,-0.282309299,0.28999999165534973,0.02828427217900753,0.23999999463558197,0.3400000035762787,0.015196973830461502,0.020471368233362833,0.0019389311860625942,0.6243860642115275,0.012044292859112222,0.07391014198462169,0.0003,284,116,54.680235974950484,4.930736064910889,14.857035160064697,19.787771224975586,475,0.16156290099024773,0,0,TRUE,pair,145,2.020167901646346,5.487985212348966,35,0,7.462068965517242,2.020167901646346,0.1952873000409454,2.595789899933152,cpu,cuda:0,0,449.32568359375,51
522,1,DDT500_num50.txt,fixed,1068,8,133.5,6.91013765335083,5.651663780212402,1.932661689352244e-05,-3.6,-0.292539123,0.2749999761581421,0.025980761274695396,0.2199999988079071,0.3199999928474426,-0.025557934,-0.019604975,0.0016499063232913614,0.6777910868326823,0.007643238734453916,0.05783522541945179,0.0003,290,110,52.619270179840825,5.678655624389648,14.618091106414795,20.296746730804443,488,0.18095329822972417,0,0,TRUE,pair,140,2.601028099656105,5.720973783887727,32,0,7.628571428571429,2.601028099656105,0.21589969913475215,2.726970100426115,cpu,cuda:0,0,370.85986328125,51
523,1,DDT500_num50.txt,fixed,1034,8,129.25,4.630064964294434,5.470033645629883,5.4341658142220695e-06,-3.48,-0.289117634,0.2824999988079071,0.01854049786925316,0.25999999046325684,0.3199999928474426,-0.060546417,-0.055141798,0.0016703048488125205,0.6239773213863373,0.014674192783422768,0.09163115359842777,0.0003,287,113,61.288290619396484,5.48621392250061,11.3848717212677,16.87108564376831,460,0.163647101377137,0,0,TRUE,pair,138,2.4781904000556096,5.84912959473276,35,0,7.492753623188406,2.4781904000556096,0.24218980048317462,2.636446399614215,cpu,cuda:0,0,389.98291015625,52
524,1,DDT500_num50.txt,fixed,1063,8,132.875,3.1399641036987305,5.231871128082275,4.035547135572415e-06,-3.68,-0.282811087,0.27000001072883606,0.01732051372528076,0.23999999463558197,0.30000001192092896,-0.047501973,-0.042591972,0.0020786522363778204,0.5949309319257736,0.015422498458065093,0.049574123695492744,0.0003,292,108,122.86305332524928,5.24868369102478,3.4032256603240967,8.651909351348877,459,0.1563889990793541,0,0,TRUE,pair,138,2.272442699642852,5.59172154370054,35,0,7.702898550724638,2.272442699642852,0.20664429967291653,2.651005797670223,cpu,cuda:0,0,326.8007813,51
525,1,DDT500_num50.txt,fixed,1064,8,133,6.51920223236084,4.450747013092041,6.017412943037925e-06,-3.6,-0.301060937,0.2749999761581421,0.019364923238754272,0.23999999463558197,0.30000001192092896,0.03899652539537503,0.04409010822956379,0.0018119116116744967,0.599953082891611,0.012126901419833302,0.05285198871905987,0.0003,290,110,61.23387935335114,4.46744441986084,12.908557415008545,17.376001834869385,455,0.14441909978631884,0,0,TRUE,pair,143,1.7027580998837948,5.6531954887218046,40,0,7.440559440559441,1.7027580998837948,0.17081900080665946,2.484265702078119,cpu,cuda:0,0,366.3828125,51
526,1,DDT500_num50.txt,fixed,1104,8,138,3.7416574954986572,4.563107490539551,4.76837158203125e-06,-3.08,-0.279197857,0.3075000047683716,0.01984313316643238,0.2800000011920929,0.3400000035762787,-0.031671916,-0.026715024,0.0014275510756609341,0.5670668045679729,0.01114816676514844,0.06501223382850488,0.0003,277,123,53.544462409858085,4.58003044128418,16.03834819793701,20.61837863922119,478,0.14478679839521646,0,0,TRUE,pair,142,1.7518642998766154,5.2980072463768115,28,0,7.774647887323944,1.7518642998766154,0.1724892994388938,2.5460884992498904,cpu,cuda:0,0,464.55712890625,51
527,1,DDT500_num50.txt,fixed,1050,8,131.25,4.054318904876709,4.358585357666016,4.2649612623790745e-06,-3.6,-0.294967216,0.2749999761581421,0.02397916093468666,0.23999999463558197,0.3199999928474426,-0.020988533,-0.015186232,0.0014972732868045568,0.6550938129425049,0.010462366652791388,0.03486454510129988,0.0003,290,110,68.83735234753183,4.3751795291900635,10.878167152404785,15.253346681594849,469,0.145268899272196,0,0,TRUE,pair,138,1.6785478998208418,5.701904764175415,52,0,7.608695652173913,1.6785478998208418,0.1687945977319032,2.4218363037798554,cpu,cuda:0,0,327.4316406,52
528,1,DDT500_num50.txt,fixed,1068,8,133.5,3.7416574954986572,5.641689777374268,5.168791631149361e-06,-3.52,-0.307471836,0.2800000011920929,0.024494901299476624,0.23999999463558197,0.3199999928474426,0.028966893209144473,0.034382704412564635,0.0019466676967567764,0.6389149278402328,0.011888032931892667,0.04889670043485239,0.0003,288,112,78.27473296305972,5.665646553039551,7.97860312461853,13.644249677658081,470,0.1726178004173562,0,0,TRUE,pair,139,2.595119900186546,5.428838951310861,36,0,7.683453237410072,2.595119900186546,0.2562539029167965,2.6718465997837484,cpu,cuda:0,0,390.8623047,52
529,1,DDT500_num50.txt,fixed,1033,8,129.125,6.918046951293945,4.386134624481201,6.253660558286356e-06,-3.68,-0.323645961,0.26999998092651367,0.014142138883471489,0.23999999463558197,0.2800000011920929,0.07712455938703247,0.08258533158472606,0.002214297519198486,0.6567924703870501,0.014342389244120568,0.04774776007980108,0.0003,292,108,88.42021919488573,4.4023284912109375,7.280519723892212,11.68284821510315,463,0.20291860133875161,0,0,TRUE,pair,140,1.6954052003566176,5.854791866498211,65,0,7.378571428571429,1.6954052003566176,0.16730199707672,2.4349018991924822,cpu,cuda:0,0,323.2109375,49
530,1,DDT500_num50.txt,fixed,1068,8,133.5,9.949873924255371,5.6891326904296875,7.321430530282669e-06,-3.56,-0.308331009,0.2775000035762787,0.04293891042470932,0.18000000715255737,0.3400000035762787,-0.016599624,-0.011732016,0.0022089724894613027,0.59720938205719,0.014458415517583489,0.04965454563498497,0.0003,289,111,102.04295806889472,5.705533981323242,4.760646343231201,10.466180324554443,480,0.16031930036842823,0,0,TRUE,pair,144,2.7529824016382918,5.335205993402317,40,0,7.416666666666667,2.7529824016382918,0.25618309841956943,2.5639809007989243,cpu,cuda:0,0,388.99462890625,46
531,1,DDT500_num50.txt,fixed,1069,8,133.625,4.846067905426025,4.461696147918701,5.174287252884824e-06,-3.48,-0.312894298,0.2824999988079071,0.023318450897932053,0.23999999463558197,0.3199999928474426,-0.023116107,-0.018038772,0.0016279853215175016,0.5891327432223729,0.016363921142848476,0.0738721170595714,0.0003,287,113,90.17006651919036,4.484264612197876,7.371110916137695,11.855375528335571,483,0.1494572008959949,0,0,TRUE,pair,140,1.7161552996840328,5.4153414423829265,42,0,7.635714285714286,1.7161552996840328,0.17110250098630786,2.482283898512833,cpu,cuda:0,0,353.9511719,45
532,1,DDT500_num50.txt,fixed,1065,8,133.125,4.484347820281982,5.3142619132995605,5.228927875577938e-06,-3.64,-0.306991699,0.2724999785423279,0.024366991594433784,0.2199999988079071,0.30000001192092896,-0.108813345,-0.103929987,0.0017532591397563617,0.5759985943635305,0.030970243737101555,0.03754835265378157,0.0003,291,109,142.9188898157087,5.334282636642456,2.1174964904785156,7.451779127120972,472,0.16110350051894784,0,0,TRUE,pair,140,2.356739699956961,5.171830984572289,40,0,7.607142857142857,2.356739699956961,0.21696400013752282,2.6359361991053447,cpu,cuda:0,0,326.8007813,44
533,1,DDT500_num50.txt,fixed,1054,8,131.75,4.293890953063965,4.339040279388428,4.399452791403746e-06,-3.56,-0.287955918,0.2774999737739563,0.011989585123956203,0.25999999046325684,0.30000001192092896,-0.055870237,-0.051417133,0.0016426286383648403,0.5274423621594906,0.017961501362151466,0.08319368935190141,0.0003,289,111,83.60740240811755,4.3554956912994385,8.251043558120728,12.606539249420166,472,0.14235840097535402,0,0,TRUE,pair,139,1.693291799747385,5.22296014954062,32,0,7.58273381294964,1.693291799747385,0.16864640009589493,2.3881675008451566,cpu,cuda:0,0,366.8144531,43
534,1,DDT500_num50.txt,fixed,1071,8,133.875,4.106017112731934,5.088244915008545,5.373681688070064e-06,-3.28,-0.27554176,0.29499998688697815,0.016583122313022614,0.2800000011920929,0.3199999928474426,-0.059665766,-0.055344597,0.0020141172863077372,0.5328208953142166,0.015490431454963982,0.0595661005936563,0.0003,282,118,127.39778281723343,5.105380058288574,3.3013596534729004,8.406739711761475,464,0.1564252998214215,0,0,TRUE,pair,141,2.1329726988915354,5.2418300675856075,45,0,7.595744680851064,2.1329726988915354,0.20638939971104264,2.6452342985430732,cpu,cuda:0,0,324.47509765625,42
535,1,DDT500_num50.txt,fixed,1079,8,134.875,4.539754867553711,4.553610801696777,5.218045316723874e-06,-3.4,-0.273939083,0.2874999940395355,0.017139138653874397,0.25999999046325684,0.3199999928474426,0.03834962248802185,0.04256525039672852,0.002470307261683047,0.5450788199901581,0.020732695690821857,0.05173967629671097,0.0003,285,115,113.02059636932411,4.570051670074463,4.976880788803101,9.546932458877563,476,0.1445817998610437,0,0,TRUE,pair,141,1.7407080994453281,5.1519925850646375,36,0,7.652482269503546,1.7407080994453281,0.17093380156438798,2.5504671977832913,cpu,cuda:0,0,403.875,42
536,1,DDT500_num50.txt,fixed,1061,8,132.625,2.912795066833496,5.476912498474121,4.228150373819517e-06,-3.4,-0.25354501,0.2874999940395355,0.01984313875436783,0.25999999046325684,0.3199999928474426,0.010887896908181054,0.015931037470831404,0.002785888700080769,0.643608067716871,0.019502821877332672,0.04836644019399371,0.0003,285,115,76.92424048195403,5.493884563446045,8.298906803131104,13.792791366577148,465,0.1704946008976549,0,0,TRUE,pair,137,2.5085479001281783,5.255419412949083,36,0,7.744525547445256,2.5085479001281783,0.21466749999672174,2.6462155014742166,cpu,cuda:0,0,408.61083984375,41
537,1,DDT500_num50.txt,fixed,1065,8,133.125,5.03580904006958,4.475716590881348,5.0011103667202406e-06,-3.64,-0.300035576,0.27250000834465027,0.024366991594433784,0.2199999988079071,0.30000001192092896,-0.003834909,0.0008813088138898213,0.002157114341389388,0.5794778088728587,0.00979049961703519,0.06842574402689934,0.0003,291,109,51.58017534886937,4.492284536361694,16.15518307685852,20.647467613220215,472,0.14998040068894625,0,0,TRUE,pair,140,1.7180378988850862,5.3699530482851845,40,0,7.607142857142857,1.7180378988850862,0.16987239627633244,2.4969256976619363,cpu,cuda:0,0,398.0136719,41
538,1,DDT500_num50.txt,fixed,1061,8,132.625,4.151430606842041,4.451972007751465,5.215321380092064e-06,-3.88,-0.310059624,0.2574999928474426,0.01854049600660801,0.2199999988079071,0.2800000011920929,-0.014037091,-0.008784432,0.0018971737590618432,0.6201246902346611,0.014547285947628552,0.050990827614441514,0.0003,297,103,94.1983787018396,4.474338054656982,6.789125442504883,11.263463497161865,470,0.14864299935288727,0,0,TRUE,pair,138,1.72366849926766,5.3195098958748,32,0,7.688405797101449,1.72366849926766,0.17063709907233715,2.4670153030892834,cpu,cuda:0,0,466.5048828,40
539,1,DDT500_num50.txt,fixed,1074,8,134.25,5.889609336853027,5.819151401519775,8.678567610331811e-06,-3.76,-0.31522028,0.26499998569488525,0.02397916465997696,0.23999999463558197,0.30000001192092896,0.05688710200289885,0.0622202567756176,0.0018793768540490419,0.6272849142551422,0.008625929593108594,0.035544913883010544,0.0003,294,106,84.93036927009071,5.836640119552612,6.80901312828064,12.645653247833252,483,0.18422810069750994,0,0,TRUE,pair,146,2.579703199560754,5.247672251260925,32,0,7.3561643835616435,2.579703199560754,0.2722974009811878,2.8399640014395118,cpu,cuda:0,0,450.6464844,40
540,1,DDT500_num50.txt,fixed,1045,8,130.625,9.393315315246582,5.411505699157715,6.180515811138321e-06,-3.88,-0.313502564,0.2574999928474426,0.04293891042470932,0.18000000715255737,0.30000001192092896,0.010961013147607446,0.016067000338807702,0.0031158406054601073,0.666391097009182,0.02032276982208714,0.027562584611587226,0.0003,297,103,81.5817401242404,5.4302709102630615,7.378968000411987,12.809238910675049,469,0.16686289967037737,0,0,TRUE,pair,142,2.2892185007221997,5.340669853265205,35,0,7.359154929577465,2.2892185007221997,0.2474914985941723,2.758083699620329,cpu,cuda:0,0,392.8476563,39
541,1,DDT500_num50.txt,fixed,1077,8,134.625,3.038811445236206,4.486326217651367,4.687214641307946e-06,-3.44,-0.334019882,0.2849999964237213,0.019364919513463974,0.25999999046325684,0.3199999928474426,-0.042045424,-0.037378099,0.0020808942869982934,0.5707773728804155,0.013215413602831011,0.06910721508955414,0.0003,286,114,60.79887433534328,4.503715753555298,13.21042799949646,17.714143753051758,471,0.15286760055460036,0,0,TRUE,pair,138,1.7500769996549934,5.399257192815357,40,0,7.804347826086956,1.7500769996549934,0.16951080271974206,2.474161001155153,cpu,cuda:0,0,406.24365234375,40
542,1,DDT500_num50.txt,fixed,1065,8,133.125,5.9673590660095215,5.6464104652404785,5.2343602874316275e-06,-3.6,-0.339058881,0.2749999761581421,0.031224993988871574,0.23999999463558197,0.3400000035762787,-0.01807579,-0.013593343,0.0022585834085475653,0.5611740425229073,0.010149535002710763,0.027110491297207773,0.0003,290,110,82.79710756332302,5.664616823196411,7.198151350021362,12.862768173217773,473,0.17138070077635348,0,0,TRUE,pair,143,2.569215399445966,5.568075115803822,52,0,7.4475524475524475,2.569215399445966,0.2530640992335975,2.7054094007471576,cpu,cuda:0,0,372.44873046875,39
543,1,DDT500_num50.txt,fixed,1062,8,132.75,4.293890953063965,4.411146640777588,5.07445247421856e-06,-3.56,-0.324659051,0.2775000035762787,0.033819377422332764,0.23999999463558197,0.3199999928474426,0.06538224965333939,0.06984895095229149,0.001850391796324402,0.5391897410154343,0.01002361933933571,0.017017110250890255,0.0003,289,111,124.27126386140387,4.428737163543701,4.11708402633667,8.545821189880371,463,0.2017658994300291,0,0,TRUE,pair,140,1.6743624998489395,5.290018833738712,35,0,7.585714285714285,1.6743624998489395,0.16893880115821958,2.47908610093873,cpu,cuda:0,0,401.6376953,39
544,1,DDT500_num50.txt,fixed,1073,8,134.125,4.9607834815979,4.481691837310791,5.113508905196795e-06,-3.52,-0.305660231,0.2800000011920929,0.01000000536441803,0.25999999046325684,0.30000001192092896,-0.00366728,0.0014979524227480094,0.0018774730948886524,0.6103970482945442,0.010844168997815965,0.036259715600560107,0.0003,288,112,64.94818731594147,4.500166177749634,12.020695209503174,16.520861387252808,467,0.14985750115010887,0,0,TRUE,pair,143,1.7307227005949244,5.385834110860833,32,0,7.503496503496503,1.7307227005949244,0.16924699838273227,2.4903066008118913,cpu,cuda:0,0,407.3632813,39
545,1,DDT500_num50.txt,fixed,1030,8,128.75,6.475916862487793,4.314002990722656,6.201174983289093e-06,-3.68,-0.317899131,0.27000001072883606,0.04000000283122063,0.18000000715255737,0.30000001192092896,-0.111766679,-0.106755777,0.002674379386007786,0.6348089377085367,0.011631746045572476,0.034527082099682756,0.0003,292,108,84.9370247740494,4.330493450164795,7.796138048171997,12.126631498336792,450,0.1424422999843955,0,0,TRUE,pair,136,1.6665142001584172,5.651456305355701,32,0,7.573529411764706,1.6665142001584172,0.16713490057736635,2.3918539993464947,cpu,cuda:0,0,417.3974609,38
546,1,DDT500_num50.txt,fixed,1033,8,129.125,5.688529968261719,5.955132961273193,5.667144705512328e-06,-3.88,-0.306426016,0.2574999928474426,0.03230712190270424,0.2199999988079071,0.3199999928474426,-0.097567443,-0.092629739,0.0025575312966894773,0.6216470466719733,0.011848894575248577,0.06701871871741281,0.0003,297,103,68.25337034327283,5.973516225814819,9.161267518997192,15.134783744812012,467,0.16978719946928322,0,0,TRUE,pair,139,2.8676057008560747,5.511132616964453,36,0,7.431654676258993,2.8676057008560747,0.31035189831163734,2.64634650060907,cpu,cuda:0,0,419.26513671875,40
547,1,DDT500_num50.txt,fixed,1024,8,128,9.669539451599121,4.3678178787231445,6.337182185234269e-06,-3.96,-0.280384716,0.2524999976158142,0.039921801537275314,0.18000000715255737,0.30000001192092896,-0.027295941,-0.022449831,0.0024038374889642,0.604802417755127,0.012928845430724322,0.05206235656514764,0.0003,299,101,72.37875187680628,4.383967399597168,9.76383113861084,14.147798538208008,462,0.14348929992411286,0,0,TRUE,pair,141,1.6750027005327865,5.394531251164153,32,0,7.26241134751773,1.6750027005327865,0.16520629927981645,2.4408123027533293,cpu,cuda:0,0,400.37841796875,41
548,1,DDT500_num50.txt,fixed,1080,8,135,5.385164737701416,5.26654052734375,4.839368557441048e-06,-3.32,-0.260752728,0.29249998927116394,0.024366987869143486,0.25999999046325684,0.3400000035762787,0.06552651551152978,0.06988757037158523,0.0021028558091659632,0.5412484535149166,0.00815961611390646,0.036108208154993396,0.0003,283,117,87.75619142114404,5.28452467918396,7.022299289703369,12.306823968887329,460,0.16855749988462776,0,0,TRUE,pair,141,2.1942379999672994,5.448148144616021,36,0,7.659574468085107,2.1942379999672994,0.20911740115843713,2.755978599190712,cpu,cuda:0,0,350.8613281,41
549,1,DDT500_num50.txt,fixed,1077,8,134.625,3.8058342933654785,4.589592456817627,4.56121597380843e-06,-3.52,-0.280982329,0.2799999713897705,0.01732051745057106,0.25999999046325684,0.30000001192092896,0.06206479122241338,0.06627889300386111,0.0020075882707412044,0.5217891176541646,0.007315330746738861,0.0550438287978371,0.0003,288,112,53.442632669101066,4.60782265663147,15.544627666473389,20.15245032310486,481,0.15720889915246516,0,0,TRUE,pair,139,1.7996882002335042,5.215413184329771,30,0,7.748201438848921,1.7996882002335042,0.17068890039809048,2.5253080019028857,cpu,cuda:0,0,440.58154296875,42
550,1,DDT500_num50.txt,fixed,1076,8,134.5,3.535533905029297,4.500503063201904,4.520532002061373e-06,-3.4,-0.316118741,0.2874999940395355,0.028173573315143585,0.23999999463558197,0.3400000035762787,-0.001040082,0.003183678620391422,0.0019183837705188328,0.5182950927151574,0.00921693868521187,0.04790013345579306,0.0003,285,115,74.94341021418582,4.517157316207886,9.84034252166748,14.357499837875366,474,0.15094620152376592,0,0,TRUE,pair,139,1.7795716002583504,5.18494423570243,45,0,7.741007194244604,1.7795716002583504,0.1712316006887704,2.458070801687427,cpu,cuda:0,0,400.38037109375,42
551,1,DDT500_num50.txt,fixed,1064,8,133,9.027734756469727,4.51792573928833,6.989772373344749e-06,-3.52,-0.297605588,0.2800000011920929,0.026457516476511955,0.23999999463558197,0.3199999928474426,-0.115662717,-0.111143877,0.0017523327260278165,0.5395012050867081,0.03523676926852204,0.027330230455845594,0.0003,288,112,121.58499906061046,4.534635782241821,4.216443777084351,8.751079559326172,466,0.20497619814705104,0,0,TRUE,pair,140,1.721931599196978,5.257518792286851,32,0,7.6,1.721931599196978,0.1695490989368409,2.53533159813378,cpu,cuda:0,0,424.17041015625,43
552,1,DDT500_num50.txt,fixed,1084,8,135.5,6.946221828460693,5.195978164672852,5.4341658142220695e-06,-3.28,-0.292311282,0.29499998688697815,0.02397915907204151,0.25999999046325684,0.3199999928474426,-0.104576622,-0.100283833,0.001755300589138642,0.5170449316501617,0.021182180964387953,0.017000861349515617,0.0003,282,118,105.88599822156492,5.21384334564209,5.0235819816589355,10.237425327301025,478,0.23088430054485798,0,0,TRUE,pair,145,2.217774100252427,5.317343177170771,55,0,7.475862068965517,2.217774100252427,0.19697809754870832,2.6812266011256725,cpu,cuda:0,0,391.7958984,43
553,1,DDT500_num50.txt,fixed,1104,8,138,5.5677642822265625,4.6121745109558105,4.868645191891119e-06,-3.4,-0.293247302,0.2875000238418579,0.037332966923713684,0.23999999463558197,0.36000001430511475,-0.043918748,-0.03955582,0.001375742423988413,0.505080584436655,0.016470920705614844,0.03715538015239872,0.0003,285,115,86.2209190585068,4.629291534423828,8.175025701522827,12.804317235946655,481,0.15101219899952412,0,0,TRUE,pair,145,1.7817378002218902,5.298007242705511,40,0,7.613793103448276,1.7817378002218902,0.17624790081754327,2.559944700100459,cpu,cuda:0,0,428.27783203125,44
554,1,DDT500_num50.txt,fixed,1060,8,132.5,11.800423622131348,5.762393951416016,6.709693479933776e-06,-3.24,-0.276461079,0.29749998450279236,0.03799671679735184,0.23999999463558197,0.36000001430511475,-0.021499304,-0.017634006,0.0014038519667727606,0.4567214122840336,0.017120092940915908,0.06860264816454478,0.0003,281,119,76.18502198657404,5.779356002807617,8.134140014648438,13.913496017456055,458,0.17552319972310215,0,0,TRUE,pair,143,2.6340385999064893,5.692452831763141,36,0,7.4125874125874125,2.6340385999064893,0.25274770124815404,2.760087199625559,cpu,cuda:0,0,399.2607422,45
555,1,DDT500_num50.txt,fixed,1088,8,136,5.361902713775635,5.81056547164917,5.550597506953636e-06,-3.08,-0.274291354,0.3074999749660492,0.028173573315143585,0.25999999046325684,0.36000001430511475,-0.058288587,-0.05467352,0.0012870274303067061,0.425858285692003,0.011469862191006541,0.03865683409902784,0.0003,277,123,77.25182792452647,5.8264265060424805,8.25738263130188,14.08380913734436,486,0.24128350033424795,0,0,TRUE,pair,145,2.54405389924068,5.441176469711697,32,0,7.503448275862069,2.54405389924068,0.2855498003773391,2.8516174003016204,cpu,cuda:0,0,384.0439453,44
556,1,DDT500_num50.txt,fixed,1062,8,132.75,5.285593509674072,4.840763568878174,3.101824768236838e-05,-3.28,-0.267327425,0.29499998688697815,0.031224995851516724,0.25999999046325684,0.36000001430511475,-0.026917441,-0.023925113,0.0014606936369091273,0.3722669243812561,0.014860805086209438,0.021607247367501258,0.0003,282,118,98.90489438082375,4.865589141845703,5.8719987869262695,10.737587928771973,449,0.14734930114354938,0,0,TRUE,pair,139,1.9737503001233563,5.674199628066657,36,0,7.640287769784172,1.9737503001233563,0.19569629861507565,2.5704010003246367,cpu,cuda:0,0,417.3974609,45
557,1,DDT500_num50.txt,fixed,1034,8,129.25,6.319612503051758,4.307722568511963,5.924593551753787e-06,-3.4,-0.276470516,0.2874999940395355,0.03152380511164665,0.23999999463558197,0.3400000035762787,-0.016977103,-0.01386861,0.0014595829125028104,0.38382935027281445,0.007173065160410867,0.025714965149139363,0.0003,285,115,64.67856624772374,4.324356555938721,11.662392377853394,15.986748933792114,457,0.1414227004861459,0,0,TRUE,pair,139,1.6937214998761192,5.803675050661688,60,0,7.438848920863309,1.6937214998761192,0.17154729878529906,2.3536976027535275,cpu,cuda:0,0,399.2607422,46
558,1,DDT500_num50.txt,fixed,1041,8,130.125,6.565773010253906,5.596874237060547,2.018548002524767e-05,-3.2,-0.273699569,0.30000001192092896,0.024494897574186325,0.25999999046325684,0.3400000035762787,-0.053198605,-0.050090401,0.002063877265235143,0.4140127854687827,0.016474971422992115,0.03125910746998021,0.0003,280,120,72.34329635653445,5.618595600128174,8.771127462387085,14.389723062515259,447,0.16804850031621754,0,0,TRUE,pair,140,2.5796252998989075,5.878962536252083,42,0,7.435714285714286,2.5796252998989075,0.22616029798518866,2.6777456001145765,cpu,cuda:0,0,417.3974609,47
559,1,DDT500_num50.txt,fixed,1080,8,135,7,4.699878692626953,5.616769158223178e-06,-3.56,-0.268206653,0.2775000035762787,0.030720515176653862,0.23999999463558197,0.3199999928474426,-0.081402531,-0.078145917,0.0015815930008622153,0.40474027395248413,0.009779772854277067,0.026204371891383613,0.0003,289,111,93.94152908334262,4.717620134353638,6.778892755508423,11.49651288986206,484,0.15043119888287038,0,0,TRUE,pair,141,1.8930911992210895,5.523148146382084,55,0,7.659574468085107,1.8930911992210895,0.19051009777467698,2.5202375007793307,cpu,cuda:0,0,400.38037109375,46
560,1,DDT500_num50.txt,fixed,1082,8,135.25,4.710361003875732,5.224637031555176,1.9585182599257678e-05,-3.28,-0.259849603,0.29499998688697815,0.019364917650818825,0.25999999046325684,0.3199999928474426,0.03620781935751438,0.040248239412903786,0.0015457812696695328,0.48133132979273796,0.011998846937785856,0.0423400275176391,0.0003,282,118,72.42915002669349,5.255935430526733,9.682801246643066,14.9387366771698,464,0.16680509911384434,0,0,TRUE,pair,141,2.1724585994379595,5.5388170079691355,39,0,7.673758865248227,2.1724585994379595,0.19859530101530254,2.749023498268798,cpu,cuda:0,0,424.97705078125,47
561,1,DDT500_num50.txt,fixed,1072,8,134,7.158910751342773,4.616478443145752,5.465456524689216e-06,-3.36,-0.272056603,0.28999999165534973,0.02828427217900753,0.23999999463558197,0.3199999928474426,-0.006096528,-0.002082178,0.0016802327202943463,0.4854464530944824,0.01257556807831861,0.025341854508345325,0.0003,284,116,106.66314992274188,4.634960651397705,5.41537070274353,10.050331354141235,466,0.14699070109054446,0,0,TRUE,pair,144,1.8500726000638679,5.494402982405762,40,0,7.444444444444445,1.8500726000638679,0.1803082999540493,2.492119901580736,cpu,cuda:0,0,431.7861328,47
562,1,DDT500_num50.txt,fixed,1038,8,129.75,5.402545928955078,4.4149603843688965,5.550597506953636e-06,-3.48,-0.278433715,0.2824999690055847,0.027271781116724014,0.23999999463558197,0.3199999928474426,-0.002132081,0.0016134990887208419,0.0019404650348323312,0.47158082777803595,0.015192611288512126,0.04683621333573352,0.0003,287,113,62.48080955223045,4.43170952796936,12.181391477584839,16.6131010055542,458,0.14764010009821504,0,0,TRUE,pair,136,1.6631209993502125,5.73410404991782,40,0,7.632352941176471,1.6631209993502125,0.17048909957520664,2.4909072022419423,cpu,cuda:0,0,367.3193359,47
563,1,DDT500_num50.txt,fixed,1077,8,134.625,5.633327007293701,4.452518939971924,5.07445247421856e-06,-3.32,-0.273617497,0.29249998927116394,0.022220488637685776,0.25999999046325684,0.3199999928474426,0.09677469233671825,0.10271067793170612,0.0014755563364208986,0.6673761109511057,0.021071194836016122,0.0721191200427711,0.0003,283,117,100.68593490993295,4.470823287963867,6.225804805755615,10.696628093719482,482,0.14498759852722287,0,0,TRUE,pair,143,1.7401866998989135,5.383472610870333,39,0,7.531468531468532,1.7401866998989135,0.17118680116254836,2.4510577019536868,cpu,cuda:0,0,436.39501953125,47
564,1,DDT500_num50.txt,fixed,1084,8,135.5,8.916276931762695,5.741127014160156,1.2896660336991772e-05,-3.52,-0.286857511,0.2800000011920929,0.02828427404165268,0.2199999988079071,0.3199999928474426,-3.15E-05,0.00657525472342968,0.0016350472142221406,0.7424280010163784,0.012431370887497906,0.07043482380686328,0.0003,288,112,74.73973587428816,5.763238191604614,8.74042558670044,14.503663778305054,476,0.17110519902780652,0,0,TRUE,pair,144,2.6564424009993672,5.3274907718285425,40,0,7.527777777777778,2.6564424009993672,0.24766009929589927,2.7216946977423504,cpu,cuda:0,0,428.2773438,49
565,1,DDT500_num50.txt,fixed,1075,8,134.375,7.279036521911621,5.948546409606934,6.368498816300416e-06,-3.56,-0.27966199,0.2775000035762787,0.025372231379151344,0.23999999463558197,0.3199999928474426,-0.027375756,-0.021159134,0.0013465256152602916,0.6889886237107791,0.01586611124758537,0.0817489569576887,0.0003,289,111,57.3867620001079,5.965804576873779,12.766738653182983,18.732543230056763,469,0.1795869986526668,0,0,TRUE,pair,146,2.820623698993586,5.333023256035738,40,0,7.363013698630137,2.820623698993586,0.2565190978348255,2.748466199147515,cpu,cuda:0,0,436.9082031,48
566,1,DDT500_num50.txt,fixed,1052,8,131.5,6.480740547180176,4.3971757888793945,5.664636773872189e-06,-3.36,-0.272323222,0.28999999165534973,0.024494897574186325,0.23999999463558197,0.3199999928474426,-0.027535336,-0.02116034,0.0012881651055067778,0.7019075155258179,0.018535930692451075,0.06889458058867604,0.0003,284,116,82.37227336711267,4.4167399406433105,8.35454773902893,12.771287679672241,454,0.1446839990094304,0,0,TRUE,pair,141,1.7076548003824428,5.613117870722434,35,0,7.460992907801418,1.7076548003824428,0.17207159893587232,2.427273499313742,cpu,cuda:0,0,453.03369140625,49
567,1,DDT500_num50.txt,fixed,1060,8,132.5,6.304759979248047,5.646629810333252,6.09018297836883e-06,-3.36,-0.270285321,0.28999999165534973,0.019999999552965164,0.25999999046325684,0.3199999928474426,0.03875952613140855,0.04391985812357494,0.0021687215277259903,0.6244693717786244,0.01031950646678784,0.06363998553050416,0.0003,284,116,47.83885327121274,5.663778305053711,16.493943452835083,22.157721757888794,466,0.17156990128569305,0,0,TRUE,pair,142,2.5745529000414535,5.438679245732866,52,0,7.464788732394366,2.5745529000414535,0.2263220021268353,2.734847399056889,cpu,cuda:0,0,371.25439453125,50
568,1,DDT500_num50.txt,fixed,1100,8,137.5,3.4278273582458496,5.66956090927124,3.877510152960895e-06,-3.28,-0.292320457,0.29499998688697815,0.02179449424147606,0.25999999046325684,0.3199999928474426,0.04659290911097612,0.05215511643993003,0.0017600514111109078,0.6442235665661948,0.013823331358642983,0.07302924608146506,0.0003,282,118,56.447422200385276,5.687775135040283,13.799385786056519,19.4871609210968,468,0.170010800473392,0,0,TRUE,pair,143,2.482953100814484,5.3509090939435096,30,0,7.6923076923076925,2.482953100814484,0.24417960073333234,2.8209514984628186,cpu,cuda:0,0,368.4023438,50
569,1,DDT500_num50.txt,fixed,1061,8,132.625,8.380595207214355,5.682180404663086,5.7862571338773705e-06,-3.48,-0.298458778,0.2824999988079071,0.04054318740963936,0.20000000298023224,0.3400000035762787,-0.037869221,-0.032311671,0.002348878013435751,0.673198863863945,0.012555858760606498,0.06024249661713839,0.0003,287,113,59.8289970487999,5.699377536773682,12.03449821472168,17.73387575149536,463,0.1651566004147753,0,0,TRUE,pair,145,2.742709199199453,5.321394914731341,28,0,7.317241379310345,2.742709199199453,0.22980750165879726,2.602475399733521,cpu,cuda:0,0,371.25439453125,51
570,1,DDT500_num50.txt,fixed,1075,8,134.375,5.45292329788208,4.513711452484131,5.499154212884605e-06,-3.44,-0.317459946,0.2849999666213989,0.03278719633817673,0.2199999988079071,0.3199999928474426,0.016610935951272648,0.022922519594430923,0.0018109820084646344,0.7217077910900116,0.007467460643965751,0.036239706445485353,0.0003,286,114,103.20876083887553,4.5318522453308105,5.883930206298828,10.415782451629639,478,0.14633499889168888,0,0,TRUE,pair,142,1.7257169999647886,5.354418605760086,42,0,7.570422535211268,1.7257169999647886,0.1684691981645301,2.5297895970288664,cpu,cuda:0,0,368.40185546875,50
571,1,DDT500_num50.txt,fixed,1067,8,133.375,5.121950149536133,4.968527317047119,4.955436907039257e-06,-3.32,-0.310499478,0.29249995946884155,0.029895655810832977,0.25999999046325684,0.3400000035762787,-0.033467755,-0.028126801,0.0018046163604594767,0.6243258267641068,0.01649950044520665,0.044280612375587225,0.0003,283,117,102.66545440689484,4.9870545864105225,5.405925273895264,10.392979860305786,458,0.16308430035132915,0,0,TRUE,pair,140,2.100128300138749,5.590440482878752,36,0,7.621428571428571,2.100128300138749,0.19624420010950416,2.570775599568151,cpu,cuda:0,0,389.98291015625,51
572,1,DDT500_num50.txt,fixed,1093,8,136.625,5.611093997955322,6.542877197265625,2.814753315760754e-05,-3.12,-0.287951335,0.304999977350235,0.023979157209396362,0.25999999046325684,0.3400000035762787,-0.013467673,-0.008278153,0.0014911030238080355,0.5935072269704607,0.013760585085644076,0.05474521302514606,0.0003,278,122,70.41086209602628,6.560792922973633,8.962380170822144,15.523173093795776,460,0.18211329891346395,0,0,TRUE,pair,143,3.1844027006300166,5.301921317038575,36,0,7.643356643356643,3.1844027006300166,0.30665629904251546,2.9119405987439677,cpu,cuda:0,0,351.9482422,51
573,1,DDT500_num50.txt,fixed,1076,8,134.5,7.5828752517700195,4.525298118591309,7.054531579342438e-06,-3.16,-0.283490958,0.3024999797344208,0.04054318740963936,0.25999999046325684,0.3799999952316284,-0.014408234,-0.009649769,0.001725483438349329,0.5621206425130367,0.01432170319458237,0.026425014715641737,0.0003,279,121,80.7593915894812,4.542057275772095,8.781470537185669,13.323527812957764,448,0.14430130110122263,0,0,TRUE,pair,147,1.7597025004215539,5.5827137533173685,45,0,7.319727891156463,1.7597025004215539,0.16966739972122014,2.503656498156488,cpu,cuda:0,0,402.75732421875,51
574,1,DDT500_num50.txt,fixed,1100,8,137.5,3.9370038509368896,6.348534107208252,5.023791345593054e-06,-3.16,-0.302424004,0.3024999797344208,0.01854049600660801,0.2800000011920929,0.3400000035762787,0.03443842778603236,0.03962948719660441,0.001269409693001459,0.5825769225756328,0.011378476318592826,0.06551199456055959,0.0003,279,121,52.715605240721835,6.36592435836792,14.500761985778809,20.86668634414673,481,0.18207040091510862,0,0,TRUE,pair,142,2.9298510000808164,5.3536363636363635,36,0,7.746478873239437,2.9298510000808164,0.32233719911891967,2.95535489928443,cpu,cuda:0,0,423.23681640625,51
575,1,DDT500_num50.txt,fixed,1091,8,136.375,4.7942023277282715,5.694303035736084,1.32542290884885e-05,-3.36,-0.321789273,0.28999999165534973,0.026457514613866806,0.23999999463558197,0.3199999928474426,4.277750849723816e-05,0.005151999700400565,0.001808441062975261,0.6013446549574534,0.010792507233822511,0.03406174315346612,0.0003,284,116,68.94273207916127,5.721848249435425,10.102880001068115,15.82472825050354,467,0.16987900051753968,0,0,TRUE,pair,143,2.618874199455604,5.310724105887409,36,0,7.629370629370629,2.618874199455604,0.2454138977918774,2.7093869985546917,cpu,cuda:0,0,372.4492188,51
576,1,DDT500_num50.txt,fixed,1069,8,133.625,4.498263359069824,4.5510149002075195,4.241573151375633e-06,-3.6,-0.324894222,0.2749999761581421,0.03278719261288643,0.20000000298023224,0.3199999928474426,-0.003921613,0.0014782390660709804,0.0017914954094319707,0.6295598016844856,0.019318485425578222,0.04194663961728414,0.0003,290,110,71.36177591120291,4.56886100769043,10.411147356033325,14.980008363723755,462,0.15311230020597577,0,0,TRUE,pair,139,1.788064299733378,5.3816651071311155,36,0,7.690647482014389,1.788064299733378,0.17120920110028237,2.4993317000335082,cpu,cuda:0,0,366.8144531,52
577,1,DDT500_num50.txt,fixed,1112,8,139,3.464101552963257,5.900516986846924,4.523674306255998e-06,-3.32,-0.312234194,0.29249998927116394,0.013919411227107048,0.2800000011920929,0.3199999928474426,-0.016068107,-0.010040087,0.0014349831201668297,0.674551112311227,0.014812031893857889,0.05211999879351684,0.0003,283,117,86.06385146150552,5.918727397918701,7.0019121170043945,12.920639514923096,483,0.1792439011624083,0,0,TRUE,pair,145,2.6795459003187716,5.1294964026632925,32,0,7.6689655172413795,2.6795459003187716,0.2528841000748798,2.840645201737061,cpu,cuda:0,0,399.26123046875,51
578,1,DDT500_num50.txt,fixed,1055,8,131.875,6.173279285430908,4.428105354309082,5.922194759477861e-06,-3.6,-0.335943962,0.2749999761581421,0.025980764999985695,0.23999999463558197,0.3199999928474426,-0.014211999,-0.008548933,0.0023986040381714703,0.6862374186515808,0.01050341931404546,0.049059282429516314,0.0003,290,110,105.44952164898709,4.443965435028076,5.560821533203125,10.004786968231201,471,0.14659989986103028,0,0,TRUE,pair,138,1.7732732996810228,5.409478668465998,36,0,7.644927536231884,1.7732732996810228,0.16954320191871375,2.3958906972547993,cpu,cuda:0,0,366.92724609375,52
579,1,DDT500_num50.txt,fixed,1067,8,133.375,4.3571062088012695,5.92600679397583,4.7414737309736665e-06,-3.88,-0.347837652,0.2574999928474426,0.023318449035286903,0.2199999988079071,0.2800000011920929,0.04082108076129641,0.047002666762896946,0.0015064662023048317,0.693481581551688,0.01715902967511543,0.09494164027273655,0.0003,297,103,74.99235121386947,5.943696975708008,8.284420728683472,14.22811770439148,470,0.18672489805612713,0,0,TRUE,pair,144,2.727471999824047,5.237113402508751,27,0,7.409722222222222,2.727471999824047,0.24975010007619858,2.831222399370745,cpu,cuda:0,0,366.8144531,50
580,1,DDT500_num50.txt,fixed,1102,8,137.75,4.710361003875732,4.563131332397461,7.846108928788453e-06,-3.56,-0.347374278,0.2775000035762787,0.027271784842014313,0.23999999463558197,0.3199999928474426,0.015487529628444463,0.021504483302123845,0.0018229956913273782,0.6928459517657757,0.010369981886469759,0.05785926309181377,0.0003,289,111,84.76402298345943,4.5790088176727295,8.42178988456726,13.00079870223999,481,0.15257840091362596,0,0,TRUE,pair,144,1.7799601004226133,5.235027219768877,28,0,7.652777777777778,1.7799601004226133,0.17160829855129123,2.517874700948596,cpu,cuda:0,0,424.1708984,48
581,1,DDT500_num50.txt,fixed,1073,8,134.125,4.399929046630859,5.749682903289795,4.434842139744433e-06,-3.24,-0.316839358,0.29749998450279236,0.023318449035286903,0.25999999046325684,0.3400000035762787,-0.012374597,-0.006742128,0.0018802100094035268,0.6572572231292725,0.011568325385451318,0.06088229194283486,0.0003,281,119,100.841681080608,5.767353296279907,4.873088121414185,10.640441417694092,458,0.15987709956243634,0,0,TRUE,pair,139,2.704139499575831,5.287977634138407,32,0,7.719424460431655,2.704139499575831,0.26578309817705303,2.6605705979745835,cpu,cuda:0,0,443.0966797,46
582,1,DDT500_num50.txt,fixed,1077,8,134.625,4.181432247161865,4.57378625869751,4.915124918625224e-06,-3.28,-0.304211904,0.29499998688697815,0.029580403119325638,0.23999999463558197,0.3400000035762787,-0.016559852,-0.011758273,0.0020575365342665464,0.5830348916351795,0.018884946664911695,0.056793378200381994,0.0003,282,118,80.65609904708374,4.59423041343689,8.758758544921875,13.352988958358765,461,0.14897439978085458,0,0,TRUE,pair,141,1.8019789002137259,5.142989784672842,35,0,7.638297872340425,1.8019789002137259,0.17070630041416734,2.5087642990984023,cpu,cuda:0,0,349.7431641,45
583,1,DDT500_num50.txt,fixed,1115,8,139.375,5.023382663726807,6.355082988739014,5.719561613659607e-06,-3.24,-0.307108225,0.29750001430511475,0.02904737927019596,0.25999999046325684,0.36000001430511475,0.016639421228319407,0.02197295008227229,0.0011396810635536287,0.5903372565905253,0.009817327450339993,0.044142997125163674,0.0003,281,119,49.68046075908795,6.37338399887085,16.07004714012146,22.44343113899231,481,0.1816084000747651,0,0,TRUE,pair,148,3.0420179014327005,5.133632286567859,36,0,7.533783783783784,3.0420179014327005,0.26268560299649835,2.9215119029395282,cpu,cuda:0,0,440.5820313,43
584,1,DDT500_num50.txt,fixed,1092,8,136.5,4.031128883361816,5.652621746063232,1.2039547982567456e-05,-3.48,-0.311342061,0.2824999988079071,0.03072052076458931,0.23999999463558197,0.3400000035762787,-0.041137383,-0.036227957,0.0013699775096029042,0.5594419340292612,0.012042638019192965,0.07994220989445845,0.0003,287,113,49.39639724169277,5.671094179153442,16.435781240463257,22.1068754196167,499,0.1701276993844658,0,0,TRUE,pair,142,2.6048296007793397,5.039377285447313,28,0,7.690140845070423,2.6048296007793397,0.22203509870450944,2.7131516000954434,cpu,cuda:0,0,431.78662109375,42
585,1,DDT500_num50.txt,fixed,1072,8,134,4.527692794799805,4.536998748779297,5.0011103667202406e-06,-3.2,-0.293419043,0.29999998211860657,0.03741658106446266,0.25999999046325684,0.36000001430511475,0.0030424227317174275,0.0076198567946751915,0.0016276884668817123,0.539128057161967,0.009551346769634013,0.0537584044970572,0.0003,280,120,48.076030608786354,4.5550689697265625,17.742944955825806,22.298013925552368,464,0.1475663015153259,0,0,TRUE,pair,141,1.802335299900733,5.326492535089379,40,0,7.602836879432624,1.802335299900733,0.17736679769586772,2.464503799797967,cpu,cuda:0,0,353.9511719,42
586,1,DDT500_num50.txt,fixed,1102,8,137.75,6.456585884094238,4.70054817199707,6.760333690181142e-06,-3.24,-0.274332825,0.29749998450279236,0.027271782979369164,0.25999999046325684,0.3400000035762787,-0.029382508,-0.024504089,0.0015496126608923078,0.5653224527835846,0.01800432843156159,0.05756907816976309,0.0003,281,119,113.75097817208322,4.718118667602539,4.969710111618042,9.687828779220581,477,0.155207299743779,0,0,TRUE,pair,145,1.8595043005188927,5.196914699679062,30,0,7.6,1.8595043005188927,0.17555410135537386,2.5699111997382715,cpu,cuda:0,0,416.40185546875,40
587,1,DDT500_num50.txt,fixed,1084,8,135.5,5.7662811279296875,4.8315839767456055,5.791167041024892e-06,-3.2,-0.278221398,0.29999998211860657,0.022360682487487793,0.25999999046325684,0.3400000035762787,0.004037113061973027,0.00843657340322222,0.001417670798088823,0.5108291975089482,0.012145681747434927,0.055388735341174264,0.0003,280,120,78.29166527689094,4.848768949508667,8.996893882751465,13.845662832260132,451,0.15434640005696565,0,0,TRUE,pair,144,1.9821752001298591,5.399446492705398,30,0,7.527777777777778,1.9821752001298591,0.18591560050845146,2.5631128005916253,cpu,cuda:0,0,392.8476563,41
588,1,DDT500_num50.txt,fixed,1086,8,135.75,5.494315147399902,4.671675205230713,5.65207938052481e-06,-3.28,-0.283332646,0.29499998688697815,0.027838824316859245,0.23999999463558197,0.3400000035762787,-0.049745968,-0.045600033,0.0014840730582363904,0.4887978434562683,0.01592421647364972,0.05807698768330738,0.0003,282,118,86.07875639392623,4.691744804382324,7.924608469009399,12.616353273391724,470,0.15047109918668866,0,0,TRUE,pair,142,1.8946931004757062,5.26151012562037,30,0,7.647887323943662,1.8946931004757062,0.1738359023584053,2.5099743019090965,cpu,cuda:0,0,419.26513671875,40
589,1,DDT500_num50.txt,fixed,1057,8,132.125,3.9508702754974365,5.516108989715576,5.116286956763361e-06,-3.4,-0.29748111,0.2874999940395355,0.03307189419865608,0.23999999463558197,0.3199999928474426,0.07044526841491461,0.07456872053444386,0.002441447722958401,0.5344178006052971,0.015129283943679184,0.05632214434444904,0.0003,285,115,70.11602724096433,5.5363335609436035,9.538679122924805,15.075012683868408,477,0.1811101990751922,0,0,TRUE,pair,139,2.399621400749311,5.4711447506438144,27,0,7.60431654676259,2.399621400749311,0.23735999769996852,2.761495999293402,cpu,cuda:0,0,402.75732421875,40
590,1,DDT500_num50.txt,fixed,1067,8,133.375,4.662014007568359,4.5584306716918945,4.836431344301673e-06,-3.24,-0.250924101,0.29749998450279236,0.023318449035286903,0.25999999046325684,0.3400000035762787,-0.154568692,-0.150479101,0.002295434125699103,0.5237304493784904,0.013685070938663557,0.04223307955544442,0.0003,281,119,84.6516402386259,4.576260328292847,8.02833890914917,12.604599237442017,479,0.15464820014312863,0,0,TRUE,pair,141,1.7513428998645395,5.275538893201805,40,0,7.567375886524823,1.7513428998645395,0.17198019952047616,2.542635999736376,cpu,cuda:0,0,470.6513672,39
591,1,DDT500_num50.txt,fixed,1087,8,135.875,3.018174171447754,5.698741912841797,4.786219506058842e-06,-3.04,-0.22763023,0.3099999725818634,0.014142130501568317,0.2800000011920929,0.3199999928474426,-0.051203181,-0.046862517,0.001629883865825832,0.5155602216720581,0.009970849473029375,0.03623025668784976,0.0003,276,124,91.94377162364592,5.718912124633789,6.1035308837890625,11.822443008422852,465,0.16443649935536087,0,0,TRUE,pair,141,2.593932599760592,5.156393746224257,32,0,7.709219858156028,2.593932599760592,0.2438096028054133,2.743189003318548,cpu,cuda:0,0,417.3974609,40
592,1,DDT500_num50.txt,fixed,1085,8,135.625,2.7357585430145264,5.81507682800293,1.152452387032099e-05,-3.08,-0.226674661,0.3074999749660492,0.03152380511164665,0.25999999046325684,0.36000001430511475,0.017986183719975606,0.022632300853729248,0.0012813064635598234,0.5286771825381688,0.02137912651856563,0.04674921690353325,0.0003,277,123,77.37103653682847,5.833837032318115,8.18949842453003,14.023335456848145,474,0.1801093992544338,0,0,TRUE,pair,139,2.661718699731864,5.152995389947144,40,0,7.805755395683454,2.661718699731864,0.23208880005404353,2.805286600603722,cpu,cuda:0,0,398.0136719,39
593,1,DDT500_num50.txt,fixed,1080,8,135,6.164413928985596,4.576009750366211,5.046370006311918e-06,-3.32,-0.24691078,0.29249998927116394,0.022220490500330925,0.25999999046325684,0.3400000035762787,0.056751564145088196,0.06183584200011359,0.0014332130797103876,0.5800882809691958,0.019500010802100103,0.06940922513604164,0.0003,283,117,78.45644098028319,4.592640399932861,9.172959804534912,13.765600204467773,477,0.15288609906565398,0,0,TRUE,pair,141,1.7665720991790295,5.250925928575021,36,0,7.659574468085107,1.7665720991790295,0.17203449842054397,2.5455568986944854,cpu,cuda:0,0,396.89111328125,39
594,1,DDT500_num50.txt,fixed,1064,8,133,3.4278273582458496,5.984202861785889,4.720447122963378e-06,-3.52,-0.253144535,0.2800000011920929,0.026457518339157104,0.23999999463558197,0.3199999928474426,-0.043376792,-0.038303013,0.0012422038125805557,0.5694878862963783,0.013229628054735562,0.06390094167242448,0.0003,288,112,64.19010701502474,6.0023863315582275,10.573376655578613,16.57576298713684,481,0.19255590077955276,0,0,TRUE,pair,140,2.7905657993396744,5.13251879519986,32,0,7.6,2.7905657993396744,0.24189520196523517,2.8409095015376806,cpu,cuda:0,0,403.875,40
595,1,DDT500_num50.txt,fixed,1087,8,135.875,2.315032482147217,5.1252217292785645,3.8664998101012316e-06,-3.32,-0.254698868,0.29249998927116394,0.022220490500330925,0.25999999046325684,0.3400000035762787,-0.022745015,-0.018321889,0.0012511616057184125,0.5048705083983285,0.008921283255663834,0.045286185174648254,0.0003,283,117,89.65249023232698,5.143321752548218,6.981271743774414,12.124593496322632,473,0.16567960137035698,0,0,TRUE,pair,138,2.167985099949874,5.183992636785007,36,0,7.8768115942028984,2.167985099949874,0.1979782993439585,2.6568997009890154,cpu,cuda:0,0,436.39501953125,39
596,1,DDT500_num50.txt,fixed,1098,8,137.25,4.84122896194458,4.639087200164795,5.179777417652076e-06,-3.16,-0.269983115,0.3024999797344208,0.03665720298886299,0.25999999046325684,0.36000001430511475,0.3153814352117479,0.3195307668065652,0.0017714832356432453,0.5035067275166512,0.015079235192388296,0.031135701574385166,0.0003,279,121,120.91958020714266,4.660506725311279,4.41990852355957,9.08041524887085,485,0.15349799941759557,0,0,TRUE,pair,144,1.8517357998061925,5.217668489245987,42,0,7.625,1.8517357998061925,0.17174819856882095,2.521747799240984,cpu,cuda:0,0,386.125,40
597,1,DDT500_num50.txt,fixed,1088,8,136,4.873397350311279,6.827966690063477,4.450834694580408e-06,-3.24,-0.285916622,0.29749998450279236,0.027271782979369164,0.25999999046325684,0.3400000035762787,0.027118714526295662,0.030653131660073996,0.002794104286294896,0.4931468926370144,0.009346274469862692,0.03818430413957685,0.0003,281,119,70.79480927943558,6.8480470180511475,8.52031135559082,15.368358373641968,469,0.29114399990066886,0,0,TRUE,pair,142,3.2245265004457906,5.308823528535226,36,0,7.661971830985915,3.2245265004457906,0.33190409967210144,3.1227273955009878,cpu,cuda:0,0,434.0605469,40
598,1,DDT500_num50.txt,fixed,1069,8,133.625,4.090766906738281,4.5647478103637695,4.8040010369732045e-06,-3.44,-0.269322341,0.2849999964237213,0.025980763137340546,0.23999999463558197,0.3199999928474426,-0.000318841,0.003238390199840069,0.001943194743944332,0.45288198441267014,0.01078066707123071,0.028515662881545722,0.0003,286,114,74.81860534936784,4.585108757019043,9.702781200408936,14.287889957427979,460,0.15255859994795173,0,0,TRUE,pair,141,1.762253200286068,5.330215151004417,35,0,7.581560283687943,1.762253200286068,0.17276420013513416,2.5347394002601504,cpu,cuda:0,0,399.2607422,42
599,1,DDT500_num50.txt,fixed,1080,8,135,3.4278273582458496,6.000327110290527,4.786219506058842e-06,-3.12,-0.259751308,0.304999977350235,0.016583122313022614,0.2800000011920929,0.3400000035762787,0.008506889972421858,0.01158523311217626,0.002423983591143042,0.4290329847070906,0.020138120317521196,0.04395733339091142,0.0003,278,122,72.57252701434557,6.0180511474609375,8.863613367080688,14.881664514541626,474,0.18136510031763464,0,0,TRUE,pair,139,2.7186506991274655,5.3472222226637385,36,0,7.76978417266187,2.7186506991274655,0.279731999267824,2.872577801346779,cpu,cuda:0,0,408.61083984375,42
600,1,DDT500_num50.txt,fixed,1098,8,137.25,3.2307119369506836,4.729180335998535,8.549891390430275e-06,-3.24,-0.300004727,0.29749998450279236,0.02904737927019596,0.25999999046325684,0.3400000035762787,0.017176402394067158,0.02019835500554605,0.0024082383183254437,0.4226071672006087,0.012815827715464613,0.04715928486125036,0.0003,281,119,59.9681409088464,4.747238397598267,13.562483787536621,18.309722185134888,474,0.1558674011612311,0,0,TRUE,pair,142,1.8967379992827773,5.15027322534655,36,0,7.732394366197183,1.8967379992827773,0.17471780243795365,2.562429699464701,cpu,cuda:0,0,398.01416015625,43
601,1,DDT500_num50.txt,fixed,1097,8,137.125,5.797359466552734,4.746089458465576,5.9197946029598825e-06,-3.24,-0.300083486,0.29749998450279236,0.025372229516506195,0.25999999046325684,0.3400000035762787,0.0627500085781018,0.06553556707998116,0.003665555690531619,0.46183376510938007,0.015657065329529967,0.05587558991586169,0.0003,281,119,65.36842079840159,4.767805576324463,12.013998031616211,16.781803607940674,478,0.15829269937239587,0,0,TRUE,pair,144,1.9130715996725485,5.196900637451909,36,0,7.618055555555555,1.9130715996725485,0.1750308993505314,2.5628650980070233,cpu,cuda:0,0,400.3808594,44
602,1,DDT500_num50.txt,fixed,1098,8,137.25,4.322904109954834,4.622727394104004,4.998267741029849e-06,-3.24,-0.274201332,0.29749998450279236,0.025372229516506195,0.25999999046325684,0.3400000035762787,0.06824104149233211,0.0717548443512483,0.0021236360612833364,0.4575623192570426,0.013757662487808953,0.042555812153626575,0.0003,281,119,70.42965750189974,4.639864683151245,10.950158596038818,15.590023279190063,478,0.14758430002257228,0,0,TRUE,pair,144,1.798792900168337,5.04280509801076,35,0,7.625,1.798792900168337,0.17137750086840242,2.5604458999587223,cpu,cuda:0,0,420.13525390625,45
603,1,DDT500_num50.txt,fixed,1096,8,137,3.2015621662139893,6.742092609405518,4.444444584805751e-06,-3.08,-0.291189525,0.3074999749660492,0.0386490635573864,0.25999999046325684,0.3799999952316284,0.04411481320858002,0.04814237952232361,0.0017892344738356769,0.49221727848052976,0.012265319772996008,0.03405968826264143,0.0003,277,123,93.69495910514264,6.7700018882751465,4.927532434463501,11.697534322738647,477,0.19674360065255314,0,0,TRUE,pair,142,3.309237598790787,5.291058394595654,39,0,7.71830985915493,3.309237598790787,0.3089590013260022,2.9861681978218257,cpu,cuda:0,0,450.64697265625,44
604,1,DDT500_num50.txt,fixed,1091,8,136.375,3.83853816986084,4.586930751800537,4.211311534163542e-06,-3.44,-0.29138386,0.2849999964237213,0.038405731320381165,0.2199999988079071,0.3400000035762787,0.020028301938013596,0.023939390751448544,0.0017405874730849807,0.47813786701722577,0.015117184073791246,0.04467343447983942,0.0003,286,114,65.25929661952077,4.604136228561401,12.113788366317749,16.71792459487915,470,0.14961139974184334,0,0,TRUE,pair,143,1.790844899485819,5.098075162588621,30,0,7.629370629370629,1.790844899485819,0.17431349714752287,2.5278788002906367,cpu,cuda:0,0,415.5322266,46
605,1,DDT500_num50.txt,fixed,1087,8,135.875,5.395310401916504,4.940560817718506,4.886127044301247e-06,-3.28,-0.291102981,0.29499998688697815,0.03278719633817673,0.25999999046325684,0.36000001430511475,-0.005067134,-0.001438003,0.001668257568962872,0.44632600943247475,0.007981931026248883,0.03680442481612166,0.0003,282,118,53.65807465082242,4.9573023319244385,15.300599336624146,20.257901668548584,466,0.15575030038598925,0,0,TRUE,pair,141,2.1132419989444315,5.218951241730986,36,0,7.709219858156028,2.1132419989444315,0.18341020087245852,2.5469479023013264,cpu,cuda:0,0,399.2607422,47
606,1,DDT500_num50.txt,fixed,1085,8,135.625,4.768057823181152,5.65532112121582,4.70234954264015e-06,-3,-0.267354041,0.3125,0.01984313316643238,0.2800000011920929,0.3400000035762787,-0.044318495,-0.039318017,0.0013400918222032487,0.5670526583989461,0.011171701018853734,0.0629955617400507,0.0003,275,125,50.613357187986274,5.672741413116455,15.76428747177124,21.437028884887695,467,0.17244270211085677,0,0,TRUE,pair,140,2.5952132993843406,5.214746544438023,39,0,7.75,2.5952132993843406,0.21756830136291683,2.7341212020255625,cpu,cuda:0,0,384.0439453,46
607,1,DDT500_num50.txt,fixed,1080,8,135,2.0615527629852295,4.967711925506592,4.450834694580408e-06,-3.48,-0.277792471,0.2824999690055847,0.011989585123956203,0.25999999046325684,0.30000001192092896,-0.037118569,-0.031943451,0.0015645011881133541,0.5957372859120369,0.010326270734367426,0.03628259774995968,0.0003,287,113,72.28339678554705,4.9849724769592285,9.956218004226685,14.941190481185913,473,0.15634019987192005,0,0,TRUE,pair,137,2.0685539001133293,5.244444444002928,32,0,7.883211678832117,2.0685539001133293,0.18451960303355008,2.615425600670278,cpu,cuda:0,0,395.7714844,48
608,1,DDT500_num50.txt,fixed,1051,8,131.375,7.888876438140869,4.692399978637695,6.118119927123189e-06,-3.68,-0.274113212,0.26999998092651367,0.030000001192092896,0.2199999988079071,0.3199999928474426,-0.012424268,-0.007390745,0.0019884006197874744,0.6027726531028748,0.011644496819159637,0.05460886669655641,0.0003,292,108,54.4300434151178,4.71008038520813,14.599108695983887,19.309189081192017,469,0.14831769920419902,0,0,TRUE,pair,139,1.9896281003020704,5.189343476045937,27,0,7.561151079136691,1.9896281003020704,0.18144820258021355,2.4277099997270852,cpu,cuda:0,0,424.97705078125,48
609,1,DDT500_num50.txt,fixed,1079,8,134.875,2.803457736968994,4.580468654632568,4.5674428292841185e-06,-3.4,-0.296001435,0.2874999940395355,0.028173573315143585,0.23999999463558197,0.3199999928474426,-0.05535486,-0.050546324,0.002303595677949488,0.5960331559181213,0.013712972367648036,0.05692246621474624,0.0003,285,115,76.16066538074435,4.597040414810181,9.570377826690674,14.167418241500854,482,0.14838340075220913,0,0,TRUE,pair,138,1.8626204003812745,5.112140867641616,40,0,7.818840579710145,1.8626204003812745,0.1704393019899726,2.4560489006107673,cpu,cuda:0,0,393.77294921875,48
610,1,DDT500_num50.txt,fixed,1079,8,134.875,5.2781982421875,4.949010372161865,4.4572161641553976e-06,-3.48,-0.28847936,0.2824999690055847,0.03230712190270424,0.2199999988079071,0.3199999928474426,-0.011163209,-0.006089817,0.0016695488510387285,0.5908170214721135,0.009125501183526856,0.030127500583018576,0.0003,287,113,92.13510596153804,4.9660115242004395,6.745051145553589,11.711062669754028,467,0.15675460186321288,0,0,TRUE,pair,143,2.026005900115706,5.246524562429122,36,0,7.545454545454546,2.026005900115706,0.19769820012152195,2.624431401723996,cpu,cuda:0,0,371.5253906,48
611,1,DDT500_num50.txt,fixed,1105,8,138.125,4.702060699462891,4.902795314788818,5.363093350752024e-06,-3.16,-0.277735778,0.3024999797344208,0.03526684269309044,0.23999999463558197,0.36000001430511475,-0.01380061,-0.008928541,0.0016566462840677963,0.5700393087334104,0.011684917146340013,0.04858936100370354,0.0003,279,121,69.61527183507016,4.919720888137817,10.953233003616333,15.87295389175415,488,0.16362150060012937,0,0,TRUE,pair,143,1.9974981002742425,5.157466059464674,36,0,7.7272727272727275,1.9974981002742425,0.17926290002651513,2.6284394970862195,cpu,cuda:0,0,392.84814453125,48
612,1,DDT500_num50.txt,fixed,1053,8,131.625,6.1019978523254395,4.461069583892822,5.475847501656972e-06,-3.2,-0.296451862,0.30000001192092896,0.019999999552965164,0.2800000011920929,0.3400000035762787,-0.027773303,-0.02282925,0.001652361563174054,0.5770235806703568,0.011915103782666848,0.04094190872274339,0.0003,280,120,70.60206030799978,4.481818914413452,10.432760000228882,14.914578914642334,467,0.15136749856173992,0,0,TRUE,pair,142,1.7220673996489495,5.207977206618698,30,0,7.415492957746479,1.7220673996489495,0.16911280096974224,2.479065599385649,cpu,cuda:0,0,419.26513671875,49
613,1,DDT500_num50.txt,fixed,1066,8,133.25,4.085033893585205,5.006186485290527,5.1660413191711996e-06,-3.44,-0.28495008,0.2849999964237213,0.01658313348889351,0.25999999046325684,0.30000001192092896,-0.036784457,-0.031733944,0.0016631470993161202,0.5882088482379914,0.014399339957162739,0.08418598733842372,0.0003,286,114,73.57818854108571,5.024411916732788,9.463577270507812,14.4879891872406,463,0.15783140098210424,0,0,TRUE,pair,140,2.183886899263598,5.41557223130346,32,0,7.614285714285714,2.183886899263598,0.20511130255181342,2.514922498492524,cpu,cuda:0,0,341.1689453,48
614,1,DDT500_num50.txt,fixed,1109,8,138.625,5.67753267288208,5.176677703857422,5.085641987534473e-06,-3.44,-0.309511415,0.2849999964237213,0.025980763137340546,0.23999999463558197,0.3199999928474426,-0.002201895,0.002908504009246826,0.001527326670475304,0.5874058902263641,0.010137186734937131,0.04287641867995262,0.0003,286,114,101.14457270367392,5.195442199707031,5.769061088562012,10.964503288269043,498,0.23705019988119602,0,0,TRUE,pair,147,2.14564779936336,4.990982874112692,28,0,7.54421768707483,2.14564779936336,0.19135379942599684,2.737282100948505,cpu,cuda:0,0,395.77197265625,49
615,1,DDT500_num50.txt,fixed,1079,8,134.875,6.33319616317749,4.5530900955200195,5.07445247421856e-06,-3.52,-0.318972601,0.2800000011920929,0.034641019999980927,0.23999999463558197,0.3400000035762787,-0.034022028,-0.028807146,0.0019661527559427278,0.619796131338392,0.012128590306799327,0.06929097623963441,0.0003,288,112,55.27375934754879,4.570763349533081,14.95025372505188,19.52101707458496,471,0.15078750031534582,0,0,TRUE,pair,147,1.790057000820525,5.116774787938186,32,0,7.340136054421769,1.790057000820525,0.1721248022513464,2.497847100137733,cpu,cuda:0,0,401.6376953,49
616,1,DDT500_num50.txt,fixed,1090,8,136.25,4.656983852386475,4.568990707397461,4.918015292787459e-06,-3.44,-0.307543538,0.2849999964237213,0.016583124175667763,0.25999999046325684,0.3199999928474426,-0.020986015,-0.016057995,0.00186351538868621,0.5859779208898545,0.02171071160119027,0.06745268367230892,0.0003,286,114,71.24157939317762,4.584543466567993,10.715510368347168,15.300053834915161,490,0.15440149896312505,0,0,TRUE,pair,145,1.7877031014068052,5.24311926386772,27,0,7.517241379310345,1.7877031014068052,0.16865390329621732,2.5199265998089686,cpu,cuda:0,0,417.39794921875,50
617,1,DDT500_num50.txt,fixed,1083,8,135.375,7.680128574371338,5.581756591796875,5.704634531866759e-06,-3.52,-0.33044574,0.2800000011920929,0.034641019999980927,0.2199999988079071,0.3400000035762787,-0.003311011,0.001719750463962555,0.0022571136243641375,0.6159330189228058,0.011233893781900406,0.03687931392341852,0.0003,288,112,104.61196232235763,5.600241422653198,4.752303123474121,10.35254454612732,465,0.17382619890850037,0,0,TRUE,pair,147,2.481095499242656,5.1412742355853895,28,0,7.36734693877551,2.481095499242656,0.2387060027103871,2.746499698376283,cpu,cuda:0,0,501.9619141,49
618,1,DDT500_num50.txt,fixed,1104,8,138,4.527692794799805,4.667381286621094,4.756435828312533e-06,-3.04,-0.312296479,0.3100000023841858,0.030000003054738045,0.25999999046325684,0.3400000035762787,-0.065488591,-0.060372929,0.0016849730880214618,0.5958151152500739,0.011244780509374462,0.05081859116370861,0.0003,276,124,56.166758171169334,4.686328172683716,14.969426155090332,19.655754327774048,482,0.1508940994972363,0,0,TRUE,pair,146,1.8354998000431806,5.0996376848307206,32,0,7.561643835616438,1.8354998000431806,0.17109200381673872,2.567638599430211,cpu,cuda:0,0,414.66064453125,50
619,1,DDT500_num50.txt,fixed,1103,8,137.875,6.00910758972168,4.698105812072754,5.900558790017385e-06,-3.6,-0.322889285,0.2749999761581421,0.025980764999985695,0.23999999463558197,0.3199999928474426,-0.043373985,-0.038482639,0.00179536835445712,0.5789029399553934,0.01003470499223719,0.06629632463057836,0.0003,290,110,50.55201408313547,4.714391708374023,17.104719161987305,21.819110870361328,472,0.1506847005803138,0,0,TRUE,pair,145,1.8146158999297768,5.140525839054249,27,0,7.606896551724138,1.8146158999297768,0.17434509831946343,2.6138879004865885,cpu,cuda:0,0,415.5322266,50
620,1,DDT500_num50.txt,fixed,1094,8,136.75,5.018714904785156,5.420478820800781,5.269535904517397e-06,-3.2,-0.306466695,0.29999998211860657,0.022360678762197495,0.2800000011920929,0.3400000035762787,0.0030045860580035617,0.007909067507301058,0.0014169272617436945,0.5612942491258893,0.010198287732367004,0.02799392438360623,0.0003,280,120,88.49676296851644,5.438323736190796,6.923710346221924,12.36203408241272,466,0.1595088018802926,0,0,TRUE,pair,143,2.476041100686416,5.007312618400323,32,0,7.65034965034965,2.476041100686416,0.1920499987900257,2.652510800980963,cpu,cuda:0,0,398.01416015625,50
621,1,DDT500_num50.txt,fixed,1093,8,136.625,5.121950149536133,4.5784912109375,5.0067901611328125e-06,-3.36,-0.303101493,0.28999999165534973,0.019999999552965164,0.25999999046325684,0.3199999928474426,-0.006463767,-0.001908069,0.0016113728284835815,0.536138254404068,0.010869131772778928,0.04389187954366207,0.0003,284,116,108.02919330719526,4.595224380493164,5.522411108016968,10.117635488510132,474,0.14680989843327552,0,0,TRUE,pair,142,1.8324420999269933,5.054894784122896,27,0,7.697183098591549,1.8324420999269933,0.16703849961049855,2.4876654006075114,cpu,cuda:0,0,471.6367188,51
622,1,DDT500_num50.txt,fixed,1077,8,134.625,6.263734817504883,5.3892059326171875,5.085641987534473e-06,-3.36,-0.303001037,0.28999999165534973,0.030000003054738045,0.25999999046325684,0.3400000035762787,0.03680843859910965,0.04146301560103893,0.0015954181289998814,0.5452289022505283,0.01538432008237578,0.05301066010724753,0.0003,284,116,77.87413999341014,5.412631988525391,8.417376279830933,13.830008268356323,460,0.17280820198357105,0,0,TRUE,pair,145,2.3570695989765227,5.201485606621235,36,0,7.427586206896552,2.3570695989765227,0.2163075003772974,2.708194699138403,cpu,cuda:0,0,392.8476563,50
623,1,DDT500_num50.txt,fixed,1074,8,134.25,3.2307119369506836,4.45224142074585,4.376783181214705e-06,-3.2,-0.316687046,0.29999998211860657,0.019999999552965164,0.25999999046325684,0.3199999928474426,-0.068169114,-0.06375616,0.0019470809428538713,0.538649684853024,0.011827771914088063,0.04496970151861509,0.0003,280,120,78.81915054367525,4.468844413757324,9.157285690307617,13.626130104064941,472,0.15026490029413253,0,0,TRUE,pair,141,1.7256470994325355,5.299813778484777,36,0,7.617021276595745,1.7256470994325355,0.16960569913499057,2.465675501152873,cpu,cuda:0,0,381.9570313,51
624,1,DDT500_num50.txt,fixed,1099,8,137.375,4.151430606842041,5.593494892120361,4.759422608913155e-06,-3.2,-0.290990493,0.29999998211860657,0.026457512751221657,0.25999999046325684,0.3400000035762787,0.11006112024188042,0.11491397162899375,0.0011114592489320785,0.5408586859703064,0.026702806586399674,0.05654978193342686,0.0003,280,120,135.55879250883248,5.613366365432739,2.493817090988159,8.107183456420898,479,0.17378879978787154,0,0,TRUE,pair,144,2.400474799447693,5.171974520123579,40,0,7.631944444444445,2.400474799447693,0.21661660296376795,2.8675255002453923,cpu,cuda:0,0,406.2441406,50
625,1,DDT500_num50.txt,fixed,1074,8,134.25,2.8613808155059814,4.567695617675781,4.5674428292841185e-06,-3.56,-0.316829665,0.2775000035762787,0.021065382286906242,0.23999999463558197,0.30000001192092896,0.059630357970794044,0.06410544489820798,0.00131254515144974,0.5131367792685827,0.01630539687660833,0.06247559872766336,0.0003,289,111,100.83550953043313,4.584949254989624,6.066060543060303,10.651009798049927,473,0.22343970055226237,0,0,TRUE,pair,138,1.757185498951003,5.180633144005717,27,0,7.782608695652174,1.757185498951003,0.1715865976875648,2.5463884016498923,cpu,cuda:0,0,414.6601563,50
626,1,DDT500_num50.txt,fixed,1079,8,134.875,5.325352191925049,5.830914497375488,5.684671123162843e-06,-3.32,-0.311063061,0.29249998927116394,0.031523801386356354,0.23999999463558197,0.3400000035762787,-0.061568701,-0.05730409,0.0013475859013851732,0.4938400089740753,0.016928470771138866,0.04517884490390619,0.0003,283,117,86.88462210843208,5.849614143371582,6.569154262542725,12.418768405914307,464,0.18233580177184194,0,0,TRUE,pair,145,2.6486985011724755,5.275254865174387,32,0,7.441379310344828,2.6486985011724755,0.23535790271125734,2.828353899414651,cpu,cuda:0,0,407.3632813,51
627,1,DDT500_num50.txt,fixed,1099,8,137.375,2.7810745239257812,4.661440849304199,3.784777618420776e-06,-3.24,-0.309701799,0.29749998450279236,0.025372233241796494,0.25999999046325684,0.3400000035762787,0.025708807321886223,0.02975564667334159,0.0013498129652968298,0.47217438618342084,0.019428739324212074,0.052165466050306954,0.0003,281,119,104.0151083818073,4.678642749786377,5.88713002204895,10.565772771835327,472,0.20669709879439324,0,0,TRUE,pair,143,1.8202823002357036,5.213830754364263,36,0,7.685314685314685,1.8202823002357036,0.1713380996370688,2.5771019001258537,cpu,cuda:0,0,423.23681640625,50
628,1,DDT500_num50.txt,fixed,1092,8,136.5,5.147815227508545,5.103119373321533,5.14398789164261e-06,-3.32,-0.298512466,0.29249998927116394,0.028173571452498436,0.25999999046325684,0.3400000035762787,-0.034250991,-0.03026682,0.0014357514446601272,0.47020434538523354,0.01170584422070533,0.056739599381883936,0.0003,283,117,55.91667083074856,5.121204376220703,14.40785527229309,19.529059648513794,474,0.15423540212213993,0,0,TRUE,pair,142,2.2684870994416997,5.136446886883551,28,0,7.690140845070423,2.2684870994416997,0.18660850170999765,2.5515237011713907,cpu,cuda:0,0,443.09716796875,51
629,1,DDT500_num50.txt,fixed,1099,8,137.375,3.351771831512451,5.483854293823242,9.527798283670563e-06,-3.16,-0.287279686,0.3024999797344208,0.027271782979369164,0.25999999046325684,0.3400000035762787,0.0068905990984704756,0.01107123163011339,0.0012926008397092421,0.48269301652908325,0.015189895981974486,0.0376472893015792,0.0003,279,121,64.1937996111083,5.502173185348511,11.617860317230225,17.120033502578735,463,0.15872840024530888,0,0,TRUE,pair,143,2.521105599706061,5.244767971750386,30,0,7.685314685314685,2.521105599706061,0.2302537994692102,2.6229923006612808,cpu,cuda:0,0,391.79638671875,52
630,1,DDT500_num50.txt,fixed,1113,8,139.125,3.822221279144287,6.39705753326416,5.42107454748475e-06,-3.16,-0.27993906,0.3024999797344208,0.015612490475177765,0.2800000011920929,0.3199999928474426,0.012592160205046336,0.016396986693143843,0.0013253692731571695,0.4467508912086487,0.010742858742984633,0.05088636167347431,0.0003,279,121,50.17422751072938,6.415114879608154,15.767588376998901,22.182703256607056,487,0.20173350139521062,0,0,TRUE,pair,146,2.905991200124845,5.125786165235713,30,0,7.623287671232877,2.905991200124845,0.2819715013029054,3.070668001077138,cpu,cuda:0,0,471.6367188,52
631,1,DDT500_num50.txt,fixed,1080,8,135,9.219544410705566,5.19389009475708,5.644531483994797e-06,-2.96,-0.281490796,0.3149999678134918,0.03968627005815506,0.25999999046325684,0.3799999952316284,-0.0034034,0.0009030691451496548,0.0015179440249792403,0.5065439210997688,0.0144651316675461,0.038943476561042994,0.0003,274,126,67.26831482031481,5.217315912246704,10.837791204452515,16.05510711669922,456,0.16234779951628298,0,0,TRUE,pair,144,2.1845839003799483,5.322222218027822,36,0,7.5,2.1845839003799483,0.2185410981765017,2.68435649771709,cpu,cuda:0,0,441.90283203125,53
632,1,DDT500_num50.txt,fixed,1109,8,138.625,3.1991209983825684,4.970292568206787,4.8276083361997735e-06,-3.2,-0.29187168,0.29999998211860657,0.04242641106247902,0.25999999046325684,0.3799999952316284,-0.364631861,-0.360848308,0.0013237902894616127,0.444545179605484,0.03517719730734825,0.04724409431219101,0.0003,280,120,198.83471856994765,4.988994598388672,0.587428092956543,5.577496767044067,474,0.1576683996245265,0,0,TRUE,pair,143,2.0517526996554807,5.013525697537862,30,0,7.755244755244755,2.0517526996554807,0.19442909734789282,2.6217938996851444,cpu,cuda:0,0,191.28125,49
633,1,DDT500_num50.txt,fixed,1080,8,135,5.024937629699707,4.578871726989746,5.61170691071311e-06,-3.28,-0.295296505,0.29499998688697815,0.021794497966766357,0.25999999046325684,0.3400000035762787,-0.050314013,-0.045801129,0.0012697357160504907,0.5147751420736313,0.011904685998160858,0.069709891686216,0.0003,282,118,91.81720232818927,4.595910310745239,7.16659140586853,11.76250171661377,483,0.1545899008633569,0,0,TRUE,pair,143,1.771047400077805,5.226851850748062,33,0,7.5524475524475525,1.771047400077805,0.17151310457848012,2.5439673992805183,cpu,cuda:0,0,395.7714844,48
634,1,DDT500_num50.txt,fixed,1085,8,135.625,5.023382663726807,6.62116813659668,5.1660413191711996e-06,-3.24,-0.283332592,0.29749998450279236,0.03072051703929901,0.23999999463558197,0.3400000035762787,-0.061197326,-0.056143072,0.0009962797281332313,0.5552394807338714,0.010637349728494883,0.044732408970594405,0.0003,281,119,90.47138271510299,6.64465856552124,5.348083972930908,11.992742538452148,476,0.18155679944902658,0,0,TRUE,pair,144,3.199809300363995,5.434101383806923,30,0,7.534722222222222,3.199809300363995,0.33277900295797735,2.940296797081828,cpu,cuda:0,0,415.53173828125,46
635,1,DDT500_num50.txt,fixed,1053,8,131.625,3.603383779525757,4.416326999664307,4.177431037533097e-06,-3.48,-0.292908133,0.2824999988079071,0.023318450897932053,0.23999999463558197,0.3199999928474426,-0.013515549,-0.008800893,0.0014266139561576502,0.5427962158407483,0.010568023204021821,0.051683775681470125,0.0003,287,113,55.20707991274121,4.433694124221802,14.639946460723877,19.07364058494568,473,0.15033319930080324,0,0,TRUE,pair,137,1.7262665994931012,5.226970558492546,32,0,7.686131386861314,1.7262665994931012,0.17030240001622587,2.4295250992290676,cpu,cuda:0,0,395.7714844,45
636,1,DDT500_num50.txt,fixed,1060,8,132.5,6.7082037925720215,6.537145614624023,4.7324738261522725e-06,-3.56,-0.299428666,0.2774999737739563,0.030720513314008713,0.2199999988079071,0.3199999928474426,-0.047009271,-0.042132436,0.0017895836227883896,0.5771626551946004,0.012434906551303963,0.0713587250560522,0.0003,289,111,48.67067063510061,6.579782724380493,15.199247360229492,21.779030084609985,478,0.21287850092630833,0,0,TRUE,pair,145,3.163728500250727,5.179245283468714,35,0,7.310344827586207,3.163728500250727,0.31749079970177263,2.914837697520852,cpu,cuda:0,0,429.69287109375,42
637,1,DDT500_num50.txt,fixed,1074,8,134.25,6.239992141723633,5.197601318359375,5.820539172418648e-06,-3.72,-0.303046488,0.26750001311302185,0.02633913978934288,0.2199999988079071,0.30000001192092896,-0.030581048,-0.025273231,0.0012737136450596154,0.5944675028324127,0.012021521781571209,0.04327943287789822,0.0003,293,107,95.13159667180244,5.214918851852417,6.074705600738525,11.289624452590942,481,0.1664175014011562,0,0,TRUE,pair,142,2.2406122005777434,5.019553072403707,27,0,7.563380281690141,2.2406122005777434,0.196224300772883,2.65813359990716,cpu,cuda:0,0,459.26318359375,43
638,1,DDT500_num50.txt,fixed,1080,8,135,4.3011627197265625,6.371049404144287,5.1356932999624405e-06,-3.6,-0.302727929,0.2750000059604645,0.027838826179504395,0.23999999463558197,0.3199999928474426,-0.011759843,-0.006814117,0.0018520925659686327,0.5871769487857819,0.011731622075395924,0.053614843104566844,0.0003,290,110,77.49553551747016,6.388211488723755,7.548075199127197,13.936286687850952,476,0.2009624004131183,0,0,TRUE,pair,143,2.916846299660392,5.041666669095004,32,0,7.5524475524475525,2.916846299660392,0.2952048009028658,3.0191921980585903,cpu,cuda:0,0,468.5800781,41
639,1,DDT500_num50.txt,fixed,1083,8,135.375,3.83853816986084,4.560096740722656,5.196212441660464e-06,-3.48,-0.300229091,0.2824999988079071,0.03929058834910393,0.2199999988079071,0.36000001430511475,0.007605585580070813,0.012511931049327055,0.0015639717069764931,0.5688328544298807,0.013225815443244452,0.06052386621013284,0.0003,287,113,98.59305166425746,4.576644659042358,6.407902240753174,10.984546899795532,463,0.15078610181808472,0,0,TRUE,pair,139,1.780596700264141,4.915050779133072,20,0,7.7913669064748206,1.780596700264141,0.17043260007631034,2.5159045009640977,cpu,cuda:0,0,415.53173828125,41
640,1,DDT500_num50.txt,fixed,1073,8,134.125,4.910130023956299,5.3264007568359375,4.517387424129993e-06,-3.56,-0.297742703,0.2775000035762787,0.04054319113492966,0.2199999988079071,0.3400000035762787,-0.01932811,-0.014534442,0.001607827708357945,0.5597584158182144,0.013379853358492256,0.051232860796153544,0.0003,289,111,71.31021122914805,5.344653844833374,9.702279567718506,15.04693341255188,465,0.16598010039888322,0,0,TRUE,pair,142,2.3948884996352717,5.138863004487137,20,0,7.556338028169014,2.3948884996352717,0.20214469835627824,2.6248277004342526,cpu,cuda:0,0,429.69287109375,40
641,1,DDT500_num50.txt,fixed,1074,8,134.25,4.322904109954834,4.6722869873046875,5.537781362363603e-06,-3.4,-0.289366003,0.2874999940395355,0.03307189419865608,0.23999999463558197,0.3400000035762787,-0.021437873,-0.017395248,0.0017546682385727764,0.4919962763786316,0.012108937511220575,0.04220056431367993,0.0003,285,115,99.21847326653385,4.75227689743042,6.072320222854614,10.824597120285034,482,0.15680079895537347,0,0,TRUE,pair,142,1.8776874996256083,5.037243950522368,27,0,7.563380281690141,1.8776874996256083,0.16813229967374355,2.5342697020387277,cpu,cuda:0,0,381.95361328125,41
642,1,DDT500_num50.txt,fixed,1047,8,130.875,7.473913192749023,5.152710914611816,6.280870366026647e-06,-3.6,-0.288082394,0.2749999761581421,0.03708099201321602,0.2199999988079071,0.3199999928474426,0.008378736674785614,0.012506129841009775,0.001656599381628136,0.49556925892829895,0.013809599273372442,0.044963148422539234,0.0003,290,110,101.30359275987725,5.169924020767212,5.165346145629883,10.335270166397095,451,0.22234070021659136,0,0,TRUE,pair,140,2.189431999111548,5.238777461457275,36,0,7.478571428571429,2.189431999111548,0.2091565013397485,2.6501006997423247,cpu,cuda:0,0,444.4160156,40
643,1,DDT500_num50.txt,fixed,1047,8,130.875,3.5859971046447754,4.3986053466796875,5.088435500510968e-06,-3.44,-0.287138418,0.2849999964237213,0.02397915907204151,0.25999999046325684,0.3199999928474426,-0.031588881,-0.027150549,0.0013850523624569177,0.5130857904752095,0.014538988082980117,0.06310326829552651,0.0003,286,114,49.830235326260755,4.416187286376953,16.595152378082275,21.01133966445923,468,0.14763129875063896,0,0,TRUE,pair,136,1.7541004996746778,5.267430756358499,24,0,7.698529411764706,1.7541004996746778,0.16710769792553037,2.3884361998643726,cpu,cuda:0,0,413.65771484375,40
644,1,DDT500_num50.txt,fixed,1052,8,131.5,4.153311729431152,4.420742511749268,3.194275222995202e-06,-3.4,-0.287343113,0.2874999940395355,0.022220486775040627,0.25999999046325684,0.3199999928474426,-0.093980928,-0.08948605,0.001414076463940243,0.5201923449834188,0.01592847254748146,0.03061079668502013,0.0003,285,115,163.4508247224899,4.4391491413116455,1.997037410736084,6.4361865520477295,473,0.15481540048494935,0,0,TRUE,pair,139,1.6985206002136692,5.167300377055266,30,0,7.568345323741007,1.6985206002136692,0.16643689887132496,2.465276100439951,cpu,cuda:0,0,294.0517578,39
645,1,DDT500_num50.txt,fixed,1083,8,135.375,1.7984368801116943,4.978105068206787,3.870173259201692e-06,-3.44,-0.275579778,0.2849999964237213,0.027838824316859245,0.23999999463558197,0.3199999928474426,0.0008629517230604376,0.004626581977520671,0.0014851481953103627,0.45062069381986347,0.013090737014343696,0.0333607124962977,0.0003,286,114,75.1676886538146,4.996149301528931,9.4116370677948,14.40778636932373,463,0.22495670116040856,0,0,TRUE,pair,137,2.021274299477227,5.157894739043569,28,0,7.905109489051095,2.021274299477227,0.18435089814011008,2.6742658010916784,cpu,cuda:0,0,436.39501953125,40
646,1,DDT500_num50.txt,fixed,1037,8,129.625,5.097486972808838,5.118197441101074,5.096806944493437e-06,-3.48,-0.282237355,0.2824999988079071,0.023318450897932053,0.23999999463558197,0.3199999928474426,-0.008016701,-0.003918778,0.0014319287656689994,0.48138876259326935,0.015301542560337111,0.06259697489440441,0.0003,287,113,87.82751815788042,5.13602089881897,6.671212434768677,11.807233333587646,460,0.1654374998761341,0,0,TRUE,pair,142,2.2947030991781503,5.185149470083739,36,0,7.302816901408451,2.2947030991781503,0.21337179862894118,2.504677898949012,cpu,cuda:0,0,416.4013672,39
647,1,DDT500_num50.txt,fixed,1043,8,130.375,5.242554187774658,4.394161224365234,5.223489552008687e-06,-3.6,-0.295077647,0.2750000059604645,0.03708099201321602,0.2199999988079071,0.3199999928474426,-0.026625944,-0.022545917,0.001518913587047295,0.4839483011852611,0.017585305412384598,0.0527872552417896,0.0003,290,110,65.57931543650521,4.41041898727417,11.493986129760742,15.904405117034912,445,0.14364490122534335,0,0,TRUE,pair,138,1.7329293002840132,5.261744968728846,28,0,7.557971014492754,1.7329293002840132,0.1671540002571419,2.4038080989848822,cpu,cuda:0,0,386.12451171875,39
648,1,DDT500_num50.txt,fixed,1068,8,133.5,4.330127239227295,4.461735725402832,4.6841819312248845e-06,-3.16,-0.263319482,0.3024999797344208,0.01854049600660801,0.2800000011920929,0.3400000035762787,-0.045141072,-0.041708898,0.0016981852531898767,0.4281269200146198,0.018041668416117318,0.07223930663894862,0.0003,279,121,81.85993620595492,4.478304147720337,8.568371057510376,13.046675205230713,457,0.14089259947650135,0,0,TRUE,pair,141,1.7476153004681692,5.0833333315474265,27,0,7.574468085106383,1.7476153004681692,0.1661721020936966,2.4590138009516522,cpu,cuda:0,0,377.89306640625,39
649,1,DDT500_num50.txt,fixed,1073,8,134.125,3.5859971046447754,4.928513526916504,5.218045316723874e-06,-3,-0.24708471,0.3125,0.024366987869143486,0.25999999046325684,0.3400000035762787,-0.015639123,-0.012353202,0.0017903553089126945,0.4181102395057678,0.025889172265306116,0.08075283281505108,0.0003,275,125,108.57391931092279,4.946412086486816,4.936255931854248,9.882668018341064,453,0.15891090012155473,0,0,TRUE,pair,139,2.062695000320673,5.332712022367195,35,0,7.719424460431655,2.062695000320673,0.2018227989319712,2.5625688023865223,cpu,cuda:0,0,471.63623046875,39
650,1,DDT500_num50.txt,fixed,1064,8,133,6.363961219787598,4.4981794357299805,5.209868959354935e-06,-3.36,-0.252490326,0.28999999165534973,0.022360682487487793,0.23999999463558197,0.3199999928474426,0.07786788865923881,0.08126704022288322,0.0018584233708679675,0.43283542394638064,0.008131423068698495,0.03322185538709164,0.0003,284,116,111.11998945456297,4.515458345413208,5.059776544570923,9.57523488998413,476,0.15491139993537217,0,0,TRUE,pair,144,1.769370200461708,5.155075190434778,27,0,7.388888888888889,1.769370200461708,0.17038230237085372,2.4668858954682946,cpu,cuda:0,0,465.53173828125,40
651,1,DDT500_num50.txt,fixed,1079,8,134.875,5.010925769805908,5.902542591094971,1.561869248689618e-05,-3.68,-0.268153196,0.26999998092651367,0.014142138883471489,0.23999999463558197,0.2800000011920929,-0.056840662,-0.053891683,0.0018626030650921166,0.3880281448364258,0.010373974899266614,0.051947725121863186,0.0003,292,108,66.85955111621735,5.9197001457214355,10.218607425689697,16.138307571411133,479,0.24265720031689852,0,0,TRUE,pair,141,2.7653382992139086,5.175162188978081,45,0,7.652482269503546,2.7653382992139086,0.23026670224498957,2.794268501456827,cpu,cuda:0,0,446.8046875,42
652,1,DDT500_num50.txt,fixed,1061,8,132.625,8.199657440185547,6.243104457855225,5.883675839868374e-06,-3.2,-0.246235869,0.29999998211860657,0.022360682487487793,0.25999999046325684,0.3400000035762787,0.11068015731871128,0.11404710076749325,0.0014560690615326166,0.40949784219264984,0.012280689988983795,0.05890419497154653,0.0003,280,120,97.28031607077246,6.260809659957886,4.645816087722778,10.906625747680664,470,0.19015490042511374,0,0,TRUE,pair,143,3.0627914998913184,5.30537228894391,35,0,7.419580419580419,3.0627914998913184,0.25439009873662144,2.8038125005550683,cpu,cuda:0,0,436.9082031,42
653,1,DDT500_num50.txt,fixed,1049,8,131.125,9.130135536193848,4.463420391082764,6.6608022279979195e-06,-3.36,-0.269725671,0.28999999165534973,0.03162277862429619,0.23999999463558197,0.3199999928474426,0.05103129086395105,0.0546668196717898,0.001257181914600854,0.42641214032967883,0.022002906422130764,0.06333585347359379,0.0003,284,116,102.84486039470062,4.4828715324401855,5.7169575691223145,10.1998291015625,460,0.1463149004848674,0,0,TRUE,pair,148,1.7712629997404292,5.441372738893652,40,0,7.087837837837838,1.7712629997404292,0.1726475985487923,2.427898697787896,cpu,cuda:0,0,351.85791015625,42
654,1,DDT500_num50.txt,fixed,1095,8,136.875,4.04467248916626,5.243783950805664,4.795118456968339e-06,-3.2,-0.262924106,0.29999998211860657,0.030000003054738045,0.25999999046325684,0.3400000035762787,-0.017102667,-0.013742223,0.0011821972272757972,0.3951541909149715,0.012944866703557116,0.04990106448531151,0.0003,280,120,80.70578276508526,5.259941577911377,8.307859420776367,13.567800998687744,465,0.16486130189150572,0,0,TRUE,pair,143,2.2957774996757507,5.151598173515982,39,0,7.6573426573426575,2.2957774996757507,0.21194999781437218,2.627975000301376,cpu,cuda:0,0,390.86279296875,43
655,1,DDT500_num50.txt,fixed,1078,8,134.75,6.37867546081543,4.6340413093566895,5.394796517066425e-06,-3.32,-0.272869185,0.29249998927116394,0.031523801386356354,0.23999999463558197,0.3400000035762787,0.016014270856976508,0.019017047248780727,0.001290210266597569,0.3647885322570801,0.011498612258583308,0.035868686810135844,0.0003,283,117,113.42437580917343,4.653761863708496,4.850368022918701,9.504129886627197,460,0.14809349982533604,0,0,TRUE,pair,145,1.8173321996582672,5.077922078806748,28,0,7.43448275862069,1.8173321996582672,0.17365060118027031,2.5499648000113666,cpu,cuda:0,0,388.99462890625,43
656,1,DDT500_num50.txt,fixed,1064,8,133,4.527692794799805,5.1939287185668945,4.4059083847969305e-06,-3.36,-0.288219639,0.28999999165534973,0.030000003054738045,0.23999999463558197,0.3400000035762787,0.015659496720348085,0.01915256306529045,0.0013775533131722892,0.41818466782569885,0.014328095646175956,0.06833226047456264,0.0003,284,116,78.00856431267427,5.212657451629639,8.426870584487915,13.639528036117554,473,0.23517080035526305,0,0,TRUE,pair,140,2.221694199834019,5.291353384130879,28,0,7.6,2.221694199834019,0.18586840212810785,2.6875368993496522,cpu,cuda:0,0,417.3974609,44
657,1,DDT500_num50.txt,fixed,1044,8,130.5,4.898979663848877,4.454392910003662,4.632320269593038e-06,-3.56,-0.29434993,0.2775000035762787,0.011989585123956203,0.25999999046325684,0.30000001192092896,-0.02904382,-0.025315782,0.0014557749964296818,0.445592272740144,0.014409717611180475,0.05053808969947008,0.0003,289,111,60.841210433548504,4.472686290740967,12.6867356300354,17.159421920776367,458,0.15289980173110962,0,0,TRUE,pair,137,1.7285986999049783,5.411877395092756,40,0,7.62043795620438,1.7285986999049783,0.17210389720275998,2.4609782999614254,cpu,cuda:0,0,456.7392578,45
658,1,DDT500_num50.txt,fixed,1085,8,135.625,6.872726917266846,5.045138835906982,6.031566044839565e-06,-3.32,-0.279739465,0.29249998927116394,0.02633913792669773,0.25999999046325684,0.3400000035762787,-0.017843515,-0.014029789,0.0014355684139041437,0.4531506730450524,0.02216008791260214,0.021170714559654396,0.0003,283,117,77.13708551942968,5.063705682754517,9.002161502838135,14.065867185592651,476,0.16775409947149456,0,0,TRUE,pair,143,2.140503500122577,5.168663594689787,30,0,7.5874125874125875,2.140503500122577,0.18946829997003078,2.6148808993166313,cpu,cuda:0,0,439.3896484,45
659,1,DDT500_num50.txt,fixed,1076,8,134.5,5.722761631011963,5.195785045623779,6.424042567232391e-06,-3.2,-0.272330287,0.30000001192092896,0.034641019999980927,0.25999999046325684,0.36000001430511475,0.022138256191586454,0.02599001256749034,0.001888103239859144,0.47958068052927655,0.009392874213517644,0.0456227114967381,0.0003,280,120,89.44099060608922,5.215626001358032,6.81465220451355,12.030278205871582,482,0.17760220100171864,0,0,TRUE,pair,141,2.2223241990432143,5.3754646831285555,36,0,7.631205673758865,2.2223241990432143,0.20311319932807237,2.6620992006501183,cpu,cuda:0,0,389.98291015625,45
660,1,DDT500_num50.txt,fixed,1047,8,130.875,5.109733581542969,4.453343868255615,5.2424989007704426e-06,-3.52,-0.299582055,0.2799999713897705,0.02828427404165268,0.23999999463558197,0.3199999928474426,0.009443990354027067,0.013365487168942179,0.001230704115836748,0.4536848706858499,0.01260509094156857,0.05280741463814463,0.0003,288,112,90.57035563575022,4.47096061706543,7.089113235473633,11.560073852539062,464,0.2038049012189731,0,0,TRUE,pair,140,1.7320960990618914,5.324737345022367,36,0,7.478571428571429,1.7320960990618914,0.17012019944377244,2.4617977992165834,cpu,cuda:0,0,385.02490234375,45
661,1,DDT500_num50.txt,fixed,1056,8,132,4.41588020324707,5.543953895568848,1.0193613888986874e-05,-3.28,-0.284653018,0.29499998688697815,0.019364917650818825,0.2800000011920929,0.3400000035762787,-0.054005688,-0.050357068,0.0011816862637975387,0.42394645299230305,0.015565189848920065,0.036797789723745415,0.0003,282,118,78.99781631618625,5.562278985977173,7.805179119110107,13.36745810508728,449,0.1740710997255519,0,0,TRUE,pair,138,2.5234793992713094,5.309659090457541,36,0,7.6521739130434785,2.5234793992713094,0.22231110092252493,2.6856575002893806,cpu,cuda:0,0,443.0966797,46
662,1,DDT500_num50.txt,fixed,1044,8,130.5,8.077747344970703,4.416118621826172,4.923791038891068e-06,-3.44,-0.279461071,0.2849999964237213,0.038405731320381165,0.2199999988079071,0.3400000035762787,0.05092289975921934,0.054168489965377375,0.0022163980562860766,0.43537888179222745,0.01718960171759439,0.0409580081080397,0.0003,286,114,66.60251138965417,4.433514356613159,11.241570234298706,15.675084590911865,466,0.15202179993502796,0,0,TRUE,pair,138,1.75418860046193,5.188697318921144,35,0,7.565217391304348,1.75418860046193,0.16863379999995232,2.4030642984434962,cpu,cuda:0,0,414.6601563,47
663,1,DDT500_num50.txt,fixed,1027,8,128.375,5.851015090942383,5.028282165527344,5.190740012039896e-06,-3.52,-0.30455813,0.2800000011920929,0.01732051745057106,0.25999999046325684,0.30000001192092896,-0.029623636,-0.025754482,0.0015491320685084378,0.46437168972832815,0.009800653971199478,0.04087836501587715,0.0003,288,112,84.9051802614028,5.046745777130127,7.049100399017334,12.095846176147461,453,0.16602309804875404,0,0,TRUE,pair,138,2.136191100580618,5.416747810777926,36,0,7.442028985507246,2.136191100580618,0.18862069910392165,2.6030187958385795,cpu,cuda:0,0,454.3544922,47
664,1,DDT500_num50.txt,fixed,1070,8,133.75,6.923691272735596,4.601673126220703,5.9604644775390625e-06,-3.48,-0.289314869,0.2824999988079071,0.023318450897932053,0.23999999463558197,0.3199999928474426,0.013350130369265875,0.017021382848421734,0.0017519963633579512,0.454725056886673,0.023179537267424166,0.03188588501264652,0.0003,287,113,107.90583651377352,4.619152545928955,5.296900510787964,9.916053056716919,458,0.2147700999630615,0,0,TRUE,pair,142,1.7660778006538749,5.386915891861247,30,0,7.535211267605634,1.7660778006538749,0.1701603018445894,2.572221598937176,cpu,cuda:0,0,427.52783203125,47
665,1,DDT500_num50.txt,fixed,1062,8,132.75,5.539629936218262,5.08679723739624,4.923791038891068e-06,-3.08,-0.271531162,0.3074999749660492,0.01713913306593895,0.2800000011920929,0.3400000035762787,-0.019398175,-0.015287757,0.001333110981663181,0.4776973615993153,0.011403299778149549,0.03940183428031477,0.0003,277,123,59.102044074392126,5.106101751327515,12.862819910049438,17.968921661376953,463,0.16437210014555603,0,0,TRUE,pair,140,2.150038701016456,5.298493406866903,32,0,7.585714285714285,2.150038701016456,0.1978427005233243,2.6355389019008726,cpu,cuda:0,0,365.41455078125,47
666,1,DDT500_num50.txt,fixed,1051,8,131.375,5.2900261878967285,4.411857604980469,4.708389496954624e-06,-3.4,-0.281197229,0.2874999940395355,0.029895659536123276,0.25999999046325684,0.36000001430511475,-0.009489475,-0.005778388,0.0018017406627121898,0.46119580997361076,0.01207311805855069,0.03550985517601172,0.0003,285,115,76.33907948153244,4.431457996368408,9.336064577102661,13.76752257347107,461,0.1480910994578153,0,0,TRUE,pair,141,1.7423277997877449,5.294005708395017,30,0,7.453900709219858,1.7423277997877449,0.1681496995734051,2.411941101308912,cpu,cuda:0,0,368.4599609,48
667,1,DDT500_num50.txt,fixed,1050,8,131.25,4.789310932159424,5.642297744750977,5.2641398724517785e-06,-3.28,-0.282266493,0.29499995708465576,0.029580403119325638,0.25999999046325684,0.3400000035762787,-0.047971169,-0.044551882,0.0017963861688398398,0.4317481494866885,0.01362846597420195,0.03682958477964768,0.0003,282,118,56.43639041033037,5.663390874862671,12.941626071929932,18.605016946792603,444,0.1669655991718173,0,0,TRUE,pair,136,2.5810238996054977,5.211428569384983,32,0,7.720588235294118,2.5810238996054977,0.23513589857611805,2.710750098573044,cpu,cuda:0,0,400.38037109375,48
668,1,DDT500_num50.txt,fixed,1055,8,131.875,7.4235687255859375,4.4852294921875,6.701216534565901e-06,-3.32,-0.281288153,0.29249998927116394,0.029895655810832977,0.25999999046325684,0.3400000035762787,-0.047489718,-0.043776764,0.0010879327116223674,0.42569158805741203,0.007443283028098651,0.015816989458269544,0.0003,283,117,73.72396822048795,4.501402854919434,9.808732986450195,14.310135841369629,455,0.1504261022200808,0,0,TRUE,pair,142,1.7575668004574254,5.1601895680359755,28,0,7.429577464788732,1.7575668004574254,0.1684827987337485,2.4674860989907756,cpu,cuda:0,0,420.1347656,48
669,1,DDT500_num50.txt,fixed,1037,8,129.625,4.470388889312744,4.393654823303223,5.2424989007704426e-06,-3.4,-0.283556542,0.2874999940395355,0.03152380511164665,0.25999999046325684,0.3400000035762787,-0.008346513,-0.004633893,0.001788782048970461,0.4607012182474136,0.010265951082692482,0.027320336317643523,0.0003,285,115,73.46170408988517,4.411126136779785,9.705072402954102,14.116198539733887,440,0.13952379999682307,0,0,TRUE,pair,136,1.687410699785687,5.207328831333318,32,0,7.625,1.687410699785687,0.16813530132640153,2.4483104002429172,cpu,cuda:0,0,420.1347656,49
670,1,DDT500_num50.txt,fixed,1045,8,130.625,5.633327007293701,6.042516708374023,5.301798864820739e-06,-3.4,-0.292707688,0.2874999940395355,0.02989565208554268,0.23999999463558197,0.3199999928474426,-0.004152812,-6.51E-05,0.001315621833782643,0.474549962924077,0.01033866331160355,0.03569966619117902,0.0003,285,115,57.44527456746984,6.066490411758423,12.124736070632935,18.191226482391357,447,0.25239959929604083,0,0,TRUE,pair,139,2.836509299464524,5.223923442694559,35,0,7.517985611510792,2.836509299464524,0.2630842997459695,2.8178361986065283,cpu,cuda:0,0,418.2705078,49
671,1,DDT500_num50.txt,fixed,1066,8,133.25,8.377798080444336,4.378513336181641,5.245208740234375e-06,-3.2,-0.283385876,0.30000001192092896,0.03162277862429619,0.23999999463558197,0.3400000035762787,-0.034935288,-0.030777745,0.00158277980517596,0.49489325483640034,0.009109107589271541,0.04125953965509931,0.0003,280,120,50.29426096376454,4.39978289604187,16.795478343963623,21.195261240005493,449,0.1464847008464858,0,0,TRUE,pair,141,1.7100348003441468,5.224202629549195,36,0,7.560283687943262,1.7100348003441468,0.17178440105635673,2.4055638018762693,cpu,cuda:0,0,400.38037109375,49
672,1,DDT500_num50.txt,fixed,1063,8,132.875,5.134138107299805,4.555480480194092,5.6394942475890275e-06,-3.52,-0.28443136,0.2800000011920929,0.03162278234958649,0.23999999463558197,0.3199999928474426,-0.014691871,-0.010572789,0.0014689357408011953,0.48535534342130027,0.007529751133794586,0.031894233201940854,0.0003,288,112,49.89734917099558,4.572199106216431,16.73153781890869,21.303736925125122,472,0.16003019898198545,0,0,TRUE,pair,139,1.8346315999515355,5.226716837115929,36,0,7.64748201438849,1.8346315999515355,0.16992560110520571,2.458820002153516,cpu,cuda:0,0,400.38037109375,50
673,1,DDT500_num50.txt,fixed,1081,8,135.125,3.2572035789489746,4.556450843811035,4.498472662817221e-06,-3.44,-0.286729061,0.2849999964237213,0.02397916093468666,0.23999999463558197,0.3199999928474426,-0.060173098,-0.056112831,0.0015695662004873157,0.48450508117675783,0.008155549602815882,0.033218020014464854,0.0003,286,114,70.38082738730368,4.575422286987305,10.783874273300171,15.359296560287476,464,0.148754998925142,0,0,TRUE,pair,140,1.8201550994999707,4.970397780274595,24,0,7.7214285714285715,1.8201550994999707,0.16933640046045184,2.473456298932433,cpu,cuda:0,0,445.60888671875,50
674,1,DDT500_num50.txt,fixed,1038,8,129.75,6.814506530761719,4.717287063598633,6.012687663314864e-06,-3.4,-0.285052943,0.2874999940395355,0.041155193001031876,0.2199999988079071,0.3400000035762787,-0.059429855,-0.055055896,0.0018522386671975255,0.5300078988075256,0.01564931869506836,0.008700522826984525,0.0003,285,115,145.3412354697992,4.733919858932495,2.407893657684326,7.141813516616821,443,0.14966530201490968,0,0,TRUE,pair,138,1.890437800786458,5.144508668682708,32,0,7.521739130434782,1.890437800786458,0.18864500022027642,2.5398847996257246,cpu,cuda:0,0,365.50439453125,50
675,1,DDT500_num50.txt,fixed,1061,8,132.625,5.786568641662598,4.396622657775879,5.778884769824799e-06,-3.4,-0.281772528,0.2874999940395355,0.022220486775040627,0.25999999046325684,0.3199999928474426,-0.031569244,-0.026672608,0.0011101281602999993,0.5451698984418597,0.007624764170031995,0.03705202741548419,0.0003,285,115,58.83866768186462,4.4132304191589355,13.619128942489624,18.03235936164856,460,0.13944889861159027,0,0,TRUE,pair,142,1.6686600003158674,5.314797356710694,24,0,7.471830985915493,1.6686600003158674,0.16831600083969533,2.4709735985379666,cpu,cuda:0,0,365.5253906,50
676,1,DDT500_num50.txt,fixed,1064,8,133,5.7008771896362305,4.501539707183838,4.607712980941869e-06,-3.24,-0.27619683,0.29749998450279236,0.025372233241796494,0.2800000011920929,0.36000001430511475,-0.011587154,-0.007119136,0.0016693665612755077,0.5302699846880776,0.007169044568269912,0.026710272234465395,0.0003,281,119,89.54744629302594,4.519254207611084,7.362715005874634,11.881969213485718,457,0.13956760067958385,0,0,TRUE,pair,144,1.745612099650316,5.36372180809652,36,0,7.388888888888889,1.745612099650316,0.17202370194718242,2.4939055975992233,cpu,cuda:0,0,352.13623046875,50
677,1,DDT500_num50.txt,fixed,1046,8,130.75,6.959705352783203,4.285350322723389,5.80097457714146e-06,-3.72,-0.295809815,0.26750001311302185,0.041155193001031876,0.2199999988079071,0.3199999928474426,0.04850984364748001,0.05307657519976298,0.0015037890213231246,0.5318627109130224,0.016684991734412808,0.04143973719328642,0.0003,293,107,101.37855641293416,4.303793907165527,6.013969898223877,10.317763805389404,465,0.14070300140883774,0,0,TRUE,pair,142,1.6613956994842738,5.260038237270844,30,0,7.366197183098592,1.6613956994842738,0.16718880296684802,2.369128697551787,cpu,cuda:0,0,374.68603515625,50
678,1,DDT500_num50.txt,fixed,1061,8,132.625,5.242554187774658,4.3764801025390625,5.699650500901043e-06,-3.4,-0.303177027,0.2875000238418579,0.0386490672826767,0.2199999988079071,0.36000001430511475,-0.035308739,-0.030866772,0.0014516892519572543,0.5167812208334605,0.013964723666302033,0.034787115847898856,0.0003,285,115,77.5295295931477,4.397094964981079,9.288013219833374,13.685108184814453,466,0.13910410006064922,0,0,TRUE,pair,140,1.7025798003887758,5.583411874465511,45,0,7.578571428571428,1.7025798003887758,0.17407889710739255,2.410504099098034,cpu,cuda:0,0,450.6464844,50
679,1,DDT500_num50.txt,fixed,1033,8,129.125,3.5509681701660156,5.647191047668457,3.263984399382025e-05,-3.56,-0.318357703,0.2774999737739563,0.01854049786925316,0.25999999046325684,0.3199999928474426,-0.035814332,-0.031688084,0.0017850477248430251,0.5018774747848511,0.005645166190030674,0.046282495247821014,0.0003,289,111,50.27230312781285,5.664153099060059,14.883940696716309,20.548093795776367,451,0.15691340109333396,0,0,TRUE,pair,134,2.6161082999315113,5.315585673259281,28,0,7.708955223880597,2.6161082999315113,0.26933740032836795,2.6428550996351987,cpu,cuda:0,0,369.30126953125,51
680,1,DDT500_num50.txt,fixed,1035,8,129.375,5.872339725494385,5.791332244873047,4.2247879719070625e-06,-3.72,-0.322597831,0.26749998331069946,0.03455068916082382,0.2199999988079071,0.3199999928474426,-0.041523289,-0.03743578,0.0016798030826196606,0.4927409844739096,0.008637782907628986,0.019975725528118864,0.0003,293,107,51.97522514122679,5.810148477554321,14.103185176849365,19.913333654403687,467,0.2519514001905918,0,0,TRUE,pair,136,2.605125999660231,5.338164247522031,30,0,7.610294117647059,2.605125999660231,0.2836348005803302,2.774395600776188,cpu,cuda:0,0,389.98291015625,52
681,1,DDT500_num50.txt,fixed,1056,8,132,8.246211051940918,4.364701271057129,6.033921636117157e-06,-3.6,-0.322520064,0.2750000059604645,0.032787200063467026,0.23999999463558197,0.3400000035762787,0.08454171319802602,0.08839738617340724,0.002070626748415331,0.4890980323155721,0.026263538253260776,0.040198041747013726,0.0003,290,110,96.60010880962079,4.380910158157349,6.550754547119141,10.93166470527649,474,0.1436970978975296,0,0,TRUE,pair,142,1.707960500381887,5.2907196960665965,28,0,7.436619718309859,1.707960500381887,0.16548509907443076,2.4032884960761294,cpu,cuda:0,0,427.52783203125,52
682,1,DDT500_num50.txt,fixed,1041,8,130.125,4.136348247528076,5.114390850067139,4.824663847102784e-06,-3.52,-0.31565676,0.2800000011920929,0.01732051745057106,0.25999999046325684,0.30000001192092896,-0.030665273,-0.026629696,0.0013938234963764746,0.4732493956883748,0.034247370378579944,0.02237323857843876,0.0003,288,112,132.2708555134324,5.131689071655273,2.738525391,7.870214462280273,468,0.16139809938613325,0,0,TRUE,pair,135,2.195381599944085,5.276657063267073,35,0,7.711111111111111,2.195381599944085,0.23245250061154366,2.575430002179928,cpu,cuda:0,0,366.3828125,51
683,1,DDT500_num50.txt,fixed,1051,8,131.375,6.040229797363281,5.216046333312988,4.450834694580408e-06,-3.36,-0.294955971,0.28999999165534973,0.02828427590429783,0.23999999463558197,0.3400000035762787,-0.3981058,-0.39554888,0.002039545914158225,0.3576699197292328,0.11840859055519104,0.017142856493592262,0.0003,284,116,169.23760630682074,5.232642889022827,0.9775607585906982,6.210203647613525,454,0.1521939990343526,0,0,TRUE,pair,142,2.3676863993750885,5.312083728193216,28,0,7.401408450704225,2.3676863993750885,0.21431739977560937,2.5318123972974718,cpu,cuda:0,0,251.09619140625,51
684,1,DDT500_num50.txt,fixed,1054,8,131.75,6.319612503051758,4.635405540466309,4.8334918574255425e-06,-3.56,-0.294370237,0.2775000035762787,0.023318450897932053,0.23999999463558197,0.3199999928474426,-0.083505161,-0.080227497,0.002370846690610051,0.446308766802152,0.012374858367062794,0.026615833747200668,0.0003,289,111,98.919185211176,4.652043342590332,6.003119230270386,10.655162572860718,480,0.1487784000346437,0,0,TRUE,pair,139,1.9277678999351338,5.347248574814262,30,0,7.58273381294964,1.9277678999351338,0.177981702494435,2.4376888010883704,cpu,cuda:0,0,391.7958984,52
685,1,DDT500_num50.txt,fixed,1066,8,133.25,6.495190620422363,4.93223237991333,5.4836273193359375e-06,-3.32,-0.292052021,0.29249998927116394,0.024366986006498337,0.23999999463558197,0.3199999928474426,-0.014240361,-0.010921648,0.0013452282437356189,0.3991327993571758,0.02107009406608995,0.0382794946199283,0.0003,283,117,81.2374967881129,4.949843883514404,8.172175407409668,13.122019290924072,464,0.15496309765148908,0,0,TRUE,pair,141,2.0203799998853356,5.086303939291505,28,0,7.560283687943262,2.0203799998853356,0.2145310000050813,2.5899845993844792,cpu,cuda:0,0,413.65771484375,51
686,1,DDT500_num50.txt,fixed,1063,8,132.875,5.230618953704834,4.346484661102295,5.428933036455419e-06,-3.32,-0.274593957,0.29249998927116394,0.03307189792394638,0.25999999046325684,0.36000001430511475,-0.081857728,-0.078923589,0.0018764862842443916,0.3872377574443817,0.01076162732594336,0.03182799695059657,0.0003,283,117,79.10868493491888,4.363647699356079,9.073562145233154,13.437209844589233,454,0.13642920064739883,0,0,TRUE,pair,140,1.6908221998019144,5.1128880529053795,36,0,7.5928571428571425,1.6908221998019144,0.16730619862210006,2.4008295997045934,cpu,cuda:0,0,450.6464844,51
687,1,DDT500_num50.txt,fixed,1043,8,130.375,2.8695600032806396,4.625248432159424,4.3376458052080125e-06,-3.24,-0.275414316,0.29749998450279236,0.01854049786925316,0.25999999046325684,0.3199999928474426,0.007609454542398452,0.010835418850183487,0.0015521776804234833,0.4002052664756775,0.009948313805216458,0.025789427431300284,0.0003,281,119,74.87610286118495,4.641180992126465,9.288496971130371,13.929677963256836,437,0.14175110100768507,0,0,TRUE,pair,134,1.8832612998085096,5.220517736153314,30,0,7.7835820895522385,1.8832612998085096,0.1892748991958797,2.45669019932393,cpu,cuda:0,0,428.2773438,51
688,1,DDT500_num50.txt,fixed,1052,8,131.5,6.855654716491699,5.6845879554748535,5.771502856077859e-06,-3.2,-0.274413848,0.29999998211860657,0.017320508137345314,0.25999999046325684,0.3199999928474426,-0.066170452,-0.06271073,0.0011708414313034154,0.4045137092471123,0.017447850746975746,0.026257242658175528,0.0003,280,120,80.91990696611258,5.701475620269775,7.2990336418151855,13.000509262084961,453,0.1684923997381702,0,0,TRUE,pair,142,2.470241899602115,5.451520905748519,36,0,7.408450704225352,2.470241899602115,0.2756171989021823,2.8171521010808647,cpu,cuda:0,0,400.38037109375,51
689,1,DDT500_num50.txt,fixed,1058,8,132.25,6.740734577178955,5.206831455230713,5.215321380092064e-06,-3.32,-0.255862747,0.29249998927116394,0.02989565022289753,0.23999999463558197,0.3199999928474426,-0.140957739,-0.138130793,0.0023014543694444,0.39776701231797534,0.011449480700927476,0.021454181677351396,0.0003,283,117,102.1811798491787,5.224008560180664,5.130148649215698,10.354157209396362,459,0.15540740208234638,0,0,TRUE,pair,147,2.1903007002547383,5.090737238723524,35,0,7.197278911564626,2.1903007002547383,0.21060940227471292,2.7022320014657453,cpu,cuda:0,0,431.7861328,51
690,1,DDT500_num50.txt,fixed,1087,8,135.875,2.847696542739868,5.7946600914001465,4.5079400479153264e-06,-3.16,-0.248596094,0.3024999797344208,0.015612490475177765,0.2800000011920929,0.3199999928474426,-0.049799406,-0.046823359,0.0014926234393247537,0.372236043214798,0.010438320351698036,0.023619158858699456,0.0003,279,121,82.1333719763479,5.810811281204224,7.423760414123535,13.234571695327759,466,0.16604160028509796,0,0,TRUE,pair,139,2.534353100694716,5.108555657335017,36,0,7.820143884892087,2.534353100694716,0.2751880979631096,2.860468898434192,cpu,cuda:0,0,427.52783203125,51
691,1,DDT500_num50.txt,fixed,1094,8,136.75,3.799670934677124,5.681977272033691,4.635387085727416e-06,-3.16,-0.246888466,0.30250000953674316,0.02904737927019596,0.25999999046325684,0.36000001430511475,-0.080156853,-0.07696273,0.0015356434908296382,0.3961943302835737,0.013189716381020844,0.0378489527585251,0.0003,279,121,92.15427992543256,5.701951026916504,6.169445514678955,11.871396541595459,467,0.17799510061740875,0,0,TRUE,pair,142,2.4906874002190307,5.274223033863186,30,0,7.704225352112676,2.4906874002190307,0.23021589871495962,2.8470186007907614,cpu,cuda:0,0,346.47802734375,48
692,1,DDT500_num50.txt,fixed,1078,8,134.75,6.417748928070068,5.720602989196777,6.395220225385856e-06,-3.28,-0.250594302,0.29499998688697815,0.02179449424147606,0.25999999046325684,0.3199999928474426,-0.056861463,-0.053812946,0.0014867274866749844,0.3791883667310079,0.00816444898955524,0.028019371287276346,0.0003,282,118,49.872313078305865,5.737676382064819,15.877523183822632,21.61519956588745,465,0.24513339961413294,0,0,TRUE,pair,143,2.5663844991941005,5.262523193306294,24,0,7.538461538461538,2.5663844991941005,0.28282380080781877,2.746621002443135,cpu,cuda:0,0,403.875,46
693,1,DDT500_num50.txt,fixed,1084,8,135.5,5.4772257804870605,5.066092014312744,4.76837158203125e-06,-3.32,-0.257661708,0.29250001907348633,0.028173575177788734,0.23999999463558197,0.3400000035762787,0.05274927881546319,0.05589857597951777,0.0016348708013538271,0.3966733753681183,0.013492026380845346,0.028799165831878783,0.0003,283,117,69.95589655226425,5.0861639976501465,10.409313201904297,15.495477199554443,454,0.1547168018296361,0,0,TRUE,pair,144,2.0610764996381477,5.23339483328851,36,0,7.527777777777778,2.0610764996381477,0.20479970087762922,2.6982107993680984,cpu,cuda:0,0,455.54541015625,45
694,1,DDT500_num50.txt,fixed,1046,8,130.75,6.437196731567383,4.720224857330322,5.209868959354935e-06,-3.12,-0.265718129,0.3050000071525574,0.019364913925528526,0.2800000011920929,0.3400000035762787,0.02914729279776414,0.03266385135551294,0.0013334511507612963,0.4183281461397807,0.014275535941123962,0.02452216250821948,0.0003,278,122,96.9870263187314,4.736980438232422,6.047967195510864,10.784947633743286,445,0.15028709813486785,0,0,TRUE,pair,140,1.93206230038777,5.309751431527147,36,0,7.4714285714285715,1.93206230038777,0.20505399722605944,2.481802099267952,cpu,cuda:0,0,336.08447265625,44
695,1,DDT500_num50.txt,fixed,1053,8,131.625,4.328322410583496,4.432371616363525,5.029445219406625e-06,-3.16,-0.265931707,0.3024999797344208,0.03526683896780014,0.25999999046325684,0.3799999952316284,-0.030414904,-0.027148443,0.0013494553406619364,0.3941191765997145,0.01406147805068435,0.030214517894718382,0.0003,279,121,74.12161268789012,4.448992729187012,9.757390022277832,14.206382751464844,455,0.14669019996654242,0,0,TRUE,pair,138,1.757045499747619,5.375118711169063,32,0,7.630434782608695,1.757045499747619,0.17204359627794474,2.411051403498277,cpu,cuda:0,0,314.7128906,43
696,1,DDT500_num50.txt,fixed,1067,8,133.375,7.227335453033447,5.231374263763428,6.212622793100309e-06,-3.4,-0.264513622,0.2874999940395355,0.02633914165198803,0.25999999046325684,0.3400000035762787,-0.030268617,-0.027057298,0.001594910143467132,0.4008769653737545,0.007241644481837284,0.023253329331055284,0.0003,285,115,85.98532755994177,5.24929404258728,7.159799814224243,12.409093856811523,457,0.1558981993002817,0,0,TRUE,pair,143,2.267611499177292,5.51265229347608,35,0,7.461538461538462,2.267611499177292,0.2420578000601381,2.6088512000860646,cpu,cuda:0,0,348.5576172,42
697,1,DDT500_num50.txt,fixed,1099,8,137.375,4.635124206542969,5.819623947143555,4.607712980941869e-06,-3.04,-0.254250549,0.3099999725818634,0.019999997690320015,0.2800000011920929,0.3400000035762787,0.005578758461134774,0.008896398757185255,0.0012396026951526956,0.39374373640332905,0.01962616489202316,0.03795492582555328,0.0003,276,124,81.87095204103689,5.845001935958862,7.578562498092651,13.423564434051514,468,0.16846799931954592,0,0,TRUE,pair,146,2.5685671996325254,5.28298453225994,36,0,7.527397260273973,2.5685671996325254,0.24438229924999177,2.8893163013271987,cpu,cuda:0,0,414.66064453125,41
698,1,DDT500_num50.txt,fixed,1045,8,130.625,10.688048362731934,4.663144588470459,7.160500445024809e-06,-3.32,-0.256401063,0.29249998927116394,0.034550685435533524,0.2199999988079071,0.3400000035762787,-0.043172589,-0.039755324,0.001375336665660143,0.41049376875162125,0.017594919670955278,0.011533764190971851,0.0003,283,117,114.63553084788177,4.6798131465911865,4.436034202575684,9.11584734916687,452,0.1409437998663634,0,0,TRUE,pair,145,1.9758274995256215,5.306220091130745,30,0,7.206896551724138,1.9758274995256215,0.18848210107535124,2.40636350272689,cpu,cuda:0,0,378.91064453125,41
699,1,DDT500_num50.txt,fixed,1085,8,135.625,3.83853816986084,4.511855125427246,5.040734777139733e-06,-3.28,-0.26740155,0.29499998688697815,0.02397915907204151,0.25999999046325684,0.3400000035762787,-0.053488577,-0.049852605,0.0010396972453842561,0.4155820508797963,0.050719065426771216,0.026512306959678728,0.0003,282,118,134.3652925463166,4.527843236923218,3.547158718109131,8.075001955032349,465,0.14381669892463833,0,0,TRUE,pair,140,1.7458323994651437,5.175115211328603,28,0,7.75,1.7458323994651437,0.1760445993859321,2.4969636985333636,cpu,cuda:0,0,348.5576172,41
700,1,DDT500_num50.txt,fixed,1044,8,130.5,6.144103050231934,5.046912670135498,5.138459528097883e-06,-3.24,-0.272880774,0.29749998450279236,0.029047375544905663,0.23999999463558197,0.3400000035762787,-0.016794071,-0.012847188,0.0012229523078228037,0.45583559075991315,0.015953086665831506,0.03426723678906759,0.0003,281,119,131.07579008660272,5.064958333969116,2.8998992443084717,7.964857578277588,454,0.15044969855807722,0,0,TRUE,pair,140,2.1930624993983656,5.222222218568298,35,0,7.457142857142857,2.1930624993983656,0.2313437982229516,2.518988097202964,cpu,cuda:0,0,390.8623047,40
701,1,DDT500_num50.txt,fixed,1083,8,135.375,6.613196849822998,5.166262149810791,5.274926934362156e-06,-3.12,-0.2728614,0.304999977350235,0.034278277307748795,0.25999999046325684,0.36000001430511475,-0.057850543,-0.05387913,0.0013474721694365145,0.4645142436027527,0.016364219679962842,0.026640143897384404,0.0003,278,122,102.27143355199976,5.183748483657837,5.405718803405762,10.589467287063599,459,0.15683299954980612,0,0,TRUE,pair,147,2.1210886993212625,5.05632502220344,35,0,7.36734693877551,2.1210886993212625,0.23045969661325216,2.7003998974105343,cpu,cuda:0,0,489.8144531,40
702,1,DDT500_num50.txt,fixed,1063,8,132.875,4.594493865966797,4.606586456298828,5.563384092965862e-06,-3.12,-0.266782318,0.3050000071525574,0.025980761274695396,0.2800000011920929,0.3400000035762787,-0.052399596,-0.048019049,0.0014845102430424756,0.5122799774010977,0.011090618805610575,0.040319935832586556,0.0003,278,122,69.09999645398248,4.622952461242676,10.760550498962402,15.383502960205078,443,0.1385976995807141,0,0,TRUE,pair,141,1.8662325006444007,5.1937911562053865,27,0,7.539007092198582,1.8662325006444007,0.17775489739142358,2.470530998427421,cpu,cuda:0,0,372.44873046875,40
703,1,DDT500_num50.txt,fixed,1062,8,132.75,7.292975902557373,5.6850690841674805,5.272232101560803e-06,-3.56,-0.267619406,0.2775000035762787,0.029047377407550812,0.2199999988079071,0.3199999928474426,0.03237137570977211,0.03679581296940645,0.0012202390159169834,0.5034558922052383,0.009063661040272564,0.02294675757487615,0.0003,289,111,88.87183159416105,5.702325820922852,6.247467279434204,11.949793100357056,461,0.1646263002185151,0,0,TRUE,pair,145,2.5745106998365372,5.152542371534358,30,0,7.324137931034483,2.5745106998365372,0.24328060005791485,2.7562312020454556,cpu,cuda:0,0,350.796875,39
704,1,DDT500_num50.txt,fixed,1066,8,133.25,4.630064964294434,4.732451915740967,2.498678986739833e-05,-3.44,-0.275244599,0.2849999964237213,0.029580403119325638,0.25999999046325684,0.3400000035762787,0.0037295271952946982,0.007571967939535777,0.0016610583600898583,0.4672962427139282,0.021071226151737694,0.04770544761170944,0.0003,286,114,97.10612835490055,4.765782594680786,6.210900545120239,10.977679967880249,471,0.14678120065946132,0,0,TRUE,pair,139,1.9418186997063458,5.0919324577861165,32,0,7.669064748201439,1.9418186997063458,0.18211559834890068,2.512495599454269,cpu,cuda:0,0,420.1347656,39
705,1,DDT500_num50.txt,fixed,1048,8,131,6.928203105926514,5.221070289611816,1.3477505490300246e-05,-3.28,-0.26992063,0.29499998688697815,0.029580403119325638,0.25999999046325684,0.3400000035762787,-0.009151286,-0.004948389,0.00150262592069339,0.49542058631777763,0.00856231512807426,0.02913459751289338,0.0003,282,118,83.1879032958142,5.247885704040527,7.350099802017212,12.59798550605774,467,0.15535709995310754,0,0,TRUE,pair,140,2.2569251008098945,5.473282442293094,32,0,7.485714285714286,2.2569251008098945,0.20949189830571413,2.6500842014793307,cpu,cuda:0,0,318.0634766,39
706,1,DDT500_num50.txt,fixed,1055,8,131.875,8.237680435180664,4.979767322540283,4.284906481188955e-06,-3.16,-0.264956138,0.30250000953674316,0.030720515176653862,0.23999999463558197,0.3400000035762787,-0.006186873,-0.002103367,0.0016787414788268507,0.4922876238822937,0.015595988766290248,0.04251535553485155,0.0003,279,121,72.24880299809813,4.99648904800415,9.605829000473022,14.602318048477173,441,0.14760260097682476,0,0,TRUE,pair,140,2.0440614997642115,5.338388625818406,36,0,7.535714285714286,2.0440614997642115,0.2230585979996249,2.610877299681306,cpu,cuda:0,0,391.7958984,39
707,1,DDT500_num50.txt,fixed,1078,8,134.75,6.514407157897949,4.53861141204834,5.75424110138556e-06,-3.36,-0.283610398,0.28999999165534973,0.030000003054738045,0.25999999046325684,0.3400000035762787,-0.0006329,0.0034267237254728875,0.0015022240889569123,0.48107345898946124,0.013622402834395567,0.042760989318291344,0.0003,284,116,92.57696312054324,4.554936647415161,7.089428901672363,11.644365549087524,462,0.13962260202970356,0,0,TRUE,pair,144,1.764752600574866,5.196660480163093,36,0,7.486111111111111,1.764752600574866,0.17012650019023567,2.51373469713144,cpu,cuda:0,0,421.4882813,38
708,1,DDT500_num50.txt,fixed,1021,8,127.625,10.629410743713379,4.197963714599609,6.590020802832441e-06,-3.4,-0.267711762,0.2874999940395355,0.03455068916082382,0.2199999988079071,0.3199999928474426,-0.005474973,-0.001590645,0.0015125858364626766,0.46406235694885256,0.012377394188661128,0.029474875330924986,0.0003,285,115,105.9158219904298,4.213928937911987,5.425801753997803,9.63973069190979,446,0.13096050068270415,0,0,TRUE,pair,144,1.6485407007858157,5.42311459260169,36,0,7.090277777777778,1.6485407007858157,0.16540529823396355,2.298603999428451,cpu,cuda:0,0,381.95166015625,39
709,1,DDT500_num50.txt,fixed,1057,8,132.125,4.985917568206787,4.362482070922852,4.806958258996019e-06,-3.24,-0.261247805,0.29750001430511475,0.027271782979369164,0.25999999046325684,0.3400000035762787,-0.078229662,-0.075005833,0.0014821513367888446,0.3964905326183026,0.014323553999509806,0.051624111974468596,0.0003,281,119,63.756552434997104,4.378903388977051,12.199784755706787,16.578688144683838,446,0.1323878993280232,0,0,TRUE,pair,142,1.7363710994832218,5.213812679644452,36,0,7.443661971830986,1.7363710994832218,0.1675444997381419,2.3708773992257193,cpu,cuda:0,0,422.42919921875,39
710,1,DDT500_num50.txt,fixed,1056,8,132,5.612485885620117,5.494316101074219,5.818097179144388e-06,-3.32,-0.253178628,0.29249998927116394,0.024366986006498337,0.23999999463558197,0.3199999928474426,-0.058569641,-0.05529801,0.001327529402139286,0.39353973070780435,0.007981674547772854,0.052136765730877714,0.0003,283,117,50.96602852783958,5.511430740356445,15.208253145217896,20.71968388557434,447,0.15920289943460375,0,0,TRUE,pair,142,2.4850543997017667,5.482007574402925,30,0,7.436619718309859,2.4850543997017667,0.25293380196671933,2.6425386996706948,cpu,cuda:0,0,424.17041015625,42
711,1,DDT500_num50.txt,fixed,1080,8,135,5.244044303894043,5.774454116821289,5.288379725243431e-06,-3.12,-0.255192255,0.3050000071525574,0.031224993988871574,0.25999999046325684,0.36000001430511475,-0.042768096,-0.039649245,0.0010704636515583843,0.365408331155777,0.014871463144663722,0.028417149558663368,0.0003,278,122,68.82138579645243,5.797774791717529,9.895021677017212,15.692796468734741,451,0.15661699906922877,0,0,TRUE,pair,141,2.7283049991820008,5.317592592151077,36,0,7.659574468085107,2.7283049991820008,0.26329100178554654,2.6614083998138085,cpu,cuda:0,0,399.2607422,43
712,1,DDT500_num50.txt,fixed,1059,8,132.375,4.973366737365723,5.0701704025268555,5.363093350752024e-06,-3.24,-0.257789172,0.29749998450279236,0.03230712562799454,0.25999999046325684,0.36000001430511475,0.0067396219819784164,0.009630795568227768,0.0014717781596118584,0.36270614713430405,0.009735617688420461,0.02926568267866969,0.0003,281,119,78.63687619171985,5.087412357330322,8.379551887512207,13.46696424484253,458,0.20660570065956563,0,0,TRUE,pair,142,2.1848373003304005,5.460812085973868,30,0,7.457746478873239,2.1848373003304005,0.21829090116079897,2.565274002146907,cpu,cuda:0,0,385.02490234375,43
713,1,DDT500_num50.txt,fixed,1067,8,133.375,5.072906017303467,4.504001140594482,4.765390258398838e-06,-2.96,-0.258808025,0.3149999976158142,0.035707149654626846,0.25999999046325684,0.36000001430511475,-0.037034943,-0.034274559,0.0016534655005671084,0.3587123230099678,0.013451169987092726,0.015867971815168858,0.0003,274,126,124.04508773735357,4.520563125610352,4.081147909164429,8.60171103477478,443,0.20217310125008225,0,0,TRUE,pair,139,1.7436845005722716,5.2849109608543845,40,0,7.676258992805756,1.7436845005722716,0.1760718012228608,2.492881298996508,cpu,cuda:0,0,371.26025390625,43
714,1,DDT500_num50.txt,fixed,1076,8,134.5,6.422616481781006,4.431939601898193,6.2582039390690625e-06,-3.04,-0.260701831,0.3099999725818634,0.026457514613866806,0.25999999046325684,0.3400000035762787,0.04595585415760676,0.048907394210497536,0.0013677717458146315,0.3635433812936147,0.011884815137212476,0.02543302858248353,0.0003,276,124,92.1391930350809,4.449441432952881,7.228542327880859,11.67798376083374,451,0.13491039932705462,0,0,TRUE,pair,144,1.7507147992728278,5.328996279868938,30,0,7.472222222222222,1.7507147992728278,0.17332729836925864,2.4184242993360385,cpu,cuda:0,0,467.6064453,45
715,1,DDT500_num50.txt,fixed,1009,8,126.125,6.881814956665039,4.613325595855713,8.353161319973879e-06,-3.44,-0.276022783,0.2849999964237213,0.01658313348889351,0.25999999046325684,0.30000001192092896,-0.018670075,-0.015312291,0.0012256645963394216,0.3970617822238377,0.010168041867603148,0.02428115831155862,0.0003,286,114,90.90775733593583,4.630519866943359,6.468642950057983,11.099162817001343,431,0.14365969982463866,0,0,TRUE,pair,134,1.9023311993805692,5.681863232339456,28,0,7.529850746268656,1.9023311993805692,0.20183769997674972,2.4108997989678755,cpu,cuda:0,0,317.3984375,44
716,1,DDT500_num50.txt,fixed,1081,8,135.125,6.936092376708984,4.792114734649658,6.274079169088509e-06,-3.12,-0.266405939,0.304999977350235,0.031224990263581276,0.23999999463558197,0.3400000035762787,-0.071888616,-0.068248786,0.0014118605124002154,0.4345758936621926,0.014894840475542216,0.0382703434125605,0.0003,278,122,64.9706760462004,4.812445402145386,11.825829982757568,16.638275384902954,438,0.13543570099864155,0,0,TRUE,pair,144,1.9613676990848035,5.314523586622551,30,0,7.506944444444445,1.9613676990848035,0.1943168982397765,2.4802798989694566,cpu,cuda:0,0,401.6376953,44
717,1,DDT500_num50.txt,fixed,1069,8,133.625,6.537153244018555,4.442767143249512,6.026852133800276e-06,-3.04,-0.254884249,0.3099999725818634,0.026457514613866806,0.25999999046325684,0.3400000035762787,-0.049428014,-0.04585495,0.0015937493775378573,0.4369941841472279,0.009623300427020613,0.03278947545384819,0.0003,276,124,68.72711667528034,4.458927631378174,11.095340490341187,15.55426812171936,454,0.13901630032341927,0,0,TRUE,pair,143,1.6880851003807038,5.440598689695738,36,0,7.475524475524476,1.6880851003807038,0.1688093999400735,2.4969503018073738,cpu,cuda:0,0,406.24365234375,45
718,1,DDT500_num50.txt,fixed,1042,8,130.25,5.673402786254883,5.09337043762207,5.277620402921457e-06,-3.56,-0.286873549,0.2775000035762787,0.036657195538282394,0.20000000298023224,0.3199999928474426,-0.075651683,-0.072020879,0.001986741304530629,0.462417904819761,0.01326880934980831,0.025227672420442104,0.0003,289,111,79.94849830064398,5.112626314163208,7.920764207839966,13.033390522003174,450,0.14814600243698806,0,0,TRUE,pair,138,2.2523664000909775,5.414587331367317,36,0,7.550724637681159,2.2523664000909775,0.20657730079255998,2.531885299482383,cpu,cuda:0,0,369.3212891,46
719,1,DDT500_num50.txt,fixed,1031,8,128.875,7.270445346832275,4.92725133895874,5.496569428942166e-06,-3.36,-0.284379407,0.28999996185302734,0.03162277862429619,0.23999999463558197,0.3199999928474426,-0.036156425,-0.032150075,0.0018028940539807081,0.49078025221824645,0.01002039376180619,0.023683087341487406,0.0003,284,116,109.8130747656396,4.944457769393921,4.444223880767822,9.388681650161743,445,0.1588259000563994,0,0,TRUE,pair,138,2.0826970991911367,5.512124150846908,40,0,7.471014492753623,2.0826970991911367,0.20251980086322874,2.5393417990999296,cpu,cuda:0,0,392.8476563,45
720,1,DDT500_num50.txt,fixed,1090,8,136.25,5.356071472167969,7.014987468719482,1.1791479664680082e-05,-3.32,-0.268007754,0.29249998927116394,0.028173569589853287,0.23999999463558197,0.3199999928474426,0.03040414412195484,0.03403011212746302,0.0016729654744267464,0.44624462723731995,0.021886391468190897,0.026255403490116198,0.0003,283,117,74.27654455269678,7.032176733016968,7.642711639404297,14.674888372421265,469,0.27725059969816357,0,0,TRUE,pair,143,3.1811172001762316,5.113761465702582,28,0,7.6223776223776225,3.1811172001762316,0.3743931014323607,3.289606102160178,cpu,cuda:0,0,407.36376953125,46
721,1,DDT500_num50.txt,fixed,1078,8,134.75,4.1155195236206055,4.480138301849365,6.05038530920865e-06,-3.24,-0.269184672,0.29750001430511475,0.03665720298886299,0.23999999463558197,0.36000001430511475,-0.002806299,0.0009817063808441162,0.0018347784876823424,0.4705389767885208,0.01789161838241853,0.03780464665032923,0.0003,281,119,73.51148344471362,4.497662305831909,10.166713237762451,14.66437554359436,465,0.14539820072241127,0,0,TRUE,pair,140,1.702603699755855,5.264378482202873,32,0,7.7,1.702603699755855,0.1697137978626415,2.5176214998355135,cpu,cuda:0,0,406.24365234375,46
722,1,DDT500_num50.txt,fixed,1092,8,136.5,5.338539123535156,6.09028434753418,5.9604644775390625e-06,-3.4,-0.263769846,0.2874999940395355,0.022220486775040627,0.25999999046325684,0.3199999928474426,0.06774394152065118,0.071803729981184,0.001211013024051984,0.46652963757514954,0.010139072013165181,0.03310704898710052,0.0003,285,115,79.42909249861933,6.106062889099121,7.642048358917236,13.748111248016357,470,0.17364539916161448,0,0,TRUE,pair,145,2.7911969998385757,5.262820511947185,30,0,7.531034482758621,2.7911969998385757,0.2984376025851816,2.867759300279431,cpu,cuda:0,0,398.01416015625,48
723,1,DDT500_num50.txt,fixed,1034,8,129.25,7.258615493774414,5.639094829559326,6.745602604496526e-06,-3.48,-0.262374753,0.2824999988079071,0.03665719926357269,0.23999999463558197,0.3400000035762787,-0.013422312,-0.009821722,0.0018709358798029523,0.45360564192136127,0.011067963011252383,0.024989807202170294,0.0003,287,113,87.41173159428025,5.656628608703613,6.172447204589844,11.829075813293457,431,0.15398030052892864,0,0,TRUE,pair,137,2.6479769002180547,5.312379112096082,32,0,7.547445255474453,2.6479769002180547,0.2379598004044965,2.639603598974645,cpu,cuda:0,0,365.1923828,48
724,1,DDT500_num50.txt,fixed,1095,8,136.875,9.116434097290039,4.988729953765869,7.001960511843208e-06,-3.44,-0.253635061,0.2849999964237213,0.03840573504567146,0.23999999463558197,0.3400000035762787,0.01409989276102611,0.017689581428255354,0.0016255106311291456,0.4402443766593933,0.013757364383699107,0.028021693961428746,0.0003,286,114,85.27181473972958,5.005063533782959,7.836225271224976,12.841288805007935,481,0.1551597013603896,0,0,TRUE,pair,152,1.9837351001333445,5.130593607088202,28,0,7.203947368421052,1.9837351001333445,0.18895850144326687,2.7165824994444847,cpu,cuda:0,0,400.3808594,47
725,1,DDT500_num50.txt,fixed,1089,8,136.125,6.050568103790283,4.849782943725586,5.4158290367922746e-06,-3.2,-0.245672384,0.30000001192092896,0.030000003054738045,0.25999999046325684,0.36000001430511475,-0.044354266,-0.040967651,0.0017788350814953446,0.42760262319019865,0.010458534899433809,0.027328294901443378,0.0003,280,120,92.62518168750552,4.866723299026489,6.890338659286499,11.757061958312988,472,0.14383780059870332,0,0,TRUE,pair,144,1.9588440004736185,5.12764003760668,40,0,7.5625,1.9588440004736185,0.1824754012050107,2.6145780995720997,cpu,cuda:0,0,389.9833984,47
726,1,DDT500_num50.txt,fixed,1093,8,136.625,2.2878756523132324,5.1591973304748535,4.156970135227311e-06,-3.04,-0.255446111,0.3099999725818634,0.026457514613866806,0.25999999046325684,0.3400000035762787,-0.028007627,-0.024479525,0.0012881861891530985,0.4172193024839674,0.011927552841370925,0.05648526715646897,0.0003,276,124,52.72908562992081,5.1827075481414795,15.545890092849731,20.72859764099121,454,0.15729349886532873,0,0,TRUE,pair,140,2.178675900446251,5.16376944103049,30,0,7.807142857142857,2.178675900446251,0.20098240161314607,2.6777626959374174,cpu,cuda:0,0,401.63818359375,48
727,1,DDT500_num50.txt,fixed,1069,8,133.625,6.945096969604492,4.51126766204834,1.8075839761877432e-05,-3.28,-0.269449538,0.29500001668930054,0.025980766862630844,0.25999999046325684,0.3400000035762787,-0.026132051,-0.021817972,0.0009421133945579641,0.47851328924298286,0.019540128167136572,0.03754716186085716,0.0003,282,118,86.6766698455316,4.532848834991455,7.800343036651611,12.333191871643066,463,0.1430168990045786,0,0,TRUE,pair,143,1.8286924003623426,5.180542563812213,40,0,7.475524475524476,1.8286924003623426,0.17038789973594248,2.413804198615253,cpu,cuda:0,0,391.7958984,48
728,1,DDT500_num50.txt,fixed,1040,8,130,5.315073013305664,4.673483848571777,4.261627964297077e-06,-3.36,-0.276810175,0.28999999165534973,0.03162277862429619,0.23999999463558197,0.3400000035762787,0.07046039899190266,0.07418137788772583,0.0021938768525918326,0.48179060220718384,0.02036253227076183,0.019453112812091906,0.0003,284,116,121.8106465058394,4.6891868114471436,3.8486547470092773,8.537841558456421,458,0.20649930066429079,0,0,TRUE,pair,137,1.951699799974449,5.285576922159929,36,0,7.591240875912408,1.951699799974449,0.16800040134694427,2.4567194000119343,cpu,cuda:0,0,459.26318359375,49
729,1,DDT500_num50.txt,fixed,1051,8,131.375,7.565340518951416,4.3998494148254395,5.190740012039896e-06,-3.4,-0.287667053,0.2874999940395355,0.022220488637685776,0.23999999463558197,0.3199999928474426,0.009120314248970576,0.013315409954105104,0.0014156536947536682,0.49029252358845304,0.027638976711646786,0.04640893664743219,0.0003,285,115,89.92844127674658,4.417230844497681,7.269839286804199,11.68707013130188,465,0.14382310071960092,0,0,TRUE,pair,139,1.7528025998035446,5.319695531244396,36,0,7.561151079136691,1.7528025998035446,0.16853520111180842,2.380484000663273,cpu,cuda:0,0,366.00537109375,49
730,1,DDT500_num50.txt,fixed,1009,8,126.125,7.473913192749023,4.757279396057129,5.936574780207593e-06,-3.92,-0.309646277,0.2549999952316284,0.019364917650818825,0.2199999988079071,0.2800000011920929,-0.028216093,-0.024218409,0.0021622556960210204,0.5078805312514305,0.014603490009903908,0.023308868752792478,0.0003,298,102,118.03974068509446,4.775150537490845,3.772818088531494,8.547968626022339,446,0.1541601992212236,0,0,TRUE,pair,138,1.9673655001679435,5.596630328946827,27,0,7.311594202898551,1.9673655001679435,0.20121239975560457,2.4786677028751,cpu,cuda:0,0,373.5664063,48
731,1,DDT500_num50.txt,fixed,1054,8,131.75,4.683748722076416,5.107085704803467,5.323198820406105e-06,-3.44,-0.298380041,0.2849999964237213,0.029580403119325638,0.2199999988079071,0.3199999928474426,-0.050088592,-0.046171151,0.0019744855118915437,0.49046831727027895,0.01311223185621202,0.029096832405775784,0.0003,286,114,108.57115586624126,5.127780199050903,4.580138921737671,9.707919120788574,460,0.1596554993884638,0,0,TRUE,pair,141,2.201062700129114,5.604364323661269,36,0,7.475177304964539,2.201062700129114,0.2244375996524468,2.5693131014704704,cpu,cuda:0,0,396.89111328125,49
732,1,DDT500_num50.txt,fixed,1056,8,132,5.244044303894043,6.868066787719727,4.2948445297952276e-06,-3.28,-0.287435213,0.29499998688697815,0.016583122313022614,0.2800000011920929,0.3199999928474426,-0.065034899,-0.061137718,0.0015542901819571853,0.4674324803054333,0.010841149363841396,0.028382953722029924,0.0003,282,118,68.13714330968662,6.885168790817261,8.612986087799072,15.498154878616333,442,0.17465840000659227,0,0,TRUE,pair,139,3.483243699884042,5.506628786072587,32,0,7.597122302158273,3.483243699884042,0.3263524997746572,2.9045933998422697,cpu,cuda:0,0,384.0439453,49
733,1,DDT500_num50.txt,fixed,1032,8,129,2.872281312942505,4.2258782386779785,4.479478320718044e-06,-3.48,-0.307881052,0.2824999690055847,0.03072051703929901,0.23999999463558197,0.3199999928474426,-0.063186492,-0.059358643,0.002126036211848259,0.48908737301826477,0.017298698940846537,0.03588758462241718,0.0003,287,113,86.0012285487518,4.242950439453125,7.756878137588501,11.999828577041626,453,0.1387532992521301,0,0,TRUE,pair,134,1.6294997001532465,5.582364335078601,40,0,7.701492537313433,1.6294997001532465,0.16292049724142998,2.3482145997695625,cpu,cuda:0,0,401.6376953,51
734,1,DDT500_num50.txt,fixed,1039,8,129.875,3.295356512069702,4.336267471313477,4.848170192417456e-06,-3.36,-0.294693376,0.28999999165534973,0.017320509999990463,0.25999999046325684,0.3199999928474426,-0.067196691,-0.063348276,0.0015928201901260763,0.4644826240837574,0.01065580301656155,0.030655897164251655,0.0003,284,116,80.12213488954667,4.352081298828125,8.615621089935303,12.967702388763428,457,0.14056619931943715,0,0,TRUE,pair,135,1.6378931993385777,5.415784408773105,32,0,7.696296296296296,1.6378931993385777,0.16448379948269576,2.4471767002251,cpu,cuda:0,0,386.12451171875,50
735,1,DDT500_num50.txt,fixed,1058,8,132.25,3.929058313369751,4.570801734924316,4.886127044301247e-06,-3.32,-0.282824451,0.29250001907348633,0.038649071007966995,0.23999999463558197,0.36000001430511475,-0.02865272,-0.024398215,0.0015129515008690457,0.5010978917280833,0.007511022772329549,0.0428609449416399,0.0003,283,117,51.51125216918264,4.588760614395142,15.950441122055054,20.539201736450195,444,0.1396866001887247,0,0,TRUE,pair,139,1.813975800294429,5.417769374378688,32,0,7.611510791366906,1.813975800294429,0.1792274002218619,2.487211999250576,cpu,cuda:0,0,407.3632813,50
736,1,DDT500_num50.txt,fixed,1062,8,132.75,6.571719646453857,4.574300765991211,2.19727007788606e-05,-3.6,-0.294208276,0.2750000059604645,0.029580404981970787,0.23999999463558197,0.3400000035762787,0.011141298072678702,0.01578126209122794,0.0012914293661846646,0.5285679399967194,0.014413167705892451,0.03844116944154458,0.0003,290,110,87.13081003421405,4.5976598262786865,7.5909104347229,12.188570261001587,471,0.14885839959606528,0,0,TRUE,pair,145,1.8170904009602964,5.470809792619192,36,0,7.324137931034483,1.8170904009602964,0.17414159839972854,2.4920431985519826,cpu,cuda:0,0,381.95361328125,50
737,1,DDT500_num50.txt,fixed,1070,8,133.75,5.018714904785156,4.358260154724121,4.184229055681499e-06,-3.32,-0.281483938,0.29249998927116394,0.04351724311709404,0.2199999988079071,0.36000001430511475,-0.054972823,-0.051083443,0.00193161384335586,0.4855191537312099,0.024539008354102925,0.06732350188706603,0.0003,283,117,94.54881063175782,4.374803781509399,6.9421021938323975,11.316905975341797,463,0.13746059988625348,0,0,TRUE,pair,141,1.6931051008868963,5.195327099907064,32,0,7.588652482269503,1.6931051008868963,0.16743799985852093,2.4099495022092015,cpu,cuda:0,0,369.50732421875,51
738,1,DDT500_num50.txt,fixed,1055,8,131.875,7.007808208465576,4.601393699645996,6.1041673689032905e-06,-3.24,-0.247342244,0.29749998450279236,0.025372229516506195,0.25999999046325684,0.3400000035762787,0.017923638224601746,0.021226419135928154,0.0018586832156870514,0.4232133701443672,0.016032020081183873,0.040764098055660725,0.0003,281,119,126.90920514977698,4.623204946517944,3.6898248195648193,8.313029766082764,448,0.1368948989547789,0,0,TRUE,pair,142,1.9478330999845639,5.3592417059351485,32,0,7.429577464788732,1.9478330999845639,0.1687443988630548,2.3966813997831196,cpu,cuda:0,0,446.8046875,50
739,1,DDT500_num50.txt,fixed,1051,8,131.375,3.7395687103271484,5.521353244781494,4.932441697746981e-06,-3.48,-0.273696383,0.2824999988079071,0.021065382286906242,0.23999999463558197,0.30000001192092896,-0.034921801,-0.031839639,0.00124194142408669,0.37031309604644774,0.007902922363427933,0.026593126077204942,0.0003,287,113,70.45299455395002,5.538589239120483,9.37915849685669,14.917747735977173,453,0.15406000020448118,0,0,TRUE,pair,137,2.5123334986856207,5.465271171221384,40,0,7.671532846715328,2.5123334986856207,0.23846980300731957,2.657902201404795,cpu,cuda:0,0,401.6376953,51
740,1,DDT500_num50.txt,fixed,1075,8,134.375,5.475799083709717,5.643638610839844,5.373681688070064e-06,-3.12,-0.257817117,0.304999977350235,0.02179449237883091,0.2800000011920929,0.3400000035762787,-0.039190251,-0.036474699,0.0013411239138804375,0.33861090540885924,0.008254892355762423,0.03019487434066832,0.0003,278,122,98.50722412602872,5.661281108856201,5.25162410736084,10.912905216217041,446,0.15507039928343147,0,0,TRUE,pair,144,2.683816499891691,5.499534880615944,36,0,7.465277777777778,2.683816499891691,0.2597300006309524,2.583738001761958,cpu,cuda:0,0,406.24365234375,50
741,1,DDT500_num50.txt,fixed,1039,8,129.875,4.539754867553711,4.730861186981201,4.274945695215138e-06,-3.36,-0.256190593,0.28999999165534973,0.024494901299476624,0.25999999046325684,0.3199999928474426,-0.000933897,0.002124996855854988,0.0010928940828307532,0.36053409799933434,0.009471931545704138,0.03153126244433224,0.0003,284,116,88.84646085574265,4.746636629104614,6.947695255279541,11.694331884384155,442,0.1416966007091105,0,0,TRUE,pair,136,2.0168906004400924,5.515880651721826,36,0,7.639705882352941,2.0168906004400924,0.1931715024402365,2.4233961012214422,cpu,cuda:0,0,388.99462890625,51
742,1,DDT500_num50.txt,fixed,1064,8,133,2.5495097637176514,5.499027729034424,4.23486699219211e-06,-3.12,-0.25442967,0.304999977350235,0.025980763137340546,0.25999999046325684,0.3400000035762787,-0.013796038,-0.010989271,0.0013708879050682299,0.349221084266901,0.011678239949105773,0.03197511233156547,0.0003,278,122,77.84229179830466,5.5154924392700195,8.153169870376587,13.668662309646606,462,0.16006249887868762,0,0,TRUE,pair,138,2.5091072998475283,5.415413535179052,36,0,7.7101449275362315,2.5091072998475283,0.23098240164108574,2.651351696695201,cpu,cuda:0,0,378.8740234,51
743,1,DDT500_num50.txt,fixed,1070,8,133.75,7.462405681610107,4.7148118019104,6.0855145420646295e-06,-3.28,-0.258273724,0.29499998688697815,0.027838824316859245,0.25999999046325684,0.3400000035762787,-0.005954314,-0.002892404,0.001364053669385612,0.3743934154510498,0.012580132170114666,0.01590888309292495,0.0003,282,118,102.75084751777516,4.73699688911438,5.676542520523071,10.413539409637451,457,0.14548760035540909,0,0,TRUE,pair,147,1.8666102996794507,5.261682236751663,36,0,7.27891156462585,1.8666102996794507,0.19124009821098298,2.5587730980478227,cpu,cuda:0,0,448.1230469,51
744,1,DDT500_num50.txt,fixed,1067,8,133.375,4.525966644287109,4.305006980895996,4.70234954264015e-06,-3.24,-0.264493476,0.29749998450279236,0.027271782979369164,0.23999999463558197,0.3400000035762787,-0.017995708,-0.015108626,0.001338371285237372,0.3556272327899933,0.020178298419341444,0.029353515803813936,0.0003,281,119,104.8878646216686,4.321231365203857,5.851537466049194,10.172768831253052,477,0.1384492974029854,0,0,TRUE,pair,142,1.5890552006894723,5.462980318203527,40,0,7.514084507042254,1.5890552006894723,0.16716270183678716,2.4617871002992615,cpu,cuda:0,0,403.875,51
745,1,DDT500_num50.txt,fixed,1079,8,134.875,5.395310401916504,4.9673357009887695,4.604627520166105e-06,-3.28,-0.265507088,0.29500001668930054,0.021794497966766357,0.25999999046325684,0.3400000035762787,-0.020807038,-0.017905141,0.0012277334812097252,0.3515761852264404,0.013378689321689308,0.0181506821885705,0.0003,282,118,112.63350002756322,4.985177993774414,4.594565153121948,9.579743146896362,458,0.1467210000846535,0,0,TRUE,pair,145,2.0806521002668887,5.448563487359613,48,0,7.441379310344828,2.0806521002668887,0.21241730183828622,2.571231701876968,cpu,cuda:0,0,407.3632813,51
746,1,DDT500_num50.txt,fixed,1060,8,132.5,8.455767631530762,5.435215950012207,6.686355391138932e-06,-3,-0.259236626,0.3125,0.03596873581409454,0.2199999988079071,0.3400000035762787,-0.00277594,-9.31E-05,0.0015892180963419378,0.3477453986803691,0.023136593285016716,0.026724803106238443,0.0003,275,125,95.58667746035607,5.452197790145874,5.637213706970215,11.089411497116089,446,0.14391839923337102,0,0,TRUE,pair,140,2.5482163998531178,5.336792458228345,36,0,7.571428571428571,2.5482163998531178,0.2630209007766098,2.5104987004306167,cpu,cuda:0,0,408.61083984375,51
747,1,DDT500_num50.txt,fixed,1102,8,137.75,3.0310888290405273,4.828114986419678,4.935322067467496e-06,-2.92,-0.24218928,0.31749996542930603,0.02904737927019596,0.2800000011920929,0.36000001430511475,0.041295131047566734,0.04398023088773092,0.0016529078284899393,0.3511551062266032,0.00903594591266786,0.03943967081916829,0.0003,273,127,52.942648155376375,4.844254016876221,15.970722913742065,20.814976930618286,467,0.1415031012147665,0,0,TRUE,pair,141,1.9756191006163135,5.0916515426497275,36,0,7.815602836879433,1.9756191006163135,0.1839275003876537,2.5750599009916186,cpu,cuda:0,0,424.1708984,51
748,1,DDT500_num50.txt,fixed,1091,8,136.375,6.632071495056152,4.605587959289551,5.629405677609611e-06,-3.16,-0.245532688,0.3024999797344208,0.03230712562799454,0.25999999046325684,0.36000001430511475,-0.058265159,-0.055228419,0.001551465131342411,0.38124657422304153,0.013437749184959102,0.04542236900306307,0.0003,279,121,77.40352027779832,4.622140884399414,9.472825288772583,14.094966173171997,465,0.20068810041993856,0,0,TRUE,pair,147,1.7775429997127503,5.229147568194829,36,0,7.421768707482993,1.7775429997127503,0.18082689703442156,2.554350597085431,cpu,cuda:0,0,417.39794921875,52
749,1,DDT500_num50.txt,fixed,1102,8,137.75,8.88467788696289,5.030335903167725,5.573592261498561e-06,-3.12,-0.243776969,0.304999977350235,0.029580403119325638,0.25999999046325684,0.3400000035762787,0.006765557080507278,0.009815016388893127,0.0014014458749443293,0.37501769661903384,0.021109345206059515,0.038808734901249406,0.0003,278,122,113.57521674855192,5.047237157821655,4.65558385848999,9.702821016311646,471,0.14955039974302053,0,0,TRUE,pair,153,2.0734863004181534,5.0317604299465675,24,0,7.2026143790849675,2.0734863004181534,0.2115665003657341,2.6423711996758357,cpu,cuda:0,0,449.3261719,51
750,1,DDT500_num50.txt,fixed,1061,8,132.625,7.296189308166504,4.775339126586914,6.716044481436256e-06,-3.48,-0.271699016,0.2824999988079071,0.041758231818675995,0.20000000298023224,0.3199999928474426,-0.009433907,-0.006612274,0.0019505207776091993,0.3796885430812836,0.035074864095076916,0.05967146120965481,0.0003,287,113,115.04692441269319,4.793490886688232,4.4288330078125,9.222323894500732,450,0.13968250015750527,0,0,TRUE,pair,141,2.0305985995801166,5.3534401492281525,40,0,7.524822695035461,2.0305985995801166,0.2019430969376117,2.4482251995941624,cpu,cuda:0,0,365.6552734,49
751,1,DDT500_num50.txt,fixed,1088,8,136,6.745368957519531,5.720716953277588,5.781343134003691e-06,-3.08,-0.255377371,0.3075000047683716,0.0386490672826767,0.23999999463558197,0.3400000035762787,-0.030546131,-0.027596718,0.0018088952492689714,0.38538582623004913,0.013233382698672358,0.039946703356690705,0.0003,277,123,77.4039502179968,5.736491918563843,8.3196382522583,14.056130170822144,459,0.15768500021658838,0,0,TRUE,pair,144,2.640729298815131,5.046875000219135,21,0,7.555555555555555,2.640729298815131,0.26910660101566464,2.6920391984749585,cpu,cuda:0,0,385.02490234375,46
752,1,DDT500_num50.txt,fixed,1064,8,133,5.8736701011657715,4.379425048828125,5.256034910416929e-06,-3.6,-0.275036926,0.2750000059604645,0.031224993988871574,0.23999999463558197,0.3400000035762787,-0.030280199,-0.026829821,0.001751114148646593,0.43259340822696685,0.016381561773596332,0.0341507364064455,0.0003,290,110,76.37733516841321,4.395709276199341,9.535125017166138,13.930834293365479,476,0.1977409009123221,0,0,TRUE,pair,144,1.6820456004934385,5.134398493327592,32,0,7.388888888888889,1.6820456004934385,0.16417169570922852,2.4455037029692903,cpu,cuda:0,0,405.1230469,45
753,1,DDT500_num50.txt,fixed,1049,8,131.125,5.732309818267822,6.54488468170166,5.121839421917684e-06,-3.4,-0.276132973,0.2874999940395355,0.037332966923713684,0.23999999463558197,0.36000001430511475,0.003045770236187511,0.006034338225920995,0.0020143623308589063,0.39957497517267865,0.017864266876131296,0.05501029019554456,0.0003,285,115,66.49175258637142,6.562138557434082,9.214254140853882,15.776392698287964,434,0.1717123999260366,0,0,TRUE,pair,139,3.201060500345193,5.286939940529852,30,0,7.546762589928058,3.201060500345193,0.35057789855636656,2.8544734003953636,cpu,cuda:0,0,365.18798828125,43
754,1,DDT500_num50.txt,fixed,1026,8,128.25,5.018714904785156,4.55706262588501,5.091227649245411e-06,-3.64,-0.310910322,0.27250000834465027,0.019843142479658127,0.23999999463558197,0.30000001192092896,-0.017262432,-0.013854509,0.001835460627141098,0.4325656473636627,0.011522387930502495,0.05154079028094808,0.0003,291,109,53.363101570538525,4.572617053985596,14.654151439666748,19.226768493652344,462,0.15180590061936527,0,0,TRUE,pair,136,1.8235574008431286,5.352826512580262,28,0,7.544117647058823,1.8235574008431286,0.17813989939168096,2.4623384005390108,cpu,cuda:0,0,427.52783203125,43
755,1,DDT500_num50.txt,fixed,1072,8,134,4.795831680297852,6.311548233032227,5.099594545754371e-06,-3.12,-0.281405378,0.304999977350235,0.027838822454214096,0.25999999046325684,0.3400000035762787,-0.014986601,-0.011419454,0.0019765331060625614,0.4555420786142349,0.016388487175572664,0.04573749788105488,0.0003,278,122,66.3709723324499,6.328386545181274,9.82325267791748,16.151639223098755,453,0.16781410039402544,0,0,TRUE,pair,141,3.038325000437908,5.2145522383611596,32,0,7.602836879432624,3.038325000437908,0.3357424009591341,2.8004106010776013,cpu,cuda:0,0,402.75732421875,42
756,1,DDT500_num50.txt,fixed,1060,8,132.5,6.304759979248047,5.793554306030273,5.953307663730811e-06,-3.48,-0.314159325,0.2824999988079071,0.027271784842014313,0.23999999463558197,0.3400000035762787,0.10274927797062057,0.10662572085857391,0.0013824681269137987,0.45676795499665396,0.013308501993638597,0.044425719284585545,0.0003,287,113,78.86237975690882,5.809943199157715,7.631193161010742,13.441136360168457,460,0.21772249846253544,0,0,TRUE,pair,145,2.7507111004088074,5.284905659027819,36,0,7.310344827586207,2.7507111004088074,0.23966360185295343,2.6954198986059055,cpu,cuda:0,0,403.875,42
757,1,DDT500_num50.txt,fixed,1037,8,129.625,6.927075386047363,4.143550395965576,6.20346645519021e-06,-3.44,-0.309190611,0.2849999964237213,0.025980763137340546,0.23999999463558197,0.3199999928474426,0.03293272427150181,0.03636400614465986,0.0021349736489355564,0.4498772621154785,0.0135990226283736,0.02550645132682153,0.0003,286,114,88.89400839964355,4.164220809936523,7.501357316970825,11.665578126907349,462,0.13332200096920133,0,0,TRUE,pair,140,1.5712238006526604,5.278688527579018,36,0,7.4071428571428575,1.5712238006526604,0.16263950092252344,2.3250645988155156,cpu,cuda:0,0,366.54736328125,41
758,1,DDT500_num50.txt,fixed,1067,8,133.375,3.672107696533203,4.308157444000244,4.108831490157172e-06,-3.28,-0.300837337,0.29499995708465576,0.02397915907204151,0.25999999046325684,0.3199999928474426,0.009336777962744236,0.012828395701944828,0.0016790850349934772,0.43311554566025734,0.011883106926688924,0.04028375435154885,0.0003,282,118,77.67929468601331,4.324167490005493,9.411796569824219,13.735964059829712,448,0.1324294009245932,0,0,TRUE,pair,140,1.649037400726229,5.382380506985637,32,0,7.621428571428571,1.649037400726229,0.16701460105832666,2.404375701909885,cpu,cuda:0,0,396.89111328125,41
759,1,DDT500_num50.txt,fixed,1035,8,129.375,7.581845283508301,5.5067548751831055,6.940806542843347e-06,-3.2,-0.30011376,0.29999998211860657,0.026457514613866806,0.23999999463558197,0.3400000035762787,-0.039817625,-0.036613124,0.0015388776392986378,0.39739420215288795,0.006829274135331313,0.03373175937061509,0.0003,280,120,51.626847996812415,5.5245888233184814,14.523119688034058,20.04770851135254,454,0.23509069834835827,0,0,TRUE,pair,140,2.479156799730845,5.429951687365914,32,0,7.392857142857143,2.479156799730845,0.22633030160795897,2.693688302533701,cpu,cuda:0,0,366.01220703125,41
760,1,DDT500_num50.txt,fixed,1061,8,132.625,5.914759159088135,5.136699676513672,4.551859547063941e-06,-3.32,-0.297177994,0.29250001907348633,0.02633913792669773,0.25999999046325684,0.3400000035762787,-0.03692043,-0.033455073,0.0013651542443161209,0.41479338705539703,0.011515199662729477,0.03857460462798675,0.0003,283,117,99.92734177045216,5.1542370319366455,5.463477611541748,10.617714643478394,455,0.14840459823608398,0,0,TRUE,pair,139,2.276978299836628,5.3223374157329415,36,0,7.633093525179856,2.276978299836628,0.22531660238746554,2.5328666989225894,cpu,cuda:0,0,422.42919921875,40
761,1,DDT500_num50.txt,fixed,1087,8,135.875,5.599944114685059,5.309879302978516,5.563384092965862e-06,-3,-0.27202386,0.3124999701976776,0.037332963198423386,0.2199999988079071,0.3400000035762787,-0.012412518,-0.008990456,0.001411059289239347,0.4127593398094177,0.008949833258520811,0.020341695053502917,0.0003,275,125,108.86668321281816,5.326188087463379,4.658501148223877,9.984689235687256,448,0.1450307013001293,0,0,TRUE,pair,144,2.486217200406827,5.290708371665134,36,0,7.548611111111111,2.486217200406827,0.217728698044084,2.5024624014040455,cpu,cuda:0,0,403.875,40
762,1,DDT500_num50.txt,fixed,1083,8,135.375,5.699506759643555,5.074750900268555,1.3150897757441271e-05,-2.88,-0.26209652,0.3199999928474426,0.02828427404165268,0.2800000011920929,0.36000001430511475,-0.059818953,-0.056411707,0.0014290114737708461,0.4121750864115628,0.02324187797917561,0.03690517388961532,0.0003,272,128,63.51198700116102,5.09621000289917,11.955689191818237,17.051899194717407,471,0.14439679903443903,0,0,TRUE,pair,144,2.268903399235569,5.411819021677597,30,0,7.520833333333333,2.268903399235569,0.22954270034097135,2.4727551981341094,cpu,cuda:0,0,429.69287109375,40
763,1,DDT500_num50.txt,fixed,1093,8,136.625,3.998046398162842,4.576547622680664,4.105371317564277e-06,-3.28,-0.274457777,0.29499998688697815,0.025980766862630844,0.2800000011920929,0.36000001430511475,0.012558973394334316,0.016124144662171602,0.001140121508797165,0.41352320462465286,0.008602987465565093,0.0378145378199406,0.0003,282,118,89.47195232549144,4.592212915420532,7.623905897140503,12.216118812561035,469,0.13620009983424097,0,0,TRUE,pair,142,1.8469615005888045,5.371454712238643,30,0,7.697183098591549,1.8469615005888045,0.17011729953810573,2.4687142989132553,cpu,cuda:0,0,379.8564453,39
764,1,DDT500_num50.txt,fixed,1071,8,133.875,4.313858509063721,5.869805335998535,5.110729034640826e-06,-3.28,-0.266914123,0.29499998688697815,0.013228756375610828,0.2800000011920929,0.3199999928474426,-0.037592243,-0.033969154,0.0014124042354524136,0.4329292220728738,0.018010744467444186,0.029300190109227384,0.0003,282,118,77.41048678605401,5.8850626945495605,7.950272083282471,13.835334777832031,460,0.24430259980726987,0,0,TRUE,pair,138,2.6343408002285287,5.532212883373157,36,0,7.760869565217392,2.6343408002285287,0.28996599942911416,2.818842899054289,cpu,cuda:0,0,422.42919921875,40
765,1,DDT500_num50.txt,fixed,1091,8,136.375,5.998697757720947,5.5697503089904785,1.8404616639600135e-05,-3.48,-0.276197084,0.2824999988079071,0.023318450897932053,0.23999999463558197,0.3199999928474426,-0.03872876,-0.035228278,0.0012240731416063176,0.41125162773662144,0.01756033711394088,0.03551457731777595,0.0003,287,113,79.42187332105566,5.603155851364136,8.13361406326294,13.736769914627075,488,0.15965579997282475,0,0,TRUE,pair,146,2.5979471997125074,5.310724103920619,36,0,7.472602739726027,2.5979471997125074,0.2074837995460257,2.6607956024818122,cpu,cuda:0,0,389.9833984,40
766,1,DDT500_num50.txt,fixed,1091,8,136.375,5.498579502105713,5.950129985809326,5.61929891773616e-06,-3.16,-0.272984887,0.3024999797344208,0.01854049228131771,0.2800000011920929,0.3199999928474426,-0.077098324,-0.073589982,0.0012565716072761763,0.413663516441981,0.018871812557335943,0.02589493392345806,0.0003,279,121,96.7736904840732,5.96756911277771,5.306156158447266,11.273725271224976,456,0.16366140125319362,0,0,TRUE,pair,146,2.6596134998835623,5.456461961503208,36,0,7.472602739726027,2.6596134998835623,0.2878248979104683,2.8726839020382613,cpu,cuda:0,0,385.0253906,39
767,1,DDT500_num50.txt,fixed,1108,8,138.5,5.5677642822265625,5.406316757202148,5.2125956244708505e-06,-3.12,-0.258334574,0.304999977350235,0.023979157209396362,0.25999999046325684,0.3400000035762787,0.0009933834274609883,0.005019237597783406,0.0011590943516542513,0.4605405827363332,0.045248102163895965,0.02493715596695741,0.0003,278,122,123.62328232640354,5.422203779220581,3.5405092239379883,8.96271300315857,467,0.15590270049870014,0,0,TRUE,pair,147,2.316142300493084,5.350180506491059,35,0,7.537414965986395,2.316142300493084,0.21616650116629899,2.7650472001405433,cpu,cuda:0,0,365.80615234375,39
768,1,DDT500_num50.txt,fixed,1108,8,138.5,2.1794495582580566,4.377125263214111,3.8921421037230175e-06,-3.04,-0.256187534,0.3099999725818634,0.014142130501568317,0.2800000011920929,0.3199999928474426,-0.086718638,-0.082785816,0.001484244130551815,0.4674941599369049,0.02604318658510844,0.019064296657840412,0.0003,276,124,126.71032512633914,4.393707513809204,4.35064697265625,8.744354486465454,469,0.1343599990941584,0,0,TRUE,pair,141,1.6298247991362587,5.342960288808665,32,0,7.858156028368795,1.6298247991362587,0.17186999798286706,2.4850075043505058,cpu,cuda:0,0,470.65185546875,40
769,1,DDT500_num50.txt,fixed,1097,8,137.125,5.9041829109191895,5.618504047393799,5.924593551753787e-06,-3.44,-0.268299636,0.2849999964237213,0.034278273582458496,0.2199999988079071,0.3199999928474426,0.010316797066479921,0.01464529037475586,0.0013572885189205408,0.500714373588562,0.0361865924205631,0.03656742349267006,0.0003,286,114,107.79064031342172,5.636893272399902,4.540242671966553,10.177135944366455,474,0.1645406992174685,0,0,TRUE,pair,147,2.5636520005064085,5.297174109473702,32,0,7.462585034013605,2.5636520005064085,0.27336779492907226,2.6609736010432243,cpu,cuda:0,0,395.77197265625,39
770,1,DDT500_num50.txt,fixed,1108,8,138.5,3.9051249027252197,5.164799213409424,4.62310799775878e-06,-3.36,-0.259278042,0.28999999165534973,0.024494901299476624,0.25999999046325684,0.3199999928474426,0.20807419965664545,0.21251746267080307,0.0014021193686251838,0.5144321024417877,0.03224785078782588,0.030875676001111668,0.0003,284,116,134.36225716297574,5.180493116378784,3.0658702850341797,8.246363401412964,469,0.14759690058417618,0,0,TRUE,pair,145,2.1468288988107815,5.406137182824448,45,0,7.641379310344828,2.1468288988107815,0.2120294019114226,2.704357801703736,cpu,cuda:0,0,402.7578125,40
771,1,DDT500_num50.txt,fixed,1098,8,137.25,4.993746280670166,4.954902648925781,4.7414737309736665e-06,-3.12,-0.271021763,0.3050000071525574,0.034278277307748795,0.23999999463558197,0.36000001430511475,-0.015048521,-0.011251742,0.0016591932508163154,0.4626377709209919,0.024310102584422566,0.031102579087018967,0.0003,278,122,73.51592144306554,4.971290588378906,9.964249610900879,14.935540199279785,467,0.15420629817526788,0,0,TRUE,pair,145,2.029583999654278,5.710382516266869,36,0,7.572413793103448,2.029583999654278,0.20932500238996,2.6122181025566533,cpu,cuda:0,0,446.80517578125,42
772,1,DDT500_num50.txt,fixed,1088,8,136,6.383572578430176,4.824234485626221,5.245208740234375e-06,-3.28,-0.255322546,0.29499998688697815,0.027838824316859245,0.25999999046325684,0.3400000035762787,0.00873193342704326,0.013548886287026107,0.001345471289823763,0.548968993127346,0.02332313489750959,0.05188028630800545,0.0003,282,118,76.34196556001442,4.8423686027526855,9.409294843673706,14.251663446426392,468,0.1448323002550751,0,0,TRUE,pair,144,2.005857599549927,5.699448530945708,35,0,7.555555555555555,2.005857599549927,0.1950769986724481,2.5261244986904785,cpu,cuda:0,0,467.6064453,42
773,1,DDT500_num50.txt,fixed,1122,8,140.25,4.205650806427002,4.513993263244629,5.312509529176168e-06,-3.36,-0.26215986,0.28999999165534973,0.024494903162121773,0.25999999046325684,0.3400000035762787,-0.011250707,-0.006916806,0.0015054132866983612,0.5086608231067657,0.01626930758357048,0.03922620974481106,0.0003,284,116,161.87499896377497,4.537254333496094,2.394019842147827,6.931274175643921,478,0.14248559984844178,0,0,TRUE,pair,145,1.7661472995532677,5.73707665011632,42,0,7.7379310344827585,1.7661472995532677,0.17828280245885253,2.4782428987091407,cpu,cuda:0,0,367.40576171875,42
774,1,DDT500_num50.txt,fixed,1084,8,135.5,6.4031243324279785,5.303455829620361,1.756790697982069e-05,-2.96,-0.249881425,0.3149999976158142,0.025980763137340546,0.2800000011920929,0.36000001430511475,-0.012490398,-0.00828227,0.0013098181370878592,0.48630356788635254,0.012304105664952658,0.04827291991872092,0.0003,274,126,63.89978833472108,5.327850580215454,11.63621187210083,16.964062452316284,457,0.15093360107857734,0,0,TRUE,pair,143,2.3605132000520825,5.757380071161418,48,0,7.580419580419581,2.3605132000520825,0.2020268994383514,2.6419628020375967,cpu,cuda:0,0,434.0605469,43
775,1,DDT500_num50.txt,fixed,1064,8,133,11.694015502929688,4.820497512817383,6.677848432445899e-06,-3.76,-0.281861546,0.26499998569488525,0.02958039939403534,0.2199999988079071,0.3199999928474426,-0.015550445,-0.01117125,0.0015133689157664776,0.5135877877473831,0.015704060487526778,0.0339088155888021,0.0003,294,106,102.45285151219642,4.836474895477295,5.548789978027344,10.385264873504639,473,0.14809589949436486,0,0,TRUE,pair,144,2.0580837004818022,5.93139097542691,50,0,7.388888888888889,2.0580837004818022,0.1928050989517942,2.475308701512404,cpu,cuda:0,0,380.9638672,44
776,1,DDT500_num50.txt,fixed,1116,8,139.5,7.053368091583252,5.589351654052734,6.529361598950345e-06,-3.2,-0.263022237,0.29999998211860657,0.019999999552965164,0.25999999046325684,0.3199999928474426,-0.02927165,-0.025283464,0.001378355554253277,0.4677364793088701,0.026736026411526836,0.043321908141175904,0.0003,280,120,75.19960998354598,5.605827331542969,9.234675168991089,14.840502500534058,476,0.16136739868670702,0,0,TRUE,pair,151,2.5761782011250034,5.849462365591398,45,0,7.3907284768211925,2.5761782011250034,0.24441800045315176,2.656581097980961,cpu,cuda:0,0,413.6582031,44
777,1,DDT500_num50.txt,fixed,1079,8,134.875,10.154278755187988,4.8251447677612305,7.582685611851048e-06,-3.68,-0.298141975,0.26999998092651367,0.024494903162121773,0.2199999988079071,0.30000001192092896,-0.087290357,-0.083263842,0.0017278342663000028,0.4890431861082713,0.011831594223622233,0.01743227258945505,0.0003,292,108,137.1225815678133,4.84523344039917,3.0236382484436035,7.868871688842773,488,0.16219679987989366,0,0,TRUE,pair,146,1.9099565001670271,5.864689534189968,44,0,7.390410958904109,1.9099565001670271,0.18175670283380896,2.637424000306055,cpu,cuda:0,0,347.5078125,45
778,1,DDT500_num50.txt,fixed,1110,8,138.75,5.1901350021362305,4.666491985321045,5.606639660982182e-06,-3.28,-0.289904755,0.29499998688697815,0.02397915907204151,0.25999999046325684,0.3400000035762787,-0.011076024,-0.006510394,0.0014909332889753084,0.5311094601949056,0.010955495498880434,0.06233257359514634,0.0003,282,118,55.31398230001018,4.683351278305054,15.383907556533813,20.067258834838867,479,0.14710120018571615,0,0,TRUE,pair,145,1.8640451997052878,5.882882885460381,45,0,7.655172413793103,1.8640451997052878,0.18292390077840537,2.525091102812439,cpu,cuda:0,0,408.6113281,45
779,1,DDT500_num50.txt,fixed,1111,8,138.875,4.075459957122803,5.559069633483887,4.281588644516887e-06,-3.44,-0.296428412,0.2849999964237213,0.021794501692056656,0.23999999463558197,0.30000001192092896,0.021079515520897176,0.025604942192633946,0.0017955192015506327,0.5423186222712199,0.01028394094545446,0.04347114927238888,0.0003,286,114,80.08877490380446,5.57513689994812,8.296969413757324,13.872106313705444,480,0.1628400997724384,0,0,TRUE,pair,146,2.4016030995408073,5.671467147358466,30,0,7.609589041095891,2.4016030995408073,0.2721878974698484,2.763947998872027,cpu,cuda:0,0,443.09716796875,45
780,1,DDT500_num50.txt,fixed,1050,8,131.25,9.01041030883789,5.314452648162842,6.772934284526855e-06,-3.6,-0.315764449,0.2750000059604645,0.04330127313733101,0.20000000298023224,0.36000001430511475,0.08798814192414284,0.09270347530643146,0.0021795882688214383,0.5805128663778305,0.011548366751715852,0.042156066900740065,0.0003,290,110,92.93514301155777,5.330710172653198,5.967491626739502,11.2982017993927,473,0.15787659981288016,0,0,TRUE,pair,143,2.4592092997627333,5.961904761450631,36,0,7.3426573426573425,2.4592092997627333,0.21256580052431673,2.5269600010942668,cpu,cuda:0,0,439.3896484,46
781,1,DDT500_num50.txt,fixed,1097,8,137.125,3.65504789352417,4.720883846282959,5.0067901611328125e-06,-3.16,-0.302697173,0.30250000953674316,0.025372231379151344,0.2800000011920929,0.36000001430511475,0.01324485195800662,0.017306736786849797,0.0018109498341800645,0.4967353567481041,0.010374133991717827,0.0496325968997553,0.0003,279,121,82.00132038987216,4.7365806102752686,8.641252756118774,13.377833366394043,468,0.20935470052063465,0,0,TRUE,pair,142,1.8405893007293344,6.05287146807369,30,0,7.725352112676056,1.8405893007293344,0.18822360155172646,2.593689202447422,cpu,cuda:0,0,445.609375,46
782,1,DDT500_num50.txt,fixed,1083,8,135.375,9.720307350158691,5.136970043182373,7.509238912462024e-06,-3.24,-0.275245385,0.29749998450279236,0.04408798739314079,0.23999999463558197,0.36000001430511475,0.022473666284765517,0.02639837935566902,0.0022340064336146626,0.5041721250329699,0.011417720483482949,0.052094562511358945,0.0003,281,119,87.81849319782549,5.153316020965576,7.178938388824463,12.332254409790039,462,0.14880450128111988,0,0,TRUE,pair,147,2.2755624008132145,5.8596491241278965,52,0,7.36734693877551,2.2755624008132145,0.20831680204719305,2.552521697827615,cpu,cuda:0,0,477.859375,47
783,1,DDT500_num50.txt,fixed,1132,8,141.5,4.663689613342285,4.446743011474609,5.1660413191711996e-06,-2.92,-0.278203892,0.3174999952316284,0.01854049228131771,0.30000001192092896,0.3400000035762787,0.032468254367510475,0.036306084444125496,0.001494207497065266,0.45849338670571643,0.013451971870381385,0.04531385889276862,0.0003,273,127,102.10824090200595,4.462142705917358,6.624131917953491,11.08627462387085,494,0.14341899857390672,0,0,TRUE,pair,148,1.6539799007587135,5.331272082699482,40,0,7.648648648648648,1.6539799007587135,0.16769939742516726,2.535482599865645,cpu,cuda:0,0,407.36376953125,48
784,1,DDT500_num50.txt,fixed,1112,8,139,5.099019527435303,4.455325603485107,4.952568360749865e-06,-3.08,-0.281003497,0.3074999749660492,0.028173571452498436,0.25999999046325684,0.3400000035762787,0.0026671357452869417,0.007024246454238892,0.0014091252058278769,0.5061671823263169,0.014792074513388797,0.0652846921235323,0.0003,277,123,71.84392553347017,4.477542877197266,11.000453233718872,15.477996110916138,483,0.14686790166888386,0,0,TRUE,pair,144,1.7001755994278938,5.67266187307646,42,0,7.722222222222222,1.7001755994278938,0.17505159985739738,2.487968999776058,cpu,cuda:0,0,449.3261719,47
785,1,DDT500_num50.txt,fixed,1083,8,135.375,5.313602924346924,4.378232955932617,5.950920240138657e-06,-3.32,-0.294812544,0.29249998927116394,0.009682463482022285,0.2800000011920929,0.30000001192092896,0.0480635522140397,0.0530329296986262,0.001073190851861404,0.5505974392096201,0.011224798444244597,0.0601843755123102,0.0003,283,117,78.39672942360178,4.39462947845459,9.419722318649292,13.814351797103882,462,0.1359980006236583,0,0,TRUE,pair,141,1.7017810003599152,5.850415512905667,48,0,7.680851063829787,1.7017810003599152,0.17018900124821812,2.418329199310392,cpu,cuda:0,0,390.8623047,47
786,1,DDT500_num50.txt,fixed,1068,8,133.5,8.440971374511719,5.128057479858398,5.082986899651587e-05,-3.32,-0.293510226,0.29249998927116394,0.022220488637685776,0.23999999463558197,0.3199999928474426,-0.000217324,0.00395214060942332,0.001805098207357029,0.5072018444538117,0.009368616854771972,0.04839716808249553,0.0003,283,117,52.21020155685242,5.144432783126831,15.311339616775513,20.455772399902344,462,0.21439109975472093,0,0,TRUE,pair,142,2.1301013998454437,5.803370786740092,36,0,7.52112676056338,2.1301013998454437,0.21380510018207133,2.6800246998900548,cpu,cuda:0,0,435.15966796875,48
787,1,DDT500_num50.txt,fixed,1098,8,137.25,6.722164630889893,4.3838629722595215,5.6243543440359645e-06,-2.96,-0.279696568,0.3149999976158142,0.027838822454214096,0.2800000011920929,0.36000001430511475,-0.051858671,-0.047723244,0.0014829874417046085,0.4876919463276863,0.013442159470287152,0.05613191658630967,0.0003,274,126,80.31600854979503,4.401422023773193,9.269576072692871,13.670998096466064,476,0.14002620056271553,0,0,TRUE,pair,147,1.6914940004935488,5.791438980614987,48,0,7.469387755102041,1.6914940004935488,0.16581769951153547,2.4389178978744894,cpu,cuda:0,0,405.12353515625,49
788,1,DDT500_num50.txt,fixed,1076,8,134.5,5.099019527435303,4.453406810760498,4.5330889406614006e-06,-3.2,-0.275404792,0.30000001192092896,0.03162278234958649,0.25999999046325684,0.36000001430511475,-0.057185929,-0.053541273,0.0016102350782603025,0.44497695192694664,0.020959611050784588,0.05624925997108221,0.0003,280,120,81.4711862093641,4.470402717590332,8.736720561981201,13.207123279571533,475,0.1425992997828871,0,0,TRUE,pair,142,1.769453699584119,5.83271375619789,40,0,7.577464788732394,1.769453699584119,0.18001300015021116,2.4142497004941106,cpu,cuda:0,0,420.1347656,49
789,1,DDT500_num50.txt,fixed,1093,8,136.625,4.4141106605529785,4.5023345947265625,5.245208740234375e-06,-3.4,-0.269596564,0.2874999940395355,0.029895653948187828,0.23999999463558197,0.3400000035762787,0.008650794625282288,0.01256147250533104,0.0014154745149426162,0.46184141039848325,0.013636227080132813,0.07625049902126194,0.0003,285,115,71.88792032633573,4.518914461135864,10.685308933258057,15.204223394393921,471,0.14265569963026792,0,0,TRUE,pair,143,1.78423409932293,5.834400730621673,55,0,7.643356643356643,1.78423409932293,0.18288009951356798,2.442860499024391,cpu,cuda:0,0,392.84814453125,49
790,1,DDT500_num50.txt,fixed,1090,8,136.25,4.943429946899414,4.414444923400879,4.112288479518611e-06,-3.4,-0.258835868,0.2874999940395355,0.03307189419865608,0.23999999463558197,0.3400000035762787,-0.029578855,-0.025454349,0.001415683728797982,0.48323490023612975,0.011414015929525097,0.05416523721069098,0.0003,285,115,55.3718949568048,4.43762731552124,15.247449398040771,19.68507671356201,473,0.14002079889178276,0,0,TRUE,pair,142,1.688646600698121,5.88348623940704,36,0,7.676056338028169,1.688646600698121,0.1710772003279999,2.462824697024189,cpu,cuda:0,0,366.86962890625,50
791,1,DDT500_num50.txt,fixed,1067,8,133.375,9.01301097869873,5.751373767852783,1.3096755537844729e-05,-3.4,-0.258473816,0.2874999940395355,0.029895653948187828,0.23999999463558197,0.3400000035762787,-0.003132953,0.0009985159743915904,0.0015229865993288431,0.48929649049585516,0.009838365632194009,0.05271332592449405,0.0003,285,115,65.88505048396702,5.76948881149292,10.425383806228638,16.194872617721558,466,0.1676014990080148,0,0,TRUE,pair,144,2.640947899315506,5.826616680052309,54,0,7.409722222222222,2.640947899315506,0.2640883973799646,2.7304686999414116,cpu,cuda:0,0,373.5683594,50
792,1,DDT500_num50.txt,fixed,1069,8,133.625,4.299345970153809,5.015722274780273,4.545611318462761e-06,-3.48,-0.276279943,0.2824999988079071,0.02904738113284111,0.23999999463558197,0.3400000035762787,-0.024549421,-0.020254502,0.001497282856144011,0.5043563346068064,0.014003410353325307,0.08546087996413311,0.0003,287,113,53.89512683324059,5.033040285110474,14.801777124404907,19.83481740951538,464,0.14548509987071157,0,0,TRUE,pair,140,2.2039669001242146,5.659494857234972,42,0,7.635714285714286,2.2039669001242146,0.2238682012539357,2.4807757006492466,cpu,cuda:0,0,436.9082031,50
793,1,DDT500_num50.txt,fixed,1093,8,136.625,5.072906017303467,4.745626449584961,9.602083991921972e-06,-3,-0.264273902,0.3125,0.022220484912395477,0.2800000011920929,0.3400000035762787,0.07450951901929719,0.07896919229200908,0.0015806363163782017,0.5249993886266436,0.012412142274635178,0.036185894161462784,0.0003,275,125,84.27702980666803,4.7676661014556885,8.201466798782349,12.969132900238037,468,0.14909970026928931,0,0,TRUE,pair,143,1.8830975000746548,5.618481248862571,40,0,7.643356643356643,1.8830975000746548,0.18093080120161176,2.584340000874363,cpu,cuda:0,0,366.38330078125,50
794,1,DDT500_num50.txt,fixed,1076,8,134.5,3.570714235305786,4.480093955993652,4.2649612623790745e-06,-3.44,-0.275888271,0.2849999964237213,0.038405731320381165,0.2199999988079071,0.3400000035762787,-0.084274758,-0.080363237,0.001679831591900438,0.4751434996724129,0.009830542490817606,0.04018900776281953,0.0003,286,114,116.68939796174526,4.496703386306763,4.7243571281433105,9.221060514450073,471,0.14221720059867948,0,0,TRUE,pair,141,1.7283782000886276,5.69237918437192,40,0,7.631205673758865,1.7283782000886276,0.16982799780089408,2.493305300711654,cpu,cuda:0,0,367.1982422,51
795,1,DDT500_num50.txt,fixed,1097,8,137.125,4.910130023956299,4.493525505065918,5.304478690959513e-06,-3.08,-0.262203408,0.3074999749660492,0.03152380511164665,0.25999999046325684,0.36000001430511475,-0.008373831,-0.00434732,0.001390080518004569,0.47215531089089136,0.012915052664042874,0.052862297743558884,0.0003,277,123,70.87736040142161,4.511573314666748,10.96586537361145,15.477438688278198,453,0.13917580025736243,0,0,TRUE,pair,146,1.7717678002081811,5.818596173984524,45,0,7.513698630136986,1.7717678002081811,0.17394279944710433,2.458151401137002,cpu,cuda:0,0,450.64697265625,50
796,1,DDT500_num50.txt,fixed,1138,8,142.25,4.380353927612305,4.768716812133789,4.964032996213064e-06,-3.08,-0.262249341,0.3074999749660492,0.01984313316643238,0.2800000011920929,0.3400000035762787,0.08074480667710304,0.08426799578592181,0.001788708264939487,0.44175468385219574,0.012716696917777881,0.051265268586575985,0.0003,277,123,80.11417241251633,4.785194396972656,9.419533252716064,14.20472764968872,498,0.1477737989043817,0,0,TRUE,pair,152,1.9135607007192448,5.622144112478032,44,0,7.4868421052631575,1.9135607007192448,0.18300160090439022,2.5753330988809466,cpu,cuda:0,0,478.8339844,51
797,1,DDT500_num50.txt,fixed,1088,8,136,7.29725980758667,4.321108341217041,5.1356932999624405e-06,-3.24,-0.26599042,0.29749998450279236,0.01854049228131771,0.2800000011920929,0.3199999928474426,-0.080878804,-0.077233771,0.0020033492085834346,0.4646706779797872,0.022550906947193045,0.02251177995155255,0.0003,281,119,125.94335687555126,4.337627410888672,4.3011767864227295,8.638804197311401,474,0.13929270079825073,0,0,TRUE,pair,147,1.617651600507088,5.768382352941177,40,0,7.401360544217687,1.617651600507088,0.1698314007371664,2.4448200025362894,cpu,cuda:0,0,471.63623046875,51
798,1,DDT500_num50.txt,fixed,1104,8,138,4.924428939819336,4.82452392578125,5.2424989007704426e-06,-3.08,-0.274730344,0.3074999749660492,0.02989564836025238,0.2800000011920929,0.3799999952316284,-0.10934218,-0.105589475,0.001355334126856178,0.44303669035434723,0.01874878298258409,0.04160125134512782,0.0003,277,123,120.40095108842264,4.84189772605896,4.327465057373047,9.169362783432007,472,0.14856980100739747,0,0,TRUE,pair,146,1.9733114996924996,5.622282609343529,55,0,7.561643835616438,1.9733114996924996,0.21751230163499713,2.5299063029233366,cpu,cuda:0,0,374.6865234,51
799,1,DDT500_num50.txt,fixed,1095,8,136.875,4.910130023956299,5.136684894561768,4.981179699825589e-06,-3.36,-0.26454536,0.28999999165534973,0.024494897574186325,0.23999999463558197,0.3199999928474426,-0.017251652,-0.013337898,0.0016004514181986451,0.47139679193496703,0.012679707561619579,0.04195389412343502,0.0003,284,116,112.75131437062566,5.1534411907196045,4.558197259902954,9.711638450622559,486,0.22622779989615083,0,0,TRUE,pair,144,2.116831099614501,5.675799088499862,36,0,7.604166666666667,2.116831099614501,0.21033589949365705,2.706572899245657,cpu,cuda:0,0,366.38330078125,50
800,1,DDT500_num50.txt,fixed,1068,8,133.5,9.578621864318848,4.46929407119751,5.972373401164077e-06,-3.2,-0.261023188,0.29999998211860657,0.014142132364213467,0.2800000011920929,0.3199999928474426,0.005110025405883789,0.009028828392426172,0.0014822519151493907,0.4659922122955322,0.01747621691902168,0.024013608150805037,0.0003,280,120,103.16717255127311,4.485793590545654,5.8663365840911865,10.35213017463684,464,0.13854619907215238,0,0,TRUE,pair,149,1.8053809996927157,5.7958801500359725,36,0,7.167785234899329,1.8053809996927157,0.17131459945812821,2.4044919991865754,cpu,cuda:0,0,343.1738281,51
801,1,DDT500_num50.txt,fixed,1078,8,134.75,7.462405681610107,4.419413089752197,6.019773991283728e-06,-3.2,-0.282065601,0.30000001192092896,0.040000006556510925,0.23999999463558197,0.36000001430511475,0.011464156955480576,0.014997007697820664,0.0017145345220342279,0.43901289701461793,0.015620686393231154,0.04201858267188072,0.0003,280,120,114.5766609202553,4.436658620834351,4.97188925743103,9.40854787826538,468,0.1386617998359725,0,0,TRUE,pair,144,1.7501518999924883,5.582560297951849,42,0,7.486111111111111,1.7501518999924883,0.17066279926802963,2.408581697731279,cpu,cuda:0,0,380.9638672,51
802,1,DDT500_num50.txt,fixed,1090,8,136.25,6.722164630889893,4.892359256744385,5.397429958975408e-06,-3.04,-0.27442149,0.3099999725818634,0.022360678762197495,0.2800000011920929,0.3400000035762787,0.027009333883013045,0.030423065381390706,0.0018880866118706763,0.43577701279095243,0.01636377163231373,0.03099390149249562,0.0003,276,124,92.90418339277379,4.909646272659302,6.822871685028076,11.732517957687378,468,0.13962809776421636,0,0,TRUE,pair,145,2.0829814987955615,5.700000002843525,40,0,7.517241379310345,2.0829814987955615,0.17672859760932624,2.541266097454354,cpu,cuda:0,0,380.96435546875,51
803,1,DDT500_num50.txt,fixed,1100,8,137.5,3.8405728340148926,4.3903093338012695,4.708389496954624e-06,-2.96,-0.288865282,0.3149999678134918,0.031224986538290977,0.2800000011920929,0.3799999952316284,-0.037685506,-0.033647303,0.0011633028625510633,0.4619852900505066,0.02521825605072081,0.03979342058300972,0.0003,274,126,184.5123480619909,4.406125068664551,1.5555355548858643,5.961660623550415,472,0.1372215998126194,0,0,TRUE,pair,145,1.6347821003291756,5.6463636393980545,45,0,7.586206896551724,1.6347821003291756,0.16806350043043494,2.4994370008353144,cpu,cuda:0,0,332.6660156,51
804,1,DDT500_num50.txt,fixed,1108,8,138.5,4.5552167892456055,5.097391605377197,4.998267741029849e-06,-3.12,-0.28136568,0.3050000071525574,0.031224993988871574,0.25999999046325684,0.3400000035762787,-0.015685188,-0.012155231,0.0015379092423245312,0.42989118695259093,0.04338985881768167,0.034393996372818945,0.0003,278,122,114.53662726148336,5.11361837387085,4.560142993927002,9.673761367797852,473,0.15028310019988567,0,0,TRUE,pair,144,2.2058885992737487,5.669675088531274,45,0,7.694444444444445,2.2058885992737487,0.2270515008131042,2.557260599685833,cpu,cuda:0,0,440.5820313,50
805,1,DDT500_num50.txt,fixed,1101,8,137.625,5.721396446228027,5.297143936157227,5.0940179789904505e-06,-2.96,-0.259970566,0.3149999976158142,0.027838824316859245,0.25999999046325684,0.3400000035762787,-0.115888229,-0.112509506,0.0015653445651488645,0.4161389597824642,0.00963779735944367,0.022929639355944737,0.0003,274,126,91.52411032603123,5.313398361206055,6.716218709945679,12.029617071151733,473,0.15519700315780938,0,0,TRUE,pair,144,2.2381728008622304,5.502270661301227,65,0,7.645833333333333,2.2381728008622304,0.21318360033910722,2.745011998456903,cpu,cuda:0,0,466.50537109375,51
806,1,DDT500_num50.txt,fixed,1110,8,138.75,5.379358768463135,4.342104434967041,4.632320269593038e-06,-3.12,-0.257104171,0.304999977350235,0.019364915788173676,0.25999999046325684,0.3199999928474426,0.03532921131700277,0.03945469632744789,0.0015316750039346516,0.48913160562515257,0.011573212448274717,0.03573864568024874,0.0003,278,122,73.37316730096197,4.360341310501099,10.767804861068726,15.128146171569824,478,0.13759220112115145,0,0,TRUE,pair,148,1.6527055996702984,5.253153151864404,30,0,7.5,1.6527055996702984,0.16724249755498022,2.434747999999672,cpu,cuda:0,0,436.3955078,51
807,1,DDT500_num50.txt,fixed,1094,8,136.75,5.606915473937988,4.650692462921143,4.396221356728347e-06,-3.2,-0.262293213,0.30000001192092896,0.022360682487487793,0.25999999046325684,0.3400000035762787,0.031802923418581486,0.03589728754013777,0.0017826255352701992,0.4985678046941757,0.012762855600158218,0.02484627452213317,0.0003,280,120,94.25305057142356,4.6658947467803955,6.941156625747681,11.607051372528076,463,0.1403838008409366,0,0,TRUE,pair,142,1.9029868996003643,5.50731261513133,52,0,7.704225352112676,1.9029868996003643,0.18143230106215924,2.474546199897304,cpu,cuda:0,0,391.79638671875,51
808,1,DDT500_num50.txt,fixed,1110,8,138.75,6.359048843383789,4.916691780090332,5.455046448332723e-06,-3.24,-0.25048348,0.29750001430511475,0.023318449035286903,0.25999999046325684,0.3400000035762787,0.03603608161211014,0.03967092016881162,0.0017485172508961775,0.45090998844666913,0.012077988755084913,0.03934261245145039,0.0003,281,119,68.3468628686373,4.932523965835571,11.308162927627563,16.240686893463135,480,0.14957609784323722,0,0,TRUE,pair,146,2.0260819997638464,5.5567567561123825,40,0,7.602739726027397,2.0260819997638464,0.19331949925981462,2.5996874993434176,cpu,cuda:0,0,405.12353515625,51
809,1,DDT500_num50.txt,fixed,1139,8,142.375,3.159806251525879,4.505873203277588,4.469950908969622e-06,-3.24,-0.281153235,0.29749998450279236,0.01854049786925316,0.25999999046325684,0.3199999928474426,-0.213222899,-0.20900907,0.0011085708392784,0.4768126904964447,0.018136540660634637,0.04272570461034775,0.0003,281,119,176.6023650823201,4.521425724029541,1.9280915260314941,6.449517250061035,484,0.19978859939146787,0,0,TRUE,pair,146,1.6829691011225805,5.402107114431835,36,0,7.801369863013699,1.6829691011225805,0.1691493014805019,2.5637955982238054,cpu,cuda:0,0,323.97412109375,51
810,1,DDT500_num50.txt,fixed,1116,8,139.5,2.872281312942505,4.458309650421143,4.9122327254735865e-06,-3,-0.285053225,0.3124999701976776,0.024366986006498337,0.2800000011920929,0.36000001430511475,0.04545252025127411,0.049545951187610626,0.0014651750447228552,0.4826016962528229,0.04365252942661755,0.03677641898393631,0.0003,275,125,110.56716818977391,4.474327802658081,5.619084358215332,10.093412160873413,482,0.13871640048455447,0,0,TRUE,pair,143,1.657596000120975,5.539426522442944,45,0,7.804195804195804,1.657596000120975,0.16904399869963527,2.5428102016448975,cpu,cuda:0,0,444.41650390625,52
811,1,DDT500_num50.txt,fixed,1105,8,138.125,6.050568103790283,5.363333702087402,5.096806944493437e-06,-3.08,-0.283853688,0.3074999749660492,0.028173571452498436,0.25999999046325684,0.3400000035762787,-0.016156146,-0.012105634,0.001595930920706855,0.48484697275691563,0.009143675858568814,0.034460422531184226,0.0003,277,123,76.77344484692185,5.381883859634399,9.01111364364624,14.39299750328064,470,0.168313798494637,0,0,TRUE,pair,149,2.235428100102581,5.631674203398001,36,0,7.416107382550336,2.235428100102581,0.2291898032417521,2.7862368028145283,cpu,cuda:0,0,446.80517578125,52
812,1,DDT500_num50.txt,fixed,1120,8,140,7.331439018249512,5.429640293121338,6.267280241445405e-06,-3.2,-0.290107062,0.29999998211860657,0.026457512751221657,0.25999999046325684,0.3199999928474426,-0.010745848,-0.00608247,0.0011298309351938467,0.522829403479894,0.02939515692802767,0.04668442408243815,0.0003,280,120,134.39893616564734,5.445676565170288,2.8877227306365967,8.333399295806885,476,0.1528589001391083,0,0,TRUE,pair,150,2.4336933996528387,5.358928571854319,30,0,7.466666666666667,2.4336933996528387,0.20137569913640618,2.6927502993494272,cpu,cuda:0,0,405.12353515625,51
813,1,DDT500_num50.txt,fixed,1102,8,137.75,5.285593509674072,4.702267646789551,5.626880465570139e-06,-3.12,-0.304004603,0.304999977350235,0.027838822454214096,0.2800000011920929,0.3400000035762787,0.10389557030672829,0.10809053915242355,0.0010844773496501148,0.4737205505371094,0.027938225617011387,0.049430755277474724,0.0003,278,122,139.5075168011989,4.718692302703857,3.179525852203369,7.899215936660767,474,0.1421340995002538,0,0,TRUE,pair,145,1.8835559001890942,5.385662433023678,33,0,7.6,1.8835559001890942,0.18021559820044786,2.5482443002983928,cpu,cuda:0,0,373.56884765625,51
814,1,DDT500_num50.txt,fixed,1099,8,137.375,9.164299011230469,4.376994609832764,6.856348136352608e-06,-3.36,-0.312166507,0.28999999165534973,0.024494897574186325,0.23999999463558197,0.3199999928474426,0.17024062853306532,0.1744103250093758,0.0009615852031856775,0.4650481343269348,0.02847153984475881,0.04375033010728657,0.0003,284,116,120.80137237761161,4.39284610748291,4.704732656478882,9.097578763961792,474,0.138567098765634,0,0,TRUE,pair,147,1.6745772998547181,5.30300272628326,45,0,7.476190476190476,1.6745772998547181,0.17000859894324094,2.44399680045899,cpu,cuda:0,0,370.8603516,52
815,1,DDT500_num50.txt,fixed,1124,8,140.5,5.267827033996582,4.575013160705566,5.204410626902245e-06,-2.88,-0.303191302,0.3199999928474426,0.019999999552965164,0.30000001192092896,0.36000001430511475,0.3018779655297597,0.3056887040535609,0.0010227494640275836,0.4322116772333781,0.02552643371745944,0.05384967476129532,0.0003,272,128,153.23213203712183,4.593998432159424,2.7412776947021484,7.335276126861572,482,0.14480979985091835,0,0,TRUE,pair,146,1.7286688000895083,5.4190391437863115,36,0,7.698630136986301,1.7286688000895083,0.1712209980469197,2.585239698761143,cpu,cuda:0,0,458.0595703,51
816,1,DDT500_num50.txt,fixed,1114,8,139.25,2.7271780967712402,5.221460819244385,4.304759386286605e-06,-2.92,-0.326771892,0.31749996542930603,0.027271782979369164,0.2800000011920929,0.36000001430511475,0.11733868185962949,0.12081136288387435,0.0016665270335839263,0.4305949807167053,0.024593959030296122,0.06180700287222862,0.0003,273,127,98.13553395416362,5.242260217666626,6.109387397766113,11.35164761543274,474,0.15076360094826669,0,0,TRUE,pair,145,2.1994376005604863,5.20915619303979,40,0,7.682758620689655,2.1994376005604863,0.2113405984127894,2.708063196740113,cpu,cuda:0,0,420.13525390625,51
817,1,DDT500_num50.txt,fixed,1099,8,137.375,7.4487833976745605,6.435623645782471,5.893329216632992e-06,-2.96,-0.310011319,0.3149999678134918,0.019364913925528526,0.2800000011920929,0.3400000035762787,0.16577757894992828,0.16947217285633087,0.0009986709337681532,0.4193934500217438,0.06463157385587692,0.004999999888241291,0.0003,274,126,143.48689247199198,6.453214645385742,1.2060215473175049,7.659236192703247,485,0.17829580011311918,0,0,TRUE,pair,146,3.0891272004228085,5.5514103726325414,50,0,7.527397260273973,3.0891272004228085,0.3372013991465792,2.8688376985955983,cpu,cuda:0,0,284.4882813,52
818,1,DDT500_num50.txt,fixed,1096,8,137,6.652067184448242,4.674840450286865,5.512060397450114e-06,-3.16,-0.31814159,0.30250000953674316,0.021065376698970795,0.25999999046325684,0.3400000035762787,0.02229245113474982,0.025969976825373515,0.0019035717040034278,0.4629313179424831,0.022996022831648588,0.05363633656608207,0.0003,279,121,99.82183436760748,4.692445755004883,6.287116050720215,10.979561805725098,472,0.20489380019716918,0,0,TRUE,pair,147,1.8485024995170534,5.656934306569343,50,0,7.45578231292517,1.8485024995170534,0.18475020118057728,2.547794599668123,cpu,cuda:0,0,384.04443359375,51
819,1,DDT500_num50.txt,fixed,1124,8,140.5,3.5,4.557387351989746,1.6719075574656017e-05,-3,-0.292485227,0.3125,0.024366986006498337,0.2800000011920929,0.3400000035762787,0.18311757647565433,0.1867812547300543,0.0014757935090788773,0.4401579967566899,0.015167175093665719,0.05079381899642093,0.0003,275,125,93.41507042384968,4.574581146240234,7.457738637924194,12.032319784164429,481,0.13957219943404198,0,0,TRUE,pair,146,1.7791216995101422,5.520462635148887,50,0,7.698630136986301,1.7791216995101422,0.17300620093010366,2.514278595917858,cpu,cuda:0,0,448.12353515625,51
820,1,DDT500_num50.txt,fixed,1092,8,136.5,3.570714235305786,4.936371326446533,4.291534423828125e-06,-3.28,-0.306852485,0.29499998688697815,0.013228763826191425,0.25999999046325684,0.30000001192092896,-0.000486156,0.0026345014572143554,0.002286135940812528,0.42637158632278443,0.011214809765806421,0.02938561849296093,0.0003,282,118,115.11187839294952,4.953022003173828,4.533401250839233,9.486423254013062,486,0.1477308999747038,0,0,TRUE,pair,140,2.1315191002795473,5.70421245159247,40,0,7.8,2.1315191002795473,0.20253130060154945,2.4950244969222695,cpu,cuda:0,0,402.7578125,51
821,1,DDT500_num50.txt,fixed,1076,8,134.5,5.024937629699707,5.072147846221924,4.7144221753114834e-06,-3.48,-0.306008281,0.2824999690055847,0.02904738113284111,0.23999999463558197,0.3400000035762787,0.005713376809250225,0.009440520270304247,0.002207308965311809,0.4830797883597287,0.010269299646924164,0.04088841272856702,0.0003,287,113,69.42603989585366,5.089829921722412,10.408677577972412,15.498507499694824,473,0.15488119784276932,0,0,TRUE,pair,141,2.192063200753182,5.917286248012103,52,0,7.631205673758865,2.192063200753182,0.19156500010285527,2.5812165995594114,cpu,cuda:0,0,400.38037109375,52
822,1,DDT500_num50.txt,fixed,1115,8,139.375,5.406882286071777,4.959911346435547,4.894844551017741e-06,-3.12,-0.285959802,0.304999977350235,0.03278719633817673,0.25999999046325684,0.36000001430511475,0.08576432491342227,0.0891812884559234,0.002324257065386822,0.4579087595144908,0.008062085424575748,0.026466594310477376,0.0003,278,122,73.38073705052474,4.978078603744507,10.216644763946533,15.19472336769104,476,0.15594359976239502,0,0,TRUE,pair,147,1.988408699980937,5.685201789445407,40,0,7.585034013605442,1.988408699980937,0.18903980194590986,2.6746667996048927,cpu,cuda:0,0,448.12353515625,51
823,1,DDT500_num50.txt,fixed,1089,8,136.125,4.255511283874512,5.654572486877441,5.188001523492858e-06,-3.16,-0.312317488,0.30250000953674316,0.027271781116724014,0.23999999463558197,0.3400000035762787,-0.03388856,-0.030758567,0.0019665426152641885,0.41132592037320137,0.013562308209657203,0.02298236987553537,0.0003,279,121,80.69780815629647,5.671403646469116,7.8233866691589355,13.494790315628052,484,0.22921669983770698,0,0,TRUE,pair,145,2.5313961991341785,5.717171716295983,45,0,7.510344827586207,2.5313961991341785,0.25814490125048906,2.7473354999674484,cpu,cuda:0,0,390.86279296875,48
824,1,DDT500_num50.txt,fixed,1105,8,138.125,4.675401210784912,5.145325660705566,4.610795713233529e-06,-3.04,-0.285816852,0.3099999725818634,0.02828427404165268,0.25999999046325684,0.36000001430511475,-0.036485635,-0.033226021,0.0011559674361099799,0.3837605168422063,0.01794093942347293,0.03489651903510094,0.0003,276,124,104.05624216203032,5.162752866744995,5.4565043449401855,10.61925721168518,478,0.14786469948012382,0,0,TRUE,pair,146,2.2464090005960315,5.677828050846427,36,0,7.568493150684931,2.2464090005960315,0.21141000022180378,2.5867462976602837,cpu,cuda:0,0,395.77197265625,46
825,1,DDT500_num50.txt,fixed,1096,8,137,7.348469257354736,5.8198065757751465,5.629405677609611e-06,-2.92,-0.272530954,0.31749996542930603,0.027271782979369164,0.2800000011920929,0.36000001430511475,0.03731067265783038,0.040747807560754676,0.0011446263524703681,0.40094497374125887,0.00752016539835105,0.04178698334310736,0.0003,273,127,83.37922106250204,5.835573434829712,7.309188365936279,13.144761800765991,469,0.1659710993990302,0,0,TRUE,pair,149,2.7230443003354594,5.855839417798676,50,0,7.355704697986577,2.7230443003354594,0.27195560128893703,2.7029850992839783,cpu,cuda:0,0,417.39794921875,44
826,1,DDT500_num50.txt,fixed,1140,8,142.5,4.123105525970459,5.204532146453857,1.430213433195604e-05,-2.96,-0.276211677,0.3149999678134918,0.02397915907204151,0.25999999046325684,0.3400000035762787,-0.04611473,-0.042989283,0.0011924971913686022,0.37216935493052006,0.006621969572734088,0.03042895148973912,0.0003,274,126,81.89222976795851,5.221782207489014,8.698952436447144,13.920734643936157,480,0.14875620021484792,0,0,TRUE,pair,150,2.190750800073147,5.558771930242839,50,0,7.6,2.190750800073147,0.20680390123743564,2.7042205029865727,cpu,cuda:0,0,469.6787109,43
827,1,DDT500_num50.txt,fixed,1113,8,139.125,7.801241874694824,5.513380527496338,1.761960083968006e-05,-2.84,-0.252635055,0.32249999046325684,0.023318449035286903,0.2800000011920929,0.36000001430511475,0.06552845281031397,0.0686681309921874,0.0017403361529836224,0.4009845323032803,0.015288620320562687,0.05359906030611859,0.0003,271,129,76.08276874201322,5.5333027839660645,9.095502376556396,14.628805160522461,483,0.22599929943680763,0,0,TRUE,pair,150,2.3665520985377952,5.69901167885848,50,0,7.42,2.3665520985377952,0.2448053996777162,2.7891563014127314,cpu,cuda:0,0,420.13525390625,42
828,1,DDT500_num50.txt,fixed,1110,8,138.75,5.043560028076172,5.191349506378174,4.97261362397694e-06,-3.08,-0.282095431,0.3074999749660492,0.022220484912395477,0.2800000011920929,0.3400000035762787,0.03041982774933179,0.033171572619014315,0.0023378530620700782,0.39206625355614555,0.011783927155192941,0.02081497044612964,0.0003,277,123,73.78621258545276,5.212164402008057,9.831296443939209,15.043460845947266,474,0.1666748997522518,0,0,TRUE,pair,144,2.106365200714208,5.613513516091012,50,0,7.708333333333333,2.106365200714208,0.21776560053694993,2.754735702299513,cpu,cuda:0,0,381.9541016,42
829,1,DDT500_num50.txt,fixed,1092,8,136.5,4.949747562408447,4.3031206130981445,5.578689069807297e-06,-2.88,-0.27689986,0.31999996304512024,0.022360682487487793,0.2800000011920929,0.36000001430511475,0.05752099181214968,0.06037500003973643,0.0022885632740023234,0.3998294820388158,0.008864079369232059,0.030201998228828113,0.0003,272,128,95.37485066509475,4.319600343704224,7.129958868026733,11.449559211730957,464,0.1366051989607513,0,0,TRUE,pair,145,1.6073722995352,5.876373624845302,45,0,7.531034482758621,1.6073722995352,0.16805420047603548,2.4400485998485237,cpu,cuda:0,0,419.265625,42
830,1,DDT500_num50.txt,fixed,1105,8,138.125,5.348773002624512,4.702952861785889,5.1632900976983365e-06,-2.88,-0.2691796,0.3199999928474426,0.030000003054738045,0.2800000011920929,0.36000001430511475,0.045968937022345405,0.0493983690227781,0.0015269032114052347,0.4192881371293749,0.011380988339494382,0.04110710196463125,0.0003,272,128,103.0807101112446,4.719866752624512,5.99988865852356,10.719755411148071,477,0.14423149882350117,0,0,TRUE,pair,146,1.8828296000137925,5.791855205346017,36,0,7.568493150684931,1.8828296000137925,0.19143390038516372,2.533038899069652,cpu,cuda:0,0,448.12353515625,41
831,1,DDT500_num50.txt,fixed,1125,8,140.625,7.105235576629639,4.624800205230713,5.209868959354935e-06,-2.76,-0.262846187,0.32749998569488525,0.01984313502907753,0.30000001192092896,0.36000001430511475,0.061180281142393746,0.06381327410538991,0.0019918654288630933,0.3628930350144704,0.01503390985696266,0.028834168954441946,0.0003,269,131,107.63734152059206,4.64059591293335,5.811167240142822,10.451763153076172,469,0.14649320056196302,0,0,TRUE,pair,154,1.8064725013682619,5.678222222222222,50,0,7.305194805194805,1.8064725013682619,0.1747840973548591,2.5510465012630448,cpu,cuda:0,0,436.90869140625,40
832,1,DDT500_num50.txt,fixed,1124,8,140.5,3.872983455657959,6.064159393310547,5.037914888816886e-06,-3.08,-0.26414549,0.3075000047683716,0.022220484912395477,0.2800000011920929,0.3400000035762787,-0.297166683,-0.294853441,0.0014546941383741796,0.3040594831109047,0.01874748128466308,0.03220008313655853,0.0003,277,123,139.66312670948102,6.083142042160034,1.964794635772705,8.04793667793274,481,0.175800297758542,0,0,TRUE,pair,145,2.732646900927648,5.701067616082596,33,0,7.751724137931035,2.732646900927648,0.30981700285337865,2.8872433020733297,cpu,cuda:0,0,444.41650390625,40
833,1,DDT500_num50.txt,fixed,1112,8,139,2.872281312942505,4.548422813415527,4.441245891939616e-06,-2.88,-0.256819168,0.31999996304512024,0.02828427590429783,0.2800000011920929,0.36000001430511475,-0.055665318,-0.053036003,0.001647286686218447,0.345295700762007,0.007570614184563358,0.02697168414791425,0.0003,272,128,76.58278476874051,4.5642991065979,9.95593547821045,14.52023458480835,476,0.14368040033150464,0,0,TRUE,pair,143,1.7905100997304544,5.6897482014388485,33,0,7.776223776223776,1.7905100997304544,0.1695732957450673,2.4986884018871933,cpu,cuda:0,0,440.5820313,40
834,1,DDT500_num50.txt,fixed,1086,8,135.75,4.736824035644531,4.965020179748535,4.644575255952077e-06,-2.88,-0.251113246,0.3199999928474426,0.026457516476511955,0.2800000011920929,0.36000001430511475,0.14360681331406036,0.14624231060345969,0.0015560738296092798,0.34135256210962933,0.008913201886268022,0.01919581900195529,0.0003,272,128,106.68438591615899,4.981238603591919,5.198320388793945,10.179558992385864,454,0.14537849929183722,0,0,TRUE,pair,140,2.069608000689186,6.064456720158979,56,0,7.757142857142857,2.069608000689186,0.2192166990134865,2.571751497569494,cpu,cuda:0,0,395.7714844,39
835,1,DDT500_num50.txt,fixed,1111,8,138.875,3.059309482574463,5.9798665046691895,1.2898864042654168e-05,-3.12,-0.254300192,0.304999977350235,0.016583122313022614,0.2800000011920929,0.3400000035762787,0.07321466878056526,0.07594083622097969,0.0014436902711167932,0.3448018357157707,0.022051570675102994,0.022384732263162732,0.0003,278,122,107.14662957666374,5.9966795444488525,4.372288703918457,10.36896824836731,486,0.18490100069902837,0,0,TRUE,pair,145,2.6454087001038715,5.941494152848512,39,0,7.662068965517242,2.6454087001038715,0.26505730184726417,2.9455999047495425,cpu,cuda:0,0,438.1855469,39
836,1,DDT500_num50.txt,fixed,1106,8,138.25,2.106537342071533,4.5666422843933105,4.0810687096382026e-06,-3.04,-0.252065924,0.3099999725818634,0.026457514613866806,0.25999999046325684,0.3400000035762787,0.07623770833015442,0.07882176174057855,0.0017517261698635088,0.34599047402540845,0.013240367552498356,0.026815541709462803,0.0003,276,124,72.21310007123394,4.583085298538208,10.73269534111023,15.315780639648438,481,0.14128440106287599,0,0,TRUE,pair,141,1.841993898153305,5.849909585380209,50,0,7.843971631205674,1.841993898153305,0.17873760219663382,2.4556810985086486,cpu,cuda:0,0,443.09716796875,40
837,1,DDT500_num50.txt,fixed,1122,8,140.25,4.1155195236206055,5.231366157531738,4.894844551017741e-06,-2.88,-0.257676963,0.31999996304512024,0.017320508137345314,0.30000001192092896,0.36000001430511475,0.07242300063371658,0.07539020776748658,0.0015158492897171527,0.3725128248333931,0.0065041258523706345,0.0376825712621212,0.0003,272,128,72.2415995125037,5.249117136001587,10.282100439071655,15.531217575073242,475,0.15154240012634546,0,0,TRUE,pair,150,2.2218153001740575,5.814616756643203,50,0,7.48,2.2218153001740575,0.22418689914047718,2.6738745998591185,cpu,cuda:0,0,466.50537109375,39
838,1,DDT500_num50.txt,fixed,1143,8,142.875,5.301827430725098,4.99793004989624,5.077252353657968e-06,-3.16,-0.268133138,0.3024999797344208,0.015612490475177765,0.2800000011920929,0.3199999928474426,0.09332333753506343,0.09674606223901112,0.0018219551032719512,0.4333702822526296,0.02228730305796489,0.03412630564222733,0.0003,279,121,103.45809394169211,5.014750242233276,6.033201217651367,11.047951459884644,485,0.14634990051854402,0,0,TRUE,pair,152,2.098889500484802,5.555555557224277,34,0,7.519736842105263,2.098889500484802,0.18700579926371574,2.613777900580317,cpu,cuda:0,0,494.5966797,39
839,1,DDT500_num50.txt,fixed,1128,8,141,3.9370038509368896,5.1489410400390625,3.989505785284564e-06,-3.12,-0.262051594,0.3050000071525574,0.023979157209396362,0.2800000011920929,0.3400000035762787,-0.013547083,-0.009470025,0.0012028807790816895,0.46785020402499605,0.013673014148870217,0.030765586998313665,0.0003,278,122,97.9277610861263,5.16694974899292,6.351745128631592,11.518694877624512,477,0.14473470277152956,0,0,TRUE,pair,147,2.184034899342805,5.517730492649349,45,0,7.673469387755102,2.184034899342805,0.21772030019201338,2.6438136998331174,cpu,cuda:0,0,473.71240234375,39
840,1,DDT500_num50.txt,fixed,1080,8,135,9.861541748046875,5.457945823669434,5.820539172418648e-06,-3.48,-0.285035711,0.2824999988079071,0.029047377407550812,0.2199999988079071,0.3199999928474426,0.04181464947760105,0.04652496799826622,0.0017026094428729266,0.5561610572040081,0.01353120416024467,0.047058691299753264,0.0003,287,113,84.15632153294628,5.474404811859131,7.358855724334717,12.833260536193848,473,0.16452339955139905,0,0,TRUE,pair,142,2.462471999344416,5.8027777753494405,42,0,7.605633802816901,2.462471999344416,0.22663180250674486,2.6576204986777157,cpu,cuda:0,0,396.89111328125,39
841,1,DDT500_num50.txt,fixed,1078,8,134.75,5.165994644165039,5.039089202880859,5.3071566981088836e-06,-3.28,-0.309088015,0.29499998688697815,0.00866025872528553,0.2800000011920929,0.30000001192092896,0.09666462077034844,0.10140111711290148,0.001698033690142135,0.5585519803894891,0.015338486914212504,0.07814278060363399,0.0003,282,118,80.23438679309818,5.055959701538086,8.379676103591919,13.435635805130005,464,0.14873180212453008,0,0,TRUE,pair,143,2.203803999000229,5.854359927557837,45,0,7.538461538461538,2.203803999000229,0.2081810001982376,2.5293148985365406,cpu,cuda:0,0,422.42919921875,41
842,1,DDT500_num50.txt,fixed,1110,8,138.75,5.606915473937988,6.122786521911621,5.012463589082472e-06,-3.28,-0.315116238,0.29499998688697815,0.025980761274695396,0.25999999046325684,0.3199999928474426,0.033256514742970464,0.0381174448877573,0.002145856904098764,0.5933859646320343,0.01081954306573607,0.05368351265788078,0.0003,282,118,68.34263098253038,6.141255855560303,10.100436687469482,16.241692543029785,492,0.1841117978328839,0,0,TRUE,pair,148,2.8081341995857656,5.527027029174942,39,0,7.5,2.8081341995857656,0.27175430196803063,2.914355098735541,cpu,cuda:0,0,399.26123046875,42
843,1,DDT500_num50.txt,fixed,1082,8,135.25,7.066647052764893,4.437077522277832,5.769039944425458e-06,-3.48,-0.300791931,0.2824999988079071,0.02904738113284111,0.23999999463558197,0.3400000035762787,0.03074699267745018,0.035756747238337994,0.001432197610847652,0.572584354877472,0.015444101917091757,0.030387590080499648,0.0003,287,113,115.29817473057128,4.454766511917114,4.9295971393585205,9.384363651275635,494,0.20290069899056107,0,0,TRUE,pair,143,1.697785600204952,5.765249534587543,50,0,7.566433566433567,1.697785600204952,0.16851020022295415,2.482805198407732,cpu,cuda:0,0,446.8046875,42
844,1,DDT500_num50.txt,fixed,1094,8,136.75,5.629165172576904,5.267597675323486,4.610795713233529e-06,-3.44,-0.302055611,0.2849999964237213,0.021794496104121208,0.23999999463558197,0.3199999928474426,0.08784319460391998,0.09218259368624006,0.002055526411693011,0.5367157203810555,0.006832586667899575,0.02662117619599615,0.0003,286,114,90.64914597077927,5.284734010696411,6.7837746143341064,12.068508625030518,485,0.15072219783905894,0,0,TRUE,pair,150,2.378715400118381,5.635283366417754,48,0,7.293333333333333,2.378715400118381,0.21962049789726734,2.5662252025213093,cpu,cuda:0,0,431.78662109375,42
845,1,DDT500_num50.txt,fixed,1099,8,137.375,7.296189308166504,5.950109004974365,5.687170414603315e-06,-3,-0.278617296,0.3124999701976776,0.022220486775040627,0.25999999046325684,0.3400000035762787,0.03864269517362118,0.043119411242918834,0.0011689448211756018,0.5061187446117401,0.012815749906520877,0.0387455148415433,0.0003,275,125,80.15312366847336,5.966949462890625,7.744306564331055,13.71125602722168,477,0.1745501981349662,0,0,TRUE,pair,147,2.725685601006262,5.7861692447679705,40,0,7.476190476190476,2.725685601006262,0.2739581005880609,2.8271495015360415,cpu,cuda:0,0,438.1855469,43
846,1,DDT500_num50.txt,fixed,1112,8,139,5.678908348083496,5.470126152038574,2.6719904781202786e-05,-3.08,-0.287105698,0.3074999749660492,0.026339136064052582,0.25999999046325684,0.3400000035762787,0.13312784085671106,0.1380075104534626,0.0015435322420671582,0.5651436795790991,0.01680874323938042,0.0346052690098683,0.0003,277,123,93.50221808017004,5.498632431030273,6.394133567810059,11.892765998840332,480,0.1643281007418409,0,0,TRUE,pair,146,2.3618191987043247,5.686151075706207,45,0,7.616438356164384,2.3618191987043247,0.22429679660126567,2.77611350256484,cpu,cuda:0,0,490.9785156,43
847,1,DDT500_num50.txt,fixed,1116,8,139.5,3.2015621662139893,5.022572994232178,4.69630140287336e-06,-3.36,-0.293818439,0.28999999165534973,0.03162278234958649,0.23999999463558197,0.3400000035762787,0.13875851320335642,0.14378294433117844,0.0010272117506247014,0.5538038983941078,0.014839016570476815,0.03533550584688783,0.0003,284,116,118.15441878498558,5.0382139682769775,4.407052755355835,9.445266723632812,492,0.21291470038704574,0,0,TRUE,pair,143,2.0735582994529977,5.397849459801951,30,0,7.804195804195804,2.0735582994529977,0.205223998404108,2.644583403132856,cpu,cuda:0,0,422.4296875,44
848,1,DDT500_num50.txt,fixed,1085,8,135.625,3.966657876968384,4.74416446685791,3.982375346822664e-06,-3.08,-0.28822582,0.3075000047683716,0.024366987869143486,0.2800000011920929,0.36000001430511475,0.021317339398794703,0.025662399957784347,0.0015650926895129185,0.512760215335422,0.013955403610856997,0.06036274880170822,0.0003,277,123,74.44914027552016,4.7613935470581055,9.8123140335083,14.573707580566406,472,0.14496789954137057,0,0,TRUE,pair,140,1.9472354992758483,5.8055299543565315,45,0,7.75,1.9472354992758483,0.20329790108371526,2.495637697400525,cpu,cuda:0,0,426.7207031,45
849,1,DDT500_num50.txt,fixed,1110,8,138.75,4.054318904876709,4.701566219329834,4.53622305940371e-06,-3.4,-0.279843658,0.2874999940395355,0.024366991594433784,0.25999999046325684,0.3400000035762787,-0.032109875,-0.027139529,0.0012999454396776856,0.5620320638020834,0.013911332927333812,0.069290107054015,0.0003,285,115,51.306403664633045,4.71810507774353,16.916621208190918,21.63472628593445,482,0.1485008002491668,0,0,TRUE,pair,145,1.8493019988527521,5.654954955384538,40,0,7.655172413793103,1.8493019988527521,0.19842899881768972,2.5569583998294547,cpu,cuda:0,0,468.58056640625,46
850,1,DDT500_num50.txt,fixed,1088,8,136,8.485280990600586,4.60800838470459,6.457139079429908e-06,-3.24,-0.294969893,0.29749998450279236,0.025372229516506195,0.25999999046325684,0.3400000035762787,-0.081865736,-0.077438074,0.0018297548439087613,0.5342540272644588,0.009889405470208399,0.02429917175322771,0.0003,281,119,91.68129564473726,4.624434232711792,7.242762804031372,11.867197036743164,482,0.146821801783517,0,0,TRUE,pair,146,1.8431899993447587,5.731617644867477,36,0,7.4520547945205475,1.8431899993447587,0.1932651021052152,2.4724580991314724,cpu,cuda:0,0,407.3632813,45
851,1,DDT500_num50.txt,fixed,1108,8,138.5,4.031128883361816,4.435802459716797,4.7832495511102024e-06,-3.32,-0.274652233,0.29249998927116394,0.03596873953938484,0.23999999463558197,0.3400000035762787,0.011476070433855057,0.01584087237715721,0.001530781912151724,0.5130193173885346,0.01034565365407616,0.051820441521704196,0.0003,283,117,119.25994429338782,4.453281879425049,4.837347984313965,9.290629863739014,473,0.13922290038317442,0,0,TRUE,pair,143,1.7083867996698245,5.761732855858786,50,0,7.748251748251748,1.7083867996698245,0.17032710078638047,2.467075598775409,cpu,cuda:0,0,421.48876953125,45
852,1,DDT500_num50.txt,fixed,1077,8,134.625,6.203577518463135,4.406101226806641,6.040982952981722e-06,-3.28,-0.271188008,0.29499998688697815,0.02397915907204151,0.25999999046325684,0.3400000035762787,0.013145646745605128,0.017276930888848647,0.0016950240907525377,0.49787987768650055,0.01329719292282659,0.06375682314059564,0.0003,282,118,59.90877012598245,4.422354698181152,13.554979801177979,17.97733449935913,469,0.13731920171994716,0,0,TRUE,pair,145,1.7161334003321826,5.948003711363953,55,0,7.427586206896552,1.7161334003321826,0.17936559836380184,2.4194323029369116,cpu,cuda:0,0,407.3632813,47
853,1,DDT500_num50.txt,fixed,1101,8,137.625,4.768057823181152,4.879853248596191,5.0940179789904505e-06,-3.08,-0.273244114,0.3074999749660492,0.026339136064052582,0.25999999046325684,0.3400000035762787,0.022405027598142623,0.025902975350618362,0.002034252783050761,0.4515074521303177,0.011753846979991068,0.04218030832707882,0.0003,277,123,70.19684581762013,4.897341728210449,10.787123680114746,15.684465408325195,502,0.15216099889948964,0,0,TRUE,pair,143,2.043292800313793,5.6230699388034555,42,0,7.699300699300699,2.043292800313793,0.20242679794318974,2.5330946994945407,cpu,cuda:0,0,423.23681640625,47
854,1,DDT500_num50.txt,fixed,1108,8,138.5,6.633249759674072,4.383116722106934,4.941077804687666e-06,-3.08,-0.279709714,0.3075000047683716,0.02989565208554268,0.23999999463558197,0.3400000035762787,0.11035661399364471,0.11500554932997777,0.0015509753676059728,0.5424422873900487,0.012040142708708746,0.07479024356087813,0.0003,277,123,65.0141157619732,4.400771856307983,12.64168095588684,17.042452812194824,483,0.1430055999662727,0,0,TRUE,pair,146,1.6407495002495125,5.666967514189572,45,0,7.589041095890411,1.6407495002495125,0.16769830067642033,2.4855567002668977,cpu,cuda:0,0,446.80517578125,47
855,1,DDT500_num50.txt,fixed,1070,8,133.75,1.9843134880065918,5.0996527671813965,4.340920895629097e-06,-3.04,-0.30825376,0.3100000023841858,0.02828427404165268,0.25999999046325684,0.3400000035762787,0.024489407241344453,0.028786446154117584,0.0024862322956323625,0.5540154933929443,0.021687407093122602,0.04447697475552559,0.0003,276,124,110.42581392714936,5.116955518722534,4.572807788848877,9.689763307571411,456,0.14944659918546677,0,0,TRUE,pair,138,2.1980171992909163,6.385046730308889,45,0,7.753623188405797,2.1980171992909163,0.22598549770191312,2.5703424992971122,cpu,cuda:0,0,377.96044921875,47
856,1,DDT500_num50.txt,fixed,1096,8,137,8.17006778717041,5.801296710968018,7.653031934751198e-05,-3.16,-0.292594911,0.3024999797344208,0.023318449035286903,0.25999999046325684,0.3400000035762787,0.08672380819916725,0.09168663993477821,0.002040970080997795,0.5983323976397514,0.015649933251552284,0.04720841476228088,0.0003,279,121,108.66831318305715,5.829287052154541,4.2564496994018555,10.085736751556396,465,0.17111689993180335,0,0,TRUE,pair,149,2.572422000579536,6.050182472615346,36,0,7.355704697986577,2.572422000579536,0.2345209028571844,2.80203770135995,cpu,cuda:0,0,445.609375,47
857,1,DDT500_num50.txt,fixed,1069,8,133.625,5.337075710296631,4.388744831085205,5.717076874134364e-06,-3.52,-0.295376381,0.2800000011920929,0.02000000700354576,0.23999999463558197,0.30000001192092896,0.045568021280424933,0.05049736372062138,0.0024167783225753476,0.6137727243559701,0.016208271961659193,0.04881879793746131,0.0003,288,112,88.82699299047641,4.4060399532318115,7.628590106964111,12.034630060195923,470,0.14361120155081153,0,0,TRUE,pair,139,1.6283377003856003,5.87090739053025,50,0,7.690647482014389,1.6283377003856003,0.16700930090155452,2.505545400781557,cpu,cuda:0,0,390.8623047,48
858,1,DDT500_num50.txt,fixed,1083,8,135.375,5.313602924346924,4.296820640563965,6.679976195300696e-06,-3.56,-0.267647906,0.2775000035762787,0.033819373697042465,0.2199999988079071,0.3199999928474426,-0.062931452,-0.057345822,0.0014283348937169649,0.6299797520041466,0.018143709370633587,0.06306695425882936,0.0003,289,111,81.36069073719813,4.313017845153809,8.99807858467102,13.311096429824829,473,0.13844390085432678,0,0,TRUE,pair,146,1.6292860000394285,5.831024928986751,40,0,7.417808219178082,1.6292860000394285,0.16777350206393749,2.411992901819758,cpu,cuda:0,0,421.4882813,49
859,1,DDT500_num50.txt,fixed,1099,8,137.375,7.347405910491943,5.624818325042725,5.402693204814568e-06,-3.52,-0.281543329,0.2800000011920929,0.030000003054738045,0.2199999988079071,0.3199999928474426,0.034721160100566015,0.039535952938927546,0.0016471069409615463,0.563834528128306,0.012483789818361402,0.06224668750332461,0.0003,288,112,75.48002176071982,5.642436981201172,8.917707204818726,14.560144186019897,492,0.15571739873848855,0,0,TRUE,pair,148,2.580064900103025,5.587807102133948,50,0,7.425675675675675,2.580064900103025,0.23462169815320522,2.6998456000583246,cpu,cuda:0,0,422.4296875,49
860,1,DDT500_num50.txt,fixed,1061,8,132.625,5.313602924346924,6.637808322906494,5.14398789164261e-06,-3.6,-0.277328626,0.2749999761581421,0.01658313348889351,0.25999999046325684,0.30000001192092896,-0.022517722,-0.017559309,0.0018406673168231333,0.58787431035723,0.014528857943202769,0.05482270408953939,0.0003,290,110,67.42765636681052,6.655683517456055,9.079699516296387,15.735383033752441,489,0.18434229865670204,0,0,TRUE,pair,139,3.281144500011578,5.734213007496394,36,0,7.633093525179856,3.281144500011578,0.32966080016922206,2.886861299397424,cpu,cuda:0,0,455.54541015625,52
861,1,DDT500_num50.txt,fixed,1061,8,132.625,6.460214614868164,4.870384216308594,6.05977311352035e-06,-3.64,-0.309735764,0.27250000834465027,0.02633913792669773,0.23999999463558197,0.3199999928474426,0.06289888639003038,0.06797467265278101,0.001861356693552807,0.6006471067667007,0.015018833131762221,0.036787549033761024,0.0003,291,109,127.55030131767151,4.891209840774536,3.427077054977417,8.318286895751953,469,0.14427650021389127,0,0,TRUE,pair,142,2.0405099996132776,5.7992459943449575,55,0,7.471830985915493,2.0405099996132776,0.1946899985196069,2.538370100548491,cpu,cuda:0,0,326.8007813,49
862,1,DDT500_num50.txt,fixed,1076,8,134.5,5.7008771896362305,5.476637840270996,1.1052443369408138e-05,-3.36,-0.307623244,0.28999999165534973,0.026457516476511955,0.25999999046325684,0.3400000035762787,-0.102177891,-0.097802786,0.001963273350459834,0.5356739163398743,0.02247005992103368,0.032278591146071754,0.0003,284,116,118.22303244923563,5.499295949935913,3.6021454334259033,9.101441383361816,471,0.16472109802998602,0,0,TRUE,pair,146,2.380987099953927,5.805762084000173,45,0,7.36986301369863,2.380987099953927,0.23451089905574918,2.749979001004249,cpu,cuda:0,0,388.99462890625,49
863,1,DDT500_num50.txt,fixed,1107,8,138.375,6.8179450035095215,4.4657511711120605,5.426314601209015e-06,-3.56,-0.313344843,0.2774999737739563,0.018540501594543457,0.23999999463558197,0.30000001192092896,-0.186964378,-0.18272949,0.0018914224347099662,0.5180579423904419,0.08620357606559992,0.04526166990399361,0.0003,289,111,166.47639914326098,4.481468677520752,2.1681225299835205,6.6495912075042725,474,0.13765259890351444,0,0,TRUE,pair,147,1.7258388003101572,5.527551942616836,36,0,7.530612244897959,1.7258388003101572,0.1720534001942724,2.4775839996291324,cpu,cuda:0,0,408.6113281,49
864,1,DDT500_num50.txt,fixed,1059,8,132.375,5.851015090942383,4.4459452629089355,5.304478690959513e-06,-3.2,-0.297034456,0.29999998211860657,0.019999999552965164,0.25999999046325684,0.3199999928474426,-0.165737271,-0.16141398,0.0017663076093109946,0.5206449627876282,0.019303410886398826,0.03114742785692215,0.0003,280,120,152.85863107221513,4.464405059814453,2.463564872741699,6.927969932556152,461,0.14002449973486364,0,0,TRUE,pair,142,1.7747529994230717,5.6506137854654455,36,0,7.457746478873239,1.7747529994230717,0.18430530128534883,2.3948695990256965,cpu,cuda:0,0,351.84619140625,48
865,1,DDT500_num50.txt,fixed,1068,8,133.5,7.745966911315918,5.14494514465332,4.3474633457663e-06,-3.64,-0.291114626,0.2724999785423279,0.024366991594433784,0.2199999988079071,0.30000001192092896,-0.050251375,-0.045036549,0.0017050668830052018,0.606735090414683,0.012839312568151703,0.021237584451834362,0.0003,291,109,143.37062925245402,5.161349058151245,2.2878754138946533,7.449224472045898,464,0.14928920124657452,0,0,TRUE,pair,139,2.245955699821934,5.5468164747127435,35,0,7.683453237410072,2.245955699821934,0.20725179952569306,2.5887943994021043,cpu,cuda:0,0,346.3300781,49
866,1,DDT500_num50.txt,fixed,1074,8,134.25,6.495190620422363,4.608672618865967,5.8667442317528185e-06,-3.4,-0.268818503,0.28749996423721313,0.028173573315143585,0.23999999463558197,0.3199999928474426,0.16677553160116076,0.17166176155054322,0.0014882599158833425,0.5630361040433248,0.016085094306617975,0.03753017261624336,0.0003,285,115,150.50288197417035,4.624873161315918,2.511202812194824,7.136075973510742,482,0.21098089835140854,0,0,TRUE,pair,145,1.8204796004574746,5.484171320828201,40,0,7.406896551724138,1.8204796004574746,0.18243779928889126,2.512481297366321,cpu,cuda:0,0,351.84619140625,49
867,1,DDT500_num50.txt,fixed,1086,8,135.75,5.739120006561279,4.7195963859558105,5.423695256467909e-06,-3.48,-0.284906574,0.2824999988079071,0.027271784842014313,0.23999999463558197,0.3199999928474426,-0.060874291,-0.055840448,0.001858866831753403,0.5963280498981476,0.043746208772063255,0.04026932781562209,0.0003,287,113,108.22511257218123,4.7384257316589355,5.296213865280151,10.034639596939087,472,0.1461459998972714,0,0,TRUE,pair,148,1.9044468002393842,5.488029465271404,45,0,7.337837837837838,1.9044468002393842,0.18243320216424763,2.538307201350108,cpu,cuda:0,0,390.8623047,50
868,1,DDT500_num50.txt,fixed,1055,8,131.875,8.60867977142334,4.654834747314453,6.3729603425599635e-06,-3.6,-0.29847707,0.2749999761581421,0.021794496104121208,0.23999999463558197,0.3199999928474426,0.020458066037722995,0.025559974568230764,0.0017064106650650501,0.5955115982464382,0.02793473974868123,0.07331823131867818,0.0003,290,110,96.72343422464803,4.671955347061157,6.235432386398315,10.907387733459473,469,0.14091499929782003,0,0,TRUE,pair,143,1.9459224005695432,5.356398101553533,36,0,7.3776223776223775,1.9459224005695432,0.1799710988998413,2.435253802803345,cpu,cuda:0,0,445.60888671875,50
869,1,DDT500_num50.txt,fixed,1068,8,133.5,3.278719186782837,4.2257399559021,4.79215395898791e-06,-3.72,-0.325389291,0.26749998331069946,0.028173571452498436,0.20000000298023224,0.30000001192092896,-0.135545254,-0.130621612,0.0024827662467335663,0.6165037949879965,0.01224379120200562,0.030126065015792847,0.0003,293,107,148.57583886909913,4.24320125579834,2.945046901702881,7.188248157501221,466,0.13480969925876707,0,0,TRUE,pair,139,1.5849162000231445,5.294943819331766,36,0,7.683453237410072,1.5849162000231445,0.16797640011645854,2.385619097854942,cpu,cuda:0,0,340.29541015625,50
870,1,DDT500_num50.txt,fixed,1062,8,132.75,3.3071892261505127,5.322847366333008,4.69630140287336e-06,-3.44,-0.305934725,0.2849999964237213,0.04092676565051079,0.2199999988079071,0.3400000035762787,0.005965889493624369,0.01041135291258494,0.0020889493403956293,0.5489937682946523,0.012915346678346396,0.05084595096608003,0.0003,286,114,52.56856146533933,5.3401618003845215,14.862026929855347,20.202188730239868,464,0.15409269998781383,0,0,TRUE,pair,140,2.3643500994658098,5.063088513588053,36,0,7.585714285714285,2.3643500994658098,0.21810280345380306,2.6366724967956543,cpu,cuda:0,0,380.9638672,50
871,1,DDT500_num50.txt,fixed,1068,8,133.5,3.640054941177368,5.920687198638916,4.238221208652249e-06,-3.72,-0.317692221,0.26749998331069946,0.019843140617012978,0.23999999463558197,0.30000001192092896,0.01619569808244705,0.021276111900806426,0.0015664423117414117,0.5863648772239685,0.010277591831982135,0.023897831235080956,0.0003,293,107,95.59277182624857,5.940854787826538,5.2315380573272705,11.172392845153809,491,0.18601809942629188,0,0,TRUE,pair,140,2.68147840059828,5.062734081280812,36,0,7.628571428571429,2.68147840059828,0.2361185991903767,2.890207803575322,cpu,cuda:0,0,379.85595703125,50
872,1,DDT500_num50.txt,fixed,1062,8,132.75,4.380353927612305,4.49671745300293,4.392987648316193e-06,-3.24,-0.316103686,0.29749998450279236,0.015612492337822914,0.2800000011920929,0.3199999928474426,-0.001345012,0.00375264510512352,0.0014002129319123924,0.579776773850123,0.014268173448120555,0.06513522348056237,0.0003,281,119,91.5984014767444,4.51276159286499,7.081327199935913,11.594088792800903,459,0.14014600007794797,0,0,TRUE,pair,139,1.723503099521622,5.338983053092454,36,0,7.640287769784172,1.723503099521622,0.1695529994321987,2.514276997419074,cpu,cuda:0,0,368.8496094,51
873,1,DDT500_num50.txt,fixed,1122,8,140.25,4.86698055267334,5.714008331298828,4.723456640931545e-06,-3.52,-0.306415802,0.2800000011920929,0.024494901299476624,0.23999999463558197,0.3199999928474426,-0.015493114,-0.010725581,0.0017801334382966162,0.5657593727111816,0.015354982996359467,0.030075154453516006,0.0003,288,112,107.87426735152864,5.731471061706543,4.66952657699585,10.400997638702393,496,0.17015629936940968,0,0,TRUE,pair,144,2.475757799926214,5.008912660221365,35,0,7.791666666666667,2.475757799926214,0.25131409941241145,2.8666917986702174,cpu,cuda:0,0,432.98876953125,50
874,1,DDT500_num50.txt,fixed,1078,8,134.75,4.14578104019165,5.813603401184082,5.209868959354935e-06,-3.56,-0.307291529,0.2775000035762787,0.025372233241796494,0.23999999463558197,0.3199999928474426,-0.068746996,-0.063597364,0.001207885827170685,0.5753585696220398,0.017432420543627813,0.029215405927971005,0.0003,289,111,115.46884104999717,5.829176902770996,3.5066750049591064,9.335851907730103,478,0.1686646001180634,0,0,TRUE,pair,143,2.682409699773416,5.137291279263753,32,0,7.538461538461538,2.682409699773416,0.302908796351403,2.6972314019221812,cpu,cuda:0,0,353.9511719,50
875,1,DDT500_num50.txt,fixed,1098,8,137.25,3.455068826675415,5.116220474243164,4.3637764974846505e-06,-3.36,-0.306951386,0.28999999165534973,0.020000001415610313,0.2800000011920929,0.3400000035762787,0.04222751408815384,0.04712250859787067,0.001143245162287106,0.5466614166895548,0.014189525817831358,0.05376165096337596,0.0003,284,116,91.84206902870055,5.13236665725708,6.822938919067383,11.955305576324463,492,0.15391499793622643,0,0,TRUE,pair,143,2.1619890009751543,5.048269581490744,25,0,7.678321678321678,2.1619890009751543,0.1941958012757823,2.658329902915284,cpu,cuda:0,0,392.84814453125,51
876,1,DDT500_num50.txt,fixed,1078,8,134.75,7.5124897956848145,4.295599460601807,5.729491476813564e-06,-3.52,-0.315832777,0.2800000011920929,0.033166248351335526,0.23999999463558197,0.3199999928474426,0.14867180905171803,0.153335413230317,0.001684086289190288,0.5505650894982475,0.011707089625165932,0.0448677060859544,0.0003,288,112,96.48700956169924,4.311991214752197,6.860497236251831,11.172488451004028,465,0.13563020096626133,0,0,TRUE,pair,146,1.6463187006302178,5.338589981889459,30,0,7.383561643835616,1.6463187006302178,0.16879380180034786,2.393089702585712,cpu,cuda:0,0,395.7714844,50
877,1,DDT500_num50.txt,fixed,1098,8,137.25,5.141740798950195,4.854436874389648,1.2223457815707661e-05,-3.24,-0.320176452,0.29749998450279236,0.027271782979369164,0.23999999463558197,0.3400000035762787,-0.000903131,0.003263477236032486,0.001698536837163071,0.501586839556694,0.020035945596949507,0.023571438000847895,0.0003,281,119,101.31327992856113,4.876653671264648,5.961017370223999,10.837671041488647,476,0.15027569816447794,0,0,TRUE,pair,142,2.0160458993632346,5.002732242608548,30,0,7.732394366197183,2.0160458993632346,0.18824529857374728,2.5531460996717215,cpu,cuda:0,0,449.3261719,50
878,1,DDT500_num50.txt,fixed,1143,8,142.875,3.2572035789489746,5.281989574432373,4.868645191891119e-06,-3.24,-0.297663043,0.29749998450279236,0.01854049786925316,0.25999999046325684,0.3199999928474426,-0.090841535,-0.087055063,0.0014912050537532195,0.45320770516991615,0.011579737096326426,0.04441717080771923,0.0003,281,119,79.19381003394929,5.298544883728027,9.134401321411133,14.43294620513916,486,0.20634030050132424,0,0,TRUE,pair,148,2.3016502000391483,5.030621170267554,27,0,7.722972972972973,2.3016502000391483,0.20308720029424876,2.676163001684472,cpu,cuda:0,0,450.64697265625,51
879,1,DDT500_num50.txt,fixed,1086,8,135.75,5.517019271850586,5.022234916687012,8.89048806129722e-06,-3.36,-0.31064864,0.28999999165534973,0.022360682487487793,0.25999999046325684,0.3199999928474426,-0.059520621,-0.055635951,0.0017335994219008302,0.4751473069190979,0.01016452124375584,0.03581261767872742,0.0003,284,116,93.3003537373097,5.040371894836426,6.598453998565674,11.639827251434326,464,0.1456998997600749,0,0,TRUE,pair,144,2.07238819997292,5.2338858203993315,40,0,7.541666666666667,2.07238819997292,0.21544550044927746,2.6307681014295667,cpu,cuda:0,0,429.69287109375,51
880,1,DDT500_num50.txt,fixed,1093,8,136.625,5.498579502105713,4.722235679626465,4.759422608913155e-06,-3.44,-0.298950781,0.2849999964237213,0.019364919513463974,0.25999999046325684,0.3199999928474426,-0.00850568,-0.003986053,0.001412591231720788,0.5225923955440521,0.011104622007613736,0.034736580814101865,0.0003,286,114,96.04929323317785,4.739871025085449,6.639702558517456,11.379573583602905,482,0.1478941993555054,0,0,TRUE,pair,145,1.9147904006531462,5.063129003181004,35,0,7.537931034482758,1.9147904006531462,0.17717179737519473,2.5379291004501283,cpu,cuda:0,0,396.8916016,51
881,1,DDT500_num50.txt,fixed,1104,8,138,3.674234628677368,4.3785576820373535,4.3702848415705375e-06,-3.28,-0.300480946,0.29499998688697815,0.016583122313022614,0.2800000011920929,0.3199999928474426,0.01727313920855522,0.021557971835136414,0.0012615920131793246,0.4915628954768181,0.011706424033036456,0.01632352452725172,0.0003,282,118,131.2453703492439,4.395697116851807,4.016028165817261,8.411725282669067,474,0.13545699941460043,0,0,TRUE,pair,147,1.6880171007942408,4.9827898533447925,24,0,7.510204081632653,1.6880171007942408,0.16517179901711643,2.437818299396895,cpu,cuda:0,0,399.26123046875,51
882,1,DDT500_num50.txt,fixed,1106,8,138.25,2.7271780967712402,4.920599460601807,4.4572161641553976e-06,-3.12,-0.303975942,0.304999977350235,0.025980763137340546,0.25999999046325684,0.3400000035762787,0.05352058267841737,0.0580847122396032,0.0013144525466486812,0.5221359292666118,0.0070230218504245085,0.04125290544082721,0.0003,278,122,54.94650564866136,4.938040733337402,15.190627813339233,20.128668546676636,480,0.14475300104822963,0,0,TRUE,pair,144,2.0019889004761353,5.167269441577021,28,0,7.680555555555555,2.0019889004761353,0.20530430146027356,2.6094304005382583,cpu,cuda:0,0,444.41650390625,51
883,1,DDT500_num50.txt,fixed,1117,8,139.625,7.888876438140869,5.002367973327637,5.986632913845824e-06,-3.52,-0.307149626,0.2799999713897705,0.04000000283122063,0.2199999988079071,0.3400000035762787,-0.010506118,-0.00542996,0.0014449626656382211,0.5798639144216265,0.014464758710736143,0.045444863715342114,0.0003,288,112,94.13936170849776,5.019106149673462,6.846281290054321,11.865387439727783,481,0.14351579966023564,0,0,TRUE,pair,148,2.1344756010221317,5.04923903739335,38,0,7.547297297297297,2.1344756010221317,0.18562889995519072,2.5846353014931083,cpu,cuda:0,0,436.90869140625,51
884,1,DDT500_num50.txt,fixed,1061,8,132.625,4.151430606842041,5.152977466583252,4.383272425911855e-06,-3.36,-0.315409645,0.28999999165534973,0.026457516476511955,0.25999999046325684,0.3400000035762787,-0.032549188,-0.027548022,0.0015367820820150276,0.5769556403160095,0.014722595868321756,0.0723588182280461,0.0003,284,116,52.56996161901706,5.169443130493164,15.013185262680054,20.182628393173218,450,0.1505475000012666,0,0,TRUE,pair,139,2.2054683004971594,5.422243163677795,27,0,7.633093525179856,2.2054683004971594,0.23050970118492842,2.608400002354756,cpu,cuda:0,0,373.6103516,52
885,1,DDT500_num50.txt,fixed,1092,8,136.5,8.015609741210938,5.225939750671387,7.1585154728381895e-06,-3.08,-0.298233407,0.3075000047683716,0.0386490672826767,0.23999999463558197,0.36000001430511475,-0.022214187,-0.017324505,0.0013671023547291183,0.5573231944671044,0.012608111755420955,0.05056091734709648,0.0003,277,123,58.03693654969676,5.2428388595581055,13.572764873504639,18.815603733062744,467,0.15923000045586377,0,0,TRUE,pair,148,2.213879900285974,5.041208791427123,39,0,7.378378378378378,2.213879900285974,0.21043260139413178,2.6968970999587327,cpu,cuda:0,0,415.5322266,50
886,1,DDT500_num50.txt,fixed,1108,8,138.5,6.763874530792236,4.983536720275879,5.185261670703767e-06,-3.32,-0.288288925,0.29249998927116394,0.022220488637685776,0.25999999046325684,0.3199999928474426,-0.003638133,0.001326863964398702,0.0015291776120041807,0.5729587574799856,0.008510568813006911,0.027717503512071237,0.0003,283,117,77.28627697058154,5.009395122528076,9.326914548873901,14.336309671401978,478,0.15743520145770162,0,0,TRUE,pair,146,2.0700411999132484,5.056859205560994,32,0,7.589041095890411,2.0700411999132484,0.1893880981951952,2.6260672983480617,cpu,cuda:0,0,450.64697265625,48
887,1,DDT500_num50.txt,fixed,1097,8,137.125,4.9607834815979,5.51717472076416,4.726464339910308e-06,-3.2,-0.298967927,0.29999998211860657,0.022360678762197495,0.2800000011920929,0.3400000035762787,0.012159580985705057,0.016980200012524923,0.0015577704335252443,0.5599502801895142,0.007232689890467252,0.03406235128641129,0.0003,280,120,53.0551793866163,5.535144090652466,15.14144229888916,20.676586389541626,459,0.16138829896226525,0,0,TRUE,pair,144,2.503655099775642,5.014585232452142,28,0,7.618055555555555,2.503655099775642,0.23789269814733416,2.6680902022635564,cpu,cuda:0,0,366.0058594,45
888,1,DDT500_num50.txt,fixed,1099,8,137.375,4.3857011795043945,5.67688512802124,4.504786375036929e-06,-3.24,-0.292493885,0.29749998450279236,0.01854049786925316,0.25999999046325684,0.3199999928474426,0.004233688116073608,0.009369664390881856,0.0012293588564110298,0.5750653664271037,0.010376789700239896,0.0440460695574681,0.0003,281,119,51.29862226865452,5.694246053695679,15.729331254959106,21.423577308654785,451,0.15146950061898679,0,0,TRUE,pair,143,2.545111000072211,5.148316654104661,27,0,7.685314685314685,2.545111000072211,0.2398828995646909,2.779990903683938,cpu,cuda:0,0,417.39794921875,44
889,1,DDT500_num50.txt,fixed,1090,8,136.25,8.742854118347168,6.385873317718506,1.7860718799056485e-05,-3.48,-0.292191069,0.2824999690055847,0.027271781116724014,0.23999999463558197,0.3199999928474426,-0.007621446,-0.002649413,0.001314120995812118,0.5629090905189514,0.0111089410725981,0.025158774480223654,0.0003,287,113,88.47191711854329,6.408441781997681,5.91185188293457,12.320293664932251,468,0.16983720124699175,0,0,TRUE,pair,148,3.1193430989515036,4.905504586718498,32,0,7.364864864864865,3.1193430989515036,0.2968747995328158,2.839614200172946,cpu,cuda:0,0,343.61083984375,43
890,1,DDT500_num50.txt,fixed,1115,8,139.375,4.060095310211182,4.4856414794921875,4.723456640931545e-06,-3.36,-0.28817537,0.28999999165534973,0.020000005140900612,0.25999999046325684,0.3199999928474426,-0.032336048,-0.027440088,0.0010925020157758678,0.5442210244280952,0.009615569924270468,0.05052095013005393,0.0003,284,116,56.91835800228124,4.502862215042114,15.086599588394165,19.58946180343628,486,0.20432520052418113,0,0,TRUE,pair,144,1.649938300717622,5.034977579758306,36,0,7.743055555555555,1.649938300717622,0.16887450055219233,2.576943902298808,cpu,cuda:0,0,418.27099609375,42
891,1,DDT500_num50.txt,fixed,1095,8,136.875,5.840322971343994,6.382781028747559,2.1694126189686358e-05,-3.44,-0.286721224,0.2849999666213989,0.021794499829411507,0.25999999046325684,0.3199999928474426,-0.000138004,0.005021325498819351,0.0013623500359244644,0.5840509057044982,0.0289381263544783,0.04080016501247883,0.0003,286,114,59.76669873821599,6.399165630340576,11.92207384109497,18.321239471435547,466,0.1750491006532684,0,0,TRUE,pair,144,3.056954699452035,5.230136981946693,54,0,7.604166666666667,3.056954699452035,0.3135604987619445,2.875153796747327,cpu,cuda:0,0,379.8564453,42
892,1,DDT500_num50.txt,fixed,1091,8,136.375,7.888876438140869,5.040060043334961,5.893329216632992e-06,-3.44,-0.282131139,0.2849999964237213,0.029580404981970787,0.23999999463558197,0.3400000035762787,-0.082374986,-0.077470048,0.0014930361649021506,0.5651464064915975,0.012897681988154849,0.013537847436964512,0.0003,286,114,134.08056321514007,5.0570878982543945,3.0798110961914062,8.1368989944458,465,0.15943929902277887,0,0,TRUE,pair,146,2.0731064000865445,5.18698441905783,28,0,7.472602739726027,2.0731064000865445,0.202530198963359,2.662496203556657,cpu,cuda:0,0,401.63818359375,40
893,1,DDT500_num50.txt,fixed,1093,8,136.625,5.998697757720947,5.456815719604492,5.5454747780459e-06,-3.28,-0.281408763,0.29499998688697815,0.02397915907204151,0.25999999046325684,0.3199999928474426,-0.048365518,-0.043581536,0.001441553946480983,0.5504758391115401,0.016719384481095605,0.05546004221671157,0.0003,282,118,65.4604302229721,5.475526332855225,11.221583604812622,16.697109937667847,473,0.15417549957055598,0,0,TRUE,pair,146,2.45885329938028,5.096065871778804,35,0,7.486301369863014,2.45885329938028,0.23389300145208836,2.6561848006676883,cpu,cuda:0,0,406.2441406,41
894,1,DDT500_num50.txt,fixed,1079,8,134.875,5.599944114685059,5.273290157318115,5.198946382733993e-06,-3.32,-0.277761135,0.29249998927116394,0.01713913306593895,0.2800000011920929,0.3199999928474426,-0.083618641,-0.078419127,0.0018101760069839656,0.6104606986045837,0.02270178362959996,0.020576338283717632,0.0003,283,117,159.63479764248714,5.2890214920043945,1.4691598415374756,6.759177923202515,446,0.15254909929353744,0,0,TRUE,pair,145,2.2270176007878035,5.348470805639244,36,0,7.441379310344828,2.2270176007878035,0.24609780381433666,2.685494200210087,cpu,cuda:0,0,253.05517578125,40
895,1,DDT500_num50.txt,fixed,1101,8,137.625,6.594268321990967,5.104517459869385,5.771502856077859e-06,-3.24,-0.277179031,0.29749998450279236,0.027271782979369164,0.25999999046325684,0.3400000035762787,-0.044285902,-0.039508681,0.0010523817683052686,0.5303410689036051,0.01566794880070827,0.050238031066126294,0.0003,281,119,70.98874980040831,5.124875783920288,10.384624004364014,15.509499788284302,466,0.20902579906396568,0,0,TRUE,pair,146,2.0356727988692,5.143505900475678,36,0,7.541095890410959,2.0356727988692,0.22024590126238763,2.7433113978477195,cpu,cuda:0,0,403.87548828125,41
896,1,DDT500_num50.txt,fixed,1112,8,139,4.690415859222412,6.5092878341674805,5.182519998925272e-06,-3.04,-0.272752691,0.3100000023841858,0.024494897574186325,0.25999999046325684,0.3400000035762787,-0.11963987,-0.115716405,0.0016621305840089917,0.47545281052589417,0.01677305328970154,0.03377205692231655,0.0003,276,124,115.70199586837596,6.526942491531372,3.0839548110961914,9.610897302627563,474,0.18509899824857712,0,0,TRUE,pair,144,3.0529032996855676,5.1303956825956165,36,0,7.722222222222222,3.0529032996855676,0.293312597903423,3.0310168038122356,cpu,cuda:0,0,383.0615234,40
897,1,DDT500_num50.txt,fixed,1088,8,136,5.74456262588501,4.496523380279541,1.777937723090872e-05,-3.24,-0.273409219,0.29749998450279236,0.03230712562799454,0.25999999046325684,0.36000001430511475,-0.027007326,-0.022513032,0.001236290787346661,0.5112448632717133,0.02768493520852644,0.017921146005392075,0.0003,281,119,142.09982561222478,4.518904447555542,3.1376848220825195,7.6565892696380615,475,0.14509699889458716,0,0,TRUE,pair,142,1.7767105007078499,5.052389703691006,35,0,7.661971830985915,1.7767105007078499,0.1680304971523583,2.463010498555377,cpu,cuda:0,0,379.85595703125,40
898,1,DDT500_num50.txt,fixed,1091,8,136.375,2.8695600032806396,5.931969165802002,4.204557626508176e-06,-3.44,-0.274327472,0.2849999964237213,0.02179449424147606,0.25999999046325684,0.3199999928474426,-0.018413914,-0.014316757,0.0014089983480516822,0.4801654130220413,0.010059853980783373,0.03191202653106302,0.0003,286,114,68.59346859220248,5.947763681411743,9.95754075050354,15.905304431915283,471,0.16310250107198954,0,0,TRUE,pair,140,2.7349063999718055,5.0559120082068505,36,0,7.792857142857143,2.7349063999718055,0.2655299996258691,2.81291899853386,cpu,cuda:0,0,396.8916016,39
899,1,DDT500_num50.txt,fixed,1098,8,137.25,6.995534420013428,5.149866104125977,5.907779723202111e-06,-3.4,-0.276089839,0.2874999940395355,0.03596874326467514,0.23999999463558197,0.36000001430511475,-0.010500214,-0.006292332,0.0019065898144617678,0.5161170870065689,0.012737903476227075,0.03303512651473284,0.0003,285,115,74.13466299737566,5.166783332824707,9.644102096557617,14.810885429382324,462,0.14697219908703119,0,0,TRUE,pair,148,2.324214099557139,5.239526410789003,48,0,7.418918918918919,2.324214099557139,0.18727420223876834,2.5446325020166114,cpu,cuda:0,0,367.19873046875,40
900,1,DDT500_num50.txt,fixed,1071,8,133.875,7.769129753112793,5.519396781921387,6.228613983694231e-06,-3.4,-0.27901108,0.2874999940395355,0.024366989731788635,0.23999999463558197,0.3199999928474426,-0.038067341,-0.034141537,0.0017607850281314717,0.48061888416608173,0.01236612137614025,0.060407305498503976,0.0003,285,115,73.76682662097735,5.537334680557251,8.981386661529541,14.518721342086792,478,0.1602109990781173,0,0,TRUE,pair,142,2.4921293997904286,5.37254901649126,32,0,7.542253521126761,2.4921293997904286,0.23821720061823726,2.6783046991331503,cpu,cuda:0,0,399.2607422,39
901,1,DDT500_num50.txt,fixed,1088,8,136,7.348469257354736,5.291670322418213,5.798523943667533e-06,-3.28,-0.276821569,0.29499998688697815,0.031224995851516724,0.25999999046325684,0.3400000035762787,-0.090924181,-0.086630723,0.0015472220839001238,0.5067066885530949,0.016157914767973125,0.058010163716971874,0.0003,282,118,75.56974487584066,5.3079774379730225,9.089318752288818,14.39729619026184,463,0.15048390091396868,0,0,TRUE,pair,151,2.401015600771643,5.112132349215886,27,0,7.2052980132450335,2.401015600771643,0.21918480296153575,2.564245198504068,cpu,cuda:0,0,373.5683594,39
902,1,DDT500_num50.txt,fixed,1081,8,135.125,4.136348247528076,4.327239990234375,4.558099135465454e-06,-3.28,-0.270495888,0.29499998688697815,0.02397915907204151,0.23999999463558197,0.3199999928474426,-0.067754382,-0.062939106,0.0011383643917118509,0.538445778687795,0.007758710711884002,0.05998164887229602,0.0003,282,118,49.17988778435245,4.342529297,17.63800072669983,21.98053002357483,464,0.1963419996900484,0,0,TRUE,pair,141,1.6072108000516891,5.344125810538476,36,0,7.666666666666667,1.6072108000516891,0.16570829995907843,2.4679758975980803,cpu,cuda:0,0,449.32568359375,40
903,1,DDT500_num50.txt,fixed,1036,8,129.5,11.554220199584961,4.164647579193115,8.113241165119689e-06,-3.88,-0.292347763,0.2574999928474426,0.023318450897932053,0.2199999988079071,0.30000001192092896,-0.028544764,-0.024312115,0.002143331712836193,0.5304315355088975,0.011830951863278946,0.03791189048853186,0.0003,297,103,75.98921079905001,4.1804585456848145,9.45305585861206,13.633514404296875,474,0.1352365999482572,0,0,TRUE,pair,147,1.5772900002775714,5.485521234370567,36,0,7.0476190476190474,1.5772900002775714,0.1654318997170776,2.33641689887736,cpu,cuda:0,0,402.75732421875,40
904,1,DDT500_num50.txt,fixed,1055,8,131.875,8.432637214660645,5.285170555114746,6.417402801162098e-06,-3.48,-0.307623424,0.2824999988079071,0.025372227653861046,0.23999999463558197,0.3199999928474426,-0.098968569,-0.093739465,0.001453201548429206,0.5955707877874374,0.016583970747888088,0.029907184187322855,0.0003,287,113,115.7764010517595,5.301455974578857,3.810936450958252,9.11239242553711,467,0.14798730076290667,0,0,TRUE,pair,142,2.4327611995395273,5.389573458359704,32,0,7.429577464788732,2.4327611995395273,0.24989899981301278,2.4966119988821447,cpu,cuda:0,0,377.89306640625,40
905,1,DDT500_num50.txt,fixed,1113,8,139.125,2.521780014038086,4.998453617095947,4.582973360811593e-06,-3.4,-0.287526644,0.2874999940395355,0.024366991594433784,0.25999999046325684,0.3400000035762787,0.03136971592903137,0.03645753562450409,0.0015607716282829641,0.5868201851844788,0.03425604687072337,0.03029991714283824,0.0003,285,115,115.00603531217594,5.015310049057007,4.662442922592163,9.67775297164917,480,0.15146960190031677,0,0,TRUE,pair,143,2.122528400272131,4.988319855387534,27,0,7.783216783216783,2.122528400272131,0.2027585991891101,2.5724419000325724,cpu,cuda:0,0,415.5322266,41
906,1,DDT500_num50.txt,fixed,1075,8,134.375,5.475799083709717,4.90209436416626,6.72997412038967e-05,-3.2,-0.284549516,0.30000001192092896,0.017320508137345314,0.2800000011920929,0.3400000035762787,-0.075154447,-0.070241532,0.0015164052213852604,0.5671112537384033,0.010081374823736647,0.042424202896654606,0.0003,280,120,98.54231413092778,4.985664129257202,5.9233551025390625,10.909019231796265,459,0.14234050118830055,0,0,TRUE,pair,141,2.160605199984275,5.185116281287614,30,0,7.624113475177305,2.160605199984275,0.1873449010308832,2.459352499456145,cpu,cuda:0,0,391.7958984,41
907,1,DDT500_num50.txt,fixed,1088,8,136,3.605551242828369,4.716917991638184,4.6015402404009365e-06,-3.44,-0.286815582,0.2849999964237213,0.021794499829411507,0.25999999046325684,0.3199999928474426,-0.086641814,-0.082456099,0.0015334351420668618,0.49524343439510893,0.020816335421321646,0.06569892034998961,0.0003,286,114,81.9005384480656,4.7331602573394775,8.55124568939209,13.284405946731567,461,0.13594080053735524,0,0,TRUE,pair,141,1.9299580997321755,5.17922793788945,27,0,7.716312056737588,1.9299580997321755,0.18385370098985732,2.5097419002559036,cpu,cuda:0,0,424.97705078125,43
908,1,DDT500_num50.txt,fixed,1071,8,133.875,5.085211277008057,4.534601211547852,4.501630883169128e-06,-3.36,-0.283914341,0.28999999165534973,0.022360682487487793,0.25999999046325684,0.3199999928474426,-0.060459914,-0.056011245,0.0013075076026975044,0.5102423770087106,0.020584010319518193,0.040801407769322395,0.0003,284,116,88.90702231748354,4.551122188568115,7.49517035484314,12.046292543411255,463,0.1372468025656417,0,0,TRUE,pair,140,1.813542999443598,5.281979459117886,36,0,7.65,1.813542999443598,0.17486369668040425,2.4562222011154518,cpu,cuda:0,0,398.0136719,43
909,1,DDT500_num50.txt,fixed,1069,8,133.625,7.631145000457764,4.89473819732666,4.438044925336726e-06,-3.76,-0.280246549,0.26499998569488525,0.021794497966766357,0.2199999988079071,0.30000001192092896,0.0046849936246871945,0.009019696712493896,0.002151076088193804,0.5410240709781646,0.01615899559110403,0.03856314718723297,0.0003,294,106,113.7744749136994,4.911991596221924,4.483788967132568,9.395780563354492,474,0.15060909872408956,0,0,TRUE,pair,142,2.155136599089019,5.291861555529488,32,0,7.528169014084507,2.155136599089019,0.20128010027110577,2.440575702348724,cpu,cuda:0,0,426.7207031,43
910,1,DDT500_num50.txt,fixed,1085,8,135.625,2.955397605895996,5.386270046234131,1.4586463294108398e-05,-3.56,-0.27777773,0.2774999737739563,0.01561250351369381,0.25999999046325684,0.30000001192092896,0.13527127248900278,0.14087089683328355,0.0014086419666585112,0.6303945013454982,0.01205505957893495,0.050077151507139206,0.0003,289,111,79.51352083017848,5.404461622238159,8.241016387939453,13.645478010177612,469,0.14525819767732173,0,0,TRUE,pair,140,2.5380432998063043,5.289400926053799,45,0,7.75,2.5380432998063043,0.23894030088558793,2.5017854993930086,cpu,cuda:0,0,428.2773438,44
911,1,DDT500_num50.txt,fixed,1072,8,134,4.636809349060059,4.793190956115723,4.759422608913155e-06,-3.56,-0.293925449,0.2774999737739563,0.011989585123956203,0.25999999046325684,0.30000001192092896,0.015228620597294398,0.020228603056498935,0.001752127627176898,0.5876048633030483,0.019137341362823333,0.04937095281534961,0.0003,289,111,97.2693961827935,4.824124097824097,6.196814060211182,11.020938158035278,499,0.14929030067287385,0,0,TRUE,pair,138,1.9967305989703164,5.362873130992277,40,0,7.768115942028985,1.9967305989703164,0.19230370118748397,2.5112269987585023,cpu,cuda:0,0,423.2363281,45
912,1,DDT500_num50.txt,fixed,1068,8,133.5,6.304759979248047,5.617536544799805,5.798523943667533e-06,-3.36,-0.299667201,0.28999999165534973,0.017320509999990463,0.25999999046325684,0.3199999928474426,0.04590947926044464,0.05051027089357376,0.001860413793474436,0.5530996799468995,0.012877818220295012,0.03506803140044212,0.0003,284,116,91.70063464300131,5.637376308441162,6.009217023849487,11.64659333229065,473,0.15524330141488463,0,0,TRUE,pair,143,2.699312299489975,5.275280897983451,36,0,7.468531468531468,2.699312299489975,0.24643389973789454,2.56293990125414,cpu,cuda:0,0,436.39501953125,45
913,1,DDT500_num50.txt,fixed,1064,8,133,4.84768009185791,4.240448951721191,5.325867732608458e-06,-3.6,-0.316733672,0.2750000059604645,0.02397916279733181,0.2199999988079071,0.30000001192092896,-0.068119156,-0.063600827,0.0019026310571158926,0.5469634036223093,0.0131427146649609,0.044141740848620735,0.0003,290,110,146.60865500174458,4.256064176559448,3.001351833343506,7.257416009902954,464,0.13324350013863295,0,0,TRUE,pair,141,1.606569700757973,5.318609022332313,40,0,7.546099290780142,1.606569700757973,0.16649850050453097,2.380897799623199,cpu,cuda:0,0,391.7958984,45
914,1,DDT500_num50.txt,fixed,1053,8,131.625,10.769604682922363,4.625396728515625,6.7392797973298e-06,-3.4,-0.296796841,0.2874999940395355,0.028173567727208138,0.23999999463558197,0.3199999928474426,-0.004054062,0.0004323667713574001,0.0016129523781793459,0.5292907101767403,0.022424473094620874,0.042210355667131286,0.0003,285,115,89.29066503399163,4.642728090286255,7.1502180099487305,11.792946100234985,466,0.13930580019950867,0,0,TRUE,pair,142,1.8902843005489558,5.403608737847744,40,0,7.415492957746479,1.8902843005489558,0.20120370015501976,2.4387133988784626,cpu,cuda:0,0,402.75732421875,46
915,1,DDT500_num50.txt,fixed,1065,8,133.125,4.85894775390625,4.374441623687744,4.851100584346568e-06,-3.16,-0.297614984,0.3024999797344208,0.025372229516506195,0.25999999046325684,0.3400000035762787,-0.04165445,-0.03737722,0.0014716607111040503,0.5013051405549049,0.015211069083306938,0.04068129789084196,0.0003,279,121,136.33550250495404,4.391587734222412,3.4200239181518555,7.811611652374268,463,0.13759819942060858,0,0,TRUE,pair,143,1.706828698865138,5.330516432372617,36,0,7.4475524475524475,1.706828698865138,0.16717079922091216,2.4125282015884295,cpu,cuda:0,0,342.73486328125,45
916,1,DDT500_num50.txt,fixed,1066,8,133.25,4.085033893585205,5.524311542510986,4.0810687096382026e-06,-3.4,-0.286854104,0.2874999940395355,0.029895653948187828,0.23999999463558197,0.3400000035762787,-0.016491634,-0.012270261,0.0015698805800639093,0.5006308098634084,0.011618346720933915,0.07072692600389321,0.0003,285,115,50.936643636542975,5.542136192321777,15.385823011398315,20.927959203720093,463,0.1488473005592823,0,0,TRUE,pair,139,2.6162788001820445,5.447467165637419,36,0,7.669064748201439,2.6162788001820445,0.240302101126872,2.5584259999450296,cpu,cuda:0,0,440.58154296875,47
917,1,DDT500_num50.txt,fixed,1105,8,138.125,3.2572035789489746,5.334134578704834,4.476304638956208e-06,-3.16,-0.262186734,0.3024999797344208,0.01854049228131771,0.2800000011920929,0.3199999928474426,0.022368655850489933,0.027366610036955938,0.0014092111442652014,0.5702562994427152,0.010795312623182932,0.042207606550720006,0.0003,279,121,67.47690072542635,5.3501715660095215,11.025802850723267,16.375974416732788,482,0.1485667999368161,0,0,TRUE,pair,143,2.4894671991933137,5.219004524023824,39,0,7.7272727272727275,2.4894671991933137,0.2276750997407362,2.515557398670353,cpu,cuda:0,0,399.26123046875,47
918,1,DDT500_num50.txt,fixed,1073,8,134.125,7.389815807342529,4.546365737915039,4.720447122963378e-06,-3.28,-0.257609158,0.29499998688697815,0.027838824316859245,0.25999999046325684,0.3400000035762787,-0.041373776,-0.036622203,0.0015290480262289444,0.5516100962956746,0.010603489633649588,0.052442857747276625,0.0003,282,118,52.753570003626,4.563669681549072,15.776185989379883,20.339855670928955,472,0.13876430050004274,0,0,TRUE,pair,142,1.81738860020414,5.250698972392726,32,0,7.556338028169014,1.81738860020414,0.18080480094067752,2.4584182034013793,cpu,cuda:0,0,369.30126953125,47
919,1,DDT500_num50.txt,fixed,1064,8,133,5.024937629699707,4.46837043762207,5.769039944425458e-06,-3.4,-0.271620552,0.2874999940395355,0.024366991594433784,0.25999999046325684,0.3400000035762787,-0.022752857,-0.018368432,0.001903802389279008,0.5336336374282837,0.009039274090901018,0.03368309177458286,0.0003,285,115,105.1301256431351,4.484498739242554,5.636291980743408,10.120790719985962,473,0.14004469965584576,0,0,TRUE,pair,142,1.7430564006790519,5.473684208509617,30,0,7.492957746478873,1.7430564006790519,0.17374810227192938,2.461927699157968,cpu,cuda:0,0,418.2705078,48
920,1,DDT500_num50.txt,fixed,1046,8,130.75,3.8971142768859863,4.515684604644775,4.889034244115464e-06,-3.48,-0.287591838,0.2824999988079071,0.027271781116724014,0.2199999988079071,0.3199999928474426,-0.043801996,-0.038855644,0.002242285176180303,0.6067492306232453,0.011290839733555913,0.045776537247002126,0.0003,287,113,116.07804078059407,4.534096956253052,4.477082014083862,9.011178970336914,455,0.134030501707457,0,0,TRUE,pair,137,1.8142460996750742,5.324091777746809,36,0,7.635036496350365,1.8142460996750742,0.18189849925693125,2.428655001334846,cpu,cuda:0,0,399.2607422,48
921,1,DDT500_num50.txt,fixed,1036,8,129.5,6.5,4.626385688781738,5.468056315294234e-06,-3.88,-0.300643269,0.2574999928474426,0.025372233241796494,0.2199999988079071,0.30000001192092896,-0.079137749,-0.074913747,0.0031823779489578946,0.5815192375864301,0.015124923142138869,0.08706479200295039,0.0003,297,103,88.50830490942262,4.644488096237183,7.060628175735474,11.705116271972656,471,0.14103630022145808,0,0,TRUE,pair,138,2.0267768999328837,5.358108105346503,52,0,7.507246376811594,2.0267768999328837,0.1802841981407255,2.3317714985460043,cpu,cuda:0,0,383.06103515625,48
922,1,DDT500_num50.txt,fixed,1062,8,132.75,6.098155498504639,4.298270225524902,4.52681479146122e-06,-3.84,-0.317587675,0.25999999046325684,0.026457518339157104,0.2199999988079071,0.30000001192092896,0.035081262389818825,0.04047824194033941,0.002093011358131965,0.6443497637907664,0.013766778516583145,0.04583589546382427,0.0003,296,104,101.82683732786641,4.314809799194336,6.114660739898682,10.429470539093018,465,0.13639339862857014,0,0,TRUE,pair,140,1.5952686993405223,5.3323917103801515,40,0,7.585714285714285,1.5952686993405223,0.1674193023936823,2.4480090006254613,cpu,cuda:0,0,418.2705078,49
923,1,DDT500_num50.txt,fixed,1065,8,133.125,8.652131080627441,4.412886619567871,7.272743914654711e-06,-3.8,-0.335313302,0.26250001788139343,0.03072051890194416,0.20000000298023224,0.30000001192092896,-0.044429358,-0.038935754,0.002392010224866681,0.6689604371786118,0.013240371481515467,0.050903468509204686,0.0003,295,105,124.20269446267983,4.430538177490234,4.144155025482178,8.574693202972412,476,0.14104309771209955,0,0,TRUE,pair,147,1.7572359001496807,5.123943660180894,35,0,7.244897959183674,1.7572359001496807,0.17412499652709812,2.3919117015320808,cpu,cuda:0,0,399.2607422,49
924,1,DDT500_num50.txt,fixed,1044,8,130.5,4.8218255043029785,4.852010726928711,5.015298029320547e-06,-4,-0.354250101,0.25,0.024494897574186325,0.20000000298023224,0.2800000011920929,0.0043437272310256955,0.010621918085962533,0.002735963650047779,0.7646178841590882,0.017728712083771823,0.02827531434595585,0.0003,300,100,112.7229171227391,4.931478500366211,4.330169677734375,9.261648178100586,475,0.14256260031834245,0,0,TRUE,pair,138,2.1481699005234987,5.338122603308652,40,0,7.565217391304348,2.1481699005234987,0.21222139929886907,2.396330699790269,cpu,cuda:0,0,426.7207031,48
925,1,DDT500_num50.txt,fixed,1049,8,131.125,6.808772087097168,4.793069362640381,6.492256488854764e-06,-3.8,-0.350581336,0.26249998807907104,0.027271782979369164,0.2199999988079071,0.30000001192092896,-0.135582334,-0.130177166,0.0028451535617932677,0.6827756932803563,0.028649389361297444,0.07188555704695838,0.0003,295,105,94.84293839169248,4.811931133270264,6.248460054397583,11.060391187667847,459,0.14014450181275606,0,0,TRUE,pair,139,2.053417400107719,5.120114390797792,24,0,7.546762589928058,2.053417400107719,0.21109479805454612,2.433123400551267,cpu,cuda:0,0,418.2705078,49
926,1,DDT500_num50.txt,fixed,1069,8,133.625,5.998697757720947,4.7078022956848145,4.520532002061373e-06,-3.6,-0.318954031,0.2749999761581421,0.01658313348889351,0.25999999046325684,0.30000001192092896,-0.0017728,0.0033787923554579415,0.001533720555016771,0.5918442209561666,0.015981605858542025,0.0589813101105392,0.0003,290,110,96.47811888419693,4.724316596984863,6.3559160232543945,11.080232620239258,477,0.14106680057011545,0,0,TRUE,pair,142,2.040825900970958,5.1468662298985794,32,0,7.528169014084507,2.040825900970958,0.17994450370315462,2.397958298563026,cpu,cuda:0,0,436.39501953125,50
927,1,DDT500_num50.txt,fixed,1082,8,135.25,5.471517086029053,5.855288028717041,4.84523798149894e-06,-3.2,-0.291343089,0.29999998211860657,0.019999999552965164,0.2800000011920929,0.3400000035762787,-0.010838453,-0.005478091,0.0015365737218720219,0.6128651857376098,0.01070466333379348,0.08679149852444729,0.0003,280,120,51.557944855374224,5.873772859573364,15.112323522567749,20.986096382141113,470,0.15058069780934602,0,0,TRUE,pair,144,2.9825858009280637,5.00369685634888,27,0,7.513888888888889,2.9825858009280637,0.25981539860367775,2.501077497145161,cpu,cuda:0,0,386.12451171875,50
928,1,DDT500_num50.txt,fixed,1050,8,131.25,5.739120006561279,4.720636367797852,5.220767889113631e-06,-3.6,-0.294459507,0.2749999761581421,0.019364917650818825,0.25999999046325684,0.3199999928474426,-0.021085996,-0.015748053,0.0014962475514039397,0.6086065610249837,0.0071516667415077485,0.0524860097716252,0.0003,290,110,52.47928257081967,4.741455554962158,15.26643991470337,20.007895469665527,458,0.13952900026924908,0,0,TRUE,pair,142,2.0176645999308676,5.358095239003499,36,0,7.394366197183099,2.0176645999308676,0.19804289902094752,2.40762599860318,cpu,cuda:0,0,422.42919921875,51
929,1,DDT500_num50.txt,fixed,1035,8,129.375,4.715333938598633,4.375277042388916,4.726464339910308e-06,-3.84,-0.296363909,0.25999999046325684,0.033166252076625824,0.20000000298023224,0.30000001192092896,-0.003218999,0.0025460669504744665,0.002127035795378366,0.682858054127012,0.015425139015340912,0.05552750114085419,0.0003,296,104,55.47462277367118,4.392124652862549,14.265054941177368,18.657179594039917,459,0.13740700017660856,0,0,TRUE,pair,138,1.7582985003245994,5.534299516908213,39,0,7.5,1.7582985003245994,0.18404529837425798,2.3436295005958527,cpu,cuda:0,0,454.3544922,50
930,1,DDT500_num50.txt,fixed,1059,8,132.375,5.893587589263916,4.273432731628418,5.499154212884605e-06,-3.52,-0.252782594,0.2800000011920929,0.02000000700354576,0.23999999463558197,0.30000001192092896,-0.021819728,-0.016137953,0.0014988250642394027,0.6431188543637594,0.010511656644909332,0.07112370623896519,0.0003,288,112,53.080022709207284,4.289695978164673,15.661312818527222,19.951008796691895,463,0.13765779801178724,0,0,TRUE,pair,141,1.6328826013486832,5.267233239354898,33,0,7.51063829787234,1.6328826013486832,0.16268410033080727,2.392041200073436,cpu,cuda:0,0,436.39501953125,51
931,1,DDT500_num50.txt,fixed,1054,8,131.75,5.4486236572265625,4.898370265960693,5.478441835293779e-06,-3.8,-0.255387519,0.26249998807907104,0.033819373697042465,0.20000000298023224,0.3199999928474426,-0.035832234,-0.030898834,0.0021798142697662115,0.60233188526971,0.02312089494496052,0.08664943490709577,0.0003,295,105,97.37084016733667,4.914794683456421,5.909801244735718,10.824595928192139,460,0.1441406006924808,0,0,TRUE,pair,140,2.1676471004029736,5.287476281513525,32,0,7.5285714285714285,2.1676471004029736,0.21775180159602314,2.4134821974439546,cpu,cuda:0,0,432.9882813,51
932,1,DDT500_num50.txt,fixed,1033,8,129.125,8.724068641662598,5.235998630523682,2.5173208996420726e-05,-3.68,-0.273978713,0.27000001072883606,0.026457518339157104,0.2199999988079071,0.30000001192092896,-0.068384914,-0.06285472,0.0015127438722023119,0.628656268119812,0.014061127313955998,0.0764774124448498,0.0003,292,108,59.6439816868173,5.255854368209839,12.063579559326172,17.31943392753601,457,0.1535190991126001,0,0,TRUE,pair,139,2.3975101998075843,5.301064856631712,30,0,7.431654676258993,2.3975101998075843,0.22372479795012623,2.5119928987696767,cpu,cuda:0,0,478.83349609375,51
933,1,DDT500_num50.txt,fixed,1062,8,132.75,4.023369312286377,4.683868885040283,5.060430794401327e-06,-3.24,-0.264763879,0.29749998450279236,0.04293891042470932,0.2199999988079071,0.3400000035762787,-0.06046678,-0.055284773,0.0019417683981979887,0.6152899225552877,0.015953059238381685,0.05787063352763653,0.0003,281,119,51.82245471124817,4.70112156867981,15.791925430297852,20.49304699897766,457,0.13798610121011734,0,0,TRUE,pair,137,1.9112811002414674,5.390772132774756,33,0,7.751824817518248,1.9112811002414674,0.1875868005445227,2.491448001237586,cpu,cuda:0,0,467.6064453,52
934,1,DDT500_num50.txt,fixed,1082,8,135.25,5.309190273284912,5.325321197509766,1.021728621708462e-05,-3.56,-0.268462246,0.2775000035762787,0.027271782979369164,0.23999999463558197,0.3400000035762787,-0.032552186,-0.027492668,0.002516103326343,0.6317579746246338,0.012630189070478082,0.048213680274784565,0.0003,289,111,74.26915638750707,5.344733953475952,9.223897933959961,14.568631887435913,478,0.1536137006478384,0,0,TRUE,pair,144,2.3896103999577463,5.095194086129476,32,0,7.513888888888889,2.3896103999577463,0.23237280023749918,2.5984969016863033,cpu,cuda:0,0,417.3974609,49
935,1,DDT500_num50.txt,fixed,1058,8,132.25,5.165994644165039,4.233896255493164,4.042583896080032e-06,-3.76,-0.316582527,0.26499998569488525,0.02397916093468666,0.2199999988079071,0.30000001192092896,-0.005515534,-0.000248055,0.0022208164911717175,0.6377879738807678,0.016582826408557592,0.04347803089767695,0.0003,294,106,104.86721695815253,4.250653028488159,5.838295936584473,10.088948965072632,476,0.13950380019377917,0,0,TRUE,pair,138,1.571947299526073,5.201323251643117,28,0,7.666666666666667,1.571947299526073,0.1715852008201182,2.4017727985046804,cpu,cuda:0,0,493.43115234375,47
936,1,DDT500_num50.txt,fixed,1021,8,127.625,7.244609832763672,5.493544101715088,1.3368459804041777e-05,-3.72,-0.304490474,0.26749998331069946,0.013919414952397346,0.23999999463558197,0.2800000011920929,-0.075825604,-0.070505958,0.0020785910892300308,0.6358944028615952,0.011147467252158094,0.02437197742983699,0.0003,293,107,108.26694026433724,5.516780853271484,3.91361403465271,9.430394887924194,459,0.1564734015846625,0,0,TRUE,pair,136,2.583321598591283,5.290891284923946,30,0,7.507352941176471,2.583321598591283,0.267938201315701,2.5351163023151457,cpu,cuda:0,0,421.4863281,46
937,1,DDT500_num50.txt,fixed,1072,8,134,6.4031243324279785,4.463283538818359,6.180515811138321e-06,-3.8,-0.322459034,0.26249998807907104,0.025372233241796494,0.2199999988079071,0.30000001192092896,-0.028476568,-0.023354951,0.0021212488742700466,0.6182240843772888,0.017149234442816425,0.058122490105840065,0.0003,295,105,63.108089905858314,4.479773998260498,12.506954669952393,16.98672866821289,470,0.13626160158310086,0,0,TRUE,pair,145,1.8151836999459192,5.189365669640143,32,0,7.393103448275862,1.8151836999459192,0.17203229828737676,2.387448698282242,cpu,cuda:0,0,501.9619141,44
938,1,DDT500_num50.txt,fixed,1062,8,132.75,8.870597839355469,5.001655578613281,6.235454748093616e-06,-3.48,-0.304398457,0.2824999988079071,0.027271781116724014,0.2199999988079071,0.3199999928474426,-0.032104,-0.02716172,0.0020876082126051188,0.598608945097242,0.011903481100619371,0.04158931518239634,0.0003,287,113,51.35087525825877,5.017874479293823,15.66336989402771,20.681244373321533,463,0.14195670187473297,0,0,TRUE,pair,145,2.261529099661857,5.342749523802216,32,0,7.324137931034483,2.261529099661857,0.20732990035321563,2.4338348006131127,cpu,cuda:0,0,418.2705078,43
939,1,DDT500_num50.txt,fixed,1091,8,136.375,7.841197490692139,4.4394073486328125,6.127404049038887e-06,-3.6,-0.297569077,0.2750000059604645,0.031224992126226425,0.2199999988079071,0.3199999928474426,-0.010316553,-0.004694357,0.0015728128918757042,0.6408604621887207,0.009923757007345557,0.04089807045335571,0.0003,290,110,51.78630215876449,4.4570794105529785,16.610267639160156,21.067347049713135,475,0.1405633008107543,0,0,TRUE,pair,147,1.7403542986139655,5.2227314386096815,35,0,7.421768707482993,1.7403542986139655,0.17363219999242574,2.4342836996074766,cpu,cuda:0,0,392.84814453125,42
940,1,DDT500_num50.txt,fixed,1056,8,132,5.7008771896362305,4.164382457733154,5.56593795408844e-06,-3.68,-0.304479691,0.27000001072883606,0.04242641478776932,0.2199999988079071,0.36000001430511475,-0.062279997,-0.057722017,0.00255624670535326,0.5836110072476524,0.03335008697052087,0.054900348319539,0.0003,292,108,91.56902845143188,4.180325984954834,7.351957559585571,11.532283544540405,463,0.13378709938842803,0,0,TRUE,pair,141,1.5836005002493039,5.111742420630022,40,0,7.48936170212766,1.5836005002493039,0.16358120273798704,2.3325457997852936,cpu,cuda:0,0,439.3896484,42
941,1,DDT500_num50.txt,fixed,1058,8,132.25,7.292975902557373,4.4649658203125,5.9771305132017005e-06,-3.48,-0.31963179,0.2824999988079071,0.01561250351369381,0.25999999046325684,0.30000001192092896,0.008200667922695477,0.01346664149314165,0.0016291272399636607,0.6080538034439087,0.0074274518061429266,0.0537370290607214,0.0003,287,113,50.77346854942739,4.482144117355347,16.355510473251343,20.83765459060669,448,0.13565110019408166,0,0,TRUE,pair,139,1.8248527002288029,5.443289224276696,36,0,7.611510791366906,1.8248527002288029,0.17728180007543415,2.373292501317337,cpu,cuda:0,0,348.94482421875,41
942,1,DDT500_num50.txt,fixed,1050,8,131.25,5.910795211791992,4.560134410858154,5.496569428942166e-06,-3.44,-0.324127837,0.2849999964237213,0.02397916093468666,0.23999999463558197,0.3199999928474426,-0.040142539,-0.035149253,0.0016567818737322731,0.5821671741349357,0.01353762811049819,0.03292711351865104,0.0003,286,114,94.49779340889776,4.5775651931762695,6.5338053703308105,11.11137056350708,453,0.13767960050608963,0,0,TRUE,pair,140,1.8866856006206945,5.310476193200974,40,0,7.5,1.8866856006206945,0.19325679854955524,2.38674749864731,cpu,cuda:0,0,367.1982422,41
943,1,DDT500_num50.txt,fixed,1062,8,132.75,8.120190620422363,5.331778526306152,6.417402801162098e-06,-3.48,-0.319880781,0.2824999988079071,0.027271784842014313,0.23999999463558197,0.3199999928474426,0.05678071159248551,0.06147321065266927,0.002316134710175296,0.5850575019915899,0.017267747471729916,0.037744571532433234,0.0003,287,113,90.3508244147319,5.348505973815918,6.405675649642944,11.754181623458862,460,0.19910369988065213,0,0,TRUE,pair,148,2.5598920003976673,5.257062141729165,33,0,7.175675675675675,2.5598920003976673,0.19962229835800827,2.474746699910611,cpu,cuda:0,0,535.4658203,41
944,1,DDT500_num50.txt,fixed,1096,8,137,4.636809349060059,5.738522529602051,4.856955911236582e-06,-3.56,-0.309290182,0.2775000035762787,0.027271784842014313,0.23999999463558197,0.3199999928474426,-0.019716537,-0.014490305,0.0015200276626273989,0.5986245900392533,0.0098585273954086,0.043716097995638845,0.0003,289,111,70.44649878789365,5.756038188934326,9.801867723464966,15.557905912399292,484,0.15325769991613925,0,0,TRUE,pair,144,2.8439399000490084,5.298357664233577,35,0,7.611111111111111,2.8439399000490084,0.24098500271793455,2.5475433993851766,cpu,cuda:0,0,378.87451171875,43
945,1,DDT500_num50.txt,fixed,1072,8,134,9.785192489624023,4.992224216461182,6.932611995580373e-06,-3.56,-0.308782091,0.2775000035762787,0.033819377422332764,0.2199999988079071,0.3400000035762787,-0.042860968,-0.037525498,0.00183712927225445,0.6254034212657383,0.013953877280333213,0.05121090369565146,0.0003,289,111,91.49906510591728,5.009590148925781,6.706376552581787,11.715966701507568,468,0.14611150056589395,0,0,TRUE,pair,142,2.232126800925471,5.340485067954704,32,0,7.549295774647887,2.232126800925471,0.2164305008482188,2.448343598167412,cpu,cuda:0,0,371.25439453125,40
946,1,DDT500_num50.txt,fixed,1048,8,131,8.972179412841797,5.101996898651123,6.592176760022994e-06,-3.4,-0.30563897,0.2874999940395355,0.028173573315143585,0.23999999463558197,0.3400000035762787,-0.051607659,-0.046314571,0.0018062156935532887,0.619619811574618,0.016069839504780248,0.04064606626828512,0.0003,285,115,105.1750948085053,5.118451356887817,4.845884799957275,9.964336156845093,464,0.14063700195401907,0,0,TRUE,pair,143,2.425239499891177,5.316793892447275,28,0,7.328671328671328,2.425239499891177,0.2051412013825029,2.377805600175634,cpu,cuda:0,0,391.7958984,40
947,1,DDT500_num50.txt,fixed,1046,8,130.75,5.517019271850586,4.870483875274658,5.3205285439617e-06,-3.76,-0.312403147,0.26499998569488525,0.01658312790095806,0.23999999463558197,0.2800000011920929,-0.008689632,-0.003065402,0.001583667174499068,0.6416062977578905,0.021525275596003566,0.05947319542368253,0.0003,294,106,77.93079214332549,4.886640787124634,8.535524845123291,13.422165632247925,449,0.141850400948897,0,0,TRUE,pair,137,2.182288800482638,5.456022942499266,36,0,7.635036496350365,2.182288800482638,0.18721229990478605,2.4096403010189533,cpu,cuda:0,0,422.42919921875,39
948,1,DDT500_num50.txt,fixed,1046,8,130.75,6.279928207397461,4.921317100524902,2.719226358749438e-05,-3.8,-0.322918873,0.26249998807907104,0.03929058089852333,0.20000000298023224,0.3199999928474426,-0.150623123,-0.145848443,0.0023096108731503287,0.5929471651713053,0.01756451492353032,0.032254783436656,0.0003,295,105,114.62983149063915,4.943667650222778,4.18135666847229,9.125024318695068,454,0.13955869688652456,0,0,TRUE,pair,137,2.2476044001523405,5.519120459346881,32,0,7.635036496350365,2.2476044001523405,0.18617430061567575,2.3950534011237323,cpu,cuda:0,0,482.9921875,40
949,1,DDT500_num50.txt,fixed,1080,8,135,5.074445724487305,5.006281852722168,4.70234954264015e-06,-3.32,-0.298987047,0.29249998927116394,0.022220490500330925,0.25999999046325684,0.3400000035762787,-0.003492294,0.001708192005753517,0.0016244575148448349,0.6012714087963105,0.014395762234926224,0.050216999277472495,0.0003,283,117,111.85943899452332,5.023745775222778,4.631228446960449,9.654974222183228,469,0.14805040054488927,0,0,TRUE,pair,145,2.2042020998196676,5.371296296296296,30,0,7.448275862068965,2.2042020998196676,0.21424650063272566,2.4898080952698365,cpu,cuda:0,0,399.2607422,40
950,1,DDT500_num50.txt,fixed,1086,8,135.75,4.736824035644531,5.3111395835876465,5.190740012039896e-06,-3.36,-0.297669573,0.28999999165534973,0.017320509999990463,0.25999999046325684,0.3199999928474426,-0.018743026,-0.013245049,0.0015368790676196415,0.6266417304674784,0.013025541983855268,0.05473615322262049,0.0003,284,116,87.21435652222164,5.328939437866211,7.123138904571533,12.452078342437744,463,0.20635450060945004,0,0,TRUE,pair,144,2.4806978999404237,5.337937385776864,35,0,7.541666666666667,2.4806978999404237,0.21563109755516052,2.5155763982329518,cpu,cuda:0,0,423.2363281,40
951,1,DDT500_num50.txt,fixed,1060,8,132.5,4.44409704208374,5.3207783699035645,4.859880846197484e-06,-3.68,-0.312827968,0.26999998092651367,0.024494903162121773,0.2199999988079071,0.30000001192092896,-0.094112059,-0.089237539,0.0017721319803968073,0.5760583976904551,0.011012212357794244,0.07779275166491667,0.0003,292,108,52.98881933567236,5.340261936187744,14.663958072662354,20.004220008850098,454,0.1446919976733625,0,0,TRUE,pair,139,2.4427500994643196,5.33018867902036,36,0,7.625899280575539,2.4427500994643196,0.24247189913876355,2.5276027033105493,cpu,cuda:0,0,427.52783203125,40
952,1,DDT500_num50.txt,fixed,1035,8,129.375,9.720307350158691,4.411145210266113,7.804340384609532e-06,-3.56,-0.309218236,0.2775000035762787,0.03929058462381363,0.2199999988079071,0.3400000035762787,-0.057940424,-0.053152011,0.0020263530022930354,0.5801586657762527,0.009193403365012879,0.05245131626725197,0.0003,289,111,63.223915535001396,4.428978681564331,11.94140887260437,16.3703875541687,454,0.1349992003524676,0,0,TRUE,pair,142,1.815617399988696,5.51400966713394,35,0,7.288732394366197,1.815617399988696,0.17630299786105752,2.331426198477857,cpu,cuda:0,0,405.1230469,40
953,1,DDT500_num50.txt,fixed,1069,8,133.625,8.01463508605957,5.215897083282471,6.542407390952576e-06,-3.76,-0.297134149,0.26500001549720764,0.03968627378344536,0.2199999988079071,0.3400000035762787,-0.107361135,-0.102131507,0.0013884852669434622,0.5923873223364353,0.017962063851882704,0.040930995251983404,0.0003,294,106,83.56080880373221,5.232429027557373,7.560649633407593,12.793078660964966,464,0.14440349908545613,0,0,TRUE,pair,148,2.428873800090514,5.3554723996554054,36,0,7.222972972972973,2.428873800090514,0.20255709963385016,2.4863914992893115,cpu,cuda:0,0,405.1230469,40
954,1,DDT500_num50.txt,fixed,1034,8,129.25,4.293890953063965,4.4652814865112305,4.9496984502184205e-06,-3.56,-0.296982099,0.2775000035762787,0.025372233241796494,0.23999999463558197,0.3199999928474426,-0.029345593,-0.024411061,0.0020913391141220926,0.5980211973190308,0.014687597518786788,0.042515727877616885,0.0003,289,111,100.89441329081178,4.480862140655518,5.767475366592407,10.248337507247925,472,0.14403370034415275,0,0,TRUE,pair,139,1.7590678004780784,5.628626692917638,44,0,7.438848920863309,1.7590678004780784,0.17796260002069175,2.4375784014118835,cpu,cuda:0,0,419.26513671875,42
955,1,DDT500_num50.txt,fixed,1072,8,134,5.147815227508545,4.599815368652344,5.256034910416929e-06,-3.24,-0.269043128,0.29749998450279236,0.029047375544905663,0.23999999463558197,0.3199999928474426,-0.070606693,-0.066075637,0.0016697062877938152,0.5365914702415466,0.014737495733425022,0.038868752866983415,0.0003,281,119,115.28336157027007,4.619061231613159,4.679765462875366,9.298826694488525,452,0.13657230022363365,0,0,TRUE,pair,140,1.9289067996433005,5.160447760749219,36,0,7.6571428571428575,1.9289067996433005,0.18180469912476838,2.399158598855138,cpu,cuda:0,0,418.2705078,42
956,1,DDT500_num50.txt,fixed,1035,8,129.375,8.543088912963867,5.855235576629639,5.917393536947202e-06,-3.64,-0.274502485,0.2724999785423279,0.037332963198423386,0.20000000298023224,0.3199999928474426,-0.089282685,-0.085118163,0.0014999263861682267,0.49144854843616487,0.017662105546332896,0.08993724510073661,0.0003,291,109,64.62778930633722,5.873193740844727,10.141588926315308,16.014782667160034,452,0.14844620157964528,0,0,TRUE,pair,144,3.0028596004704013,5.42608695767352,36,0,7.1875,3.0028596004704013,0.2952150038909167,2.438086900860071,cpu,cuda:0,0,432.9882813,42
957,1,DDT500_num50.txt,fixed,1098,8,137.25,4.520785331726074,4.596635818481445,4.909339168079896e-06,-3.48,-0.271788484,0.2824999988079071,0.011989585123956203,0.25999999046325684,0.30000001192092896,-0.025996117,-0.022305587,0.0014625767090668282,0.4421818415323893,0.007297267679435512,0.044739946629852055,0.0003,287,113,53.9148747697156,4.613941669464111,15.751495599746704,20.365437269210815,472,0.14152429869864136,0,0,TRUE,pair,145,1.8664198000915349,5.215846993232685,33,0,7.572413793103448,1.8664198000915349,0.18199250078760087,2.4564814968034625,cpu,cuda:0,0,436.90869140625,44
958,1,DDT500_num50.txt,fixed,1096,8,137,7.952986717224121,4.378170013427734,6.749814929207787e-06,-3.12,-0.265365153,0.3050000071525574,0.019364913925528526,0.2800000011920929,0.3400000035762787,0.015559564034144083,0.019193341334660847,0.0016203514533117414,0.44439562658468884,0.020799316960619763,0.03008135175332427,0.0003,278,122,107.77738120187881,4.395648002624512,5.773461580276489,10.169109582901001,464,0.13662189699243754,0,0,TRUE,pair,147,1.6903288997709751,5.111313864262435,35,0,7.45578231292517,1.6903288997709751,0.17132519860751927,2.426772001897916,cpu,cuda:0,0,443.09716796875,44
959,1,DDT500_num50.txt,fixed,1054,8,131.75,5.5621490478515625,4.645294666290283,5.644531483994797e-06,-3.56,-0.269382001,0.2775000035762787,0.023318450897932053,0.23999999463558197,0.3199999928474426,-0.134041566,-0.129986421,0.0017379396511907025,0.49241167306900024,0.0103139346216007,0.05410020183106618,0.0003,289,111,60.24982540579158,4.661796569824219,12.832030057907104,17.493826627731323,476,0.14395079878158867,0,0,TRUE,pair,142,1.9128310994710773,5.372865279666387,40,0,7.422535211267606,1.9128310994710773,0.18443950184155256,2.4564196006394923,cpu,cuda:0,0,371.25439453125,44
960,1,DDT500_num50.txt,fixed,1083,8,135.375,3.8709657192230225,5.015048503875732,4.482649728743127e-06,-3.2,-0.24205086,0.29999998211860657,0.022360682487487793,0.25999999046325684,0.3400000035762787,-0.053490347,-0.049372933,0.0013212801211259582,0.4778048206459392,0.01303593990848061,0.06279901686039838,0.0003,280,120,67.42358209065993,5.032261848449707,11.030367374420166,16.062629222869873,478,0.1469763983041048,0,0,TRUE,pair,141,2.176627899869345,5.240073869763319,25,0,7.680851063829787,2.176627899869345,0.20487140107434243,2.4763434056658298,cpu,cuda:0,0,402.75732421875,46
961,1,DDT500_num50.txt,fixed,1062,8,132.75,7.901740550994873,4.575300693511963,6.419616511266213e-06,-3.28,-0.244405107,0.29499998688697815,0.031224992126226425,0.23999999463558197,0.3400000035762787,-0.033098198,-0.029210827,0.0015072113252244889,0.46409764885902405,0.012875916250050069,0.037501170113682744,0.0003,282,118,117.57335483448816,4.595112323760986,4.437546491622925,9.032658815383911,464,0.13696889858692884,0,0,TRUE,pair,143,1.8710533002158627,5.215630888489905,36,0,7.426573426573427,1.8710533002158627,0.179804602637887,2.4367147008888423,cpu,cuda:0,0,400.38037109375,46
962,1,DDT500_num50.txt,fixed,1074,8,134.25,5.910795211791992,4.624163627624512,4.897746748611098e-06,-3.48,-0.258469668,0.2824999988079071,0.03230712562799454,0.23999999463558197,0.3400000035762787,0.06069293711334467,0.0646933875977993,0.001373049228277523,0.4686974473297596,0.01564380223135231,0.0316307712928392,0.0003,287,113,81.12450808159701,4.646966457366943,8.59194278717041,13.238909244537354,456,0.1359174008248374,0,0,TRUE,pair,139,1.909431100008078,5.176908744780045,36,0,7.726618705035971,1.909431100008078,0.1972192976390943,2.4227832998149097,cpu,cuda:0,0,372.44873046875,46
963,1,DDT500_num50.txt,fixed,1057,8,132.125,7.590084075927734,4.686376094818115,4.620032996172085e-06,-3.56,-0.281943497,0.2774999737739563,0.029047377407550812,0.2199999988079071,0.3199999928474426,-0.031441436,-0.027125468,0.001398122069076635,0.501502875238657,0.011913352376723196,0.039768087706761435,0.0003,289,111,82.50681275258222,4.706038475036621,8.105024814605713,12.811063289642334,467,0.14145599934272468,0,0,TRUE,pair,142,2.0236457996070385,5.24219489075039,36,0,7.443661971830986,2.0236457996070385,0.1751615992980078,2.39970110100694,cpu,cuda:0,0,402.75732421875,47
964,1,DDT500_num50.txt,fixed,1047,8,130.875,9.130135536193848,4.705204486846924,6.768736511730822e-06,-3.36,-0.27216085,0.28999999165534973,0.033166252076625824,0.23999999463558197,0.3400000035762787,0.026344929156558856,0.031232163842235292,0.002001110913365015,0.5887790407453265,0.01551967070970152,0.05803195706435612,0.0003,284,116,100.42698353831156,4.7222888469696045,5.703196048736572,10.425484895706177,456,0.14547219942323864,0,0,TRUE,pair,144,1.93101930024568,5.2521489932635,30,0,7.270833333333333,1.93101930024568,0.20466119761113077,2.472285902244039,cpu,cuda:0,0,400.38037109375,47
965,1,DDT500_num50.txt,fixed,1058,8,132.25,5.804093360900879,5.072550296783447,5.984258677926846e-06,-3.6,-0.27893079,0.2750000059604645,0.031224993988871574,0.23999999463558197,0.3400000035762787,-0.022999041,-0.017668083,0.001538185082608834,0.6100044101476669,0.014806574472459033,0.061471297638490796,0.0003,290,110,85.53832634603624,5.090131521224976,7.278593063354492,12.368724584579468,473,0.14686680014710873,0,0,TRUE,pair,139,2.2795537007041276,5.2258979188021275,35,0,7.611510791366906,2.2795537007041276,0.2238852004520595,2.4677453987533227,cpu,cuda:0,0,370.85986328125,47
966,1,DDT500_num50.txt,fixed,1078,8,134.75,9.270248413085938,5.074814796447754,6.055081030353904e-06,-3.28,-0.273178088,0.29499998688697815,0.04330126941204071,0.2199999988079071,0.3799999952316284,-0.030915733,-0.025890734,0.001573451021353581,0.5811728856393269,0.010468438866415195,0.058409019373357296,0.0003,282,118,55.03061613588719,5.091447353363037,14.497648239135742,19.58909559249878,464,0.14452860073652118,0,0,TRUE,pair,149,2.283685400034301,5.386827454496182,36,0,7.23489932885906,2.283685400034301,0.22944509878288954,2.4575880009215325,cpu,cuda:0,0,378.8740234,47
967,1,DDT500_num50.txt,fixed,1056,8,132,7.5828752517700195,4.216948986053467,6.43950897938339e-06,-3.84,-0.278802442,0.25999999046325684,0.03464101627469063,0.20000000298023224,0.3199999928474426,0.22020316620667776,0.22559004028638205,0.0020616597030311823,0.6417715748151144,0.012295566188792387,0.019058226452519495,0.0003,296,104,134.4758237810605,4.233075141906738,3.6196374893188477,7.852712631225586,465,0.1342425000621006,0,0,TRUE,pair,143,1.6184406999964267,5.4564393973260215,35,0,7.384615384615385,1.6184406999964267,0.16371819807682186,2.3493996023898944,cpu,cuda:0,0,390.8623047,48
968,1,DDT500_num50.txt,fixed,1061,8,132.625,2.446298122406006,4.757410526275635,3.906719484803034e-06,-3.36,-0.286025519,0.28999999165534973,0.030000003054738045,0.23999999463558197,0.3400000035762787,-0.000127319,0.0044749811291694645,0.0017874477664008737,0.5496020615100861,0.013053553109057248,0.046698902174830435,0.0003,284,116,116.36054445301473,4.774862766265869,4.343348264694214,9.118211030960083,478,0.1975672998232767,0,0,TRUE,pair,137,2.0405828999355435,5.32799245814576,40,0,7.744525547445256,2.0405828999355435,0.18688519939314574,2.439280803082511,cpu,cuda:0,0,424.97705078125,47
969,1,DDT500_num50.txt,fixed,1043,8,130.375,9.232246398925781,4.419365406036377,5.803423391625984e-06,-3.48,-0.294584948,0.2824999988079071,0.04054318740963936,0.20000000298023224,0.3400000035762787,-0.018693743,-0.014263892,0.001989088246288399,0.5424396872520447,0.007695016846992075,0.0453432056431969,0.0003,287,113,54.06436429768891,4.435211420059204,14.856608867645264,19.291820287704468,449,0.1343447008403018,0,0,TRUE,pair,140,1.8519898998783901,5.4084371944401886,36,0,7.45,1.8519898998783901,0.16772539843805134,2.3159526996314526,cpu,cuda:0,0,369.08740234375,49
970,1,DDT500_num50.txt,fixed,1067,8,133.375,7.498958110809326,5.105319023132324,6.548920282511972e-06,-3.4,-0.285167654,0.2874999940395355,0.029895653948187828,0.23999999463558197,0.3400000035762787,-0.003104981,0.0016183331608772278,0.0018643354560481384,0.5655490420758724,0.011321535421302542,0.03383219242095947,0.0003,285,115,77.74469906638903,5.122722387313843,8.601686000823975,13.724408388137817,467,0.15164679975714535,0,0,TRUE,pair,143,2.279611100326292,5.276476100324579,30,0,7.461538461538462,2.279611100326292,0.1973625997779891,2.5332164018182084,cpu,cuda:0,0,388.99462890625,48
971,1,DDT500_num50.txt,fixed,1040,8,130,6.041522979736328,4.7035369873046875,6.310215212579351e-06,-4,-0.314319816,0.25,0.024494897574186325,0.20000000298023224,0.2800000011920929,-0.024250807,-0.020016883,0.002887225220911205,0.5677536308765412,0.011594949930440634,0.026954958401620387,0.0003,300,100,102.72457361568455,4.719595193862915,5.404564619064331,10.124159812927246,474,0.14667650090996176,0,0,TRUE,pair,137,2.048147000139579,5.439423076464579,32,0,7.591240875912408,2.048147000139579,0.19354579993523657,2.3687545004067943,cpu,cuda:0,0,402.75732421875,49
972,1,DDT500_num50.txt,fixed,1063,8,132.875,5.395310401916504,4.293353080749512,4.238221208652249e-06,-3.56,-0.304922479,0.2774999737739563,0.011989585123956203,0.25999999046325684,0.30000001192092896,0.013136265520006418,0.017625839030370117,0.001890832744538784,0.5434983154137929,0.010205874436845381,0.06236035053928693,0.0003,289,111,51.98465639755168,4.309733629226685,16.13860774040222,20.448341369628906,461,0.13478499930351973,0,0,TRUE,pair,139,1.6516844993457198,5.461900282668709,40,0,7.64748201438849,1.6516844993457198,0.16550779971294105,2.389707701280713,cpu,cuda:0,0,366.3710938,49
973,1,DDT500_num50.txt,fixed,1065,8,133.125,9.713875770568848,4.884635925292969,7.410178113786969e-06,-3.04,-0.285611722,0.3100000023841858,0.043588992208242416,0.2199999988079071,0.36000001430511475,0.03479647636413574,0.03937365114688873,0.001753650896716863,0.5454001426696777,0.029629425145685673,0.0339743597432971,0.0003,276,124,162.46887685567614,4.89969277381897,1.6554088592529297,6.555101633071899,453,0.137607402051799,0,0,TRUE,pair,142,2.090066000004299,5.356807510393886,30,0,7.5,2.090066000004299,0.1955182000529021,2.504215599852614,cpu,cuda:0,0,232.2578125,50
974,1,DDT500_num50.txt,fixed,1080,8,135,5.385164737701416,5.7300615310668945,5.478441835293779e-06,-3.56,-0.312675695,0.2775000035762787,0.027271784842014313,0.23999999463558197,0.3199999928474426,0.02509261348417827,0.028969735971518924,0.001601021537291152,0.467763568673815,0.011607451447551804,0.04599352420440742,0.0003,289,111,85.66289338928095,5.747118234634399,6.860440969467163,12.607559204101562,480,0.16033130011055619,0,0,TRUE,pair,143,2.796447299188003,5.448148148148148,30,0,7.5524475524475525,2.796447299188003,0.2585302983643487,2.5658979000290856,cpu,cuda:0,0,403.875,49
975,1,DDT500_num50.txt,fixed,1035,8,129.375,7.122806549072266,4.83989143371582,6.397441666194936e-06,-3.6,-0.305078931,0.2750000059604645,0.021794503554701805,0.23999999463558197,0.30000001192092896,-0.147764766,-0.144489521,0.0022859019421351454,0.441819762190183,0.01936275865106533,0.04702474766721328,0.0003,290,110,108.00889786754621,4.855740308761597,4.726803541183472,9.582543849945068,448,0.13774140202440321,0,0,TRUE,pair,136,2.1814394001848996,5.525603864273587,35,0,7.610294117647059,2.1814394001848996,0.21710250014439225,2.347691099625081,cpu,cuda:0,0,380.9638672,50
976,1,DDT500_num50.txt,fixed,1083,8,135.375,4.3571062088012695,4.450573921203613,4.40268149759504e-06,-3.2,-0.29432631,0.29999998211860657,0.02828427590429783,0.25999999046325684,0.36000001430511475,-0.030632445,-0.026836544,0.0013266790857804672,0.4459236264228821,0.018039487901010683,0.040424413712961335,0.0003,280,120,102.02316015823543,4.466328382492065,6.148908376693726,10.615236759185791,466,0.13443030056077987,0,0,TRUE,pair,143,1.71627509908285,5.314866112650046,28,0,7.573426573426573,1.71627509908285,0.16752389795146883,2.478812998509966,cpu,cuda:0,0,435.15966796875,50
977,1,DDT500_num50.txt,fixed,1074,8,134.25,6.8693156242370605,4.93729829788208,6.37518996882136e-06,-3.2,-0.272949768,0.29999998211860657,0.02828427590429783,0.25999999046325684,0.36000001430511475,0.031489282194525,0.03518349165096879,0.0014303707517683505,0.4409391194581985,0.022866507305298,0.037804004922509196,0.0003,280,120,72.02494269256493,4.952732801437378,9.958768129348755,14.911500930786133,462,0.14547620119992644,0,0,TRUE,pair,142,2.1637221990386024,5.31005586458984,30,0,7.563380281690141,2.1637221990386024,0.20985320198815316,2.4628357001347467,cpu,cuda:0,0,367.21337890625,50
978,1,DDT500_num50.txt,fixed,1116,8,139.5,5.7662811279296875,5.572466850280762,5.309833795763552e-06,-3.12,-0.267879452,0.3050000071525574,0.034278277307748795,0.23999999463558197,0.36000001430511475,0.008949382496731622,0.012463450964008058,0.001546534210709589,0.4287335532052176,0.011091937394147473,0.04264952428638935,0.0003,278,122,84.78072019331738,5.589249610900879,7.57412052154541,13.163370132446289,483,0.15053850098047405,0,0,TRUE,pair,147,2.7011111003812402,5.041218634147371,28,0,7.591836734693878,2.7011111003812402,0.20865929930005223,2.564810199313797,cpu,cuda:0,0,495.88427734375,52
979,1,DDT500_num50.txt,fixed,1099,8,137.375,4.635124206542969,5.09276008605957,4.7980811359593645e-06,-3.12,-0.261051482,0.304999977350235,0.019364915788173676,0.25999999046325684,0.3199999928474426,-0.01835326,-0.014342571,0.0011566539372627933,0.45890162388483685,0.01926876123373707,0.03742243970433871,0.0003,278,122,104.53150972279718,5.110680818557739,5.402895450592041,10.51357626914978,468,0.14468119898810983,0,0,TRUE,pair,147,2.2910659996559843,5.292083714201409,32,0,7.476190476190476,2.2910659996559843,0.20887509977910668,2.483505603740923,cpu,cuda:0,0,413.6582031,51
980,1,DDT500_num50.txt,fixed,1055,8,131.875,5.325352191925049,5.742217540740967,5.588869044004241e-06,-3.16,-0.266838675,0.3024999797344208,0.02904737927019596,0.25999999046325684,0.36000001430511475,0.0034095485295568195,0.00735588903938021,0.0012732887657226197,0.4582981914281845,0.013602421178282904,0.06429588568529912,0.0003,279,121,53.69817197811872,5.758995056152344,13.887856245040894,19.646851301193237,465,0.15406269894447178,0,0,TRUE,pair,140,2.7517433002358302,5.331753555858305,30,0,7.535714285714286,2.7517433002358302,0.29536120081320405,2.581612997339107,cpu,cuda:0,0,401.6376953,51
981,1,DDT500_num50.txt,fixed,1043,8,130.375,7.873015403747559,5.312477111816406,5.614238489215495e-06,-2.96,-0.258919694,0.3149999976158142,0.034278277307748795,0.25999999046325684,0.36000001430511475,-0.038122869,-0.034275564,0.0015057039369518559,0.4600156545639038,0.005326363692680995,0.045805532733599344,0.0003,274,126,48.99706582704874,5.329779148101807,15.957209825515747,21.286988973617554,452,0.15422839939128608,0,0,TRUE,pair,145,2.470518698915839,5.4534995217565605,36,0,7.1931034482758625,2.470518698915839,0.2346439006505534,2.5011666008504108,cpu,cuda:0,0,385.02490234375,51
982,1,DDT500_num50.txt,fixed,1057,8,132.125,3.822221279144287,4.495678901672363,4.291534423828125e-06,-3.44,-0.27639914,0.2849999964237213,0.025980768725275993,0.25999999046325684,0.3400000035762787,0.05628718311587969,0.06001452977458636,0.0015217162435874343,0.44881999492645264,0.01257628999883309,0.03873887984082103,0.0003,286,114,88.94714209076274,4.5117902755737305,7.371671915054321,11.883462190628052,465,0.13591259939130396,0,0,TRUE,pair,137,1.8633906991453841,5.444654684869771,28,0,7.7153284671532845,1.8633906991453841,0.16840410220902413,2.3779429993592203,cpu,cuda:0,0,377.89306640625,52
983,1,DDT500_num50.txt,fixed,1061,8,132.625,10.061529159545898,5.0987420082092285,7.560162430308992e-06,-3.44,-0.282336468,0.2849999964237213,0.04092676565051079,0.20000000298023224,0.3400000035762787,-0.009999955,-0.006382277,0.002037456683215818,0.46364077499934603,0.013669832476547785,0.03897976050419467,0.0003,286,114,84.64200892662188,5.115853548049927,7.419293165206909,12.535146713256836,458,0.14719899918418378,0,0,TRUE,pair,143,2.319432200747542,5.404335531168226,40,0,7.419580419580419,2.319432200747542,0.22374239994678646,2.452965600998141,cpu,cuda:0,0,417.3974609,51
984,1,DDT500_num50.txt,fixed,1060,8,132.5,5.4772257804870605,5.108950614929199,5.020961907575838e-06,-3.36,-0.278312301,0.28999999165534973,0.04242641106247902,0.25999999046325684,0.3799999952316284,0.033481436471144356,0.037159046779076256,0.0020894335272411504,0.472233052055041,0.008311629004310817,0.028443236835300922,0.0003,284,116,85.53184996708843,5.125457763671875,7.2675864696502686,12.393044233322144,464,0.1487638014368713,0,0,TRUE,pair,142,2.3193255998194218,5.2924528301886795,36,0,7.464788732394366,2.3193255998194218,0.18522599944844842,2.510538102593273,cpu,cuda:0,0,381.95361328125,48
985,1,DDT500_num50.txt,fixed,1101,8,137.625,2.1176342964172363,5.273736476898193,4.035547135572415e-06,-3.24,-0.278213924,0.29749998450279236,0.025372229516506195,0.25999999046325684,0.3400000035762787,0.050500976387411356,0.0543071124702692,0.0017064370185835287,0.4659355878829956,0.014289646787801757,0.0423594219610095,0.0003,281,119,82.52250540335972,5.292368650436401,8.04944634437561,13.341814994812012,471,0.14819020102731884,0,0,TRUE,pair,140,2.3123671993380412,5.087193462655936,26,0,7.864285714285714,2.3123671993380412,0.2282225009985268,2.629781896714121,cpu,cuda:0,0,392.84814453125,47
986,1,DDT500_num50.txt,fixed,1056,8,132,4.84768009185791,5.112679481506348,5.258737928670598e-06,-3.76,-0.298330879,0.26499998569488525,0.019364923238754272,0.23999999463558197,0.30000001192092896,-0.020121939,-0.015904905,0.0015476547938305884,0.49908627271652223,0.01645840620622039,0.06853904500603676,0.0003,294,106,73.71401501685982,5.129748106002808,9.19588589668274,14.325634002685547,480,0.14764450036454946,0,0,TRUE,pair,139,2.3028481003129855,5.381628786975687,39,0,7.597122302158273,2.3028481003129855,0.20725390303414315,2.502738800481893,cpu,cuda:0,0,385.02490234375,45
987,1,DDT500_num50.txt,fixed,1080,8,135,6.5,5.211519718170166,5.481035259435885e-06,-3.2,-0.280738376,0.30000001192092896,0.022360682487487793,0.25999999046325684,0.3400000035762787,0.04784585783878962,0.05204593141873678,0.0016398289784168203,0.5019986927509308,0.017027017000752192,0.03557430487126112,0.0003,280,120,92.06252071476077,5.228685140609741,6.5024731159210205,11.731158256530762,473,0.15092790080234408,0,0,TRUE,pair,143,2.427773700095713,5.176851848981999,35,0,7.5524475524475525,2.427773700095713,0.1932185993064195,2.4966141995973885,cpu,cuda:0,0,365.73974609375,43
988,1,DDT500_num50.txt,fixed,1043,8,130.375,5.097486972808838,4.572100639343262,5.634452008962398e-06,-3.6,-0.300147901,0.2749999761581421,0.02397916279733181,0.2199999988079071,0.30000001192092896,0.1969995597998301,0.20195609579483667,0.0014921625843271613,0.5702616771062216,0.019348024390637875,0.025280685784916084,0.0003,290,110,125.14510660376254,4.58771014213562,3.746614933013916,8.334325075149536,462,0.14309309876989573,0,0,TRUE,pair,139,1.888221200206317,5.3547459261300805,25,0,7.503597122302159,1.888221200206317,0.18099170073401183,2.4113903016550466,cpu,cuda:0,0,339.3867188,43
989,1,DDT500_num50.txt,fixed,1100,8,137.5,5.5452680587768555,4.934988498687744,5.3205285439617e-06,-3.44,-0.320923731,0.2849999964237213,0.031224992126226425,0.23999999463558197,0.3199999928474426,-0.015050964,-0.010415459,0.0015640416386304423,0.541752602905035,0.01708960739779286,0.05965291662141681,0.0003,286,114,83.6379111108412,4.958144187927246,8.193786382675171,13.151930570602417,491,0.1602258001221344,0,0,TRUE,pair,145,1.9653848002199084,5.106363637880846,36,0,7.586206896551724,1.9653848002199084,0.19059909891802818,2.681411201134324,cpu,cuda:0,0,425.78466796875,43
990,1,DDT500_num50.txt,fixed,1037,8,129.625,4.553501605987549,5.818511009216309,4.986882231605705e-06,-3.6,-0.315412215,0.2750000059604645,0.021794503554701805,0.23999999463558197,0.30000001192092896,-0.063426156,-0.058350656,0.0017120836855610833,0.5931538492441177,0.021795031148940325,0.05903891217894852,0.0003,290,110,77.26351904957713,5.835193634033203,7.5864057540893555,13.421599388122559,464,0.15781739878002554,0,0,TRUE,pair,135,2.856435000197962,5.632594019375749,36,0,7.681481481481481,2.856435000197962,0.27525640034582466,2.575238599209115,cpu,cuda:0,0,384.0439453,41
991,1,DDT500_num50.txt,fixed,1068,8,133.5,5.852349758148193,4.682217597961426,5.0067901611328125e-06,-3.44,-0.296667501,0.2849999964237213,0.025980763137340546,0.23999999463558197,0.3199999928474426,-0.024096063,-0.018887028,0.001761830683487157,0.6089950170781877,0.013374337590196066,0.06098230281430814,0.0003,286,114,73.24253873538116,4.698122978210449,9.883567094802856,14.581690073013306,467,0.14133320120163262,0,0,TRUE,pair,141,1.9684440995333716,5.3061797726020385,30,0,7.574468085106383,1.9684440995333716,0.19528390001505613,2.4220790981780738,cpu,cuda:0,0,439.3896484,41
992,1,DDT500_num50.txt,fixed,1042,8,130.25,7.066647052764893,4.380064487457275,6.134357590781292e-06,-3.24,-0.297748867,0.29749998450279236,0.021065374836325645,0.2800000011920929,0.3400000035762787,-0.040635805,-0.035843268,0.0020110770856263116,0.5798068046569824,0.01566748967161402,0.05390177352819592,0.0003,281,119,72.75685007395022,4.395892858505249,9.925782680511475,14.321675539016724,463,0.13497939996886998,0,0,TRUE,pair,141,1.7655065988656133,5.488483684076686,35,0,7.390070921985815,1.7655065988656133,0.1691434974782169,2.3575184013461694,cpu,cuda:0,0,419.26513671875,41
993,1,DDT500_num50.txt,fixed,1075,8,134.375,3.497767210006714,4.335621356964111,4.367032033769647e-06,-3.48,-0.315702368,0.2824999988079071,0.027271784842014313,0.23999999463558197,0.3400000035762787,-0.063418798,-0.058386531,0.0015262637911787765,0.57953956452283,0.010271838178265501,0.05752958086403934,0.0003,287,113,63.30929700033927,4.35269832611084,12.627430200576782,16.980128526687622,474,0.13506940240040421,0,0,TRUE,pair,141,1.626498399535194,5.33395349103351,32,0,7.624113475177305,1.626498399535194,0.16783339879475534,2.4542052989127114,cpu,cuda:0,0,408.61083984375,41
994,1,DDT500_num50.txt,fixed,1074,8,134.25,4.710361003875732,4.654358386993408,5.174287252884824e-06,-3.48,-0.314075003,0.2824999988079071,0.036657195538282394,0.2199999988079071,0.3400000035762787,-0.010135285,-0.004879984,0.001501928166752415,0.6006267198494503,0.009515637864491769,0.05379237633730684,0.0003,287,113,94.16526954299096,4.671689510345459,6.733789443969727,11.405478954315186,473,0.14381410088390112,0,0,TRUE,pair,140,1.9139606001554057,5.212290501017367,30,0,7.671428571428572,1.9139606001554057,0.20256479771342129,2.4401201002765447,cpu,cuda:0,0,400.38037109375,40
995,1,DDT500_num50.txt,fixed,1037,8,129.625,5.266343593597412,4.296579837799072,4.7144221753114834e-06,-3.64,-0.323581845,0.2724999785423279,0.022220486775040627,0.23999999463558197,0.3199999928474426,0.01499173151595252,0.020463006837027415,0.0016173379429216897,0.6279940988336291,0.011350063939711877,0.0660334402429206,0.0003,291,109,87.04977784009623,4.315809011459351,7.596915245056152,11.912724256515503,462,0.13958269963040948,0,0,TRUE,pair,138,1.670518499566242,5.376084857874459,25,0,7.5144927536231885,1.670518499566242,0.17000699834898114,2.3683291007764637,cpu,cuda:0,0,337.53857421875,40
996,1,DDT500_num50.txt,fixed,1040,8,130,10.653637886047363,4.200595855712891,7.614478818140924e-06,-3.84,-0.321129366,0.25999999046325684,0.024494901299476624,0.2199999988079071,0.30000001192092896,-0.023263272,-0.017512885,0.0017894247654252327,0.6645101033724271,0.011974567789226197,0.053496129667529695,0.0003,296,104,55.81464660796822,4.2163450717926025,14.416756868362427,18.63310194015503,483,0.20019549888093024,0,0,TRUE,pair,138,1.5363827000837773,5.254807687951968,36,0,7.536231884057971,1.5363827000837773,0.16117270069662482,2.418633300694637,cpu,cuda:0,0,402.75732421875,40
997,1,DDT500_num50.txt,fixed,1080,8,135,10.161200523376465,4.467425346374512,8.344650268554688e-06,-3.52,-0.313839517,0.2800000011920929,0.024494901299476624,0.23999999463558197,0.3199999928474426,-0.004217212,0.0010347709059715271,0.002019927999936044,0.6261944770812988,0.01714111356996,0.04737990163266659,0.0003,288,112,112.41500024667606,4.484045505523682,5.123213291168213,9.607258796691895,462,0.1386303004110232,0,0,TRUE,pair,146,1.702301899320446,5.357407410056503,45,0,7.397260273972603,1.702301899320446,0.17088600061833858,2.504345500143245,cpu,cuda:0,0,414.6601563,40
998,1,DDT500_num50.txt,fixed,1069,8,133.625,6.1019978523254395,4.337569713592529,5.778884769824799e-06,-3.24,-0.294738784,0.29749998450279236,0.03526684269309044,0.23999999463558197,0.3400000035762787,0.006968222558498383,0.012435401027852839,0.0014653304718773472,0.619985044002533,0.011885706906799565,0.05355993709103628,0.0003,281,119,63.63927591832931,4.355514287948608,12.442288398742676,16.797802686691284,458,0.13480749947484583,0,0,TRUE,pair,143,1.7034839997068048,5.34050514655653,40,0,7.475524475524476,1.7034839997068048,0.1705425997497514,2.3765496015548706,cpu,cuda:0,0,372.44873046875,40
999,1,DDT500_num50.txt,fixed,1076,8,134.5,2.7386128902435303,4.359311103820801,3.90308014175389e-06,-3.28,-0.311484752,0.29499998688697815,0.02397915907204151,0.25999999046325684,0.3400000035762787,-0.003067434,0.0020115269968907037,0.0014695596279731642,0.581373984615008,0.01282733834038178,0.05683819452921549,0.0003,282,118,96.34066238765459,4.376521348953247,6.792179107666016,11.168700456619263,477,0.13816359895281494,0,0,TRUE,pair,139,1.6983896997990087,5.26115241591372,36,0,7.741007194244604,1.6983896997990087,0.1662110994802788,2.407250899937935,cpu,cuda:0,0,458.05908203125,40
