iteration,instance_id,instance_name,instance_selection,transitions,episode_count,episode_transition_mean,episode_transition_std,episode_seconds_mean,episode_seconds_std,reward,mean_return,fulfillment_rate_mean,fulfillment_rate_std,fulfillment_rate_min,fulfillment_rate_max,loss,policy_loss,value_loss,entropy,approx_kl,clip_fraction,learning_rate,discard_count,completion_count,steps_per_second,rollout_seconds,update_seconds,elapsed_seconds,fluid_solve_count,fluid_solve_seconds,fluid_cache_hit_count,fluid_fallback_count,sparse_attention_enabled,sparse_attention_scope,policy_forward_count,policy_forward_seconds,avg_action_tokens,max_action_tokens,padding_ratio,actor_batch_size_mean,policy_act_seconds,simulator_step_seconds,obs_build_seconds,rollout_device,update_device,cpu_memory_mb,gpu_memory_mb,gpu_temperature
5000,1,DDT900_num50.txt,fixed,1045,8,130.625,8.816709518432617,5.185780048370361,7.577060841867933e-06,-3.48,-0.324447726,0.2824999988079071,0.021065382286906242,0.23999999463558197,0.30000001192092896,-0.18903444,-0.186005826,0.006081304622485358,0.60692799178993,0.010214270315105644,0.05075625627411201,0.0003,287,113,50.23402900460423,5.1983325481414795,15.604299068450928,20.802631616592407,449,0.15196019993163645,0,0,TRUE,pair,143,2.4055340993218124,4.9339712920941805,30,0,7.3076923076923075,2.4055340993218124,0.20053410506807268,2.4789969988632947,cpu,cuda:0,0,671.42919921875,42
5001,1,DDT900_num50.txt,fixed,1003,8,125.375,7.140334606170654,4.314880847930908,5.8473342505749315e-06,-3.8,-0.325372732,0.26249998807907104,0.025372229516506195,0.23999999463558197,0.3199999928474426,-0.186024917,-0.183264423,0.006255061980078204,0.5888014779322677,0.00943504996313196,0.0628908662021988,0.0003,295,105,43.2571468367487,4.331448078155518,18.85547184944153,23.186919927597046,436,0.1346021022181958,0,0,TRUE,pair,139,1.7772667002864182,5.017946158187577,36,0,7.215827338129497,1.7772667002864182,0.16632160264998674,2.2856761959847063,cpu,cuda:0,0,671.42724609375,44
5002,1,DDT900_num50.txt,fixed,994,8,124.25,6.077622890472412,5.816871643066406,5.61170691071311e-06,-3.8,-0.353257995,0.26249998807907104,0.018540501594543457,0.23999999463558197,0.30000001192092896,-0.232116701,-0.230650033,0.009539819788187742,0.6236571731666724,0.0056045199485702645,0.04044494131166074,0.0003,295,105,48.04402341497516,5.839412450790405,14.849945545196533,20.68935799598694,447,0.1771105993539095,0,0,TRUE,pair,135,2.5947432005777955,4.897384304635722,35,0,7.362962962962963,2.5947432005777955,0.2756305066868663,2.8165040959138423,cpu,cuda:0,0,671.42724609375,45
5003,1,DDT900_num50.txt,fixed,989,8,123.625,2.341874361038208,3.885192632675171,4.424415692483308e-06,-4.08,-0.354595368,0.24500000476837158,0.023979155346751213,0.20000000298023224,0.2800000011920929,-0.256945227,-0.254617445,0.004906015603670052,0.4780784994363785,0.011613011992137347,0.05774817881839616,0.0003,302,98,107.02232122965874,3.8999874591827393,5.341075420379639,9.241062879562378,436,0.1253799048718065,0,0,TRUE,pair,127,1.4758742002304643,5.035389279933502,30,0,7.78740157480315,1.4758742002304643,0.15196400065906346,2.178299699909985,cpu,cuda:0,0,671.42724609375,45
5004,1,DDT900_num50.txt,fixed,1015,8,126.875,7.131576061248779,5.118070125579834,6.3439056248171255e-06,-3.6,-0.287605691,0.2750000059604645,0.04444097355008125,0.18000000715255737,0.3400000035762787,-0.104161337,-0.101181188,0.006032173159635729,0.5996234421100881,0.012913993378687236,0.10837305968420373,0.0003,290,110,48.34338287331275,5.13593316078186,15.85970139503479,20.99563455581665,441,0.19761990197002888,0,0,TRUE,pair,140,2.290330200223252,5.074876845176584,36,0,7.25,2.290330200223252,0.20587230357341468,2.520101697416976,cpu,cuda:0,0,671.42724609375,46
5005,1,DDT900_num50.txt,fixed,1020,8,127.5,5.979130268096924,4.074642181396484,5.328535280568758e-06,-3.84,-0.298050988,0.25999999046325684,0.014142137952148914,0.23999999463558197,0.2800000011920929,-0.41381523,-0.415982842,0.006547978613525629,0.11063919216394424,0.03952202573418617,0.043824702501297,0.0003,296,104,197.5981976223961,4.089988470077515,1.0720019340515137,5.161990404129028,453,0.13079789793118834,0,0,TRUE,pair,141,1.5902454012539238,5.059803919464934,30,0,7.23404255319149,1.5902454012539238,0.1589461974799633,2.243075700942427,cpu,cuda:0,0,344.53759765625,45
5006,1,DDT900_num50.txt,fixed,1001,8,125.125,10.552695274353027,3.9932894706726074,6.096013748901896e-06,-3.52,-0.252009376,0.2799999713897705,0.03162278234958649,0.25999999046325684,0.36000001430511475,0.0023974495319028697,0.00656532172838019,0.0042078563581324285,0.6271801317731539,0.00857180186236898,0.12136006826120946,0.0003,288,112,51.14006898436939,4.008915185928345,15.564777612686157,19.573692798614502,431,0.12703029811382294,0,0,TRUE,pair,152,1.5409211015794426,5.20979020979021,35,0,6.5855263157894735,1.5409211015794426,0.15817309636622667,2.2113521008286625,cpu,cuda:0,0,671.42724609375,47
5007,1,DDT900_num50.txt,fixed,987,8,123.375,4.871793746948242,4.71457052230835,4.818769411940593e-06,-3.84,-0.254371503,0.25999999046325684,0.03162277489900589,0.20000000298023224,0.3199999928474426,-0.046725445,-0.041463618,0.0027181046782061456,0.6620878040790558,0.013212631666101515,0.09719281755387783,0.0003,296,104,99.76817472339478,4.736492395401001,5.156441926956177,9.892934322357178,445,0.14461920061148703,0,0,TRUE,pair,130,2.091568601084873,5.095238097170566,30,0,7.592307692307692,2.091568601084873,0.19044070038944483,2.341301694745198,cpu,cuda:0,0,671.42724609375,48
5008,1,DDT900_num50.txt,fixed,999,8,124.875,8.623188018798828,5.660853862762451,6.92645971867023e-06,-4,-0.261422638,0.25,0.03162277489900589,0.20000000298023224,0.2800000011920929,-0.084677654,-0.078961521,0.0024085056290707803,0.6920384764671326,0.00980432418344373,0.06964090060104024,0.0003,300,100,76.65675837227678,5.677233457565308,7.354885578155518,13.032119035720825,441,0.15177759667858481,0,0,TRUE,pair,136,2.7969595002941787,5.170170168976884,52,0,7.345588235294118,2.7969595002941787,0.2850231942720711,2.464883401291445,cpu,cuda:0,0,671.42724609375,47
5009,1,DDT900_num50.txt,fixed,1032,8,129,11.146748542785645,4.094910144805908,7.394820386252832e-06,-3.88,-0.250795974,0.2574999928474426,0.03072051890194416,0.2199999988079071,0.30000001192092896,-0.058083194,-0.053031075,0.002533257647883147,0.6318748270471891,0.013500161313762268,0.0772390253841877,0.0003,297,103,118.73511129252059,4.111104249954224,4.580511808395386,8.69161605834961,448,0.1300721033476293,0,0,TRUE,pair,151,1.5539471998345107,4.963178292725438,40,0,6.8344370860927155,1.5539471998345107,0.16517139738425612,2.290587699506432,cpu,cuda:0,0,671.42919921875,48
5010,1,DDT900_num50.txt,fixed,992,8,124,5.678908348083496,5.179927349090576,5.764111392636551e-06,-3.92,-0.254059994,0.2549999952316284,0.02397915907204151,0.2199999988079071,0.2800000011920929,-0.072014967,-0.067318516,0.002924217958934605,0.6158558204770088,0.011101808137027547,0.06390081520657986,0.0003,298,102,97.16272139155666,5.1960225105285645,5.013654470443726,10.20967698097229,444,0.1491969998460263,0,0,TRUE,pair,136,2.3482027996797115,5.032258060911009,30,0,7.294117647058823,2.3482027996797115,0.23568019806407392,2.4848112924955785,cpu,cuda:0,0,671.42724609375,49
5011,1,DDT900_num50.txt,fixed,1048,8,131,6.557438373565674,5.815303325653076,5.475847501656972e-06,-3.76,-0.242699537,0.26500001549720764,0.021794496104121208,0.2199999988079071,0.2800000011920929,0.0844817020309468,0.08885359500224392,0.0025868998103154204,0.5665341118971506,0.015171194138626257,0.07086523249745369,0.0003,294,106,90.63473735439669,5.837865114212036,5.725030422210693,11.56289553642273,442,0.16215060139074922,0,0,TRUE,pair,140,2.7299160009715706,4.876908397629061,40,0,7.485714285714286,2.7299160009715706,0.2551050924230367,2.7108734035864472,cpu,cuda:0,0,671.42919921875,49
5012,1,DDT900_num50.txt,fixed,1027,8,128.375,8.543088912963867,5.313570499420166,6.1041673689032905e-06,-3.68,-0.256207774,0.26999998092651367,0.024494901299476624,0.23999999463558197,0.3199999928474426,-0.045486238,-0.041541437,0.003103413046725715,0.5496508777141571,0.02989909659663681,0.03360081774493059,0.0003,292,108,91.99357694770984,5.330689191818237,5.833133697509766,11.163822889328003,462,0.15867489855736494,0,0,TRUE,pair,150,2.4736183991190046,4.990262900030253,30,0,6.846666666666667,2.4736183991190046,0.22648990247398615,2.5071212048642337,cpu,cuda:0,0,671.42919921875,49
5013,1,DDT900_num50.txt,fixed,1028,8,128.5,10.805091857910156,5.108688831329346,7.699849447817542e-06,-3.96,-0.27126572,0.2524999976158142,0.045757513493299484,0.1599999964237213,0.3400000035762787,-0.146330942,-0.141667883,0.0031070538356693257,0.6216587821642557,0.0041741324174735285,0.0467238679735197,0.0003,299,101,54.20819930247062,5.125583171844482,13.838337659835815,18.963920831680298,444,0.14789630332961679,0,0,TRUE,pair,150,2.3098802999593318,5.103112842322323,35,0,6.8533333333333335,2.3098802999593318,0.2094007965642959,2.4885669965296984,cpu,cuda:0,0,671.42919921875,49
5014,1,DDT900_num50.txt,fixed,1012,8,126.5,10.173495292663574,4.063701629638672,7.571432433906011e-06,-3.88,-0.277598504,0.2574999928474426,0.03526684269309044,0.18000000715255737,0.30000001192092896,-0.491687387,-0.48998493,0.002393928822129965,0.289939820766449,0.11825963854789734,0.007194244768470526,0.0003,297,103,191.20549706457476,4.081073999404907,1.2116608619689941,5.292734861373901,450,0.13367360038682818,0,0,TRUE,pair,138,1.5293394022155553,5.095849801900359,40,0,7.333333333333333,1.5293394022155553,0.1568799011874944,2.292356797028333,cpu,cuda:0,0,384.45458984375,49
5015,1,DDT900_num50.txt,fixed,961,8,120.125,7.959860324859619,4.563338756561279,7.1206973188964184e-06,-4.08,-0.294533529,0.24500001966953278,0.03570714592933655,0.20000000298023224,0.30000001192092896,-0.244114793,-0.239904513,0.003444231018268814,0.5932392246193356,0.008808787892727802,0.05957181337806913,0.0003,302,98,67.84246968619102,4.582945346832275,9.582222938537598,14.165168285369873,419,0.13307370012626052,0,0,TRUE,pair,132,2.0857251982670277,5.223725287400721,40,0,7.28030303030303,2.0857251982670277,0.18781929672695696,2.2011001957580447,cpu,cuda:0,0,671.42724609375,50
5016,1,DDT900_num50.txt,fixed,969,8,121.125,6.679025173187256,5.565032958984375,5.731971214117948e-06,-4,-0.257641669,0.25,0.019999995827674866,0.20000000298023224,0.25999999046325684,-0.267755589,-0.26285123,0.0014852059364784509,0.5646960005164147,0.010956423613242805,0.1101456368342042,0.0003,300,100,66.9720006001358,5.581597328186035,8.887135744094849,14.468733072280884,441,0.21329599735327065,0,0,TRUE,pair,134,2.677272598957643,5.068111455354405,35,0,7.231343283582089,2.677272598957643,0.2600399942602962,2.517768499907106,cpu,cuda:0,0,671.42724609375,51
5017,1,DDT900_num50.txt,fixed,1023,8,127.875,6.431125640869141,4.125661849975586,5.6596172726131044e-06,-3.48,-0.233153623,0.2824999690055847,0.027271781116724014,0.2199999988079071,0.3199999928474426,-0.103015006,-0.09931614,0.0020711033255793156,0.4734418710072835,0.010128302701438467,0.06568923989931742,0.0003,287,113,62.5590521337075,4.141136884689331,12.21141266822815,16.35254955291748,442,0.12948120292276144,0,0,TRUE,pair,136,1.5727117988280952,5.034213097796995,40,0,7.522058823529412,1.5727117988280952,0.16254400461912155,2.3036238027270883,cpu,cuda:0,0,671.42724609375,51
5018,1,DDT900_num50.txt,fixed,1045,8,130.625,5.872339725494385,5.91525936126709,5.386888460634509e-06,-3.76,-0.237890125,0.26500001549720764,0.021794496104121208,0.2199999988079071,0.2800000011920929,-0.179647882,-0.176805169,0.0014590928622055799,0.3572253081947565,0.01658372301608324,0.06694226618856192,0.0003,294,106,127.02455845173036,5.937424898147583,2.2893307209014893,8.226755619049072,454,0.16300869989208877,0,0,TRUE,pair,139,2.9244664993602782,4.844019137615222,40,0,7.517985611510792,2.9244664993602782,0.2694100006483495,2.5254840003326535,cpu,cuda:0,0,382.2011719,52
5019,1,DDT900_num50.txt,fixed,1052,8,131.5,6.557438373565674,5.054137229919434,4.699326382251456e-06,-3.48,-0.23667533,0.2824999988079071,0.02904738113284111,0.23999999463558197,0.3400000035762787,-0.060399952,-0.056704321,0.0021799668967206445,0.4785614253746139,0.007312026725331735,0.052937384009257786,0.0003,287,113,47.28388770943114,5.072877407073975,17.175716161727905,22.24859356880188,450,0.13739589927718043,0,0,TRUE,pair,141,2.3608446987345815,4.830798479087452,40,0,7.460992907801418,2.3608446987345815,0.19423890276812017,2.401263900101185,cpu,cuda:0,0,671.42919921875,53
5020,1,DDT900_num50.txt,fixed,1042,8,130.25,4.14578104019165,5.577117919921875,2.9609533157781698e-05,-3.52,-0.240343572,0.2799999713897705,0.014142143540084362,0.25999999046325684,0.30000001192092896,-0.233107861,-0.229495682,0.0009073072069440968,0.40658286586403847,0.01891143317334354,0.061861186753958464,0.0003,288,112,140.83068274350242,5.595533847808838,1.803421974182129,7.398955821990967,448,0.1498346955049783,0,0,TRUE,pair,136,2.721049699699506,4.949136272959425,40,0,7.661764705882353,2.721049699699506,0.26950070331804454,2.468422401463613,cpu,cuda:0,0,382.2011719,51
5021,1,DDT900_num50.txt,fixed,1041,8,130.125,4.621620178222656,4.151416301727295,4.7294697651523165e-06,-3.6,-0.235805708,0.2750000059604645,0.027838826179504395,0.23999999463558197,0.3199999928474426,-0.207665145,-0.202461854,0.0003631693543866277,0.5384882688522339,0.03490646928548813,0.1071428656578064,0.0003,290,110,242.18330332206543,4.166621446609497,0.1317756175994873,4.298397064208984,450,0.13074849918484688,0,0,TRUE,pair,138,1.6120483002159745,4.766570605645377,35,0,7.543478260869565,1.6120483002159745,0.16072720242664218,2.2932372947689146,cpu,cuda:0,0,68.71435547,47
5022,1,DDT900_num50.txt,fixed,1043,8,130.375,5.498579502105713,4.092052459716797,4.7832495511102024e-06,-3.64,-0.236073079,0.2724999785423279,0.01984313875436783,0.23999999463558197,0.30000001192092896,-0.044975495,-0.041827521,0.0020637576468288898,0.4179851859807968,0.011206463002599776,0.062463777512311934,0.0003,291,109,131.62771853483773,4.109917402267456,3.8139455318450928,7.923862934112549,441,0.1278822012245655,0,0,TRUE,pair,139,1.5477862004190683,4.828379674931615,35,0,7.503597122302159,1.5477862004190683,0.1608628004323691,2.2988734066020697,cpu,cuda:0,0,671.42919921875,48
5023,1,DDT900_num50.txt,fixed,1045,8,130.625,6.1019978523254395,4.457489490509033,5.272232101560803e-06,-3.4,-0.221539767,0.28749996423721313,0.017139138653874397,0.25999999046325684,0.3199999928474426,-0.052733438,-0.049529568,0.0016379849247944852,0.4022862404584885,0.010218338714912534,0.08121038650472959,0.0003,285,115,64.54857949384774,4.473320007324219,11.716037034988403,16.189357042312622,442,0.1356418989598751,0,0,TRUE,pair,141,1.9095720967743546,4.957894737754712,45,0,7.411347517730497,1.9095720967743546,0.17603559815324843,2.283354100305587,cpu,cuda:0,0,671.42919921875,46
5024,1,DDT900_num50.txt,fixed,1034,8,129.25,9.120718002319336,4.146354675292969,7.329190339078195e-06,-3.32,-0.211066325,0.29249998927116394,0.03455068916082382,0.23999999463558197,0.3400000035762787,0.06590234767645597,0.06975818146020174,0.0009860669961199164,0.43488694727420807,0.036887289956212044,0.1535087749361992,0.0003,283,117,226.003836360251,4.163290023803711,0.411853551864624,4.575143575668335,434,0.1806911996100098,0,0,TRUE,pair,140,1.554723400156945,4.910058026156988,40,0,7.385714285714286,1.554723400156945,0.16057860013097525,2.3460959014482796,cpu,cuda:0,0,107.9023438,42
5025,1,DDT900_num50.txt,fixed,1055,8,131.875,4.884605884552002,4.162769794464111,4.756435828312533e-06,-3.24,-0.201704391,0.29750001430511475,0.03072051703929901,0.25999999046325684,0.3400000035762787,0.011895025925089916,0.015423379372805357,0.0019298845921487857,0.44932921230793,0.0175293554396679,0.07031405779222648,0.0003,281,119,105.30919928595216,4.177844285964966,5.840273857116699,10.018118143081665,442,0.1267332003917545,0,0,TRUE,pair,139,1.5862259021960199,4.710900474837606,40,0,7.589928057553957,1.5862259021960199,0.16394979949109256,2.3264313037507236,cpu,cuda:0,0,671.42919921875,45
5026,1,DDT900_num50.txt,fixed,1045,8,130.625,5.170529365539551,5.540664196014404,5.185261670703767e-06,-3.52,-0.201696664,0.2800000011920929,0.02236068807542324,0.23999999463558197,0.30000001192092896,-0.088646494,-0.084548518,0.0016238731581584684,0.4909914221082415,0.017223756668889628,0.06166018801741302,0.0003,288,112,91.54025762235091,5.559632778167725,5.856109619140625,11.41574239730835,452,0.15623989910818636,0,0,TRUE,pair,140,2.604801499284804,4.825837320117859,35,0,7.464285714285714,2.604801499284804,0.25745169818401337,2.55737790139392,cpu,cuda:0,0,671.42919921875,44
5027,1,DDT900_num50.txt,fixed,1053,8,131.625,4.922842025756836,4.781826496124268,5.215321380092064e-06,-3.64,-0.226054606,0.2724999785423279,0.037332966923713684,0.2199999988079071,0.3400000035762787,0.03836075533181429,0.04227575557306409,0.001687927689636126,0.4758961260318756,0.019343486987054348,0.10323606058955193,0.0003,291,109,130.1927430624481,4.800978660583496,3.28702974319458,8.088008403778076,452,0.1333840994630009,0,0,TRUE,pair,141,2.1496698989067227,4.8575498573234395,40,0,7.468085106382978,2.1496698989067227,0.19427490257658064,2.345340304542333,cpu,cuda:0,0,671.42919921875,43
5028,1,DDT900_num50.txt,fixed,1021,8,127.625,5.543859004974365,4.052652359008789,5.296435119817033e-06,-3.56,-0.242165846,0.2775000035762787,0.018540505319833755,0.25999999046325684,0.30000001192092896,-0.100448534,-0.097621381,0.0006631864234805107,0.315874844789505,0.04611723870038986,0.11764706671237946,0.0003,289,111,238.12860748862263,4.069533586502075,0.21806550025939941,4.287599086761475,449,0.13162839878350496,0,0,TRUE,pair,140,1.5287234999705106,4.9696376106531215,35,0,7.292857142857143,1.5287234999705106,0.15952289919368923,2.280562906526029,cpu,cuda:0,0,99.08886719,40
5029,1,DDT900_num50.txt,fixed,1021,8,127.625,3.038811445236206,4.016376972198486,4.261627964297077e-06,-3.68,-0.253018196,0.26999998092651367,0.02000000886619091,0.23999999463558197,0.30000001192092896,-0.380470127,-0.376147479,0.0006821171846240759,0.4663701057434082,0.037634074687957764,0.1458333432674408,0.0003,292,108,236.74841386719197,4.089162588119507,0.22343230247497559,4.312594890594482,457,0.13169940188527107,0,0,TRUE,pair,134,1.533775401301682,5.047992166412683,30,0,7.619402985074627,1.533775401301682,0.1587125991936773,2.24125799885951,cpu,cuda:0,0,94.93017578,40
5030,1,DDT900_num50.txt,fixed,1058,8,132.25,6.339361190795898,5.577220916748047,1.8605816876515746e-05,-3.4,-0.239567187,0.2874999940395355,0.024366989731788635,0.25999999046325684,0.3199999928474426,-0.01033317,-0.006347136,0.0021058927134921155,0.5038984020551046,0.03275995204846064,0.08905717813306385,0.0003,285,115,77.85956154293106,5.600464344024658,7.988104343414307,13.588568687438965,443,0.14167579705826938,0,0,TRUE,pair,143,2.77559119858779,4.798676749258275,45,0,7.398601398601398,2.77559119858779,0.2431258971337229,2.449405604042113,cpu,cuda:0,0,671.42919921875,43
5031,1,DDT900_num50.txt,fixed,1044,8,130.5,11.683320999145508,5.266998291015625,7.993246981641278e-06,-3.52,-0.257966001,0.2800000011920929,0.024494901299476624,0.2199999988079071,0.30000001192092896,-0.147961729,-0.144600083,0.003055781973267181,0.4889538718594445,0.012576223842592703,0.06429452449083328,0.0003,288,112,80.84742638183614,5.2877726554870605,7.625439882278442,12.913212537765503,437,0.1444860971532762,0,0,TRUE,pair,155,2.4887934997677803,5.019157086980754,35,0,6.735483870967742,2.4887934997677803,0.22466310253366828,2.449849999276921,cpu,cuda:0,0,671.42919921875,42
5032,1,DDT900_num50.txt,fixed,1035,8,129.375,9.512327194213867,4.110360622406006,6.285393737925915e-06,-3.72,-0.246796038,0.26750001311302185,0.028173571452498436,0.23999999463558197,0.3199999928474426,-0.051459231,-0.047486979,0.004183165892027318,0.60638267993927,0.012852833897341043,0.09000932220369577,0.0003,293,107,75.89839238806253,4.125690221786499,9.51096224784851,13.63665246963501,436,0.12442230037413538,0,0,TRUE,pair,152,1.6013538993429393,4.837681155734592,35,0,6.809210526315789,1.6013538993429393,0.16135139856487513,2.263971902662888,cpu,cuda:0,0,671.42919921875,42
5033,1,DDT900_num50.txt,fixed,1004,8,125.5,5.634713649749756,6.311151504516602,6.244564247026574e-06,-4.04,-0.303793982,0.2475000023841858,0.01713913306593895,0.2199999988079071,0.25999999046325684,-0.145190105,-0.142114334,0.006417096243239939,0.628433108329773,0.01565304840914905,0.07513654604554176,0.0003,301,99,93.87436058660111,6.328375577926636,4.366770505905151,10.695146083831787,456,0.20356949768029153,0,0,TRUE,pair,136,2.58834280166775,4.914342630669415,36,0,7.382352941176471,2.58834280166775,0.3397502047009766,3.175074899569154,cpu,cuda:0,0,671.42724609375,41
5034,1,DDT900_num50.txt,fixed,1039,8,129.875,6.899954795837402,4.093926429748535,6.713928087265231e-06,-3.72,-0.314347555,0.26749998331069946,0.017139142379164696,0.23999999463558197,0.30000001192092896,-0.277463123,-0.273903511,0.005026840808568522,0.6073032803833485,0.024441581161227077,0.12345475796610117,0.0003,293,107,117.74421092380322,4.111961126327515,4.712251901626587,8.824213027954102,450,0.13041889923624694,0,0,TRUE,pair,139,1.5715719014406204,4.725697786103543,40,0,7.474820143884892,1.5715719014406204,0.16050149826332927,2.2785950952675194,cpu,cuda:0,0,671.42919921875,41
5035,1,DDT900_num50.txt,fixed,1008,8,126,8.5293607711792,4.588854789733887,6.546750228153542e-06,-4.12,-0.347747681,0.24250000715255737,0.01561249140650034,0.2199999988079071,0.25999999046325684,-0.40134214,-0.398287535,0.00663779492283033,0.637350512875451,0.011365217816395065,0.06230979019569026,0.0003,303,97,84.15713610921844,4.604408502578735,7.373185396194458,11.977593898773193,445,0.14155569835565984,0,0,TRUE,pair,136,1.9311672982294112,4.954365080074658,40,0,7.411764705882353,1.9311672982294112,0.19023219728842378,2.3733414942398667,cpu,cuda:0,0,671.42724609375,41
5036,1,DDT900_num50.txt,fixed,1022,8,127.75,10.720890998840332,4.90627384185791,6.337182185234269e-06,-4.16,-0.35655523,0.24000000953674316,0.022360675036907196,0.20000000298023224,0.25999999046325684,-0.595992029,-0.595674217,0.0073544601909816265,0.39950475096702576,0.03002118319272995,0.03921568766236305,0.0003,304,96,160.42818467679038,4.923418760299683,1.4470329284667969,6.3704516887664795,439,0.14158279774710536,0,0,TRUE,pair,143,2.198772400384769,4.9784735816798795,50,0,7.146853146853147,2.198772400384769,0.1923190972302109,2.4189779988955706,cpu,cuda:0,0,349.0048828,41
5037,1,DDT900_num50.txt,fixed,986,8,123.25,4.943429946899414,4.959526062011719,4.2399980884511024e-05,-4.36,-0.361661185,0.22750000655651093,0.013919408433139324,0.20000000298023224,0.23999999463558197,-0.28839597,-0.284263349,0.004538414204337944,0.6401827037334442,0.008767026360146701,0.07392823126994902,0.0003,309,91,46.79564120809404,4.979865789413452,16.09047269821167,21.070338487625122,451,0.143315200926736,0,0,TRUE,pair,133,2.2881134029012173,5.010141986136988,40,0,7.413533834586466,2.2881134029012173,0.20154480123892426,2.376188301946968,cpu,cuda:0,0,671.42724609375,42
5038,1,DDT900_num50.txt,fixed,1072,8,134,12.09338665008545,4.722532272338867,6.903854682605015e-06,-3.52,-0.285464599,0.2800000011920929,0.04242641106247902,0.2199999988079071,0.36000001430511475,0.12180039121045007,0.1262719440791342,0.004661668835776961,0.6802390217781067,0.009641569418211779,0.06890497687790129,0.0003,288,112,58.59185490143887,4.739003658294678,13.5570547580719,18.296058416366577,447,0.1360943994950503,0,0,TRUE,pair,154,1.9650022010318935,4.763992535979001,30,0,6.961038961038961,1.9650022010318935,0.19599209702573717,2.46692170179449,cpu,cuda:0,0,671.42919921875,41
5039,1,DDT900_num50.txt,fixed,1029,8,128.625,9.911325454711914,4.616732597351074,6.995869171078084e-06,-4.24,-0.270223039,0.23499999940395355,0.025980759412050247,0.20000000298023224,0.2800000011920929,-0.003652608,0.0024917910632211715,0.002898678201745497,0.7593739330768585,0.010506956008612178,0.08312639896757901,0.0003,306,94,55.19602579911096,4.636841773986816,14.005804777145386,18.642646551132202,454,0.13890390004962683,0,0,TRUE,pair,153,2.0606542995665222,5.11175898931001,36,0,6.7254901960784315,2.0606542995665222,0.16700549819506705,2.304731301497668,cpu,cuda:0,0,671.42919921875,41
5040,1,DDT900_num50.txt,fixed,989,8,123.625,4.922842025756836,3.949249029159546,4.586847353493795e-06,-4.52,-0.277389577,0.2175000160932541,0.01561249140650034,0.20000000298023224,0.23999999463558197,-0.500036106,-0.492568418,0.0013906265667174011,0.8163011372089386,0.021031080977991223,0.055589186027646065,0.0003,313,87,192.37227529741028,3.966625928878784,1.1744475364685059,5.14107346534729,456,0.12819429929368198,0,0,TRUE,pair,133,1.4811762007884681,5.113245700560397,35,0,7.43609022556391,1.4811762007884681,0.15314840362407267,2.2357450053095818,cpu,cuda:0,0,325.07763671875,40
5041,1,DDT900_num50.txt,fixed,1028,8,128.5,12.247448921203613,4.694707870483398,5.579733260674402e-05,-4.48,-0.28636698,0.2199999988079071,0.028284268453717232,0.18000000715255737,0.2800000011920929,-0.093731071,-0.087619223,0.0025508534662159426,0.738727514232908,0.018689398404343853,0.07261812647006341,0.0003,312,88,59.22207296789501,4.7132346630096436,12.645158052444458,17.3583927154541,463,0.14201229764148593,0,0,TRUE,pair,154,2.031050997087732,5.006809341768347,30,0,6.675324675324675,2.031050997087732,0.19392750086262822,2.37345889932476,cpu,cuda:0,0,671.42919921875,41
5042,1,DDT900_num50.txt,fixed,982,8,122.75,6.077622890472412,5.180422306060791,5.601568318525096e-06,-4.68,-0.322419085,0.20750001072883606,0.02436698041856289,0.18000000715255737,0.25999999046325684,-0.113106182,-0.106768972,0.003144533489830792,0.7909470895926157,0.013432847539661452,0.025991604042549927,0.0003,317,83,91.22139890987191,5.19755482673645,5.567463159561157,10.765017986297607,453,0.1501041012816131,0,0,TRUE,pair,134,2.4237510012462735,5.208757634561076,35,0,7.3283582089552235,2.4237510012462735,0.2602868985850364,2.386334296083078,cpu,cuda:0,0,671.42724609375,41
5043,1,DDT900_num50.txt,fixed,958,8,119.75,5.068283557891846,5.221550464630127,4.7414737309736665e-06,-4.68,-0.355750706,0.20750001072883606,0.02222048118710518,0.18000000715255737,0.23999999463558197,-0.156324719,-0.150798182,0.0050679443520493805,0.8060513990265983,0.01104904877969862,0.06444503260510308,0.0003,317,83,89.78328816286636,5.2393810749053955,5.430756092071533,10.670137166976929,446,0.14795769890770316,0,0,TRUE,pair,129,2.442809199914336,5.165970771447104,45,0,7.426356589147287,2.442809199914336,0.24578760471194983,2.426850404124707,cpu,cuda:0,0,671.4267578,43
5044,1,DDT900_num50.txt,fixed,1046,8,130.75,13.736356735229492,5.099552154541016,8.81665346241789e-06,-4.28,-0.345980262,0.23250001668930054,0.048925962299108505,0.18000000715255737,0.3400000035762787,0.03448676731851366,0.04071117813388506,0.005279412506044739,0.8864114218287997,0.017118798898688208,0.052407465461227626,0.0003,307,93,79.31529427831285,5.115389347076416,8.07248330116272,13.187872648239136,455,0.1528922999277711,0,0,TRUE,pair,155,2.2862455011345446,4.935946464994442,45,0,6.748387096774193,2.2862455011345446,0.2077780021354556,2.507112101651728,cpu,cuda:0,0,671.42919921875,41
5045,1,DDT900_num50.txt,fixed,982,8,122.75,5.068283557891846,3.860429286956787,5.576778221438872e-06,-4.76,-0.40185355,0.20250000059604645,0.03230711817741394,0.14000000059604645,0.23999999463558197,0.012420363310310576,0.019509403655926388,0.0047403178953876095,0.945920725663503,0.011064518977137696,0.05366589915421274,0.0003,319,81,88.23558581294509,3.876363754272461,7.252932786941528,11.12929654121399,447,0.1268100014422089,0,0,TRUE,pair,133,1.4610403990373015,5.159877799436177,35,0,7.383458646616542,1.4610403990373015,0.15260539902374148,2.16710319602862,cpu,cuda:0,0,671.42724609375,41
5046,1,DDT900_num50.txt,fixed,984,8,123,6.020797252655029,4.764702320098877,5.8521927712718025e-06,-4.72,-0.442758676,0.20500001311302185,0.025980757549405098,0.18000000715255737,0.25999999046325684,0.026810593903064728,0.0340716689825058,0.0048295543529093266,0.9675848186016083,0.013925705061410554,0.03723874967545271,0.0003,318,82,111.87440776388488,4.781249284744263,4.0143280029296875,8.79557728767395,463,0.14285770058631897,0,0,TRUE,pair,134,2.180739099625498,5.101626013110324,40,0,7.343283582089552,2.180739099625498,0.19506550300866365,2.2982955048792064,cpu,cuda:0,0,671.42724609375,41
5047,1,DDT900_num50.txt,fixed,1053,8,131.625,9.379998207092285,5.7866926193237305,6.602946541534038e-06,-4.44,-0.428698281,0.2225000262260437,0.041758228093385696,0.18000000715255737,0.3199999928474426,-0.15384431,-0.14779864,0.005983977625146508,0.9037674784660339,0.011231214128201827,0.042521682754158976,0.0003,311,89,93.74762305441564,5.809191703796387,5.42309308052063,11.232284784317017,451,0.15155140333808959,0,0,TRUE,pair,148,2.785134501522407,4.8452041794431855,35,0,7.114864864864865,2.785134501522407,0.27242309995926917,2.613753203302622,cpu,cuda:0,0,671.42919921875,41
5048,1,DDT900_num50.txt,fixed,1047,8,130.875,10.276641845703125,4.75673770904541,7.582685611851048e-06,-4.16,-0.449682322,0.24000000953674316,0.03872982785105705,0.20000000298023224,0.3199999928474426,-0.017735903,-0.01080327,0.004845089850608598,0.9355176307938315,0.010765744992320171,0.07267151946540583,0.0003,304,96,82.92408771699981,4.7737298011779785,7.852275848388672,12.62600564956665,459,0.14661280042491853,0,0,TRUE,pair,154,2.0973634012043476,4.7554918829326756,30,0,6.798701298701299,2.0973634012043476,0.18415649933740497,2.385534402448684,cpu,cuda:0,0,671.42919921875,41
5049,1,DDT900_num50.txt,fixed,1005,8,125.625,15.288373947143555,4.011008262634277,9.8345853984938e-06,-4.24,-0.469219704,0.23500001430511475,0.07794228941202164,0.1599999964237213,0.36000001430511475,-0.186285265,-0.18053645,0.0070752071682363745,0.9286414325237274,0.016793130681617186,0.1240728922188282,0.0003,306,94,93.04433686735229,4.027150392532349,6.774151802062988,10.801302194595337,457,0.13245240249671042,0,0,TRUE,pair,152,1.5251663983799517,4.909452733471619,40,0,6.6118421052631575,1.5251663983799517,0.16357170278206468,2.2387637994252145,cpu,cuda:0,0,671.42724609375,42
5050,1,DDT900_num50.txt,fixed,985,8,123.125,13.270620346069336,5.458402633666992,7.941522198962048e-06,-4.48,-0.423025449,0.2200000286102295,0.037416573613882065,0.18000000715255737,0.2800000011920929,-0.002814149,0.004171637197335561,0.005825278038779895,0.9898432294527689,0.015401102650988227,0.08822013437747955,0.0003,312,88,94.63102236123443,5.475255489349365,4.933593273162842,10.408848762512207,425,0.14833629806526005,0,0,TRUE,pair,146,2.6588679004926234,5.308629443076661,45,0,6.7465753424657535,2.6588679004926234,0.25234999717213213,2.439746903954074,cpu,cuda:0,0,671.42724609375,43
5051,1,DDT900_num50.txt,fixed,923,8,115.375,6.460214614868164,4.6358489990234375,5.924593551753787e-06,-4.8,-0.413114651,0.20000001788139343,0.024494891986250877,0.18000000715255737,0.23999999463558197,-0.221035374,-0.214133464,0.0054034203769535655,0.9603618515862359,0.0096399116749429,0.06342823730988635,0.0003,320,80,57.33931773879431,4.653146982192993,11.444010019302368,16.09715700149536,410,0.13436450134031475,0,0,TRUE,pair,124,2.2068877012934536,5.093174430944292,35,0,7.443548387096774,2.2068877012934536,0.1915499975439161,2.1502640023827553,cpu,cuda:0,0,671.4267578,43
5052,1,DDT900_num50.txt,fixed,1000,8,125,11.135528564453125,4.044120788574219,7.276650649146177e-06,-4.6,-0.3923017,0.21250000596046448,0.035968732088804245,0.1599999964237213,0.25999999046325684,0.018802693113684654,0.02663299348205328,0.003031861975614447,0.9346228539943695,0.016829178275656886,0.07232047826983035,0.0003,315,85,93.94529711428983,4.06005334854126,6.584439039230347,10.644492387771606,458,0.13263900228776038,0,0,TRUE,pair,149,1.568341201171279,4.827999999523163,30,0,6.7114093959731544,1.568341201171279,0.16271779872477055,2.230552898487076,cpu,cuda:0,0,671.42724609375,44
5053,1,DDT900_num50.txt,fixed,973,8,121.625,5.699506759643555,5.066614151000977,5.4105785238789394e-06,-4.48,-0.390869003,0.2200000137090683,0.024494891986250877,0.20000000298023224,0.25999999046325684,0.07582705281674862,0.08524559531360865,0.0030501498258672655,1.0943612158298492,0.010168371059990022,0.06021198187954724,0.0003,312,88,109.80670558879427,5.0833580493927,3.777667284011841,8.861025333404541,444,0.14800359844230115,0,0,TRUE,pair,129,2.356202400755137,5.10174717368962,35,0,7.542635658914729,2.356202400755137,0.2151525025255978,2.396683900617063,cpu,cuda:0,0,671.42724609375,45
5054,1,DDT900_num50.txt,fixed,1017,8,127.125,10.87930965423584,4.117881774902344,6.940806542843347e-06,-4.6,-0.390290077,0.21250000596046448,0.026339132338762283,0.1599999964237213,0.23999999463558197,0.012594105675816536,0.02155365502195699,0.0030768688884563744,1.0497984971318925,0.014858399497045736,0.08282659016549587,0.0003,315,85,78.28369397036533,4.133770942687988,8.85744023323059,12.991211175918579,452,0.13227749965153635,0,0,TRUE,pair,148,1.5461120998952538,5.263520157325467,40,0,6.871621621621622,1.5461120998952538,0.16780449938960373,2.31898479629308,cpu,cuda:0,0,671.42724609375,44
5055,1,DDT900_num50.txt,fixed,977,8,122.125,18.516462326049805,5.157429218292236,1.0706295142881572e-05,-4.76,-0.424377454,0.20249998569488525,0.025372227653861046,0.1599999964237213,0.23999999463558197,-0.169140196,-0.161740983,0.0059453585185110566,1.0371894121170044,0.018313444341765718,0.07834809459745884,0.0003,319,81,99.73653715501098,5.1725218296051025,4.623286485671997,9.7958083152771,436,0.14944250113330781,0,0,TRUE,pair,156,2.360121600329876,5.095189359317416,35,0,6.262820512820513,2.360121600329876,0.23276229784823954,2.453338001621887,cpu,cuda:0,0,671.42724609375,45
5056,1,DDT900_num50.txt,fixed,942,8,117.75,6.8693156242370605,3.742642879486084,5.553157279791776e-06,-4.56,-0.380078443,0.2150000035762787,0.023979153484106064,0.18000000715255737,0.25999999046325684,-0.117019507,-0.108982542,0.004013015440880106,1.0043478837380042,0.012015961173277061,0.1094543866526622,0.0003,314,86,79.66986611021785,3.759026050567627,8.064766883850098,11.823792934417725,427,0.1224601031281054,0,0,TRUE,pair,130,1.4293061995413154,5.3078556268331605,50,0,7.246153846153846,1.4293061995413154,0.15126510034315288,2.086039901478216,cpu,cuda:0,0,671.4267578,45
5057,1,DDT900_num50.txt,fixed,990,8,123.75,6.552671432495117,4.274221420288086,5.6091739679686725e-06,-4.4,-0.353593738,0.22500000894069672,0.019364912062883377,0.20000000298023224,0.25999999046325684,-0.276562782,-0.269024519,0.0037004542973591015,0.9388493970036507,0.007051595368466224,0.03891423484310508,0.0003,310,90,87.60973626676939,4.290494203567505,7.00961971282959,11.300113916397095,444,0.1314451964572072,0,0,TRUE,pair,134,1.821437401464209,5.092929292206812,40,0,7.388059701492537,1.821437401464209,0.16584430006332695,2.204740800894797,cpu,cuda:0,0,671.42724609375,46
5058,1,DDT900_num50.txt,fixed,1014,8,126.75,8.912772178649902,5.399187088012695,7.150570127123501e-06,-4.32,-0.32786034,0.23000001907348633,0.022360678762197495,0.20000000298023224,0.2800000011920929,-0.265051999,-0.256647422,0.0020342882198747247,0.9421727061271667,0.022020564807462506,0.10110495146363974,0.0003,308,92,135.8003143281989,5.415632724761963,2.051213026046753,7.466845750808716,456,0.2016748001333326,0,0,TRUE,pair,145,2.560926500475034,5.188362915605248,36,0,6.993103448275862,2.560926500475034,0.25625169230625033,2.477424403419718,cpu,cuda:0,0,339.6191406,47
5059,1,DDT900_num50.txt,fixed,984,8,123,3.9370038509368896,4.247230529785156,4.271620127838105e-06,-4.6,-0.334259928,0.21250000596046448,0.02817356586456299,0.1599999964237213,0.23999999463558197,-0.342487403,-0.33486167,0.0036640921274998356,0.945777450289045,0.008027002232016198,0.03298776117818696,0.0003,315,85,114.87646189877944,4.26336407661438,4.302359342575073,8.565723419189453,448,0.13958219904452562,0,0,TRUE,pair,132,1.7396010009106249,5.391260161147854,65,0,7.454545454545454,1.7396010009106249,0.17113270075060427,2.251852399436757,cpu,cuda:0,0,671.42724609375,46
5060,1,DDT900_num50.txt,fixed,1073,8,134.125,12.5741548538208,4.328158378601074,7.98613291408401e-06,-4.2,-0.297329867,0.23750001192092896,0.03929058089852333,0.18000000715255737,0.30000001192092896,-0.143287934,-0.136624204,0.0031895038729999213,0.8258491337299347,0.015510416426695883,0.10235797353088856,0.0003,305,95,82.51529863869293,4.344512701034546,8.659136533737183,13.003649234771729,463,0.1351703004911542,0,0,TRUE,pair,158,1.6274101985618472,4.9757688698764175,50,0,6.791139240506329,1.6274101985618472,0.1704770007636398,2.442133797565475,cpu,cuda:0,0,671.42919921875,47
5061,1,DDT900_num50.txt,fixed,1053,8,131.625,5.566360950469971,5.759833335876465,5.347171281755436e-06,-3.76,-0.273235653,0.26499998569488525,0.019364919513463974,0.23999999463558197,0.2800000011920929,-0.051543424,-0.044215272,0.0028675160428974777,0.8761909864842892,0.013989104343636427,0.07211056654341519,0.0003,294,106,71.41106360669937,5.7777392864227295,8.967875003814697,14.745614290237427,447,0.1433968967758119,0,0,TRUE,pair,140,2.7427784006576985,5.322886990912167,40,0,7.521428571428571,2.7427784006576985,0.2815506048500538,2.6190636998508126,cpu,cuda:0,0,671.42919921875,48
5062,1,DDT900_num50.txt,fixed,964,8,120.5,8.411301612854004,5.062996864318848,6.392997420334723e-06,-4.32,-0.299147957,0.23000000417232513,0.024494891986250877,0.18000000715255737,0.25999999046325684,-0.225818546,-0.219297808,0.0030944097554311155,0.8067951162656148,0.008965527891753785,0.0599386961509784,0.0003,308,92,54.13082198726865,5.079559564590454,12.729148387908936,17.80870795249939,422,0.14726159838028252,0,0,TRUE,pair,135,2.289621199015528,5.243775933362636,35,0,7.140740740740741,2.289621199015528,0.2555097013246268,2.412887396523729,cpu,cuda:0,0,671.42724609375,49
5063,1,DDT900_num50.txt,fixed,1046,8,130.75,9.522998809814453,4.723484992980957,6.985705113038421e-06,-3.84,-0.26625235,0.25999999046325684,0.022360684350132942,0.2199999988079071,0.30000001192092896,-0.077947831,-0.070753549,0.0031191279413178563,0.8753848522901535,0.012540797831024974,0.06669461634010077,0.0003,296,104,88.38884077387848,4.739833354949951,7.094239711761475,11.834073066711426,448,0.14223069907166064,0,0,TRUE,pair,145,1.9466180980671197,5.178776292226511,40,0,7.213793103448276,1.9466180980671197,0.2183779028709978,2.4575071029830724,cpu,cuda:0,0,671.42919921875,48
5064,1,DDT900_num50.txt,fixed,1061,8,132.625,12.439227104187012,4.280418395996094,8.088682079687715e-06,-3.6,-0.257250278,0.27500003576278687,0.053619034588336945,0.2199999988079071,0.36000001430511475,-0.018101401,-0.012698925,0.002706091060056625,0.6755522577201619,0.01055608581244836,0.06253818554036758,0.0003,290,110,51.660410431817894,4.297385931015015,16.24058485031128,20.537970781326294,448,0.13251799810677767,0,0,TRUE,pair,155,1.6592315009329468,4.823751175212591,35,0,6.84516129032258,1.6592315009329468,0.1665854980237782,2.368630195502192,cpu,cuda:0,0,671.42919921875,49
5065,1,DDT900_num50.txt,fixed,1000,8,125,11.379806518554688,5.080394268035889,7.98435303295264e-06,-3.84,-0.252198356,0.25999999046325684,0.026457512751221657,0.23999999463558197,0.3199999928474426,0.044639404178323114,0.05070552958504242,0.0022390656111597575,0.7185658742399776,0.01719522225560949,0.09339826466406093,0.0003,296,104,48.42072263187012,5.097246408462524,15.555068254470825,20.65231466293335,434,0.14620810258202255,0,0,TRUE,pair,148,2.3988398001529276,4.982999997138977,35,0,6.756756756756757,2.3988398001529276,0.19665209809318185,2.3915464014280587,cpu,cuda:0,0,671.42724609375,51
5066,1,DDT900_num50.txt,fixed,1024,8,128,13.45362377166748,4.417476654052734,7.552639999630628e-06,-3.72,-0.242393407,0.26749998331069946,0.048925962299108505,0.20000000298023224,0.3799999952316284,-0.07564361,-0.068240658,0.0017113583046011627,0.825863116979599,0.016572491073748096,0.12688635289669037,0.0003,293,107,125.33600360877057,4.433825969696045,3.736212730407715,8.17003870010376,440,0.1336989006958902,0,0,TRUE,pair,157,1.8244135999120772,5.068359374767169,35,0,6.522292993630574,1.8244135999120772,0.17916029947809875,2.3268793972674757,cpu,cuda:0,0,671.42724609375,50
5067,1,DDT900_num50.txt,fixed,1041,8,130.125,11.857882499694824,4.212681293487549,7.3524206527508795e-06,-4.08,-0.246163156,0.24500000476837158,0.06304760277271271,0.18000000715255737,0.4000000059604645,-0.073408095,-0.065887011,0.002519934491899151,0.8781048013613775,0.012482593865850223,0.08009096765174316,0.0003,302,98,71.38974593152297,4.228238582611084,10.353687524795532,14.581926107406616,458,0.13411939959041774,0,0,TRUE,pair,157,1.6096423992421478,5.31508165294453,35,0,6.630573248407643,1.6096423992421478,0.16702929721213877,2.350115202832967,cpu,cuda:0,0,671.42919921875,51
5068,1,DDT900_num50.txt,fixed,1011,8,126.375,11.767938613891602,4.880245685577393,7.528611604357138e-05,-3.92,-0.249645555,0.2549999952316284,0.03708099201321602,0.20000000298023224,0.3199999928474426,-0.087614334,-0.080880129,0.0025415154717241726,0.8004955053329468,0.015121552653403746,0.07085846198929681,0.0003,298,102,72.61977113075763,4.898269414901733,9.023559093475342,13.921828508377075,442,0.13952710013836622,0,0,TRUE,pair,149,2.212750800186768,5.16221562549693,30,0,6.785234899328859,2.212750800186768,0.19589739991351962,2.377655003219843,cpu,cuda:0,0,671.42724609375,50
5069,1,DDT900_num50.txt,fixed,1008,8,126,5.4772257804870605,3.9823975563049316,5.4803867897135206e-06,-3.96,-0.258692734,0.2524999976158142,0.017139136791229248,0.2199999988079071,0.2800000011920929,-0.486364226,-0.481141975,0.0012014290356698136,0.5822966794172922,0.018729558408570785,0.08591285347938538,0.0003,299,101,186.31028469852197,3.999450922012329,1.4108784198760986,5.410329341888428,449,0.12974329991266131,0,0,TRUE,pair,138,1.5118109011091292,5.307539682539683,35,0,7.304347826086956,1.5118109011091292,0.15786609961651266,2.232347996905446,cpu,cuda:0,0,352.2988281,50
5070,1,DDT900_num50.txt,fixed,979,8,122.375,6.223694801330566,3.9465956687927246,5.596491973847151e-06,-4.04,-0.26843645,0.2475000023841858,0.024366986006498337,0.20000000298023224,0.2800000011920929,-0.186062724,-0.180708508,0.002790380984411708,0.6749401539564133,0.009774925054184027,0.07478092670706767,0.0003,301,99,54.37251465197236,3.962040662765503,14.04338002204895,18.005420684814453,454,0.13020869833417237,0,0,TRUE,pair,131,1.4889906987082213,5.341164453036939,35,0,7.473282442748092,1.4889906987082213,0.15444000042043626,2.2239328019786626,cpu,cuda:0,0,671.42724609375,53
5071,1,DDT900_num50.txt,fixed,1029,8,128.625,6.650892734527588,5.499368667602539,2.4697908884263597e-05,-3.96,-0.246740443,0.2524999976158142,0.01984313502907753,0.2199999988079071,0.2800000011920929,-0.118857435,-0.113234867,0.002578377632224666,0.6911757758685521,0.012668693716737576,0.08012732490897179,0.0003,299,101,73.53336787428819,5.516843557357788,8.476803541183472,13.99364709854126,446,0.14471609727479517,0,0,TRUE,pair,138,2.64993690000847,5.121477163220286,40,0,7.456521739130435,2.64993690000847,0.2393058983143419,2.5067626007366925,cpu,cuda:0,0,671.42919921875,52
5072,1,DDT900_num50.txt,fixed,1054,8,131.75,11.871709823608398,4.518503189086914,6.9182483457552735e-06,-3.56,-0.262765816,0.2775000035762787,0.051417410373687744,0.2199999988079071,0.3799999952316284,-0.082551099,-0.076120916,0.0014240893069654703,0.7142228484153748,0.026522585656493902,0.07017543911933899,0.0003,289,111,211.02452307621954,4.534920692443848,0.4597594738006592,4.994680166244507,454,0.1334691981319338,0,0,TRUE,pair,152,1.9192874003201723,5.182163183557919,35,0,6.934210526315789,1.9192874003201723,0.1844587952364236,2.32916720258072,cpu,cuda:0,0,107.9140625,50
5073,1,DDT900_num50.txt,fixed,1042,8,130.25,11.288822174072266,4.164614677429199,7.448434644174995e-06,-3.84,-0.266228975,0.25999999046325684,0.034641019999980927,0.2199999988079071,0.3400000035762787,-0.177912788,-0.169887509,0.0009421227441634983,0.8496344983577728,0.022790654649725184,0.0416666679084301,0.0003,296,104,228.3276505472646,4.18051290512085,0.3831043243408203,4.56361722946167,456,0.1322884017135948,0,0,TRUE,pair,153,1.6136895008385181,5.3090211148454225,35,0,6.810457516339869,1.6136895008385181,0.1651381035335362,2.3006733034271747,cpu,cuda:0,0,94.98730469,51
5074,1,DDT900_num50.txt,fixed,1024,8,128,8.077747344970703,4.2427978515625,5.984258677926846e-06,-3.84,-0.25955426,0.25999999046325684,0.03162277862429619,0.2199999988079071,0.3199999928474426,-0.221147597,-0.214349389,0.0003952888073399663,0.6995860934257507,0.031284935772418976,0.0833333358168602,0.0003,296,104,228.94150161608877,4.260785818099976,0.21197247505187988,4.4727582931518555,458,0.14298550062812865,0,0,TRUE,pair,145,1.6923883995041251,5.56835937150754,44,0,7.062068965517241,1.6923883995041251,0.16123460233211517,2.303860002895817,cpu,cuda:0,0,94.8984375,49
5075,1,DDT900_num50.txt,fixed,1007,8,125.875,4.985917568206787,5.353112697601318,5.201679414312821e-06,-4.04,-0.270629399,0.2475000023841858,0.01984313316643238,0.2199999988079071,0.2800000011920929,-0.203430113,-0.198360473,0.0018178330908995121,0.5978548586368561,0.019934574561193585,0.0911986619234085,0.0003,301,99,95.20797186723338,5.369631290435791,5.207214117050171,10.576845407485962,455,0.15133670391514897,0,0,TRUE,pair,136,2.5722069987095892,5.491559087342278,40,0,7.404411764705882,2.5722069987095892,0.24032760062254965,2.4356750044971704,cpu,cuda:0,0,671.42724609375,51
5076,1,DDT900_num50.txt,fixed,1042,8,130.25,16.551057815551758,5.397277355194092,8.002131835382897e-06,-3.6,-0.24135283,0.2750000059604645,0.04974937438964844,0.20000000298023224,0.3799999952316284,-0.07051292,-0.065862984,0.0027511775648842254,0.6025521159172058,0.02689062332501635,0.04689510197689136,0.0003,290,110,91.69869820369185,5.414358139038086,5.948943853378296,11.363301992416382,444,0.14307699725031853,0,0,TRUE,pair,156,2.5127526996657252,5.379078692071955,40,0,6.67948717948718,2.5127526996657252,0.244312496855855,2.5343413087539375,cpu,cuda:0,0,671.42919921875,52
5077,1,DDT900_num50.txt,fixed,1043,8,130.375,13.91884994506836,4.768203258514404,7.255136551975738e-06,-3.88,-0.240702512,0.2574999928474426,0.027271782979369164,0.2199999988079071,0.30000001192092896,-0.231050909,-0.226871073,0.0009820527920965105,0.46708614627520245,0.02172202873043716,0.056682818879683815,0.0003,297,103,158.50363344002517,4.787264585494995,1.7930262088775635,6.580290794372559,451,0.13460590224713087,0,0,TRUE,pair,159,2.1342306998558342,5.214765104328569,35,0,6.559748427672956,2.1342306998558342,0.19281339598819613,2.3511582030914724,cpu,cuda:0,0,347.3408203,52
5078,1,DDT900_num50.txt,fixed,1065,8,133.125,2.803457736968994,6.2224836349487305,3.8035050238249823e-06,-3.64,-0.223617125,0.27250000834465027,0.019843142479658127,0.23999999463558197,0.30000001192092896,-0.500277877,-0.495493382,0.0005802986561320722,0.507466733455658,0.22577477991580963,0.06976744532585144,0.0003,291,109,163.16013617699576,6.245530128479004,0.2817995548248291,6.527329683303833,444,0.1676355991512537,0,0,TRUE,pair,138,3.092659000772983,5.118309861,45,0,7.717391304347826,3.092659000772983,0.30425789672881365,2.7010551986750215,cpu,cuda:0,0,89.56542969,52
5079,1,DDT900_num50.txt,fixed,1024,8,128,7.053368091583252,4.909316539764404,5.571041583607439e-06,-3.76,-0.225584739,0.26499998569488525,0.013228760100901127,0.23999999463558197,0.2800000011920929,-0.116979153,-0.112216524,0.001805836903205251,0.5665545796646791,0.014648441684103626,0.060835420537520855,0.0003,294,106,58.23304908112633,4.9262590408325195,12.658257246017456,17.584516286849976,449,0.14516460243612528,0,0,TRUE,pair,138,2.1985960013698786,5.0449218766298145,30,0,7.420289855072464,2.1985960013698786,0.20865290332585573,2.4068278016056865,cpu,cuda:0,0,671.42724609375,50
5080,1,DDT900_num50.txt,fixed,1052,8,131.5,12.318684577941895,4.975449562072754,1.3976495210954454e-05,-3.8,-0.228077471,0.26249998807907104,0.045207858085632324,0.20000000298023224,0.36000001430511475,-0.040155254,-0.035742464,0.003190187591826543,0.6007886379957199,0.04335953886038624,0.04242567531764507,0.0003,295,105,115.7749189893175,4.991872072219849,4.094724655151367,9.086596727371216,446,0.14192530373111367,0,0,TRUE,pair,156,2.2330680007580668,5.057984788608189,40,0,6.743589743589744,2.2330680007580668,0.19535799813456833,2.4516239017248154,cpu,cuda:0,0,671.42919921875,49
5081,1,DDT900_num50.txt,fixed,1047,8,130.875,13.833271026611328,5.790971279144287,9.487442184763495e-06,-3.64,-0.254782704,0.27250000834465027,0.02633913792669773,0.23999999463558197,0.3199999928474426,-0.115379319,-0.110313393,0.0012376114027574658,0.5684735178947449,0.33775514364242554,0.05128205195069313,0.0003,291,109,172.57704107683978,5.808449745178223,0.2584059238433838,6.0668556690216064,444,0.15064459992572665,0,0,TRUE,pair,153,2.867008700268343,5.074498568701539,35,0,6.8431372549019605,2.867008700268343,0.2690010026562959,2.5403252041433007,cpu,cuda:0,0,81.83007813,48
5082,1,DDT900_num50.txt,fixed,1044,8,130.5,10.72380542755127,4.584202766418457,8.217662980314344e-06,-3.68,-0.254209725,0.26999998092651367,0.026457518339157104,0.2199999988079071,0.30000001192092896,-0.059044055,-0.054563997,0.0036359380101202987,0.629801606759429,0.0133226178586483,0.08880864456295967,0.0003,292,108,89.43792369290543,4.600772857666016,7.072127819061279,11.672900676727295,449,0.19725879910402,0,0,TRUE,pair,147,1.9218813998159021,4.961685822270383,35,0,7.1020408163265305,1.9218813998159021,0.17164489976130426,2.4049044989515096,cpu,cuda:0,0,671.42919921875,46
5083,1,DDT900_num50.txt,fixed,1052,8,131.5,9.287087440490723,4.181486129760742,6.852201295259874e-06,-3.96,-0.265553255,0.2524999976158142,0.031523797661066055,0.18000000715255737,0.2800000011920929,0.0022103339433670044,0.009258775413036347,0.0018630376434884965,0.7979960322380066,0.014797298610210419,0.0767957553267479,0.0003,299,101,129.09489692789563,4.196906566619873,3.9521374702453613,8.149044036865234,457,0.13488870160654187,0,0,TRUE,pair,144,1.5890787008684129,5.382129273260501,48,0,7.305555555555555,1.5890787008684129,0.16956439916975796,2.336266202153638,cpu,cuda:0,0,671.42919921875,46
5084,1,DDT900_num50.txt,fixed,1051,8,131.375,7.415144920349121,5.958020210266113,1.0054651284008287e-05,-3.92,-0.297800664,0.2549999952316284,0.021794496104121208,0.2199999988079071,0.2800000011920929,-0.203628009,-0.197423575,0.0031312962722343705,0.777008906006813,0.012959804618731141,0.09336952089021604,0.0003,298,102,89.7983449304343,5.981372117996216,5.72262978553772,11.704001903533936,446,0.15645669912919402,0,0,TRUE,pair,145,2.90165629866533,5.44433872411639,45,0,7.248275862068965,2.90165629866533,0.3148263981565833,2.6149204003158957,cpu,cuda:0,0,671.42919921875,45
5085,1,DDT900_num50.txt,fixed,1092,8,136.5,14.628738403320312,4.405209541320801,8.98271900950931e-06,-3.72,-0.316431216,0.26749998331069946,0.03992180526256561,0.2199999988079071,0.36000001430511475,-0.47546187,-0.470643789,0.0029099234379827976,0.6273027062416077,0.06251485645771027,0.10526315867900848,0.0003,293,107,237.82882076070558,4.420377016067505,0.17116069793701172,4.591537714004517,449,0.13128449791111052,0,0,TRUE,pair,158,1.7317675000522286,5.598901096499446,55,0,6.9113924050632916,1.7317675000522286,0.17812749883159995,2.404536396730691,cpu,cuda:0,0,80.49414063,41
5086,1,DDT900_num50.txt,fixed,1109,8,138.625,8.107673645019531,4.396363258361816,5.6394942475890275e-06,-3.64,-0.300175348,0.2724999785423279,0.022220492362976074,0.23999999463558197,0.30000001192092896,-0.066776492,-0.060902975,0.0009762937552295625,0.6361666917800903,0.05939580500125885,0.11538462340831757,0.0003,291,109,238.70426125728298,4.413009405136108,0.23290681838989258,4.645916223526001,460,0.1340006017126143,0,0,TRUE,pair,153,1.6879167007282376,5.505861135513746,50,0,7.248366013071895,1.6879167007282376,0.17677079932764173,2.4421102984342724,cpu,cuda:0,0,99.49267578,42
5087,1,DDT900_num50.txt,fixed,1090,8,136.25,12.356678009033203,4.66301155090332,8.769786290940829e-06,-3.68,-0.303014612,0.26999998092651367,0.034641019999980927,0.2199999988079071,0.3199999928474426,-0.075173391,-0.068866825,0.0023847151780501006,0.749891796708107,0.011781874508596957,0.06601175256073474,0.0003,292,108,103.16768259803786,4.678835868835449,5.886488199234009,10.565324068069458,446,0.13260060199536383,0,0,TRUE,pair,153,1.8980888994410634,5.581651375490591,35,0,7.124183006535947,1.8980888994410634,0.18263219809159636,2.4327369988895953,cpu,cuda:0,0,671.4296875,44
5088,1,DDT900_num50.txt,fixed,1091,8,136.375,6.163146495819092,5.709692001342773,2.743368168012239e-05,-3.72,-0.297114184,0.26749998331069946,0.02633913978934288,0.2199999988079071,0.30000001192092896,0.03650508914142847,0.04537246562540531,0.0018981050234287977,0.9816426932811737,0.016867018188349903,0.0959810703061521,0.0003,293,107,106.28929784433433,5.727825880050659,4.5366129875183105,10.26443886756897,454,0.16302540176548064,0,0,TRUE,pair,149,2.647815101314336,5.568285974638927,60,0,7.322147651006712,2.647815101314336,0.2613552014809102,2.6811958998441696,cpu,cuda:0,0,671.4296875,44
5089,1,DDT900_num50.txt,fixed,1099,8,137.375,12.082399368286133,5.548649787902832,2.4961183953564614e-05,-3.68,-0.291649395,0.26999998092651367,0.02828427217900753,0.2199999988079071,0.3199999928474426,-0.067379409,-0.061052436,0.0018969122902490199,0.7275424659252167,0.07984121597837657,0.09468905255198479,0.0003,292,108,98.09050226198838,5.569984197616577,5.633954763412476,11.203938961029053,454,0.14985390030778944,0,0,TRUE,pair,153,2.621434101369232,5.739763420207376,50,0,7.183006535947713,2.621434101369232,0.2414711988531053,2.5767465913668275,cpu,cuda:0,0,671.4296875,43
5090,1,DDT900_num50.txt,fixed,1135,8,141.875,10.833252906799316,6.423031806945801,6.019773991283728e-06,-3.32,-0.275231769,0.29249998927116394,0.031523801386356354,0.23999999463558197,0.3400000035762787,0.041329674422740936,0.046821197122335435,0.0020759649691171945,0.6529511541128159,0.06087255086749792,0.03247637003660202,0.0003,283,117,91.6686321858301,6.441295146942139,5.940257549285889,12.381552696228027,462,0.21679300093092024,0,0,TRUE,pair,161,3.006049901712686,5.101321587163446,45,0,7.049689440993789,3.006049901712686,0.3232183011714369,2.95356790185906,cpu,cuda:0,0,671.4296875,43
5091,1,DDT900_num50.txt,fixed,1146,8,143.25,7.361216068267822,4.879670143127441,5.687170414603315e-06,-3.56,-0.277260395,0.2775000035762787,0.03526684269309044,0.23999999463558197,0.3400000035762787,0.060047393664717674,0.06723474618047476,0.002562350477091968,0.8468524217605591,0.040479322167811915,0.05210095690563321,0.0003,289,111,136.2759099652406,4.896615266799927,3.5127947330474854,8.409409999847412,461,0.14004440256394446,0,0,TRUE,pair,153,1.9517058006022125,5.591623036233126,50,0,7.490196078431373,1.9517058006022125,0.20380199793726206,2.62345650116913,cpu,cuda:0,0,671.4296875,42
5092,1,DDT900_num50.txt,fixed,1116,8,139.5,6.689544200897217,4.41265344619751,5.682170467480319e-06,-3.76,-0.266391026,0.26499998569488525,0.02397916093468666,0.2199999988079071,0.30000001192092896,0.06047719530761242,0.06546656135469675,0.0011533350188983604,0.5566035360097885,0.029982684936840087,0.06904823798686266,0.0003,294,106,188.8183317638284,4.4291675090789795,1.4812755584716797,5.910443067550659,463,0.13241450302302837,0,0,TRUE,pair,149,1.6892627000343055,5.367383513826623,65,0,7.489932885906041,1.6892627000343055,0.18169509898871183,2.4510142989456654,cpu,cuda:0,0,329.1689453,41
5093,1,DDT900_num50.txt,fixed,1146,8,143.25,9.2971773147583,5.887779235839844,5.460253760247724e-06,-3.32,-0.268797872,0.29249998927116394,0.017139140516519547,0.25999999046325684,0.3199999928474426,0.10810130399962266,0.11398509697367748,0.0016704588662832976,0.671902596950531,0.011971492692828179,0.07816080876315633,0.0003,283,117,47.25285345044005,5.903935194015503,18.348568439483643,24.252503633499146,465,0.1483449989464134,0,0,TRUE,pair,153,2.7580403017345816,5.088132630468039,40,0,7.490196078431373,2.7580403017345816,0.27654549945145845,2.7298147997353226,cpu,cuda:0,0,671.4296875,42
5094,1,DDT900_num50.txt,fixed,1058,8,132.25,12.597123146057129,4.623098373413086,7.040416221570922e-06,-3.6,-0.266377748,0.2749999761581421,0.03278719633817673,0.23999999463558197,0.3400000035762787,-0.219429038,-0.212990589,0.0023966744309291245,0.7636775866150856,0.012077369424514473,0.054789082566276195,0.0003,290,110,84.01059354586711,4.64024019241333,7.953409671783447,12.593649864196777,435,0.2024246002547443,0,0,TRUE,pair,162,1.7906996989622712,5.656899811640129,55,0,6.530864197530864,1.7906996989622712,0.19811100605875254,2.5390892040450126,cpu,cuda:0,0,671.42919921875,41
5095,1,DDT900_num50.txt,fixed,1118,8,139.75,11.583932876586914,4.977451801300049,7.309775355679449e-06,-3.52,-0.258062744,0.2800000309944153,0.05656854435801506,0.18000000715255737,0.36000001430511475,0.014170216862112284,0.021062063984572887,0.0008073605131357908,0.7295528054237366,0.05311182967852801,0.04397163260728121,0.0003,288,112,203.0578714031272,4.99305534362793,0.5127642154693604,5.50581955909729,458,0.20171160018071532,0,0,TRUE,pair,160,1.9921499986667186,5.0867620751341684,40,0,6.9875,1.9921499986667186,0.20233510271646082,2.6811497004237026,cpu,cuda:0,0,94.62011719,41
5096,1,DDT900_num50.txt,fixed,1053,8,131.625,13.009011268615723,5.469176292419434,9.081839380087331e-06,-3.92,-0.286032129,0.2549999952316284,0.04769695922732353,0.20000000298023224,0.3400000035762787,-0.121342199,-0.115139585,0.0024703681535486665,0.7437797678368432,0.009132193476294301,0.062425224210268686,0.0003,298,102,67.77667420052498,5.488078355789185,10.048240184783936,15.53631854057312,462,0.15662919799797237,0,0,TRUE,pair,151,2.319555800408125,5.574548908108659,45,0,6.973509933774834,2.319555800408125,0.30369180464185774,2.7195124039426446,cpu,cuda:0,0,671.42919921875,41
5097,1,DDT900_num50.txt,fixed,1047,8,130.875,10.240086555480957,4.4141340255737305,6.7350611061556265e-06,-3.56,-0.272174286,0.2775000035762787,0.033819377422332764,0.2199999988079071,0.30000001192092896,-0.122601424,-0.116401157,0.0025566113666476062,0.7478569075465202,0.00916267373961293,0.04585544526990917,0.0003,289,111,47.594603713495076,4.430375099182129,17.567917108535767,21.998292207717896,430,0.13329889974556863,0,0,TRUE,pair,146,1.784251398872584,5.266475646520868,45,0,7.171232876712328,1.784251398872584,0.18318460136651993,2.3563589027617127,cpu,cuda:0,0,671.42919921875,41
5098,1,DDT900_num50.txt,fixed,1149,8,143.625,9.136978149414062,5.73317813873291,6.421829766622977e-06,-3.48,-0.252478345,0.2824999690055847,0.03230712562799454,0.23999999463558197,0.3400000035762787,0.05715437103062868,0.06350162802264095,0.0022968182573094966,0.7495664060115814,0.019144224980846048,0.047177291661500934,0.0003,287,113,96.88891276414752,5.749850511550903,6.109091520309448,11.858942031860352,466,0.1483900980092585,0,0,TRUE,pair,158,2.7074695986229926,5.107049604620075,45,0,7.272151898734177,2.7074695986229926,0.2484600991010666,2.6682134971488267,cpu,cuda:0,0,671.4296875,42
5099,1,DDT900_num50.txt,fixed,1067,8,133.375,13.415825843811035,5.4616899490356445,7.006018222455168e-06,-3.92,-0.252935982,0.2549999952316284,0.038405727595090866,0.20000000298023224,0.3199999928474426,-0.148696729,-0.141621967,0.0017695642600301653,0.7959541173444854,0.006905670478267388,0.035542126951946154,0.0003,298,102,52.978124688406005,5.480458736419678,14.659929513931274,20.140388250350952,449,0.14604259841144085,0,0,TRUE,pair,152,2.54488479741849,5.4301780675657465,55,0,7.019736842105263,2.54488479741849,0.23665900412015617,2.572450298583135,cpu,cuda:0,0,671.42919921875,41
5100,1,DDT900_num50.txt,fixed,1067,8,133.375,9.259285926818848,4.275343418121338,5.581235654972261e-06,-3.8,-0.257783063,0.26249998807907104,0.027271781116724014,0.23999999463558197,0.3199999928474426,-0.102621483,-0.095876661,0.002267155957977391,0.7878401445017921,0.015469580714125186,0.05775823454476065,0.0003,295,105,51.48373450902746,4.2913525104522705,16.433639764785767,20.724992275238037,455,0.1332144974730909,0,0,TRUE,pair,147,1.6115292988251895,5.427366446420872,64,0,7.258503401360544,1.6115292988251895,0.17299080034717917,2.4028037949465215,cpu,cuda:0,0,671.42919921875,41
5101,1,DDT900_num50.txt,fixed,1064,8,133,9.31396770477295,5.734150409698486,6.029209544067271e-06,-3.8,-0.259163178,0.26249998807907104,0.023318450897932053,0.2199999988079071,0.30000001192092896,-0.05301538,-0.045190045,0.00201534666121006,0.883300835887591,0.011035068387476107,0.04524139811595281,0.0003,295,105,100.10036990401221,5.7527995109558105,4.8765318393707275,10.629331350326538,441,0.14384780218824744,0,0,TRUE,pair,156,2.786464798497036,5.368421053527889,35,0,6.82051282051282,2.786464798497036,0.25726969772949815,2.5796264014206827,cpu,cuda:0,0,671.42919921875,41
5102,1,DDT900_num50.txt,fixed,1070,8,133.75,6.590713024139404,4.340389251708984,5.6721578403085005e-06,-3.76,-0.267589187,0.26499998569488525,0.02397916093468666,0.2199999988079071,0.30000001192092896,-0.105689216,-0.098382011,0.0010656224912963808,0.7840011715888977,0.019022625871002674,0.0678531676530838,0.0003,294,106,225.10932202492918,4.3585779666900635,0.3946681022644043,4.753246068954468,457,0.13610350247472525,0,0,TRUE,pair,144,1.6608023995067924,5.686915885622256,45,0,7.430555555555555,1.6608023995067924,0.17737699719145894,2.4127277999650687,cpu,cuda:0,0,108.50830078125,39
5103,1,DDT900_num50.txt,fixed,1101,8,137.625,8.774073600769043,4.408960342407227,6.185112852108432e-06,-3.4,-0.242793682,0.2874999940395355,0.03307189419865608,0.23999999463558197,0.3400000035762787,0.03588139886657397,0.043289626389741896,0.0017258528736419977,0.8271155218283336,0.010240684740711003,0.0582463741923372,0.0003,285,115,55.46714578464744,4.425103187561035,15.424484968185425,19.84958815574646,434,0.13029629737138748,0,0,TRUE,pair,151,1.6765451005194336,5.380563126597807,56,0,7.291390728476821,1.6765451005194336,0.18555329670198262,2.4544686956796795,cpu,cuda:0,0,671.4296875,40
5104,1,DDT900_num50.txt,fixed,1113,8,139.125,12.544296264648438,4.50725793838501,6.198883056640625e-06,-3.4,-0.23466743,0.2874999940395355,0.024366989731788635,0.25999999046325684,0.3199999928474426,-0.057440338,-0.051137572,0.0017115807568188757,0.7158554345369339,0.01582652033539489,0.0785314473323524,0.0003,285,115,104.00206156770264,4.522880554199219,6.17883038520813,10.701710939407349,451,0.19416030077263713,0,0,TRUE,pair,153,1.6591179994866252,5.24707996106212,60,0,7.2745098039215685,1.6591179994866252,0.18494939664378762,2.569693999364972,cpu,cuda:0,0,671.4296875,40
5105,1,DDT900_num50.txt,fixed,1104,8,138,5.7662811279296875,5.221212863922119,5.339192284736782e-06,-3.84,-0.253635635,0.25999999046325684,0.026457510888576508,0.2199999988079071,0.3199999928474426,-0.05643147,-0.04864481,0.0014514719106955454,0.8512395948171616,0.010530778265092522,0.07028384543955327,0.0003,296,104,69.97724443344545,5.238296270370483,10.53826093673706,15.776557207107544,461,0.15021069813519716,0,0,TRUE,pair,151,2.3207343006506562,5.377717388928801,50,0,7.311258278145695,2.3207343006506562,0.2295424931216985,2.5623126046266407,cpu,cuda:0,0,671.4296875,42
5106,1,DDT900_num50.txt,fixed,1147,8,143.375,5.956876277923584,5.175370693206787,4.5767674237140454e-06,-3.28,-0.249848283,0.29499998688697815,0.02179449424147606,0.25999999046325684,0.3199999928474426,0.02458948890368144,0.03187597108383974,0.0012573161826973471,0.7915142724911371,0.024968947012287874,0.09679315363367398,0.0003,282,118,114.73426459785348,5.191972732543945,4.8050408363342285,9.997013568878174,468,0.14079069788567722,0,0,TRUE,pair,152,2.2572420965880156,5.578901480880112,45,0,7.546052631578948,2.2572420965880156,0.2360573026817292,2.577548395143822,cpu,cuda:0,0,671.4296875,42
5107,1,DDT900_num50.txt,fixed,1134,8,141.75,9.7178955078125,4.530211925506592,6.9161937972239684e-06,-3.84,-0.266867821,0.25999999046325684,0.033166248351335526,0.20000000298023224,0.30000001192092896,0.023331724107265472,0.03275374819835027,0.002090145853192856,1.046709696451823,0.026437005028128624,0.09085049976905187,0.0003,296,104,136.76002695325175,4.5464372634887695,3.7454593181610107,8.29189658164978,469,0.14008580264635384,0,0,TRUE,pair,156,1.7048463025130332,5.778659614095402,55,0,7.269230769230769,1.7048463025130332,0.1898424073588103,2.5399084084201604,cpu,cuda:0,0,671.4296875,42
5108,1,DDT900_num50.txt,fixed,1100,8,137.5,7.599341869354248,6.0569844245910645,1.0182455298490822e-05,-3.64,-0.273784382,0.2724999785423279,0.029895653948187828,0.2199999988079071,0.3199999928474426,-0.153902628,-0.145896001,0.0023374727202786338,0.9175368398427963,0.010790118171523014,0.10042222847955094,0.0003,291,109,48.892386462964076,6.0791754722595215,16.419214963912964,22.498390436172485,462,0.22511450247839093,0,0,TRUE,pair,149,2.79953300091438,5.970909089608626,60,0,7.382550335570469,2.79953300091438,0.28614960331469774,2.842767694266513,cpu,cuda:0,0,671.4296875,43
5109,1,DDT900_num50.txt,fixed,1071,8,133.875,6.450532913208008,4.343588829040527,5.220767889113631e-06,-3.84,-0.282085259,0.25999999046325684,0.022360684350132942,0.23999999463558197,0.30000001192092896,0.03638247400522232,0.044171351939439774,0.002628911897772923,0.9103331565856934,0.03555596625665203,0.157560377381742,0.0003,296,104,140.25680301446778,4.3608503341674805,3.2751429080963135,7.635993242263794,459,0.13784040370956063,0,0,TRUE,pair,141,1.6490968009456992,5.857142851132305,60,0,7.595744680851064,1.6490968009456992,0.1800139977131039,2.423599499743432,cpu,cuda:0,0,671.42919921875,43
5110,1,DDT900_num50.txt,fixed,1083,8,135.375,9.446394920349121,5.502407073974609,2.4081457013380714e-05,-3.52,-0.273728265,0.2800000011920929,0.02828427590429783,0.23999999463558197,0.3199999928474426,0.019928832352161408,0.028011125326156617,0.0017698449548333884,0.8967212438583374,0.01936621987260878,0.09577339794486761,0.0003,288,112,105.89211610828448,5.519939184188843,4.707451105117798,10.22739028930664,445,0.1486694016493857,0,0,TRUE,pair,151,2.5537383016198874,5.623268695419185,60,0,7.172185430463577,2.5537383016198874,0.26253529894165695,2.568989099934697,cpu,cuda:0,0,671.42919921875,45
5111,1,DDT900_num50.txt,fixed,1045,8,130.625,7.936269760131836,4.9873881340026855,5.727010830014478e-06,-3.8,-0.30103798,0.26249998807907104,0.036657195538282394,0.2199999988079071,0.3199999928474426,-0.265294116,-0.259187013,0.0016206160362344235,0.6917403340339661,0.0202618659241125,0.11124999821186066,0.0003,295,105,190.59696555363686,5.003812074661255,0.4789614677429199,5.482773542404175,446,0.13886780152097344,0,0,TRUE,pair,140,2.306350898463279,5.263157892911628,45,0,7.464285714285714,2.306350898463279,0.19911929895170033,2.391709003597498,cpu,cuda:0,0,98.88378906,45
5112,1,DDT900_num50.txt,fixed,1078,8,134.75,11.723374366760254,5.6533355712890625,6.941502942936495e-05,-3.56,-0.290023178,0.2775000035762787,0.029047377407550812,0.2199999988079071,0.3199999928474426,-0.034496255,-0.026872512,0.0012333978665992618,0.8240442872047424,0.051085952669382095,0.10638297349214554,0.0003,289,111,180.40418126474611,5.675393342971802,0.3000779151916504,5.975471258163452,460,0.21549019892700016,0,0,TRUE,pair,151,2.669465599115938,5.245825601641455,45,0,7.139072847682119,2.669465599115938,0.25842159474268556,2.612304202048108,cpu,cuda:0,0,94.65966797,45
5113,1,DDT900_num50.txt,fixed,1076,8,134.5,13.811226844787598,4.2534050941467285,7.855159310565796e-06,-3.32,-0.288177684,0.29249998927116394,0.041155196726322174,0.23999999463558197,0.36000001430511475,-0.06081425,-0.054873433,0.0019274771912023425,0.6904556751251221,0.285891056060791,0.1818181872367859,0.0003,283,117,243.15134610138847,4.269702434539795,0.15552496910095215,4.425227403640747,445,0.12979270075447857,0,0,TRUE,pair,153,1.6021963977254927,5.133828997390421,40,0,7.032679738562091,1.6021963977254927,0.17845939937978983,2.3839403013698757,cpu,cuda:0,0,74.63330078,42
5114,1,DDT900_num50.txt,fixed,1069,8,133.625,12.83488941192627,4.308090686798096,7.239449587359559e-06,-3.4,-0.296514495,0.2874999940395355,0.03455069288611412,0.23999999463558197,0.36000001430511475,-0.111000827,-0.10443204,0.003203823157078163,0.8170701265335083,0.020111534908540885,0.11861827901818535,0.0003,285,115,77.07430352414545,4.324824333190918,9.54490852355957,13.869732856750488,437,0.13107189629226923,0,0,TRUE,pair,158,1.6562273995950818,5.135640781766572,40,0,6.765822784810126,1.6562273995950818,0.174970296677202,2.3885135990567505,cpu,cuda:0,0,671.42919921875,46
5115,1,DDT900_num50.txt,fixed,1045,8,130.625,8.586872100830078,5.49562931060791,5.614238489215495e-06,-3.64,-0.307211165,0.2724999785423279,0.031523801386356354,0.2199999988079071,0.3199999928474426,-0.10814818,-0.101030122,0.0026710908277891576,0.8453600853681564,0.012849061458837241,0.08442181814461946,0.0003,291,109,106.0894764837794,5.513292551040649,4.336883306503296,9.850175857543945,443,0.1540760020725429,0,0,TRUE,pair,147,2.554969698889181,5.263157896562056,40,0,7.108843537414966,2.554969698889181,0.2612166036851704,2.565062804147601,cpu,cuda:0,0,671.42919921875,45
5116,1,DDT900_num50.txt,fixed,1068,8,133.5,11.302654266357422,4.240053653717041,8.269379577541258e-06,-3.48,-0.302456415,0.2824999988079071,0.048412300646305084,0.2199999988079071,0.36000001430511475,-0.228687733,-0.220565088,0.0013485588133335114,0.8796926438808441,0.024117483291774988,0.09069468453526497,0.0003,287,113,227.82092685721807,4.256071329116821,0.4318211078643799,4.687892436981201,449,0.13253579707816243,0,0,TRUE,pair,151,1.580551898572594,5.303370786516854,45,0,7.072847682119205,1.580551898572594,0.17474139900878072,2.3967536971904337,cpu,cuda:0,0,101.17919921875,42
5117,1,DDT900_num50.txt,fixed,1094,8,136.75,10.461237907409668,4.383599281311035,7.207973794720601e-06,-3.92,-0.315559201,0.2549999952316284,0.03708099201321602,0.20000000298023224,0.3400000035762787,-0.028702012,-0.020748968,0.002348367026290641,0.9127230025254763,0.019104390046917476,0.14123600692703173,0.0003,298,102,58.42838729899808,4.399670362472534,14.324105024337769,18.723775386810303,456,0.1359595018438995,0,0,TRUE,pair,154,1.6686947024427354,5.354661789629097,40,0,7.103896103896104,1.6686947024427354,0.18041979614645243,2.443242301000282,cpu,cuda:0,0,671.4296875,47
5118,1,DDT900_num50.txt,fixed,1107,8,138.375,7.364398956298828,4.457155227661133,6.754024070687592e-06,-3.52,-0.311748742,0.2800000011920929,0.020000003278255463,0.25999999046325684,0.3199999928474426,-0.129641611,-0.121092937,0.001829242136510503,0.9463294777605269,0.015192214981652796,0.09312732993728584,0.0003,288,112,58.230584129409976,4.474408388137817,14.536220073699951,19.01062846183777,461,0.1326909987255931,0,0,TRUE,pair,147,1.6602401996497065,5.3676603411163635,40,0,7.530612244897959,1.6602401996497065,0.18516899645328522,2.519703803351149,cpu,cuda:0,0,671.4296875,47
5119,1,DDT900_num50.txt,fixed,1163,8,145.375,5.67753267288208,5.949337005615234,4.886127044301247e-06,-3.36,-0.277526591,0.28999999165534973,0.024494897574186325,0.23999999463558197,0.3199999928474426,0.11711805313825607,0.12542382876078287,0.0014861886447761208,0.9048871447642645,0.01751523371785879,0.0871671053270499,0.0003,284,116,94.0433886135018,5.967146396636963,6.39948582649231,12.366632223129272,444,0.14395239995792508,0,0,TRUE,pair,154,2.7919942007865757,5.444539980753064,45,0,7.5519480519480515,2.7919942007865757,0.2809011961799115,2.761187398340553,cpu,cuda:0,0,671.4316406,48
5120,1,DDT900_num50.txt,fixed,1092,8,136.5,7.053368091583252,5.696478366851807,6.743495760019869e-06,-3.28,-0.269752008,0.29499998688697815,0.027838824316859245,0.25999999046325684,0.3400000035762787,-0.011867482,-0.004382441,0.0020360209891805425,0.8503051660954952,0.013063766353297979,0.09082400612533092,0.0003,282,118,83.3454216082676,5.721144437789917,7.38095498085022,13.102099418640137,441,0.1450232018250972,0,0,TRUE,pair,147,2.726548401173204,5.4194139176672635,50,0,7.428571428571429,2.726548401173204,0.26199949998408556,2.596081901807338,cpu,cuda:0,0,671.4296875,48
5121,1,DDT900_num50.txt,fixed,1103,8,137.875,7.061117172241211,4.487429141998291,4.871563305641757e-06,-3.6,-0.253137996,0.2750000059604645,0.03570714592933655,0.2199999988079071,0.3400000035762787,0.006331970915198326,0.013735556975007057,0.0011308854445815086,0.7969029545783997,0.0694975033402443,0.07692307978868484,0.0003,290,110,235.5728075765936,4.5041539669036865,0.17805027961730957,4.682204246520996,444,0.13322590105235577,0,0,TRUE,pair,148,1.7377829989418387,5.535811422742288,70,0,7.452702702702703,1.7377829989418387,0.1907377007883042,2.4658997007645667,cpu,cuda:0,0,81.76171875,45
5122,1,DDT900_num50.txt,fixed,1074,8,134.25,12.162956237792969,4.353725433349609,6.41075575913419e-06,-4.04,-0.275495077,0.2475000023841858,0.028173569589853287,0.20000000298023224,0.30000001192092896,-0.249627501,-0.246831372,0.0020221625454723835,0.38072165846824646,0.06948402523994446,0.15714286267757416,0.0003,301,99,203.107108339061,4.371281385421753,0.9165689945220947,5.287850379943848,453,0.19133429927751422,0,0,TRUE,pair,152,1.6195831003133208,5.511173184801525,50,0,7.065789473684211,1.6195831003133208,0.18316559656523168,2.460598099976778,cpu,cuda:0,0,296.50732421875,47
5123,1,DDT900_num50.txt,fixed,1063,8,132.875,8.922409057617188,4.430302619934082,7.072637799865333e-06,-3.64,-0.25364636,0.27250000834465027,0.039921801537275314,0.20000000298023224,0.3400000035762787,-0.190816388,-0.187426865,0.0013498106272891164,0.40644240379333496,0.08538740128278732,0.15000000596046448,0.0003,291,109,194.88560621442096,4.446868658065796,1.007613182067871,5.454481840133667,440,0.13448690180666745,0,0,TRUE,pair,144,1.7058596007991582,5.45813734600932,48,0,7.381944444444445,1.7058596007991582,0.18584050564095378,2.4457626978401095,cpu,cuda:0,0,331.3662109,47
5124,1,DDT900_num50.txt,fixed,1081,8,135.125,5.840322971343994,4.359255313873291,4.517387424129993e-06,-3.68,-0.256931581,0.26999998092651367,0.033166248351335526,0.2199999988079071,0.3199999928474426,-0.043795338,-0.032928466,0.0012482526944950223,1.1491000652313232,0.03245433419942856,0.07358156144618988,0.0003,292,108,230.09793960244687,4.375195264816284,0.32280421257019043,4.697999477386475,456,0.13358259946107864,0,0,TRUE,pair,146,1.599716198630631,5.366327469487857,40,0,7.404109589041096,1.599716198630631,0.17911790078505874,2.490097201196477,cpu,cuda:0,0,94.68701172,44
5125,1,DDT900_num50.txt,fixed,1101,8,137.625,9.694554328918457,4.372788429260254,5.8521927712718025e-06,-3.72,-0.245499387,0.26749998331069946,0.04235268384218216,0.20000000298023224,0.3199999928474426,0.00405576266348362,0.014167251996695995,0.00190874413237907,1.1065864562988281,0.015756506705656648,0.10644793091341853,0.0003,293,107,138.82574823889544,4.388577699661255,3.5422277450561523,7.930805444717407,463,0.1363200021442026,0,0,TRUE,pair,150,1.6413505000527948,5.393278836121243,40,0,7.34,1.6413505000527948,0.18292939709499478,2.4574919987935573,cpu,cuda:0,0,671.4296875,48
5126,1,DDT900_num50.txt,fixed,1092,8,136.5,10.416333198547363,6.327279567718506,8.02164231572533e-06,-3.96,-0.263239884,0.2524999976158142,0.041155193001031876,0.20000000298023224,0.3400000035762787,0.004812534898519516,0.013164393603801727,0.002693789603654295,0.9698755070567131,0.020218389225192368,0.11606284230947495,0.0003,299,101,91.58585002226569,6.346745014190674,5.576494216918945,11.92323923110962,447,0.16759529965929687,0,0,TRUE,pair,149,2.8614338990300894,5.510989009242355,45,0,7.328859060402684,2.8614338990300894,0.31477800267748535,3.0089426054619253,cpu,cuda:0,0,671.4296875,49
5127,1,DDT900_num50.txt,fixed,1042,8,130.25,5.2618913650512695,4.684531211853027,5.813210009364411e-06,-3.8,-0.262039409,0.26249998807907104,0.023318450897932053,0.2199999988079071,0.30000001192092896,-0.456397817,-0.450031966,0.0013127505080774426,0.7022225707769394,0.05530167277902365,0.10000000521540642,0.0003,295,105,175.41203770949727,4.702328443527222,1.2379708290100098,5.9402992725372314,438,0.14488009875640273,0,0,TRUE,pair,139,1.825835800729692,5.507677541813329,44,0,7.496402877697841,1.825835800729692,0.21878919377923012,2.5371834051329643,cpu,cuda:0,0,345.4472656,47
5128,1,DDT900_num50.txt,fixed,1046,8,130.75,11.29988956451416,4.178558349609375,7.286408617801499e-06,-3.8,-0.256043176,0.26249998807907104,0.01854049786925316,0.2199999988079071,0.2800000011920929,-0.21189864,-0.202978894,0.0005981862777844071,0.9218836724758148,0.02349233883433044,0.16812865622341633,0.0003,295,105,225.5715423903033,4.194311618804932,0.4427981376647949,4.637109756469727,455,0.13387920358218253,0,0,TRUE,pair,149,1.563043899834156,5.326003824091778,45,0,7.02013422818792,1.563043899834156,0.17680269968695939,2.3503546046558768,cpu,cuda:0,0,107.93505859375,47
5129,1,DDT900_num50.txt,fixed,1058,8,132.25,11.45371150970459,4.36019229888916,1.1273947166046128e-05,-3.96,-0.253705013,0.2524999976158142,0.028173573315143585,0.2199999988079071,0.30000001192092896,-0.203795798,-0.196787871,0.0016018980386434123,0.7808876149356365,0.016753227915614843,0.1279055755585432,0.0003,299,101,114.81433909629224,4.381936073303223,4.8329408168792725,9.214876890182495,443,0.1352420982439071,0,0,TRUE,pair,155,1.7271763999015093,5.388468809073724,70,0,6.825806451612904,1.7271763999015093,0.1767398004885763,2.3677413987461478,cpu,cuda:0,0,671.42919921875,48
5130,1,DDT900_num50.txt,fixed,1144,8,143,8.336666107177734,5.650513172149658,5.87642534810584e-06,-3.36,-0.228551721,0.28999999165534973,0.03162277489900589,0.2199999988079071,0.3199999928474426,-0.077446556,-0.070861479,0.0021026522619649766,0.7636409640312195,0.014446990936994553,0.060882541537284854,0.0003,284,116,107.82068005074058,5.668009281158447,4.942200183868408,10.610209465026855,461,0.15999590093269944,0,0,TRUE,pair,153,2.4726875016931444,5.220279720696536,45,0,7.477124183006536,2.4726875016931444,0.25492819701321423,2.8042444938328117,cpu,cuda:0,0,671.4296875,48
5131,1,DDT900_num50.txt,fixed,1076,8,134.5,14.080127716064453,4.304990291595459,6.897676485095872e-06,-3.8,-0.260785554,0.26249998807907104,0.03526684641838074,0.20000000298023224,0.30000001192092896,-0.064191265,-0.056425665,0.0022723247238900512,0.8901761509478092,0.014801246608840302,0.09737442643381655,0.0003,295,105,92.24847263014792,4.321319103240967,7.342830657958984,11.664149761199951,444,0.12709439895115793,0,0,TRUE,pair,150,1.6635964009910822,5.352230483714533,35,0,7.173333333333333,1.6635964009910822,0.17983470507897437,2.372667397139594,cpu,cuda:0,0,671.42919921875,49
5132,1,DDT900_num50.txt,fixed,1048,8,131,11.412712097167969,5.790919780731201,6.711811238346854e-06,-4.12,-0.29272214,0.24249999225139618,0.025372225791215897,0.20000000298023224,0.2800000011920929,-0.321617916,-0.314247563,0.0011200037552043796,0.7930356860160828,0.05632332060486078,0.10551947727799416,0.0003,303,97,165.14288359198375,5.808476209640503,0.537543535232544,6.346019744873047,452,0.21834729774855077,0,0,TRUE,pair,146,2.692325401119888,5.35496183183357,70,0,7.178082191780822,2.692325401119888,0.2946042059920728,2.683896000497043,cpu,cuda:0,0,97.39599609,49
5133,1,DDT900_num50.txt,fixed,1124,8,140.5,8.015609741210938,5.716850280761719,7.301994628505781e-06,-3.36,-0.274192354,0.28999999165534973,0.04582575708627701,0.2199999988079071,0.3799999952316284,-0.003225406,0.004317466169595718,0.0015327651402913035,0.8309257100025813,0.016245060072590908,0.1139364001651605,0.0003,284,116,55.0816980079703,5.734265565872192,14.671786546707153,20.406052112579346,463,0.14936749916523695,0,0,TRUE,pair,149,2.6917772002052516,5.283807825787636,45,0,7.543624161073826,2.6917772002052516,0.2550766048952937,2.6581725985743105,cpu,cuda:0,0,671.4296875,49
5134,1,DDT900_num50.txt,fixed,1062,8,132.75,8.685476303100586,4.2068023681640625,6.2921731114329305e-06,-3.84,-0.278844428,0.25999999046325684,0.033166248351335526,0.20000000298023224,0.3199999928474426,-0.121360785,-0.114299145,0.0030077305738814173,0.8565497487783432,0.026788867264986038,0.14756664782762527,0.0003,296,104,121.60938429437222,4.22561240196228,4.507266283035278,8.732878684997559,441,0.129293498583138,0,0,TRUE,pair,149,1.5924948987085372,5.556497172447248,40,0,7.12751677852349,1.5924948987085372,0.17267330107279122,2.354347698390484,cpu,cuda:0,0,671.42919921875,50
5135,1,DDT900_num50.txt,fixed,1023,8,127.875,6.411659240722656,5.012628555297852,6.419616511266213e-06,-3.76,-0.258334643,0.26499998569488525,0.021794499829411507,0.23999999463558197,0.30000001192092896,-0.526747644,-0.52572459,0.002042727544903755,0.20444336533546448,0.08240964263677597,0.0936170220375061,0.0003,294,106,161.18783091084245,5.088047027587891,1.2585859298706055,6.346632957458496,441,0.14561820053495467,0,0,TRUE,pair,136,2.2774694019462913,5.397849461666417,40,0,7.522058823529412,2.2774694019462913,0.21543929958716035,2.4228639993816614,cpu,cuda:0,0,323.81689453125,50
5136,1,DDT900_num50.txt,fixed,1108,8,138.5,10.851266860961914,5.476474761962891,4.779742448590696e-05,-3.96,-0.261600416,0.2524999976158142,0.05379358306527138,0.18000000715255737,0.3400000035762787,-0.175604826,-0.167556671,0.0017294286517426372,0.8912864178419113,0.01553189882542938,0.08919779304414988,0.0003,299,101,109.13340340732432,5.498499631881714,4.654212236404419,10.152711868286133,460,0.1485825008712709,0,0,TRUE,pair,157,2.5015730981249362,5.483754514571992,50,0,7.057324840764331,2.5015730981249362,0.2302687014453113,2.5804027998819947,cpu,cuda:0,0,671.4296875,50
5137,1,DDT900_num50.txt,fixed,1078,8,134.75,10.779030799865723,5.767258644104004,6.548920282511972e-06,-3.6,-0.242796141,0.2749999761581421,0.03570714220404625,0.2199999988079071,0.3199999928474426,-0.019227973,-0.012063777,0.0017599341459572314,0.8044162690639496,0.020022355392575263,0.09681499674916268,0.0003,290,110,92.272682481493,5.783667325973511,5.899096965789795,11.682764291763306,457,0.15189080242998898,0,0,TRUE,pair,153,2.761262199142948,5.236549165231177,40,0,7.045751633986928,2.761262199142948,0.27470829570665956,2.6095661993604153,cpu,cuda:0,0,671.42919921875,51
5138,1,DDT900_num50.txt,fixed,1108,8,138.5,8.66025447845459,5.173435211181641,7.050501608318882e-06,-3.4,-0.244534368,0.2874999940395355,0.022220486775040627,0.25999999046325684,0.3199999928474426,0.17449370274941126,0.18053486943244934,0.0010677744479229052,0.6575051496426264,0.036030237562954426,0.1548703263203303,0.0003,285,115,171.25590701267964,5.193100690841675,1.2767491340637207,6.4698498249053955,448,0.14431440038606524,0,0,TRUE,pair,153,2.181675501400605,5.434115520022837,45,0,7.241830065359477,2.181675501400605,0.25557949766516685,2.6234771963208914,cpu,cuda:0,0,313.3916016,50
5139,1,DDT900_num50.txt,fixed,1049,8,131.125,7.043392181396484,4.202693462371826,5.099594545754371e-06,-3.88,-0.26313589,0.2574999928474426,0.021065376698970795,0.2199999988079071,0.30000001192092896,-0.131517061,-0.125081698,0.002182078935826818,0.7526400859157244,0.0996934031912436,0.10736494759718578,0.0003,297,103,119.69616140080987,4.219672918319702,4.544183731079102,8.763856649398804,439,0.12962980219163,0,0,TRUE,pair,142,1.5714407998602837,5.735938989286541,70,0,7.387323943661972,1.5714407998602837,0.17591089638881385,2.367635302711278,cpu,cuda:0,0,671.42919921875,51
5140,1,DDT900_num50.txt,fixed,1091,8,136.375,10.688048362731934,5.0824055671691895,4.126776912016794e-05,-3.4,-0.24861842,0.2874999940395355,0.03455068916082382,0.2199999988079071,0.3199999928474426,0.22860564291477203,0.23027876019477844,0.0016416230937466025,0.24939271807670593,0.09212607890367508,0.1733870953321457,0.0003,285,115,168.02133672040344,5.098330974578857,1.3948919773101807,6.493222951889038,423,0.13277599937282503,0,0,TRUE,pair,153,2.242293099872768,5.225481208150918,35,0,7.130718954248366,2.242293099872768,0.21495889825746417,2.5218134010210633,cpu,cuda:0,0,341.48388671875,51
5141,1,DDT900_num50.txt,fixed,1060,8,132.5,11.269427299499512,5.916393756866455,7.4197610047122e-06,-3.28,-0.247611605,0.29499998688697815,0.045552175492048264,0.23999999463558197,0.36000001430511475,0.28045618534088135,0.2823692560195923,0.0016174992779269814,0.2721814215183258,0.07023492455482483,0.13389120995998383,0.0003,282,118,146.69697021989919,5.933464765548706,1.2923150062561035,7.22577977180481,435,0.14290690142661333,0,0,TRUE,pair,151,2.8544246000237763,5.253773582656429,44,0,7.0198675496688745,2.8544246000237763,0.2946462035179138,2.6461402957793325,cpu,cuda:0,0,330.34423828125,51
5142,1,DDT900_num50.txt,fixed,1052,8,131.5,10.25914192199707,4.235337734222412,6.808510079281405e-06,-3.72,-0.26387484,0.26750001311302185,0.029895657673478127,0.2199999988079071,0.30000001192092896,-0.380302131,-0.37386167,0.001758561353199184,0.731974184513092,0.03676240146160126,0.07692307978868484,0.0003,293,107,237.6193713189769,4.253161907196045,0.1740865707397461,4.427248477935791,433,0.126428498653695,0,0,TRUE,pair,145,1.6258453978225589,5.355513307758157,48,0,7.255172413793104,1.6258453978225589,0.18364710407331586,2.3365573084447533,cpu,cuda:0,0,81.76416016,48
5143,1,DDT900_num50.txt,fixed,1018,8,127.25,10.7325439453125,4.140894412994385,6.267280241445405e-06,-3.4,-0.259342915,0.2874999940395355,0.041155196726322174,0.2199999988079071,0.3400000035762787,0.10356251150369644,0.10691627115011215,0.0021847968455404043,0.4446156322956085,0.2689424455165863,0.153191477060318,0.0003,285,115,196.14627109979688,4.157034397125244,1.0329699516296387,5.190004348754883,404,0.12061859876848757,0,0,TRUE,pair,143,1.543278998695314,5.7308447927763515,50,0,7.118881118881119,1.543278998695314,0.1827082997187972,2.3273752022068948,cpu,cuda:0,0,323.81689453125,50
5144,1,DDT900_num50.txt,fixed,1067,8,133.375,9.694554328918457,4.418503284454346,6.662935447820928e-06,-3.48,-0.245780622,0.2824999988079071,0.01854049786925316,0.25999999046325684,0.3199999928474426,0.2412991225719452,0.24403296411037445,0.001588892424479127,0.3528288006782532,0.14470753073692322,0.11155378818511963,0.0003,287,113,182.3412572116884,4.434626340866089,1.417038917541504,5.851665258407593,421,0.1285771995317191,0,0,TRUE,pair,156,1.718444501515478,5.693533268171487,45,0,6.839743589743589,1.718444501515478,0.18324069725349545,2.425050100311637,cpu,cuda:0,0,344.53955078125,50
5145,1,DDT900_num50.txt,fixed,1068,8,133.5,10.099504470825195,6.490906715393066,3.934484630008228e-05,-3.52,-0.246037993,0.2800000011920929,0.034641019999980927,0.2199999988079071,0.3400000035762787,0.16239885240793228,0.16660000383853912,0.0022761369473300874,0.5339224189519882,0.05509716738015413,0.12166756018996239,0.0003,288,112,133.11756467470298,6.512403964996338,1.5105793476104736,8.022983312606812,429,0.14812169852666557,0,0,TRUE,pair,149,3.282675202237442,5.734082395887554,45,0,7.167785234899329,3.282675202237442,0.346812401432544,2.7270697995554656,cpu,cuda:0,0,335.45751953125,51
5146,1,DDT900_num50.txt,fixed,1083,8,135.375,7.825239658355713,4.599562644958496,5.946142209722893e-06,-3.72,-0.269062828,0.26750001311302185,0.039921797811985016,0.2199999988079071,0.3199999928474426,-0.040745944,-0.034173936,0.0020825129467993975,0.7613260746002197,0.03128147730603814,0.1215646006166935,0.0003,293,107,188.54860792361941,4.616816759109497,1.1270601749420166,5.743876934051514,449,0.13413040013983846,0,0,TRUE,pair,151,1.8644484996329993,5.6158818095674805,45,0,7.172185430463577,1.8644484996329993,0.19959970144554973,2.4409131011925638,cpu,cuda:0,0,329.16845703125,50
5147,1,DDT900_num50.txt,fixed,1068,8,133.5,10.210289001464844,4.3712615966796875,6.448330168495886e-06,-3.64,-0.2774348,0.27250000834465027,0.041155193001031876,0.2199999988079071,0.3199999928474426,-0.037083601,-0.029249197,0.0016187560368879613,0.8643782951615073,0.018248686270618982,0.12987301430918954,0.0003,291,109,84.4602276580715,4.38717794418335,8.257827043533325,12.645004987716675,428,0.18667779909446836,0,0,TRUE,pair,149,1.6035113031975925,5.503745317682345,40,0,7.167785234899329,1.6035113031975925,0.1893592041451484,2.485619601793587,cpu,cuda:0,0,671.42919921875,51
5148,1,DDT900_num50.txt,fixed,1011,8,126.375,5.521265506744385,5.756251811981201,4.966894721292192e-06,-3.76,-0.302967691,0.26499998569488525,0.03278719633817673,0.2199999988079071,0.3199999928474426,0.024105701595544815,0.030285600572824478,0.002976123010739684,0.7667961269617081,0.034206985495984554,0.12518374994397163,0.0003,294,106,90.49198602940619,5.774414300918579,5.39784574508667,11.172260046005249,427,0.15302869793958962,0,0,TRUE,pair,138,2.725099800620228,5.67655786279401,55,0,7.326086956521739,2.725099800620228,0.290229998761788,2.6221713966224343,cpu,cuda:0,0,671.42724609375,51
5149,1,DDT900_num50.txt,fixed,1037,8,129.625,8.65935230255127,5.149331569671631,6.615847269131336e-06,-3.36,-0.248974448,0.28999999165534973,0.043588992208242416,0.2199999988079071,0.3400000035762787,0.1885082721710205,0.1975332647562027,0.0012416451936587691,0.9645812511444092,0.08899525552988052,0.07692307978868484,0.0003,284,116,194.20480045364383,5.167189836502075,0.17253398895263672,5.339723825454712,415,0.1358105030376464,0,0,TRUE,pair,142,2.396787599194795,5.274831245237515,40,0,7.302816901408451,2.396787599194795,0.20666929660364985,2.446449798066169,cpu,cuda:0,0,81.85839844,50
5150,1,DDT900_num50.txt,fixed,1012,8,126.5,4.27200174331665,4.1033549308776855,4.23486699219211e-06,-3.76,-0.249963524,0.26499998569488525,0.01658312976360321,0.23999999463558197,0.30000001192092896,0.04288787045516074,0.049225480295717716,0.0021793940395582467,0.7427311092615128,0.01920866989530623,0.08521569333970547,0.0003,294,106,125.2180484993283,4.121941566467285,3.959960460662842,8.081902027130127,421,0.12783890403807163,0,0,TRUE,pair,133,1.5107257990166545,5.204545453603089,36,0,7.609022556390977,1.5107257990166545,0.1685739941895008,2.339664200786501,cpu,cuda:0,0,671.42724609375,50
5151,1,DDT900_num50.txt,fixed,1014,8,126.75,5.5845770835876465,4.036698341369629,4.450834694580408e-06,-3.64,-0.254349091,0.2724999785423279,0.028173575177788734,0.2199999988079071,0.30000001192092896,0.16007771692238748,0.16645233891904354,0.0021721951343351975,0.7460721582174301,0.048057867505121976,0.12331753503531218,0.0003,291,109,121.73253565250285,4.052202463150024,4.277534484863281,8.329736948013306,415,0.12278190301731229,0,0,TRUE,pair,136,1.5199798000976443,5.5483234770434375,60,0,7.455882352941177,1.5199798000976443,0.17334330105222762,2.2582541999872774,cpu,cuda:0,0,671.42724609375,51
5152,1,DDT900_num50.txt,fixed,1033,8,129.125,11.677301406860352,5.569399833679199,7.627531431353418e-06,-3.6,-0.281179127,0.2749999761581421,0.04769696295261383,0.20000000298023224,0.36000001430511475,0.4128425121307373,0.4197339713573456,0.001368956291116774,0.7575930953025818,0.07316310703754425,0.07407407462596893,0.0003,290,110,179.01453628849663,5.588192701339722,0.18228840827941895,5.770481109619141,436,0.15968990209512413,0,0,TRUE,pair,144,2.5814970997162163,5.541142298891375,40,0,7.173611111111111,2.5814970997162163,0.2860569965559989,2.5873354971408844,cpu,cuda:0,0,67.47851563,51
5153,1,DDT900_num50.txt,fixed,1075,8,134.375,4.12121057510376,5.482810020446777,4.248268396622734e-06,-3.52,-0.277619112,0.2800000011920929,0.03741657733917236,0.23999999463558197,0.3400000035762787,0.11930724073733602,0.1267519241997174,0.0023591723958296435,0.8624266513756343,0.015499858850879329,0.06754281744360924,0.0003,288,112,85.31885743026166,5.499291181564331,7.1005024909973145,12.599793672561646,430,0.13994219666346908,0,0,TRUE,pair,138,2.6013630016241223,5.649302325359611,50,0,7.7898550724637685,2.6013630016241223,0.2447522971779108,2.528758595464751,cpu,cuda:0,0,671.42919921875,51
5154,1,DDT900_num50.txt,fixed,1115,8,139.375,7.857122421264648,4.441445350646973,6.267280241445405e-06,-3.44,-0.289319744,0.2849999964237213,0.025980766862630844,0.25999999046325684,0.3199999928474426,0.014136602714036902,0.021896088591347507,0.002054297990980558,0.8786641160647074,0.01481682729596893,0.11974536658575137,0.0003,286,114,75.35490821809937,4.457881212234497,10.338766098022461,14.796647310256958,432,0.12774879927746952,0,0,TRUE,pair,154,1.653243000851944,5.409865470424362,50,0,7.240259740259741,1.653243000851944,0.19253319990821183,2.500357797369361,cpu,cuda:0,0,671.4296875,52
5155,1,DDT900_num50.txt,fixed,1032,8,129,10.476163864135742,5.131504058837891,6.8770432335441e-06,-3.6,-0.273236309,0.2750000059604645,0.019364923238754272,0.23999999463558197,0.30000001192092896,-0.12207074,-0.114631839,0.0011888996814377606,0.8033350110054016,0.025704359635710716,0.1334222542742888,0.0003,290,110,150.80408214515109,5.149134635925293,1.6941814422607422,6.843316078186035,421,0.13609889755025506,0,0,TRUE,pair,146,2.3142085012514144,5.697674416063368,40,0,7.068493150684931,2.3142085012514144,0.22450009873136878,2.4916709002573043,cpu,cuda:0,0,333.48681640625,52
5156,1,DDT900_num50.txt,fixed,1043,8,130.375,11.62903118133545,5.259955883026123,7.60327293392038e-06,-3.4,-0.251346603,0.2874999940395355,0.026339134201407433,0.25999999046325684,0.3199999928474426,-0.053842299,-0.04679212,0.002736520813778043,0.8418435692787171,0.012687884154729545,0.054332378506660464,0.0003,285,115,109.49873210610606,5.27728533744812,4.247939109802246,9.525224447250366,428,0.14273110148496926,0,0,TRUE,pair,149,2.3428954004775733,5.412272293752815,35,0,7,2.3428954004775733,0.23890169942751527,2.575261304154992,cpu,cuda:0,0,671.42919921875,51
5157,1,DDT900_num50.txt,fixed,1026,8,128.25,7.8859052658081055,4.04800271987915,5.9269918892823625e-06,-3.72,-0.25873433,0.26750001311302185,0.019843140617012978,0.23999999463558197,0.30000001192092896,-0.866890013,-0.865120649,0.003214823082089424,0.3376798629760742,0.034775152802467346,0.09606987237930298,0.0003,293,107,203.85407737439095,4.064384460449219,0.9686274528503418,5.0330119132995605,431,0.1234336004126817,0,0,TRUE,pair,140,1.5363740005996078,5.230994150652523,35,0,7.328571428571428,1.5363740005996078,0.1723681055009365,2.2548268956597894,cpu,cuda:0,0,316.78369140625,51
5158,1,DDT900_num50.txt,fixed,1041,8,130.125,8.521113395690918,4.656266689300537,3.0112087188172154e-05,-3.68,-0.24251649,0.26999998092651367,0.040000006556510925,0.23999999463558197,0.36000001430511475,-0.574316353,-0.569093019,0.0011800202967909474,0.5813343276580175,0.032158609169224896,0.08775038893024127,0.0003,292,108,159.22795432067247,4.672288417816162,1.8655083179473877,6.53779673576355,426,0.13563770125620067,0,0,TRUE,pair,149,1.8994939008262008,5.309317963038581,50,0,6.9865771812080535,1.8994939008262008,0.1921893977560103,2.470227392623201,cpu,cuda:0,0,354.43896484375,52
5159,1,DDT900_num50.txt,fixed,1082,8,135.25,8.027297019958496,5.294318675994873,6.787605798308505e-06,-3.72,-0.216530996,0.26749998331069946,0.028173571452498436,0.23999999463558197,0.3199999928474426,-0.317828298,-0.311123461,0.0006537181907333434,0.7031710743904114,0.08619890362024307,0.31111112236976624,0.0003,293,107,193.49822466759525,5.3100996017456055,0.28168296813964844,5.591782569885254,453,0.1510570989921689,0,0,TRUE,pair,151,2.39800289995037,5.170055451983665,45,0,7.1655629139072845,2.39800289995037,0.23296179762110114,2.5540800928138196,cpu,cuda:0,0,92.0234375,51
5160,1,DDT900_num50.txt,fixed,1075,8,134.375,7.647507667541504,5.888605117797852,5.791167041024892e-06,-3.84,-0.216852318,0.25999999046325684,0.03162277489900589,0.2199999988079071,0.3199999928474426,-0.413276494,-0.411563486,0.0011632853420451283,0.22946655750274658,0.08288884162902832,0.125,0.0003,296,104,148.0255514381507,5.905032634735107,1.357227087020874,7.2622597217559814,448,0.2162124994210899,0,0,TRUE,pair,144,2.697259700158611,5.166511627463407,45,0,7.465277777777778,2.697259700158611,0.2859847031068057,2.781232501612976,cpu,cuda:0,0,341.4833984,52
5161,1,DDT900_num50.txt,fixed,990,8,123.75,5.910795211791992,4.556065082550049,5.1329257075849455e-06,-3.96,-0.215130852,0.2524999976158142,0.022220483049750328,0.20000000298023224,0.2800000011920929,-0.212093219,-0.206583271,0.0024387715675402433,0.6729330122470856,0.023043308484678466,0.09498905204236507,0.0003,299,101,96.15747112643548,4.57631516456604,5.71929669380188,10.29561185836792,426,0.1408693988341838,0,0,TRUE,pair,132,1.9242403011303395,5.25959595646521,40,0,7.5,1.9242403011303395,0.1823871002998203,2.361356004141271,cpu,cuda:0,0,671.42724609375,52
5162,1,DDT900_num50.txt,fixed,1017,8,127.125,8.491724014282227,5.491591930389404,3.567087696865201e-05,-3.84,-0.221188605,0.25999999046325684,0.033166252076625824,0.20000000298023224,0.30000001192092896,-0.302887922,-0.297362584,0.0011591380268024902,0.6104909082253774,0.019262675661593676,0.10617078902820747,0.0003,296,104,137.56815122047828,5.510160684585571,1.8825387954711914,7.392699480056763,439,0.15463870204985142,0,0,TRUE,pair,146,2.61683029984124,5.4306784665455625,40,0,6.965753424657534,2.61683029984124,0.2797007034532726,2.483056004391983,cpu,cuda:0,0,339.6191406,51
5163,1,DDT900_num50.txt,fixed,1049,8,131.125,9.955368995666504,4.464376449584961,7.649856343050487e-06,-3.6,-0.226603904,0.2750000059604645,0.034278277307748795,0.23999999463558197,0.3400000035762787,-0.119908324,-0.114351046,0.001613107996360798,0.6363831290176937,0.012949857062527112,0.0871901528111526,0.0003,290,110,117.06995178734482,4.480463981628418,4.479990720748901,8.96045470237732,433,0.1270471983589232,0,0,TRUE,pair,150,1.7977156015112996,5.13918017000102,40,0,6.993333333333333,1.7977156015112996,0.18832929735071957,2.389049000106752,cpu,cuda:0,0,671.42919921875,48
5164,1,DDT900_num50.txt,fixed,1067,8,133.375,12.072049140930176,4.210768699645996,6.6608022279979195e-06,-3.6,-0.238437359,0.2750000059604645,0.04213074967265129,0.23999999463558197,0.3799999952316284,-0.747398734,-0.741195738,0.002472832566127181,0.743944525718689,0.2726092040538788,0.1428571492433548,0.0003,290,110,241.19656179261403,4.22713041305542,0.19664740562438965,4.42377781867981,441,0.1281137024052441,0,0,TRUE,pair,159,1.5935225000139326,5.307403940291972,35,0,6.710691823899371,1.5935225000139326,0.17282599676400423,2.3572871000505984,cpu,cuda:0,0,89.53271484,44
5165,1,DDT900_num50.txt,fixed,1057,8,132.125,9.905017852783203,5.576250076293945,5.948531452304451e-06,-3.56,-0.22794855,0.2775000035762787,0.03526683896780014,0.2199999988079071,0.3199999928474426,-0.102740511,-0.095722596,0.0014008580506520553,0.7718347774611579,0.012107955447087685,0.06928050435251659,0.0003,289,111,71.84338115254796,5.595606565475464,9.116952657699585,14.712559223175049,440,0.21417339658364654,0,0,TRUE,pair,143,2.5968515002168715,5.115421004417152,55,0,7.391608391608392,2.5968515002168715,0.24636179651133716,2.6215640029404312,cpu,cuda:0,0,671.42919921875,47
5166,1,DDT900_num50.txt,fixed,1084,8,135.5,13.45362377166748,5.873560905456543,1.0587503311398905e-05,-3.44,-0.233246787,0.2849999964237213,0.01658313348889351,0.25999999046325684,0.30000001192092896,-0.107448593,-0.104845092,0.0022061478812247515,0.3706575334072113,0.06768578290939331,0.0988142341375351,0.0003,286,114,150.49071182011414,5.903088808059692,1.300013542175293,7.203102350234985,437,0.14209960168227553,0,0,TRUE,pair,164,2.8437180987093598,5.132841327973398,36,0,6.609756097560975,2.8437180987093598,0.27058349712751806,2.640357101568952,cpu,cuda:0,0,346.3300781,46
5167,1,DDT900_num50.txt,fixed,1078,8,134.75,11.594718933105469,5.279209136962891,8.076374797383323e-06,-3.52,-0.249963188,0.2800000011920929,0.04582575708627701,0.2199999988079071,0.3400000035762787,-0.119160796,-0.112481876,0.0016376127750845626,0.7497731993595759,0.009935732756275684,0.05464265371362368,0.0003,288,112,111.1122890672348,5.295644283294678,4.406252861022949,9.701897144317627,435,0.14876419864594936,0,0,TRUE,pair,154,2.361841999925673,4.824675324675325,30,0,7,2.361841999925673,0.2644142028875649,2.5428829963784665,cpu,cuda:0,0,671.42919921875,44
5168,1,DDT900_num50.txt,fixed,1030,8,128.75,7.822243690490723,4.145720481872559,4.708389496954624e-06,-3.6,-0.256418029,0.2749999761581421,0.02397916093468666,0.23999999463558197,0.3199999928474426,-0.183937734,-0.177170596,0.001747546996921301,0.76409153342247,0.013468736479990185,0.08417765870690345,0.0003,290,110,123.80808286540622,4.162457227706909,4.156870365142822,8.319327592849731,427,0.12564360001124442,0,0,TRUE,pair,138,1.601683200104162,5.227184468334161,40,0,7.463768115942029,1.601683200104162,0.16909180115908384,2.290850996039808,cpu,cuda:0,0,671.42919921875,44
5169,1,DDT900_num50.txt,fixed,1095,8,136.875,12.564209938049316,5.3471150398254395,7.465585895261029e-06,-3.56,-0.264408154,0.2774999737739563,0.03526684269309044,0.2199999988079071,0.3199999928474426,-0.046392956,-0.039451189,0.0021011853435387215,0.7992360393206278,0.012185194141541919,0.04751986125484109,0.0003,289,111,97.35035616108969,5.36266303062439,5.885369777679443,11.248032808303833,437,0.14247990027070045,0,0,TRUE,pair,154,2.3709449998568743,4.930593603386726,32,0,7.1103896103896105,2.3709449998568743,0.22620949987322092,2.644684602273628,cpu,cuda:0,0,671.4296875,44
5170,1,DDT900_num50.txt,fixed,1056,8,132,11.54339599609375,5.107846260070801,8.172577508958057e-06,-3.84,-0.258756174,0.25999999046325684,0.030000003054738045,0.20000000298023224,0.30000001192092896,-0.3763652,-0.368599936,0.001358809454056124,0.8444666465123495,0.022423360496759415,0.11756767705082893,0.0003,296,104,153.91955726397157,5.1845009326934814,1.6762256622314453,6.860726594924927,412,0.13425739924423397,0,0,TRUE,pair,153,2.3116539001930505,5.439393938490839,45,0,6.901960784313726,2.3116539001930505,0.22060889936983585,2.473930000094697,cpu,cuda:0,0,340.55224609375,44
5171,1,DDT900_num50.txt,fixed,1098,8,137.25,10.26827621459961,5.77708625793457,3.325105717522092e-05,-3.56,-0.24768452,0.2775000035762787,0.029047375544905663,0.23999999463558197,0.3199999928474426,-0.11507116,-0.106846033,0.0015586471825372427,0.9004449069499969,0.00966001600609161,0.04466805420815945,0.0003,289,111,74.01401753986043,5.795378684997559,9.03964900970459,14.835027694702148,428,0.20539069920778275,0,0,TRUE,pair,158,2.689806899987161,5.576502730503326,55,0,6.949367088607595,2.689806899987161,0.2771476972848177,2.6938689986709505,cpu,cuda:0,0,671.4296875,43
5172,1,DDT900_num50.txt,fixed,1062,8,132.75,10.145812034606934,5.4602789878845215,7.194159479695372e-06,-3.68,-0.25641218,0.26999998092651367,0.030000003054738045,0.23999999463558197,0.3400000035762787,-0.054084998,-0.046879362,0.001981500000692904,0.8196383357048035,0.014022727479459717,0.06136378273367882,0.0003,292,108,110.66420942240218,5.4779746532440186,4.118623971939087,9.596598625183105,425,0.14438000391237438,0,0,TRUE,pair,154,2.5120095999445766,5.252354046719223,35,0,6.896103896103896,2.5120095999445766,0.2405024014879018,2.5984689951874316,cpu,cuda:0,0,671.42919921875,42
5173,1,DDT900_num50.txt,fixed,1032,8,129,11.135528564453125,4.062885284423828,7.241412276925985e-06,-4.08,-0.254753119,0.2449999898672104,0.031224990263581276,0.20000000298023224,0.2800000011920929,-0.050472231,-0.043597926,0.0017063060870648108,0.7727458341555162,0.01053793048909442,0.05684462409805168,0.0003,302,98,86.41299181716896,4.078593969345093,7.8640546798706055,11.942648649215698,423,0.12359140231274068,0,0,TRUE,pair,153,1.5268303011544049,5.209302326043447,40,0,6.745098039215686,1.5268303011544049,0.1699010047595948,2.281459898222238,cpu,cuda:0,0,671.42919921875,42
5174,1,DDT900_num50.txt,fixed,984,8,123,5.787918567657471,5.178387641906738,2.7759131626226008e-05,-4.04,-0.255740416,0.2475000023841858,0.022220484912395477,0.20000000298023224,0.2800000011920929,-0.325086832,-0.316417843,0.0014968091854825616,0.9417399168014526,0.06739518791437149,0.0555555559694767,0.0003,301,99,185.01009174040496,5.195077657699585,0.1235511302947998,5.318628787994385,422,0.14495000266470015,0,0,TRUE,pair,136,2.371316200355068,5.287601626985442,35,0,7.235294117647059,2.371316200355068,0.24970990186557174,2.4478600998409092,cpu,cuda:0,0,55.72949219,42
5175,1,DDT900_num50.txt,fixed,1040,8,130,5.4543561935424805,5.0026445388793945,4.955436907039257e-06,-3.84,-0.246930364,0.25999999046325684,0.024494901299476624,0.2199999988079071,0.30000001192092896,-0.011515011,-0.004023,0.0016116417013108731,0.8297832757234573,0.02390168895944953,0.06778475735336542,0.0003,296,104,73.60760964524316,5.019141435623169,9.109832525253296,14.128973960876465,432,0.13801790261641145,0,0,TRUE,pair,142,2.2092030020430684,4.9230769223891775,35,0,7.323943661971831,2.2092030020430684,0.2161302068270743,2.47445509606041,cpu,cuda:0,0,671.42919921875,44
5176,1,DDT900_num50.txt,fixed,1025,8,128.125,10.752180099487305,5.055704116821289,6.787605798308505e-06,-3.52,-0.24671078,0.2799999713897705,0.034641023725271225,0.23999999463558197,0.36000001430511475,-0.586440086,-0.58246474,0.0024943221360445023,0.5222476869821548,0.026875577052123845,0.08208020031452179,0.0003,288,112,162.07578286748068,5.072581052780151,1.2516210079193115,6.324202060699463,423,0.13054709695279598,0,0,TRUE,pair,153,2.3229886007029563,4.980487805808463,40,0,6.699346405228758,2.3229886007029563,0.241698092315346,2.387509396066889,cpu,cuda:0,0,362.81591796875,41
5177,1,DDT900_num50.txt,fixed,1005,8,125.625,7.79322624206543,4.03878116607666,5.871586836292408e-06,-3.72,-0.238366446,0.26749998331069946,0.028173571452498436,0.20000000298023224,0.30000001192092896,-0.028604477,-0.021396237,0.0016858599015644618,0.8051164022513798,0.023389929098941917,0.09757955904517855,0.0003,293,107,96.82661508124693,4.054866075515747,6.324511528015137,10.379377603530884,410,0.12141939694993198,0,0,TRUE,pair,144,1.556574699934572,5.286567161095083,40,0,6.979166666666667,1.556574699934572,0.16419529519043863,2.235826898831874,cpu,cuda:0,0,671.42724609375,41
5178,1,DDT900_num50.txt,fixed,1024,8,128,7.158910751342773,4.697618007659912,6.16900888417149e-06,-3.92,-0.26015738,0.2549999952316284,0.02958039753139019,0.2199999988079071,0.3199999928474426,-0.102637437,-0.095139994,0.001678408843872603,0.8336634486913681,0.010661517250506828,0.06358224091430505,0.0003,298,102,62.982602122484394,4.713177680969238,11.545280456542969,16.258458137512207,423,0.1356504992581904,0,0,TRUE,pair,139,2.031924100359902,5.102539061103016,40,0,7.366906474820144,2.031924100359902,0.19554220116697252,2.3758952994830906,cpu,cuda:0,0,671.42724609375,42
5179,1,DDT900_num50.txt,fixed,989,8,123.625,10.415583610534668,4.4129133224487305,7.804340384609532e-06,-4.4,-0.286866226,0.2250000238418579,0.034278273582458496,0.18000000715255737,0.2800000011920929,-0.150233008,-0.143182449,0.003059853450395167,0.858049288392067,0.017306370165897533,0.07914978824555874,0.0003,310,90,121.13972882962405,4.428852319717407,3.735273599624634,8.164125919342041,424,0.13418470043689013,0,0,TRUE,pair,140,1.8522969998884946,5.3862487385077715,40,0,7.064285714285714,1.8522969998884946,0.20237019890919328,2.2700671043712646,cpu,cuda:0,0,671.42724609375,41
5180,1,DDT900_num50.txt,fixed,1018,8,127.25,12.183492660522461,4.141286373138428,7.893059773778077e-06,-4.08,-0.295780298,0.24500000476837158,0.04663689434528351,0.18000000715255737,0.3400000035762787,-0.055301328,-0.048455654,0.004251071950420737,0.8971206247806549,0.013502713467460126,0.0641023637726903,0.0003,302,98,123.64561853975901,4.157177209854126,4.076030015945435,8.23320722579956,422,0.12382530118338764,0,0,TRUE,pair,147,1.6199136022478342,4.8467583508763195,35,0,6.925170068027211,1.6199136022478342,0.1673967046663165,2.2700038040056825,cpu,cuda:0,0,671.42724609375,41
5181,1,DDT900_num50.txt,fixed,1035,8,129.375,13.066536903381348,5.2517547607421875,8.77950333233457e-06,-4.64,-0.376887694,0.21000000834465027,0.029999997466802597,0.1599999964237213,0.25999999046325684,-0.204106136,-0.196120346,0.003026093155230311,0.9498829679055647,0.00787838200763376,0.04589569687165997,0.0003,316,84,66.55396928438945,5.267916440963745,10.283372402191162,15.551288843154907,433,0.21667719981633127,0,0,TRUE,pair,154,2.340787599561736,5.005797100297495,55,0,6.720779220779221,2.340787599561736,0.23155120201408863,2.570147995604202,cpu,cuda:0,0,671.42919921875,41
5182,1,DDT900_num50.txt,fixed,992,8,124,9.082950592041016,5.253880500793457,5.907779723202111e-06,-4.64,-0.37306979,0.21000000834465027,0.024494891986250877,0.18000000715255737,0.23999999463558197,-0.236017033,-0.228621315,0.004965637577697635,0.9878527894616127,0.010887702766922303,0.051609385292977095,0.0003,316,84,84.35177150497017,5.270126581192017,6.490148067474365,11.760274648666382,422,0.13835130259394646,0,0,TRUE,pair,141,2.505149100907147,5.17540322556611,36,0,7.035460992907802,2.505149100907147,0.2876143993344158,2.350480700377375,cpu,cuda:0,0,671.42724609375,41
5183,1,DDT900_num50.txt,fixed,1027,8,128.375,11.842059135437012,4.083490371704102,6.843900791864144e-06,-4.28,-0.332463609,0.23249998688697815,0.033071886748075485,0.18000000715255737,0.2800000011920929,0.07708515152335167,0.08534114956855773,0.0027946302201598884,0.9653315067291259,0.011860747635364533,0.05312467440962791,0.0003,307,93,135.94363771466496,4.099511623382568,3.455089807510376,7.554601430892944,432,0.1239901992958039,0,0,TRUE,pair,147,1.555834700120613,4.983446933510473,30,0,6.98639455782313,1.555834700120613,0.17010780097916722,2.273284900933504,cpu,cuda:0,0,671.42919921875,41
5184,1,DDT900_num50.txt,fixed,1006,8,125.75,10.42533016204834,5.163351058959961,7.400583399430616e-06,-4.4,-0.332533425,0.22500000894069672,0.019364912062883377,0.20000000298023224,0.25999999046325684,-0.057993421,-0.050845653,0.002741308132600453,0.8518423851993349,0.011907261382374499,0.0957723952208956,0.0003,310,90,46.7528718152737,5.18122673034668,16.33616805076599,21.51739478111267,419,0.14159349934197962,0,0,TRUE,pair,142,2.4211422007065266,5.141153079614962,35,0,7.084507042253521,2.4211422007065266,0.2291463997680694,2.4107106970623136,cpu,cuda:0,0,671.42724609375,41
5185,1,DDT900_num50.txt,fixed,1007,8,125.875,13.109514236450195,4.973888397216797,8.66709706315305e-06,-4.32,-0.317875302,0.23000001907348633,0.019999995827674866,0.20000000298023224,0.25999999046325684,-0.024505549,-0.017555753,0.0022626875434070826,0.8081138006278447,0.010099912295117974,0.06335455498525075,0.0003,308,92,67.07801583967486,4.992359161376953,10.020010948181152,15.012370109558105,420,0.1389421985950321,0,0,TRUE,pair,152,2.3089512002188712,5.2105263179203245,40,0,6.625,2.3089512002188712,0.20900559821166098,2.3581116038840264,cpu,cuda:0,0,671.42724609375,41
5186,1,DDT900_num50.txt,fixed,1013,8,126.625,9.419892311096191,4.11379337310791,6.083178959670477e-06,-4.28,-0.310355484,0.23250001668930054,0.03733295947313309,0.18000000715255737,0.3199999928474426,-0.094636772,-0.087690075,0.0027224933030083774,0.8307940572500229,0.015962619191850536,0.10057819299399853,0.0003,307,93,78.64841977450342,4.129732847213745,8.750373363494873,12.880106210708618,431,0.18427330162376165,0,0,TRUE,pair,149,1.5560031009372324,5.189536028529672,36,0,6.798657718120805,1.5560031009372324,0.16476200218312442,2.3099869950674474,cpu,cuda:0,0,671.42724609375,42
5187,1,DDT900_num50.txt,fixed,1005,8,125.625,7.140334606170654,5.163534641265869,4.449046537047252e-05,-4.16,-0.306341378,0.24000000953674316,0.026457516476511955,0.20000000298023224,0.30000001192092896,-0.117083426,-0.11013572,0.0030678816954605283,0.8481643736362457,0.012474289885722101,0.05431209616363049,0.0003,304,96,74.27047715970906,5.187002182006836,8.344619512557983,13.53162169456482,420,0.1365619965363294,0,0,TRUE,pair,140,2.402932100696489,5.193034821837696,36,0,7.178571428571429,2.402932100696489,0.24219049676321447,2.4144376984331757,cpu,cuda:0,0,671.42724609375,40
5188,1,DDT900_num50.txt,fixed,1024,8,128,11.67261791229248,4.025010108947754,6.955123808438657e-06,-4.08,-0.315355781,0.24500000476837158,0.03570713847875595,0.20000000298023224,0.3199999928474426,-0.11136078,-0.105050776,0.003097597354402145,0.7858803570270538,0.01880356536195096,0.07469002157449722,0.0003,302,98,79.40381380438512,4.041862487792969,8.854243516921997,12.896106004714966,422,0.12094359821639955,0,0,TRUE,pair,153,1.5281096992548555,4.962890622438863,40,0,6.69281045751634,1.5281096992548555,0.16460099816322327,2.2494323989376426,cpu,cuda:0,0,671.42724609375,41
5189,1,DDT900_num50.txt,fixed,994,8,124.25,4.085033893585205,5.383297443389893,5.07445247421856e-06,-3.92,-0.304696025,0.2549999952316284,0.016583126038312912,0.23999999463558197,0.2800000011920929,-0.111062637,-0.104206789,0.002227731596212834,0.7969715356826782,0.01358099167700857,0.04128014445304871,0.0003,298,102,97.5325908890455,5.406324148178101,4.7851409912109375,10.191465139389038,435,0.14528419682756066,0,0,TRUE,pair,132,2.5648725000210106,4.974849095766693,35,0,7.53030303030303,2.5648725000210106,0.2801820000167936,2.4237945990171283,cpu,cuda:0,0,671.42724609375,41
5190,1,DDT900_num50.txt,fixed,1058,8,132.25,13.562355995178223,5.383049488067627,7.233558335428825e-06,-4.16,-0.271509129,0.24000000953674316,0.041231054812669754,0.18000000715255737,0.3199999928474426,-0.064543431,-0.056576544,0.001738829436362721,0.883630033582449,0.012283475254662335,0.06865262845531106,0.0003,304,96,95.77848327127855,5.401790380477905,5.644531965255737,11.046322345733643,441,0.14411070058122277,0,0,TRUE,pair,150,2.564319599652663,5.071833648843891,50,0,7.053333333333334,2.564319599652663,0.21455979673191905,2.501901695271954,cpu,cuda:0,0,671.42919921875,41
5191,1,DDT900_num50.txt,fixed,1071,8,133.875,11.362630844116211,4.302076816558838,7.847919732739683e-06,-3.84,-0.286636655,0.25999999046325684,0.030000003054738045,0.20000000298023224,0.30000001192092896,-0.000406897,0.005875187615553538,0.001625304304373761,0.7094735304514567,0.012355528927097717,0.04252416454255581,0.0003,296,104,191.066332106671,4.31821870803833,1.2871644496917725,5.6053831577301025,441,0.12606490147300065,0,0,TRUE,pair,154,1.619080698583275,4.686274509581309,30,0,6.954545454545454,1.619080698583275,0.1702212947420776,2.4259481937624514,cpu,cuda:0,0,336.5673828,40
5192,1,DDT900_num50.txt,fixed,1058,8,132.25,9.832980155944824,4.207656383514404,2.0467925423872657e-05,-3.88,-0.290495388,0.2574999928474426,0.03665719926357269,0.2199999988079071,0.3400000035762787,-0.153339922,-0.147089675,0.0017960236873477697,0.7148265838623047,0.08156678825616837,0.0833333358168602,0.0003,297,103,240.76036106890075,4.223451375961304,0.1709597110748291,4.394411087036133,434,0.12358979810960591,0,0,TRUE,pair,149,1.606789099983871,4.741020793274806,30,0,7.100671140939597,1.606789099983871,0.17391139990650117,2.3405419015325606,cpu,cuda:0,0,78.17919922,37
5193,1,DDT900_num50.txt,fixed,1061,8,132.625,11.157257080078125,5.1684722900390625,3.460972220636904e-05,-3.56,-0.273522181,0.2775000035762787,0.03929058834910393,0.2199999988079071,0.36000001430511475,0.2454669177532196,0.2540746331214905,0.0014357210602611303,0.9325567483901978,0.04692986235022545,0.0625,0.0003,289,111,197.5484234747634,5.188279151916504,0.1825559139251709,5.370835065841675,429,0.1949217978399247,0,0,TRUE,pair,150,2.347297399304807,4.695570214529514,30,0,7.073333333333333,2.347297399304807,0.22393670515157282,2.496924497652799,cpu,cuda:0,0,73.51123047,41
5194,1,DDT900_num50.txt,fixed,1026,8,128.25,10.42533016204834,5.452962875366211,6.9714506025775336e-06,-4.12,-0.286409236,0.24250000715255737,0.04293891042470932,0.20000000298023224,0.3400000035762787,0.04774736613035202,0.0558502497151494,0.0008932362834457308,0.8549502491950989,0.09274109316174872,0.022727273404598236,0.0003,303,97,177.7735693261646,5.470344543457031,0.3010420799255371,5.771386623382568,430,0.1425655004568398,0,0,TRUE,pair,151,2.644796999404207,4.85769980483585,48,0,6.7947019867549665,2.644796999404207,0.2807106045074761,2.4108926034532487,cpu,cuda:0,0,73.46972656,41
5195,1,DDT900_num50.txt,fixed,974,8,121.75,8.982622146606445,4.765890121459961,6.432885129470378e-06,-4.4,-0.274956516,0.22500000894069672,0.019364912062883377,0.18000000715255737,0.23999999463558197,-0.171337239,-0.163735189,0.002342643099837005,0.8773372570673624,0.009430750835842142,0.03021430845061938,0.0003,310,90,93.97072273794052,4.782720565795898,5.582209825515747,10.364930391311646,422,0.13124250248074532,0,0,TRUE,pair,135,2.221380199538544,5.142710471544912,35,0,7.214814814814815,2.221380199538544,0.19551240094006062,2.2604771985206753,cpu,cuda:0,0,671.42724609375,42
5196,1,DDT900_num50.txt,fixed,1001,8,125.125,11.962833404541016,5.485698699951172,3.2455154723720625e-05,-4.28,-0.284969794,0.23250001668930054,0.035968732088804245,0.20000000298023224,0.3199999928474426,0.017331960052251814,0.023846857249736786,0.0023533595842309294,0.7691578596830368,0.01217730623902753,0.07961372472345829,0.0003,307,93,71.32344003121551,5.504254341125488,8.530402421951294,14.034656763076782,404,0.1425237024668604,0,0,TRUE,pair,151,2.6460673997644335,4.916083914654834,35,0,6.629139072847682,2.6460673997644335,0.2668959051370621,2.456327301915735,cpu,cuda:0,0,671.42724609375,43
5197,1,DDT900_num50.txt,fixed,994,8,124.25,4.789310932159424,3.9907355308532715,5.270210294838762e-06,-4.04,-0.270421175,0.2475000023841858,0.01984313316643238,0.2199999988079071,0.2800000011920929,-0.093319545,-0.087110577,0.0028081849126869608,0.7613063322173225,0.035614212858490646,0.09986074361950159,0.0003,301,99,91.79061091331074,4.006587982177734,6.82240629196167,10.828994274139404,435,0.13052440364845097,0,0,TRUE,pair,131,1.4880980013404042,4.947686115021197,35,0,7.587786259541985,1.4880980013404042,0.15649140113964677,2.2657650986220688,cpu,cuda:0,0,671.42724609375,44
5198,1,DDT900_num50.txt,fixed,1064,8,133,10.700467109680176,5.792210578918457,6.924407898623031e-06,-3.84,-0.273690004,0.2600000202655792,0.03872983530163765,0.2199999988079071,0.3400000035762787,0.2110892042517662,0.21753488034009932,0.0014647912816144527,0.7178073525428772,0.06051087430678308,0.04589907079935074,0.0003,296,104,100.1537281389047,5.80922794342041,4.814440488815308,10.623668432235718,440,0.15145179885439575,0,0,TRUE,pair,152,2.727901900652796,4.6174812052482945,35,0,7,2.727901900652796,0.2542410003952682,2.6943821981549263,cpu,cuda:0,0,671.42919921875,44
5199,1,DDT900_num50.txt,fixed,1047,8,130.875,10.373494148254395,5.19067907333374,7.435067345795687e-06,-3.72,-0.276586347,0.26749998331069946,0.029895655810832977,0.23999999463558197,0.3400000035762787,0.09897035933457889,0.10602010557284722,0.002386129980620283,0.8242810872884897,0.015947421056737836,0.07022010076504487,0.0003,293,107,65.25776728414155,5.215935468673706,10.828131675720215,16.04406714439392,441,0.14476590300910175,0,0,TRUE,pair,146,2.2467052021529526,4.739255014895938,30,0,7.171232876712328,2.2467052021529526,0.2754558976739645,2.551555497571826,cpu,cuda:0,0,671.42919921875,44
5200,1,DDT900_num50.txt,fixed,1065,8,133.125,9.992966651916504,4.643039226531982,5.60410444450099e-06,-4.04,-0.295032307,0.2474999725818634,0.041155193001031876,0.20000000298023224,0.3199999928474426,-0.141416572,-0.134737901,0.0018983064849938576,0.7627817094326019,0.009915446765565624,0.03342093682537476,0.0003,301,99,98.54120368398235,4.660687446594238,6.146974325180054,10.807661771774292,434,0.13930619740858674,0,0,TRUE,pair,146,1.8332620013970882,4.826291080259941,35,0,7.294520547945205,1.8332620013970882,0.17776430305093527,2.54107219632715,cpu,cuda:0,0,671.42919921875,45
5201,1,DDT900_num50.txt,fixed,975,8,121.875,4.85894775390625,5.0837626457214355,1.584183337399736e-05,-4.36,-0.293353381,0.22750000655651093,0.01713913306593895,0.20000000298023224,0.25999999046325684,-0.126054876,-0.119879207,0.0020322226046118885,0.7191777527332306,0.021394372608483536,0.05496930656954646,0.0003,309,91,73.3180126350312,5.117560386657715,8.180672407150269,13.298232793807983,428,0.14022560138255358,0,0,TRUE,pair,130,2.4034217002335936,4.945641023195707,35,0,7.5,2.4034217002335936,0.21774100046604872,2.3626509034074843,cpu,cuda:0,0,671.42724609375,46
5202,1,DDT900_num50.txt,fixed,954,8,119.25,4.892596244812012,5.0612006187438965,2.6439212888362817e-05,-3.96,-0.299093165,0.2524999976158142,0.029895653948187828,0.20000000298023224,0.30000001192092896,-0.160763887,-0.155298233,0.0020040222928704074,0.646765391031901,0.021197215683059767,0.04177213925868273,0.0003,299,101,100.5389438698023,5.079564571380615,4.4092957973480225,9.488860368728638,410,0.1430128957144916,0,0,TRUE,pair,128,2.4055518994573504,5.052410900467847,35,0,7.453125,2.4055518994573504,0.21992740174755454,2.3384789011906832,cpu,cuda:0,0,671.4267578,46
5203,1,DDT900_num50.txt,fixed,1037,8,129.625,7.515608787536621,4.1778106689453125,5.9890062402701005e-06,-3.64,-0.277625789,0.27250000834465027,0.029895659536123276,0.2199999988079071,0.30000001192092896,-0.057400717,-0.051607401,0.0020185339817544445,0.6802583783864975,0.010643810397596098,0.059624167624861,0.0003,291,109,79.00126207867964,4.192495822906494,8.933876752853394,13.126372575759888,436,0.13075949833728373,0,0,TRUE,pair,147,1.546396201243624,4.656702025991971,40,0,7.054421768707483,1.546396201243624,0.1641907962039113,2.383179399650544,cpu,cuda:0,0,671.42919921875,47
5204,1,DDT900_num50.txt,fixed,1020,8,127.5,15.79556941986084,4.211075305938721,9.037919880938716e-06,-3.76,-0.282593953,0.26500001549720764,0.04092676565051079,0.2199999988079071,0.3400000035762787,-0.005798042,0.0004339027735922072,0.0021169850046539474,0.7290442453490363,0.017134469028355345,0.06048490686549081,0.0003,294,106,104.52091711930382,4.2289721965789795,5.529839992523193,9.758812189102173,415,0.12037730263546109,0,0,TRUE,pair,154,1.703590800287202,4.75980392110114,35,0,6.623376623376624,1.703590800287202,0.18437100457958877,2.2362826943863183,cpu,cuda:0,0,671.42724609375,46
5205,1,DDT900_num50.txt,fixed,1019,8,127.375,10.319127082824707,4.045736312866211,7.501665550080361e-06,-3.96,-0.276050829,0.2524999976158142,0.031523797661066055,0.18000000715255737,0.2800000011920929,-0.138489939,-0.13200734,0.0020645714597776533,0.7514888167381286,0.010659379791468382,0.048847966454923154,0.0003,299,101,115.04031006758746,4.0610926151275635,4.796672105789185,8.857764720916748,429,0.1260450971312821,0,0,TRUE,pair,150,1.533401899971068,4.766437680728302,35,0,6.793333333333333,1.533401899971068,0.16589769627898932,2.2635679037775844,cpu,cuda:0,0,671.42724609375,47
5206,1,DDT900_num50.txt,fixed,1025,8,128.125,5.688529968261719,4.104013442993164,5.168791631149361e-06,-3.92,-0.266762184,0.2549999952316284,0.02958039939403534,0.20000000298023224,0.2800000011920929,0.056544333385924496,0.06304116221144795,0.0018604050759070863,0.7427031199137369,0.01719495397992432,0.032202489829311766,0.0003,298,102,120.48413014050152,4.120307207107544,4.38703727722168,8.507344484329224,426,0.12382090045139194,0,0,TRUE,pair,136,1.5670139992143959,4.930731704991039,28,0,7.536764705882353,1.5670139992143959,0.16751300101168454,2.2852142085321248,cpu,cuda:0,0,671.42919921875,46
5207,1,DDT900_num50.txt,fixed,995,8,124.375,5.146296977996826,4.0019211769104,4.932441697746981e-06,-4.32,-0.270614028,0.23000000417232513,0.017320504412055016,0.20000000298023224,0.25999999046325684,-0.507217839,-0.500170372,0.0016058232577051967,0.7850370556116104,0.027594638580922037,0.025490731466561556,0.0003,308,92,164.7652390966515,4.01775336265564,2.021141767501831,6.038895130157471,431,0.125268999254331,0,0,TRUE,pair,131,1.5134122997988015,4.817085428333762,35,0,7.595419847328245,1.5134122997988015,0.156218399759382,2.2535640974529088,cpu,cuda:0,0,357.5693359,48
5208,1,DDT900_num50.txt,fixed,1005,8,125.625,5.829611778259277,4.110818386077881,5.527507255465025e-06,-4.04,-0.25082046,0.2475000023841858,0.028173569589853287,0.20000000298023224,0.30000001192092896,-0.183181256,-0.17668437,0.0023071718169376254,0.7650474061568578,0.010459694021847099,0.059159476310014725,0.0003,301,99,120.67428554971646,4.127520799636841,4.200682640075684,8.328203439712524,432,0.13112350413575768,0,0,TRUE,pair,137,1.5885636997409165,4.996019899548583,30,0,7.335766423357664,1.5885636997409165,0.1732280955184251,2.2647079003509134,cpu,cuda:0,0,671.42724609375,46
5209,1,DDT900_num50.txt,fixed,1117,8,139.625,12.009761810302734,4.470577239990234,6.791791747673415e-06,-3.6,-0.244118268,0.2749999761581421,0.027838822454214096,0.2199999988079071,0.3199999928474426,0.06990906596183777,0.07268183678388596,0.002079721074551344,0.3812636733055115,0.037328917533159256,0.09541984647512436,0.0003,290,110,199.2325194534005,4.487555980682373,1.1189584732055664,5.6065144538879395,445,0.13005630089901388,0,0,TRUE,pair,155,1.6843955006916076,4.517457471325019,30,0,7.2064516129032254,1.6843955006916076,0.17913290113210678,2.516447199275717,cpu,cuda:0,0,357.57177734375,46
5210,1,DDT900_num50.txt,fixed,1070,8,133.75,5.760859489440918,5.766788959503174,4.523674306255998e-06,-3.32,-0.227565787,0.29249998927116394,0.024366986006498337,0.23999999463558197,0.3199999928474426,-0.070696628,-0.064715045,0.001999418239898255,0.698129309548272,0.007530419754200718,0.07020410905695623,0.0003,283,117,52.476041310975056,5.783623695373535,14.60663390159607,20.390257596969604,442,0.15045369695872068,0,0,TRUE,pair,141,2.794692998053506,4.742990655765356,40,0,7.588652482269503,2.794692998053506,0.2660453077405691,2.5914506004191935,cpu,cuda:0,0,671.42919921875,48
5211,1,DDT900_num50.txt,fixed,985,8,123.125,13.824231147766113,3.9215433597564697,8.98350936040515e-06,-3.76,-0.247611033,0.26500001549720764,0.025980768725275993,0.2199999988079071,0.30000001192092896,-0.221975199,-0.215689538,0.0026522521783287328,0.7611788610617319,0.013545967661775649,0.08436586561923226,0.0003,294,106,53.44083375467974,3.938194751739502,14.493403911590576,18.431598663330078,418,0.12008360307663679,0,0,TRUE,pair,148,1.5086079007014632,5.013197967848802,30,0,6.655405405405405,1.5086079007014632,0.1622978998348117,2.1709069977514446,cpu,cuda:0,0,671.42724609375,49
5212,1,DDT900_num50.txt,fixed,1104,8,138,14.230249404907227,4.469500541687012,8.265941687568557e-06,-3.28,-0.208225224,0.29500001668930054,0.04444097727537155,0.23999999463558197,0.36000001430511475,-0.031190681,-0.025329871,0.002680295871363746,0.7200957834720612,0.01210901360738919,0.055149155772394605,0.0003,282,118,83.73806538446327,4.486180067062378,8.69778823852539,13.183968305587769,429,0.13486030185595155,0,0,TRUE,pair,161,1.7073208999354392,4.655797100369481,30,0,6.857142857142857,1.7073208999354392,0.18332650023512542,2.4859375981613994,cpu,cuda:0,0,671.4296875,48
5213,1,DDT900_num50.txt,fixed,1002,8,125.25,5.309190273284912,4.4155144691467285,5.4341658142220695e-06,-4.12,-0.227894284,0.24250000715255737,0.023318449035286903,0.2199999988079071,0.2800000011920929,-0.281228534,-0.275537893,0.0029102383247975793,0.7145760868276868,0.01206241364707239,0.04325246890740735,0.0003,303,97,98.14074505599393,4.432986736297607,5.776839971542358,10.209826707839966,425,0.1319009023718536,0,0,TRUE,pair,133,1.8377931991126388,4.864271455182287,30,0,7.533834586466165,1.8377931991126388,0.19712539808824658,2.290210804436356,cpu,cuda:0,0,671.42724609375,49
5214,1,DDT900_num50.txt,fixed,1052,8,131.5,11.832159996032715,5.491806507110596,7.6014034675608855e-06,-3.68,-0.238882589,0.26999998092651367,0.034641019999980927,0.2199999988079071,0.3400000035762787,-0.413810521,-0.406833435,0.0013739506636435788,0.7664057314395905,0.03451285829457144,0.05673474197586378,0.0003,292,108,157.30533794776719,5.508641481399536,1.1789891719818115,6.687630653381348,432,0.14375300100073218,0,0,TRUE,pair,152,2.6001678993925452,5.091254753984879,60,0,6.921052631578948,2.6001678993925452,0.27566949534229934,2.505095298634842,cpu,cuda:0,0,304.9472656,48
5215,1,DDT900_num50.txt,fixed,1031,8,128.875,13.851330757141113,4.084955215454102,8.735690244066063e-06,-3.52,-0.224442882,0.2800000011920929,0.040000006556510925,0.23999999463558197,0.36000001430511475,-0.110695532,-0.104144985,0.002130051641466303,0.7615572578377194,0.009254557358670153,0.07825046529372533,0.0003,288,112,55.60983207179473,4.100484132766724,14.43940281867981,18.539886951446533,427,0.12314220168627799,0,0,TRUE,pair,147,1.5567588983103633,4.904946653040489,35,0,7.01360544217687,1.5567588983103633,0.16558050154708326,2.279786995379254,cpu,cuda:0,0,671.42919921875,50
5216,1,DDT900_num50.txt,fixed,1036,8,129.5,7.533259391784668,5.568399906158447,1.5268098650267348e-05,-4.12,-0.251264338,0.24250000715255737,0.025372231379151344,0.2199999988079071,0.30000001192092896,-0.244515166,-0.2384234,0.002730486376094632,0.745700515806675,0.01818896764598321,0.07284064497798681,0.0003,303,97,70.8239331393744,5.589839696884155,9.037983894348145,14.6278235912323,444,0.15023069642484188,0,0,TRUE,pair,145,2.6712390002794564,4.845559844179043,35,0,7.144827586206897,2.6712390002794564,0.2616633002180606,2.527948602568358,cpu,cuda:0,0,671.42919921875,50
5217,1,DDT900_num50.txt,fixed,1005,8,125.625,12.989779472351074,4.298355579376221,8.594651262683328e-06,-3.88,-0.276881621,0.2574999928474426,0.03665719926357269,0.2199999988079071,0.3400000035762787,-0.184961401,-0.177426651,0.002781367802526802,0.89254429936409,0.021891055701416917,0.027340632863342762,0.0003,297,103,138.30080595063401,4.316776275634766,2.9499926567077637,7.266768932342529,426,0.1290674014016986,0,0,TRUE,pair,153,1.777311000507325,5.050746265809927,60,0,6.568627450980392,1.777311000507325,0.18905329890549183,2.2451430009678006,cpu,cuda:0,0,671.42724609375,49
5218,1,DDT900_num50.txt,fixed,1055,8,131.875,15.446986198425293,4.192421913146973,1.068370693246834e-05,-3.88,-0.266354119,0.257500022649765,0.04736824333667755,0.20000000298023224,0.3400000035762787,-0.194600289,-0.188711633,0.001645267358981073,0.6711280743281046,0.02203028618047635,0.06982339483996232,0.0003,297,103,188.04846127377112,4.208028078079224,1.4022278785705566,5.61025595664978,440,0.12882900051772594,0,0,TRUE,pair,155,1.6196762998588383,4.888151660349696,35,0,6.806451612903226,1.6196762998588383,0.17201689863577485,2.314648900879547,cpu,cuda:0,0,354.43896484375,49
5219,1,DDT900_num50.txt,fixed,1016,8,127,12.5,4.853126525878906,7.725644536549225e-06,-4,-0.271051836,0.25,0.030000001192092896,0.20000000298023224,0.30000001192092896,-0.22847908,-0.221941637,0.003300209646113217,0.8187550455331802,0.014267785629878441,0.10275027047221859,0.0003,300,100,63.50292964384224,4.868411540985107,11.129791498184204,15.999261856079102,426,0.13858669996261597,0,0,TRUE,pair,149,2.069053800776601,4.962598424727522,36,0,6.818791946308725,2.069053800776601,0.1990330007392913,2.4899524974171072,cpu,cuda:0,0,671.42724609375,51
5220,1,DDT900_num50.txt,fixed,1010,8,126.25,8.496322631835938,5.177676200866699,7.086689038260374e-06,-4.52,-0.268323538,0.2175000011920929,0.03381936997175217,0.1599999964237213,0.25999999046325684,-0.169179681,-0.162979124,0.004250189392930931,0.832565704981486,0.01231070834910497,0.07003351756268078,0.0003,313,87,81.18577831530514,5.194874048233032,7.245728492736816,12.440602540969849,430,0.1440960974432528,0,0,TRUE,pair,141,2.3769972012378275,4.789108909474741,40,0,7.163120567375887,2.3769972012378275,0.2501698008272797,2.439515501027927,cpu,cuda:0,0,671.42724609375,50
5221,1,DDT900_num50.txt,fixed,1036,8,129.5,5.099019527435303,4.076605796813965,5.376325589168118e-06,-4.24,-0.293768402,0.23499999940395355,0.019364912062883377,0.20000000298023224,0.25999999046325684,-0.01695924,-0.008234024,0.0030120121082291007,1.023123304049174,0.014991785583940024,0.024016203979651134,0.0003,306,94,147.4183127698087,4.0922791957855225,2.9353415966033936,7.027620792388916,440,0.12765420018695295,0,0,TRUE,pair,137,1.538057498401031,4.8822393783271085,55,0,7.562043795620438,1.538057498401031,0.1643446027301252,2.2903891992755234,cpu,cuda:0,0,671.42919921875,50
5222,1,DDT900_num50.txt,fixed,1003,8,125.375,6.650892734527588,5.483719825744629,2.1384697902249172e-05,-4.36,-0.300873581,0.22750002145767212,0.02989564836025238,0.18000000715255737,0.2800000011920929,-0.313185728,-0.306857747,0.004157408233731985,0.8406683802604675,0.020190647710114716,0.061445354297757146,0.0003,309,91,94.36825767556232,5.504992485046387,5.123581409454346,10.628573894500732,418,0.1492967961821705,0,0,TRUE,pair,135,2.6087508988566697,5.182452641598368,35,0,7.42962962962963,2.6087508988566697,0.27702390030026436,2.4857026010286063,cpu,cuda:0,0,671.42724609375,51
5223,1,DDT900_num50.txt,fixed,1031,8,128.875,11.472112655639648,4.573558807373047,7.67396795708919e-06,-4.24,-0.288296167,0.23499999940395355,0.034278273582458496,0.20000000298023224,0.30000001192092896,-0.126736331,-0.120155787,0.0027533399406820536,0.7957221806049347,0.01838825927115977,0.0631893552839756,0.0003,306,94,118.51480467805331,4.589695930480957,4.1096391677856445,8.699335098266602,424,0.1297430971171707,0,0,TRUE,pair,150,1.8806971015874296,4.8283220188462765,35,0,6.873333333333333,1.8806971015874296,0.20709749776870012,2.388866998255253,cpu,cuda:0,0,671.42919921875,50
5224,1,DDT900_num50.txt,fixed,1065,8,133.125,12.927079200744629,4.229197025299072,7.104713859007461e-06,-3.6,-0.278693559,0.2750000059604645,0.046636901795864105,0.20000000298023224,0.36000001430511475,0.015256134793162346,0.02133367955684662,0.0024959492729976773,0.7325518925984701,0.013767256323869029,0.049340122689803444,0.0003,290,110,141.22665659000953,4.24493408203125,3.296135187149048,7.541069269180298,439,0.12660190113820136,0,0,TRUE,pair,154,1.6063054006081074,4.8413145542144775,35,0,6.915584415584416,1.6063054006081074,0.1760467980057001,2.359025496756658,cpu,cuda:0,0,671.42919921875,50
5225,1,DDT900_num50.txt,fixed,1035,8,129.375,12.489370346069336,4.5032148361206055,8.742194950173143e-06,-4.24,-0.315421585,0.23500001430511475,0.019364912062883377,0.20000000298023224,0.25999999046325684,-0.101887487,-0.095256217,0.003310754371341318,0.8286647722125053,0.017198080895468593,0.04593021795153618,0.0003,306,94,123.26305473639293,4.520593643188477,3.8760828971862793,8.396676540374756,433,0.1311865020543337,0,0,TRUE,pair,156,1.8175527998246253,5.005797100527851,40,0,6.634615384615385,1.8175527998246253,0.1982329012826085,2.3962148022837937,cpu,cuda:0,0,671.42919921875,50
5226,1,DDT900_num50.txt,fixed,1025,8,128.125,9.006073951721191,4.090700149536133,7.078663202264579e-06,-4.24,-0.317732901,0.23499999940395355,0.03570714220404625,0.1599999964237213,0.2800000011920929,-0.239884335,-0.232675581,0.003172308555804193,0.8794902920722961,0.018036041723098604,0.061853951588273046,0.0003,306,94,128.72595379382057,4.106537818908691,3.856114387512207,7.962652206420898,433,0.12729220022447407,0,0,TRUE,pair,147,1.5657027994748205,5.149268292682927,35,0,6.9727891156462585,1.5657027994748205,0.17231489880941808,2.2671233946457505,cpu,cuda:0,0,671.42919921875,51
5227,1,DDT900_num50.txt,fixed,1034,8,129.25,11.39901351928711,5.334163665771484,7.98435303295264e-06,-4.32,-0.309328406,0.23000001907348633,0.033166248351335526,0.18000000715255737,0.30000001192092896,0.29608529806137085,0.30410541594028473,0.00404660077765584,1.0043423175811768,0.03003821155289188,0.04334435239434242,0.0003,308,92,110.16983718659691,5.353995084762573,4.031513929367065,9.385509014129639,431,0.1412957007996738,0,0,TRUE,pair,149,2.484958599321544,4.881044484891098,40,0,6.939597315436242,2.484958599321544,0.2669090006966144,2.469790496863425,cpu,cuda:0,0,671.42919921875,51
5228,1,DDT900_num50.txt,fixed,1063,8,132.875,13.176091194152832,5.6506500244140625,2.9322576665435918e-05,-4.04,-0.293663286,0.2475000023841858,0.04351723939180374,0.20000000298023224,0.3199999928474426,0.059921334683895114,0.0679462879896164,0.0030137328431010246,0.9531818866729737,0.030093766411300748,0.04836679771542549,0.0003,301,99,103.46441467012846,5.671268463134766,4.602795362472534,10.2740638256073,425,0.2073472032789141,0,0,TRUE,pair,151,2.6565303986426443,4.820319848473298,40,0,7.039735099337748,2.6565303986426443,0.27632500417530537,2.5986665938980877,cpu,cuda:0,0,671.42919921875,51
5229,1,DDT900_num50.txt,fixed,1043,8,130.375,13.819709777832031,4.1284003257751465,7.844297215342522e-06,-4.08,-0.327959506,0.24500000476837158,0.061441030353307724,0.1599999964237213,0.3400000035762787,-0.122155643,-0.115878533,0.004339200048707426,0.8446720957756042,0.02112770788371563,0.057378114014863965,0.0003,302,98,124.10125102391511,4.144652366638184,4.259775400161743,8.404427766799927,421,0.1230467006098479,0,0,TRUE,pair,152,1.5915347011759877,4.905081494771165,40,0,6.8618421052631575,1.5915347011759877,0.17165679996833205,2.2796963024884462,cpu,cuda:0,0,671.42919921875,51
5230,1,DDT900_num50.txt,fixed,1008,8,126,5.4772257804870605,4.129756450653076,5.099594545754371e-06,-4.52,-0.341817153,0.2175000160932541,0.021065369248390198,0.18000000715255737,0.23999999463558197,0.0883891483147939,0.09519853194554646,0.004559042475496729,0.9088899691899618,0.05719193232168133,0.018680740768710773,0.0003,313,87,131.19713675314196,4.146364688873291,3.5367298126220703,7.683094501495361,432,0.12940109916962683,0,0,TRUE,pair,137,1.5686281996313483,4.7916666657205615,44,0,7.357664233576642,1.5686281996313483,0.16756829526275396,2.310514898505062,cpu,cuda:0,0,671.42724609375,51
5231,1,DDT900_num50.txt,fixed,1045,8,130.625,12.277392387390137,5.414764881134033,1.72083055076655e-05,-4.2,-0.319143246,0.23750001192092896,0.05425633490085602,0.1599999964237213,0.3199999928474426,-0.013588097,-0.006439989,0.003997309118858539,0.9146761894226074,0.016423235611000564,0.04545355960726738,0.0003,305,95,117.7007132483588,5.436023712158203,3.442427158355713,8.878450870513916,434,0.1390597028657794,0,0,TRUE,pair,153,2.609010001,4.8708133930224555,30,0,6.830065359477124,2.609010001,0.23656779574230313,2.4613025006838143,cpu,cuda:0,0,671.42919921875,52
5232,1,DDT900_num50.txt,fixed,995,8,124.375,8.01463508605957,5.117697238922119,5.8424716371519025e-06,-4.92,-0.372519332,0.19249999523162842,0.017139136791229248,0.1599999964237213,0.2199999988079071,-0.142202938,-0.136823513,0.006398901605280116,0.8578877821564674,0.010747025240561925,0.03558934561442584,0.0003,323,77,93.85026338834436,5.136274337768555,5.4657204151153564,10.601994752883911,449,0.1492341961711645,0,0,TRUE,pair,141,2.3785022001247853,4.988944723857707,35,0,7.056737588652482,2.3785022001247853,0.23925470048561692,2.400590902660042,cpu,cuda:0,0,671.42724609375,51
5233,1,DDT900_num50.txt,fixed,937,8,117.125,7.573597431182861,3.830547332763672,5.837604931002716e-06,-4.96,-0.384870211,0.1900000125169754,0.03162277489900589,0.14000000059604645,0.2199999988079071,-0.052279443,-0.048070767,0.010290558682754636,0.935395383172565,0.007216106100208385,0.032245517087479435,0.0003,324,76,51.99085473000602,3.8463308811187744,14.176069498062134,18.022400379180908,430,0.12672090204432607,0,0,TRUE,pair,129,1.426645499886945,4.827107790312874,35,0,7.263565891472868,1.426645499886945,0.14961419766768813,2.1783098983578384,cpu,cuda:0,0,671.4267578,52
5234,1,DDT900_num50.txt,fixed,1016,8,127,10.511898040771484,5.5439348220825195,6.432885129470378e-06,-4.6,-0.438137684,0.21250002086162567,0.02817356586456299,0.1599999964237213,0.23999999463558197,-0.191585358,-0.18583462,0.007240617162703226,0.9371040066083273,0.02151818313480665,0.035876965460677944,0.0003,315,85,96.052935119001,5.560945272445679,5.016555547714233,10.577500820159912,438,0.15301559516228735,0,0,TRUE,pair,148,2.5618161994498223,4.723425196381066,28,0,6.864864864864865,2.5618161994498223,0.2760143999475986,2.5912476994562894,cpu,cuda:0,0,671.42724609375,51
5235,1,DDT900_num50.txt,fixed,1025,8,128.125,14.408656120300293,4.110557556152344,8.546566277800594e-06,-4.76,-0.432929961,0.20249998569488525,0.036657191812992096,0.1599999964237213,0.25999999046325684,-0.132340628,-0.125862716,0.005847958277445287,0.9401888012886047,0.050172829598886894,0.0423398569226265,0.0003,319,81,124.68675334685356,4.126962900161743,4.093637704849243,8.220600605010986,440,0.1294392035342753,0,0,TRUE,pair,152,1.5741069009527564,4.894634146341463,40,0,6.743421052631579,1.5741069009527564,0.16555979615077376,2.28677790123038,cpu,cuda:0,0,671.42919921875,49
5236,1,DDT900_num50.txt,fixed,1018,8,127.25,12.059746742248535,4.504179954528809,7.618210474902298e-06,-4.72,-0.441802114,0.20499999821186066,0.048733972012996674,0.14000000059604645,0.30000001192092896,-0.177408829,-0.169384698,0.003838693470849345,0.9943489134311676,0.029640452208695933,0.03862294655603667,0.0003,318,82,98.43858475805219,4.520185232162476,5.821288108825684,10.34147334098816,451,0.13996820012107491,0,0,TRUE,pair,148,1.891783700324595,4.967583497287248,35,0,6.878378378378378,1.891783700324595,0.17652989295311272,2.347823097370565,cpu,cuda:0,0,671.42724609375,48
5237,1,DDT900_num50.txt,fixed,1029,8,128.625,13.425139427185059,5.1554341316223145,7.282506885530893e-06,-4.56,-0.431178491,0.2150000035762787,0.03708098828792572,0.14000000059604645,0.25999999046325684,-0.17987297,-0.173409368,0.005753110318134229,0.934015691280365,0.020664293369312265,0.029655970633029938,0.0003,314,86,122.13118705386537,5.1727211475372314,3.252645254135132,8.425366401672363,439,0.14935919805429876,0,0,TRUE,pair,149,2.3225922002457082,5.122448979591836,35,0,6.906040268456376,2.3225922002457082,0.24267880385741591,2.484678803710267,cpu,cuda:0,0,671.42919921875,46
5238,1,DDT900_num50.txt,fixed,994,8,124.25,14.728797912597656,3.9870681762695312,7.757768798910547e-06,-5.04,-0.425710964,0.1849999874830246,0.04663689807057381,0.14000000059604645,0.30000001192092896,-0.133862239,-0.126679927,0.004748586239293218,0.9556602835655212,0.027846502512693404,0.02496916726231575,0.0003,326,74,122.71324792334799,4.003263711929321,4.09692120552063,8.100184917449951,432,0.127638396108523,0,0,TRUE,pair,154,1.5311452997848392,5.08752515114529,40,0,6.454545454545454,1.5311452997848392,0.1659277961589396,2.2065482966136187,cpu,cuda:0,0,671.42724609375,46
5239,1,DDT900_num50.txt,fixed,1023,8,127.875,10.44554328918457,4.519071102142334,7.3928986239479855e-06,-4.6,-0.400098028,0.21249999105930328,0.034550681710243225,0.1599999964237213,0.25999999046325684,-0.132935803,-0.124276405,0.0018345750868320465,0.9576684832572937,0.036414557638636325,0.02500000037252903,0.0003,315,85,212.85222144945595,4.5349650382995605,0.27118635177612305,4.806151390075684,430,0.13424059771932662,0,0,TRUE,pair,144,1.8490395997650921,4.704789834288208,30,0,7.104166666666667,1.8490395997650921,0.1744707019533962,2.4085971012245864,cpu,cuda:0,0,71.10742188,45
5240,1,DDT900_num50.txt,fixed,1033,8,129.125,14.128317832946777,5.352057933807373,9.938080438587349e-06,-4.36,-0.364958938,0.22749999165534973,0.05190134793519974,0.14000000059604645,0.2800000011920929,-0.052509621,-0.045612385,0.004482350855444868,0.9138411349720426,0.009336449765315693,0.06197885227286153,0.0003,309,91,47.060282655435294,5.369179964065552,16.58138942718506,21.95056939125061,433,0.14672629977576435,0,0,TRUE,pair,153,2.5275660001207143,5.022265247315428,40,0,6.751633986928105,2.5275660001207143,0.23835290339775383,2.4770405075978488,cpu,cuda:0,0,671.42919921875,45
5241,1,DDT900_num50.txt,fixed,1032,8,129,9.178779602050781,5.161706447601318,7.681371243961621e-06,-4.76,-0.337802368,0.20250001549720764,0.03799670934677124,0.14000000059604645,0.2800000011920929,0.09721560589969158,0.10512350872159004,0.005827302811667323,1.0821554064750671,0.024058961251284927,0.027319930493831635,0.0003,319,81,117.26822270896876,5.178590774536133,3.6217472553253174,8.80033802986145,449,0.14752020267769694,0,0,TRUE,pair,140,2.4521711000707,5.1308139518711915,35,0,7.371428571428571,2.4521711000707,0.1947902999818325,2.4204414007253945,cpu,cuda:0,0,671.42919921875,44
5242,1,DDT900_num50.txt,fixed,946,8,118.25,7.189402103424072,5.061217784881592,2.1306139387888834e-05,-4.72,-0.314807117,0.20500001311302185,0.023979155346751213,0.1599999964237213,0.23999999463558197,-0.034973977,-0.026599034,0.0038305257039610296,1.029020071029663,0.027171165798790753,0.020724710659123957,0.0003,318,82,95.25921000196217,5.0822906494140625,4.848507642745972,9.930798292160034,412,0.1450189002789557,0,0,TRUE,pair,130,2.4569506992120296,5.134249469946605,60,0,7.276923076923077,2.4569506992120296,0.2332176980562508,2.2720263006631285,cpu,cuda:0,0,671.4267578,43
5243,1,DDT900_num50.txt,fixed,1083,8,135.375,9.758810043334961,4.371853828430176,6.148241482151207e-06,-4.48,-0.305714183,0.2199999988079071,0.03605550900101662,0.18000000715255737,0.2800000011920929,0.04875559608141581,0.05716998130083084,0.0026648412846649685,0.9746806621551514,0.017927052375550073,0.02119020124276479,0.0003,312,88,145.1611745485611,4.388709545135498,3.07196307182312,7.460672616958618,444,0.12883599963970482,0,0,TRUE,pair,154,1.652759799733758,4.7017543839835945,35,0,7.032467532467533,1.652759799733758,0.18032060051336884,2.4493992999196053,cpu,cuda:0,0,671.42919921875,43
5244,1,DDT900_num50.txt,fixed,973,8,121.625,10.45152473449707,3.932263135910034,7.486020876967814e-06,-4.84,-0.323915083,0.19750000536441803,0.046300653368234634,0.14000000059604645,0.30000001192092896,-0.095631889,-0.08735309,0.002855321237196525,0.9706456959247589,0.009498926878222846,0.028480639060338337,0.0003,321,79,105.72641469058739,3.9503097534179688,5.252688407897949,9.202998161315918,425,0.12858250131830573,0,0,TRUE,pair,146,1.4866078989580274,5.329907507715098,35,0,6.664383561643835,1.4866078989580274,0.1605524974875152,2.203771600499749,cpu,cuda:0,0,671.42724609375,43
5245,1,DDT900_num50.txt,fixed,1034,8,129.25,10.26827621459961,5.140060901641846,6.835589829279343e-06,-4.36,-0.331688363,0.22750000655651093,0.03992179408669472,0.18000000715255737,0.3199999928474426,-0.022203556,-0.013483369,0.0026395533932372928,1.0039962728818257,0.027068495782764837,0.055221824182404414,0.0003,309,91,72.81830106639629,5.158883571624756,9.040843486785889,14.199727058410645,450,0.1439380026422441,0,0,TRUE,pair,147,2.439049497945234,5.149903287740003,35,0,7.034013605442177,2.439049497945234,0.2168515040539205,2.3859357982873917,cpu,cuda:0,0,671.42919921875,42
5246,1,DDT900_num50.txt,fixed,1013,8,126.625,10.930891036987305,4.157485008239746,8.464699021715205e-06,-4.44,-0.344812156,0.2224999964237213,0.041758228093385696,0.1599999964237213,0.2800000011920929,-0.129205455,-0.121183057,0.004273591912351549,1.015919307867686,0.01045348006785692,0.03876024236281713,0.0003,311,89,120.23629378029179,4.173779010772705,4.25129771232605,8.425076723098755,422,0.1275685012806207,0,0,TRUE,pair,145,1.5519562994595617,5.517275419781262,40,0,6.9862068965517246,1.5519562994595617,0.17057199776172638,2.349073099438101,cpu,cuda:0,0,671.42724609375,42
5247,1,DDT900_num50.txt,fixed,1037,8,129.625,10.355402946472168,4.42703104019165,7.408260444208281e-06,-4.48,-0.34231722,0.2199999988079071,0.024494891986250877,0.18000000715255737,0.23999999463558197,-0.015447484,-0.006839336,0.0034218119690194726,1.0319051912852697,0.020242442626373043,0.05480581069631236,0.0003,312,88,78.8103942183757,4.442285776138306,8.715877056121826,13.158162832260132,436,0.130906798876822,0,0,TRUE,pair,147,1.847407799679786,5.007714562613801,40,0,7.054421768707483,1.847407799679786,0.18505969853140414,2.3042193055152893,cpu,cuda:0,0,671.42919921875,42
5248,1,DDT900_num50.txt,fixed,989,8,123.625,14.490838050842285,5.804623126983643,7.616344646521611e-06,-4.72,-0.365678178,0.20499999821186066,0.044440969824790955,0.1599999964237213,0.2800000011920929,-0.050832633,-0.041703664,0.003253169569440863,1.0755551728335293,0.011448019472564656,0.054614421826871956,0.0003,318,82,70.47104990425717,5.821563720703125,8.212568044662476,14.0341317653656,429,0.15393320191651583,0,0,TRUE,pair,156,2.878175599500537,5.428715873897618,40,0,6.339743589743589,2.878175599500537,0.30839149560779333,2.4952347988728434,cpu,cuda:0,0,671.42724609375,41
5249,1,DDT900_num50.txt,fixed,1013,8,126.625,13.161852836608887,4.1068620681762695,8.56483711686451e-06,-4.48,-0.355549095,0.2199999988079071,0.024494891986250877,0.18000000715255737,0.25999999046325684,0.22299911081790924,0.2332463413476944,0.0029080520616844296,1.1701257824897766,0.058922044234350324,0.02606670744717121,0.0003,312,88,145.4479076931261,4.123478412628174,2.841214418411255,6.964692831039429,430,0.13001709757372737,0,0,TRUE,pair,156,1.5502392016351223,5.216189533442641,40,0,6.493589743589744,1.5502392016351223,0.17543749883770943,2.2940376992337406,cpu,cuda:0,0,671.42724609375,41
5250,1,DDT900_num50.txt,fixed,1033,8,129.125,9.252533912658691,4.6474690437316895,6.3662673710496165e-06,-4.4,-0.373652201,0.2250000238418579,0.0342782698571682,0.18000000715255737,0.2800000011920929,-0.154766025,-0.146695919,0.0028904852515552193,0.9515339136123657,0.01387195158895338,0.026713709346950054,0.0003,310,90,114.69309649752293,4.666522264480591,4.340122699737549,9.00664496421814,425,0.13383649801835418,0,0,TRUE,pair,149,1.8716427986510098,4.97192642557194,40,0,6.932885906040268,1.8716427986510098,0.19336179899983108,2.486731401178986,cpu,cuda:0,0,671.42919921875,42
5251,1,DDT900_num50.txt,fixed,951,8,118.875,9.752403259277344,5.2084879875183105,1.3639960343425628e-05,-4.8,-0.370787291,0.20000000298023224,0.03872983157634735,0.14000000059604645,0.23999999463558197,-0.146005464,-0.137993752,0.003189516991066436,0.9606455167134603,0.018007938439647358,0.029600341493884724,0.0003,320,80,105.23572101957615,5.22666335105896,3.810192108154297,9.036855459213257,419,0.1493256997782737,0,0,TRUE,pair,136,2.5027145978529006,5.087276549996137,40,0,6.992647058823529,2.5027145978529006,0.23923250217922032,2.362002099165693,cpu,cuda:0,0,671.4267578,41
5252,1,DDT900_num50.txt,fixed,1040,8,130,6.144103050231934,4.184232711791992,5.568490450968966e-06,-4.16,-0.357696191,0.24000000953674316,0.04472136124968529,0.1599999964237213,0.30000001192092896,-0.099241249,-0.090734416,0.00291606357363476,0.9964863983067599,0.02111943617505445,0.05261493453078649,0.0003,304,96,82.4662802553045,4.2000322341918945,8.411182880401611,12.611215114593506,415,0.12139189895242453,0,0,TRUE,pair,142,1.5962628009729087,5.096153848217084,40,0,7.323943661971831,1.5962628009729087,0.17148480005562305,2.3317191016394645,cpu,cuda:0,0,671.42919921875,41
5253,1,DDT900_num50.txt,fixed,1033,8,129.125,2.260392665863037,4.578263759613037,4.231510047247866e-06,-4.6,-0.352668272,0.21250000596046448,0.024366984143853188,0.1599999964237213,0.23999999463558197,-0.161200283,-0.153626743,0.002828641651748595,0.8987860191952098,0.00917851206031628,0.03495565056800842,0.0003,315,85,81.6659042445323,4.594566106796265,8.054531574249268,12.649097681045532,452,0.14380509848706424,0,0,TRUE,pair,133,1.8588942007627338,5.264278799151174,40,0,7.7669172932330826,1.8588942007627338,0.18845129921101034,2.439359494484961,cpu,cuda:0,0,671.42919921875,41
5254,1,DDT900_num50.txt,fixed,1018,8,127.25,8.685476303100586,4.181332111358643,2.354919161007274e-05,-4.2,-0.31878834,0.23750001192092896,0.027271782979369164,0.2199999988079071,0.30000001192092896,-0.035961913,-0.027193232,0.002434474399446377,0.9985922064099994,0.04345347840405468,0.041437221957104545,0.0003,305,95,99.46230720420118,4.199715852737427,6.0353171825408936,10.23503303527832,439,0.13491840264759958,0,0,TRUE,pair,138,1.6247422979213297,5.1031434203412065,32,0,7.3768115942028984,1.6247422979213297,0.16891140048392117,2.3023333016317338,cpu,cuda:0,0,671.42724609375,41
5255,1,DDT900_num50.txt,fixed,992,8,124,4.153311729431152,4.849179267883301,5.193476681597531e-06,-4.6,-0.333964866,0.21250000596046448,0.028173567727208138,0.18000000715255737,0.2800000011920929,-0.011980845,-0.004555004,0.002716201706789434,0.8783953040838242,0.037803652696311474,0.051899513928219676,0.0003,315,85,102.98556484175542,4.865750312805176,4.766667604446411,9.632417917251587,452,0.1411756977904588,0,0,TRUE,pair,131,2.2327076990623027,5.020161289841898,40,0,7.572519083969466,2.2327076990623027,0.2151830003131181,2.3081184066832066,cpu,cuda:0,0,671.42724609375,41
5256,1,DDT900_num50.txt,fixed,1092,8,136.5,13.720422744750977,6.243411064147949,2.67331979557639e-05,-3.92,-0.320963354,0.2549999952316284,0.048733972012996674,0.20000000298023224,0.3400000035762787,0.06876122951507568,0.0761888563632965,0.0030368343985173853,0.8946045517921448,0.02572743622586131,0.043777736462652685,0.0003,298,102,99.59985846067987,6.271784067153931,4.692086935043335,10.963871002197266,453,0.15585430152714252,0,0,TRUE,pair,158,3.0792416003532708,4.803113553550217,32,0,6.9113924050632916,3.0792416003532708,0.2846380011178553,2.758816304150969,cpu,cuda:0,0,671.4296875,41
5257,1,DDT900_num50.txt,fixed,1034,8,129.25,7.01338005065918,4.1113433837890625,7.914634807093535e-06,-4.12,-0.331404847,0.24250000715255737,0.027271779254078865,0.20000000298023224,0.2800000011920929,-0.097914767,-0.090679295,0.0030147163197398186,0.874283030629158,0.020027317325002514,0.047769113443791866,0.0003,303,97,127.04182390016328,4.12996244430542,4.009089469909668,8.139051914215088,425,0.12593370350077748,0,0,TRUE,pair,143,1.5633839000947773,5.314313348072871,35,0,7.230769230769231,1.5633839000947773,0.17525599710643291,2.285631400765851,cpu,cuda:0,0,671.42919921875,40
5258,1,DDT900_num50.txt,fixed,1032,8,129,9.69536018371582,4.697683334350586,7.692463441344444e-06,-4,-0.329523538,0.25,0.030000001192092896,0.20000000298023224,0.30000001192092896,0.08378955721855164,0.09261486679315567,0.0026040233594054976,1.0127323269844055,0.03214494238879221,0.06008371710777283,0.0003,300,100,124.03063966937555,4.712798833847046,3.6077258586883545,8.3205246925354,430,0.1383462999947369,0,0,TRUE,pair,147,2.0142317982390523,5.071705425663512,40,0,7.020408163265306,2.0142317982390523,0.1933444042224437,2.396725900005549,cpu,cuda:0,0,671.42919921875,41
5259,1,DDT900_num50.txt,fixed,1069,8,133.625,8.46961498260498,5.979001045227051,5.4706542869098485e-06,-3.92,-0.323320305,0.2549999952316284,0.02397916093468666,0.2199999988079071,0.30000001192092896,0.04543793946504593,0.052877023816108704,0.0023658492136746645,0.862199991941452,0.021138568758033216,0.034179688,0.0003,298,102,117.95940582616541,6.001763820648193,3.060675859451294,9.062439680099487,439,0.14923520060256124,0,0,TRUE,pair,146,2.8301556014921516,5.054256313420323,36,0,7.321917808219178,2.8301556014921516,0.2821669951081276,2.741196493851021,cpu,cuda:0,0,671.42919921875,41
5260,1,DDT900_num50.txt,fixed,1058,8,132.25,9.575359344482422,5.465435028076172,6.709693479933776e-06,-3.84,-0.315998251,0.25999999046325684,0.030000003054738045,0.20000000298023224,0.30000001192092896,0.10334392264485359,0.11117701480786006,0.002498149280048286,0.9082168936729431,0.042335774652504675,0.03967331567158302,0.0003,296,104,93.23882610830393,5.484247446060181,5.862956762313843,11.347204208374023,424,0.14510979899205267,0,0,TRUE,pair,150,2.513731202110648,4.920604915609882,40,0,7.053333333333334,2.513731202110648,0.26558239734731615,2.5731928006280214,cpu,cuda:0,0,671.42919921875,41
5261,1,DDT900_num50.txt,fixed,1021,8,127.625,13.873873710632324,5.313624382019043,9.40016434469726e-06,-4.04,-0.324803348,0.2475000023841858,0.03596873581409454,0.18000000715255737,0.30000001192092896,-0.07306153,-0.065295947,0.002575097675435245,0.9053130745887756,0.01635927794559393,0.053770875185728075,0.0003,301,99,67.85922727542687,5.331517457962036,9.714336156845093,15.045853614807129,426,0.13940579700283706,0,0,TRUE,pair,152,2.505220200866461,5.143976491999089,40,0,6.717105263157895,2.505220200866461,0.2643968057818711,2.4319434985518456,cpu,cuda:0,0,671.42724609375,41
5262,1,DDT900_num50.txt,fixed,1038,8,129.75,7.5124897956848145,4.21803617477417,5.776425041403854e-06,-3.96,-0.330605693,0.2524999976158142,0.03152380511164665,0.2199999988079071,0.30000001192092896,-0.064744006,-0.056209794,0.0020935313659720123,0.9580978453159332,0.011062029865570366,0.04422670261313518,0.0003,299,101,121.46938709915922,4.2339746952056885,4.311388254165649,8.545362949371338,434,0.18283960386179388,0,0,TRUE,pair,141,1.5781336962245405,5.505780346361429,40,0,7.361702127659575,1.5781336962245405,0.1733210999518633,2.3802029055077583,cpu,cuda:0,0,671.42919921875,40
5263,1,DDT900_num50.txt,fixed,1062,8,132.75,7.917543888092041,4.420675754547119,5.8570471992425155e-06,-3.64,-0.321960471,0.2724999785423279,0.022220486775040627,0.23999999463558197,0.3199999928474426,0.07169828400947154,0.0802239336335333,0.0019539552777132485,0.9502625614404678,0.013023794916989573,0.04171212972141802,0.0003,291,109,74.80452597902327,4.436525583267212,9.760476350784302,14.197001934051514,434,0.13197949924506247,0,0,TRUE,pair,146,1.6774137010797858,5.209981168730784,40,0,7.273972602739726,1.6774137010797858,0.18109999992884696,2.4715843996964395,cpu,cuda:0,0,671.42919921875,41
5264,1,DDT900_num50.txt,fixed,1026,8,128.25,10.13348388671875,5.248201370239258,7.262967301358003e-06,-4.16,-0.335347377,0.24000000953674316,0.022360678762197495,0.20000000298023224,0.2800000011920929,-0.219102437,-0.2097517,0.001203086964475612,0.9952280322710673,0.03407110763752522,0.03275681411226591,0.0003,304,96,174.14244685715673,5.272749185562134,0.6189792156219482,5.891728401184082,434,0.14060909650288522,0,0,TRUE,pair,147,2.4631549005862325,5.372319687179655,45,0,6.979591836734694,2.4631549005862325,0.22847310081124306,2.4517731938976794,cpu,cuda:0,0,101.1503906,41
5265,1,DDT900_num50.txt,fixed,1028,8,128.5,7.382411479949951,4.2226881980896,6.138989192550071e-06,-3.88,-0.316391471,0.257500022649765,0.03526683896780014,0.18000000715255737,0.30000001192092896,-0.002400294,0.006350299077374595,0.002387159819980817,0.9944174374852862,0.01413644667315696,0.07673138326832227,0.0003,297,103,97.23049432706952,4.240638732910156,6.332175970077515,10.572814702987671,413,0.12471689656376839,0,0,TRUE,pair,140,1.5849128006957471,5.624513618908967,40,0,7.3428571428571425,1.5849128006957471,0.18093290738761425,2.3690748007502407,cpu,cuda:0,0,671.42919921875,41
5266,1,DDT900_num50.txt,fixed,1031,8,128.875,5.03580904006958,4.531321048736572,4.8040010369732045e-06,-4.08,-0.315703631,0.2449999898672104,0.023979157209396362,0.2199999988079071,0.2800000011920929,-0.272077297,-0.265376215,0.002710672987935444,0.8056428035100301,0.012201000451265523,0.030167359858751297,0.0003,302,98,160.23342448852762,4.54731822013855,1.8870446681976318,6.434362888336182,432,0.13395279925316572,0,0,TRUE,pair,138,1.7903265983331949,5.256062077504703,40,0,7.471014492753623,1.7903265983331949,0.19678049767389894,2.450282897101715,cpu,cuda:0,0,325.07958984375,43
5267,1,DDT900_num50.txt,fixed,1034,8,129.25,9.87104320526123,5.190619468688965,6.893554655107437e-06,-4.32,-0.313055935,0.23000000417232513,0.022360675036907196,0.18000000715255737,0.25999999046325684,-0.106160104,-0.098738827,0.0026117387460544705,0.8727136701345444,0.06640640091791283,0.07849316205829382,0.0003,308,92,98.12484090867336,5.208478212356567,5.329118490219116,10.537596702575684,435,0.14288970059715211,0,0,TRUE,pair,146,2.361665698932484,5.2543520321006705,45,0,7.082191780821918,2.361665698932484,0.23131529660895467,2.495361396111548,cpu,cuda:0,0,671.42919921875,43
5268,1,DDT900_num50.txt,fixed,1034,8,129.25,13.745453834533691,5.435481548309326,9.075577509065624e-06,-4.12,-0.305915679,0.24250000715255737,0.023318445309996605,0.20000000298023224,0.2800000011920929,0.032032820085684456,0.039760676523049675,0.001921911471678565,0.8688804109891256,0.02072952077530014,0.017578125,0.0003,303,97,117.7062280040929,5.454699516296387,3.3298823833465576,8.784581899642944,421,0.14164620102383196,0,0,TRUE,pair,155,2.56179440068081,5.00773694114021,40,0,6.670967741935484,2.56179440068081,0.2556106022093445,2.505896500777453,cpu,cuda:0,0,671.42919921875,44
5269,1,DDT900_num50.txt,fixed,1039,8,129.875,6.622641086578369,5.271288871765137,5.280312052491354e-06,-4.04,-0.300506599,0.2475000023841858,0.022220490500330925,0.2199999988079071,0.30000001192092896,0.28958943486213684,0.29867973923683167,0.002780931885354221,1.048078179359436,0.05976276412548032,0.02902074344456196,0.0003,301,99,118.40548686012605,5.293655633926392,3.4812755584716797,8.774931192398071,441,0.1422167015261948,0,0,TRUE,pair,144,2.5090703007299453,4.9278152073886785,42,0,7.215277777777778,2.5090703007299453,0.22473269957117736,2.4368460013065487,cpu,cuda:0,0,671.42919921875,44
5270,1,DDT900_num50.txt,fixed,1060,8,132.5,5.4543561935424805,5.4758687019348145,5.7369275054952595e-06,-3.8,-0.308377503,0.26249998807907104,0.023318450897932053,0.2199999988079071,0.30000001192092896,-0.056294993,-0.049161226,0.002483689787120304,0.8375612822445956,0.010256924920461395,0.051593370058319786,0.0003,295,105,74.27267233089421,5.492310047149658,8.779426336288452,14.27173638343811,441,0.15062979911454022,0,0,TRUE,pair,140,2.5734714018180966,5.013207542671347,35,0,7.571428571428571,2.5734714018180966,0.22278799978084862,2.5768858999945223,cpu,cuda:0,0,671.42919921875,44
5271,1,DDT900_num50.txt,fixed,993,8,124.125,6.899954795837402,4.085177898406982,6.099509846535511e-06,-4.32,-0.322631418,0.23000000417232513,0.019999995827674866,0.20000000298023224,0.25999999046325684,-0.043067482,-0.03627356,0.0028766944538801908,0.823226910829544,0.013302412838675082,0.06341206580400467,0.0003,308,92,126.03661587035116,4.101840972900391,3.7768218517303467,7.878662824630737,445,0.1331621988210827,0,0,TRUE,pair,134,1.590771600138396,5.439073515082414,35,0,7.41044776119403,1.590771600138396,0.1672191978432238,2.2431943973060697,cpu,cuda:0,0,671.42724609375,44
5272,1,DDT900_num50.txt,fixed,1054,8,131.75,11.29988956451416,5.438252925872803,7.679521331738215e-06,-4.04,-0.311376254,0.2475000023841858,0.022220490500330925,0.2199999988079071,0.30000001192092896,-0.147977437,-0.141147695,0.0023957855300977826,0.8027628481388092,0.02189442286035046,0.05017838384956121,0.0003,301,99,95.70703370846113,5.453629493713379,5.559145212173462,11.01277470588684,430,0.14600709755904973,0,0,TRUE,pair,155,2.503643203061074,5.064516128579851,35,0,6.8,2.503643203061074,0.23065920430235565,2.599670998752117,cpu,cuda:0,0,671.42919921875,46
5273,1,DDT900_num50.txt,fixed,1004,8,125.5,3.5,4.568528175354004,4.046097274112981e-06,-3.96,-0.324206633,0.2524999976158142,0.01984313502907753,0.2199999988079071,0.2800000011920929,-0.01543515,-0.007258567,0.0026125688455067575,0.9482861831784248,0.008979161866591312,0.0531971612945199,0.0003,299,101,88.93695870359237,4.5868775844573975,6.702017545700073,11.28889513015747,420,0.13591709919273853,0,0,TRUE,pair,130,1.905481998808682,5.229083663913833,40,0,7.723076923076923,1.905481998808682,0.21207689843140543,2.3567557039204985,cpu,cuda:0,0,671.42724609375,45
5274,1,DDT900_num50.txt,fixed,1103,8,137.875,11.773248672485352,4.342028617858887,8.370156137971207e-06,-3.68,-0.325875095,0.27000001072883606,0.05196152627468109,0.20000000298023224,0.3799999952316284,-0.090455602,-0.083145147,0.0025840106698322212,0.8602465209033754,0.010097478031336019,0.06378578663700157,0.0003,292,108,53.410791664160925,4.357000112533569,16.294257164001465,20.651257276535034,457,0.1328217014670372,0,0,TRUE,pair,156,1.6441003980580717,4.894832275828122,45,0,7.07051282051282,1.6441003980580717,0.18175169778987765,2.425103999907151,cpu,cuda:0,0,671.4296875,47
5275,1,DDT900_num50.txt,fixed,1038,8,129.75,5.739120006561279,4.796215534210205,5.89091723668389e-06,-3.64,-0.316843099,0.2724999785423279,0.017139146104454994,0.25999999046325684,0.30000001192092896,-0.273316771,-0.26605612,0.0032735250424593687,0.8897410035133362,0.04789742827415466,0.05714285746216774,0.0003,291,109,209.3158161467539,4.816142320632935,0.14287137985229492,4.9590137004852295,441,0.13817619858309627,0,0,TRUE,pair,140,2.130279799224809,4.810211943064122,30,0,7.414285714285715,2.130279799224809,0.20767279737628996,2.365697101689875,cpu,cuda:0,0,76.97314453,44
5276,1,DDT900_num50.txt,fixed,1040,8,130,9.73396110534668,4.21207332611084,5.766576123278355e-06,-3.84,-0.331929524,0.25999999046325684,0.03741657733917236,0.2199999988079071,0.3400000035762787,-0.049650883,-0.041529669,0.002668760270656397,0.9455599784851074,0.014271448521564404,0.04725002652655045,0.0003,296,104,121.18590983081164,4.229457378387451,4.35239839553833,8.581855773925781,433,0.12822940340265632,0,0,TRUE,pair,149,1.5824636009056121,5.176923075089088,40,0,6.97986577181208,1.5824636009056121,0.17321310169063509,2.3700626976788044,cpu,cuda:0,0,671.42919921875,46
5277,1,DDT900_num50.txt,fixed,1047,8,130.875,7.785202503204346,4.55903959274292,6.076166755519807e-06,-4,-0.330692907,0.25,0.033166248351335526,0.18000000715255737,0.30000001192092896,-0.010062873,-0.001730374,0.0018470139960603167,0.9256007969379425,0.014635159556443492,0.0833317715053757,0.0003,300,100,98.83680098028444,4.577064275741577,6.016155958175659,10.593220233917236,441,0.139248302904889,0,0,TRUE,pair,147,1.865073500899598,5.358166189794896,55,0,7.122448979591836,1.865073500899598,0.19194540102034807,2.4068794997874647,cpu,cuda:0,0,671.42919921875,48
5278,1,DDT900_num50.txt,fixed,1029,8,128.625,7.983381271362305,4.889608383178711,5.588869044004241e-06,-3.96,-0.320373544,0.2524999976158142,0.017139136791229248,0.2199999988079071,0.2800000011920929,-0.103019159,-0.095605126,0.0025754286209121345,0.8701748609542846,0.014425491192378103,0.04983351863920689,0.0003,299,101,103.86183100367253,4.907357692718506,5.000035524368286,9.907393217086792,428,0.1380986962467432,0,0,TRUE,pair,139,2.118040099972859,5.284742467952539,36,0,7.402877697841727,2.118040099972859,0.2081249973271042,2.4674251021351665,cpu,cuda:0,0,671.42919921875,47
5279,1,DDT900_num50.txt,fixed,1061,8,132.625,11.357129096984863,4.310627460479736,6.772934284526855e-06,-3.88,-0.312952406,0.2574999928474426,0.023318450897932053,0.2199999988079071,0.30000001192092896,-0.083980498,-0.076827413,0.00236372485718069,0.8334948023160299,0.015072052910303077,0.09804472575585048,0.0003,297,103,120.66627850549035,4.3268139362335205,4.466032028198242,8.792845964431763,439,0.12984959920868278,0,0,TRUE,pair,160,1.639580000191927,5.356267672456963,50,0,6.63125,1.639580000191927,0.18153340253047645,2.4004123953636736,cpu,cuda:0,0,671.42919921875,47
5280,1,DDT900_num50.txt,fixed,1045,8,130.625,12.439227104187012,4.346287727355957,7.2746975092741195e-06,-4.08,-0.303984048,0.24500001966953278,0.04663689807057381,0.20000000298023224,0.3400000035762787,0.08011368662118912,0.08902986533939838,0.0022897938906680793,1.0061073303222656,0.011639086646027863,0.02207639440894127,0.0003,302,98,119.39012277164356,4.3624327182769775,4.390385150909424,8.752817869186401,444,0.1320958996657282,0,0,TRUE,pair,151,1.7456261988263577,4.995215311917391,40,0,6.920529801324503,1.7456261988263577,0.17180389701388776,2.3412994055543095,cpu,cuda:0,0,671.42919921875,48
5281,1,DDT900_num50.txt,fixed,1053,8,131.625,8.543088912963867,4.7377610206604,7.001960511843208e-06,-4,-0.3044993,0.25,0.057445626705884933,0.1599999964237213,0.3799999952316284,-0.305152178,-0.301358491,0.0016588957514613867,0.46231383085250854,0.07250549644231796,0.07258064299821854,0.0003,300,100,173.50752454859622,4.756354331970215,1.312546730041504,6.068901062011719,431,0.1332303995732218,0,0,TRUE,pair,145,2.071833598893136,4.947768280648778,32,0,7.2620689655172415,2.071833598893136,0.1848975010216236,2.3908423013053834,cpu,cuda:0,0,341.4833984,48
5282,1,DDT900_num50.txt,fixed,1072,8,134,12.33896255493164,4.646202564239502,8.320774213643745e-06,-3.84,-0.295372127,0.25999999046325684,0.04242641106247902,0.2199999988079071,0.36000001430511475,-0.026330889,-0.020687641,0.0014605341906038423,0.6373518208662668,0.01872808059367041,0.049223603680729866,0.0003,296,104,179.4598654226792,4.662262439727783,1.311218023300171,5.973480463027954,444,0.19147189846262336,0,0,TRUE,pair,152,1.8907125990372151,5.0680970098100495,35,0,7.052631578947368,1.8907125990372151,0.2084603006951511,2.452768596354872,cpu,cuda:0,0,346.3300781,47
5283,1,DDT900_num50.txt,fixed,1004,8,125.5,10.234745025634766,4.008850574493408,5.679668902303092e-06,-4.2,-0.311681092,0.23750001192092896,0.021065372973680496,0.2199999988079071,0.2800000011920929,-0.072489522,-0.065563165,0.0013254762161523104,0.7589095830917358,0.06218894571065903,0.07692307978868484,0.0003,305,95,239.08307962590436,4.0246124267578125,0.17476463317871094,4.199377059936523,436,0.12708030105568469,0,0,TRUE,pair,151,1.5361739008221775,5.133466135220699,40,0,6.6490066225165565,1.5361739008221775,0.16627949569374323,2.222710399888456,cpu,cuda:0,0,81.7109375,45
5284,1,DDT900_num50.txt,fixed,1007,8,125.875,7.131576061248779,4.0661115646362305,5.803423391625984e-06,-4.12,-0.302491185,0.24249999225139618,0.01561249140650034,0.2199999988079071,0.25999999046325684,-0.066324537,-0.058835146,0.002047983017594864,0.851338654756546,0.013900315039791167,0.03785529127344489,0.0003,303,97,108.27143212326882,4.081616640090942,5.219082355499268,9.30069899559021,432,0.1309055017773062,0,0,TRUE,pair,140,1.5634076006244868,5.130089374852867,30,0,7.192857142857143,1.5634076006244868,0.16457249829545617,2.2550901975482702,cpu,cuda:0,0,671.42724609375,48
5285,1,DDT900_num50.txt,fixed,1015,8,126.875,9.803539276123047,5.105286598205566,7.4560621214914136e-06,-4.16,-0.309069177,0.24000000953674316,0.037416569888591766,0.18000000715255737,0.3199999928474426,-0.141069818,-0.134004091,0.0025185321509424183,0.8324995239575704,0.017812007236190967,0.05954395586417781,0.0003,304,96,68.78423934587721,5.122600317001343,9.633687019348145,14.756287336349487,429,0.13530590012669563,0,0,TRUE,pair,146,2.472120000515133,5.288669946980594,35,0,6.9520547945205475,2.472120000515133,0.21190430293790996,2.327030298067257,cpu,cuda:0,0,671.42724609375,48
5286,1,DDT900_num50.txt,fixed,1064,8,133,12.81600570678711,4.229469299316406,8.293402970593888e-06,-3.84,-0.280793034,0.25999999046325684,0.02828427404165268,0.20000000298023224,0.30000001192092896,0.0921391033464008,0.09882303741243151,0.002912954951170832,0.8140411509407891,0.035685419001513057,0.06886081977023019,0.0003,296,104,89.14323883664937,4.245068550109863,7.690777778625488,11.935846328735352,438,0.12605809676460922,0,0,TRUE,pair,151,1.6101106002461165,4.992481202335286,36,0,7.046357615894039,1.6101106002461165,0.17751939687877893,2.3528533016797155,cpu,cuda:0,0,671.42919921875,48
5287,1,DDT900_num50.txt,fixed,1071,8,133.875,11.677301406860352,5.2591094970703125,8.724296094442252e-06,-3.96,-0.282349867,0.2524999976158142,0.031523801386356354,0.20000000298023224,0.30000001192092896,0.10050397531853782,0.10830859477735227,0.00208186704872383,0.8845551345083449,0.018273864575247798,0.08670354344778591,0.0003,299,101,75.30373636887164,5.28138542175293,8.941016435623169,14.222401857376099,445,0.15049699996598065,0,0,TRUE,pair,152,2.3699688010383397,4.96545284713795,40,0,7.046052631578948,2.3699688010383397,0.23337580054067075,2.552287598606199,cpu,cuda:0,0,671.42919921875,52
5288,1,DDT900_num50.txt,fixed,1014,8,126.75,12.40715503692627,5.710927963256836,8.046406037465204e-06,-3.84,-0.294316977,0.25999999046325684,0.04242641106247902,0.20000000298023224,0.3400000035762787,-0.137716586,-0.130266728,0.0024841962537417808,0.8691959347989824,0.01496807327364675,0.09373906813561916,0.0003,296,104,53.403587291746504,5.727351427078247,13.26013708114624,18.987488508224487,428,0.1464659993071109,0,0,TRUE,pair,150,2.8383529020939022,5.041420116697307,30,0,6.76,2.8383529020939022,0.24331150273792446,2.520891598891467,cpu,cuda:0,0,671.42724609375,49
5289,1,DDT900_num50.txt,fixed,1017,8,127.125,10.844785690307617,4.103871822357178,6.772934284526855e-06,-4,-0.324315156,0.2500000298023224,0.043588992208242416,0.20000000298023224,0.3400000035762787,-0.11609018,-0.109085508,0.0017978624620644207,0.7903604453260248,0.016323228366672993,0.06421312520449812,0.0003,300,100,68.47882621427222,4.120580434799194,10.730725526809692,14.851305961608887,412,0.12049760296940804,0,0,TRUE,pair,152,1.592585100326687,4.947885938098649,35,0,6.690789473684211,1.592585100326687,0.170413704123348,2.2563542022835463,cpu,cuda:0,0,671.42724609375,50
5290,1,DDT900_num50.txt,fixed,1047,8,130.875,10.313068389892578,5.587923049926758,5.878843239770504e-06,-3.8,-0.308808684,0.26249998807907104,0.027271786704659462,0.2199999988079071,0.30000001192092896,-0.030756429,-0.02164882,0.0006352894706651568,0.9425253868103027,0.18147800862789154,0.07692307978868484,0.0003,295,105,182.1202055584897,5.604376554489136,0.14457368850708008,5.748950242996216,433,0.1400588012766093,0,0,TRUE,pair,152,2.7255388987250626,4.964660937373936,60,0,6.8881578947368425,2.7255388987250626,0.24557049898430705,2.512679096311331,cpu,cuda:0,0,65.52587891,51
5291,1,DDT900_num50.txt,fixed,1090,8,136.25,11.765946388244629,5.400297164916992,8.207280188798904e-06,-3.64,-0.300369011,0.27250000834465027,0.02633914165198803,0.2199999988079071,0.30000001192092896,0.024194421619176863,0.031003737449645997,0.0025599954184144734,0.8089313745498657,0.011268836828821804,0.031663188710808754,0.0003,291,109,98.43624901588863,5.417152643203735,5.656003952026367,11.073156595230103,435,0.1387692999560386,0,0,TRUE,pair,155,2.5197188013698906,4.950458717455557,40,0,7.032258064516129,2.5197188013698906,0.24588279845193028,2.522500506369397,cpu,cuda:0,0,671.4296875,50
5292,1,DDT900_num50.txt,fixed,1049,8,131.125,11.537303924560547,4.245877742767334,8.106231689453125e-06,-3.76,-0.294835213,0.26500001549720764,0.03278719633817673,0.20000000298023224,0.30000001192092896,-0.013353312,-0.00640533,0.0017123692798324758,0.7804165184497833,0.010881056853880485,0.036345056568582855,0.0003,294,106,103.95610533932245,4.262513160705566,5.82828426361084,10.090797424316406,431,0.18280130019411445,0,0,TRUE,pair,156,1.584748301655054,4.883698761406345,35,0,6.7243589743589745,1.584748301655054,0.17478819680400193,2.399005801882595,cpu,cuda:0,0,671.42919921875,50
5293,1,DDT900_num50.txt,fixed,996,8,124.5,6.946221828460693,4.219468593597412,6.645851044595474e-06,-4.04,-0.279676832,0.2475000023841858,0.03455069288611412,0.20000000298023224,0.30000001192092896,-0.020891177,-0.012844271,0.0020779582472251995,0.9085888011114938,0.006794906404268529,0.03830099371927125,0.0003,301,99,77.84734861736727,4.236435174942017,8.55783486366272,12.794270038604736,428,0.19124309811741114,0,0,TRUE,pair,134,1.670888600172475,5.160642571717381,40,0,7.432835820895522,1.670888600172475,0.16802400909364223,2.2953799976967275,cpu,cuda:0,0,671.42724609375,51
5294,1,DDT900_num50.txt,fixed,1073,8,134.125,12.292654991149902,5.144530296325684,7.467489012924489e-06,-3.8,-0.27974541,0.26249998807907104,0.04943430423736572,0.20000000298023224,0.36000001430511475,0.059410594935928075,0.06711178698710032,0.002356684999540448,0.8879537497247968,0.017826528188639452,0.0615161185685013,0.0003,295,105,109.46283298386858,5.1678876876831055,4.634526252746582,9.802413940429688,435,0.13768329960294068,0,0,TRUE,pair,153,2.3008188002277166,4.933830379217668,32,0,7.0130718954248366,2.3008188002277166,0.25433809706009924,2.480967701645568,cpu,cuda:0,0,671.42919921875,51
5295,1,DDT900_num50.txt,fixed,1025,8,128.125,12.302820205688477,4.0580153465271,7.840672878955957e-06,-4.04,-0.295517061,0.24750001728534698,0.039921801537275314,0.2199999988079071,0.3400000035762787,-0.101507602,-0.094821124,0.003096123658386724,0.8234547121184213,0.011427360669975834,0.07845319115689822,0.0003,301,99,93.462554207983,4.074404716491699,6.89255428314209,10.966958999633789,426,0.12327349884435534,0,0,TRUE,pair,152,1.5513105015270412,4.8058536578387745,30,0,6.743421052631579,1.5513105015270412,0.16464420058764517,2.258743699407205,cpu,cuda:0,0,671.42919921875,51
5296,1,DDT900_num50.txt,fixed,1040,8,130,9.83615779876709,5.492300987243652,7.114707841537893e-06,-3.88,-0.284209302,0.2574999928474426,0.02904737927019596,0.2199999988079071,0.30000001192092896,-0.147058591,-0.138287544,0.0007846259395591915,0.9163367748260498,0.051950499415397644,0.1315789520740509,0.0003,297,103,181.62228420718137,5.5122106075286865,0.2139589786529541,5.726169586181641,444,0.15564440423622727,0,0,TRUE,pair,151,2.5498725012876093,4.9028846124043834,30,0,6.887417218543046,2.5498725012876093,0.2177963994909078,2.6209251983091235,cpu,cuda:0,0,80.53369141,51
5297,1,DDT900_num50.txt,fixed,1047,8,130.875,11.836780548095703,5.290221214294434,7.666556484764442e-06,-3.92,-0.284569146,0.2549999952316284,0.02958040125668049,0.2199999988079071,0.30000001192092896,-0.161085489,-0.154555858,0.0014497895802681644,0.7254517674446106,0.013472312324059507,0.06678592910369237,0.0003,298,102,149.77107826168216,5.307831525802612,1.6828372478485107,6.990668773651123,425,0.149159298511222,0,0,TRUE,pair,152,2.4149927000980824,5.118433619183137,35,0,6.8881578947368425,2.4149927000980824,0.265213499777019,2.498407704755664,cpu,cuda:0,0,306.8613281,52
5298,1,DDT900_num50.txt,fixed,1071,8,133.875,9.22547435760498,5.113485336303711,7.16645172360586e-06,-4.16,-0.288241444,0.23999999463558197,0.024494895711541176,0.20000000298023224,0.2800000011920929,-0.276781371,-0.27021596,0.0022416871433961205,0.7686254866421223,0.013038806238910183,0.05785200418904424,0.0003,304,96,89.03268634180671,5.131618976593018,6.8976709842681885,12.029289960861206,441,0.143986297538504,0,0,TRUE,pair,149,2.3255068014841527,4.825396822725469,35,0,7.1879194630872485,2.3255068014841527,0.2021824950352311,2.4843374041374773,cpu,cuda:0,0,671.42919921875,51
5299,1,DDT900_num50.txt,fixed,1035,8,129.375,10.197273254394531,4.179309844970703,7.377504516625777e-06,-4.12,-0.296083633,0.24250000715255737,0.02904737927019596,0.2199999988079071,0.30000001192092896,-0.058770351,-0.05116662,0.0012347536394372582,0.8221110105514526,0.04800046235322952,0.0714285746216774,0.0003,303,97,239.78605037816072,4.195549249649048,0.12079858779907227,4.31634783744812,439,0.12861090013757348,0,0,TRUE,pair,146,1.5619727012235671,4.84927536116706,30,0,7.089041095890411,1.5619727012235671,0.16822529793716967,2.3641730018425733,cpu,cuda:0,0,68.62402344,48
5300,1,DDT900_num50.txt,fixed,1094,8,136.75,9.781998634338379,4.344930648803711,7.1027129706635606e-06,-3.8,-0.286721653,0.26249998807907104,0.03526683896780014,0.20000000298023224,0.3199999928474426,-0.103822061,-0.096859264,0.0020545843144645914,0.7990089058876038,0.01292278736824907,0.05638099322095513,0.0003,295,105,71.61634043051039,4.359951734542847,10.915891647338867,15.275843381881714,432,0.12792319897562265,0,0,TRUE,pair,151,1.6352314003743231,4.764168189692105,35,0,7.245033112582782,1.6352314003743231,0.17728839931078255,2.442748403409496,cpu,cuda:0,0,671.4296875,52
5301,1,DDT900_num50.txt,fixed,1032,8,129,11.090536117553711,5.377699375152588,6.635150839429116e-06,-3.96,-0.287663397,0.2524999976158142,0.04993746057152748,0.18000000715255737,0.3400000035762787,-0.027467737,-0.020438641,0.002176193105697166,0.811719685792923,0.008013713460968575,0.03663482528645545,0.0003,299,101,86.66745010364602,5.395462274551392,6.512122392654419,11.90758466720581,431,0.14499069866724312,0,0,TRUE,pair,149,2.602198500186205,4.940891474947449,30,0,6.926174496644295,2.602198500186205,0.23401370085775852,2.4364990948233753,cpu,cuda:0,0,671.42919921875,52
5302,1,DDT900_num50.txt,fixed,975,8,121.875,12.584092140197754,3.9274742603302,8.075494406512007e-06,-4.24,-0.305944625,0.23500001430511475,0.044440969824790955,0.18000000715255737,0.3400000035762787,-0.682027876,-0.677863747,0.002641382976435125,0.5484824329614639,0.03102850611321628,0.050245098769664764,0.0003,306,94,183.61780809413352,3.9426305294036865,1.3663041591644287,5.3099424839019775,423,0.12470640172250569,0,0,TRUE,pair,153,1.5056032973807305,5.131282049081264,45,0,6.372549019607843,1.5056032973807305,0.1620082026347518,2.178663104074076,cpu,cuda:0,0,360.6992188,53
5303,1,DDT900_num50.txt,fixed,1013,8,126.625,9.564746856689453,4.040607452392578,6.6735910877468996e-06,-4.12,-0.29145025,0.24250000715255737,0.03230711817741394,0.18000000715255737,0.30000001192092896,-0.153597937,-0.147726609,0.0029907549853140317,0.7366697110913016,0.015464531786909158,0.047804176130078056,0.0003,303,97,73.30775123415665,4.057595491409302,9.76086139678955,13.818456888198853,440,0.13037309888750315,0,0,TRUE,pair,143,1.5444091986864805,4.914116483567851,35,0,7.083916083916084,1.5444091986864805,0.1612064999062568,2.2533809051383287,cpu,cuda:0,0,671.42724609375,49
5304,1,DDT900_num50.txt,fixed,1054,8,131.75,10.90584659576416,5.5856852531433105,5.694661467714468e-06,-4.28,-0.320267746,0.23250000178813934,0.039921797811985016,0.18000000715255737,0.2800000011920929,-0.299020946,-0.29257068,0.0014059838140383363,0.7153257727622986,0.05121762305498123,0.10000000149011612,0.0003,307,93,180.2390524297596,5.604571580886841,0.24321770668029785,5.847789287567139,449,0.21596029959619045,0,0,TRUE,pair,147,2.56431179959327,5.042694498963328,55,0,7.170068027210885,2.56431179959327,0.2369709003251046,2.6757523021660745,cpu,cuda:0,0,82.8984375,47
5305,1,DDT900_num50.txt,fixed,1049,8,131.125,14.56397533416748,4.610626220703125,7.4197610047122e-06,-3.84,-0.292732634,0.25999999046325684,0.052915025502443314,0.20000000298023224,0.3799999952316284,-0.214145636,-0.208180973,0.00211464458698174,0.7021982111036777,0.01807040393759962,0.07129196275491267,0.0003,296,104,103.0246307508823,4.6302289962768555,5.551802158355713,10.182031154632568,431,0.1320354996714741,0,0,TRUE,pair,151,1.9283856998663396,5.217349855870264,40,0,6.947019867549669,1.9283856998663396,0.1916663039010018,2.3968515987508,cpu,cuda:0,0,671.42919921875,46
5306,1,DDT900_num50.txt,fixed,1061,8,132.625,12.519359588623047,4.213100433349609,6.265012416406535e-06,-4.08,-0.312127622,0.2449999898672104,0.027838820591568947,0.20000000298023224,0.2800000011920929,-0.26504967,-0.259059899,0.00293398201756645,0.7456754632294178,0.008223992597777396,0.059922842658124864,0.0003,302,98,94.78814421374626,4.229223012924194,6.964159965515137,11.193382978439331,444,0.12928010057657957,0,0,TRUE,pair,153,1.6045865018386394,4.964184729587796,32,0,6.934640522875817,1.6045865018386394,0.16923930146731436,2.3536816984415054,cpu,cuda:0,0,671.42919921875,46
5307,1,DDT900_num50.txt,fixed,1108,8,138.5,13.124404907226562,6.138164043426514,7.241412276925985e-06,-3.44,-0.292044078,0.2849999964237213,0.052678268402814865,0.2199999988079071,0.3799999952316284,0.09058758616447449,0.09745463102378628,0.0020567500984973526,0.7895420708439567,0.01279289797160097,0.06375311721454967,0.0003,286,114,72.55133627836713,6.155131578445435,9.11681318283081,15.271944761276245,443,0.15450689708814025,0,0,TRUE,pair,158,2.947143799159676,4.823104688084083,30,0,7.012658227848101,2.947143799159676,0.3032886970322579,2.759439097950235,cpu,cuda:0,0,671.4296875,44
5308,1,DDT900_num50.txt,fixed,1062,8,132.75,10.638961791992188,4.302824020385742,7.57330917622312e-06,-4.08,-0.316901576,0.24500000476837158,0.034278273582458496,0.20000000298023224,0.30000001192092896,-0.637607694,-0.635063052,0.004200606141239405,0.4644916355609894,0.03650993853807449,0.05000000447034836,0.0003,302,98,199.74267098771608,4.318610668182373,0.9982302188873291,5.316840887069702,441,0.12809170223772526,0,0,TRUE,pair,153,1.6247639991343021,5.041431259749748,30,0,6.9411764705882355,1.6247639991343021,0.17439309949986637,2.415734898066148,cpu,cuda:0,0,331.3662109,43
5309,1,DDT900_num50.txt,fixed,1042,8,130.25,10.41333293914795,4.164715766906738,6.182815013744403e-06,-4.24,-0.321781566,0.23499999940395355,0.044440969824790955,0.1599999964237213,0.3199999928474426,-0.393764272,-0.387522855,0.0033900326350703837,0.7936435103416443,0.015276217251084745,0.0605714701116085,0.0003,306,94,76.21654378477369,4.181306838989258,9.490265607833862,13.67157244682312,433,0.12711600051261485,0,0,TRUE,pair,143,1.593428498832509,5.171785024672232,40,0,7.286713286713287,1.593428498832509,0.17355620092712343,2.311755694448948,cpu,cuda:0,0,671.42919921875,44
5310,1,DDT900_num50.txt,fixed,962,8,120.25,8.496322631835938,5.327201843261719,3.925951386918314e-05,-4.56,-0.323190737,0.2150000035762787,0.0342782698571682,0.1599999964237213,0.25999999046325684,-0.248735776,-0.242567475,0.003689937215919296,0.8013274371623993,0.018041377266248066,0.061250198942919575,0.0003,314,86,89.57109203499056,5.357236862182617,5.382835388183594,10.740072250366211,418,0.14296369929797947,0,0,TRUE,pair,131,2.5853920001536608,5.371101872341053,40,0,7.343511450381679,2.5853920001536608,0.24619900155812502,2.3953661036211997,cpu,cuda:0,0,671.42724609375,44
5311,1,DDT900_num50.txt,fixed,1016,8,127,11.401754379272461,5.0681023597717285,8.365061148651876e-06,-4.12,-0.300930733,0.24250000715255737,0.04293891042470932,0.18000000715255737,0.30000001192092896,-0.190867389,-0.18449156,0.0019624005812643604,0.7357028262181715,0.010850750396705487,0.05200975900515914,0.0003,303,97,66.84819918500787,5.085139989852905,10.113474369049072,15.198614358901978,413,0.13174720271490514,0,0,TRUE,pair,146,2.4197593010030687,5.138779524508424,35,0,6.958904109589041,2.4197593010030687,0.19650959968566895,2.3582513006404042,cpu,cuda:0,0,671.42724609375,43
5312,1,DDT900_num50.txt,fixed,1062,8,132.75,12.930100440979004,4.232310771942139,8.464699021715205e-06,-3.84,-0.294671348,0.25999999046325684,0.04358898848295212,0.2199999988079071,0.3400000035762787,-0.092220068,-0.086314543,0.002863026756261076,0.7337043498243604,0.016276829393713603,0.043143681050943475,0.0003,296,104,119.89867739349609,4.247575283050537,4.609903573989868,8.857478857040405,443,0.13053970551118255,0,0,TRUE,pair,151,1.608375797048211,4.8531073435102705,40,0,7.033112582781457,1.608375797048211,0.17206120444461703,2.3647002044599503,cpu,cuda:0,0,671.42919921875,42
5313,1,DDT900_num50.txt,fixed,1101,8,137.625,12.277392387390137,4.677894115447998,7.348553936026292e-06,-3.88,-0.295959708,0.2574999928474426,0.045207858085632324,0.20000000298023224,0.36000001430511475,-0.034000054,-0.027821449,0.003103195724543184,0.7730207413434982,0.01890400660922751,0.05369428806006908,0.0003,297,103,66.10972970151583,4.694164514541626,11.959964990615845,16.65412950515747,457,0.1414331989362836,0,0,TRUE,pair,157,1.891782699385658,4.750227066303361,35,0,7.012738853503185,1.891782699385658,0.18524990207515657,2.506172699155286,cpu,cuda:0,0,671.4296875,42
5314,1,DDT900_num50.txt,fixed,1015,8,126.875,10.670491218566895,4.010045051574707,7.300048309843987e-06,-4.32,-0.312161053,0.23000001907348633,0.03162277117371559,0.18000000715255737,0.2800000011920929,-0.145879067,-0.139177853,0.0027222365170018747,0.8062336668372154,0.009510657142527634,0.04225975787267089,0.0003,308,92,96.2844078652339,4.026575565338135,6.515110492706299,10.541686058044434,437,0.12868429883383214,0,0,TRUE,pair,139,1.5071764986496419,4.945812809056249,35,0,7.302158273381295,1.5071764986496419,0.16548840492032468,2.2549037020653486,cpu,cuda:0,0,671.42724609375,41
5315,1,DDT900_num50.txt,fixed,957,8,119.625,11.235406875610352,4.837610721588135,7.020202701824019e-06,-4.48,-0.333701128,0.2199999988079071,0.037416573613882065,0.18000000715255737,0.30000001192092896,-0.143265447,-0.136888906,0.0030050122761167584,0.787904006242752,0.011534879001555965,0.014638637751340866,0.0003,312,88,96.65743845282174,4.855384826660156,5.045560359954834,9.90094518661499,418,0.20243040099740028,0,0,TRUE,pair,138,2.107637600041926,5.316614420810089,40,0,6.934782608695652,2.107637600041926,0.19875750108622015,2.4316359988879412,cpu,cuda:0,0,671.4267578,42
5316,1,DDT900_num50.txt,fixed,1085,8,135.625,12.061690330505371,5.356903553009033,6.155171831778716e-06,-3.6,-0.298182916,0.2750000059604645,0.05809474736452103,0.18000000715255737,0.3799999952316284,0.00836385227739811,0.01485338807106018,0.001813283291994594,0.739617720246315,0.015409766900120303,0.013992124237120152,0.0003,290,110,108.84673502716338,5.373438835144043,4.594705820083618,9.968144655227661,438,0.1443324014544487,0,0,TRUE,pair,149,2.4491336015053093,4.8202764961576685,35,0,7.281879194630872,2.4491336015053093,0.22517579817213118,2.577620000112802,cpu,cuda:0,0,671.42919921875,43
5317,1,DDT900_num50.txt,fixed,994,8,124.25,7.5124897956848145,3.935490608215332,6.308525826170808e-06,-4.2,-0.29859507,0.23750001192092896,0.04054318368434906,0.18000000715255737,0.3199999928474426,-0.126292331,-0.119820508,0.0028904027837727752,0.791702219418117,0.013175330760922017,0.032693310507706234,0.0003,305,95,97.52407871338167,3.9526071548461914,6.239747524261475,10.192354679107666,430,0.12513439846225083,0,0,TRUE,pair,136,1.493371600518003,5.202213278238922,35,0,7.3088235294117645,1.493371600518003,0.15850600018166006,2.204298498807475,cpu,cuda:0,0,671.42724609375,41
5318,1,DDT900_num50.txt,fixed,1057,8,132.125,6.5467071533203125,4.48912239074707,5.127385520609096e-06,-4.04,-0.297969869,0.2475000023841858,0.031523801386356354,0.20000000298023224,0.30000001192092896,-0.139320577,-0.133547036,0.0018749624723568559,0.6711026770727975,0.015629844885552302,0.05589591419058187,0.0003,301,99,92.63742636341304,4.505252122879028,6.904823064804077,11.410075187683105,448,0.1357717984355986,0,0,TRUE,pair,145,1.7627329009119421,5.0283822138126775,35,0,7.289655172413793,1.7627329009119421,0.17812800034880638,2.458228200674057,cpu,cuda:0,0,671.42919921875,44
5319,1,DDT900_num50.txt,fixed,1019,8,127.375,9.961645126342773,5.362930774688721,7.262967301358003e-06,-4.16,-0.323449981,0.23999999463558197,0.04358898475766182,0.18000000715255737,0.3199999928474426,-0.188838456,-0.182774393,0.0025916763309699795,0.7359900027513504,0.01516827922508431,0.028365279858311016,0.0003,304,96,93.60960450384856,5.380206108093262,5.505429029464722,10.885635137557983,446,0.1451172991655767,0,0,TRUE,pair,150,2.6388724986463785,5.043179589469019,35,0,6.793333333333333,2.6388724986463785,0.22402560082264245,2.4008810014929622,cpu,cuda:0,0,671.42724609375,42
5320,1,DDT900_num50.txt,fixed,1097,8,137.125,13.138089179992676,4.887535572052002,6.768736511730822e-06,-3.6,-0.286636005,0.2750000059604645,0.06383572518825531,0.18000000715255737,0.4000000059604645,0.209795743227005,0.2149726003408432,0.001806007232517004,0.607987105846405,0.03422563150525093,0.018518518656492233,0.0003,290,110,213.62649271298108,4.904752254486084,0.2303786277770996,5.135130882263184,438,0.13809630228206515,0,0,TRUE,pair,152,2.078273500315845,4.943482224356617,36,0,7.217105263157895,2.078273500315845,0.2140087999869138,2.4969735983759165,cpu,cuda:0,0,102.5039063,40
5321,1,DDT900_num50.txt,fixed,988,8,123.5,9.96242904663086,4.021925926208496,7.898458534327801e-06,-4.32,-0.299042712,0.23000000417232513,0.019999995827674866,0.20000000298023224,0.25999999046325684,-0.177610483,-0.172201817,0.0031065475324996645,0.6961936818228828,0.019031982661949262,0.05665902979671955,0.0003,308,92,93.04145107373448,4.037357807159424,6.5815651416778564,10.61892294883728,425,0.129505597287789,0,0,TRUE,pair,141,1.5037871000822634,5.187246964045381,40,0,7.00709219858156,1.5037871000822634,0.1612423041369766,2.275348902447149,cpu,cuda:0,0,671.42724609375,40
5322,1,DDT900_num50.txt,fixed,985,8,123.125,6.734936714172363,4.489312171936035,1.7059011952369474e-05,-4.56,-0.314797746,0.2150000035762787,0.027838820591568947,0.1599999964237213,0.25999999046325684,-0.135254239,-0.128747736,0.0024386074859648944,0.7725818991661072,0.016826511779800057,0.03834483176469803,0.0003,314,86,113.59969634812091,4.520749568939209,4.15004825592041,8.67079782485962,445,0.13736950140446424,0,0,TRUE,pair,133,1.9064195004757494,5.232487306740079,35,0,7.406015037593985,1.9064195004757494,0.1754116027150303,2.321028000442311,cpu,cuda:0,0,671.42724609375,41
5323,1,DDT900_num50.txt,fixed,1054,8,131.75,15.594470024108887,4.664923191070557,8.657253601995762e-06,-4.4,-0.34332258,0.2250000238418579,0.038405727595090866,0.18000000715255737,0.30000001192092896,-0.138444358,-0.133478678,0.0033274461166001856,0.6629405642549197,0.008518956524009505,0.04680654794598619,0.0003,310,90,64.5081838841943,4.680683851242065,11.658328294754028,16.339012145996094,451,0.13847370189614594,0,0,TRUE,pair,156,2.01759470324032,4.902277044146065,30,0,6.756410256410256,2.01759470324032,0.18354689655825496,2.3728944985195994,cpu,cuda:0,0,671.42919921875,42
5324,1,DDT900_num50.txt,fixed,1060,8,132.5,9.05538558959961,5.202085494995117,6.540235062857391e-06,-4,-0.338900105,0.25,0.03162277862429619,0.20000000298023224,0.2800000011920929,-0.42362313,-0.419933354,0.0029945108108222485,0.518703560034434,0.012155153982651731,0.035648148506879807,0.0003,300,100,152.96836111932367,5.219038009643555,1.7104995250701904,6.929537534713745,447,0.1473591981921345,0,0,TRUE,pair,148,2.3700296985916793,5.033018868374374,50,0,7.162162162162162,2.3700296985916793,0.20889749960042536,2.525395303964615,cpu,cuda:0,0,331.3662109,42
5325,1,DDT900_num50.txt,fixed,1084,8,135.5,13.711309432983398,4.326144218444824,8.35656283015851e-06,-3.84,-0.300223457,0.25999999046325684,0.026457516476511955,0.2199999988079071,0.30000001192092896,-0.121499562,-0.11663565,0.0022667189128696918,0.5997272968292237,0.01577469453914091,0.05310455691069364,0.0003,296,104,102.7187149212227,4.341906785964966,6.211184740066528,10.553091526031494,449,0.1308221984654665,0,0,TRUE,pair,160,1.680411400506273,4.837638370445294,32,0,6.775,1.680411400506273,0.17719719978049397,2.3794028041884303,cpu,cuda:0,0,671.42919921875,40
5326,1,DDT900_num50.txt,fixed,1010,8,126.25,4.085033893585205,4.54232931137085,4.9840318752103485e-06,-4.28,-0.309065627,0.23250001668930054,0.02436698041856289,0.20000000298023224,0.25999999046325684,-0.190695657,-0.185438666,0.0029958102968521416,0.6754903967181841,0.019064283042098396,0.06263508182018995,0.0003,307,93,64.89557186469798,4.557916164398193,11.005549430847168,15.563465595245361,437,0.13422059989534318,0,0,TRUE,pair,132,1.917913501150906,5.081188118339766,35,0,7.651515151515151,1.917913501150906,0.1829256978817284,2.3513546991162,cpu,cuda:0,0,671.42724609375,42
5327,1,DDT900_num50.txt,fixed,1085,8,135.625,8.615937232971191,5.709985733032227,6.8168537836754695e-06,-3.96,-0.284746492,0.2524999976158142,0.039921801537275314,0.20000000298023224,0.3400000035762787,0.006448788859415799,0.011588942492380738,0.002421218450763263,0.6350762918591499,0.01441334989635834,0.04164421162568033,0.0003,299,101,51.20590505885087,5.72595739364624,15.463005065917969,21.18896245956421,451,0.14681539963930845,0,0,TRUE,pair,146,2.6546799982897937,4.676497694534091,25,0,7.431506849315069,2.6546799982897937,0.25325389695353806,2.689385302364826,cpu,cuda:0,0,671.42919921875,41
5328,1,DDT900_num50.txt,fixed,1051,8,131.375,11.56435775756836,4.170416831970215,6.572746769961668e-06,-4.04,-0.289421217,0.2475000023841858,0.039921797811985016,0.20000000298023224,0.3199999928474426,-0.090252029,-0.08410837,0.002518178947502747,0.7402749985456467,0.013339843362336979,0.028245418798178434,0.0003,301,99,79.23635356072239,4.185970306396484,9.07814335823059,13.264113664627075,437,0.12659869971685112,0,0,TRUE,pair,148,1.576331899734214,5.176974310861328,45,0,7.101351351351352,1.576331899734214,0.17208279855549335,2.335292194504291,cpu,cuda:0,0,671.42919921875,41
5329,1,DDT900_num50.txt,fixed,1028,8,128.5,16.96319580078125,5.299188137054443,8.981136488728225e-06,-3.84,-0.313959367,0.25999999046325684,0.05656854808330536,0.18000000715255737,0.36000001430511475,-0.156946996,-0.151960412,0.002734673931263387,0.635392564535141,0.027252543868962677,0.05700833760201931,0.0003,296,104,95.50476833372159,5.315528154373169,5.4483323097229,10.76386046409607,418,0.14204269996844232,0,0,TRUE,pair,157,2.428376900497824,4.971789883500407,40,0,6.547770700636943,2.428376900497824,0.24549000011757016,2.5108430990949273,cpu,cuda:0,0,671.42919921875,41
5330,1,DDT900_num50.txt,fixed,1054,8,131.75,13.67250919342041,6.04207706451416,1.8097054635290988e-05,-3.56,-0.303544114,0.2774999737739563,0.05332682654261589,0.20000000298023224,0.36000001430511475,-0.120390303,-0.114464412,0.0025784433470107614,0.721511510014534,0.040223838564998005,0.04566749520599842,0.0003,289,111,67.76270648344071,6.059223413467407,9.495054960250854,15.554278373718262,427,0.14385389513336122,0,0,TRUE,pair,150,2.9592550988309085,5.074003790089935,50,0,7.026666666666666,2.9592550988309085,0.30712260073050857,2.651020100340247,cpu,cuda:0,0,671.42919921875,42
5331,1,DDT900_num50.txt,fixed,1117,8,139.625,15.01613712310791,4.508053779602051,1.0206153092440218e-05,-3.44,-0.301746147,0.2850000262260437,0.05545268952846527,0.2199999988079071,0.36000001430511475,-0.270054162,-0.266634706,0.0027824390563182533,0.4810677617788315,0.024354182416573167,0.0590053740888834,0.0003,286,114,195.4058826250278,4.523333787918091,1.1929731369018555,5.716306924819946,431,0.12462539901025593,0,0,TRUE,pair,159,1.715927101438865,4.860340197169578,35,0,7.0251572327044025,1.715927101438865,0.18785879691131413,2.5116503965109587,cpu,cuda:0,0,341.48388671875,41
5332,1,DDT900_num50.txt,fixed,1063,8,132.875,6.029873371124268,4.195615768432617,5.272232101560803e-06,-4,-0.306411827,0.25,0.026457516476511955,0.2199999988079071,0.30000001192092896,-0.238109414,-0.232280141,0.0024348857663830537,0.7046718663639493,0.006604824040550739,0.049999999503294625,0.0003,300,100,50.65024614850159,4.211240768432617,16.775824069976807,20.987064838409424,433,0.1251263990998268,0,0,TRUE,pair,145,1.5868983995169401,5.037629352239428,30,0,7.3310344827586205,1.5868983995169401,0.17339559691026807,2.348596595460549,cpu,cuda:0,0,671.42919921875,44
5333,1,DDT900_num50.txt,fixed,1122,8,140.25,9.509862899780273,6.387863636016846,6.592176760022994e-06,-3.44,-0.278263923,0.2849999964237213,0.02397915907204151,0.25999999046325684,0.3199999928474426,0.0021074790507555007,0.008349028881639242,0.0020482081861700864,0.7265652269124985,0.01361981404479593,0.08298532553017139,0.0003,286,114,70.02000577507704,6.405705451965332,9.618286371231079,16.02399182319641,441,0.17042060056701303,0,0,TRUE,pair,156,2.8411556982900947,4.839572189750943,30,0,7.1923076923076925,2.8411556982900947,0.3293219986371696,3.066741099813953,cpu,cuda:0,0,671.4296875,44
5334,1,DDT900_num50.txt,fixed,1039,8,129.875,14.495149612426758,4.157751560211182,8.348055416718125e-06,-3.88,-0.288357144,0.2574999928474426,0.052380822598934174,0.18000000715255737,0.36000001430511475,-0.064883913,-0.05766092,0.0017229545992449857,0.8084470927715302,0.023149447559262626,0.07162815937772393,0.0003,297,103,115.26651584100577,4.17403507232666,4.839857578277588,9.013892650604248,430,0.1298679958563298,0,0,TRUE,pair,153,1.5811572016682476,5.120307990286188,30,0,6.790849673202614,1.5811572016682476,0.17499370221048594,2.314149303128943,cpu,cuda:0,0,671.42919921875,44
5335,1,DDT900_num50.txt,fixed,1025,8,128.125,7.639330863952637,4.235028266906738,5.9125886764377356e-06,-3.96,-0.286954347,0.2524999976158142,0.033071886748075485,0.20000000298023224,0.3199999928474426,-0.143460674,-0.137339848,0.002188855297087381,0.7215243975321451,0.012665082186382884,0.045253703681131206,0.0003,299,101,120.38705433332021,4.251416921615601,4.262787580490112,8.514204502105713,430,0.1263227006420493,0,0,TRUE,pair,142,1.636577402241528,5.107317074101146,40,0,7.21830985915493,1.636577402241528,0.18376820627599955,2.3269272015895694,cpu,cuda:0,0,671.42919921875,44
5336,1,DDT900_num50.txt,fixed,1131,8,141.375,12.175153732299805,4.465892314910889,7.36593801775598e-06,-3.24,-0.274617488,0.29749998450279236,0.03230712562799454,0.25999999046325684,0.36000001430511475,-0.025446616,-0.019629335,0.002346994588151574,0.6990774869918823,0.0358984885038808,0.06739841047674418,0.0003,281,119,120.03769902502347,4.4811482429504395,4.940891742706299,9.422039985656738,425,0.12391959922388196,0,0,TRUE,pair,157,1.67872009659186,4.792219273080666,50,0,7.203821656050955,1.67872009659186,0.19204659899696708,2.500141298165545,cpu,cuda:0,0,671.4296875,45
5337,1,DDT900_num50.txt,fixed,1023,8,127.875,4.255511283874512,4.922116756439209,4.476304638956208e-06,-3.96,-0.278420392,0.2524999976158142,0.013919411227107048,0.23999999463558197,0.2800000011920929,-0.169466817,-0.162867141,0.001945606421213597,0.757248443365097,0.03896947530447505,0.03950720503926277,0.0003,299,101,100.48648928539788,4.940072059631348,5.240401029586792,10.18047308921814,433,0.1399012985639274,0,0,TRUE,pair,135,2.1871599999722093,5.1622678375896704,35,0,7.5777777777777775,2.1871599999722093,0.2145737032406032,2.423360997578129,cpu,cuda:0,0,671.42724609375,46
5338,1,DDT900_num50.txt,fixed,1066,8,133.25,12.676257133483887,5.982621669769287,6.32939554634504e-05,-3.84,-0.263437827,0.2600000202655792,0.04358898848295212,0.20000000298023224,0.3199999928474426,-0.023282047,-0.016558728,0.0022475284240499604,0.784708209335804,0.012892070573798264,0.06831063248682767,0.0003,296,104,49.567892153998805,6.001736879348755,15.504120111465454,21.50585699081421,441,0.160267299041152,0,0,TRUE,pair,151,2.752842701971531,5.1435272056211,35,0,7.059602649006623,2.752842701971531,0.27886890107765794,2.8306010018568486,cpu,cuda:0,0,671.42919921875,46
5339,1,DDT900_num50.txt,fixed,1120,8,140,13.086252212524414,4.418371677398682,7.970101250975858e-06,-3.6,-0.272142109,0.2749999761581421,0.031224992126226425,0.2199999988079071,0.3199999928474426,-0.069982302,-0.063660888,0.0025084892055019735,0.7575664341449737,0.012024515075609088,0.03871120335534215,0.0003,290,110,127.20191371758726,4.43488883972168,4.370010137557983,8.804898977279663,438,0.1286168994847685,0,0,TRUE,pair,153,1.6367611994501203,4.762500000851495,50,0,7.3202614379084965,1.6367611994501203,0.18870079494081438,2.4984599037561566,cpu,cuda:0,0,671.4296875,46
5340,1,DDT900_num50.txt,fixed,1001,8,125.125,13.769871711730957,5.2847900390625,2.39815199165605e-05,-4.24,-0.285437063,0.23499999940395355,0.051720403134822845,0.1599999964237213,0.3199999928474426,-0.268749016,-0.262183423,0.0029354493405359485,0.803330679734548,0.014890961901983246,0.06832892711584766,0.0003,306,94,91.29465492791829,5.3039209842681885,5.660576343536377,10.964497327804565,419,0.14458429999649525,0,0,TRUE,pair,150,2.478850699495524,5.196803196088656,55,0,6.673333333333333,2.478850699495524,0.23662870191037655,2.4684707983396947,cpu,cuda:0,0,671.42724609375,47
5341,1,DDT900_num50.txt,fixed,1016,8,127,12.913171768188477,5.388263702392578,8.611169505456928e-06,-4.36,-0.297088746,0.22750000655651093,0.034550685435533524,0.18000000715255737,0.2800000011920929,-0.389105958,-0.382703001,0.0014913904306013137,0.7148660719394684,0.014479568868409842,0.06583861168473959,0.0003,309,91,143.20162034358808,5.404998779296875,1.6898930072784424,7.094891786575317,437,0.14700340060517192,0,0,TRUE,pair,150,2.6115930983796716,5.182086612999909,40,0,6.773333333333333,2.6115930983796716,0.26790680456906557,2.4032357942778617,cpu,cuda:0,0,333.48486328125,47
5342,1,DDT900_num50.txt,fixed,1099,8,137.375,11.85261058807373,4.361536026000977,7.712757906119805e-06,-3.44,-0.267382542,0.2849999964237213,0.035707149654626846,0.25999999046325684,0.36000001430511475,-0.085447952,-0.078898366,0.0019132507004542276,0.7506210630138715,0.022236316134997953,0.0577593632042408,0.0003,286,114,80.71002662120773,4.377302169799805,9.23934555053711,13.616647720336914,424,0.12675459776073694,0,0,TRUE,pair,154,1.6418276992626488,4.859872611356497,40,0,7.136363636363637,1.6418276992626488,0.18411009944975376,2.4436177001334727,cpu,cuda:0,0,671.4296875,47
5343,1,DDT900_num50.txt,fixed,1031,8,128.875,13.559475898742676,5.4571099281311035,8.113241165119689e-06,-4.08,-0.293361976,0.24500000476837158,0.03570714592933655,0.20000000298023224,0.30000001192092896,-0.160288927,-0.15450631,0.0032108105369843543,0.7388027111689249,0.011133258745151883,0.010347961448132992,0.0003,302,98,91.60458261924488,5.47381854057312,5.781076908111572,11.254895448684692,417,0.14226229838095605,0,0,TRUE,pair,147,2.521142001496628,4.867119297602012,40,0,7.01360544217687,2.521142001496628,0.24150520702823997,2.585752297891304,cpu,cuda:0,0,671.42919921875,48
5344,1,DDT900_num50.txt,fixed,1055,8,131.875,11.994138717651367,4.710209369659424,6.899736490595387e-06,-3.84,-0.30308328,0.25999999046325684,0.03162277862429619,0.20000000298023224,0.30000001192092896,-0.211804965,-0.205324695,0.0020934030995704233,0.7526967227458954,0.01795840838458389,0.036161065101623535,0.0003,296,104,128.14042714434044,4.726194381713867,3.50696063041687,8.233155012130737,424,0.1296574017032981,0,0,TRUE,pair,147,1.972155099036172,4.9165876779511075,30,0,7.1768707482993195,1.972155099036172,0.22941329865716398,2.408991000149399,cpu,cuda:0,0,671.42919921875,48
5345,1,DDT900_num50.txt,fixed,1060,8,132.5,9.260129928588867,4.199914455413818,6.50537685942254e-06,-4.32,-0.279230747,0.23000000417232513,0.04472135752439499,0.18000000715255737,0.3199999928474426,-0.204850493,-0.198914626,0.002780198069688465,0.7325966017586845,0.018469172030953423,0.06391842902771064,0.0003,308,92,109.27317702908876,4.2162699699401855,5.48418927192688,9.700459241867065,451,0.12857840000651777,0,0,TRUE,pair,149,1.5826948990579695,5.054716981806845,40,0,7.114093959731544,1.5826948990579695,0.17432500422000885,2.3555885958485305,cpu,cuda:0,0,671.42919921875,48
5346,1,DDT900_num50.txt,fixed,1109,8,138.625,9.499177932739258,5.571981430053711,4.8276083361997735e-06,-3.28,-0.285399462,0.29499998688697815,0.031224992126226425,0.25999999046325684,0.3400000035762787,-0.114950448,-0.109302014,0.00310885465296451,0.720286663621664,0.017000354171614163,0.06072822236455977,0.0003,282,118,82.30881306297535,5.588465213775635,7.885183095932007,13.473648309707642,437,0.1474707021843642,0,0,TRUE,pair,148,2.5465616004075855,4.709648331185522,44,0,7.493243243243243,2.5465616004075855,0.2381547004915774,2.6800542012788355,cpu,cuda:0,0,671.4296875,49
5347,1,DDT900_num50.txt,fixed,1047,8,130.875,10.87930965423584,4.340011119842529,6.699095592921367e-06,-3.44,-0.270386071,0.2849999964237213,0.045552175492048264,0.23999999463558197,0.36000001430511475,-0.330325773,-0.32517976,0.002070210292004049,0.6181112080812454,0.029481647186912596,0.05738636665046215,0.0003,286,114,190.26284156336587,4.355767488479614,1.147146224975586,5.5029137134552,425,0.1256452996749431,0,0,TRUE,pair,146,1.7320992010645568,4.951289399419382,40,0,7.171232876712328,1.7320992010645568,0.18152589723467827,2.3368602036498487,cpu,cuda:0,0,331.3662109,48
5348,1,DDT900_num50.txt,fixed,1051,8,131.375,13.855842590332031,4.1776814460754395,8.639178304292727e-06,-3.56,-0.250228842,0.2775000035762787,0.04175823926925659,0.2199999988079071,0.3400000035762787,-0.104798209,-0.097847354,0.0021707098322539505,0.8036217066374692,0.011205119631168518,0.06102073954587633,0.0003,289,111,82.89308239207168,4.193763017654419,8.485220193862915,12.678983211517334,430,0.12526140012778342,0,0,TRUE,pair,152,1.5886742984876037,4.726926732017923,32,0,6.9144736842105265,1.5886742984876037,0.17356489971280098,2.328816896537319,cpu,cuda:0,0,671.42919921875,49
5349,1,DDT900_num50.txt,fixed,1087,8,135.875,13.706180572509766,5.266988754272461,8.798905582807492e-06,-3.8,-0.261271507,0.26249998807907104,0.029047375544905663,0.2199999988079071,0.3199999928474426,-0.061965291,-0.055470759,0.001936338776431512,0.7462703809142113,0.008391277224291116,0.03762234514579177,0.0003,295,105,86.72723551247726,5.28516149520874,7.248386859893799,12.533548355102539,449,0.14815450087189674,0,0,TRUE,pair,155,2.4618472983129323,5.06715731261077,40,0,7.012903225806451,2.4618472983129323,0.20870800013653934,2.497304406017065,cpu,cuda:0,0,671.42919921875,50
5350,1,DDT900_num50.txt,fixed,1034,8,129.25,11.2444429397583,4.374849319458008,8.093950782495085e-06,-3.96,-0.290309683,0.2524999976158142,0.051901351660490036,0.18000000715255737,0.36000001430511475,-0.25150038,-0.245026559,0.003220579968506677,0.8084108084440231,0.013339929528430931,0.09137722911934058,0.0003,299,101,57.972343692930416,4.396602153778076,13.439488887786865,17.83609104156494,433,0.13408590015023947,0,0,TRUE,pair,147,1.6760334016289562,5.3346228207564215,55,0,7.034013605442177,1.6760334016289562,0.18313329759985209,2.4250953015871346,cpu,cuda:0,0,671.42919921875,50
5351,1,DDT900_num50.txt,fixed,1059,8,132.375,5.121950149536133,5.577470302581787,4.65984840047895e-06,-3.92,-0.274128057,0.2549999952316284,0.02958040125668049,0.20000000298023224,0.30000001192092896,-0.236523966,-0.229531256,0.0018579807688689067,0.79216987060176,0.0075492346400601994,0.06003897911351588,0.0003,298,102,55.32088676217968,5.595031976699829,13.547828197479248,19.142860174179077,453,0.15932760131545365,0,0,TRUE,pair,141,2.5311913017649204,5.264400377939961,35,0,7.51063829787234,2.5311913017649204,0.26716700848191977,2.6645179027691483,cpu,cuda:0,0,671.42919921875,50
5352,1,DDT900_num50.txt,fixed,1108,8,138.5,11.412712097167969,5.276938438415527,6.189706255099736e-06,-3.72,-0.275549933,0.26749998331069946,0.0386490635573864,0.2199999988079071,0.3199999928474426,-0.051661879,-0.044782199,0.002150571541278623,0.7954966686666012,0.009317287174781086,0.07052758033387363,0.0003,293,107,59.66128658096294,5.294355630874634,13.277151346206665,18.5715069770813,443,0.14286069967783988,0,0,TRUE,pair,153,2.287486001616344,4.900722023812442,45,0,7.241830065359477,2.287486001616344,0.2295674958731979,2.6502922012005,cpu,cuda:0,0,671.4296875,50
5353,1,DDT900_num50.txt,fixed,1141,8,142.625,7.261843681335449,5.143261909484863,4.856955911236582e-06,-3.2,-0.257700378,0.29999998211860657,0.026457512751221657,0.25999999046325684,0.3400000035762787,-0.084806343,-0.078166498,0.001919756701681763,0.7599723424230304,0.013925431063398719,0.1028888039290905,0.0003,280,120,89.24292031530044,5.159446716308594,7.625881195068359,12.785327911376953,437,0.1968951963353902,0,0,TRUE,pair,150,2.084961399435997,5.2261174387518095,44,0,7.6066666666666665,2.084961399435997,0.21894190250895917,2.7317871977575123,cpu,cuda:0,0,671.4296875,51
5354,1,DDT900_num50.txt,fixed,1022,8,127.75,7.644442558288574,5.5661468505859375,5.813210009364411e-06,-3.68,-0.260024762,0.26999998092651367,0.026457516476511955,0.23999999463558197,0.3199999928474426,-0.332135124,-0.32492177,0.0019331903729055608,0.8179939431803567,0.02561318433643984,0.07321202462272984,0.0003,292,108,90.19671524595928,5.5838401317596436,5.7469494342803955,11.330789566040039,433,0.15011770138517022,0,0,TRUE,pair,140,2.579898400232196,5.383561646168479,40,0,7.3,2.579898400232196,0.24328970280475914,2.633734996197745,cpu,cuda:0,0,671.42724609375,51
5355,1,DDT900_num50.txt,fixed,1081,8,135.125,7.720710754394531,4.299404621124268,5.783801043435233e-06,-3.76,-0.268715831,0.26500001549720764,0.03278719633817673,0.23999999463558197,0.3400000035762787,-0.297815144,-0.288581289,0.0006981155602261424,0.9582912027835846,0.062175295199267566,0.05952381156384945,0.0003,294,106,235.2802613028945,4.315221548080444,0.2792990207672119,4.594520568847656,439,0.12579469825141132,0,0,TRUE,pair,145,1.6342297999653965,5.2321924135488675,80,0,7.455172413793103,1.6342297999653965,0.1820743998978287,2.3929717000573874,cpu,cuda:0,0,76.99414063,49
5356,1,DDT900_num50.txt,fixed,1062,8,132.75,11.266654014587402,4.293027400970459,7.679521331738215e-06,-3.6,-0.273989844,0.2750000059604645,0.05074445903301239,0.20000000298023224,0.3400000035762787,-0.06966211,-0.0622823,0.0019192053199124832,0.833941325545311,0.018979906589568902,0.03719983218858639,0.0003,290,110,120.54090535434679,4.311413288116455,4.498873949050903,8.810287237167358,448,0.1318775024265051,0,0,TRUE,pair,156,1.6166972015053034,5.088512241279114,45,0,6.8076923076923075,1.6166972015053034,0.17785780364647508,2.4101262979675084,cpu,cuda:0,0,671.42919921875,50
5357,1,DDT900_num50.txt,fixed,1032,8,129,11.554220199584961,4.827144145965576,7.160500445024809e-06,-3.92,-0.280074283,0.2549999952316284,0.048733972012996674,0.20000000298023224,0.3400000035762787,-0.134056753,-0.127284615,0.0023666260143121085,0.7955449968576431,0.02981427074215996,0.03835942316800356,0.0003,298,102,95.76086103238562,4.8437535762786865,5.933091878890991,10.776845455169678,426,0.13681189785711467,0,0,TRUE,pair,152,2.139014600077644,5.032945737127186,35,0,6.7894736842105265,2.139014600077644,0.19014109671115875,2.405889299698174,cpu,cuda:0,0,671.42919921875,51
5358,1,DDT900_num50.txt,fixed,1026,8,128.25,6.8693156242370605,5.576771259307861,6.3729603425599635e-06,-3.6,-0.247040545,0.2749999761581421,0.029580404981970787,0.23999999463558197,0.3400000035762787,-0.152894193,-0.145972192,0.0018781781363941263,0.7861090116202831,0.013497517764335498,0.050708859227597713,0.0003,290,110,84.9212451475755,5.594351053237915,6.487431287765503,12.081782341003418,437,0.15455430187284946,0,0,TRUE,pair,141,2.6027053997386247,5.1345029239766085,35,0,7.276595744680851,2.6027053997386247,0.26101649668999016,2.6049676910042763,cpu,cuda:0,0,671.42919921875,51
5359,1,DDT900_num50.txt,fixed,1076,8,134.5,12.278029441833496,4.3040900230407715,6.938758815522306e-06,-3.56,-0.240235581,0.2774999737739563,0.04736823961138725,0.20000000298023224,0.3400000035762787,-0.078111119,-0.071702573,0.0021189636427152436,0.7468028552830219,0.009642403354519047,0.046898253029212356,0.0003,289,111,90.5060508849369,4.31938910484314,7.569318771362305,11.888707876205444,442,0.13036889885552227,0,0,TRUE,pair,157,1.6464245980605483,5.113382901400882,40,0,6.853503184713376,1.6464245980605483,0.1776491974014789,2.3900918040890247,cpu,cuda:0,0,671.42919921875,52
5360,1,DDT900_num50.txt,fixed,1037,8,129.625,5.360445499420166,5.620422840118408,2.1751040549133904e-05,-4.12,-0.262064696,0.24250000715255737,0.033819373697042465,0.20000000298023224,0.30000001192092896,-0.205797854,-0.199740348,0.002239488604986532,0.7177247350866144,0.014421950009736147,0.06775958734479817,0.0003,303,97,62.23027185006314,5.638325452804565,11.025590181350708,16.663915634155273,450,0.15045420243404806,0,0,TRUE,pair,142,2.6912675995845348,5.249758920651162,56,0,7.302816901408451,2.6912675995845348,0.23229999816976488,2.5938735010568053,cpu,cuda:0,0,671.42919921875,52
5361,1,DDT900_num50.txt,fixed,1139,8,142.375,7.712611198425293,4.58143424987793,5.796072855446255e-06,-3.04,-0.254961751,0.3099999725818634,0.03162277489900589,0.2800000011920929,0.3799999952316284,0.14003470757355294,0.14653754824151596,0.0017419012923104067,0.7373787810405096,0.015677844271219026,0.04798879101872444,0.0003,276,124,121.76988713584339,4.597386121749878,4.756322145462036,9.353708267211914,433,0.12724920082837343,0,0,TRUE,pair,152,1.7158383966889232,5.014925370203811,40,0,7.493421052631579,1.7158383966889232,0.19063409883528948,2.5226017048116773,cpu,cuda:0,0,671.4296875,51
5362,1,DDT900_num50.txt,fixed,1073,8,134.125,5.644411087036133,4.2467427253723145,5.336530193744693e-06,-3.52,-0.264473504,0.2800000011920929,0.026457516476511955,0.23999999463558197,0.3199999928474426,0.004299372434616089,0.01136997900903225,0.0020729534735437483,0.8107088878750801,0.01695190678583458,0.0654629748314619,0.0003,288,112,115.2174146414133,4.2629594802856445,5.049868822097778,9.312828302383423,444,0.1315408991649747,0,0,TRUE,pair,145,1.6035963017493486,5.2246039120371055,40,0,7.4,1.6035963017493486,0.17982700583525002,2.374327704310417,cpu,cuda:0,0,671.42919921875,49
5363,1,DDT900_num50.txt,fixed,1073,8,134.125,9.597362518310547,4.277324199676514,7.385205663013039e-06,-3.6,-0.270413879,0.2749999761581421,0.02397916093468666,0.23999999463558197,0.3199999928474426,0.026406865566968918,0.03466545045375824,0.0018214420269941911,0.9169303923845291,0.03304371572448872,0.06775435153394938,0.0003,290,110,138.847444776103,4.293267488479614,3.434638500213623,7.727905988693237,437,0.1262104983907193,0,0,TRUE,pair,145,1.6213165007065982,5.2152842482116215,40,0,7.4,1.6213165007065982,0.18323629908263683,2.3832578025758266,cpu,cuda:0,0,671.42919921875,47
5364,1,DDT900_num50.txt,fixed,1041,8,130.125,10.635289192199707,4.232357978820801,7.651713531231508e-06,-3.92,-0.290390734,0.2549999952316284,0.034278273582458496,0.20000000298023224,0.30000001192092896,-0.244764087,-0.238213604,0.0013942566195813317,0.7247622311115265,0.014590544354481002,0.03765690326690674,0.0003,298,102,181.31013681797083,4.249624967575073,1.4919183254241943,5.741543292999268,418,0.1852833025623113,0,0,TRUE,pair,145,1.5510763004422188,5.3294908725562635,55,0,7.179310344827586,1.5510763004422188,0.17290810402482748,2.4215343929827213,cpu,cuda:0,0,330.34423828125,47
5365,1,DDT900_num50.txt,fixed,1003,8,125.375,10.319127082824707,4.2667999267578125,8.241837349487469e-06,-3.92,-0.291149737,0.2549999952316284,0.031224988400936127,0.2199999988079071,0.3199999928474426,-0.15350613,-0.146204317,0.0022905774181708693,0.8447096943855286,0.012606865726411343,0.041951176896691325,0.0003,298,102,119.6413391248844,4.282970428466797,4.100419521331787,8.383389949798584,430,0.1309867005329579,0,0,TRUE,pair,141,1.7292933999560773,5.358923231022189,35,0,7.113475177304965,1.7292933999560773,0.19054770120419562,2.260354003403336,cpu,cuda:0,0,671.42724609375,45
5366,1,DDT900_num50.txt,fixed,996,8,124.5,13.573871612548828,3.9669363498687744,7.753187674097717e-06,-4.04,-0.311050688,0.2475000023841858,0.05285593867301941,0.18000000715255737,0.36000001430511475,-0.232898099,-0.225604517,0.0032890999912827588,0.8938135355710983,0.019571471178399708,0.040868315224846206,0.0003,301,99,120.53361364468113,3.981905937194824,4.281349182128906,8.26325511932373,426,0.12430640123784542,0,0,TRUE,pair,151,1.4949173990171403,5.269076307375268,36,0,6.596026490066225,1.4949173990171403,0.16380849876441061,2.2259519933722913,cpu,cuda:0,0,671.42724609375,45
5367,1,DDT900_num50.txt,fixed,1018,8,127.25,9.934158325195312,5.311121940612793,1.1523290595505387e-05,-4.32,-0.301249055,0.23000000417232513,0.03741657733917236,0.1599999964237213,0.30000001192092896,-0.210978901,-0.203903341,0.0023878937121480704,0.8269504547119141,0.014947034046053886,0.08826902322471142,0.0003,308,92,95.17216569294922,5.332104206085205,5.364300489425659,10.696404695510864,447,0.1525402986444533,0,0,TRUE,pair,145,2.3752571002114564,5.248526524701147,35,0,7.020689655172414,2.3752571002114564,0.24953410029411316,2.575420301873237,cpu,cuda:0,0,671.42724609375,45
5368,1,DDT900_num50.txt,fixed,1045,8,130.625,10.135796546936035,4.3071417808532715,6.120442321844166e-06,-4.04,-0.296826955,0.2475000023841858,0.017139136791229248,0.2199999988079071,0.2800000011920929,-0.552887812,-0.548068951,0.00293142032266284,0.6284591058890024,0.021084083079282816,0.05007558378080527,0.0003,301,99,185.2623983176007,4.323444604873657,1.3172035217285156,5.640648126602173,442,0.1291408978868276,0,0,TRUE,pair,153,1.7373801986686885,5.005741628163169,35,0,6.830065359477124,1.7373801986686885,0.17641900246962905,2.3068578960373998,cpu,cuda:0,0,337.5556641,43
5369,1,DDT900_num50.txt,fixed,1092,8,136.5,9.93730354309082,4.37013578414917,6.316967755992664e-06,-3.56,-0.298034994,0.2775000035762787,0.04175823926925659,0.2199999988079071,0.36000001430511475,-0.133971863,-0.127503722,0.002081558376731765,0.7508917881382836,0.010233032575342804,0.06933533400297165,0.0003,289,111,52.9820763704308,4.386074066162109,16.224669694900513,20.610743761062622,441,0.1296121987979859,0,0,TRUE,pair,151,1.6365450986195356,4.8186813188996505,30,0,7.231788079470198,1.6365450986195356,0.17793249594978988,2.4663615017198026,cpu,cuda:0,0,671.4296875,44
5370,1,DDT900_num50.txt,fixed,1085,8,135.625,13.462331771850586,4.824389457702637,9.16284534469014e-06,-3.84,-0.296885096,0.25999999046325684,0.055677641183137894,0.18000000715255737,0.3799999952316284,-0.125281889,-0.118638019,0.001541559254595389,0.7414647605684068,0.0390416046914955,0.03399676208694776,0.0003,296,104,102.9506107298691,4.842165231704712,5.696868896484375,10.539034128189087,441,0.14418659964576364,0,0,TRUE,pair,156,2.0515148967970163,4.992626727671118,56,0,6.955128205128205,2.0515148967970163,0.19095999421551824,2.489101299783215,cpu,cuda:0,0,671.42919921875,43
5371,1,DDT900_num50.txt,fixed,1001,8,125.125,12.683034896850586,4.071727275848389,8.058759703999385e-06,-3.88,-0.301746376,0.2574999928474426,0.03929058462381363,0.18000000715255737,0.30000001192092896,-0.033491012,-0.025886455,0.0017328418471151963,0.8470978699624538,0.007611908185936045,0.03886100510135293,0.0003,297,103,110.75774005262663,4.087756872177124,4.949986219406128,9.037743091583252,434,0.18513999762944877,0,0,TRUE,pair,141,1.513286798959598,5.53246753103845,40,0,7.099290780141844,1.513286798959598,0.16863239649683237,2.3059806004166603,cpu,cuda:0,0,671.42724609375,43
5372,1,DDT900_num50.txt,fixed,1080,8,135,13.964240074157715,5.233004570007324,7.699849447817542e-06,-3.4,-0.271802896,0.2874999940395355,0.04993746429681778,0.2199999988079071,0.36000001430511475,0.04452121364218848,0.05152609518596104,0.0024278124079241286,0.8218793954168048,0.008206394520779472,0.050177237151988914,0.0003,285,115,95.54904806548042,5.253917932510376,6.049177408218384,11.30309534072876,427,0.13743740157224238,0,0,TRUE,pair,149,2.3886663983576,4.803703699288545,35,0,7.248322147651007,2.3886663983576,0.2287036022171378,2.5108593981713057,cpu,cuda:0,0,671.42919921875,44
5373,1,DDT900_num50.txt,fixed,1108,8,138.5,12.33896255493164,5.762833118438721,8.33613103168318e-06,-3.72,-0.267411089,0.26749998331069946,0.03455068916082382,0.2199999988079071,0.3199999928474426,-0.043088326,-0.036123272,0.0013461314520100132,0.7638121284544468,0.01154703889915254,0.04406988131813705,0.0003,293,107,89.69681277254185,5.784152984619141,6.568571329116821,12.352724313735962,460,0.1624927979428321,0,0,TRUE,pair,156,2.681121597997844,4.828519854304592,45,0,7.102564102564102,2.681121597997844,0.24957590666599572,2.71734710666351,cpu,cuda:0,0,671.4296875,43
5374,1,DDT900_num50.txt,fixed,1005,8,125.625,13.882880210876465,4.213124752044678,8.135979442158714e-06,-4.32,-0.289552812,0.23000000417232513,0.037416569888591766,0.20000000298023224,0.3199999928474426,-0.226914197,-0.221071745,0.0036243383462230363,0.7654623140891393,0.010364085911229873,0.03489590405176083,0.0003,308,92,118.1306711101447,4.231018543243408,4.276509523391724,8.507528066635132,445,0.13238890073262155,0,0,TRUE,pair,154,1.716064600739628,5.0696517431913914,36,0,6.525974025974026,1.716064600739628,0.16806850209832191,2.24465339910239,cpu,cuda:0,0,671.42724609375,41
5375,1,DDT900_num50.txt,fixed,1142,8,142.75,13.122023582458496,4.6161789894104,7.552639999630628e-06,-3.2,-0.297706997,0.30000001192092896,0.04472136124968529,0.2199999988079071,0.36000001430511475,0.05237457032004992,0.05981518949071566,0.002154091722331941,0.8517665316661199,0.009916955411123732,0.056401810919245086,0.0003,280,120,109.96527014145241,4.632657527923584,5.752439498901367,10.385097026824951,444,0.13173680449835956,0,0,TRUE,pair,156,1.8095810997765511,4.72416812379807,50,0,7.32051282051282,1.8095810997765511,0.19015239737927914,2.520836499053985,cpu,cuda:0,0,671.4296875,42
5376,1,DDT900_num50.txt,fixed,1039,8,129.875,8.623188018798828,4.889026641845703,6.814164225943387e-05,-3.88,-0.280253572,0.2574999928474426,0.03230711817741394,0.2199999988079071,0.3199999928474426,-0.204879589,-0.198074152,0.0017636521176124613,0.7687267710765203,0.009615987616901597,0.049821670477588974,0.0003,297,103,101.09285677020259,4.9151880741119385,5.362491607666016,10.277679681777954,446,0.1463475995697081,0,0,TRUE,pair,146,2.1480405014008284,5.019249276775254,40,0,7.116438356164384,2.1480405014008284,0.20562339504249394,2.4403471015393734,cpu,cuda:0,0,671.42919921875,41
5377,1,DDT900_num50.txt,fixed,1022,8,127.75,12.626855850219727,4.137824535369873,7.531914434366627e-06,-3.88,-0.277652089,0.2574999928474426,0.044087979942560196,0.2199999988079071,0.3400000035762787,-0.220957279,-0.214679569,0.0029226492333691567,0.773903951048851,0.011785714440823844,0.057333447970449924,0.0003,297,103,120.67295021550277,4.153357267379761,4.315814971923828,8.469172239303589,440,0.12706079799681902,0,0,TRUE,pair,151,1.5693174982443452,5.056751466310654,40,0,6.768211920529802,1.5693174982443452,0.1661633998155594,2.3187662984710187,cpu,cuda:0,0,671.42724609375,41
5378,1,DDT900_num50.txt,fixed,990,8,123.75,14.228053092956543,3.9546499252319336,8.198185241781175e-06,-4.36,-0.305801453,0.22750000655651093,0.0607762336730957,0.1599999964237213,0.36000001430511475,-0.198498512,-0.19296509,0.004356018415736881,0.7711432142691179,0.021914733716667713,0.10104754634878853,0.0003,309,91,75.52789326217157,3.970665693283081,9.13707447052002,13.1077401638031,434,0.12791769951581955,0,0,TRUE,pair,152,1.5246392984408885,5.0222222243896635,35,0,6.5131578947368425,1.5246392984408885,0.1595650005619973,2.1896773986518383,cpu,cuda:0,0,671.42724609375,42
5379,1,DDT900_num50.txt,fixed,1041,8,130.125,8.936407089233398,4.332860946655273,6.55325902698678e-06,-4.2,-0.275800195,0.23750001192092896,0.04293891042470932,0.18000000715255737,0.30000001192092896,-0.199063483,-0.192950301,0.0024795102783375317,0.7352941201792823,0.009356315541986583,0.05254634593923887,0.0003,305,95,59.09347060575636,4.349782228469849,13.266377210617065,17.616159439086914,445,0.13449100404977798,0,0,TRUE,pair,151,1.7507705988828093,4.909702210788195,35,0,6.894039735099338,1.7507705988828093,0.17858510208316147,2.3170029018074274,cpu,cuda:0,0,671.42919921875,41
5380,1,DDT900_num50.txt,fixed,1025,8,128.125,5.372092247009277,5.128326892852783,4.750456355395727e-06,-4.32,-0.262807482,0.22999998927116394,0.028284264728426933,0.18000000715255737,0.25999999046325684,-0.259975127,-0.253416882,0.0020803114554534354,0.75983959933122,0.00885403987679941,0.05639624549075961,0.0003,308,92,64.68064481365505,5.144730806350708,10.702359199523926,15.847090005874634,457,0.1418511993251741,0,0,TRUE,pair,136,2.3737313002347946,5.120975610919115,40,0,7.536764705882353,2.3737313002347946,0.2108939061872661,2.441910701105371,cpu,cuda:0,0,671.42919921875,41
5381,1,DDT900_num50.txt,fixed,1122,8,140.25,13.055171012878418,4.453330039978027,6.274079169088509e-06,-3.48,-0.254646352,0.2824999988079071,0.05695393308997154,0.20000000298023224,0.36000001430511475,0.13464203476905823,0.1381870061159134,0.0011092785280197859,0.4099615216255188,0.06023869290947914,0.05859375,0.0003,287,113,200.96589368540418,4.470139265060425,1.1128976345062256,5.58303689956665,448,0.13037219806574285,0,0,TRUE,pair,157,1.691746597411111,4.625668449304108,30,0,7.146496815286624,1.691746597411111,0.1826373003423214,2.487278203247115,cpu,cuda:0,0,350.0566406,40
5382,1,DDT900_num50.txt,fixed,1018,8,127.25,5.402545928955078,4.131191730499268,5.402693204814568e-06,-4.12,-0.261821525,0.24250000715255737,0.03230711817741394,0.20000000298023224,0.2800000011920929,-0.263876358,-0.257313867,0.0026635592156607243,0.7894267721308602,0.007775689468770806,0.0718107206436495,0.0003,303,97,52.760093088947926,4.14733362197876,15.147552728652954,19.294886350631714,456,0.19312999956309795,0,0,TRUE,pair,136,1.5587517993990332,4.884086440729018,30,0,7.485294117647059,1.5587517993990332,0.16075300029478967,2.3290562962647527,cpu,cuda:0,0,671.42724609375,42
5383,1,DDT900_num50.txt,fixed,984,8,123,13.601470947265625,3.9916114807128906,7.884052138251718e-06,-4.48,-0.270734852,0.2200000286102295,0.041231054812669754,0.18000000715255737,0.30000001192092896,-0.134061143,-0.127710737,0.0031645841954741627,0.7932697385549545,0.007917776372778462,0.03588927397504449,0.0003,312,88,106.48712903168378,4.00567102432251,5.234882354736328,9.240553379058838,444,0.18824639939703047,0,0,TRUE,pair,150,1.5037559000775218,4.96036584832804,28,0,6.56,1.5037559000775218,0.16041169688105583,2.2465375994797796,cpu,cuda:0,0,671.42724609375,40
5384,1,DDT900_num50.txt,fixed,988,8,123.5,2.5495097637176514,4.826988697052002,3.989505785284564e-06,-4.36,-0.31237738,0.22750000655651093,0.026339128613471985,0.18000000715255737,0.25999999046325684,-0.136713406,-0.129663202,0.003116607920012691,0.8608514178882946,0.011384495407004248,0.047065881165591156,0.0003,309,91,73.83828961013675,4.843036413192749,8.53755521774292,13.380591630935669,446,0.13992320140823722,0,0,TRUE,pair,129,2.166799900587648,5.044534414162038,35,0,7.658914728682171,2.166799900587648,0.20889380434527993,2.3541261011268944,cpu,cuda:0,0,671.42724609375,40
5385,1,DDT900_num50.txt,fixed,1038,8,129.75,12.346558570861816,4.183251857757568,7.3928986239479855e-06,-4.04,-0.303603958,0.2475000023841858,0.031523801386356354,0.20000000298023224,0.2800000011920929,-0.099642089,-0.092734888,0.0030688433713900545,0.8441623946030935,0.013077210499128947,0.059248086996376514,0.0003,301,99,119.1829059189838,4.198822259902954,4.5104804039001465,8.7093026638031,440,0.13098219875246286,0,0,TRUE,pair,151,1.585180399240926,4.968208090648027,40,0,6.874172185430464,1.585180399240926,0.17457270016893744,2.33646919997409,cpu,cuda:0,0,671.42919921875,41
5386,1,DDT900_num50.txt,fixed,1060,8,132.5,13.304134368896484,5.373134613037109,7.323371391976252e-06,-3.88,-0.28109103,0.257500022649765,0.056953929364681244,0.18000000715255737,0.36000001430511475,0.05421376849214236,0.0605341928700606,0.002595216346283754,0.7618036270141602,0.008609173625397185,0.06576485590388377,0.0003,297,103,94.60834144104197,5.390436172485352,5.813649892807007,11.204086065292358,442,0.14528680173680186,0,0,TRUE,pair,151,2.5062895009759814,4.893396224165863,32,0,7.0198675496688745,2.5062895009759814,0.23144690110348165,2.530277597019449,cpu,cuda:0,0,671.42919921875,41
5387,1,DDT900_num50.txt,fixed,1011,8,126.375,11.335094451904297,4.47921085357666,6.991805094003212e-06,-4.12,-0.271918441,0.24250000715255737,0.05141741409897804,0.20000000298023224,0.36000001430511475,-0.07061735,-0.063921241,0.0024591913097538054,0.7925707101821899,0.015405096712735636,0.014106741175055504,0.0003,303,97,115.6776541180205,4.495553255081177,4.244250535964966,8.739803791046143,434,0.1313541983254254,0,0,TRUE,pair,153,1.920719499932602,5.07616221138325,36,0,6.607843137254902,1.920719499932602,0.20156690222211182,2.269723797449842,cpu,cuda:0,0,671.42724609375,40
5388,1,DDT900_num50.txt,fixed,985,8,123.125,11.285361289978027,4.028392791748047,6.426254458347103e-06,-4.48,-0.283977107,0.2199999988079071,0.033166248351335526,0.1599999964237213,0.2800000011920929,-0.163045074,-0.156306267,0.0018289045547135174,0.7653256873289744,0.00847137118689716,0.04898867563654979,0.0003,312,88,52.795571100432525,4.0439488887786865,14.612919092178345,18.65686798095703,440,0.1341035997029394,0,0,TRUE,pair,148,1.5756891993805766,4.985786801546358,32,0,6.655405405405405,1.5756891993805766,0.16226709517650306,2.2083983023185283,cpu,cuda:0,0,671.42724609375,42
5389,1,DDT900_num50.txt,fixed,1034,8,129.25,9.601431846618652,5.97304630279541,5.8570471992425155e-06,-3.84,-0.261225257,0.25999999046325684,0.033166248351335526,0.2199999988079071,0.3400000035762787,-0.067906806,-0.061973836,0.002998702897457406,0.7432322725653648,0.01541941164759919,0.06965166795998812,0.0003,296,104,94.57076145668762,5.999807596206665,4.933804273605347,10.933611869812012,444,0.17127719847485423,0,0,TRUE,pair,150,2.837030799826607,5.01837524339355,30,0,6.8933333333333335,2.837030799826607,0.2959690969437361,2.7199465928133577,cpu,cuda:0,0,671.42919921875,42
5390,1,DDT900_num50.txt,fixed,1039,8,129.875,14.709159851074219,4.196850776672363,7.835234100639354e-06,-4.12,-0.276190746,0.24250000715255737,0.051417410373687744,0.18000000715255737,0.36000001430511475,-0.209641352,-0.202873027,0.002547394313082537,0.8042021095752716,0.01219716331722927,0.04512219991096679,0.0003,303,97,56.14541722316512,4.213103532791138,14.29241394996643,18.50551748275757,444,0.1327744978480041,0,0,TRUE,pair,157,1.6252679978497326,5.019249277004723,30,0,6.617834394904459,1.6252679978497326,0.1678420016542077,2.3175416998565197,cpu,cuda:0,0,671.42919921875,44
5391,1,DDT900_num50.txt,fixed,1058,8,132.25,10.8253173828125,6.732516765594482,7.569555236841552e-06,-3.92,-0.285813333,0.2549999952316284,0.029580404981970787,0.2199999988079071,0.30000001192092896,-0.102741648,-0.095657987,0.0015286492513647925,0.7847983837127686,0.012201479674937824,0.06665612074236076,0.0003,298,102,86.18184041349507,6.750452280044556,5.525915861129761,12.276368141174316,439,0.18152810563333333,0,0,TRUE,pair,157,3.342330699088052,4.999054819965182,35,0,6.738853503184713,3.342330699088052,0.347807998303324,2.901524899993092,cpu,cuda:0,0,671.42919921875,44
5392,1,DDT900_num50.txt,fixed,1104,8,138,9.110433578491211,4.476462364196777,7.026272669463651e-06,-3.68,-0.279790357,0.26999998092651367,0.022360684350132942,0.2199999988079071,0.30000001192092896,-0.017909984,-0.010679316,0.0011573220399441198,0.7809329479932785,0.014432834956096485,0.05594298290088773,0.0003,292,108,185.42559726974758,4.492726802825928,1.4611437320709229,5.953870534896851,450,0.19211389776319265,0,0,TRUE,pair,153,1.676155700115487,4.803442031145096,35,0,7.215686274509804,1.676155700115487,0.1822587011847645,2.526182104833424,cpu,cuda:0,0,315.6962891,43
5393,1,DDT900_num50.txt,fixed,1082,8,135.25,14.5150785446167,4.310164928436279,8.845618140185252e-06,-3.56,-0.269664756,0.2775000035762787,0.04175823554396629,0.20000000298023224,0.3400000035762787,0.16109433770179749,0.1655290424823761,0.0012391695054247975,0.5054301023483276,0.04075471684336662,0.06666667014360428,0.0003,289,111,201.67632036099687,4.32629656791687,1.0387358665466309,5.365032434463501,439,0.1289895004592836,0,0,TRUE,pair,153,1.6524500013329089,4.842883550746163,30,0,7.071895424836601,1.6524500013329089,0.17761920392513275,2.3908308011014014,cpu,cuda:0,0,331.3662109,43
5394,1,DDT900_num50.txt,fixed,1048,8,131,12.942178726196289,5.732051849365234,2.4259017664007843e-05,-3.76,-0.270206626,0.26500001549720764,0.051720403134822845,0.20000000298023224,0.3400000035762787,-0.071751259,-0.064873994,0.0020413448136033757,0.7897939596857343,0.015760602296463082,0.1079107400562082,0.0003,294,106,81.16534334126787,5.753044366836548,7.158870458602905,12.911914825439453,430,0.16772690275684,0,0,TRUE,pair,155,2.5025567000266165,4.920801525011317,30,0,6.7612903225806456,2.5025567000266165,0.25994780217297375,2.8466954925097525,cpu,cuda:0,0,671.42919921875,45
5395,1,DDT900_num50.txt,fixed,1044,8,130.5,10.234745025634766,5.876903533935547,7.3928986239479855e-06,-3.84,-0.262032061,0.2600000202655792,0.04690416157245636,0.20000000298023224,0.3400000035762787,-0.067915561,-0.060772526,0.0021507923665922135,0.8218430678049723,0.014746870583621785,0.040567662877341114,0.0003,296,104,101.82545922633965,5.894466876983643,4.358371734619141,10.252838611602783,426,0.16419450007379055,0,0,TRUE,pair,152,2.649728300748393,5.054597700921055,35,0,6.868421052631579,2.649728300748393,0.2874847997445613,2.812151706079021,cpu,cuda:0,0,671.42919921875,45
5396,1,DDT900_num50.txt,fixed,1028,8,128.5,9.93730354309082,4.085944652557373,7.727484444330912e-06,-4.04,-0.271461835,0.2475000023841858,0.01984313316643238,0.2199999988079071,0.2800000011920929,-0.182699665,-0.175182779,0.0019423788115899595,0.8488073630465401,0.004912513120669044,0.045532989108728036,0.0003,301,99,55.23443458217651,4.102631330490112,14.508946895599365,18.611578226089478,421,0.1235565000679344,0,0,TRUE,pair,146,1.546367100905627,5.263618673795856,48,0,7.041095890410959,1.546367100905627,0.169259300455451,2.2857296993024647,cpu,cuda:0,0,671.42919921875,46
5397,1,DDT900_num50.txt,fixed,1092,8,136.5,11.423659324645996,5.114933013916016,7.3272512963740155e-06,-3.36,-0.26026178,0.28999999165534973,0.033166248351335526,0.2199999988079071,0.3400000035762787,0.12021145969629288,0.1305498480796814,0.00048471917398273945,1.0580739974975586,0.29754310846328735,0.1428571492433548,0.0003,284,116,208.98408105781579,5.131263256072998,0.09401512145996094,5.225278377532959,436,0.14365119929425418,0,0,TRUE,pair,154,2.220955500844866,4.820512820731152,35,0,7.090909090909091,2.220955500844866,0.23116699792444706,2.5579406993929297,cpu,cuda:0,0,59.46240234,43
5398,1,DDT900_num50.txt,fixed,1075,8,134.375,11.820929527282715,4.361576080322266,7.927194019430317e-06,-3.68,-0.270286423,0.27000001072883606,0.04690416157245636,0.2199999988079071,0.36000001430511475,-0.049672363,-0.04243343,0.001607437847673686,0.8042654063966539,0.00818059090589587,0.05770747518787781,0.0003,292,108,55.32279660267766,4.377265453338623,15.054145574569702,19.431411027908325,428,0.12836019974201918,0,0,TRUE,pair,152,1.6754414006136358,4.981395345066869,56,0,7.072368421052632,1.6754414006136358,0.18147519882768393,2.413747000740841,cpu,cuda:0,0,671.42919921875,47
5399,1,DDT900_num50.txt,fixed,1128,8,141,10.392304420471191,6.163990497589111,4.151256871409714e-05,-3.72,-0.278394312,0.26750001311302185,0.04575751721858978,0.2199999988079071,0.36000001430511475,0.0339930173009634,0.04140978828072548,0.002330063469707966,0.8581801354885101,0.009730485605541617,0.04409355744719505,0.0003,293,107,104.41053224319026,6.184196949005127,4.6193108558654785,10.803507804870605,452,0.15752740297466516,0,0,TRUE,pair,151,2.9183374030981213,4.966312056103496,50,0,7.470198675496689,2.9183374030981213,0.2954611014574766,2.8249887011479586,cpu,cuda:0,0,671.4296875,47
5400,1,DDT900_num50.txt,fixed,1124,8,140.5,10.344079971313477,4.547049045562744,6.244564247026574e-06,-3.4,-0.308406637,0.2874999940395355,0.04683748632669449,0.23999999463558197,0.3799999952316284,-0.123835187,-0.116898034,0.0025678349484223872,0.8221070840954781,0.02267638494959101,0.09182794392108917,0.0003,285,115,189.10262673239535,4.5632359981536865,1.3806264400482178,5.943862438201904,434,0.13041919842362404,0,0,TRUE,pair,155,1.6811326008755714,5.0578291795856165,40,0,7.251612903225807,1.6811326008755714,0.1887946017086506,2.5819867027457803,cpu,cuda:0,0,311.0800781,46
5401,1,DDT900_num50.txt,fixed,1040,8,130,12.913171768188477,4.435086727142334,8.82631866261363e-06,-4.36,-0.331708431,0.22749999165534973,0.041155193001031876,0.18000000715255737,0.30000001192092896,-0.139840946,-0.130917876,0.0020613827177190353,0.9953760376998356,0.010620026791002601,0.04402931260743311,0.0003,309,91,68.53141270673066,4.452814102172852,10.722708463668823,15.175522565841675,436,0.13096600165590644,0,0,TRUE,pair,149,1.8131666011177003,5.367307688639714,35,0,6.97986577181208,1.8131666011177003,0.18094560410827398,2.350105804624036,cpu,cuda:0,0,671.42919921875,47
5402,1,DDT900_num50.txt,fixed,1096,8,137,11.586629867553711,4.358194828033447,6.262743681872962e-06,-3.68,-0.325683641,0.27000001072883606,0.04898979514837265,0.2199999988079071,0.3799999952316284,0.047659831387656074,0.05669352585183723,0.001871904545363837,0.9969646462372371,0.01652918031738539,0.09640246470059667,0.0003,292,108,77.23115456174507,4.377168416976929,9.813995838165283,14.191164255142212,442,0.12789010349661112,0,0,TRUE,pair,152,1.6519521998707205,5.427007296877186,40,0,7.2105263157894735,1.6519521998707205,0.18606019648723304,2.428394997259602,cpu,cuda:0,0,671.4296875,47
5403,1,DDT900_num50.txt,fixed,1058,8,132.25,7.774156093597412,4.144743919372559,6.3439056248171255e-06,-3.84,-0.315437643,0.25999999046325684,0.036055512726306915,0.20000000298023224,0.3199999928474426,-0.07462953,-0.066020562,0.0020915003972024554,0.9654719001717038,0.009913195180059928,0.08016698310772578,0.0003,296,104,55.1835197075266,4.16175389289856,15.010636806488037,19.172390699386597,425,0.12529189931228757,0,0,TRUE,pair,142,1.5511638009920716,5.551039700021366,50,0,7.450704225352113,1.5511638009920716,0.17758910660631955,2.3288571999873966,cpu,cuda:0,0,671.42919921875,49
5404,1,DDT900_num50.txt,fixed,1076,8,134.5,10.747092247009277,5.77568244934082,7.202056622190867e-06,-3.92,-0.296828243,0.2549999952316284,0.04213074967265129,0.20000000298023224,0.3400000035762787,-0.061259996,-0.05237975,0.0019894295287991148,0.987495955493715,0.009440874136796791,0.07008023699745536,0.0003,298,102,55.06837270751463,5.798043489456177,13.741302728652954,19.53934621810913,428,0.15710549848154187,0,0,TRUE,pair,149,2.6568207012023777,5.675650558507132,56,0,7.221476510067114,2.6568207012023777,0.2657673009671271,2.731440596282482,cpu,cuda:0,0,671.42919921875,48
5405,1,DDT900_num50.txt,fixed,1080,8,135,10.700467109680176,4.933567047119141,1.91025210369844e-05,-3.88,-0.269175678,0.2574999928474426,0.047368235886096954,0.20000000298023224,0.3400000035762787,0.008780979551374912,0.01674834471195936,0.0019793984945863487,0.8957064747810364,0.01375924606109038,0.05656536854803562,0.0003,297,103,107.14587881863669,4.956005096435547,5.123710632324219,10.079715728759766,448,0.15632339636795223,0,0,TRUE,pair,158,2.039893098641187,5.612962961196899,55,0,6.8354430379746836,2.039893098641187,0.20879369950853288,2.5828906996175647,cpu,cuda:0,0,671.42919921875,50
5406,1,DDT900_num50.txt,fixed,1088,8,136,6.892024517059326,4.328595161437988,5.540347046917304e-06,-3.64,-0.237061467,0.27250000834465027,0.04993746057152748,0.20000000298023224,0.3799999952316284,0.06944744175093041,0.07756926843689547,0.002078229891291509,0.916093991862403,0.00955855887150392,0.06504508687390222,0.0003,291,109,90.45882307302396,4.345218658447266,7.682353258132935,12.0275719165802,441,0.1293297002557665,0,0,TRUE,pair,145,1.6332750006113201,5.293198528754361,45,0,7.503448275862069,1.6332750006113201,0.18170100660063326,2.423062896123156,cpu,cuda:0,0,671.42919921875,53
5407,1,DDT900_num50.txt,fixed,1069,8,133.625,4.442338943481445,4.952173709869385,5.886090548301581e-06,-4.08,-0.253195171,0.2449999898672104,0.027838820591568947,0.20000000298023224,0.2800000011920929,-0.09067801,-0.082224781,0.0018761793961113488,0.9391319616274401,0.014399398837915876,0.08399610526182434,0.0003,302,98,68.5013067879057,4.967757225036621,10.637784481048584,15.605541706085205,443,0.13743060128763318,0,0,TRUE,pair,140,2.1829722989350557,5.739943872109209,40,0,7.635714285714286,2.1829722989350557,0.2142358054406941,2.453170503489673,cpu,cuda:0,0,671.42919921875,49
5408,1,DDT900_num50.txt,fixed,1108,8,138.5,9.565563201904297,4.483231544494629,7.72380553826224e-06,-3.84,-0.276828531,0.25999999046325684,0.041231054812669754,0.18000000715255737,0.3400000035762787,-0.052200789,-0.043454072,0.0024648237973451614,0.9979121685028076,0.007806501339655369,0.029680844768881796,0.0003,296,104,122.53548666332772,4.500577926635742,4.541700601577759,9.042278528213501,430,0.12778400164097548,0,0,TRUE,pair,155,1.7304820988792926,5.516245483921753,45,0,7.148387096774194,1.7304820988792926,0.19379669893532991,2.463931603357196,cpu,cuda:0,0,671.4296875,49
5409,1,DDT900_num50.txt,fixed,1090,8,136.25,12.285662651062012,5.490363121032715,7.648686005268246e-05,-3.72,-0.259632886,0.26749998331069946,0.024366991594433784,0.2199999988079071,0.30000001192092896,-0.052016539,-0.043060583,0.001623341197652432,0.9767625331878662,0.011103386408649385,0.060546773951500654,0.0003,293,107,95.70731751840786,5.507057428359985,5.881831407546997,11.388888835906982,453,0.14887050027027726,0,0,TRUE,pair,154,2.435401000082493,5.550458712643439,40,0,7.077922077922078,2.435401000082493,0.2735149026848376,2.664909701794386,cpu,cuda:0,0,671.4296875,51
5410,1,DDT900_num50.txt,fixed,1089,8,136.125,7.096434116363525,4.858373641967773,6.240011316549499e-06,-3.44,-0.248850219,0.2849999964237213,0.052678268402814865,0.23999999463558197,0.41999998688697815,-0.018299679,-0.010624969,0.0019160620189116646,0.8632740179697672,0.012693056875529388,0.04260939359664917,0.0003,286,114,116.3503220893124,4.875581979751587,4.4840826988220215,9.359664678573608,441,0.14025429938919842,0,0,TRUE,pair,150,2.052352800965309,5.449954086755589,45,0,7.26,2.052352800965309,0.22348780208267272,2.4830330973491073,cpu,cuda:0,0,671.4296875,50
5411,1,DDT900_num50.txt,fixed,1120,8,140,8.077747344970703,4.433656215667725,4.886127044301247e-06,-3.6,-0.253278897,0.2749999761581421,0.02958039939403534,0.23999999463558197,0.3199999928474426,0.04608752168715,0.05378353074193001,0.0017677583848126233,0.8579886436462403,0.016012269095517694,0.03538225702941418,0.0003,290,110,119.97865443565352,4.4496636390686035,4.8853302001953125,9.334993839263916,429,0.1256790990009904,0,0,TRUE,pair,149,1.6754268989898264,5.174107142857143,35,0,7.516778523489933,1.6754268989898264,0.18893120461143553,2.4751384989358485,cpu,cuda:0,0,671.4296875,50
5412,1,DDT900_num50.txt,fixed,1066,8,133.25,9.9215669631958,5.303908824920654,5.284428334562108e-05,-3.8,-0.254613351,0.26249998807907104,0.05141741409897804,0.18000000715255737,0.36000001430511475,-0.181886457,-0.175052712,0.0019646529496336975,0.7816067636013031,0.009391155414050445,0.02206183100740115,0.0003,295,105,94.3437003983106,5.323200225830078,5.975911378860474,11.299111604690552,420,0.19515700242482126,0,0,TRUE,pair,151,2.4641450999770314,5.285178235503119,36,0,7.059602649006623,2.4641450999770314,0.2078408058732748,2.535351400496438,cpu,cuda:0,0,671.42919921875,55
5413,1,DDT900_num50.txt,fixed,1107,8,138.375,10.534912109375,4.99618673324585,8.272815648524556e-06,-3.4,-0.258477957,0.2874999940395355,0.05471516773104668,0.20000000298023224,0.3799999952316284,-0.541204035,-0.538654566,0.002634927863255143,0.38669127225875854,0.041505683213472366,0.060465116053819656,0.0003,285,115,187.83613368530754,5.014580488204956,0.8788542747497559,5.893434762954712,435,0.13550630072131753,0,0,TRUE,pair,155,2.1674677988048643,5.12375790252272,35,0,7.141935483870967,2.1674677988048643,0.21237810119055212,2.51331769884564,cpu,cuda:0,0,301.1054688,50
5414,1,DDT900_num50.txt,fixed,1101,8,137.625,8.543088912963867,4.340427398681641,5.917393536947202e-06,-3.72,-0.252211371,0.26750001311302185,0.037332963198423386,0.20000000298023224,0.3400000035762787,-0.128938548,-0.122562425,0.001559801195980981,0.7156027307113012,0.01797303749481216,0.06390116363763809,0.0003,293,107,121.62964281842515,4.355985879898071,4.6960837841033936,9.052069664001465,448,0.13168120384216309,0,0,TRUE,pair,157,1.647079800721258,4.906448685397461,25,0,7.012738853503185,1.647079800721258,0.17857039696536958,2.4240233986638486,cpu,cuda:0,0,671.4296875,50
5415,1,DDT900_num50.txt,fixed,1097,8,137.125,9.584329605102539,5.163416862487793,3.9743026718497276e-05,-3.4,-0.250523908,0.2874999940395355,0.051901351660490036,0.20000000298023224,0.36000001430511475,-0.461187512,-0.456846327,0.0012306583812460303,0.495651975274086,0.0716855744831264,0.025254668667912483,0.0003,285,115,162.67598552645055,5.194361209869385,1.549104928970337,6.743466138839722,452,0.14237690507434309,0,0,TRUE,pair,148,2.2398392010945827,5.145852323652075,40,0,7.412162162162162,2.2398392010945827,0.21362869744189084,2.611184496432543,cpu,cuda:0,0,341.48388671875,50
5416,1,DDT900_num50.txt,fixed,1123,8,140.375,9.642840385437012,4.445638179779053,7.33500473870663e-06,-3.44,-0.24319693,0.2849999964237213,0.03708099201321602,0.2199999988079071,0.3199999928474426,-0.047733871,-0.040927038,0.0021117406399247963,0.7862703965769874,0.009184375605804639,0.07429457517961661,0.0003,286,114,57.54434283697999,4.461169242858887,15.054215669631958,19.515384912490845,451,0.13471209909766912,0,0,TRUE,pair,154,1.6649414007551968,5.191451465669532,45,0,7.292207792207792,1.6649414007551968,0.18542100070044398,2.502060498809442,cpu,cuda:0,0,671.4296875,51
5417,1,DDT900_num50.txt,fixed,1118,8,139.75,9.256753921508789,5.960353374481201,6.779225714126369e-06,-3.32,-0.225066103,0.29250001907348633,0.02633913792669773,0.25999999046325684,0.3400000035762787,-0.099605123,-0.093035391,0.0016304491598728215,0.7384954028659396,0.010352741073196134,0.09292533869544665,0.0003,283,117,76.94335827876981,5.9777045249938965,8.552464485168457,14.530169010162354,423,0.15597709803842008,0,0,TRUE,pair,156,2.718550802208483,5.217352414600325,55,0,7.166666666666667,2.718550802208483,0.2552305015269667,2.8658549005631357,cpu,cuda:0,0,671.4296875,51
5418,1,DDT900_num50.txt,fixed,1116,8,139.5,8.32165813446045,4.448031425476074,6.806422334193485e-06,-3.36,-0.218573677,0.28999999165534973,0.024494903162121773,0.25999999046325684,0.3400000035762787,-0.102489933,-0.096239012,0.0016549133773272235,0.7078373730182648,0.01821113160500924,0.058017512472967304,0.0003,284,116,122.77123828631106,4.465177059173584,4.624899864196777,9.090076923370361,449,0.13346690102480352,0,0,TRUE,pair,151,1.6884012003429234,5.163978494196383,45,0,7.3907284768211925,1.6884012003429234,0.18694050097838044,2.479870105627924,cpu,cuda:0,0,671.4296875,51
5419,1,DDT900_num50.txt,fixed,1102,8,137.75,7.258615493774414,5.268562316894531,5.524935659195762e-06,-3.44,-0.21571943,0.2849999666213989,0.03708099573850632,0.2199999988079071,0.3400000035762787,-0.087867744,-0.082401681,0.0013341832818696275,0.6133153066039085,0.015076170675456524,0.05063676927238703,0.0003,286,114,99.26375417124316,5.283905982971191,5.8178300857543945,11.101736068725586,453,0.13925000047311187,0,0,TRUE,pair,147,2.364560700254515,4.9936479124529605,40,0,7.496598639455782,2.364560700254515,0.2071000011637807,2.595768594648689,cpu,cuda:0,0,671.4296875,51
5420,1,DDT900_num50.txt,fixed,1122,8,140.25,8.685476303100586,4.577037334442139,6.821021997893695e-06,-3.16,-0.229086966,0.3024999797344208,0.03526684269309044,0.23999999463558197,0.3400000035762787,-0.195309922,-0.189797958,0.0006144198317391177,0.5819168190161387,0.019986083110173542,0.05712477366129557,0.0003,279,121,186.35219094275456,4.594348192214966,1.4265093803405762,6.020857572555542,445,0.13073509861715138,0,0,TRUE,pair,156,1.776399801718071,5.121212120574638,45,0,7.1923076923076925,1.776399801718071,0.18967950530350208,2.5163924917578697,cpu,cuda:0,0,352.30126953125,50
5421,1,DDT900_num50.txt,fixed,1104,8,138,8.5293607711792,4.644864559173584,6.1965902204974554e-06,-3.68,-0.227210063,0.27000001072883606,0.043588992208242416,0.2199999988079071,0.36000001430511475,-0.490246614,-0.483891139,0.00113228060460339,0.6921617190043131,0.023139163618907332,0.07276695966720581,0.0003,292,108,209.35623181249144,4.662021636962891,0.6112868785858154,5.273308515548706,432,0.13175119925290346,0,0,TRUE,pair,151,1.880319798598066,4.817934785200202,35,0,7.311258278145695,1.880319798598066,0.19864390115253627,2.470362404594198,cpu,cuda:0,0,80.54150391,54
5422,1,DDT900_num50.txt,fixed,994,8,124.25,10.50892448425293,6.07509708404541,7.284458206413547e-06,-3.88,-0.21159455,0.2574999928474426,0.02904737927019596,0.2199999988079071,0.30000001192092896,-0.493871748,-0.488688459,0.001002538619407763,0.5684561431407928,0.05179231986403465,0.04528552542130152,0.0003,297,103,126.60812809390447,6.092393636703491,1.7586030960083008,7.850996732711792,424,0.15188239864073694,0,0,TRUE,pair,140,2.9933316009119153,5.5885311835248705,60,0,7.1,2.9933316009119153,0.3191847975831479,2.6369924016762525,cpu,cuda:0,0,344.53759765625,51
5423,1,DDT900_num50.txt,fixed,1047,8,130.875,14.15483570098877,5.080587387084961,7.90385456639342e-06,-3.56,-0.192637052,0.2775000035762787,0.05043560639023781,0.20000000298023224,0.36000001430511475,-0.19061951,-0.184691085,0.002370072714984417,0.711345112323761,0.01636444653850049,0.07440821677446366,0.0003,289,111,107.51757663055226,5.10605263710022,4.631890058517456,9.737942695617676,438,0.14964289870113134,0,0,TRUE,pair,154,2.2915261988528073,5.215854823760112,45,0,6.798701298701299,2.2915261988528073,0.2079394010361284,2.4833947985898703,cpu,cuda:0,0,671.42919921875,52
5424,1,DDT900_num50.txt,fixed,1023,8,127.875,7.573597431182861,4.5430474281311035,6.2899139265937265e-06,-3.96,-0.189727675,0.2524999976158142,0.026339136064052582,0.20000000298023224,0.30000001192092896,-0.432957053,-0.427859873,0.0003495371202006936,0.5271949768066406,0.13070771098136902,0.03846153989434242,0.0003,299,101,213.96867983066707,4.563613414764404,0.21746015548706055,4.781073570251465,438,0.13219820032827556,0,0,TRUE,pair,143,1.901739399181679,5.156402738213189,35,0,7.153846153846154,1.901739399181679,0.19339660042896867,2.360455096466467,cpu,cuda:0,0,99.49609375,50
5425,1,DDT900_num50.txt,fixed,1056,8,132,10.1118745803833,4.188694953918457,6.743495760019869e-06,-3.52,-0.190069982,0.2800000011920929,0.03605552017688751,0.23999999463558197,0.36000001430511475,-0.317594157,-0.312537619,0.002096577431075275,0.6104820370674133,0.011224091294155056,0.06377119810453483,0.0003,288,112,73.48625385797087,4.206259489059448,10.163774967193604,14.370034456253052,440,0.1297168005257845,0,0,TRUE,pair,153,1.601755200419575,5.007575755318006,30,0,6.901960784313726,1.601755200419575,0.16902879578992724,2.3326636026613414,cpu,cuda:0,0,671.42919921875,52
5426,1,DDT900_num50.txt,fixed,1104,8,138,10.735455513000488,6.027078151702881,6.087849214964081e-06,-3.48,-0.196781602,0.2824999988079071,0.036657195538282394,0.2199999988079071,0.3400000035762787,-0.201035673,-0.195993544,0.0020632251532963263,0.6073738485574722,0.008783971953492325,0.05515492306305812,0.0003,287,113,63.02784484389762,6.043746709823608,11.472321033477783,17.51606774330139,449,0.1569804991595447,0,0,TRUE,pair,157,2.9053754003252834,4.949275362858738,40,0,7.031847133757962,2.9053754003252834,0.29092489718459547,2.7037525926716626,cpu,cuda:0,0,671.4296875,52
5427,1,DDT900_num50.txt,fixed,1097,8,137.125,11.30749225616455,4.643061637878418,1.950156183738727e-05,-3.52,-0.194236979,0.2800000011920929,0.05291502922773361,0.2199999988079071,0.4000000059604645,-0.216509373,-0.212006719,0.0021870570296111205,0.5596183737119039,0.010317247962423911,0.034453535762925945,0.0003,288,112,102.17420000968191,4.665652513504028,6.070913076400757,10.736565589904785,448,0.1361078976187855,0,0,TRUE,pair,159,1.8657374000176787,5.165907020012465,35,0,6.89937106918239,1.8657374000176787,0.1848582960665226,2.4995547051075846,cpu,cuda:0,0,671.4296875,52
5428,1,DDT900_num50.txt,fixed,1121,8,140.125,10.373494148254395,5.9951558113098145,7.592050224047853e-06,-3.32,-0.198936585,0.29249998927116394,0.029895655810832977,0.25999999046325684,0.3400000035762787,-0.127710613,-0.122566798,0.00163443883436478,0.5961036736314947,0.010689200531818311,0.05152844569899819,0.0003,283,117,62.51842879069238,6.012051820755005,11.918661117553711,17.930712938308716,440,0.16058710170909762,0,0,TRUE,pair,155,2.7994127001147717,5.031222121190217,40,0,7.232258064516129,2.7994127001147717,0.2539532002992928,2.821329598547891,cpu,cuda:0,0,671.4296875,51
5429,1,DDT900_num50.txt,fixed,1093,8,136.625,11.510185241699219,5.10047721862793,8.092194548225962e-06,-3.52,-0.216424742,0.2799999713897705,0.026457518339157104,0.25999999046325684,0.3400000035762787,-0.444523484,-0.439710647,0.0007241037747007795,0.5174904353916645,0.011658829113002867,0.06439578533172607,0.0003,288,112,164.5712506799587,5.117642402648926,1.523857831954956,6.641500234603882,455,0.2041700016707182,0,0,TRUE,pair,154,2.2116215007845312,5.093321137327943,50,0,7.097402597402597,2.2116215007845312,0.21406500111334026,2.5750036982353777,cpu,cuda:0,0,321.5546875,49
5430,1,DDT900_num50.txt,fixed,1109,8,138.625,9.150649070739746,4.366299152374268,6.520650003949413e-06,-3.64,-0.207914499,0.2724999785423279,0.04465143010020256,0.23999999463558197,0.3799999952316284,-0.150384428,-0.145032824,0.0016159919355737253,0.615959833893511,0.007254630265783312,0.053294513995448746,0.0003,291,109,56.60155437448673,4.3821210861206055,15.210980415344238,19.593101501464844,457,0.1324154008179903,0,0,TRUE,pair,157,1.625344700179994,5.113615866928513,30,0,7.063694267515924,1.625344700179994,0.17700029606930912,2.472945402842015,cpu,cuda:0,0,671.4296875,46
5431,1,DDT900_num50.txt,fixed,1118,8,139.75,8.24242115020752,4.47457218170166,6.185112852108432e-06,-3.44,-0.214344438,0.2849999964237213,0.03708099201321602,0.25999999046325684,0.3799999952316284,-0.136019184,-0.129896596,0.0013069597706716093,0.6776066571474075,0.01531536782729543,0.053665310558345586,0.0003,286,114,89.88588396373275,4.491594552993774,7.946398496627808,12.437993049621582,452,0.13273490057326853,0,0,TRUE,pair,156,1.6785527982283384,4.834525940883139,35,0,7.166666666666667,1.6785527982283384,0.1788367002736777,2.526251196395606,cpu,cuda:0,0,671.4296875,45
5432,1,DDT900_num50.txt,fixed,1067,8,133.375,7.227335453033447,5.705571174621582,6.63729224470444e-06,-4.12,-0.248143684,0.24250000715255737,0.03526683896780014,0.18000000715255737,0.30000001192092896,-0.31127107,-0.305958786,0.002180827830064421,0.6402686387300491,0.011288163400927765,0.07539355578935808,0.0003,303,97,49.96716102196396,5.722888708114624,15.631136178970337,21.35402488708496,451,0.15488270251080394,0,0,TRUE,pair,145,2.6768260998651385,5.080599813899261,50,0,7.358620689655172,2.6768260998651385,0.2547761998139322,2.6594153030309826,cpu,cuda:0,0,671.42919921875,44
5433,1,DDT900_num50.txt,fixed,1094,8,136.75,6.571719646453857,4.390875816345215,6.1227638070704415e-06,-4,-0.265292972,0.25,0.024494899436831474,0.2199999988079071,0.30000001192092896,-0.325581455,-0.320096695,0.0023105884772828883,0.6640055800477663,0.010125445473628739,0.08913813231305943,0.0003,300,100,51.47141059103709,4.407955646514893,16.846561908721924,21.254517555236816,452,0.1293749005999416,0,0,TRUE,pair,151,1.6612846998032182,5.0749542957250116,40,0,7.245033112582782,1.6612846998032182,0.17637739889323711,2.4645873024128377,cpu,cuda:0,0,671.4296875,44
5434,1,DDT900_num50.txt,fixed,1121,8,140.125,7.785202503204346,4.653419494628906,6.194296474859584e-06,-3.6,-0.259673099,0.2750000059604645,0.031224993988871574,0.20000000298023224,0.30000001192092896,-0.117940872,-0.11270268,0.0019284847741281347,0.6202429128544671,0.010464988116707121,0.04442479022379432,0.0003,290,110,72.82127958161583,4.6761205196380615,10.717731475830078,15.39385199546814,452,0.13629349786788225,0,0,TRUE,pair,153,1.8082650972064584,5.193577164948572,35,0,7.326797385620915,1.8082650972064584,0.18761879671365023,2.5637833988294005,cpu,cuda:0,0,671.4296875,42
5435,1,DDT900_num50.txt,fixed,1068,8,133.5,10.747092247009277,5.63645076751709,7.612612080265535e-06,-3.68,-0.270164036,0.26999998092651367,0.04582575708627701,0.23999999463558197,0.3799999952316284,-0.02518184,-0.018884992,0.0029605208740880093,0.7777106563250223,0.01675335201434791,0.05461266761024793,0.0003,292,108,113.14582286474206,5.653310775756836,3.7858357429504395,9.439146518707275,448,0.15759800001978874,0,0,TRUE,pair,154,2.475733800092712,5.039325842026914,40,0,6.935064935064935,2.475733800092712,0.24919160455465317,2.7986354988534003,cpu,cuda:0,0,671.42919921875,43
5436,1,DDT900_num50.txt,fixed,1122,8,140.25,9.243240356445312,5.417150974273682,6.802245479775593e-06,-3.48,-0.271854631,0.2824999988079071,0.05606915056705475,0.20000000298023224,0.3799999952316284,-0.112812805,-0.108113626,0.00208916643815529,0.5743765268060896,0.00801350865771787,0.05088771155311002,0.0003,287,113,57.465595416906595,5.433581829071045,14.09114408493042,19.524725914001465,441,0.14356939774006605,0,0,TRUE,pair,155,2.3964765002019703,4.820855608810928,45,0,7.2387096774193544,2.3964765002019703,0.2424227986484766,2.6671620989218354,cpu,cuda:0,0,671.4296875,42
5437,1,DDT900_num50.txt,fixed,1070,8,133.75,10.461237907409668,5.468337059020996,7.381356226687785e-06,-3.92,-0.268237484,0.2549999952316284,0.03708099201321602,0.20000000298023224,0.3400000035762787,-0.021070849,-0.015980982,0.001566682137005652,0.5873210529486338,0.061962779805374645,0.052261492858330406,0.0003,298,102,93.12431684308542,5.485641002655029,6.004376173019409,11.490017175674438,451,0.2078069990966469,0,0,TRUE,pair,149,2.53359529748559,5.031775701825864,35,0,7.181208053691275,2.53359529748559,0.23543020011857152,2.592649201862514,cpu,cuda:0,0,671.42919921875,43
5438,1,DDT900_num50.txt,fixed,1104,8,138,8.66025447845459,4.7907891273498535,6.106495220592478e-06,-3.6,-0.285424086,0.2750000059604645,0.02958039939403534,0.2199999988079071,0.3199999928474426,-0.296597362,-0.29181394,0.002366109285503626,0.5966487526893616,0.1445685178041458,0.02380952425301075,0.0003,290,110,221.16464738906726,4.8071372509002686,0.18461894989013672,4.991756200790405,449,0.14280650299042463,0,0,TRUE,pair,154,1.9636425990611315,5.023550725285558,40,0,7.1688311688311686,1.9636425990611315,0.21542499563656747,2.5099428994581103,cpu,cuda:0,0,89.51318359,39
5439,1,DDT900_num50.txt,fixed,1130,8,141.25,11.475517272949219,4.553658485412598,7.278603334270883e-06,-3.56,-0.282605004,0.2775000035762787,0.04054319113492966,0.20000000298023224,0.3400000035762787,0.03136668218807741,0.037034384567629204,0.001539051331664351,0.6437225992029364,0.016646377361294897,0.06009960716420954,0.0003,289,111,75.36993020372063,4.5691540241241455,10.42356252670288,14.992716550827026,455,0.13313369918614626,0,0,TRUE,pair,155,1.7859759996645153,5.02212389211739,35,0,7.290322580645161,1.7859759996645153,0.18755219760350883,2.4859585992526263,cpu,cuda:0,0,671.4296875,42
5440,1,DDT900_num50.txt,fixed,1135,8,141.875,10.03042221069336,5.796017169952393,4.26459482696373e-05,-3.32,-0.278818021,0.29249998927116394,0.037332966923713684,0.23999999463558197,0.36000001430511475,-0.053654237,-0.048468477,0.001910402342521896,0.6140960703293482,0.020161719992756844,0.057609845573703446,0.0003,283,117,94.44394441511368,5.82001256942749,6.19769811630249,12.01771068572998,461,0.14499640162102878,0,0,TRUE,pair,157,2.725109500810504,5.007048460250384,30,0,7.229299363057325,2.725109500810504,0.2436395960394293,2.7120405030436814,cpu,cuda:0,0,671.4296875,42
5441,1,DDT900_num50.txt,fixed,1134,8,141.75,6.533566951751709,5.720825672149658,5.274549766909331e-05,-3.04,-0.264603926,0.3099999725818634,0.019999997690320015,0.2800000011920929,0.3400000035762787,-0.03800844,-0.032555576,0.0019260167027823627,0.6415866985917091,0.019491289363941178,0.05382766202092171,0.0003,276,124,109.1712807738358,5.739869832992554,4.647477388381958,10.387347221374512,434,0.14965029968880117,0,0,TRUE,pair,154,2.5971069999504834,5.089065254049957,35,0,7.363636363636363,2.5971069999504834,0.2799100975971669,2.7199524973984808,cpu,cuda:0,0,671.4296875,42
5442,1,DDT900_num50.txt,fixed,1117,8,139.625,12.358574867248535,4.499788761138916,8.324189366248902e-06,-3.12,-0.259767243,0.3050000071525574,0.053619030863046646,0.2199999988079071,0.4000000059604645,0.02926480888643048,0.03502812676809051,0.0017225880715572698,0.6624613986773924,0.008742334437556565,0.05506319146264683,0.0003,278,122,83.79579809205741,4.516415596008301,8.813608407974243,13.330024003982544,428,0.1249691010452807,0,0,TRUE,pair,157,1.743017498869449,4.919427034144116,32,0,7.114649681528663,1.743017498869449,0.18986490392126143,2.4735143943689764,cpu,cuda:0,0,671.4296875,42
5443,1,DDT900_num50.txt,fixed,1131,8,141.375,13.228165626525879,6.343465328216553,9.966153447749093e-05,-3.28,-0.265370739,0.29499998688697815,0.04663689807057381,0.25999999046325684,0.4000000059604645,-0.043057395,-0.037587743,0.0018673623126232997,0.6403332725167274,0.08574950532056391,0.05602243077009916,0.0003,282,118,104.30213120756615,6.363361835479736,4.4801366329193115,10.843498468399048,451,0.15094480104744434,0,0,TRUE,pair,159,3.1319956004153937,5.151193628049761,35,0,7.113207547169812,3.1319956004153937,0.31434760009869933,2.7759535994846374,cpu,cuda:0,0,671.4296875,41
5444,1,DDT900_num50.txt,fixed,1127,8,140.875,10.552695274353027,4.572216987609863,6.226332061487483e-06,-3.32,-0.264505099,0.29249998927116394,0.041155196726322174,0.2199999988079071,0.36000001430511475,-0.013894872,-0.007528207,0.0013771195081062615,0.7055225819349289,0.008219382932616605,0.06545121419346994,0.0003,283,117,53.03764284443919,4.5884788036346436,16.660580158233643,21.249058961868286,443,0.13200610014609993,0,0,TRUE,pair,159,1.7218920995946974,5.0922803908401395,36,0,7.088050314465409,1.7218920995946974,0.18940299469977617,2.564560800557956,cpu,cuda:0,0,671.4296875,42
5445,1,DDT900_num50.txt,fixed,1031,8,128.875,11.580560684204102,5.139225482940674,7.068618288030848e-06,-3.92,-0.273778498,0.2549999952316284,0.04092676565051079,0.20000000298023224,0.3400000035762787,-0.299427859,-0.29373924,0.0029024190205911345,0.7139828178015623,0.024091117930683224,0.06805955821817572,0.0003,298,102,81.4110406512119,5.157221794128418,7.506908178329468,12.664129972457886,412,0.14087669923901558,0,0,TRUE,pair,146,2.20902569941245,5.383123181377304,55,0,7.061643835616438,2.20902569941245,0.2413327032700181,2.582734098425135,cpu,cuda:0,0,671.42919921875,41
5446,1,DDT900_num50.txt,fixed,1131,8,141.375,8.425222396850586,4.6539506912231445,5.512060397450114e-06,-3.16,-0.269929485,0.30250000953674316,0.03230712562799454,0.25999999046325684,0.36000001430511475,0.09942396271687287,0.10580394904200847,0.0011104313352216894,0.6935203510981339,0.019461486887079306,0.03967742242205601,0.0003,279,121,64.68817418261897,4.669911623001099,12.813964128494263,17.48387575149536,422,0.1289172985125333,0,0,TRUE,pair,152,1.836853500455618,5.038019449072112,45,0,7.440789473684211,1.836853500455618,0.1960154017433524,2.523944992572069,cpu,cuda:0,0,671.4296875,42
5447,1,DDT900_num50.txt,fixed,1093,8,136.625,11.596739768981934,5.008869171142578,8.758435797062702e-06,-3.44,-0.277002319,0.2850000262260437,0.037080999463796616,0.23999999463558197,0.36000001430511475,-0.241169623,-0.235508957,0.0022722619436939973,0.6796801562110583,0.0076067734787809765,0.051400276418361396,0.0003,286,114,59.284620199854075,5.029040575027466,13.40744423866272,18.436484813690186,433,0.1371322979684919,0,0,TRUE,pair,156,2.169221099233255,5.080512350235963,44,0,7.006410256410256,2.169221099233255,0.25176709750667214,2.480546201346442,cpu,cuda:0,0,671.4296875,41
5448,1,DDT900_num50.txt,fixed,1062,8,132.75,13.60836124420166,5.258162498474121,8.134232302836608e-06,-3.64,-0.276343283,0.27250000834465027,0.03455069288611412,0.2199999988079071,0.3199999928474426,-0.11879529,-0.112675946,0.0015545380592811853,0.6896606410543124,0.010765962513687555,0.04861906791726748,0.0003,291,109,62.55538430093629,5.275407075881958,11.70154881477356,16.976955890655518,422,0.20126540353521705,0,0,TRUE,pair,159,2.4494403994176537,5.16949152452573,55,0,6.679245283018868,2.4494403994176537,0.2136276992969215,2.4952720019500703,cpu,cuda:0,0,671.42919921875,42
5449,1,DDT900_num50.txt,fixed,1067,8,133.375,12.092741012573242,5.325745105743408,8.176054507202934e-06,-3.68,-0.257208848,0.27000001072883606,0.04582575708627701,0.20000000298023224,0.3400000035762787,-0.206464916,-0.201005644,0.002344986723203744,0.6631755232810974,0.016293297288939357,0.06712520282183375,0.0003,292,108,105.91384492669941,5.344007253646851,4.7302186489105225,10.074225902557373,431,0.14866450033150613,0,0,TRUE,pair,153,2.291032899869606,4.992502337990236,40,0,6.973856209150327,2.291032899869606,0.25830780155956745,2.662716503953561,cpu,cuda:0,0,671.42919921875,41
5450,1,DDT900_num50.txt,fixed,1060,8,132.5,3.8405728340148926,4.2030768394470215,5.121839421917684e-06,-3.76,-0.241713832,0.26499998569488525,0.027838828042149544,0.2199999988079071,0.30000001192092896,-0.241394885,-0.235932335,0.002153050523096075,0.6539074207345644,0.02148657701521491,0.05438655366500219,0.0003,294,106,122.83826889403866,4.219031095504761,4.410201549530029,8.62923264503479,450,0.13215499697253108,0,0,TRUE,pair,138,1.5871639011893421,4.84056603638631,40,0,7.681159420289855,1.5871639011893421,0.1730379988439381,2.3563923991750926,cpu,cuda:0,0,671.42919921875,40
5451,1,DDT900_num50.txt,fixed,1095,8,136.875,9.439776420593262,5.9309587478637695,4.944642569171265e-05,-3.68,-0.250841568,0.26999998092651367,0.036055516451597214,0.2199999988079071,0.3400000035762787,-0.319526519,-0.314296393,0.0017182894128685196,0.608926256497701,0.015478807158716437,0.05785553198721674,0.0003,292,108,80.30405843709639,5.95429539680481,7.681379079818726,13.635674476623535,459,0.17887680279091,0,0,TRUE,pair,156,2.595827599056065,4.960730593716173,30,0,7.019230769230769,2.595827599056065,0.25853990227915347,2.955083995591849,cpu,cuda:0,0,671.4296875,42
5452,1,DDT900_num50.txt,fixed,1082,8,135.25,8.212034225463867,4.638751029968262,7.066607849992579e-06,-3.52,-0.237258546,0.2800000011920929,0.024494901299476624,0.25999999046325684,0.3400000035762787,-0.239041808,-0.2344914,0.001667282393706652,0.5384041331708431,0.04536101035773754,0.060489909878621496,0.0003,288,112,79.13424830626153,4.654956579208374,9.01801085472107,13.672967433929443,442,0.13719300203956664,0,0,TRUE,pair,153,1.8290527001954615,4.976894639115677,40,0,7.071895424836601,1.8290527001954615,0.19185280264355242,2.523205296136439,cpu,cuda:0,0,671.42919921875,41
5453,1,DDT900_num50.txt,fixed,1082,8,135.25,7.917543888092041,4.8280768394470215,2.613702781673055e-05,-3.52,-0.239296593,0.2800000011920929,0.03741658106446266,0.23999999463558197,0.36000001430511475,-0.242179468,-0.237477409,0.002054722787256146,0.5729422759678628,0.01046138606680971,0.0485820303308881,0.0003,288,112,48.702748303493244,4.84677529335022,17.369630098342896,22.216405391693115,451,0.13871879898943007,0,0,TRUE,pair,153,1.9556670028250664,4.937153419813695,32,0,7.071895424836601,1.9556670028250664,0.1819322006776929,2.5979052986949682,cpu,cuda:0,0,671.42919921875,43
5454,1,DDT900_num50.txt,fixed,1083,8,135.375,13.265910148620605,5.3458356857299805,7.672115316381678e-06,-3.4,-0.224643183,0.2874999940395355,0.04575751721858978,0.2199999988079071,0.36000001430511475,-0.181885723,-0.177073923,0.0024228721643642834,0.6023239841063818,0.025702886710253853,0.061862436744074024,0.0003,285,115,110.90126044578123,5.363243341445923,4.402200222015381,9.765443563461304,439,0.14365789806470275,0,0,TRUE,pair,155,2.325698700034991,5.084949212611437,45,0,6.987096774193549,2.325698700034991,0.25039180275052786,2.6562381014227867,cpu,cuda:0,0,671.42919921875,43
5455,1,DDT900_num50.txt,fixed,1138,8,142.25,8.392704963684082,4.501938819885254,7.448434644174995e-06,-3.24,-0.242740806,0.29749998450279236,0.05043560266494751,0.2199999988079071,0.3799999952316284,0.039508712477982044,0.0468789292499423,0.000603614782448858,0.767202228307724,0.031290935119614005,0.07012622617185116,0.0003,281,119,233.82250581774034,4.5182294845581055,0.3487100601196289,4.866939544677734,450,0.12863580300472677,0,0,TRUE,pair,152,1.6826604991219938,4.897188049837659,40,0,7.4868421052631575,1.6826604991219938,0.19098339788615704,2.5330578992143273,cpu,cuda:0,0,94.50830078,42
5456,1,DDT900_num50.txt,fixed,1116,8,139.5,10.920165061950684,5.32418966293335,8.293402970593888e-06,-3.24,-0.24202205,0.29749998450279236,0.048412296921014786,0.23999999463558197,0.4000000059604645,-0.079796477,-0.075596153,0.0009041444282047451,0.4652399644255638,0.017294375196797773,0.008810572326183319,0.0003,281,119,169.4320107131238,5.340273380279541,1.2464394569396973,6.586712837219238,440,0.1451179007999599,0,0,TRUE,pair,153,2.302826300030574,5.0501792091195306,40,0,7.294117647058823,2.302826300030574,0.23049510223791003,2.6784803005866706,cpu,cuda:0,0,314.48388671875,43
5457,1,DDT900_num50.txt,fixed,1082,8,135.25,10.767427444458008,4.396271228790283,7.753187674097717e-06,-3.68,-0.252601257,0.27000001072883606,0.044721364974975586,0.2199999988079071,0.36000001430511475,-0.023078289,-0.018428,0.0022825727064628154,0.5791575238108635,0.015815991850104183,0.028671213891357183,0.0003,292,108,127.57134487893991,4.4128334522247314,4.068695068359375,8.481528520584106,452,0.1341694979928434,0,0,TRUE,pair,154,1.6326760980300605,4.857670978785883,35,0,7.025974025974026,1.6326760980300605,0.1781675994861871,2.495453398907557,cpu,cuda:0,0,671.42919921875,43
5458,1,DDT900_num50.txt,fixed,1059,8,132.375,11.607513427734375,4.285430431365967,6.316967755992664e-06,-3.68,-0.25960516,0.26999998092651367,0.045825760811567307,0.2199999988079071,0.36000001430511475,-0.184487594,-0.179881915,0.0027333821053616703,0.5972362288406917,0.01340248279406556,0.07294662150421313,0.0003,292,108,64.8642014957339,4.301129341125488,12.024283647537231,16.326416969299316,442,0.1328905012924224,0,0,TRUE,pair,153,1.6497187984641641,5.15391879176283,40,0,6.921568627450981,1.6497187984641641,0.17766529670916498,2.369098302675411,cpu,cuda:0,0,671.42919921875,45
5459,1,DDT900_num50.txt,fixed,1112,8,139,10.511898040771484,5.748528957366943,7.2590528361615725e-06,-3.48,-0.237698068,0.2824999988079071,0.03526684269309044,0.23999999463558197,0.3400000035762787,-0.08539679,-0.079703261,0.0006854342548952749,0.6036247213681539,0.05143444798886776,0.03775050615270933,0.0003,287,113,169.66844904534656,5.7650792598724365,0.78887939453125,6.5539586544036865,449,0.1517453023698181,0,0,TRUE,pair,160,2.633951602037996,5.0404676243984445,36,0,6.95,2.633951602037996,0.23621239070780575,2.769171804189682,cpu,cuda:0,0,97.47753906,48
5460,1,DDT900_num50.txt,fixed,1109,8,138.625,9.379998207092285,5.762705326080322,1.3060899618722033e-05,-3.56,-0.235929238,0.2775000035762787,0.03526684641838074,0.23999999463558197,0.36000001430511475,-0.273679718,-0.268939942,0.0010948323179036379,0.5287181586027145,0.017660880810581148,0.045882352627813816,0.0003,289,111,159.56660352702647,5.7878193855285645,1.1622564792633057,6.95007586479187,446,0.1469823969528079,0,0,TRUE,pair,154,2.7312883001286536,5.018034262308889,28,0,7.201298701298701,2.7312883001286536,0.26237359805963933,2.6542471051216125,cpu,cuda:0,0,349.00732421875,45
5461,1,DDT900_num50.txt,fixed,1104,8,138,12.062337875366211,4.3799004554748535,8.163878192135599e-06,-3.44,-0.226638936,0.2849999964237213,0.038405731320381165,0.23999999463558197,0.3400000035762787,-0.216099456,-0.210106455,0.0008336446189787239,0.6409840285778046,0.05223843629937619,0.07632135041058064,0.0003,286,114,228.58256879760242,4.399693012237549,0.4300715923309326,4.8297646045684814,450,0.12977490131743252,0,0,TRUE,pair,155,1.6720626968890429,5.038043477505013,40,0,7.122580645161291,1.6720626968890429,0.18660480459220707,2.429551999317482,cpu,cuda:0,0,104.06884765625,42
5462,1,DDT900_num50.txt,fixed,1166,8,145.75,7.917543888092041,4.723471164703369,6.814768767071655e-06,-3.16,-0.214057737,0.3024999797344208,0.023318449035286903,0.25999999046325684,0.3400000035762787,0.036531504651065916,0.04247603492694907,0.0022503728978335857,0.706971850246191,0.019806466560112312,0.07682734495028853,0.0003,279,121,80.03997653214373,4.739862680435181,9.827857732772827,14.567720413208008,463,0.19595140009187162,0,0,TRUE,pair,157,1.7617580005899072,4.983704974884439,40,0,7.426751592356688,1.7617580005899072,0.19470589491538703,2.6691117982845753,cpu,cuda:0,0,671.4316406,46
5463,1,DDT900_num50.txt,fixed,1105,8,138.125,4.64858865737915,5.216648578643799,4.598451141646365e-06,-3.84,-0.238362105,0.25999999046325684,0.020000005140900612,0.23999999463558197,0.30000001192092896,-0.204407763,-0.197101846,0.0009729488228913397,0.7792392075061798,0.05930043989792466,0.04951690882444382,0.0003,296,104,198.14307085413077,5.237298011779785,0.3394804000854492,5.576778411865234,447,0.1407207997981459,0,0,TRUE,pair,149,2.2127209005411714,5.447058823097885,40,0,7.416107382550336,2.2127209005411714,0.25196660216897726,2.642544002039358,cpu,cuda:0,0,94.53320313,45
5464,1,DDT900_num50.txt,fixed,1194,8,149.25,7.137051105499268,4.696139812469482,6.538061825267505e-06,-2.8,-0.235044792,0.32499998807907104,0.04330126941204071,0.25999999046325684,0.3799999952316284,0.027010968327522276,0.03371341228485107,0.0015090742206666618,0.7456981241703033,0.020777933578938246,0.09140517041087151,0.0003,270,130,142.93911117999286,4.71212363243103,3.6410834789276123,8.353207111358643,426,0.12637269939295948,0,0,TRUE,pair,159,1.7569047997239977,5.088777219430486,60,0,7.509433962264151,1.7569047997239977,0.20255099912174046,2.63599309977144,cpu,cuda:0,0,671.4316406,46
5465,1,DDT900_num50.txt,fixed,1065,8,133.125,8.328227996826172,5.1793084144592285,7.364008524746168e-06,-3.88,-0.258068969,0.2574999928474426,0.03072051890194416,0.2199999988079071,0.30000001192092896,-0.215318816,-0.207429188,0.0018774083748992001,0.882833617074149,0.020376951666548848,0.05300087854266167,0.0003,297,103,94.4609705779213,5.195826768875122,6.078670978546143,11.274497747421265,434,0.14020620402880013,0,0,TRUE,pair,143,2.2811693989206105,5.658215961769713,40,0,7.4475524475524475,2.2811693989206105,0.22468599490821362,2.5677423011511564,cpu,cuda:0,0,671.42919921875,47
5466,1,DDT900_num50.txt,fixed,1115,8,139.375,7.952004432678223,5.4482197761535645,6.8811750679742545e-06,-3.44,-0.262176567,0.2849999964237213,0.03968627750873566,0.23999999463558197,0.36000001430511475,-0.145437798,-0.138547083,0.001679446708294563,0.773044541478157,0.023822779119655024,0.08928259089589119,0.0003,286,114,136.95650032275196,5.466042518615723,2.6752285957336426,8.141271114349365,440,0.21601680060848594,0,0,TRUE,pair,154,2.40311469999142,5.234080718344103,48,0,7.240259740259741,2.40311469999142,0.2214472028426826,2.7189923943951726,cpu,cuda:0,0,671.4296875,46
5467,1,DDT900_num50.txt,fixed,1123,8,140.375,6.2836594581604,4.446346759796143,6.221765488589881e-06,-3.72,-0.241646806,0.26749998331069946,0.034550685435533524,0.2199999988079071,0.3199999928474426,-0.141363218,-0.135300681,0.001184722874313593,0.6654900312423706,0.13232415914535522,0.1071428656578064,0.0003,293,107,238.21770438449326,4.4623799324035645,0.25179529190063477,4.714175224304199,453,0.13250560080632567,0,0,TRUE,pair,148,1.6731124995276332,5.203027602507404,50,0,7.587837837837838,1.6731124995276332,0.19089280138723552,2.4879031947348267,cpu,cuda:0,0,106.58349609375,43
5468,1,DDT900_num50.txt,fixed,1132,8,141.5,12.278029441833496,4.594902992248535,9.226213478541467e-06,-3.44,-0.23079936,0.2850000262260437,0.037080999463796616,0.23999999463558197,0.36000001430511475,-0.048066408,-0.041639801,0.0022463482018793,0.7549784500151873,0.016043662930314895,0.07431307921069674,0.0003,286,114,85.64555442779354,4.611461162567139,8.605803966522217,13.217265129089355,454,0.13624389842152596,0,0,TRUE,pair,159,1.7025581984780729,5.222614840146931,45,0,7.119496855345912,1.7025581984780729,0.18976010056212544,2.607089899480343,cpu,cuda:0,0,671.4296875,48
5469,1,DDT900_num50.txt,fixed,1134,8,141.75,9.283721923828125,5.478404998779297,6.967372428334784e-06,-3.48,-0.229237909,0.2824999988079071,0.03230712190270424,0.2199999988079071,0.3400000035762787,-0.083047078,-0.077796148,0.0019058327972223716,0.6203849613666534,0.013167804048862308,0.044445891199367385,0.0003,287,113,96.51083216915505,5.501748085021973,6.248228311538696,11.749976396560669,453,0.13898540032096207,0,0,TRUE,pair,151,2.5654507006984204,5.201058201688938,45,0,7.509933774834437,2.5654507006984204,0.2104854031931609,2.598149698926136,cpu,cuda:0,0,671.4296875,47
5470,1,DDT900_num50.txt,fixed,1085,8,135.625,7.279036521911621,4.342713832855225,6.379646492860047e-06,-3.76,-0.227985472,0.26499998569488525,0.027838824316859245,0.20000000298023224,0.30000001192092896,-0.176088448,-0.17030695,0.002475800671769927,0.701940044760704,0.011787929834099486,0.047371789502600826,0.0003,294,106,77.65807952618198,4.35952091217041,9.61198091506958,13.97150182723999,443,0.1290638013742864,0,0,TRUE,pair,149,1.6347965018358082,5.451612904324509,40,0,7.281879194630872,1.6347965018358082,0.18603759910911322,2.429816896794364,cpu,cuda:0,0,671.42919921875,48
5471,1,DDT900_num50.txt,fixed,1110,8,138.75,11.344051361083984,6.074475288391113,7.98257315182127e-06,-3.88,-0.253245977,0.2574999928474426,0.025372227653861046,0.20000000298023224,0.2800000011920929,-0.12101436,-0.115568697,0.00252473488508258,0.6708037316799164,0.027386012556962668,0.06451021358370781,0.0003,297,103,74.93859414245742,6.091611385345459,8.720515966415405,14.812127351760864,458,0.15097510069608688,0,0,TRUE,pair,153,2.9582177991978824,5.145045042037964,32,0,7.254901960784314,2.9582177991978824,0.29375290242023766,2.7019444012548774,cpu,cuda:0,0,671.4296875,48
5472,1,DDT900_num50.txt,fixed,1144,8,143,8.930285453796387,4.630563259124756,7.144605660869274e-06,-3.44,-0.260533049,0.2849999964237213,0.034278277307748795,0.23999999463558197,0.3400000035762787,-0.079891421,-0.073745219,0.0019301813057002921,0.7111293748021126,0.014645900150450567,0.09065070562064648,0.0003,286,114,69.80740850231011,4.646623611450195,11.741321802139282,16.387945413589478,453,0.19163989555090666,0,0,TRUE,pair,152,1.7164685986936092,5.06555943868377,50,0,7.526315789473684,1.7164685986936092,0.1924810977652669,2.6252140048891306,cpu,cuda:0,0,671.4296875,49
5473,1,DDT900_num50.txt,fixed,1132,8,141.5,8.455767631530762,6.153036117553711,5.486218014993938e-06,-3.4,-0.255135395,0.2874999940395355,0.04351723939180374,0.23999999463558197,0.3799999952316284,-0.040309532,-0.034036548,0.001540778919459424,0.7043375074863434,0.013069238022176756,0.0522139680882295,0.0003,285,115,76.87502477050639,6.171674966812134,8.553523540496826,14.72519850730896,438,0.2035778984427452,0,0,TRUE,pair,156,2.999043800868094,5.272968201249733,40,0,7.256410256410256,2.999043800868094,0.29277250077575445,2.740164296934381,cpu,cuda:0,0,671.4296875,49
5474,1,DDT900_num50.txt,fixed,1141,8,142.625,8.943398475646973,4.624816417694092,5.581235654972261e-06,-3.2,-0.250361797,0.30000001192092896,0.04123106226325035,0.23999999463558197,0.36000001430511475,-0.439837843,-0.434776699,0.001542910235002637,0.5832613209883372,0.024255967427355547,0.041745963195959725,0.0003,280,120,187.30959847916705,4.641156435012817,1.4503626823425293,6.091519117355347,446,0.1321289986371994,0,0,TRUE,pair,156,1.7016785002779216,5.203330412964148,50,0,7.314102564102564,1.7016785002779216,0.19122250424697995,2.6355307002086192,cpu,cuda:0,0,346.33056640625,48
5475,1,DDT900_num50.txt,fixed,1089,8,136.125,7.736884117126465,5.310917377471924,6.481302989413962e-06,-4,-0.262412555,0.25,0.024494899436831474,0.2199999988079071,0.30000001192092896,-0.34337455,-0.341769934,0.002465974073857069,0.28375932574272156,0.058878012001514435,0.04580152779817581,0.0003,300,100,159.85614253818233,5.326881647109985,1.4854934215545654,6.812375068664551,452,0.14413379970937967,0,0,TRUE,pair,146,2.3666094997897744,4.959595958939159,42,0,7.458904109589041,2.3666094997897744,0.21737730246968567,2.6212133050430566,cpu,cuda:0,0,357.57177734375,49
5476,1,DDT900_num50.txt,fixed,1080,8,135,6,5.846670150756836,5.861897989234421e-06,-3.68,-0.261094888,0.27000001072883606,0.037416573613882065,0.2199999988079071,0.3199999928474426,-0.313866619,-0.309255134,0.003082339564571157,0.6152664683759212,0.014435443474212661,0.06694856495596468,0.0003,292,108,90.75458533362402,5.863563060760498,6.0366621017456055,11.900225162506104,445,0.14262220030650496,0,0,TRUE,pair,144,2.817736699944362,5.023148144836779,50,0,7.5,2.817736699944362,0.29000339563935995,2.6203892030753195,cpu,cuda:0,0,671.42919921875,49
5477,1,DDT900_num50.txt,fixed,1084,8,135.5,5.722761631011963,4.254848003387451,6.048036084393971e-06,-3.84,-0.249466293,0.2600000202655792,0.02828427404165268,0.2199999988079071,0.30000001192092896,-0.257532672,-0.252789297,0.0019423149150008191,0.5714533764582413,0.011572618843414463,0.0756849145086912,0.0003,296,104,73.89679328790872,4.271268606185913,10.397838830947876,14.669107437133789,446,0.12526180013082922,0,0,TRUE,pair,141,1.5965092983096838,4.790590407663606,44,0,7.6879432624113475,1.5965092983096838,0.17540269950404763,2.394316305173561,cpu,cuda:0,0,671.42919921875,50
5478,1,DDT900_num50.txt,fixed,1076,8,134.5,12.257650375366211,6.32100248336792,7.219793133117491e-06,-3.84,-0.259613397,0.25999999046325684,0.03162277862429619,0.2199999988079071,0.3199999928474426,-0.119861783,-0.114127087,0.002136499197351643,0.6802943191594548,0.00795179162620722,0.06302186453508006,0.0003,296,104,54.23488857507736,6.342958927154541,13.496668815612793,19.839627742767334,454,0.16811190056614578,0,0,TRUE,pair,156,3.106991400010884,4.764869888475836,24,0,6.897435897435898,3.106991400010884,0.3344713991973549,2.7522924004588276,cpu,cuda:0,0,671.42919921875,50
5479,1,DDT900_num50.txt,fixed,1082,8,135.25,9.283721923828125,4.7324724197387695,5.707125183107564e-06,-3.96,-0.281431349,0.2524999976158142,0.031523801386356354,0.20000000298023224,0.30000001192092896,-0.208096008,-0.202483809,0.0020997722652585558,0.6662081802884737,0.011903608009257974,0.05520753748714924,0.0003,299,101,65.59515480334905,4.747995376586914,11.747125387191772,16.495120763778687,444,0.1336859983857721,0,0,TRUE,pair,149,2.0122882006689906,4.67282809545725,30,0,7.261744966442953,2.0122882006689906,0.195943096652627,2.4302943954244256,cpu,cuda:0,0,671.42919921875,51
5480,1,DDT900_num50.txt,fixed,1047,8,130.875,5.182602882385254,5.4419965744018555,4.3605186874629e-06,-3.92,-0.263526962,0.2549999952316284,0.04092676565051079,0.2199999988079071,0.3400000035762787,-0.224678631,-0.219306313,0.0022828587098047137,0.6513732920090357,0.013405062879125277,0.08047054273386796,0.0003,298,102,105.94384569025449,5.459737777709961,4.422856092453003,9.882593870162964,459,0.15933119924739003,0,0,TRUE,pair,140,2.4784526005387306,5.074498567107527,30,0,7.478571428571429,2.4784526005387306,0.2791094980202615,2.568654303206131,cpu,cuda:0,0,671.42919921875,50
5481,1,DDT900_num50.txt,fixed,1054,8,131.75,10.485108375549316,4.182270526885986,7.098710284481058e-06,-3.64,-0.253981413,0.2724999785423279,0.037332966923713684,0.2199999988079071,0.36000001430511475,-0.244677133,-0.239702319,0.00243801624952432,0.6193820483544293,0.011326702948495308,0.06631930435405058,0.0003,291,109,60.85507501080981,4.201906681060791,13.11793065071106,17.31983733177185,442,0.12786430004052818,0,0,TRUE,pair,145,1.606842600973323,5.163187852846829,60,0,7.268965517241379,1.606842600973323,0.17195779620669782,2.318075198214501,cpu,cuda:0,0,671.42919921875,51
5482,1,DDT900_num50.txt,fixed,1029,8,128.625,8.26041030883789,4.087158679962158,5.426314601209015e-06,-3.96,-0.258761301,0.2524999976158142,0.024366987869143486,0.2199999988079071,0.30000001192092896,-0.248535981,-0.243200029,0.0017403572952995698,0.6206132272879282,0.016230231092777103,0.07536097321038444,0.0003,299,101,120.5471414015949,4.104202747344971,4.43187689781189,8.53607964515686,433,0.12789060128852725,0,0,TRUE,pair,141,1.5551242984365672,4.950437316394061,35,0,7.297872340425532,1.5551242984365672,0.16563730500638485,2.2836504962760955,cpu,cuda:0,0,671.42919921875,51
5483,1,DDT900_num50.txt,fixed,1050,8,131.25,8.08934497833252,4.449443817138672,7.4693921305879485e-06,-4.04,-0.255169059,0.2475000023841858,0.026339136064052582,0.2199999988079071,0.30000001192092896,-0.238780377,-0.234583588,0.0024087695135015315,0.5401179126717828,0.010255412034563382,0.07842144336212765,0.0003,301,99,79.74113720686591,4.465219974517822,8.702387571334839,13.167607545852661,448,0.1337968015577644,0,0,TRUE,pair,140,1.8390746989753097,4.982857143084209,35,0,7.5,1.8390746989753097,0.1746275955811143,2.3482808037661016,cpu,cuda:0,0,671.42919921875,51
5484,1,DDT900_num50.txt,fixed,1012,8,126.5,7.745966911315918,4.135645866394043,7.2590528361615725e-06,-3.84,-0.253117291,0.25999999046325684,0.014142137952148914,0.23999999463558197,0.2800000011920929,-0.201880089,-0.198608135,0.004631528449762199,0.5587712435258759,0.00925892498344183,0.0669463092668189,0.0003,296,104,59.47870279280193,4.151044130325317,12.863449335098267,17.014493465423584,438,0.19642709800973535,0,0,TRUE,pair,136,1.5713085988536477,4.965415017642522,35,0,7.4411764705882355,1.5713085988536477,0.16825119638815522,2.312468305695802,cpu,cuda:0,0,671.42724609375,51
5485,1,DDT900_num50.txt,fixed,1030,8,128.75,8.027297019958496,4.199045181274414,7.098710284481058e-06,-4.04,-0.250285008,0.2475000023841858,0.031523797661066055,0.2199999988079071,0.3199999928474426,-0.124517675,-0.119816046,0.0026396897204297907,0.6021469309926033,0.008098898426396772,0.06230958349381884,0.0003,301,99,65.8778743883973,4.2143824100494385,11.42060899734497,15.63499140739441,453,0.1350006046704948,0,0,TRUE,pair,143,1.5962342994753271,4.981553398058252,40,0,7.2027972027972025,1.5962342994753271,0.1676302037667483,2.35030439728871,cpu,cuda:0,0,671.42919921875,52
5486,1,DDT900_num50.txt,fixed,1067,8,133.375,9.339934349060059,5.040311336517334,7.379430371656781e-06,-3.6,-0.21033729,0.2750000059604645,0.03968627750873566,0.2199999988079071,0.36000001430511475,-0.125501908,-0.122447219,0.0016417924198321998,0.3875582069158554,0.10221886259387247,0.0351486774161458,0.0003,290,110,159.7842189406673,5.057298183441162,1.620457649230957,6.677755832672119,434,0.13383739767596126,0,0,TRUE,pair,150,2.2762674996629357,4.970009371400885,36,0,7.113333333333333,2.2762674996629357,0.18782039638608694,2.484579197363928,cpu,cuda:0,0,330.19580078125,52
5487,1,DDT900_num50.txt,fixed,1003,8,125.375,5.543859004974365,4.750123977661133,5.512060397450114e-06,-4.16,-0.208119855,0.23999999463558197,0.019999999552965164,0.2199999988079071,0.2800000011920929,-0.451884374,-0.448760539,0.0010198742966167629,0.3633774369955063,0.04413590719923377,0.016283524688333273,0.0003,304,96,164.873826080127,4.767208814620972,1.3152210712432861,6.083439826965332,434,0.13515330315567553,0,0,TRUE,pair,134,2.1596665990073234,4.953140579929142,35,0,7.485074626865671,2.1596665990073234,0.2284593980293721,2.2638358001131564,cpu,cuda:0,0,356.4404297,51
5488,1,DDT900_num50.txt,fixed,1057,8,132.125,4.567206382751465,4.241926670074463,5.035093181504635e-06,-3.96,-0.199994102,0.2524999976158142,0.029895653948187828,0.20000000298023224,0.30000001192092896,-0.147227668,-0.14152127,0.0019513081279001199,0.6682049507896105,0.00947536958362131,0.05555656443660458,0.0003,299,101,78.09882963776148,4.258011102676392,9.276122570037842,13.534133672714233,454,0.13334110053256154,0,0,TRUE,pair,138,1.5644914999138564,4.91958372640294,45,0,7.659420289855072,1.5644914999138564,0.16739049879834056,2.424432000145316,cpu,cuda:0,0,671.42919921875,53
5489,1,DDT900_num50.txt,fixed,1049,8,131.125,9.942805290222168,4.142389297485352,7.433155587932561e-06,-3.96,-0.20527716,0.2524999976158142,0.041155193001031876,0.18000000715255737,0.3199999928474426,-0.040768258,-0.035998922,0.0026772782221087255,0.6107978336513042,0.02570847027527634,0.041285937651991844,0.0003,299,101,127.63217819971302,4.159615755081177,4.059314727783203,8.21893048286438,438,0.127864898648113,0,0,TRUE,pair,149,1.5706652000080794,4.768350808022702,30,0,7.040268456375839,1.5706652000080794,0.16607150412164629,2.321061003021896,cpu,cuda:0,0,671.42919921875,51
5490,1,DDT900_num50.txt,fixed,1034,8,129.25,10.790620803833008,4.071600437164307,7.276650649146177e-06,-3.96,-0.222568703,0.2524999976158142,0.04465142637491226,0.20000000298023224,0.3199999928474426,-0.397468448,-0.394943804,0.0014695583959110081,0.32594335824251175,0.032677961396984756,0.035365226212888956,0.0003,299,101,193.56538820414826,4.087611198425293,1.2542529106140137,5.341864109039307,439,0.12844109977595508,0,0,TRUE,pair,151,1.5502172000706196,4.971953575800189,30,0,6.847682119205298,1.5502172000706196,0.16746579622849822,2.2695155013352633,cpu,cuda:0,0,335.45751953125,51
5491,1,DDT900_num50.txt,fixed,1003,8,125.375,5.360445499420166,4.756390571594238,5.209868959354935e-06,-4.08,-0.225791184,0.24500000476837158,0.02179449237883091,0.2199999988079071,0.2800000011920929,-0.192340357,-0.187574786,0.0027027051320247767,0.6116920941405826,0.006012022353792822,0.05015207640826702,0.0003,302,98,50.217876621757526,4.772838115692139,15.20012903213501,19.97296714782715,442,0.14161149668507278,0,0,TRUE,pair,133,2.118868999183178,5.085742772398062,35,0,7.541353383458647,2.118868999183178,0.18217749590985477,2.366758104879409,cpu,cuda:0,0,671.42724609375,51
5492,1,DDT900_num50.txt,fixed,1028,8,128.5,7.071067810058594,4.069124698638916,5.674662588717183e-06,-3.92,-0.250440833,0.2549999952316284,0.013228757306933403,0.23999999463558197,0.2800000011920929,-0.168232813,-0.163320692,0.002475698636022999,0.6149967479355195,0.01334712012355928,0.0686244063955896,0.0003,298,102,53.99356759757202,4.08533501625061,14.953969955444336,19.039304971694946,426,0.12617909838445485,0,0,TRUE,pair,138,1.5314635001122952,4.889105057206136,25,0,7.449275362318841,1.5314635001122952,0.16515399771742523,2.2894655994605273,cpu,cuda:0,0,671.42919921875,49
5493,1,DDT900_num50.txt,fixed,1022,8,127.75,9.562295913696289,5.24883508682251,5.61929891773616e-06,-4,-0.260620431,0.25,0.033166252076625824,0.20000000298023224,0.30000001192092896,-0.139779791,-0.13505071,0.002387653911552791,0.5922904866082328,0.024812131887301803,0.05687264911830425,0.0003,300,100,105.5255446891555,5.265847444534302,4.419011354446411,9.684858798980713,462,0.15461329650133848,0,0,TRUE,pair,146,2.438352498691529,4.832681017145952,30,0,7,2.438352498691529,0.21554600121453404,2.493186596315354,cpu,cuda:0,0,671.42724609375,47
5494,1,DDT900_num50.txt,fixed,1013,8,126.625,5.072906017303467,3.9354419708251953,5.194161076360615e-06,-4.12,-0.291374517,0.24250000715255737,0.025372231379151344,0.20000000298023224,0.30000001192092896,0.059627145528793335,0.06500582893689473,0.003148456996617218,0.6952918767929077,0.028584518644493073,0.020192979524532955,0.0003,303,97,146.0663889197145,3.950965642929077,2.9842369556427,6.935202598571777,458,0.12905629817396402,0,0,TRUE,pair,132,1.4705932000651956,4.982230994920269,30,0,7.674242424242424,1.4705932000651956,0.16012060013599694,2.2242679009214044,cpu,cuda:0,0,671.42724609375,46
5495,1,DDT900_num50.txt,fixed,1031,8,128.875,7.736884117126465,4.772913932800293,3.421535075176507e-05,-3.96,-0.293394863,0.2524999976158142,0.037332963198423386,0.20000000298023224,0.3199999928474426,-0.181197554,-0.176831603,0.0007217517704702914,0.4726821184158325,0.0425398051738739,0.06666667014360428,0.0003,299,101,202.86860115661062,4.789021730422974,0.29308557510375977,5.082107305526733,446,0.14341459958814085,0,0,TRUE,pair,140,2.042373900068924,4.938894276244333,27,0,7.364285714285714,2.042373900068924,0.1951792968902737,2.440093104261905,cpu,cuda:0,0,91.97509766,45
5496,1,DDT900_num50.txt,fixed,1082,8,135.25,12.183492660522461,5.338689804077148,7.778805411362555e-06,-3.76,-0.28777657,0.26500001549720764,0.04769696667790413,0.20000000298023224,0.36000001430511475,-0.575456619,-0.575427234,0.003599288873374462,0.18290558457374573,0.034714214503765106,0.012711863964796066,0.0003,294,106,163.49739518438486,5.356823205947876,1.261019229888916,6.617842435836792,454,0.15480849822051823,0,0,TRUE,pair,153,2.3723393997643143,4.891866912903494,55,0,7.071895424836601,2.3723393997643143,0.199755500536412,2.6673437980934978,cpu,cuda:0,0,325.07958984375,46
5497,1,DDT900_num50.txt,fixed,1032,8,129,8.215838432312012,5.2119975090026855,6.626578397117555e-06,-4.04,-0.289148978,0.2475000023841858,0.01984313316643238,0.2199999988079071,0.2800000011920929,-0.055648843,-0.050295046,0.002365718549948984,0.6536654542599406,0.01285015711619053,0.08217088851545538,0.0003,301,99,51.740387748659664,5.230654954910278,14.715078830718994,19.945733785629272,450,0.14548300090245903,0,0,TRUE,pair,137,2.4447431003209203,4.903100772190464,35,0,7.532846715328467,2.4447431003209203,0.21529639675281942,2.4543044005986303,cpu,cuda:0,0,671.42919921875,45
5498,1,DDT900_num50.txt,fixed,1062,8,132.75,7.741931438446045,5.461429119110107,6.448330168495886e-06,-3.68,-0.306259949,0.26999998092651367,0.02828427404165268,0.23999999463558197,0.3199999928474426,-0.099523065,-0.093880047,0.004652436368633062,0.7969239667057991,0.013839827245101332,0.07425882443785667,0.0003,292,108,75.09293743669696,5.479135513305664,8.663339614868164,14.142475128173828,447,0.14056880096904933,0,0,TRUE,pair,143,2.637622800655663,4.743879469774537,25,0,7.426573426573427,2.637622800655663,0.25941379368305206,2.45603090361692,cpu,cuda:0,0,671.42919921875,44
5499,1,DDT900_num50.txt,fixed,1083,8,135.375,9.603873252868652,4.371120452880859,5.791167041024892e-06,-3.68,-0.268536608,0.26999998092651367,0.05291502922773361,0.20000000298023224,0.36000001430511475,0.0697736162027078,0.07446760650990265,0.002661633737651365,0.6024806584630694,0.013512153136876546,0.06508515562329974,0.0003,292,108,109.14960589847874,4.386815547943115,5.535345792770386,9.922161340713501,463,0.13639740203507245,0,0,TRUE,pair,149,1.6757714988198131,4.891043397748459,40,0,7.268456375838926,1.6757714988198131,0.17359760031104088,2.4332796004600823,cpu,cuda:0,0,671.42919921875,43
5500,1,DDT900_num50.txt,fixed,1077,8,134.625,12.226380348205566,6.005673408508301,7.838860256015323e-06,-3.96,-0.29456473,0.2524999976158142,0.028173571452498436,0.20000000298023224,0.30000001192092896,-0.093037761,-0.0869621,0.0025574804199600797,0.7354398527079158,0.010573386014180465,0.06867063749167654,0.0003,299,101,45.079461309634596,6.021529912948608,17.869616270065308,23.891146183013916,451,0.1588917006738484,0,0,TRUE,pair,154,2.8907723985612392,5.102135556211268,30,0,6.9935064935064934,2.8907723985612392,0.2815824979916215,2.7117877970449626,cpu,cuda:0,0,671.42919921875,43
5501,1,DDT900_num50.txt,fixed,1076,8,134.5,9.974968910217285,4.9582905769348145,7.261010523507139e-06,-3.68,-0.28079249,0.26999998092651367,0.04795831814408302,0.2199999988079071,0.3799999952316284,0.005129420943558216,0.01093041580170393,0.0015182939358055591,0.6560142546892166,0.01183116165921092,0.04977338593453169,0.0003,292,108,83.3646342129977,4.979020118713379,7.928131818771362,12.907151937484741,460,0.14022239902988076,0,0,TRUE,pair,152,2.1252633014228195,5.000929360274489,45,0,7.078947368421052,2.1252633014228195,0.21237319544889033,2.5254067971836776,cpu,cuda:0,0,671.42919921875,43
5502,1,DDT900_num50.txt,fixed,1080,8,135,10.874281883239746,5.603580474853516,7.612612080265535e-06,-3.76,-0.277421328,0.26499998569488525,0.027838822454214096,0.2199999988079071,0.3199999928474426,-0.058004419,-0.051702851,0.001832464535254985,0.7217802372243669,0.006797815385248719,0.04712086274392075,0.0003,294,106,56.65658662628147,5.620661735534668,13.441552639007568,19.062214374542236,446,0.14436700427904725,0,0,TRUE,pair,148,2.6034644993487746,5.016666670419552,40,0,7.297297297297297,2.6034644993487746,0.27657900494523346,2.6125136045739055,cpu,cuda:0,0,671.42919921875,42
5503,1,DDT900_num50.txt,fixed,1071,8,133.875,11.428445816040039,4.947962284088135,6.808510079281405e-06,-3.64,-0.280060231,0.2724999785423279,0.0386490635573864,0.2199999988079071,0.3199999928474426,-0.062160403,-0.056542938,0.0021956564107147806,0.6715292510661212,0.013401991380801932,0.051008696159855885,0.0003,291,109,64.9597926885701,4.964984178543091,11.52213740348816,16.48712158203125,455,0.13951299781911075,0,0,TRUE,pair,152,2.248138400958851,5.095238096573773,35,0,7.046052631578948,2.248138400958851,0.20109200500883162,2.4041894001420587,cpu,cuda:0,0,671.42919921875,43
5504,1,DDT900_num50.txt,fixed,1052,8,131.5,9.273618698120117,4.4041748046875,5.296435119817033e-06,-3.72,-0.275202781,0.26749998331069946,0.026339136064052582,0.23999999463558197,0.3199999928474426,0.010382820981451206,0.017017232745678887,0.0021750352752860636,0.7721929285261366,0.014281401132595621,0.0595860875522097,0.0003,293,107,58.25179890924215,4.421398162841797,13.638129949569702,18.0595281124115,452,0.1354681991506368,0,0,TRUE,pair,153,1.7809802999254316,4.887832698486604,40,0,6.875816993464053,1.7809802999254316,0.18872509337961674,2.345155599527061,cpu,cuda:0,0,671.42919921875,42
5505,1,DDT900_num50.txt,fixed,1051,8,131.375,10.605865478515625,4.318130016326904,8.009232260519639e-06,-3.8,-0.283549072,0.26249998807907104,0.03526684269309044,0.2199999988079071,0.3199999928474426,-0.051191667,-0.043894595,0.0021882165456190705,0.8391181826591492,0.01284245103597641,0.043683698028326036,0.0003,295,105,122.41789696294741,4.3351593017578125,4.2501866817474365,8.585345983505249,432,0.12986850156448781,0,0,TRUE,pair,143,1.721817200537771,5.491912462051203,40,0,7.34965034965035,1.721817200537771,0.1791066995356232,2.329234197270125,cpu,cuda:0,0,671.42919921875,41
5506,1,DDT900_num50.txt,fixed,1104,8,138,12.165525436401367,4.4267754554748535,6.63729224470444e-06,-3.56,-0.291083333,0.2775000035762787,0.025372233241796494,0.2199999988079071,0.30000001192092896,0.03427140321582556,0.04095292091369629,0.0017248701333301142,0.7543950378894806,0.04158315306995064,0.04992844071239233,0.0003,289,111,185.97889400892416,4.443104982376099,1.4930524826049805,5.936157464981079,455,0.13397719734348357,0,0,TRUE,pair,153,1.6748453013133258,5.502717387633047,45,0,7.215686274509804,1.6748453013133258,0.18816230073571205,2.470007998868823,cpu,cuda:0,0,336.56787109375,41
5507,1,DDT900_num50.txt,fixed,1030,8,128.75,4.4087982177734375,4.621849536895752,4.258291937730974e-06,-4.16,-0.280045951,0.23999999463558197,0.022360678762197495,0.20000000298023224,0.2800000011920929,-0.071733495,-0.063254299,0.0020795639672239,0.9518978248039881,0.009249580222482715,0.061852614395320415,0.0003,304,96,77.81999899017252,4.6387269496917725,8.59694528579712,13.235672235488892,434,0.13481970014981925,0,0,TRUE,pair,136,1.8898854001890868,5.914563104481373,40,0,7.573529411764706,1.8898854001890868,0.20855980110354722,2.3682116002310067,cpu,cuda:0,0,671.42919921875,41
5508,1,DDT900_num50.txt,fixed,1075,8,134.375,9.366662979125977,4.323685646057129,7.531914434366627e-06,-3.92,-0.291684148,0.2549999952316284,0.038405727595090866,0.20000000298023224,0.3199999928474426,-0.029906309,-0.021315977,0.0018299630367740367,0.9505314330259959,0.01864523042847092,0.04743748810142279,0.0003,298,102,106.19877944614728,4.3386735916137695,5.78385329246521,10.12252688407898,440,0.13221220020204782,0,0,TRUE,pair,147,1.611010099062696,5.081860466003418,36,0,7.312925170068027,1.611010099062696,0.17677130084484816,2.447034800192341,cpu,cuda:0,0,671.42919921875,41
5509,1,DDT900_num50.txt,fixed,1056,8,132,12.668859481811523,5.696437358856201,7.5394573286757804e-06,-3.88,-0.288659908,0.2574999928474426,0.04175823554396629,0.20000000298023224,0.3199999928474426,-0.15469645,-0.146068189,0.002008853096049279,0.963269168138504,0.020666281506419183,0.11382855027914048,0.0003,297,103,100.22612785323652,5.714974641799927,4.821200132369995,10.536174774169922,450,0.1558585981838405,0,0,TRUE,pair,163,2.601429599104449,5.557765148805849,40,0,6.478527607361963,2.601429599104449,0.2751890029758215,2.696398997446522,cpu,cuda:0,0,671.42919921875,41
5510,1,DDT900_num50.txt,fixed,1047,8,130.875,7.061117172241211,4.172779560089111,6.3439056248171255e-06,-4,-0.296341607,0.25,0.02828427217900753,0.20000000298023224,0.30000001192092896,-0.035832118,-0.02751682,0.0015596885175909847,0.9095151156187058,0.014738559839315712,0.08125802185386419,0.0003,300,100,89.29307867441317,4.193317413330078,7.532115459442139,11.725432872772217,439,0.12860249867662787,0,0,TRUE,pair,143,1.5776597992517054,5.565425025699473,40,0,7.321678321678322,1.5776597992517054,0.17133290600031614,2.3370513061527163,cpu,cuda:0,0,671.42919921875,41
5511,1,DDT900_num50.txt,fixed,1075,8,134.375,9.603873252868652,5.656630992889404,6.635150839429116e-06,-3.92,-0.306677903,0.2549999952316284,0.03968627005815506,0.20000000298023224,0.3400000035762787,-0.220898458,-0.215836863,0.0021058055535831954,0.611450357362628,0.012713085627183318,0.07455114461481571,0.0003,298,102,82.90373780124307,5.672936916351318,7.293909072875977,12.966845989227295,448,0.15523020131513476,0,0,TRUE,pair,156,2.536031698808074,5.055813954375511,45,0,6.891025641025641,2.536031698808074,0.26798650110140443,2.7354069044813514,cpu,cuda:0,0,671.42919921875,41
5512,1,DDT900_num50.txt,fixed,1033,8,129.125,10.276641845703125,4.358212471008301,7.362078576989006e-06,-3.72,-0.289930869,0.26750001311302185,0.03307189419865608,0.2199999988079071,0.3199999928474426,-0.195248233,-0.189391854,0.0017349209187419287,0.6723840470824923,0.012222161100778197,0.06807659832494599,0.0003,293,107,116.08103785874988,4.384220123291016,4.514735460281372,8.898955583572388,436,0.1317398010287434,0,0,TRUE,pair,152,1.7094485014677048,5.0687318478295325,32,0,6.796052631578948,1.7094485014677048,0.17501550307497382,2.387194203911349,cpu,cuda:0,0,671.42919921875,41
5513,1,DDT900_num50.txt,fixed,1101,8,137.625,11.671948432922363,4.348133087158203,9.737290383782238e-06,-3.56,-0.269801779,0.2775000035762787,0.030720515176653862,0.23999999463558197,0.3199999928474426,-0.149255727,-0.143284017,0.0016368470242014155,0.6790132373571396,0.02190767058345955,0.02921556797809899,0.0003,289,111,136.72578506919533,4.364311695098877,3.688302516937256,8.052614212036133,433,0.12654000124894083,0,0,TRUE,pair,160,1.639028002275154,4.918256128191623,35,0,6.88125,1.639028002275154,0.1779590928927064,2.4413261939771473,cpu,cuda:0,0,671.4296875,41
5514,1,DDT900_num50.txt,fixed,1033,8,129.125,5.53257417678833,5.628683567047119,5.250624326436082e-06,-4.08,-0.281472758,0.24500000476837158,0.016583120450377464,0.2199999988079071,0.25999999046325684,-0.307234446,-0.302410922,0.0024162742225194555,0.6031662863161829,0.006681500390792887,0.062436857985125646,0.0003,302,98,52.00604447548821,5.64476203918457,14.218313694000244,19.863075733184814,443,0.14579740073531866,0,0,TRUE,pair,136,2.6282518999651074,5.106485962983138,44,0,7.595588235294118,2.6282518999651074,0.2672784016467631,2.6105253060813993,cpu,cuda:0,0,671.42919921875,41
5515,1,DDT900_num50.txt,fixed,1085,8,135.625,9.054522514343262,4.350705146789551,6.9714506025775336e-06,-3.6,-0.235339744,0.2749999761581421,0.01658313348889351,0.25999999046325684,0.30000001192092896,-0.010599713,-0.005955769,0.001921928448912998,0.5604905098676681,0.014535129956978683,0.06480620627601942,0.0003,290,110,70.554977720504,4.366178274154663,11.011900424957275,15.378078699111938,447,0.13084309874102473,0,0,TRUE,pair,151,1.6194757986813784,4.989861753569221,35,0,7.185430463576159,1.6194757986813784,0.17715829447843134,2.4643331011757255,cpu,cuda:0,0,671.42919921875,41
5516,1,DDT900_num50.txt,fixed,1037,8,129.625,9.694554328918457,4.222034454345703,5.9269918892823625e-06,-3.6,-0.232971022,0.2749999761581421,0.03968627750873566,0.2199999988079071,0.36000001430511475,-0.030027562,-0.024913532,0.002867809234885499,0.6547934859991074,0.015514853119384497,0.029549639206379652,0.0003,290,110,124.9152558884158,4.238811016082764,4.062817096710205,8.301628112792969,434,0.1283037019893527,0,0,TRUE,pair,149,1.556931898696348,5.162970103086363,35,0,6.959731543624161,1.556931898696348,0.17227619979530573,2.4063945014495403,cpu,cuda:0,0,671.42919921875,40
5517,1,DDT900_num50.txt,fixed,992,8,124,5,4.381383419036865,5.0632384045457e-06,-3.96,-0.231582455,0.2524999976158142,0.017139136791229248,0.2199999988079071,0.2800000011920929,-0.682059467,-0.678338826,0.002388957655057311,0.4915145933628082,0.1775447130203247,0.09756097197532654,0.0003,299,101,213.2025227153009,4.397652626037598,0.2552003860473633,4.652853012084961,429,0.13273900235071778,0,0,TRUE,pair,131,1.8399900968652219,5.09778225518042,35,0,7.572519083969466,1.8399900968652219,0.18318919697776437,2.2684603959787637,cpu,cuda:0,0,86.41162109,40
5518,1,DDT900_num50.txt,fixed,1043,8,130.375,9.771610260009766,4.204311370849609,7.18229784979485e-06,-3.96,-0.222133124,0.2524999976158142,0.03596873581409454,0.2199999988079071,0.3199999928474426,-0.103674466,-0.098942429,0.0020834641602252508,0.5773769302500619,0.00997181568729704,0.053227659004429974,0.0003,299,101,59.18366008641894,4.220783710479736,13.402323722839355,17.623107433319092,433,0.12851010425947607,0,0,TRUE,pair,146,1.57627839804627,5.186001919145666,40,0,7.1438356164383565,1.57627839804627,0.16963609913364053,2.372040804941207,cpu,cuda:0,0,671.42919921875,41
5519,1,DDT900_num50.txt,fixed,1015,8,126.875,10.70557689666748,4.516136169433594,6.9182483457552735e-06,-4.04,-0.249270051,0.2475000023841858,0.028173567727208138,0.2199999988079071,0.3199999928474426,-0.237501398,-0.234439164,0.0011759484186768532,0.3650203347206116,0.034363485872745514,0.024000000208616257,0.0003,301,99,182.49435934050945,4.5337841510772705,1.028031587600708,5.5618157386779785,442,0.13365060067735612,0,0,TRUE,pair,151,1.8649798000697047,5.053201968799084,55,0,6.7218543046357615,1.8649798000697047,0.20862719975411892,2.352507908595726,cpu,cuda:0,0,343.47900390625,41
5520,1,DDT900_num50.txt,fixed,1059,8,132.375,8.774073600769043,4.1884918212890625,6.426254458347103e-06,-3.6,-0.246646185,0.2750000059604645,0.03968627378344536,0.2199999988079071,0.3400000035762787,-0.147052475,-0.142443949,0.0026832054815410324,0.5950127815206846,0.01268433797910499,0.05798616951021055,0.0003,290,110,77.55164277784245,4.2065229415893555,9.448893785476685,13.65541672706604,449,0.12810069741681218,0,0,TRUE,pair,145,1.5841518996749073,5.135977337335617,33,0,7.303448275862069,1.5841518996749073,0.17471890058368444,2.342462399508804,cpu,cuda:0,0,671.42919921875,42
5521,1,DDT900_num50.txt,fixed,1019,8,127.375,10.14812183380127,4.828921794891357,7.4693921305879485e-06,-3.84,-0.237801755,0.25999999046325684,0.03162277862429619,0.20000000298023224,0.30000001192092896,-0.15628981,-0.150653309,0.001961875221847246,0.6617443611224493,0.009112929711894443,0.033671810291707516,0.0003,296,104,98.13385176713204,4.846532583236694,5.537244081497192,10.383776664733887,427,0.1345199989154935,0,0,TRUE,pair,148,2.1123884005937725,5.241413152252961,45,0,6.885135135135135,2.1123884005937725,0.21403889753855765,2.406620101770386,cpu,cuda:0,0,671.42724609375,43
5522,1,DDT900_num50.txt,fixed,1073,8,134.125,8.161457061767578,5.735498905181885,6.026852133800276e-06,-3.92,-0.254921367,0.2549999952316284,0.027838820591568947,0.2199999988079071,0.3199999928474426,-0.195933836,-0.190108428,0.0014340105723628465,0.6542417195936044,0.011979336302222995,0.045934438705444336,0.0003,298,102,65.43778995247463,5.751990795135498,10.645262241363525,16.397253036499023,464,0.21176630072295666,0,0,TRUE,pair,149,2.7320091989822686,5.0708294485844085,35,0,7.201342281879195,2.7320091989822686,0.2605299965944141,2.634695298038423,cpu,cuda:0,0,671.42919921875,44
5523,1,DDT900_num50.txt,fixed,1022,8,127.75,9.984362602233887,4.237051963806152,6.3550965023750905e-06,-3.92,-0.268820013,0.2549999952316284,0.027838826179504395,0.2199999988079071,0.30000001192092896,-0.088017661,-0.082778558,0.0024008661857806146,0.6439534164965153,0.010022447590017691,0.03292832709848881,0.0003,298,102,121.55270667089935,4.253068447113037,4.154806852340698,8.407875299453735,429,0.13652459648437798,0,0,TRUE,pair,148,1.610785701777786,5.0675146766371455,40,0,6.905405405405405,1.610785701777786,0.17329779965803027,2.3636139046866447,cpu,cuda:0,0,671.42724609375,44
5524,1,DDT900_num50.txt,fixed,1067,8,133.375,6.594268321990967,15.949687957763672,4.708389496954624e-06,-3.88,-0.262043842,0.2574999928474426,0.027271781116724014,0.20000000298023224,0.30000001192092896,-0.263927538,-0.258727676,0.0019002974626015532,0.615001301873814,0.010390587489713322,0.05560310557484627,0.0003,297,103,36.654213797006946,15.967891931533813,13.14199447631836,29.109886407852173,442,0.36284900084137917,0,0,TRUE,pair,142,5.247045500902459,5.0084348638815195,36,0,7.514084507042254,5.247045500902459,0.7114127017557621,9.750127499457449,cpu,cuda:0,0,671.42919921875,45
5525,1,DDT900_num50.txt,fixed,1094,8,136.75,7.428829193115234,5.925806522369385,6.3506222431897186e-06,-3.24,-0.246506601,0.29749998450279236,0.04054319113492966,0.23999999463558197,0.36000001430511475,0.061822607906328306,0.0678996155038476,0.0014915600962315996,0.6822787655724419,0.008723705095083764,0.028931565375791654,0.0003,281,119,84.93448362725113,5.94528865814209,6.935227632522583,12.880516290664673,445,0.18783259694464505,0,0,TRUE,pair,145,2.695866899099201,4.844606944150419,25,0,7.544827586206897,2.695866899099201,0.25093370443210006,2.852248501731083,cpu,cuda:0,0,671.4296875,46
5526,1,DDT900_num50.txt,fixed,1100,8,137.5,9.05538558959961,6.231542587280273,5.8083187468582764e-06,-3.6,-0.245605723,0.2749999761581421,0.031224992126226425,0.2199999988079071,0.3199999928474426,-0.021414215,-0.016490541,0.002739852061495185,0.6293599506219228,0.023511468432843685,0.015388309334715208,0.0003,290,110,97.95431007003224,6.24985408782959,4.9798712730407715,11.229725360870361,454,0.20751960226334631,0,0,TRUE,pair,150,2.588930999394506,5.032727271643552,32,0,7.333333333333333,2.588930999394506,0.2652447992004454,3.2371912004891783,cpu,cuda:0,0,671.4296875,46
5527,1,DDT900_num50.txt,fixed,1094,8,136.75,10.882899284362793,5.8302130699157715,1.094390609068796e-05,-3.8,-0.250138806,0.26249998807907104,0.04054319113492966,0.2199999988079071,0.36000001430511475,-0.087410616,-0.081638733,0.0019311019989092732,0.6737436751524607,0.006482814215511705,0.06466631767236525,0.0003,295,105,35.2200590317285,5.8530433177948,25.20880126953125,31.06184458732605,457,0.17793019860982895,0,0,TRUE,pair,150,2.5298692986834794,4.985374771044938,45,0,7.293333333333333,2.5298692986834794,0.20233180047944188,2.980166897876188,cpu,cuda:0,0,671.4296875,48
5528,1,DDT900_num50.txt,fixed,1033,8,129.125,13.751704216003418,11.084875106811523,7.747687050141394e-06,-3.68,-0.259376175,0.26999998092651367,0.04582575708627701,0.20000000298023224,0.3400000035762787,-0.139464134,-0.133708869,0.002393199955501283,0.6951863616704941,0.011302441542890543,0.04620633382971088,0.0003,292,108,47.79608467819423,11.119402170181274,10.493246793746948,21.612648963928223,436,0.31352940015494823,0,0,TRUE,pair,156,5.185966400895268,4.991287510946667,35,0,6.621794871794871,5.185966400895268,0.4548285030759871,5.209480203920975,cpu,cuda:0,0,671.42919921875,47
5529,1,DDT900_num50.txt,fixed,1054,8,131.75,7.479137420654297,5.534848213195801,6.278607543208636e-06,-3.52,-0.254163995,0.2800000011920929,0.020000003278255463,0.25999999046325684,0.3199999928474426,-0.192558716,-0.187655085,0.002315669453569821,0.6061474276440484,0.012294599586831672,0.06309148243495397,0.0003,288,112,83.67552411899537,5.551729202270508,7.043524742126465,12.596276044845581,425,0.19487020000815392,0,0,TRUE,pair,144,2.3911009992007166,5.018975330484886,32,0,7.319444444444445,2.3911009992007166,0.22521190159022808,2.7973415048327297,cpu,cuda:0,0,671.42919921875,47
5530,1,DDT900_num50.txt,fixed,1057,8,132.125,11.129212379455566,5.088756084442139,7.062584700179286e-06,-3.68,-0.247449907,0.26999998092651367,0.04000000283122063,0.2199999988079071,0.3400000035762787,-0.117238322,-0.111817098,0.0018459597874122362,0.6344202905893326,0.008652303872319559,0.024763609903554123,0.0003,292,108,99.39327821741783,5.10856819152832,5.525953769683838,10.634521961212158,443,0.18327749567106366,0,0,TRUE,pair,155,2.1998770008794963,4.84011353020862,40,0,6.819354838709677,2.1998770008794963,0.1813376962672919,2.604965499835089,cpu,cuda:0,0,671.42919921875,47
5531,1,DDT900_num50.txt,fixed,1045,8,130.625,7.841197490692139,5.3309173583984375,6.615847269131336e-06,-3.6,-0.242637009,0.2750000059604645,0.031224990263581276,0.2199999988079071,0.3199999928474426,-0.336521868,-0.331536509,0.001478944264817983,0.5724825412034988,0.022822943195933476,0.03225265769287944,0.0003,290,110,145.25292491072162,5.351701498031616,1.8426458835601807,7.194347381591797,441,0.1884296010248363,0,0,TRUE,pair,144,2.361569201340899,5.140669854405965,45,0,7.256944444444445,2.361569201340899,0.20157980197109282,2.658126906491816,cpu,cuda:0,0,354.43896484375,48
5532,1,DDT900_num50.txt,fixed,1007,8,125.875,8.192030906677246,4.754046440124512,7.923607881821226e-06,-3.96,-0.225207009,0.2524999976158142,0.01984313502907753,0.2199999988079071,0.2800000011920929,-0.215307824,-0.20848767,0.002001562574878335,0.7820945858955384,0.02024683456402272,0.04185153096914292,0.0003,299,101,119.84525136007795,4.776843309402466,3.6256589889526367,8.402502298355103,431,0.1783915013074875,0,0,TRUE,pair,140,2.009776000166312,5.088381329027875,35,0,7.192857142857143,2.009776000166312,0.17503760079853237,2.4712773978244513,cpu,cuda:0,0,671.42724609375,47
5533,1,DDT900_num50.txt,fixed,1022,8,127.75,9.588404655456543,5.356142997741699,1.9679284378071316e-05,-4,-0.233966614,0.25,0.009999997913837433,0.23999999463558197,0.25999999046325684,-0.234755716,-0.228990199,0.001958278323789792,0.6744659287588937,0.016112405790149102,0.03723548858293465,0.0003,300,100,87.58720325513966,5.379209518432617,6.289161682128906,11.668371200561523,445,0.19536110176704824,0,0,TRUE,pair,145,2.296195598319173,5.051859098404588,35,0,7.048275862068966,2.296195598319173,0.19803020427934825,2.7522134978789836,cpu,cuda:0,0,671.42724609375,48
5534,1,DDT900_num50.txt,fixed,1052,8,131.5,6,5.0370378494262695,5.805871751363156e-06,-3.72,-0.242665963,0.26749998331069946,0.029895657673478127,0.2199999988079071,0.30000001192092896,-0.132885868,-0.127883232,0.0021519105066545308,0.6078595668077469,0.025681641971459612,0.03096972079947591,0.0003,293,107,102.40037310021873,5.0580854415893555,5.215314626693726,10.273400068283081,444,0.17878310289233923,0,0,TRUE,pair,144,2.105698498664424,4.977186308840835,48,0,7.305555555555555,2.105698498664424,0.18633039970882237,2.639518196694553,cpu,cuda:0,0,671.42919921875,48
5535,1,DDT900_num50.txt,fixed,1079,8,134.875,8.476990699768066,5.594195365905762,6.529361598950345e-06,-3.6,-0.250688309,0.2750000059604645,0.04974937066435814,0.18000000715255737,0.3400000035762787,-0.058695307,-0.053427714,0.001749233400914818,0.6142212195055825,0.013466978977833475,0.060404488550765176,0.0003,290,110,85.91601342913378,5.616436719894409,6.942339658737183,12.558776378631592,445,0.19170580222271383,0,0,TRUE,pair,148,2.5468544012401253,5.150139018934673,35,0,7.29054054054054,2.5468544012401253,0.2057466960977763,2.7285706009715796,cpu,cuda:0,0,671.42919921875,49
5536,1,DDT900_num50.txt,fixed,1066,8,133.25,8.437268257141113,5.110488414764404,6.596486855414696e-06,-3.92,-0.25234224,0.2549999952316284,0.019364917650818825,0.2199999988079071,0.2800000011920929,-0.21591406,-0.210578213,0.0022705413496375763,0.6471117789095099,0.0091536307961426,0.0558424632657658,0.0003,298,102,70.15384518828229,5.129254102706909,10.065921545028687,15.195175647735596,447,0.24744240078143775,0,0,TRUE,pair,150,2.114578301552683,4.967166975336272,40,0,7.1066666666666665,2.114578301552683,0.1862655975855887,2.7030580050777644,cpu,cuda:0,0,671.42919921875,48
5537,1,DDT900_num50.txt,fixed,1044,8,130.5,8.440971374511719,5.076639652252197,6.983670573390555e-06,-3.84,-0.253534117,0.25999999046325684,0.037416573613882065,0.20000000298023224,0.3400000035762787,-0.101826988,-0.097418179,0.0023532060120487587,0.5585404425859452,0.01614768891595304,0.04622208587825298,0.0003,296,104,67.75261351035445,5.094968318939209,10.31403136253357,15.408999681472778,448,0.18290939694270492,0,0,TRUE,pair,149,2.1153051988221705,4.955938694577564,48,0,7.006711409395973,2.1153051988221705,0.1845060009509325,2.6720586931332946,cpu,cuda:0,0,671.42919921875,48
5538,1,DDT900_num50.txt,fixed,1072,8,134,11.757975578308105,6.244989395141602,8.281400369014591e-06,-3.56,-0.255276379,0.2775000035762787,0.03526684269309044,0.2199999988079071,0.3400000035762787,-0.103372062,-0.098218735,0.0022817966043173024,0.6294225611620479,0.00862545232909421,0.08603489005731212,0.0003,289,111,42.75362032506621,6.263912677764893,18.80998730659485,25.07389998435974,445,0.21045489865355194,0,0,TRUE,pair,149,2.862479698844254,5.2154850768509196,45,0,7.194630872483222,2.862479698844254,0.2691461944486946,2.9755704011768103,cpu,cuda:0,0,671.42919921875,49
5539,1,DDT900_num50.txt,fixed,1086,8,135.75,10.12114143371582,5.306334018707275,8.023414011404384e-06,-3.84,-0.25837148,0.25999999046325684,0.029999999329447746,0.2199999988079071,0.3199999928474426,-0.245978119,-0.241301712,0.0024018219038326708,0.5877319706810845,0.020117545616813004,0.04158235641403331,0.0003,296,104,80.95206268325344,5.326455593109131,8.08889126777649,13.41534686088562,458,0.18883389793336391,0,0,TRUE,pair,153,2.2197625022381544,4.947513811276543,35,0,7.098039215686274,2.2197625022381544,0.20531040732748806,2.7663532942533493,cpu,cuda:0,0,671.42919921875,50
5540,1,DDT900_num50.txt,fixed,1010,8,126.25,11.35506534576416,4.852910041809082,8.111489478324074e-06,-4.04,-0.262149138,0.2475000023841858,0.029895653948187828,0.2199999988079071,0.30000001192092896,-0.263469846,-0.258201323,0.0018118271800631192,0.6174428770318627,0.013027423356106738,0.04882385558448732,0.0003,301,99,59.48727431330328,4.871120452880859,12.107300758361816,16.978421211242676,431,0.17712000361643732,0,0,TRUE,pair,151,2.1193865993991494,5.041584158887957,35,0,6.688741721854305,2.1193865993991494,0.17937380052171648,2.4533262974582613,cpu,cuda:0,0,671.42724609375,49
5541,1,DDT900_num50.txt,fixed,1004,8,125.5,4.924428939819336,5.685673713684082,5.1412243919912726e-06,-3.8,-0.241953106,0.26250001788139343,0.025372233241796494,0.2199999988079071,0.30000001192092896,0.1194100280602773,0.12541635831197104,0.002869245052958528,0.7440963586171468,0.15164086276975772,0.0320182740688324,0.0003,295,105,100.5834183395314,5.703766345977783,4.277998208999634,9.981764554977417,443,0.21405399939976633,0,0,TRUE,pair,133,2.5319996010512114,4.91235059618475,25,0,7.548872180451128,2.5319996010512114,0.22985550132580101,2.798653998412192,cpu,cuda:0,0,671.42724609375,50
5542,1,DDT900_num50.txt,fixed,1047,8,130.875,5.2781982421875,6.068767547607422,5.591411081695696e-06,-3.92,-0.257021787,0.2549999952316284,0.027838822454214096,0.2199999988079071,0.2800000011920929,-0.271672904,-0.264826804,0.001310776686295867,0.7501474618911743,0.035867027938365936,0.02857142873108387,0.0003,298,102,166.6246113680195,6.089322090148926,0.19426345825195312,6.283585548400879,438,0.19811509852297604,0,0,TRUE,pair,140,2.749973200960085,4.8978032485120275,45,0,7.478571428571429,2.749973200960085,0.2655462061520666,2.919919300591573,cpu,cuda:0,0,76.98242188,47
5543,1,DDT900_num50.txt,fixed,1055,8,131.875,11.129212379455566,4.996747016906738,6.781321644666605e-06,-3.84,-0.257479971,0.25999999046325684,0.04000000283122063,0.2199999988079071,0.3400000035762787,-0.430570394,-0.429549128,0.0015342059778049588,0.1788381040096283,0.06144694983959198,0.0238095261156559,0.0003,296,104,169.0444445709362,5.014258623123169,1.2267036437988281,6.240962266921997,450,0.18577689630910754,0,0,TRUE,pair,152,2.122503399150446,4.861611372599669,35,0,6.940789473684211,2.122503399150446,0.18134369933977723,2.5896127980668098,cpu,cuda:0,0,345.4472656,49
5544,1,DDT900_num50.txt,fixed,982,8,122.75,6.159342288970947,4.710052490234375,6.099509846535511e-06,-4.36,-0.274264186,0.22750000655651093,0.01713913306593895,0.20000000298023224,0.25999999046325684,-0.211230611,-0.205957827,0.0022217562331611086,0.6383662927481863,0.010167041004428433,0.06042003942032655,0.0003,309,91,43.542397026723314,4.728448152542114,17.824283599853516,22.55273175239563,451,0.18424019846133888,0,0,TRUE,pair,132,1.9443118979688734,4.963340120257283,30,0,7.4393939393939394,1.9443118979688734,0.16635399730876088,2.504077394492924,cpu,cuda:0,0,671.42724609375,50
5545,1,DDT900_num50.txt,fixed,1004,8,125.5,14.282856941223145,5.696029186248779,9.028480235429015e-06,-4.2,-0.271546086,0.23750001192092896,0.05043560266494751,0.18000000715255737,0.3400000035762787,-0.096186256,-0.091499861,0.002602316136471927,0.5987557709217072,0.029798404965549707,0.04353483989834785,0.0003,305,95,84.044255642008,5.719305515289307,6.226781606674194,11.946087121963501,440,0.2018041971605271,0,0,TRUE,pair,157,2.669224297394976,5.178286850689892,40,0,6.3949044585987265,2.669224297394976,0.2340804983396083,2.6724093975499272,cpu,cuda:0,0,671.42724609375,50
5546,1,DDT900_num50.txt,fixed,1001,8,125.125,5.134138107299805,5.561241149902344,5.764111392636551e-06,-3.96,-0.259944161,0.2524999976158142,0.01984313502907753,0.2199999988079071,0.2800000011920929,-0.537519842,-0.534977943,0.0015341109246946871,0.33089789748191833,0.04591696755960584,0.06534091010689735,0.0003,299,101,139.5924704153447,5.581141471862793,1.5897324085235596,7.1708738803863525,431,0.2060637988615781,0,0,TRUE,pair,136,2.527160500176251,4.958041956851056,35,0,7.360294117647059,2.527160500176251,0.24492149683646858,2.66869790176861,cpu,cuda:0,0,350.05419921875,50
5547,1,DDT900_num50.txt,fixed,1015,8,126.875,10.276641845703125,5.060625076293945,7.916430149634834e-06,-3.88,-0.26826293,0.2574999928474426,0.051417406648397446,0.20000000298023224,0.3799999952316284,-0.167028515,-0.162559036,0.002268252303890352,0.5603602464709964,0.016663982449764653,0.044235573815447946,0.0003,297,103,87.50120747316906,5.080375909805298,6.519464015960693,11.599839925765991,444,0.18239819654263556,0,0,TRUE,pair,148,2.13150490145199,4.962561575180204,35,0,6.858108108108108,2.13150490145199,0.18390449322760105,2.642413303256035,cpu,cuda:0,0,671.42724609375,50
5548,1,DDT900_num50.txt,fixed,1070,8,133.75,10.341058731079102,5.819015026092529,6.942853815417038e-06,-3.72,-0.251120892,0.26749998331069946,0.04683749005198479,0.2199999988079071,0.36000001430511475,-0.472904295,-0.468423188,0.0011898045195266604,0.5076022744178772,0.08898431807756424,0.05769231170415878,0.0003,293,107,174.18333073812286,5.836828947067261,0.3061239719390869,6.142952919006348,439,0.19751469953916967,0,0,TRUE,pair,155,2.6573978988453746,4.954205604579961,35,0,6.903225806451613,2.6573978988453746,0.2226711001712829,2.816906498512253,cpu,cuda:0,0,99.45019531,50
5549,1,DDT900_num50.txt,fixed,1056,8,132,13.105342864990234,6.241331577301025,8.71288648340851e-06,-3.8,-0.250217864,0.26249998807907104,0.046300653368234634,0.2199999988079071,0.36000001430511475,-0.094752452,-0.090218324,0.0025245143217034636,0.5796388775110245,0.009233266580849886,0.032083578035235406,0.0003,295,105,81.98906271979033,6.2604663372039795,6.619300365447998,12.879766702651978,449,0.2845589022617787,0,0,TRUE,pair,155,2.884803700260818,5.012310606963707,30,0,6.812903225806451,2.884803700260818,0.270547591149807,2.947912004776299,cpu,cuda:0,0,671.42919921875,51
5550,1,DDT900_num50.txt,fixed,1079,8,134.875,9.584329605102539,6.9641947746276855,7.492187705793185e-06,-3.64,-0.246491417,0.27250000834465027,0.05092887580394745,0.20000000298023224,0.36000001430511475,-0.14938939,-0.144713278,0.0024829810524048903,0.5917603075504303,0.06691781138457979,0.06941499654203653,0.0003,291,109,78.44612138688646,6.9885923862457275,6.766071081161499,13.754663467407227,454,0.22119279648177326,0,0,TRUE,pair,149,3.1506685002241284,4.861909176929887,35,0,7.241610738255034,3.1506685002241284,0.297647004481405,3.360217000823468,cpu,cuda:0,0,671.42919921875,51
5551,1,DDT900_num50.txt,fixed,1072,8,134,12.747549057006836,5.689526081085205,7.148582426452776e-06,-3.52,-0.226466279,0.2800000011920929,0.06000000610947609,0.2199999988079071,0.4000000059604645,-0.344157219,-0.338548407,0.0010843834461411461,0.6150978803634644,0.018055057589663193,0.019607843831181526,0.0003,288,112,168.16312672013726,5.709534645080566,0.6652278900146484,6.374762535095215,447,0.19378720317035913,0,0,TRUE,pair,155,2.556726199807599,4.915111938296859,44,0,6.916129032258064,2.556726199807599,0.2421554969623685,2.767818099586293,cpu,cuda:0,0,99.10644531,51
5552,1,DDT900_num50.txt,fixed,1096,8,137,8.2915620803833,5.374930381774902,5.6470485105819535e-06,-3.56,-0.220744166,0.2775000035762787,0.03230712562799454,0.23999999463558197,0.3400000035762787,-0.082243757,-0.077853273,0.0017048220470314845,0.5242894614736239,0.021699842463325087,0.04370706559469303,0.0003,289,111,98.4598205547167,5.395672082901001,5.735772132873535,11.131444215774536,453,0.19625700265169144,0,0,TRUE,pair,151,2.246267601614818,4.761861314956289,36,0,7.258278145695364,2.246267601614818,0.20262510352768004,2.8111927991267294,cpu,cuda:0,0,671.4296875,51
5553,1,DDT900_num50.txt,fixed,993,8,124.125,6.253748893737793,4.796385765075684,9.677269190433435e-06,-4.08,-0.22955286,0.2449999898672104,0.023979155346751213,0.20000000298023224,0.2800000011920929,-0.296064136,-0.291115079,0.002601547509483579,0.624982519282235,0.011632558695661524,0.06045613194712334,0.0003,302,98,42.08664701431231,4.8149168491363525,18.7792649269104,23.594181776046753,425,0.1877898012753576,0,0,TRUE,pair,135,1.9986925998236984,5.089627393903089,32,0,7.355555555555555,1.9986925998236984,0.1733279034961015,2.524101509246975,cpu,cuda:0,0,671.42724609375,52
5554,1,DDT900_num50.txt,fixed,1007,8,125.875,6.19349479675293,5.65811824798584,5.3789681260241196e-06,-4.12,-0.236321109,0.24249999225139618,0.03526683524250984,0.20000000298023224,0.3199999928474426,-0.046497754,-0.041134709,0.001990664517506957,0.6358374456564585,0.013792744022794068,0.06901835650205612,0.0003,303,97,82.80795658745663,5.685042858123779,6.475624322891235,12.160667181015015,438,0.18704730388708413,0,0,TRUE,pair,140,2.65926279919222,5.053624627843514,40,0,7.192857142857143,2.65926279919222,0.22547389776445925,2.6545414989814162,cpu,cuda:0,0,671.42724609375,51
5555,1,DDT900_num50.txt,fixed,1034,8,129.25,9.443913459777832,5.9269819259643555,6.787605798308505e-06,-3.96,-0.260050048,0.2524999976158142,0.041155193001031876,0.20000000298023224,0.3400000035762787,-0.179419122,-0.174241547,0.002416726829121924,0.6385936786731085,0.01439285657963612,0.07692009769380093,0.0003,299,101,41.87731731699951,5.9473326206207275,18.7438383102417,24.691170930862427,432,0.19047190225683153,0,0,TRUE,pair,152,2.853107199072838,4.969052226216005,30,0,6.802631578947368,2.853107199072838,0.23550979979336262,2.714401700301096,cpu,cuda:0,0,671.42919921875,51
5556,1,DDT900_num50.txt,fixed,1008,8,126,6.614378452301025,4.847376346588135,6.255932476051385e-06,-4.12,-0.238211874,0.24250000715255737,0.011989576742053032,0.2199999988079071,0.25999999046325684,-0.243092678,-0.237900852,0.0021475891893108687,0.6265621930360794,0.039522432343801484,0.04112649957338969,0.0003,303,97,103.10671651300333,4.866004943847656,4.910273790359497,9.776278734207153,446,0.1826660968363285,0,0,TRUE,pair,138,2.069897199748084,5.078373015399963,40,0,7.304347826086956,2.069897199748084,0.1774339978583157,2.500427898252383,cpu,cuda:0,0,671.42724609375,51
5557,1,DDT900_num50.txt,fixed,1015,8,126.875,9.453008651733398,5.310959339141846,2.4249642592621967e-05,-4.16,-0.273448555,0.24000000953674316,0.024494895711541176,0.20000000298023224,0.2800000011920929,-0.505578198,-0.500041366,0.0012509815860539675,0.6162312030792236,0.010812454071128741,0.06814676616340876,0.0003,304,96,129.96177116009088,5.333467483520508,2.4765214920043945,7.809988975524902,453,0.19639889826066792,0,0,TRUE,pair,147,2.36562189925462,5.114285713815924,40,0,6.904761904761905,2.36562189925462,0.19323890120722353,2.6446384966839105,cpu,cuda:0,0,322.6845703,52
5558,1,DDT900_num50.txt,fixed,1008,8,126,8.83176040649414,5.778538227081299,2.1948109861114062e-05,-4.12,-0.250375397,0.24250000715255737,0.025372225791215897,0.20000000298023224,0.2800000011920929,-0.219478697,-0.21512606,0.0008297666063299403,0.476751372218132,0.01815274602267891,0.04016829561442137,0.0003,303,97,130.78623758517708,5.798547029495239,1.9086859226226807,7.70723295211792,447,0.20239790133200586,0,0,TRUE,pair,139,2.7393549017142504,5.0605158723062935,45,0,7.251798561151079,2.7393549017142504,0.23467519995756447,2.6839593967888504,cpu,cuda:0,0,340.55029296875,51
5559,1,DDT900_num50.txt,fixed,1076,8,134.5,12.70826530456543,5.191799163818359,7.666556484764442e-06,-3.52,-0.244766,0.2800000011920929,0.05196152627468109,0.2199999988079071,0.3799999952316284,-0.064524289,-0.058938039,0.0005004196573281661,0.583645835518837,0.02870773198083043,0.0466531440615654,0.0003,288,112,193.95742965801756,5.213117599487305,0.334491491317749,5.547609090805054,449,0.18730100197717547,0,0,TRUE,pair,153,2.186032400932163,4.8308550192520965,35,0,7.032679738562091,2.186032400932163,0.19750229641795158,2.6978036989457905,cpu,cuda:0,0,75.73730469,50
5560,1,DDT900_num50.txt,fixed,1047,8,130.875,14.768526077270508,5.043158054351807,7.080670457071392e-06,-3.64,-0.254742882,0.27250000834465027,0.04115520045161247,0.2199999988079071,0.36000001430511475,-0.158996521,-0.154092932,0.001778198711690493,0.5792685635387897,0.007695536742176046,0.04161636857315898,0.0003,291,109,85.72130853587365,5.060676336288452,7.15332293510437,12.213999271392822,442,0.2635691009927541,0,0,TRUE,pair,155,2.100742599926889,4.83190066948775,45,0,6.754838709677419,2.100742599926889,0.18577079940587282,2.6532864023465663,cpu,cuda:0,0,671.42919921875,51
5561,1,DDT900_num50.txt,fixed,1011,8,126.375,5.998697757720947,5.69426965713501,6.20346645519021e-06,-4.28,-0.260873891,0.23250001668930054,0.026339132338762283,0.20000000298023224,0.2800000011920929,-0.153105458,-0.148152793,0.002315038136051347,0.6110171427329382,0.011645110246414939,0.06365248219420512,0.0003,307,93,84.82043370814863,5.71269679069519,6.206600904464722,11.919297695159912,438,0.20050989976152778,0,0,TRUE,pair,135,2.6775373006239533,4.997032639770432,40,0,7.488888888888889,2.6775373006239533,0.23292660294100642,2.667620394844562,cpu,cuda:0,0,671.42724609375,51
5562,1,DDT900_num50.txt,fixed,1074,8,134.25,12.695963859558105,6.22996711730957,7.552639999630628e-06,-3.52,-0.257642425,0.2800000011920929,0.044721364974975586,0.2199999988079071,0.36000001430511475,-0.209034108,-0.205951236,0.0018321939860470593,0.39989781379699707,0.07538203452713788,0.04045584052801132,0.0003,288,112,132.96301667447185,6.247390031814575,1.8300440311431885,8.077434062957764,435,0.19208740000613034,0,0,TRUE,pair,163,3.0612584014888853,4.804469275296955,40,0,6.588957055214724,3.0612584014888853,0.2689862030092627,2.7699542965274304,cpu,cuda:0,0,382.63134765625,52
5563,1,DDT900_num50.txt,fixed,1077,8,134.625,12.559234619140625,6.355433464050293,8.064048415690195e-06,-3.72,-0.259182712,0.26749998331069946,0.0489259697496891,0.20000000298023224,0.36000001430511475,-0.201401488,-0.197191677,0.0024916129500175323,0.5455619669877566,0.010836737277433993,0.060142251734550185,0.0003,293,107,54.95128864818089,6.375319719314575,13.223856687545776,19.59917640686035,446,0.22550619952380657,0,0,TRUE,pair,155,2.991886501200497,4.833797588985942,35,0,6.948387096774193,2.991886501200497,0.27358420146629214,2.9498698997776955,cpu,cuda:0,0,671.42919921875,47
5564,1,DDT900_num50.txt,fixed,979,8,122.375,6.744210243225098,4.668646335601807,6.201174983289093e-06,-4.44,-0.284980441,0.2225000113248825,0.021065369248390198,0.20000000298023224,0.25999999046325684,0.08658007780710857,0.09074560801188152,0.0032071889533350864,0.5769118467966715,0.027067729194338124,0.05052997171878815,0.0003,311,89,106.59297777434197,4.690249919891357,4.494220018386841,9.184469938278198,430,0.17665149923413992,0,0,TRUE,pair,130,1.9944037997629493,5.106230848290947,35,0,7.530769230769231,1.9944037997629493,0.1869135983288288,2.3880131961777806,cpu,cuda:0,0,671.42724609375,46
5565,1,DDT900_num50.txt,fixed,1084,8,135.5,12.668859481811523,6.036983966827393,8.319066182593815e-06,-3.44,-0.282097082,0.2849999964237213,0.04330126941204071,0.2199999988079071,0.3400000035762787,-0.052420405,-0.047878762,0.0026732845516461465,0.5878284855021371,0.008014134044868924,0.058539282634026475,0.0003,286,114,41.02062465292674,6.055016994476318,20.37071418762207,26.42573118209839,437,0.19882600056007504,0,0,TRUE,pair,148,2.758818002184853,4.663284134600875,36,0,7.324324324324325,2.758818002184853,0.24587359628640115,2.903212193865329,cpu,cuda:0,0,671.42919921875,44
5566,1,DDT900_num50.txt,fixed,1034,8,129.25,8.714212417602539,5.8187360763549805,7.569555236841552e-06,-3.84,-0.271977624,0.25999999046325684,0.02828427031636238,0.2199999988079071,0.3199999928474426,-0.054077119,-0.049671407,0.003176685383853813,0.5994064211845398,0.03273625524404148,0.013127955297629038,0.0003,296,104,98.86764312470066,5.836984872817993,4.621441841125488,10.458426713943481,425,0.19891610089689493,0,0,TRUE,pair,139,2.631661501247436,4.918762088974855,35,0,7.438848920863309,2.631661501247436,0.2550297963898629,2.8090127005707473,cpu,cuda:0,0,671.42919921875,44
5567,1,DDT900_num50.txt,fixed,1047,8,130.875,10.844785690307617,6.47166109085083,6.274079169088509e-06,-3.8,-0.263624989,0.26249998807907104,0.018540501594543457,0.23999999463558197,0.30000001192092896,-0.138968218,-0.134134676,0.0018843922298401594,0.5775738613946098,0.01692211177266602,0.0637280238526208,0.0003,295,105,76.26027534639451,6.487986087799072,7.241311311721802,13.729297399520874,435,0.22272299719043076,0,0,TRUE,pair,150,2.9497312009334564,4.779369627962595,35,0,6.98,2.9497312009334564,0.29679379845038056,3.0813489025458694,cpu,cuda:0,0,671.42919921875,42
5568,1,DDT900_num50.txt,fixed,1044,8,130.5,5.809474945068359,5.029242992401123,5.486218014993938e-06,-4.04,-0.269087668,0.2475000023841858,0.031523801386356354,0.20000000298023224,0.30000001192092896,-0.136485156,-0.132294133,0.003537542070262134,0.595978856086731,0.012190556793939322,0.0448116660118103,0.0003,301,99,117.50904408491752,5.04669713973999,3.8377254009246826,8.884422540664673,445,0.2609169976785779,0,0,TRUE,pair,140,2.0666473996825516,4.927203063535508,33,0,7.457142857142857,2.0666473996825516,0.18619269947521389,2.672258796636015,cpu,cuda:0,0,671.42919921875,41
5569,1,DDT900_num50.txt,fixed,1028,8,128.5,5.5452680587768555,5.498758792877197,4.79215395898791e-06,-4.08,-0.283429049,0.24500000476837158,0.025980761274695396,0.20000000298023224,0.2800000011920929,-0.251872548,-0.247573638,0.00233009087969549,0.5463959475358328,0.00945599029485796,0.054380960296839476,0.0003,302,98,54.507713867404554,5.51641845703125,13.343297481536865,18.859715938568115,438,0.2021263970527798,0,0,TRUE,pair,136,2.402474201284349,4.935797666297349,25,0,7.5588235294117645,2.402474201284349,0.20116000343114138,2.781035699415952,cpu,cuda:0,0,671.42919921875,41
5570,1,DDT900_num50.txt,fixed,1022,8,127.75,5.910795211791992,4.919641971588135,5.40006249138969e-06,-3.68,-0.282288091,0.26999998092651367,0.04472136124968529,0.2199999988079071,0.3799999952316284,-0.361108147,-0.358555915,0.006091136679363747,0.5597819338242213,0.04672214816613026,0.026303050418694813,0.0003,292,108,101.18116695327254,4.93956184387207,5.161132097244263,10.100693941116333,445,0.19139170111157,0,0,TRUE,pair,139,2.067956200335175,4.986301367063579,28,0,7.35251798561151,2.067956200335175,0.1847808954771608,2.5643563016783446,cpu,cuda:0,0,671.42724609375,40
5571,1,DDT900_num50.txt,fixed,1026,8,128.25,7.189402103424072,5.136013031005859,1.6232610505539924e-05,-4.08,-0.290820101,0.24500000476837158,0.023979155346751213,0.20000000298023224,0.2800000011920929,-0.287689107,-0.284095223,0.003374302866480624,0.5281038631995519,0.008898440224584192,0.0429130201227963,0.0003,302,98,95.83541278385887,5.1630284786224365,5.542826175689697,10.705854654312134,447,0.1946908999234438,0,0,TRUE,pair,140,2.1466870992444456,4.81578947228995,28,0,7.328571428571428,2.1466870992444456,0.1897528967820108,2.6929536038078368,cpu,cuda:0,0,671.42919921875,40
5572,1,DDT900_num50.txt,fixed,1065,8,133.125,15.406472206115723,5.127699375152588,8.668736882100347e-06,-3.88,-0.261688452,0.2574999928474426,0.027271782979369164,0.2199999988079071,0.30000001192092896,-0.182184626,-0.178546284,0.0030382658587768674,0.5157474116845564,0.011345094048672101,0.03356576897203922,0.0003,297,103,64.96511523734507,5.151042222976685,11.242371320724487,16.393413543701172,442,0.183509798720479,0,0,TRUE,pair,159,2.1927430003415793,4.973708916829786,30,0,6.69811320754717,2.1927430003415793,0.19088140106759965,2.636024799896404,cpu,cuda:0,0,671.42919921875,40
5573,1,DDT900_num50.txt,fixed,1083,8,135.375,12.30789852142334,6.075896739959717,2.8971537176403217e-05,-3.4,-0.256122084,0.2874999940395355,0.03596873953938484,0.2199999988079071,0.3400000035762787,-0.038483474,-0.034145264,0.0024623115993260094,0.5569369544585546,0.007821098474475244,0.03582797106355429,0.0003,285,115,84.4627209561031,6.1000261306762695,6.722198724746704,12.822224855422974,451,0.20842880220152438,0,0,TRUE,pair,152,2.8285175999626517,4.810710986235135,30,0,7.125,2.8285175999626517,0.2487816005013883,2.874109597876668,cpu,cuda:0,0,671.42919921875,40
5574,1,DDT900_num50.txt,fixed,996,8,124.5,6.91013765335083,5.559732913970947,3.0485896786558442e-05,-4.12,-0.250635764,0.24250000715255737,0.04054318740963936,0.18000000715255737,0.30000001192092896,-0.545950611,-0.541104496,0.0011353306860352557,0.5413803060849508,0.07053474927670322,0.059890622893969216,0.0003,303,97,155.13755791022302,5.599881410598755,0.8202273845672607,6.420108795166016,440,0.2017560936510563,0,0,TRUE,pair,134,2.595330700511113,5.093373493975903,33,0,7.432835820895522,2.595330700511113,0.24726659385487437,2.5962188034318388,cpu,cuda:0,0,99.04931641,40
5575,1,DDT900_num50.txt,fixed,1024,8,128,11.532562255859375,5.709563732147217,7.98435303295264e-06,-3.8,-0.239527527,0.26249998807907104,0.046300653368234634,0.2199999988079071,0.36000001430511475,-0.209438409,-0.205681731,0.002631648293962436,0.5072502280984607,0.0145143212617508,0.04928281397691795,0.0003,295,105,84.10527444347488,5.726246118545532,6.448971271514893,12.175217390060425,431,0.1857658999506384,0,0,TRUE,pair,145,2.625908699585125,4.857421878143214,28,0,7.062068965517241,2.625908699585125,0.2567121027968824,2.7030625010374933,cpu,cuda:0,0,671.42724609375,39
5576,1,DDT900_num50.txt,fixed,1056,8,132,10.594810485839844,5.058681488037109,8.393892130698077e-06,-3.84,-0.259747099,0.25999999046325684,0.03162277489900589,0.20000000298023224,0.3199999928474426,-0.278616812,-0.274728111,0.0018124142225133255,0.479492150247097,0.10353982736705802,0.050228191539645195,0.0003,296,104,152.11920866971144,5.0816216468811035,1.860302448272705,6.941924095153809,455,0.1847813008353114,0,0,TRUE,pair,153,2.145732499891892,4.981060606399269,35,0,6.901960784313726,2.145732499891892,0.1915052009280771,2.6153929959982634,cpu,cuda:0,0,352.3007813,38
5577,1,DDT900_num50.txt,fixed,1070,8,133.75,12.059746742248535,5.786670684814453,2.671245783858467e-05,-3.84,-0.268249384,0.25999999046325684,0.05656854435801506,0.20000000298023224,0.36000001430511475,-0.099630924,-0.095741944,0.0027091757607801505,0.5243563043574492,0.011167252048229178,0.058563532773405313,0.0003,296,104,58.44182016150441,5.815547227859497,12.49325966835022,18.308806896209717,442,0.2642067992128432,0,0,TRUE,pair,154,2.5531369985546917,4.7299065397164535,28,0,6.9480519480519485,2.5531369985546917,0.22543149814009666,2.88706340524368,cpu,cuda:0,0,671.42919921875,39
5578,1,DDT900_num50.txt,fixed,986,8,123.25,6.905613422393799,4.742386817932129,6.182815013744403e-06,-4.04,-0.266362427,0.2475000023841858,0.017139136791229248,0.2199999988079071,0.2800000011920929,-0.171233597,-0.167236829,0.00331890537442329,0.5656221409638723,0.006658265852214147,0.04317685775458813,0.0003,301,99,66.9783396549154,4.7645347118377686,9.956642389297485,14.721177101135254,418,0.17269929707981646,0,0,TRUE,pair,138,1.9838183994870633,5.132860038875324,35,0,7.144927536231884,1.9838183994870633,0.17281800182536244,2.490164399612695,cpu,cuda:0,0,671.42724609375,39
5579,1,DDT900_num50.txt,fixed,993,8,124.125,6.431125640869141,6.006215572357178,5.778884769824799e-06,-4.08,-0.289721159,0.24500000476837158,0.02397916093468666,0.2199999988079071,0.30000001192092896,-0.492490623,-0.48897728,0.0018485400214558467,0.44376033917069435,0.023384203377645463,0.04105292074382305,0.0003,302,98,115.69379160136755,6.023865461349487,2.559136152267456,8.583001613616943,431,0.22728680004365742,0,0,TRUE,pair,132,2.7175602002535015,5.072507554070587,40,0,7.5227272727272725,2.7175602002535015,0.24963879911229014,2.908454699907452,cpu,cuda:0,0,357.5693359,40
5580,1,DDT900_num50.txt,fixed,1027,8,128.375,8.275528907775879,5.9365715980529785,6.920301984791877e-06,-3.76,-0.256214316,0.26499998569488525,0.025980763137340546,0.23999999463558197,0.3199999928474426,-0.282393895,-0.279188794,0.0014980274718254805,0.39541057497262955,0.04498051293194294,0.0369305619969964,0.0003,294,106,131.12460305400023,6.025875806808472,1.8063690662384033,7.832244873046875,430,0.19970179931260645,0,0,TRUE,pair,141,2.8462252009194344,5.033106133907656,40,0,7.283687943262412,2.8462252009194344,0.2404810015577823,2.7251262054778636,cpu,cuda:0,0,362.81591796875,40
5581,1,DDT900_num50.txt,fixed,1047,8,130.875,13.138089179992676,5.915123462677002,8.422623068327084e-06,-3.88,-0.27099944,0.2574999928474426,0.05868346989154816,0.18000000715255737,0.3799999952316284,0.0022943392395973206,0.006752835586667061,0.0027159196324646473,0.5816455334424973,0.011457137325123767,0.019462316296994686,0.0003,297,103,93.99071371545706,5.935670375823975,5.203727960586548,11.139398336410522,435,0.20392940193414688,0,0,TRUE,pair,155,2.677137599559501,4.922636102924146,35,0,6.754838709677419,2.677137599559501,0.22424629516899586,2.8925527988467366,cpu,cuda:0,0,671.42919921875,41
5582,1,DDT900_num50.txt,fixed,1045,8,130.625,12.68796157836914,5.935458183288574,8.414182957494631e-06,-3.8,-0.28300546,0.26249998807907104,0.03526683896780014,0.2199999988079071,0.3199999928474426,-0.193597717,-0.189420287,0.0025094900526763764,0.5432176072807873,0.007163246210171457,0.0443305340321625,0.0003,295,105,43.328667141362324,5.95277738571167,18.165204286575317,24.117981672286987,441,0.20459290244616568,0,0,TRUE,pair,152,2.791258600540459,4.888995214854702,28,0,6.875,2.791258600540459,0.2666367997881025,2.7455573996994644,cpu,cuda:0,0,671.42919921875,42
5583,1,DDT900_num50.txt,fixed,1072,8,134,15.620499610900879,5.174793720245361,1.0650401236489415e-05,-3.44,-0.257628048,0.2849999964237213,0.03278719261288643,0.23999999463558197,0.3199999928474426,0.09474977999925613,0.10016794949769973,0.0017321578226983548,0.6284249246120452,0.01089211474172771,0.0656461961567402,0.0003,286,114,112.5538726452564,5.197365999221802,4.326961994171143,9.524327993392944,431,0.18350579892285168,0,0,TRUE,pair,154,2.1614940990693867,4.869402982850573,36,0,6.961038961038961,2.1614940990693867,0.19208579580299556,2.7129941990133375,cpu,cuda:0,0,671.42919921875,43
5584,1,DDT900_num50.txt,fixed,1039,8,129.875,11.612896919250488,5.647283554077148,7.136645308492007e-06,-4,-0.284421332,0.25,0.036055512726306915,0.2199999988079071,0.3400000035762787,-0.083111112,-0.078527976,0.002790735911249238,0.5978503086987663,0.013210914830458076,0.0675199770313852,0.0003,300,100,41.50140197212619,5.663836240768433,19.37146258354187,25.035298824310303,452,0.1901594994124025,0,0,TRUE,pair,152,2.6317692997399718,4.963426370134252,36,0,6.8355263157894735,2.6317692997399718,0.2301518979948014,2.6707004010677338,cpu,cuda:0,0,671.42919921875,44
5585,1,DDT900_num50.txt,fixed,1074,8,134.25,14.652217864990234,6.360117435455322,7.301994628505781e-06,-3.36,-0.285850687,0.28999999165534973,0.06244998797774315,0.18000000715255737,0.36000001430511475,0.028152388520538807,0.03180574532598257,0.00398827080304424,0.5647495165467262,0.07483020766327779,0.06702936999499798,0.0003,284,116,90.13195239448956,6.378434419631958,5.537428617477417,11.915863037109375,438,0.20516909775324166,0,0,TRUE,pair,151,2.9331861019600183,4.7653631282696285,35,0,7.112582781456954,2.9331861019600183,0.2694109049625695,3.0206074034795165,cpu,cuda:0,0,671.42919921875,44
5586,1,DDT900_num50.txt,fixed,997,8,124.625,4.270172595977783,4.84374475479126,5.563384092965862e-06,-4.04,-0.304890373,0.2475000023841858,0.022220484912395477,0.20000000298023224,0.2800000011920929,-0.318401859,-0.313766992,0.0031447469256818293,0.6207242886225383,0.00879821740090847,0.048486926468710105,0.0003,301,99,56.08699176374251,4.864670038223267,12.911287784576416,17.775957822799683,432,0.18108870089054108,0,0,TRUE,pair,129,1.9976658013183624,5.123370105309137,30,0,7.728682170542636,1.9976658013183624,0.17679090215824544,2.5701966017950326,cpu,cuda:0,0,671.42724609375,45
5587,1,DDT900_num50.txt,fixed,1036,8,129.5,12.776932716369629,6.3935770988464355,8.123743100441061e-06,-4.2,-0.295393364,0.23749999701976776,0.03230711817741394,0.1599999964237213,0.25999999046325684,-0.037325282,-0.033241197,0.0020942990668118,0.5131232142448425,0.041178472340106964,0.02857142873108387,0.0003,305,95,156.25798003509215,6.4151952266693115,0.21486616134643555,6.630061388015747,431,0.21304790046997368,0,0,TRUE,pair,153,2.9819158983882517,5.0318532825436835,30,0,6.771241830065359,2.9819158983882517,0.28709569689817727,2.9815461090765893,cpu,cuda:0,0,76.98291016,44
5588,1,DDT900_num50.txt,fixed,1023,8,127.875,5.509934425354004,5.615016937255859,6.641573236265685e-06,-3.72,-0.281533653,0.26749998331069946,0.028173571452498436,0.23999999463558197,0.3199999928474426,-0.334156126,-0.331474051,0.001823090948164463,0.35936295986175537,0.040261299815028906,0.05867219902575016,0.0003,293,107,134.34935096530936,5.705749988555908,1.908726692199707,7.614476680755615,444,0.19160659820772707,0,0,TRUE,pair,136,2.666547400644049,5.055718476005547,30,0,7.522058823529412,2.666547400644049,0.2332754973322153,2.6002721979748458,cpu,cuda:0,0,333.48486328125,46
5589,1,DDT900_num50.txt,fixed,1057,8,132.125,14.641016960144043,5.1144022941589355,1.1022831131413113e-05,-3.68,-0.255431391,0.27000001072883606,0.04690416157245636,0.20000000298023224,0.36000001430511475,-0.001248921,0.0027330637635064443,0.0026382041147111784,0.5301086806825229,0.009441427212940263,0.03859955192144428,0.0003,292,108,56.3176960911762,5.1338982582092285,13.63462519645691,18.768523454666138,429,0.17909770063124597,0,0,TRUE,pair,158,2.2119073015637696,4.872280037842952,32,0,6.689873417721519,2.2119073015637696,0.19062510435469449,2.6055719973519444,cpu,cuda:0,0,671.42919921875,46
5590,1,DDT900_num50.txt,fixed,1045,8,130.625,10.64116382598877,4.977163314819336,6.468133960879641e-06,-3.52,-0.244571608,0.2799999713897705,0.04898979514837265,0.2199999988079071,0.3799999952316284,-0.079617581,-0.075305267,0.0019585749367251994,0.5291599700848262,0.01026008096523583,0.024642610798279445,0.0003,288,112,60.81497225851779,4.994840860366821,12.188427686691284,17.183268547058105,439,0.17551860050298274,0,0,TRUE,pair,154,2.1326637973543257,5.090909092049849,30,0,6.785714285714286,2.1326637973543257,0.18203179398551583,2.5604002000764012,cpu,cuda:0,0,671.42919921875,45
5591,1,DDT900_num50.txt,fixed,1038,8,129.75,15.54630184173584,5.716886520385742,8.444529157713987e-06,-3.56,-0.246259946,0.2774999737739563,0.036657195538282394,0.2199999988079071,0.3400000035762787,0.035042548552155495,0.03806207608431578,0.0012754911440424621,0.3657276853919029,0.047267790883779526,0.05303030461072922,0.0003,289,111,141.01955032718624,5.737219572067261,1.6234619617462158,7.360681533813477,433,0.20184409897774458,0,0,TRUE,pair,157,2.4952967022545636,4.967244703415961,45,0,6.611464968152866,2.4952967022545636,0.22825270192697644,2.869052201975137,cpu,cuda:0,0,319.1533203,46
5592,1,DDT900_num50.txt,fixed,1057,8,132.125,9.623376846313477,6.266189098358154,1.7177722838823684e-05,-3.92,-0.23426438,0.2549999952316284,0.027838824316859245,0.20000000298023224,0.30000001192092896,-0.160370629,-0.156371357,0.0032319510937668383,0.561525009572506,0.014263719621643153,0.034550306697686516,0.0003,298,102,89.90190556062325,6.288831472396851,5.468427658081055,11.757259130477905,445,0.2191222996916622,0,0,TRUE,pair,154,2.7211802010424435,4.838221382621108,30,0,6.863636363636363,2.7211802010424435,0.25953610241413116,3.1446460962761194,cpu,cuda:0,0,671.42919921875,46
5593,1,DDT900_num50.txt,fixed,1033,8,129.125,14.2516450881958,5.06630802154541,8.09921675681835e-06,-3.8,-0.208513067,0.26249998807907104,0.030720515176653862,0.2199999988079071,0.3199999928474426,-0.071765909,-0.066794289,0.0008240921597462147,0.5383665263652802,0.020219242462189868,0.048076923936605453,0.0003,295,105,183.8047294830485,5.082860946655273,0.537233829498291,5.6200947761535645,438,0.18073180271312594,0,0,TRUE,pair,151,2.1358471007552,5.191674729630654,35,0,6.841059602649007,2.1358471007552,0.17939799861051142,2.6492256002966315,cpu,cuda:0,0,107.9931641,45
5594,1,DDT900_num50.txt,fixed,1027,8,128.375,5.566360950469971,4.815238952636719,5.629405677609611e-06,-3.8,-0.199253933,0.26249998807907104,0.01854049786925316,0.2199999988079071,0.2800000011920929,0.03163460336832537,0.036779658454987735,0.0018897817030342089,0.6089945857723554,0.009279069969327085,0.06424775098760922,0.0003,295,105,43.43453849034194,4.8370280265808105,18.8077495098114,23.644777536392212,434,0.17822600179351866,0,0,TRUE,pair,137,2.042836998589337,4.939629986084192,32,0,7.4963503649635035,2.042836998589337,0.17748769978061318,2.4978545955382288,cpu,cuda:0,0,671.42919921875,46
5595,1,DDT900_num50.txt,fixed,1039,8,129.875,11.709371566772461,4.893854141235352,7.098710284481058e-06,-3.52,-0.202198302,0.2800000011920929,0.040000006556510925,0.23999999463558197,0.36000001430511475,0.026806552708148957,0.03280084207653999,0.0027327075600624084,0.7360644161701202,0.011374464468099177,0.03876623623073101,0.0003,288,112,104.78184998357179,4.9127795696258545,5.0030598640441895,9.915839433670044,433,0.17629510117694736,0,0,TRUE,pair,156,2.109752402640879,4.934552453365087,30,0,6.660256410256411,2.109752402640879,0.18219690304249525,2.5008389039430767,cpu,cuda:0,0,671.42919921875,46
5596,1,DDT900_num50.txt,fixed,1084,8,135.5,11.863810539245605,5.480175971984863,9.03634736459935e-06,-3.6,-0.219929684,0.2750000059604645,0.046636901795864105,0.2199999988079071,0.36000001430511475,-0.030021859,-0.023564304,0.002585688154795207,0.7750398367643356,0.01335323262901511,0.0738133059348911,0.0003,290,110,104.01561328133695,5.503987550735474,4.917524814605713,10.421512365341187,450,0.3040540008805692,0,0,TRUE,pair,154,2.3304751000832766,4.8210332087925,48,0,7.038961038961039,2.3304751000832766,0.2021993058733642,2.835602902341634,cpu,cuda:0,0,671.42919921875,47
5597,1,DDT900_num50.txt,fixed,1043,8,130.375,11.789163589477539,5.716100692749023,7.703540177317336e-06,-4.24,-0.230124921,0.23500001430511475,0.034278273582458496,0.18000000715255737,0.30000001192092896,-0.261966525,-0.255707746,0.002227244310132745,0.737240711847941,0.011198885480148925,0.07945065903994772,0.0003,306,94,72.29663304950024,5.735445022583008,8.691229581832886,14.426674604415894,457,0.19935930334031582,0,0,TRUE,pair,150,2.62126229936257,4.92042185864764,35,0,6.953333333333333,2.62126229936257,0.2283338976558298,2.750266400864348,cpu,cuda:0,0,671.42919921875,47
5598,1,DDT900_num50.txt,fixed,953,8,119.125,8.022429466247559,5.588794708251953,6.981635124247987e-06,-4.48,-0.252163413,0.2200000137090683,0.024494891986250877,0.18000000715255737,0.25999999046325684,-0.116616226,-0.110602053,0.0025074237782973796,0.7267896466785007,0.009538090367439307,0.04457652475684881,0.0003,312,88,56.36869925457325,5.607870101928711,11.298675775527954,16.906545877456665,431,0.20363160269334912,0,0,TRUE,pair,135,2.6031094996724278,5.19202518363064,35,0,7.059259259259259,2.6031094996724278,0.22981869871728122,2.637455505086109,cpu,cuda:0,0,671.4267578,48
5599,1,DDT900_num50.txt,fixed,1028,8,128.5,7.681145668029785,6.04848051071167,6.766636943211779e-06,-4.6,-0.290633213,0.21250000596046448,0.02222048118710518,0.18000000715255737,0.25999999046325684,-0.218976517,-0.213676735,0.0029563184029289652,0.6777927534920829,0.012359989474394492,0.05353656969964504,0.0003,315,85,75.82557634985349,6.0690672397613525,7.48836350440979,13.557430744171143,447,0.21061449870467186,0,0,TRUE,pair,145,2.8487832988612354,5.063229572912134,35,0,7.089655172413793,2.8487832988612354,0.26874989876523614,2.8020925004966557,cpu,cuda:0,0,671.42919921875,48
5600,1,DDT900_num50.txt,fixed,981,8,122.625,5.498579502105713,4.602102279663086,5.091227649245411e-06,-4.36,-0.312630038,0.22750000655651093,0.02817356586456299,0.20000000298023224,0.2800000011920929,-0.367314025,-0.361503547,0.002606168398275398,0.7113556678478534,0.01148351349044018,0.08079021510023338,0.0003,309,91,60.05571161457315,4.6210479736328125,11.71378469467163,16.334832668304443,441,0.17897539655677974,0,0,TRUE,pair,130,1.9215771001763642,5.108053005191286,44,0,7.546153846153846,1.9215771001763642,0.16532040247693658,2.421677697682753,cpu,cuda:0,0,671.42724609375,48
5601,1,DDT900_num50.txt,fixed,1056,8,132,9.591663360595703,6.232585906982422,2.687898449948989e-05,-3.8,-0.304305329,0.26249998807907104,0.041758231818675995,0.2199999988079071,0.3400000035762787,-0.606041789,-0.598672986,0.0022309725172817707,0.8484298586845398,0.06847066432237625,0.06122449040412903,0.0003,295,105,160.83064829872683,6.257184028625488,0.3087286949157715,6.56591272354126,462,0.2246132984291762,0,0,TRUE,pair,148,2.9381402004510164,4.748106059477185,30,0,7.135135135135135,2.9381402004510164,0.2353264030534774,2.9341108012013137,cpu,cuda:0,0,97.53076172,48
5602,1,DDT900_num50.txt,fixed,1019,8,127.375,10.123456954956055,5.801495552062988,6.368498816300416e-06,-4.16,-0.310939709,0.23999999463558197,0.04582575708627701,0.18000000715255737,0.3400000035762787,-0.531983614,-0.526825547,0.002379870507866144,0.6348022222518921,0.0662604570388794,0.0535714328289032,0.0003,304,96,165.0380607722947,5.8210766315460205,0.3532567024230957,6.174333333969116,452,0.2097689954098314,0,0,TRUE,pair,148,2.6719383005984128,4.983316977896798,35,0,6.885135135135135,2.6719383005984128,0.22350589744746685,2.787210901034996,cpu,cuda:0,0,106.57275390625,49
5603,1,DDT900_num50.txt,fixed,1016,8,127,7.858116626739502,5.90496301651001,6.492256488854764e-06,-4.04,-0.296670755,0.2475000023841858,0.013919408433139324,0.2199999988079071,0.25999999046325684,-0.328253294,-0.32321913,0.0030256488632100322,0.6547001451253891,0.010405908668568978,0.03724190033972263,0.0003,301,99,81.83258471742015,5.925391912460327,6.489189147949219,12.415592193603516,443,0.21011740085668862,0,0,TRUE,pair,136,2.805580598535016,5.011811020102088,30,0,7.470588235294118,2.805580598535016,0.2463563997298479,2.729270899668336,cpu,cuda:0,0,671.42724609375,49
5604,1,DDT900_num50.txt,fixed,1014,8,126.75,5.285593509674072,5.861433506011963,5.6721578403085005e-06,-4.28,-0.293928789,0.23249998688697815,0.02436698041856289,0.18000000715255737,0.25999999046325684,-0.353825245,-0.350569215,0.0022363607422448695,0.4374210685491562,0.045825748704373837,0.08714597299695015,0.0003,307,93,136.58718757183794,5.879465818405151,1.5443637371063232,7.423829555511475,457,0.2017470987048,0,0,TRUE,pair,133,2.664950199658051,4.828402367804412,25,0,7.62406015037594,2.664950199658051,0.22750079748220742,2.85342890326865,cpu,cuda:0,0,335.45556640625,48
5605,1,DDT900_num50.txt,fixed,1010,8,126.25,6.456585884094238,4.757580757141113,7.679521331738215e-06,-4.04,-0.280084235,0.2474999874830246,0.026339134201407433,0.20000000298023224,0.2800000011920929,-0.43880137,-0.43485895,0.003145709234688963,0.5515282696911267,0.011475002717426313,0.06788011613701071,0.0003,301,99,58.58089205779451,4.780068635940552,12.461048126220703,17.241116762161255,444,0.18431939533911645,0,0,TRUE,pair,132,1.9805617998354137,5.046534650868709,30,0,7.651515151515151,1.9805617998354137,0.17085240129381418,2.5088865999132395,cpu,cuda:0,0,671.42724609375,49
5606,1,DDT900_num50.txt,fixed,999,8,124.875,7.753023624420166,5.58444881439209,6.057427526684478e-06,-4,-0.285567089,0.25,0.03464101254940033,0.20000000298023224,0.3199999928474426,0.111631174882253,0.11565757791201274,0.0030604801140725613,0.5556645741065344,0.016945144161581993,0.04610188429554304,0.0003,300,100,90.79377196165838,5.602298974990845,5.400658369064331,11.002957344055176,438,0.19539440120570362,0,0,TRUE,pair,136,2.5975383995100856,5.2592592587819444,50,0,7.345588235294118,2.5975383995100856,0.21902389638125896,2.654198101023212,cpu,cuda:0,0,671.42724609375,49
5607,1,DDT900_num50.txt,fixed,1042,8,130.25,11.35506534576416,6.021028518676758,6.585706159967231e-06,-3.52,-0.276748989,0.2800000011920929,0.05744563043117523,0.20000000298023224,0.4000000059604645,-0.142249028,-0.138918916,0.002970588696189225,0.4815416306257248,0.01289805192500353,0.05525783710181713,0.0003,288,112,90.81799250160047,6.039098739624023,5.434398651123047,11.47349739074707,430,0.2000656968448311,0,0,TRUE,pair,149,2.8668514997698367,4.941458734578226,30,0,6.993288590604027,2.8668514997698367,0.24468140490353107,2.7848302994389087,cpu,cuda:0,0,671.42919921875,49
5608,1,DDT900_num50.txt,fixed,1041,8,130.125,7.166545391082764,4.943874359130859,7.098710284481058e-06,-4.24,-0.293123152,0.23500001430511475,0.013228753581643105,0.2199999988079071,0.25999999046325684,-0.125962317,-0.12220442,0.0030973522458225488,0.5306576788425446,0.024413276696577668,0.07473802268505096,0.0003,306,94,105.343876847849,4.967210292816162,4.914711952209473,9.881922245025635,448,0.1794645986519754,0,0,TRUE,pair,140,2.1189204016700387,4.925072044964368,30,0,7.435714285714286,2.1189204016700387,0.17691110190935433,2.5473650998901576,cpu,cuda:0,0,671.42919921875,48
5609,1,DDT900_num50.txt,fixed,1025,8,128.125,5.4643731117248535,5.82250452041626,5.256034910416929e-06,-4.2,-0.298729107,0.23749999701976776,0.011989576742053032,0.2199999988079071,0.25999999046325684,-0.264839113,-0.2612128,0.0042842228431254625,0.5768435150384903,0.06891120225191116,0.016494973795488477,0.0003,305,95,98.9308688146369,5.84327507019043,4.517495155334473,10.360770225524902,455,0.20266050100326538,0,0,TRUE,pair,136,2.6546068980824202,5.2185365869940785,30,0,7.536764705882353,2.6546068980824202,0.21897150110453367,2.831503992434591,cpu,cuda:0,0,671.42919921875,49
5610,1,DDT900_num50.txt,fixed,995,8,124.375,6.725650310516357,5.001158714294434,9.134885658568237e-06,-4.16,-0.329221041,0.24000000953674316,0.017320504412055016,0.2199999988079071,0.25999999046325684,-0.135342435,-0.130802114,0.0027032787475036457,0.5891961939632893,0.01847251455183141,0.08068942651152611,0.0003,304,96,83.54824950432588,5.0218353271484375,6.887450695037842,11.90928602218628,438,0.17696600151248276,0,0,TRUE,pair,138,2.2883920990861952,5.121608043076405,35,0,7.2101449275362315,2.2883920990861952,0.187068096594885,2.4257003979291767,cpu,cuda:0,0,671.42724609375,49
5611,1,DDT900_num50.txt,fixed,1035,8,129.375,9.603873252868652,4.9604315757751465,6.781321644666605e-06,-4.08,-0.329655642,0.24500000476837158,0.034278273582458496,0.20000000298023224,0.30000001192092896,-0.037750472,-0.03320512,0.0021187329936462143,0.5604716638724009,0.024377250442436587,0.071209619132181,0.0003,302,98,96.75131017305586,4.9820780754089355,5.71545147895813,10.697529554367065,445,0.1852265023626387,0,0,TRUE,pair,147,2.1073609001468867,5.054106278120032,40,0,7.040816326530612,2.1073609001468867,0.18410850246436894,2.565073798177764,cpu,cuda:0,0,671.42919921875,49
5612,1,DDT900_num50.txt,fixed,1017,8,127.125,7.304749965667725,5.718933582305908,6.080842467781622e-06,-4.16,-0.319694684,0.24000000953674316,0.024494895711541176,0.20000000298023224,0.2800000011920929,-0.176950721,-0.17289952,0.002576328731568841,0.5339364831646284,0.008860072780710956,0.02435767464339733,0.0003,304,96,56.26085281581033,5.737261772155762,12.339250564575195,18.076512336730957,455,0.2578884018585086,0,0,TRUE,pair,143,2.7262999988161027,5.053097344663877,45,0,7.111888111888112,2.7262999988161027,0.21372529491782188,2.6676759014371783,cpu,cuda:0,0,671.42724609375,49
5613,1,DDT900_num50.txt,fixed,1010,8,126.25,10.744184494018555,4.831681728363037,1.3455343832902145e-05,-4.04,-0.345185741,0.2475000023841858,0.059107955545186996,0.20000000298023224,0.4000000059604645,-0.114671819,-0.110629295,0.0032229356933385135,0.5653986215591431,0.011745249759405852,0.05031927451491356,0.0003,301,99,115.01139526505933,4.851466655731201,3.930271863937378,8.781738519668579,437,0.17761990264989436,0,0,TRUE,pair,149,2.092076901346445,5.046534653229289,30,0,6.778523489932886,2.092076901346445,0.17659509181976318,2.464577598962933,cpu,cuda:0,0,671.42724609375,49
5614,1,DDT900_num50.txt,fixed,1071,8,133.875,13.270620346069336,5.279119968414307,9.031627996591851e-06,-3.96,-0.323037186,0.2524999976158142,0.04993746057152748,0.20000000298023224,0.3400000035762787,-0.019233309,-0.014601453,0.002565093175508082,0.5914402544498444,0.01591058833291754,0.02778405472636223,0.0003,299,101,100.76754779039523,5.2990882396698,5.329333543777466,10.628421783447266,450,0.1939728984143585,0,0,TRUE,pair,156,2.2688625012524426,5.004668534970751,35,0,6.865384615384615,2.2688625012524426,0.19423939799889922,2.704293000046164,cpu,cuda:0,0,671.42919921875,51
5615,1,DDT900_num50.txt,fixed,1061,8,132.625,9.835363388061523,6.2820868492126465,6.171311724756379e-06,-4.04,-0.302011129,0.2475000023841858,0.024366984143853188,0.20000000298023224,0.2800000011920929,-0.352834215,-0.348978057,0.0017411437875125557,0.47267401218414307,0.009438619221327826,0.024440847570076585,0.0003,301,99,116.20647979528951,6.299952983856201,2.8303468227386475,9.130299806594849,453,0.31971880118362606,0,0,TRUE,pair,153,2.9047340978868306,5.101790763655437,40,0,6.934640522875817,2.9047340978868306,0.2562242029234767,2.9894032012671232,cpu,cuda:0,0,356.4423828,50
5616,1,DDT900_num50.txt,fixed,1008,8,126,11.313708305358887,4.8921284675598145,6.185112852108432e-06,-3.72,-0.258939164,0.26749998331069946,0.048925966024398804,0.2199999988079071,0.3799999952316284,0.012532364189003905,0.016476962773595005,0.0026573757155953595,0.5273288711905479,0.010330507354713822,0.014015086616079012,0.0003,293,107,98.62659344260024,4.9163267612457275,5.304040431976318,10.220367193222046,439,0.17931829998269677,0,0,TRUE,pair,153,2.118172201095149,4.966269837958472,30,0,6.588235294117647,2.118172201095149,0.18662689812481403,2.4858039973769337,cpu,cuda:0,0,671.42724609375,49
5617,1,DDT900_num50.txt,fixed,1026,8,128.25,3.381937265396118,4.80964994430542,5.171540124138119e-06,-4.24,-0.259097857,0.23500001430511475,0.027838818728923798,0.20000000298023224,0.2800000011920929,-0.156208745,-0.152264041,0.0030508198930571475,0.5470110972722372,0.008629633787980614,0.0261755861962835,0.0003,306,94,96.33313401955743,4.830971956253052,5.819569110870361,10.650541067123413,442,0.18445369717665017,0,0,TRUE,pair,133,2.033379898639396,5.210526315557097,50,0,7.714285714285714,2.033379898639396,0.1776560009457171,2.4999229959212244,cpu,cuda:0,0,671.42919921875,50
5618,1,DDT900_num50.txt,fixed,1078,8,134.75,10.90584659576416,5.645146369934082,6.459339601860847e-06,-3.76,-0.257438343,0.26499998569488525,0.03968627378344536,0.2199999988079071,0.3400000035762787,-0.088792053,-0.084489141,0.0031288137348989644,0.5867320895195007,0.014203833663486876,0.030817957905431587,0.0003,294,106,97.6226289434987,5.667520761489868,5.375000953674316,11.042521715164185,443,0.2118100004736334,0,0,TRUE,pair,160,2.3677765999455005,4.962894249493204,30,0,6.7375,2.3677765999455005,0.22162900026887655,2.9338988007511944,cpu,cuda:0,0,671.42919921875,49
5619,1,DDT900_num50.txt,fixed,1042,8,130.25,4.602988243103027,4.93764591217041,6.036276317900047e-06,-3.84,-0.239169041,0.25999999046325684,0.03162277862429619,0.2199999988079071,0.3199999928474426,-0.13639127,-0.13116828,0.003008454092196189,0.6727206110954285,0.014280535950092599,0.043370794504880905,0.0003,296,104,116.45423448915948,4.958012580871582,3.989708423614502,8.947721004486084,444,0.1894942014478147,0,0,TRUE,pair,141,2.0717684000264853,5.0143953943893225,48,0,7.390070921985815,2.0717684000264853,0.1757578004617244,2.5877136047929525,cpu,cuda:0,0,671.42919921875,49
5620,1,DDT900_num50.txt,fixed,1006,8,125.75,6.339361190795898,5.432145118713379,5.996120762574719e-06,-4,-0.235729563,0.25,0.020000005140900612,0.23999999463558197,0.30000001192092896,-0.137539541,-0.131990939,0.0018536142389556126,0.647541058915002,0.017153253446200063,0.048155365245682855,0.0003,300,100,84.01713336548421,5.451761484146118,6.521986722946167,11.973748207092285,424,0.18881629966199398,0,0,TRUE,pair,134,2.5068385002668947,4.924453283399047,30,0,7.507462686567164,2.5068385002668947,0.2148716994561255,2.598022597376257,cpu,cuda:0,0,671.42724609375,49
5621,1,DDT900_num50.txt,fixed,1090,8,136.25,9.3774995803833,5.191935062408447,6.540235062857391e-06,-3.96,-0.242807991,0.2524999976158142,0.03307189419865608,0.20000000298023224,0.30000001192092896,-0.042198311,-0.036841374,0.002457437419798225,0.6585654258728028,0.0073990381322801115,0.041009539645165204,0.0003,299,101,73.06252279912039,5.213151693344116,9.705577611923218,14.918729305267334,461,0.18514919909648597,0,0,TRUE,pair,150,2.1724284009542316,4.670642200303734,40,0,7.266666666666667,2.1724284009542316,0.187539596343413,2.7250489958096296,cpu,cuda:0,0,671.4296875,49
5622,1,DDT900_num50.txt,fixed,1055,8,131.875,11.207558631896973,5.999358177185059,8.397277269978076e-06,-3.96,-0.253093836,0.2524999976158142,0.03596873581409454,0.2199999988079071,0.3199999928474426,-0.054641888,-0.04833531,0.0004997407086193562,0.6556447148323059,0.05324066802859306,0.13636364042758942,0.0003,299,101,168.3157992913757,6.021360397338867,0.24661922454833984,6.267979621887207,448,0.21151020121760666,0,0,TRUE,pair,153,2.6553147984668612,4.916587681114956,33,0,6.895424836601308,2.6553147984668612,0.2227563988417387,2.9993182013276964,cpu,cuda:0,0,89.68896484,49
5623,1,DDT900_num50.txt,fixed,1062,8,132.75,7.428829193115234,6.075036525726318,6.432885129470378e-06,-4.08,-0.238506311,0.2449999898672104,0.025980761274695396,0.20000000298023224,0.2800000011920929,-0.047257908,-0.041502518,0.0024432995523966383,0.6977042183279991,0.0145832607668126,0.03867064288351685,0.0003,302,98,69.47919366559387,6.095021486282349,9.19012999534607,15.285151481628418,466,0.20904859947040677,0,0,TRUE,pair,142,2.813918297411874,4.832391715319143,30,0,7.47887323943662,2.813918297411874,0.2541506988927722,2.8737335009500384,cpu,cuda:0,0,671.42919921875,49
5624,1,DDT900_num50.txt,fixed,1016,8,127,5.830951690673828,4.9200568199157715,5.397429958975408e-06,-4.08,-0.254203123,0.24500000476837158,0.023979157209396362,0.2199999988079071,0.2800000011920929,-0.214163042,-0.208464884,0.0020721198937584027,0.6734220360716184,0.009547873225528747,0.047624632405738034,0.0003,302,98,61.74277152893413,4.938828229904175,11.516539335250854,16.45536756515503,438,0.17617239733226597,0,0,TRUE,pair,141,2.0697535986546427,4.852362205428402,27,0,7.205673758865248,2.0697535986546427,0.17283209366723895,2.5795706980861723,cpu,cuda:0,0,671.42724609375,50
5625,1,DDT900_num50.txt,fixed,1102,8,137.75,14.157594680786133,6.39322566986084,8.658895239932463e-06,-3.28,-0.248400073,0.29500001668930054,0.0739932432770729,0.18000000715255737,0.4000000059604645,-0.073372121,-0.068607573,0.002790244616335258,0.6159670253594717,0.0149551062155903,0.08099347384025653,0.0003,282,118,62.88157598857322,6.4115071296691895,11.11241865158081,17.52500605583191,439,0.20616869861260056,0,0,TRUE,pair,155,2.93794329976663,4.77858439504343,30,0,7.109677419354838,2.93794329976663,0.27810759865678847,3.0368132991716266,cpu,cuda:0,0,671.4296875,50
5626,1,DDT900_num50.txt,fixed,1013,8,126.625,12.113396644592285,4.874709129333496,7.150570127123501e-06,-3.92,-0.258812229,0.2550000250339508,0.04330127686262131,0.2199999988079071,0.36000001430511475,-0.07860475,-0.07479243,0.0009807755413930863,0.43027033656835556,0.024383420881349593,0.0219123512506485,0.0003,298,102,156.82089698278028,4.8935699462890625,1.566028356552124,6.4595983028411865,439,0.18346649990417063,0,0,TRUE,pair,158,2.072129499632865,5.152023692474667,40,0,6.4113924050632916,2.072129499632865,0.18154850089922547,2.519278704188764,cpu,cuda:0,0,344.53759765625,49
5627,1,DDT900_num50.txt,fixed,1031,8,128.875,5.988269805908203,5.729157447814941,5.442005203804001e-06,-3.96,-0.253762597,0.2524999976158142,0.0489259697496891,0.20000000298023224,0.36000001430511475,-0.180253772,-0.175246328,0.0025355953386881286,0.6275244156519572,0.006994171009864658,0.037248092237859964,0.0003,299,101,46.53065426152636,5.750003814697266,16.407432317733765,22.15743613243103,442,0.20676940167322755,0,0,TRUE,pair,140,2.6351828994229436,5.070805041103196,35,0,7.364285714285714,2.6351828994229436,0.22754999645985663,2.746459398418665,cpu,cuda:0,0,671.42919921875,49
5628,1,DDT900_num50.txt,fixed,1077,8,134.625,13.728960990905762,5.506079196929932,8.657253601995762e-06,-3.8,-0.249430963,0.26249998807907104,0.053326819092035294,0.18000000715255737,0.3799999952316284,-0.047332401,-0.041825324,0.0018507210867634665,0.643243650595347,0.007754262077570375,0.04568427231990629,0.0003,295,105,41.1369681748525,5.528087139129639,20.652743577957153,26.180830717086792,449,0.18725499929860234,0,0,TRUE,pair,158,2.4679666028823704,4.834726090993501,30,0,6.8164556962025316,2.4679666028823704,0.1981867018621415,2.728110802359879,cpu,cuda:0,0,671.42919921875,51
5629,1,DDT900_num50.txt,fixed,1012,8,126.5,9.273618698120117,5.180875778198242,7.1723979999660514e-06,-3.92,-0.254444556,0.2549999952316284,0.03278719633817673,0.2199999988079071,0.30000001192092896,-0.124101979,-0.118564086,0.001859523241257514,0.6467653635670157,0.011370380878147176,0.050157007542164886,0.0003,298,102,49.01144831354566,5.199143171310425,15.44909381866455,20.648236989974976,441,0.1863825952168554,0,0,TRUE,pair,139,2.3539418005384505,5.038537547522383,40,0,7.280575539568345,2.3539418005384505,0.20351169328205287,2.5183341002557427,cpu,cuda:0,0,671.42724609375,50
5630,1,DDT900_num50.txt,fixed,990,8,123.75,11.871709823608398,5.571667671203613,2.3217367925099097e-05,-4.12,-0.269927363,0.24250000715255737,0.036657191812992096,0.18000000715255737,0.3199999928474426,-0.176395551,-0.170854218,0.0028902278799149725,0.6986449956893921,0.009646692329422675,0.05345915332953963,0.0003,303,97,43.389500889715706,5.591750144958496,17.22482943534851,22.816579580307007,424,0.1953934971243143,0,0,TRUE,pair,148,2.5787796021904796,5.112121212121212,30,0,6.6891891891891895,2.5787796021904796,0.2298299982212484,2.6442658014129847,cpu,cuda:0,0,671.42724609375,51
5631,1,DDT900_num50.txt,fixed,1023,8,127.875,12.504374504089355,4.859408378601074,8.75356636242941e-06,-3.88,-0.238895616,0.2574999928474426,0.04293891414999962,0.20000000298023224,0.36000001430511475,-0.145778047,-0.140535771,0.002031456465677669,0.625800813237826,0.012411961370768646,0.03816002576301495,0.0003,297,103,100.2760364167801,4.881678819656372,5.320160388946533,10.201839208602905,431,0.17789629893377423,0,0,TRUE,pair,148,2.063833501189947,4.943304007120962,36,0,6.912162162162162,2.063833501189947,0.177137803286314,2.5183410048484802,cpu,cuda:0,0,671.42724609375,51
5632,1,DDT900_num50.txt,fixed,986,8,123.25,8.940777778625488,6.00253438949585,6.936710633453913e-06,-4,-0.265600734,0.25,0.014142132364213467,0.2199999988079071,0.25999999046325684,-0.588728786,-0.584019959,0.0014175678370520473,0.5417639464139938,0.016749716247431934,0.02631578966975212,0.0003,300,100,147.52671832952126,6.02269434928894,0.6608407497406006,6.683535099029541,423,0.19084509718231857,0,0,TRUE,pair,138,2.9035199997015297,5.1876267767823006,40,0,7.144927536231884,2.9035199997015297,0.23798140324652195,2.739519400522113,cpu,cuda:0,0,107.828125,50
5633,1,DDT900_num50.txt,fixed,1019,8,127.375,10.664631843566895,6.021224498748779,7.528139576606918e-06,-3.6,-0.247155336,0.2750000059604645,0.04444097727537155,0.2199999988079071,0.36000001430511475,-0.077282663,-0.07242625,0.001890604672048034,0.5801716819405556,0.010818198530210389,0.04539522332035833,0.0003,290,110,46.32412729089375,6.044297218322754,15.952879190444946,21.9971764087677,426,0.20115650375373662,0,0,TRUE,pair,151,2.8922918003518134,4.994111874620627,39,0,6.748344370860927,2.8922918003518134,0.24428169941529632,2.757949099643156,cpu,cuda:0,0,671.42724609375,50
5634,1,DDT900_num50.txt,fixed,1063,8,132.875,10.141961097717285,5.6710991859436035,7.511131116189063e-06,-3.56,-0.250792297,0.2775000035762787,0.048412296921014786,0.2199999988079071,0.36000001430511475,-0.082041812,-0.077179765,0.0023517755325883627,0.603793154988024,0.009157774918195274,0.07004727712935871,0.0003,289,111,46.24280569939583,5.694572448730469,17.292787075042725,22.987359523773193,439,0.19329579989425838,0,0,TRUE,pair,153,2.5762866004370153,4.864534336109825,32,0,6.947712418300654,2.5762866004370153,0.20934409578330815,2.7675634995102882,cpu,cuda:0,0,671.42919921875,50
5635,1,DDT900_num50.txt,fixed,1052,8,131.5,8.732124328613281,5.123392581939697,6.7392797973298e-06,-3.8,-0.251559824,0.26250001788139343,0.04736824333667755,0.20000000298023224,0.36000001430511475,-0.16469375,-0.159793276,0.003107160818763077,0.6454052567481995,0.005538811458973214,0.026361893489956857,0.0003,295,105,65.09899802987505,5.140706539154053,11.019296407699585,16.160002946853638,431,0.18449199944734573,0,0,TRUE,pair,147,2.188560199458152,4.895437263150632,40,0,7.156462585034014,2.188560199458152,0.19195659994147718,2.6357785949949175,cpu,cuda:0,0,671.42919921875,51
5636,1,DDT900_num50.txt,fixed,1063,8,132.875,17.410036087036133,6.170888900756836,8.034034181036986e-06,-3.76,-0.226404391,0.26500001549720764,0.05361902713775635,0.18000000715255737,0.36000001430511475,-0.055655694,-0.05044045,0.0024980013113236055,0.6464244226614634,0.008214691838171953,0.061127421342664294,0.0003,294,106,48.22897555175374,6.194785833358765,15.845906257629395,22.04069209098816,447,0.20619050157256424,0,0,TRUE,pair,156,2.9144668004009873,4.884289747123323,32,0,6.814102564102564,2.9144668004009873,0.24222299549728632,2.88465339737013,cpu,cuda:0,0,671.42919921875,50
5637,1,DDT900_num50.txt,fixed,1090,8,136.25,11.420924186706543,5.376119613647461,7.114707841537893e-06,-3.28,-0.211067255,0.29499998688697815,0.05172039940953255,0.25999999046325684,0.41999998688697815,0.19643776348003975,0.2021414012863086,0.001982915517426311,0.6695094933876624,0.00860262697096914,0.06139930180059029,0.0003,282,118,65.56697231133279,5.39914345741272,11.225080013275146,16.624223470687866,435,0.18670209939591587,0,0,TRUE,pair,158,2.325561100617051,4.900917427911671,40,0,6.89873417721519,2.325561100617051,0.21247030049562454,2.7218266003765166,cpu,cuda:0,0,671.4296875,50
5638,1,DDT900_num50.txt,fixed,962,8,120.25,9.794769287109375,4.726739406585693,7.084683602442965e-06,-4.52,-0.237793302,0.2175000160932541,0.021065369248390198,0.18000000715255737,0.23999999463558197,-0.295870852,-0.29047071,0.0011606138141360134,0.5980450212955475,0.03013477090280503,0.06187841668725014,0.0003,313,87,134.48919822125447,4.744311094284058,2.408679723739624,7.152990818023682,429,0.18052100110799074,0,0,TRUE,pair,135,2.030450599268079,5.297297295810279,55,0,7.125925925925926,2.030450599268079,0.17254510195925832,2.426764795323834,cpu,cuda:0,0,331.3642578,50
5639,1,DDT900_num50.txt,fixed,1013,8,126.625,10.757990837097168,5.710761070251465,7.280555564648239e-06,-3.96,-0.225355757,0.2524999976158142,0.02633913792669773,0.2199999988079071,0.30000001192092896,-0.111153684,-0.104491387,0.0013449384496198036,0.7334765531122684,0.03172757086576894,0.07658758340403438,0.0003,299,101,89.23421883025743,5.730482578277588,5.621664762496948,11.352147340774536,434,0.29029150237329304,0,0,TRUE,pair,153,2.5708325013983995,4.811451132652908,32,0,6.620915032679738,2.5708325013983995,0.25893009826540947,2.758014810271561,cpu,cuda:0,0,671.42724609375,50
5640,1,DDT900_num50.txt,fixed,984,8,123,14.239030838012695,4.801684379577637,8.144707862811629e-06,-4.44,-0.277497599,0.2225000113248825,0.03072051703929901,0.20000000298023224,0.30000001192092896,-0.25548741,-0.249139945,0.0021087497755485985,0.7401831490652901,0.009412339738836246,0.04915113188326359,0.0003,311,89,83.91736821549888,4.8251423835754395,6.9006781578063965,11.725820541381836,421,0.17533340048976243,0,0,TRUE,pair,154,2.0455912018660456,5.184959348139724,45,0,6.3896103896103895,2.0455912018660456,0.19494709861464798,2.459521597949788,cpu,cuda:0,0,671.42724609375,50
5641,1,DDT900_num50.txt,fixed,950,8,118.75,3.929058313369751,4.588507652282715,4.389751666167285e-06,-4.24,-0.288117309,0.23500001430511475,0.025980759412050247,0.20000000298023224,0.2800000011920929,-0.156572416,-0.150152437,0.002083710947772488,0.7461830303072929,0.026110389982932247,0.04798332089558244,0.0003,306,94,103.96744984631451,4.60646915435791,4.531006097793579,9.13747525215149,410,0.1668853983283043,0,0,TRUE,pair,124,1.9808497002813965,5.181052629320245,40,0,7.661290322580645,1.9808497002813965,0.17198630305938423,2.3414952002931386,cpu,cuda:0,0,671.4267578,49
5642,1,DDT900_num50.txt,fixed,991,8,123.875,7.785202503204346,4.649221420288086,8.951022209657822e-06,-4.28,-0.279937808,0.23250000178813934,0.026339132338762283,0.20000000298023224,0.2800000011920929,-0.111978554,-0.105286314,0.0015100591166022543,0.7447266230980555,0.01082728886427099,0.07237309807290633,0.0003,307,93,44.055683863371684,4.667768716812134,17.826491117477417,22.49425983428955,437,0.17790289991535246,0,0,TRUE,pair,136,1.9466728989500552,5.0413723542880335,45,0,7.286764705882353,1.9466728989500552,0.1702803005464375,2.4356165023054928,cpu,cuda:0,0,671.42724609375,50
5643,1,DDT900_num50.txt,fixed,999,8,124.875,6.716351509094238,4.82388162612915,9.30443547986215e-06,-4.4,-0.307130874,0.22500000894069672,0.016583120450377464,0.20000000298023224,0.23999999463558197,-0.385152461,-0.378754467,0.0019807173650608296,0.7388344506422678,0.017383034936048918,0.08243351595269309,0.0003,310,90,84.61262036688365,4.843327283859253,6.963422060012817,11.80674934387207,436,0.1762624040711671,0,0,TRUE,pair,133,2.080911198630929,5.146146147339432,36,0,7.511278195488722,2.080911198630929,0.17987719713710248,2.46323670190759,cpu,cuda:0,0,671.42724609375,50
5644,1,DDT900_num50.txt,fixed,1015,8,126.875,10.775405883789062,4.7751359939575195,7.194159479695372e-06,-4.12,-0.266159942,0.24250000715255737,0.03381936997175217,0.18000000715255737,0.2800000011920929,0.03186897483343879,0.03763089204827944,0.0021775070733080306,0.6850670725107193,0.012690158832507828,0.06130937611063322,0.0003,303,97,96.18043562643177,4.792239665985107,5.7608420848846436,10.553081750869751,432,0.1753536977339536,0,0,TRUE,pair,146,2.0321710996795446,4.92413793408812,35,0,6.9520547945205475,2.0321710996795446,0.1788994981907308,2.46506310463883,cpu,cuda:0,0,671.42724609375,50
5645,1,DDT900_num50.txt,fixed,1017,8,127.125,8.053531646728516,5.876310348510742,6.756128186680144e-06,-3.96,-0.250413121,0.2524999976158142,0.02633913792669773,0.2199999988079071,0.30000001192092896,-0.053655801,-0.047647071,0.0019331837206014565,0.6975323344979968,0.01221627282211557,0.038994021979825835,0.0003,299,101,73.62182250984822,5.897438049316406,7.916400909423828,13.813838958740234,440,0.2053321022540331,0,0,TRUE,pair,140,2.667344501707703,4.876106193986966,35,0,7.264285714285714,2.667344501707703,0.224500099895522,2.8619782994501293,cpu,cuda:0,0,671.42724609375,51
5646,1,DDT900_num50.txt,fixed,1044,8,130.5,13.285329818725586,6.007768630981445,8.08692493592389e-06,-3.84,-0.264968866,0.25999999046325684,0.03741657733917236,0.2199999988079071,0.3400000035762787,0.046310823410749435,0.053363967686891556,0.0008027924341149628,0.7454537153244019,0.05549841467291117,0.030612245202064514,0.0003,296,104,156.61628034072604,6.032206296920776,0.6337673664093018,6.665973663330078,437,0.20116310217417777,0,0,TRUE,pair,149,2.8358971010893583,4.917624521072797,35,0,7.006711409395973,2.8358971010893583,0.257891597924754,2.7860652974341065,cpu,cuda:0,0,99.65136719,50
5647,1,DDT900_num50.txt,fixed,1054,8,131.75,12.842799186706543,5.253923416137695,9.641960787121207e-06,-4.04,-0.263144777,0.24750001728534698,0.045757513493299484,0.20000000298023224,0.3400000035762787,-0.137084767,-0.134239271,0.0016700401902198792,0.36805182695388794,0.0430334247648716,0.032258063554763794,0.0003,301,99,160.33886250423623,5.272036552429199,1.3015413284301758,6.573577880859375,436,0.18993550189770758,0,0,TRUE,pair,153,2.3054120007436723,4.8889943024239,50,0,6.888888888888889,2.3054120007436723,0.2005348983220756,2.6368888972792774,cpu,cuda:0,0,341.4833984,50
5648,1,DDT900_num50.txt,fixed,994,8,124.25,11.573137283325195,4.722127914428711,6.760333690181142e-06,-4.24,-0.266949035,0.23500001430511475,0.05074445903301239,0.1599999964237213,0.3400000035762787,-0.010898695,-0.004297435,0.0022532193339429795,0.7727873921394348,0.018197204009629785,0.06044534891843796,0.0003,306,94,104.16171798728554,4.740506410598755,4.80234694480896,9.542853355407715,430,0.17219210136681795,0,0,TRUE,pair,150,2.0319722001440823,4.942655930816527,40,0,6.626666666666667,2.0319722001440823,0.1745285999495536,2.417267299257219,cpu,cuda:0,0,671.42724609375,50
5649,1,DDT900_num50.txt,fixed,1064,8,133,21.48836898803711,6.374916076660156,1.1390570762159768e-05,-3.8,-0.27470177,0.26250001788139343,0.06359048932790756,0.1599999964237213,0.36000001430511475,0.05049712241937717,0.05653187880913416,0.002501879122670895,0.7285695349176725,0.008861720400697473,0.04196367242063085,0.0003,295,105,61.084072989257855,6.393574953079224,11.025040864944458,17.41861581802368,427,0.2025881998706609,0,0,TRUE,pair,169,3.0118454000912607,4.9107142819049665,35,0,6.295857988165681,3.0118454000912607,0.28262559860013425,2.9463404971174896,cpu,cuda:0,0,671.42919921875,50
5650,1,DDT900_num50.txt,fixed,1077,8,134.625,18.654338836669922,5.164194107055664,9.499417501501739e-06,-3.84,-0.282320913,0.25999999046325684,0.06480740755796432,0.1599999964237213,0.3400000035762787,0.059695602705081306,0.06653332793050343,0.0017672427121498105,0.7721347709496816,0.04680059488034911,0.10236390938775407,0.0003,296,104,87.9372862750167,5.181767702102661,7.06559681892395,12.247364521026611,427,0.1777511986438185,0,0,TRUE,pair,162,2.2084858005400747,4.790157846089525,35,0,6.648148148148148,2.2084858005400747,0.19261339702643454,2.654639002867043,cpu,cuda:0,0,671.42919921875,50
5651,1,DDT900_num50.txt,fixed,988,8,123.5,8.246211051940918,5.883636474609375,6.479109742940636e-06,-4.12,-0.287311035,0.24250000715255737,0.027271779254078865,0.20000000298023224,0.2800000011920929,-0.069120093,-0.061661664,0.0008751922869123518,0.7896026372909546,0.1140302907442674,0.07446808367967606,0.0003,303,97,152.17551300455662,5.9034247398376465,0.589078426361084,6.4925031661987305,437,0.21233930066227913,0,0,TRUE,pair,138,2.665621701395139,5.147773279834856,30,0,7.159420289855072,2.665621701395139,0.23279099655337632,2.864980492508039,cpu,cuda:0,0,94.60498047,50
5652,1,DDT900_num50.txt,fixed,929,8,116.125,7.753023624420166,4.4032206535339355,6.370729806803865e-06,-4.6,-0.290083864,0.21250000596046448,0.033071886748075485,0.1599999964237213,0.25999999046325684,-0.347941874,-0.3417002,0.0023080432114915717,0.7395698991086748,0.017875085934065282,0.08391241646475261,0.0003,315,85,86.93117519896967,4.427470445632935,6.25914454460144,10.686614990234375,401,0.1679291995242238,0,0,TRUE,pair,128,1.8441245008725673,5.109795481062808,35,0,7.2578125,1.8441245008725673,0.16250289999879897,2.3056577937677503,cpu,cuda:0,0,671.4267578,50
5653,1,DDT900_num50.txt,fixed,973,8,121.625,13.190313339233398,4.694496154785156,7.444617949659005e-06,-4.2,-0.280491805,0.23749999701976776,0.05238081514835358,0.14000000059604645,0.3400000035762787,-0.191369389,-0.185880144,0.0023521994756135556,0.6665343940258026,0.011695859687668937,0.07507623146687235,0.0003,305,95,86.68182820325494,4.711577415466309,6.5133819580078125,11.224959373474121,419,0.17403090139850974,0,0,TRUE,pair,153,2.0408288999460638,5.049331963246062,40,0,6.359477124183006,2.0408288999460638,0.16864010505378246,2.389299198053777,cpu,cuda:0,0,671.42724609375,49
5654,1,DDT900_num50.txt,fixed,1094,8,136.75,9.2971773147583,5.208898544311523,6.726615993102314e-06,-3.4,-0.267622225,0.2874999940395355,0.03307189792394638,0.23999999463558197,0.36000001430511475,0.058816297072917224,0.0653081327676773,0.002057699195574969,0.7520684123039245,0.013913757959380746,0.06620428338646889,0.0003,285,115,115.29238843413894,5.228289604187012,4.2606282234191895,9.488917827606201,446,0.1820662987884134,0,0,TRUE,pair,150,2.1748058013617992,4.893053020376174,40,0,7.293333333333333,2.1748058013617992,0.1933608017861843,2.7329330986831337,cpu,cuda:0,0,671.4296875,49
5655,1,DDT900_num50.txt,fixed,973,8,121.625,4.608077049255371,4.816983699798584,4.786219506058842e-06,-4.28,-0.292652276,0.23250001668930054,0.01713913306593895,0.20000000298023224,0.25999999046325684,-0.287118294,-0.281096172,0.001897426946512,0.6970834840427745,0.010789085094901648,0.06802879273891449,0.0003,307,93,59.92908954552352,4.83460807800293,11.401246786117554,16.235854864120483,430,0.18481069849804044,0,0,TRUE,pair,128,2.090829000575468,5.248715313953584,35,0,7.6015625,2.090829000575468,0.17752749472856522,2.4503766973502934,cpu,cuda:0,0,671.42724609375,50
5656,1,DDT900_num50.txt,fixed,999,8,124.875,10.457503318786621,4.7609710693359375,7.410178113786969e-06,-4.12,-0.279222361,0.24250000715255737,0.041758228093385696,0.18000000715255737,0.3199999928474426,-0.189158709,-0.184322955,0.004160099588757889,0.6915802725336768,0.018025889177806675,0.08334101321683689,0.0003,303,97,67.29452737809382,4.78239369392395,10.062795639038086,14.845189332962036,447,0.18459579767659307,0,0,TRUE,pair,149,2.040778801543638,5.063063064017692,35,0,6.704697986577181,2.040778801543638,0.1744791967794299,2.446701400214806,cpu,cuda:0,0,671.42724609375,49
5657,1,DDT900_num50.txt,fixed,1032,8,129,11.346805572509766,5.8871235847473145,3.921641473425552e-05,-3.96,-0.259159572,0.2524999976158142,0.02633913792669773,0.2199999988079071,0.30000001192092896,-0.145790434,-0.140278528,0.0018169637963486214,0.642038818448782,0.013968054612632841,0.10414146197338899,0.0003,299,101,56.02752255874709,5.912135124206543,12.507383584976196,18.41951870918274,440,0.19977330113761127,0,0,TRUE,pair,153,2.7820126973092556,4.916666665280512,30,0,6.745098039215686,2.7820126973092556,0.22298289695754647,2.7640940982382745,cpu,cuda:0,0,671.42919921875,49
5658,1,DDT900_num50.txt,fixed,1006,8,125.75,6.437196731567383,4.857047080993652,5.849763965670718e-06,-4.56,-0.284666386,0.2150000035762787,0.02958039566874504,0.1599999964237213,0.25999999046325684,-0.486848615,-0.482050542,0.0013607025321107358,0.5478419400751591,0.014214180351700634,0.0798673196695745,0.0003,314,86,147.1925416051703,4.879007816314697,1.9555776119232178,6.834585428237915,450,0.18672680016607046,0,0,TRUE,pair,134,2.0026986978482455,5.115308146590504,33,0,7.507462686567164,2.0026986978482455,0.1733539041597396,2.5828609976451844,cpu,cuda:0,0,349.0048828,49
5659,1,DDT900_num50.txt,fixed,982,8,122.75,7.101936340332031,4.6491570472717285,5.331201464287005e-06,-4.28,-0.278035421,0.23250000178813934,0.02222048118710518,0.20000000298023224,0.25999999046325684,-0.515812387,-0.509908527,0.0010641645834160347,0.6435935497283936,0.01757999447484811,0.0545248898367087,0.0003,307,93,181.9665918561376,4.666932106018066,0.7296628952026367,5.396595001220703,439,0.17784910136833787,0,0,TRUE,pair,132,1.9545228008646518,5.183299386088572,56,0,7.4393939393939394,1.9545228008646518,0.16648639948107302,2.4329963016789407,cpu,cuda:0,0,99.62939453,48
5660,1,DDT900_num50.txt,fixed,997,8,124.625,6.8179450035095215,6.00735330581665,5.89091723668389e-06,-4.16,-0.245018751,0.24000000953674316,0.02828427031636238,0.20000000298023224,0.2800000011920929,-0.259617906,-0.25356517,0.0007632492634002119,0.6434360146522522,0.08895408525131643,0.1848089098930359,0.0003,304,96,152.26676644652662,6.02548623085022,0.5222327709197998,6.5477190017700195,435,0.20629720040597022,0,0,TRUE,pair,137,2.710308899404481,5.0722166487541696,40,0,7.2773722627737225,2.710308899404481,0.2382354992441833,2.9316794043406844,cpu,cuda:0,0,101.17333984375,49
5661,1,DDT900_num50.txt,fixed,1019,8,127.375,11.704032897949219,5.578897476196289,6.67572021484375e-06,-3.92,-0.233694156,0.2549999952316284,0.034278273582458496,0.20000000298023224,0.3199999928474426,-0.19166398,-0.187451591,0.0009661062698190411,0.4695445994536082,0.0326376473531127,0.07928029571970303,0.0003,298,102,127.14187798199164,5.599651098251343,2.4140071868896484,8.014668464660645,434,0.17946199886500835,0,0,TRUE,pair,152,2.6580917011015117,4.980372915792044,30,0,6.703947368421052,2.6580917011015117,0.23686030483804643,2.562107898062095,cpu,cuda:0,0,356.4404297,50
5662,1,DDT900_num50.txt,fixed,966,8,120.75,5.847007751464844,4.656984329223633,5.781343134003691e-06,-4.16,-0.235679159,0.24000000953674316,0.024494895711541176,0.20000000298023224,0.2800000011920929,-0.031009531,-0.025934422,0.0021740423787074783,0.6162138680617014,0.0195890392739481,0.0521214393277963,0.0003,304,96,100.40301894658619,4.675173044204712,4.946051597595215,9.621224641799927,432,0.2588965012691915,0,0,TRUE,pair,130,1.9206273995805532,4.964803310161298,35,0,7.430769230769231,1.9206273995805532,0.16360860224813223,2.4793507989961654,cpu,cuda:0,0,671.42724609375,49
5663,1,DDT900_num50.txt,fixed,1040,8,130,10.747092247009277,4.954480171203613,6.399662652256666e-06,-3.92,-0.229446457,0.2549999952316284,0.03278719633817673,0.20000000298023224,0.30000001192092896,-0.115255348,-0.110178563,0.0026794345629039323,0.6416501427690188,0.011363616834084192,0.0874626375734806,0.0003,298,102,43.60260809014775,4.977954149246216,18.87383008003235,23.851784229278564,450,0.1840693976264447,0,0,TRUE,pair,148,2.091340401675552,4.821153846841592,35,0,7.027027027027027,2.091340401675552,0.18344140169210732,2.5778767049778253,cpu,cuda:0,0,671.42919921875,50
5664,1,DDT900_num50.txt,fixed,1070,8,133.75,14.54089069366455,5.286330699920654,8.561517461203039e-06,-3.96,-0.254101393,0.2524999976158142,0.053793586790561676,0.1599999964237213,0.3199999928474426,-0.132407919,-0.127937349,0.001571771300708254,0.5256461997826894,0.11461655516177416,0.08522950268040101,0.0003,299,101,154.01652129735163,5.307032585144043,1.6402740478515625,6.9473066329956055,447,0.18604940129444003,0,0,TRUE,pair,159,2.2587337009608746,4.916822425895762,44,0,6.729559748427673,2.2587337009608746,0.18974109832197428,2.7312896959483624,cpu,cuda:0,0,346.3300781,49
5665,1,DDT900_num50.txt,fixed,1133,8,141.625,13.665079116821289,5.442612171173096,8.509907274856232e-06,-3.44,-0.263226729,0.2849999964237213,0.034278273582458496,0.2199999988079071,0.3199999928474426,0.03563021066495114,0.041116266744211316,0.002070776164247137,0.6521445562442144,0.007512647800871896,0.07116942211157745,0.0003,286,114,44.18470683876179,5.466387033462524,20.17596936225891,25.642356395721436,435,0.18556180247105658,0,0,TRUE,pair,160,2.3008577001746744,4.721094437857592,35,0,7.08125,2.3008577001746744,0.20345620182342827,2.823194298427552,cpu,cuda:0,0,671.4296875,50
5666,1,DDT900_num50.txt,fixed,995,8,124.375,11.736028671264648,5.043740272521973,6.305709575826768e-06,-4.04,-0.25844538,0.2475000023841858,0.024366989731788635,0.2199999988079071,0.30000001192092896,-0.070459168,-0.064269417,0.002430696195612351,0.7405100385348002,0.010986987610037129,0.07738662138581276,0.0003,301,99,59.63706200850054,5.0622313022613525,11.622024536132812,16.684255838394165,418,0.18085700133815408,0,0,TRUE,pair,155,2.2455299014691263,4.990954773869347,35,0,6.419354838709677,2.2455299014691263,0.19567380170337856,2.495879497611895,cpu,cuda:0,0,671.42724609375,49
5667,1,DDT900_num50.txt,fixed,1062,8,132.75,12.080459594726562,5.927214622497559,8.035802238737233e-06,-3.6,-0.264409001,0.2750000059604645,0.058094751089811325,0.18000000715255737,0.3799999952316284,0.01912999703464183,0.025693124668164688,0.0025037306794812057,0.7814995429732583,0.020839655729518694,0.07526198097250679,0.0003,290,110,57.029431206190004,5.944238662719727,12.677725076675415,18.62196373939514,447,0.20856890035793185,0,0,TRUE,pair,146,2.6349971988238394,4.71468926688372,36,0,7.273972602739726,2.6349971988238394,0.24872270016930997,2.913420098135248,cpu,cuda:0,0,671.42919921875,49
5668,1,DDT900_num50.txt,fixed,1036,8,129.5,10.464224815368652,4.893706321716309,5.859473276359495e-06,-3.8,-0.267680064,0.26249998807907104,0.044087979942560196,0.20000000298023224,0.3400000035762787,-0.056930137,-0.050420591,0.0017203407235986863,0.7369717905918757,0.014031472363664458,0.05163732233146826,0.0003,295,105,101.07228206256262,4.911895036697388,5.338195085525513,10.2500901222229,452,0.1844054025132209,0,0,TRUE,pair,154,2.09777939831838,4.693050192359792,35,0,6.7272727272727275,2.09777939831838,0.18826809688471258,2.5058424037415534,cpu,cuda:0,0,671.42919921875,49
5669,1,DDT900_num50.txt,fixed,984,8,123,3.5,5.498648643493652,4.9122327254735865e-06,-4.2,-0.28937579,0.23750001192092896,0.030720515176653862,0.20000000298023224,0.30000001192092896,-0.145679065,-0.139292664,0.0024448467551597525,0.7608821477208819,0.015364330062376601,0.07930245622992516,0.0003,305,95,66.36738811537364,5.51945161819458,9.30710744857788,14.826559066772461,448,0.21045900112949312,0,0,TRUE,pair,130,2.3983353001531214,5.132113822107392,35,0,7.569230769230769,2.3983353001531214,0.21624730178155005,2.7656783959828317,cpu,cuda:0,0,671.42724609375,50
5670,1,DDT900_num50.txt,fixed,1102,8,137.75,13.016816139221191,6.477690696716309,6.052733624528628e-06,-3.44,-0.305741619,0.2849999666213989,0.05454355850815773,0.20000000298023224,0.3799999952316284,-0.115777689,-0.110864741,0.00308441121596843,0.6455157637596131,0.015028869360685348,0.06029546782374382,0.0003,286,114,84.28006867165838,6.505263566970825,6.570188522338867,13.075452089309692,443,0.22100700018927455,0,0,TRUE,pair,154,2.941497498890385,4.627949183086734,28,0,7.1558441558441555,2.941497498890385,0.2517118016257882,3.1473509010393173,cpu,cuda:0,0,671.4296875,50
5671,1,DDT900_num50.txt,fixed,933,8,116.625,6.1019978523254395,5.248309135437012,5.4158290367922746e-06,-4.32,-0.286952714,0.23000000417232513,0.024494895711541176,0.20000000298023224,0.2800000011920929,-0.247695747,-0.241566187,0.002626570884604007,0.7442838937044144,0.014025229518301785,0.030825179442763327,0.0003,308,92,63.59903593304279,5.268183946609497,9.401849746704102,14.670033693313599,411,0.18141300044953823,0,0,TRUE,pair,126,2.4541524997912347,5.364415863063686,45,0,7.404761904761905,2.4541524997912347,0.22116239881142974,2.4615888947155327,cpu,cuda:0,0,671.4267578,50
5672,1,DDT900_num50.txt,fixed,1010,8,126.25,9.996874809265137,4.77049446105957,9.341019904240966e-06,-4.12,-0.28219606,0.24250000715255737,0.03799670934677124,0.18000000715255737,0.30000001192092896,-0.340811382,-0.333744923,0.001525708008557558,0.7829313278198242,0.02192513946404991,0.08130080997943878,0.0003,303,97,185.73047248506077,4.791668176651001,0.6463193893432617,5.437987565994263,436,0.1788282992783934,0,0,TRUE,pair,142,2.0086572002619505,4.966336631538844,32,0,7.112676056338028,2.0086572002619505,0.17612610151991248,2.4868741030804813,cpu,cuda:0,0,98.96240234,48
5673,1,DDT900_num50.txt,fixed,955,8,119.375,4.8973846435546875,4.9737043380737305,9.959506314771716e-06,-4.12,-0.290049324,0.24250000715255737,0.025372229516506195,0.2199999988079071,0.2800000011920929,-0.190222871,-0.183716872,0.00236879528965801,0.7690394699573517,0.012657883996143936,0.07972931899130345,0.0003,303,97,99.44459139054936,4.99254846572876,4.6107892990112305,9.60333776473999,414,0.18571839947253466,0,0,TRUE,pair,132,2.1420601995196193,5.1308900508581035,40,0,7.234848484848484,2.1420601995196193,0.1844841002020985,2.5482702031731606,cpu,cuda:0,0,671.4267578,49
5674,1,DDT900_num50.txt,fixed,1042,8,130.25,15.047840118408203,4.964688777923584,7.114707841537893e-06,-4.04,-0.283948784,0.24750001728534698,0.04683748632669449,0.18000000715255737,0.3400000035762787,-0.15636888,-0.150372643,0.002037562929520694,0.7015019928415617,0.022064436479316402,0.060928689471135535,0.0003,301,99,62.56020268151752,4.982946395874023,11.673009872436523,16.655956268310547,437,0.18065840005874634,0,0,TRUE,pair,162,2.1072636016178876,4.810940499497924,28,0,6.432098765432099,2.1072636016178876,0.18314899993129075,2.5718707949854434,cpu,cuda:0,0,671.42919921875,50
5675,1,DDT900_num50.txt,fixed,1027,8,128.375,13.076099395751953,6.241223335266113,8.346352842636406e-06,-4,-0.255622999,0.25,0.04472135752439499,0.18000000715255737,0.3199999928474426,-0.033318254,-0.026828011,0.0018603062913329763,0.7420395666902716,0.0143751207400452,0.08666444773023779,0.0003,300,100,59.24394070833747,6.26933741569519,11.065768718719482,17.335106134414673,443,0.212969800690189,0,0,TRUE,pair,157,2.8897888988722116,4.803310613205046,40,0,6.54140127388535,2.8897888988722116,0.2753510980401188,2.9353959958534688,cpu,cuda:0,0,671.42919921875,50
5676,1,DDT900_num50.txt,fixed,997,8,124.625,14.628204345703125,4.880611896514893,8.549891390430275e-06,-3.84,-0.288405591,0.25999999046325684,0.04472135752439499,0.20000000298023224,0.3199999928474426,-0.06251464,-0.055258715,0.0011408659047447145,0.7826357483863831,0.018073842977173626,0.06810897868126631,0.0003,296,104,183.57518063079797,4.898783922195435,0.532233476638794,5.4310173988342285,432,0.1777956986334175,0,0,TRUE,pair,148,2.1263549984432757,5.167502505131208,40,0,6.736486486486487,2.1263549984432757,0.17893790150992572,2.475802200147882,cpu,cuda:0,0,99.49511719,49
5677,1,DDT900_num50.txt,fixed,1020,8,127.5,11.213830947875977,4.983858108520508,7.595792794745648e-06,-4.08,-0.290111735,0.2449999898672104,0.04213074594736099,0.1599999964237213,0.3199999928474426,-0.25625492,-0.249920917,0.0019392457519037027,0.7303627729415894,0.016818264848552644,0.07865517338116963,0.0003,302,98,148.0487050985598,5.001294136047363,1.8873257637023926,6.88962459564209,437,0.1828733989968896,0,0,TRUE,pair,150,2.143532501999289,4.829411764004651,40,0,6.8,2.143532501999289,0.18394740158692002,2.553229998331517,cpu,cuda:0,0,335.45556640625,50
5678,1,DDT900_num50.txt,fixed,991,8,123.875,12.781211853027344,5.754453659057617,2.8449341698433273e-05,-4.56,-0.301127877,0.2150000035762787,0.02179449051618576,0.18000000715255737,0.23999999463558197,-0.45187514,-0.445364475,0.0015105833299458027,0.7265967528025309,0.03203802385057012,0.10992063954472542,0.0003,314,86,152.1075782416854,5.774239778518677,0.7408859729766846,6.515125751495361,429,0.20438290480524302,0,0,TRUE,pair,153,2.6968912994489074,4.971745710199705,35,0,6.477124183006536,2.6968912994489074,0.2418003031052649,2.6926933971699327,cpu,cuda:0,0,106.6777344,50
5679,1,DDT900_num50.txt,fixed,997,8,124.625,10.942320823669434,5.64042329788208,7.062584700179286e-06,-4.16,-0.291232627,0.24000000953674316,0.041231054812669754,0.18000000715255737,0.3199999928474426,-0.087046166,-0.081220639,0.0024848171509802342,0.7067937016487121,0.019474664400331677,0.06566113270819188,0.0003,304,96,94.01196441614395,5.669142723083496,4.935890436172485,10.605033159255981,433,0.19014660292305052,0,0,TRUE,pair,147,2.6853620000183582,5.042126377224324,35,0,6.782312925170068,2.6853620000183582,0.237892601871863,2.60088949999772,cpu,cuda:0,0,671.42724609375,50
5680,1,DDT900_num50.txt,fixed,1068,8,133.5,13.379088401794434,5.04545783996582,1.2907674317830242e-05,-3.84,-0.255988569,0.25999999046325684,0.04000000283122063,0.20000000298023224,0.3199999928474426,-0.04256099,-0.036349378,0.0020548714224291457,0.7239049889824607,0.016302495038623667,0.10007982463999228,0.0003,296,104,64.96288916497873,5.062898874282837,11.377256631851196,16.440155506134033,446,0.17675859876908362,0,0,TRUE,pair,158,2.1650113000068814,4.816479402088494,35,0,6.7594936708860756,2.1650113000068814,0.1940939025953412,2.580133902374655,cpu,cuda:0,0,671.42919921875,50
5681,1,DDT900_num50.txt,fixed,989,8,123.625,5.566360950469971,5.810046672821045,5.59395220989245e-06,-3.96,-0.264099212,0.2524999976158142,0.04351723566651344,0.18000000715255737,0.3199999928474426,-0.229794705,-0.223539937,0.0026398961684511355,0.7574720084667206,0.010366542167806378,0.08087786356918514,0.0003,299,101,91.85116404716106,5.835990905761719,4.9314284324646,10.767419338226318,435,0.20043219882063568,0,0,TRUE,pair,135,2.748546701390296,5.053589483122252,45,0,7.325925925925926,2.748546701390296,0.24321109987795353,2.6980810000095516,cpu,cuda:0,0,671.42724609375,49
5682,1,DDT900_num50.txt,fixed,1063,8,132.875,13.905372619628906,5.022667407989502,1.3479613699018955e-05,-3.64,-0.255906167,0.27250003814697266,0.05562148988246918,0.18000000715255737,0.36000001430511475,-0.048783672,-0.043226528,0.0023191659420263022,0.67167296508948,0.021271044776464503,0.05265775633354982,0.0003,291,109,101.58636147700084,5.040648460388184,5.423354625701904,10.464003086090088,429,0.17396389856003225,0,0,TRUE,pair,153,2.166853799019009,4.834430857189175,32,0,6.947712418300654,2.166853799019009,0.18502579513005912,2.5682316049933434,cpu,cuda:0,0,671.42919921875,49
5683,1,DDT900_num50.txt,fixed,1038,8,129.75,13.979896545410156,5.961918354034424,7.827975423424505e-06,-3.84,-0.271421344,0.2600000202655792,0.05477225407958031,0.18000000715255737,0.3400000035762787,-0.085986605,-0.08098259,0.0024919845163822174,0.6250011912650533,0.010599479907088809,0.052010763022634715,0.0003,296,104,45.006370419417735,5.990357875823975,17.073043823242188,23.063401699066162,437,0.20261370041407645,0,0,TRUE,pair,153,2.762057200539857,5.017341040921808,30,0,6.784313725490196,2.762057200539857,0.2478491000365466,2.825768998125568,cpu,cuda:0,0,671.42919921875,50
5684,1,DDT900_num50.txt,fixed,986,8,123.25,5.356071472167969,4.712356090545654,5.936574780207593e-06,-4.2,-0.285693599,0.23750001192092896,0.021065369248390198,0.20000000298023224,0.25999999046325684,-0.335357517,-0.331026028,0.0009961346707617242,0.48295537134011585,0.030840170259277027,0.0712063517421484,0.0003,305,95,149.60726469918134,4.7328009605407715,1.8577880859375,6.5905890464782715,442,0.185629099374637,0,0,TRUE,pair,133,1.9831278992351145,5.128803244227086,35,0,7.413533834586466,1.9831278992351145,0.17475350596942008,2.458082100842148,cpu,cuda:0,0,343.47900390625,50
5685,1,DDT900_num50.txt,fixed,1058,8,132.25,16.0136661529541,5.846854209899902,8.24700873636175e-06,-4,-0.27839282,0.2499999850988388,0.037416569888591766,0.20000000298023224,0.3199999928474426,0.040109746158123016,0.04612214118242264,0.0025213516394918165,0.7273070414861044,0.019240600988268852,0.034893505896131195,0.0003,300,100,109.5644331629037,5.865487575531006,3.79093074798584,9.656418323516846,439,0.19676750036887825,0,0,TRUE,pair,156,2.7607796010561287,4.786389410608432,35,0,6.782051282051282,2.7607796010561287,0.21558180102147162,2.753540299134329,cpu,cuda:0,0,671.42919921875,50
5686,1,DDT900_num50.txt,fixed,965,8,120.625,5.242554187774658,4.645166397094727,9.08653237274848e-06,-4.12,-0.275895376,0.24250000715255737,0.030720513314008713,0.20000000298023224,0.2800000011920929,0.10783011714617412,0.11367591222127278,0.002684174415965875,0.7187886039415995,0.018930769215027492,0.05882085859775543,0.0003,303,97,123.52470455417736,4.668834924697876,3.1433675289154053,7.812202453613281,418,0.17242830037139356,0,0,TRUE,pair,131,1.935429798439145,5.019689118676853,35,0,7.366412213740458,1.935429798439145,0.16273329802788794,2.45412460481748,cpu,cuda:0,0,671.42724609375,49
5687,1,DDT900_num50.txt,fixed,986,8,123.25,7.154543876647949,4.974816799163818,3.913661203114316e-05,-4.04,-0.275668742,0.2475000023841858,0.026339134201407433,0.20000000298023224,0.2800000011920929,-0.146033555,-0.140236372,0.0016306732431985438,0.6612519522507986,0.010756763241564235,0.051676218708356224,0.0003,301,99,90.25165755362707,5.008332252502441,5.915655851364136,10.925007104873657,436,0.19152450026012957,0,0,TRUE,pair,135,2.1855076991487294,5.063894521392141,55,0,7.303703703703704,2.1855076991487294,0.19018430053256452,2.4951478999573737,cpu,cuda:0,0,671.42724609375,50
5688,1,DDT900_num50.txt,fixed,978,8,122.25,2.9474565982818604,4.74611759185791,4.40268149759504e-06,-4.16,-0.291663611,0.24000000953674316,0.03316624462604523,0.18000000715255737,0.2800000011920929,-0.127289022,-0.122052491,0.0022905996937135405,0.6381829164244912,0.010126355231146921,0.05231049741533669,0.0003,304,96,65.945205423956,4.763355731964111,10.067138671875,14.830494403839111,448,0.18485849746502936,0,0,TRUE,pair,129,2.061857700580731,5.023517383631996,30,0,7.5813953488372094,2.061857700580731,0.1700062972959131,2.4186780960299075,cpu,cuda:0,0,671.42724609375,50
5689,1,DDT900_num50.txt,fixed,973,8,121.625,12.873785972595215,4.781951427459717,8.459661330562085e-06,-4.24,-0.300509316,0.23500001430511475,0.04769695922732353,0.18000000715255737,0.3400000035762787,-0.275306612,-0.270415604,0.0008682901388965547,0.5325137972831726,0.32233864068984985,0.09302325546741486,0.0003,306,94,191.48173998086335,4.800752401351929,0.2806720733642578,5.0814244747161865,434,0.17936099832877517,0,0,TRUE,pair,153,2.060446600196883,5.151079136935682,44,0,6.359477124183006,2.060446600196883,0.17346390010789037,2.4499911977909505,cpu,cuda:0,0,89.55615234,47
5690,1,DDT900_num50.txt,fixed,987,8,123.375,12.479357719421387,4.769963264465332,7.261010523507139e-06,-4.28,-0.289352585,0.23250000178813934,0.02817356586456299,0.18000000715255737,0.2800000011920929,-0.055403219,-0.050290634,0.0023647652318080268,0.6294967532157898,0.006381479661083884,0.02313405430565278,0.0003,307,93,86.58967820797446,4.7900779247283936,6.608509302139282,11.398587226867676,427,0.176283200038597,0,0,TRUE,pair,155,2.0263952997047454,5.217831814784288,35,0,6.367741935483871,2.0263952997047454,0.17946099815890193,2.464153399458155,cpu,cuda:0,0,671.42724609375,49
5691,1,DDT900_num50.txt,fixed,1023,8,127.875,11.868419647216797,6.1234235763549805,6.839746674813796e-06,-4,-0.280934088,0.25,0.05196152254939079,0.20000000298023224,0.3799999952316284,0.07195400726050138,0.07838538475334644,0.0023185517347883433,0.7590653896331787,0.05769358776160516,0.050072568003088236,0.0003,300,100,94.58033902904916,6.141296625137329,4.674904823303223,10.816201448440552,449,0.2976063946262002,0,0,TRUE,pair,150,2.8793703003320843,5.009775174328309,36,0,6.82,2.8793703003320843,0.24000390036962926,2.878169299568981,cpu,cuda:0,0,671.42724609375,49
5692,1,DDT900_num50.txt,fixed,939,8,117.375,7.175261497497559,4.777440071105957,6.487877271865727e-06,-4.36,-0.267343881,0.22750002145767212,0.03733295947313309,0.18000000715255737,0.2800000011920929,-0.086948253,-0.080125903,0.0020740016559350556,0.7859348275444724,0.011745901878880844,0.05805934610014612,0.0003,309,91,69.50251706860622,4.795133352279663,8.715168714523315,13.510302066802979,420,0.17677319748327136,0,0,TRUE,pair,130,2.141908299177885,5.2705005312118285,44,0,7.223076923076923,2.141908299177885,0.17933210311457515,2.3602468993049115,cpu,cuda:0,0,671.4267578,49
5693,1,DDT900_num50.txt,fixed,1055,8,131.875,15.615997314453125,5.016178131103516,1.0036261301138438e-05,-3.76,-0.283801726,0.26499998569488525,0.06461423635482788,0.18000000715255737,0.3799999952316284,-0.131619729,-0.124735553,0.001099120049426953,0.7433732748031616,0.045795629014416285,0.11666666964689891,0.0003,294,106,186.12379702259346,5.036438703536987,0.6318316459655762,5.6682703495025635,419,0.1735343001782894,0,0,TRUE,pair,161,2.140434400178492,4.774407581130475,64,0,6.552795031055901,2.140434400178492,0.18543650582432747,2.5845700995996594,cpu,cuda:0,0,104.07958984375,47
5694,1,DDT900_num50.txt,fixed,1026,8,128.25,14.660746574401855,6.107415676116943,1.3339727047423366e-05,-3.76,-0.267373941,0.26499998569488525,0.06224949657917023,0.18000000715255737,0.3799999952316284,-0.264631391,-0.258590549,0.0010693541262298822,0.6575539112091064,0.10964543372392654,0.27027028799057007,0.0003,294,106,160.80409537857432,6.127805948257446,0.2526285648345947,6.380434513092041,439,0.19733090116642416,0,0,TRUE,pair,159,2.8595548996236175,4.8070175422330115,35,0,6.452830188679245,2.8595548996236175,0.23015229660086334,2.895828195847571,cpu,cuda:0,0,79.35009766,49
5695,1,DDT900_num50.txt,fixed,1041,8,130.125,14.137163162231445,5.659862041473389,9.106840479944367e-06,-3.92,-0.263553507,0.2549999952316284,0.04213074594736099,0.2199999988079071,0.3199999928474426,0.09597441111691296,0.10331423603929579,0.0022835976124042645,0.848162367939949,0.018441095133312047,0.016413898672908545,0.0003,298,102,109.89934598585916,5.6790289878845215,3.7932748794555664,9.472303867340088,425,0.19221629574894905,0,0,TRUE,pair,155,2.538763201329857,4.914505283381364,45,0,6.716129032258064,2.538763201329857,0.22191580524668097,2.7802448987495154,cpu,cuda:0,0,671.42919921875,48
5696,1,DDT900_num50.txt,fixed,997,8,124.625,9.191537857055664,4.844488143920898,7.516804998886073e-06,-3.88,-0.254259304,0.2574999928474426,0.033819373697042465,0.20000000298023224,0.3199999928474426,-0.056209727,-0.050393017,0.00231445588869974,0.6973944187164307,0.015631952369585634,0.0710192710161209,0.0003,297,103,104.35521911216384,4.8653178215026855,4.688588619232178,9.553906440734863,445,0.17723240097984672,0,0,TRUE,pair,137,1.9915917017497122,5.169508524620186,35,0,7.2773722627737225,1.9915917017497122,0.17383550177328289,2.581183204660192,cpu,cuda:0,0,671.42724609375,48
5697,1,DDT900_num50.txt,fixed,936,8,117,5.74456262588501,5.014173984527588,5.699650500901043e-06,-4.2,-0.267957672,0.23750001192092896,0.01561249140650034,0.2199999988079071,0.25999999046325684,-0.51559025,-0.513823748,0.0018620312912389636,0.26975253224372864,0.04299333319067955,0.020576130598783493,0.0003,305,95,151.06925264123188,5.032138824462891,1.1636950969696045,6.195833921432495,431,0.19838580093346536,0,0,TRUE,pair,130,2.2328161981422454,5.341880341625621,36,0,7.2,2.2328161981422454,0.1967290963511914,2.478432599687949,cpu,cuda:0,0,335.4550781,48
5698,1,DDT900_num50.txt,fixed,1026,8,128.25,13.881192207336426,4.95641565322876,7.683221156185027e-06,-4.12,-0.263654739,0.24250000715255737,0.04943430423736572,0.20000000298023224,0.36000001430511475,-0.141234409,-0.135359931,0.0023991843045223504,0.707407096028328,0.014129983587190508,0.08005153071135282,0.0003,303,97,72.9600742188255,4.98028039932251,9.082205295562744,14.062485694885254,440,0.1810187972150743,0,0,TRUE,pair,154,2.171756399096921,4.862573101738972,40,0,6.662337662337662,2.171756399096921,0.18120820098556578,2.5018270974978805,cpu,cuda:0,0,671.42919921875,48
5699,1,DDT900_num50.txt,fixed,1024,8,128,13.774977684020996,5.348354339599609,7.831606126273982e-06,-3.96,-0.306040713,0.2524999976158142,0.053793590515851974,0.20000000298023224,0.36000001430511475,-0.166199812,-0.160667467,0.002207263644474248,0.6635978644092878,0.013991268274063865,0.033438244834542274,0.0003,299,101,96.05546721019341,5.3657615184783936,5.294745683670044,10.660507202148438,420,0.2687154987361282,0,0,TRUE,pair,154,2.299065498635173,5.031249999068677,40,0,6.64935064935065,2.299065498635173,0.21120510227046907,2.7250480013899505,cpu,cuda:0,0,671.42724609375,48
5700,1,DDT900_num50.txt,fixed,1014,8,126.75,12.96871280670166,4.932226657867432,8.272815648524556e-06,-4.04,-0.3058613,0.2475000023841858,0.05471516773104668,0.18000000715255737,0.3400000035762787,0.04492493780950705,0.05214636897047361,0.0026998873509000987,0.8571379582087199,0.08175242971628904,0.04747886769473553,0.0003,301,99,117.00601489470097,4.953073263168335,3.7131478786468506,8.666221141815186,439,0.18170949770137668,0,0,TRUE,pair,146,2.106538999825716,4.714990141123709,40,0,6.945205479452055,2.106538999825716,0.18386759981513023,2.538905997062102,cpu,cuda:0,0,671.42724609375,48
5701,1,DDT900_num50.txt,fixed,977,8,122.125,9.292974472045898,5.800976753234863,6.827269317000173e-06,-4.36,-0.312222035,0.22750000655651093,0.024366984143853188,0.20000000298023224,0.2800000011920929,-0.295797924,-0.290035801,0.0026572701754048467,0.709075841638777,0.009831476206373837,0.03618139090637366,0.0003,309,91,77.32885434425728,5.822569131851196,6.811783313751221,12.634352445602417,422,0.20763779594562948,0,0,TRUE,pair,139,2.6216607000678778,4.997952918801361,50,0,7.028776978417266,2.6216607000678778,0.22384930029511452,2.837787700118497,cpu,cuda:0,0,671.42724609375,48
5702,1,DDT900_num50.txt,fixed,999,8,124.875,8.752677917480469,4.696227073669434,6.934661541890819e-06,-4.04,-0.263665765,0.2475000023841858,0.024366989731788635,0.2199999988079071,0.30000001192092896,-0.174597415,-0.16871582,0.001998541782894689,0.6880865063932207,0.0053146003241029876,0.04969612560752365,0.0003,301,99,49.37457538240344,4.716543436050415,15.516541957855225,20.23308539390564,413,0.1718221961054951,0,0,TRUE,pair,143,1.9981323997490108,5.085085083653142,35,0,6.986013986013986,1.9981323997490108,0.17118359892629087,2.430852600140497,cpu,cuda:0,0,671.42724609375,48
5703,1,DDT900_num50.txt,fixed,944,8,118,7.516648292541504,4.532318592071533,6.983670573390555e-06,-4.32,-0.259331041,0.23000001907348633,0.022360675036907196,0.20000000298023224,0.25999999046325684,-0.219717674,-0.212825013,0.0016146308432022731,0.7699978037012948,0.008928682102123275,0.08736896514892578,0.0003,308,92,46.6136365086563,4.5536110401153564,15.697973489761353,20.25158452987671,412,0.17245609709061682,0,0,TRUE,pair,129,1.941229500574991,5.223516944353864,35,0,7.317829457364341,1.941229500574991,0.1635011970065534,2.335791702149436,cpu,cuda:0,0,671.4267578,48
5704,1,DDT900_num50.txt,fixed,984,8,123,13.982131004333496,4.7396416664123535,8.233211701735854e-06,-3.92,-0.257286553,0.2549999952316284,0.04213075339794159,0.2199999988079071,0.36000001430511475,-0.049346948,-0.042628428,0.001421566677486731,0.7429303675889969,0.008929081742988072,0.04945927703132232,0.0003,298,102,49.410842601558635,4.759475946426392,15.155181407928467,19.91465735435486,421,0.172634101472795,0,0,TRUE,pair,156,2.01767250103876,5.132113817019191,40,0,6.3076923076923075,2.01767250103876,0.18763489369302988,2.43270779424347,cpu,cuda:0,0,671.42724609375,48
5705,1,DDT900_num50.txt,fixed,1116,8,139.5,12.529964447021484,5.463653087615967,7.864199687901419e-06,-3.68,-0.256153355,0.26999998092651367,0.036055516451597214,0.23999999463558197,0.3400000035762787,0.11880881432443857,0.1250481323028604,0.0021032063280775524,0.7290926203131676,0.020791674653689068,0.08013968014468749,0.0003,292,108,59.816453615329884,5.487884283065796,13.169189691543579,18.657073974609375,445,0.1931953034363687,0,0,TRUE,pair,154,2.26237830077298,4.537634409456698,28,0,7.246753246753247,2.26237830077298,0.21118150372058153,2.8748895986936986,cpu,cuda:0,0,671.4296875,48
5706,1,DDT900_num50.txt,fixed,981,8,122.625,8.305683135986328,4.765697479248047,5.741879704146413e-06,-4.08,-0.253224633,0.24500000476837158,0.03278719261288643,0.20000000298023224,0.30000001192092896,-0.208300757,-0.202047095,0.00197273978847079,0.7240042388439178,0.013156809523934498,0.05193537659943104,0.0003,302,98,101.2453994577558,4.787586450576782,4.901742696762085,9.689329147338867,428,0.17861400125548244,0,0,TRUE,pair,139,2.0695596006698906,5.164118247173127,40,0,7.057553956834532,2.0695596006698906,0.1687787021510303,2.4311675985809416,cpu,cuda:0,0,671.42724609375,48
5707,1,DDT900_num50.txt,fixed,944,8,118,8.972179412841797,4.501516342163086,5.558272732741898e-06,-4.36,-0.279513795,0.22750000655651093,0.02989564836025238,0.18000000715255737,0.2800000011920929,-0.057148381,-0.050165202,0.0021551225800067186,0.8060739994049072,0.02012703598011285,0.06708315908908843,0.0003,309,91,95.21215484291216,4.522958755493164,5.391741752624512,9.914700508117676,409,0.16718140058219433,0,0,TRUE,pair,141,1.9507881000172347,5.325211863649094,35,0,6.695035460992908,1.9507881000172347,0.17059640237130225,2.2874892021063715,cpu,cuda:0,0,671.4267578,49
5708,1,DDT900_num50.txt,fixed,1032,8,129,13.388427734375,6.031260967254639,7.24337451174506e-06,-4.16,-0.296799368,0.23999999463558197,0.03464101254940033,0.18000000715255737,0.2800000011920929,-0.087743185,-0.081485745,0.0016472721060078281,0.7081077595551809,0.016030107450205833,0.06458908940354983,0.0003,304,96,58.76847485026028,6.049492597579956,11.510942697525024,17.56043529510498,432,0.2098954024259001,0,0,TRUE,pair,149,2.731788899516687,4.860465112120607,35,0,6.926174496644295,2.731788899516687,0.23632220504805446,2.9386305001098663,cpu,cuda:0,0,671.42919921875,48
5709,1,DDT900_num50.txt,fixed,1035,8,129.375,13.152352333068848,5.073216915130615,9.363811841467395e-06,-4.28,-0.315817823,0.23250000178813934,0.03455068916082382,0.20000000298023224,0.30000001192092896,-0.271050948,-0.265692788,0.002770996140316129,0.6743633151054382,0.014058302529156208,0.03824396627023816,0.0003,307,93,102.30030247497845,5.090663433074951,5.02660870552063,10.117272138595581,447,0.1875361972488463,0,0,TRUE,pair,159,2.1564494997728616,4.849275363470621,35,0,6.509433962264151,2.1564494997728616,0.18053100514225662,2.634348101215437,cpu,cuda:0,0,671.42919921875,48
5710,1,DDT900_num50.txt,fixed,1034,8,129.25,11.605494499206543,5.811014652252197,7.288359029189451e-06,-3.96,-0.324578847,0.2524999976158142,0.045757513493299484,0.1599999964237213,0.3199999928474426,-0.17139844,-0.165302902,0.0027714346069842577,0.7481260051329931,0.013717786952232322,0.07643444525698821,0.0003,299,101,80.51189350660846,5.832407474517822,7.010415554046631,12.842823028564453,433,0.2044304981827736,0,0,TRUE,pair,151,2.6555769969709218,4.914893614715488,45,0,6.847682119205298,2.6555769969709218,0.2201839960180223,2.8158328025601804,cpu,cuda:0,0,671.42919921875,49
5711,1,DDT900_num50.txt,fixed,977,8,122.125,11.351624488830566,4.642805099487305,7.690616257605143e-06,-4.28,-0.324040213,0.23250000178813934,0.035968732088804245,0.20000000298023224,0.3199999928474426,-0.315856442,-0.309642519,0.0029989287140779197,0.7713402012983958,0.011906748482336601,0.07276103583474954,0.0003,307,93,101.66996308447727,4.660304546356201,4.9492199420928955,9.609524488449097,420,0.17352329869754612,0,0,TRUE,pair,149,1.9919207971543074,5.061412487937826,45,0,6.557046979865772,1.9919207971543074,0.17181539721786976,2.382952904328704,cpu,cuda:0,0,671.42724609375,48
5712,1,DDT900_num50.txt,fixed,1058,8,132.25,16.33822250366211,5.221073627471924,1.087486725737108e-05,-3.52,-0.301583097,0.2800000011920929,0.06000000238418579,0.20000000298023224,0.4000000059604645,-0.029072799,-0.022998304,0.0022056608965309956,0.7177328765392303,0.014669334826370081,0.04830430199702581,0.0003,288,112,96.18665072389902,5.240020036697388,5.759427309036255,10.999447345733643,425,0.17780999932438135,0,0,TRUE,pair,159,2.1846041991375387,4.759924387661406,32,0,6.654088050314465,2.1846041991375387,0.19251880096271634,2.736139108426869,cpu,cuda:0,0,671.42919921875,49
5713,1,DDT900_num50.txt,fixed,1003,8,125.375,17.888107299804688,4.857610702514648,9.928065992426127e-06,-4.04,-0.301242248,0.2475000023841858,0.05651327222585678,0.20000000298023224,0.3400000035762787,0.07991691306233406,0.08646706957370043,0.002652740222401917,0.787652999162674,0.05583694844972342,0.09649122506380081,0.0003,301,99,191.3667186180395,4.87587571144104,0.3653700351715088,5.241245746612549,424,0.17378059844486415,0,0,TRUE,pair,156,2.10495970165357,4.87836490671038,40,0,6.42948717948718,2.10495970165357,0.1858177981339395,2.466567300958559,cpu,cuda:0,0,107.95751953125,45
5714,1,DDT900_num50.txt,fixed,1006,8,125.75,11.562331199645996,4.872829914093018,7.531914434366627e-06,-4.44,-0.286928183,0.2224999964237213,0.03799671307206154,0.1599999964237213,0.30000001192092896,-0.261710674,-0.256753892,0.0009857488330453634,0.5449645519256592,0.04715171456336975,0.0555555559694767,0.0003,311,89,194.7075270375219,4.8923304080963135,0.27439332008361816,5.166723728179932,442,0.18630349868908525,0,0,TRUE,pair,149,2.130523499334231,4.989065603754867,40,0,6.751677852348993,2.130523499334231,0.17285800073295832,2.471306399675086,cpu,cuda:0,0,102.5820313,45
5715,1,DDT900_num50.txt,fixed,1015,8,126.875,13.941283226013184,5.001316547393799,7.720124813204166e-06,-4.2,-0.282981963,0.23749999701976776,0.05043560266494751,0.1599999964237213,0.3199999928474426,-0.04355336,-0.037451629,0.0032339357770979405,0.7718693017959595,0.016555219888687134,0.05637808963656425,0.0003,305,95,91.41908462778001,5.020398855209351,6.081305027008057,11.102714538574219,440,0.18407900095917284,0,0,TRUE,pair,158,2.168587901862338,4.976354680272746,36,0,6.424050632911392,2.168587901862338,0.18386680190451443,2.5444416955579072,cpu,cuda:0,0,671.42724609375,48
5716,1,DDT900_num50.txt,fixed,1018,8,127.25,8.968695640563965,5.575831890106201,6.3618012973165605e-06,-4.28,-0.271759073,0.23250000178813934,0.045757513493299484,0.18000000715255737,0.3400000035762787,0.004537366330623627,0.011745668947696686,0.0006952426629140973,0.7555918097496033,0.12046500761061907,0.15847578272223473,0.0003,307,93,170.51667445076203,5.596905708312988,0.3731849193572998,5.970090627670288,449,0.20274619944393635,0,0,TRUE,pair,149,2.4670499006751925,5.0058939126713575,35,0,6.832214765100671,2.4670499006751925,0.2433899042662233,2.7380363000556827,cpu,cuda:0,0,99.57421875,47
5717,1,DDT900_num50.txt,fixed,1021,8,127.625,13.443748474121094,4.9307427406311035,9.375945410283748e-06,-4.08,-0.276015041,0.24500000476837158,0.06224949657917023,0.1599999964237213,0.3400000035762787,-0.096804586,-0.090651564,0.002844449772965163,0.7575246691703796,0.02007032686378807,0.09279653057456017,0.0003,302,98,116.9245292059967,4.947553634643555,3.7845747470855713,8.732128381729126,437,0.2505216982681304,0,0,TRUE,pair,150,2.0752149012405425,4.822722819829898,45,0,6.806666666666667,2.0752149012405425,0.18170619942247868,2.5734712986741215,cpu,cuda:0,0,671.42724609375,47
5718,1,DDT900_num50.txt,fixed,1060,8,132.5,13.143439292907715,5.22265100479126,9.90513672149973e-06,-4,-0.268945468,0.25,0.04000000283122063,0.18000000715255737,0.30000001192092896,-0.005125469,0.0008918903768062592,0.0020255890218929076,0.7030153572559357,0.011582285961291442,0.0656964648514986,0.0003,300,100,99.22673772188696,5.243468999862671,5.439135551452637,10.682604551315308,459,0.1943678001407534,0,0,TRUE,pair,153,2.2955673004034907,4.783962260327249,35,0,6.928104575163399,2.2955673004034907,0.19083600025624037,2.6295756029430777,cpu,cuda:0,0,671.42919921875,47
5719,1,DDT900_num50.txt,fixed,956,8,119.5,8.674675941467285,4.508676528930664,7.738510248600505e-06,-4.28,-0.253489246,0.23249998688697815,0.022220484912395477,0.20000000298023224,0.2800000011920929,-0.036435715,-0.029644733,0.0015538810306073476,0.7567924956480662,0.011809148573471854,0.06699135899543762,0.0003,307,93,99.62831950009264,4.534026622772217,5.061638593673706,9.595665216445923,423,0.17219209531322122,0,0,TRUE,pair,131,1.9508471994195133,5.111924683449159,40,0,7.297709923664122,1.9508471994195133,0.16518500028178096,2.301190500613302,cpu,cuda:0,0,671.4267578,48
5720,1,DDT900_num50.txt,fixed,1034,8,129.25,11.076438903808594,5.353182792663574,7.829790774849243e-06,-4,-0.257379899,0.25,0.034641019999980927,0.2199999988079071,0.30000001192092896,-0.056727806,-0.051488131,0.0037139499676413835,0.7096648514270782,0.016532451566308736,0.06400777250528336,0.0003,300,100,88.71507489705658,5.373750686645508,6.281540155410767,11.655290842056274,441,0.1929434989579022,0,0,TRUE,pair,154,2.402288599871099,4.75918761858396,36,0,6.714285714285714,2.402288599871099,0.201004802249372,2.6429151978809386,cpu,cuda:0,0,671.42919921875,48
5721,1,DDT900_num50.txt,fixed,1006,8,125.75,10.009370803833008,4.719121932983398,6.95716698828619e-06,-4.2,-0.25740016,0.23749999701976776,0.021065369248390198,0.20000000298023224,0.25999999046325684,-0.131553739,-0.1255557,0.002354969212319702,0.7175522582097487,0.015824771168726413,0.06158287145874717,0.0003,305,95,69.17550234897554,4.736493349075317,9.806227207183838,14.542720556259155,432,0.17582719936035573,0,0,TRUE,pair,150,1.992165001342073,5.22962226853456,45,0,6.706666666666667,1.992165001342073,0.18080660281702876,2.446309198392555,cpu,cuda:0,0,671.42724609375,47
5722,1,DDT900_num50.txt,fixed,975,8,121.875,9.492595672607422,5.194445610046387,7.787934919178952e-06,-4.24,-0.240826993,0.23500001430511475,0.03570713847875595,0.18000000715255737,0.2800000011920929,-0.136258141,-0.130177386,0.0015650467123902803,0.68632758302348,0.01396405024986182,0.07297209008330745,0.0003,306,94,59.404799253089074,5.212157487869263,11.200657844543457,16.41281533241272,429,0.1879714026581496,0,0,TRUE,pair,135,2.3275182000361383,5.180512820023757,35,0,7.222222222222222,2.3275182000361383,0.20535399904474616,2.550355896819383,cpu,cuda:0,0,671.42724609375,48
5723,1,DDT900_num50.txt,fixed,1020,8,127.5,9.287087440490723,4.961116313934326,6.118119927123189e-06,-3.92,-0.206662687,0.2549999952316284,0.02958040125668049,0.20000000298023224,0.30000001192092896,0.020254806925853092,0.026853450884421665,0.001747910292275871,0.7472602675358454,0.007056236383505166,0.032483928526441254,0.0003,298,102,99.69283899098458,4.9792351722717285,5.252191781997681,10.23142695426941,423,0.17893280019052327,0,0,TRUE,pair,148,2.138479800429195,4.941176469653261,35,0,6.891891891891892,2.138479800429195,0.18433139589615166,2.5344157991930842,cpu,cuda:0,0,671.42724609375,48
5724,1,DDT900_num50.txt,fixed,1043,8,130.375,10.307005882263184,5.044054985046387,6.138989192550071e-06,-3.96,-0.23197622,0.2524999976158142,0.02633913792669773,0.2199999988079071,0.30000001192092896,-0.002489652,0.004594281502068043,0.0016853828565217555,0.7926626414060592,0.012391995918005706,0.04266660809516907,0.0003,299,101,71.72693658679063,5.068338394165039,9.472921133041382,14.541259527206421,448,0.1861635004170239,0,0,TRUE,pair,148,2.121115099871531,4.93959731589342,35,0,7.047297297297297,2.121115099871531,0.18509620381519198,2.632854596711695,cpu,cuda:0,0,671.42919921875,48
5725,1,DDT900_num50.txt,fixed,1079,8,134.875,13.147599220275879,5.181480884552002,9.630162821849808e-06,-3.88,-0.264108322,0.2574999928474426,0.04175823554396629,0.1599999964237213,0.30000001192092896,0.027899030257355083,0.03477924588051709,0.002978449549779973,0.8369442630897869,0.011280361446551979,0.08040196736427871,0.0003,297,103,67.66134174355646,5.19917106628418,10.747896671295166,15.947067737579346,432,0.17796400003135204,0,0,TRUE,pair,152,2.19569329963997,4.889712696057763,40,0,7.098684210526316,2.19569329963997,0.19798880233429372,2.67836879985407,cpu,cuda:0,0,671.42919921875,47
5726,1,DDT900_num50.txt,fixed,1094,8,136.75,10.7325439453125,6.621853828430176,3.201562867616303e-05,-3.96,-0.297720175,0.2524999976158142,0.03596873953938484,0.20000000298023224,0.30000001192092896,-0.051854632,-0.044891646,0.0024604758218629286,0.8193222805857658,0.010546012461418286,0.06815627310425043,0.0003,299,101,64.71305651198101,6.653894901275635,10.251503467559814,16.90539836883545,437,0.21932669775560498,0,0,TRUE,pair,148,3.080737999640405,4.645338206883976,40,0,7.391891891891892,3.080737999640405,0.3027538997121155,3.094521201448515,cpu,cuda:0,0,671.4296875,49
5727,1,DDT900_num50.txt,fixed,951,8,118.875,6.0917463302612305,4.51646089553833,5.8981499932997394e-06,-4.2,-0.298588127,0.23749999701976776,0.011989576742053032,0.2199999988079071,0.25999999046325684,-0.2239177,-0.216854783,0.002095413389421689,0.8110624154408773,0.014427682792302221,0.05652765495081743,0.0003,305,95,100.98352271452798,4.5373265743255615,4.880051374435425,9.417377948760986,400,0.1617849983740598,0,0,TRUE,pair,130,1.9080841992981732,4.8370136695705375,40,0,7.315384615384615,1.9080841992981732,0.1698267983738333,2.3453213039319962,cpu,cuda:0,0,671.4267578,48
5728,1,DDT900_num50.txt,fixed,1010,8,126.25,9.7178955078125,4.9995245933532715,6.55325902698678e-06,-4.04,-0.317390287,0.2475000023841858,0.04351723566651344,0.18000000715255737,0.3199999928474426,-0.069920624,-0.063486859,0.0026672823553192705,0.7767405965748955,0.010039136772427489,0.06144292597823283,0.0003,301,99,45.261881825233445,5.016969442367554,17.2976131439209,22.314582586288452,435,0.18029589881189167,0,0,TRUE,pair,148,2.0658212988637388,4.706930691652959,40,0,6.824324324324325,2.0658212988637388,0.1816620910540223,2.6495559019967914,cpu,cuda:0,0,671.42724609375,48
5729,1,DDT900_num50.txt,fixed,1091,8,136.375,11.235406875610352,5.299514293670654,7.170416665758239e-06,-3.56,-0.321633677,0.2775000035762787,0.03230712190270424,0.2199999988079071,0.3199999928474426,-0.073838567,-0.068094105,0.00376218679593876,0.7625555247068405,0.01739640966115985,0.0401025686878711,0.0003,289,111,90.102998604108,5.320525646209717,6.787839412689209,12.108365058898926,439,0.24906080425716937,0,0,TRUE,pair,147,2.2023903001099825,4.705774517915972,45,0,7.421768707482993,2.2023903001099825,0.2113940012641251,2.7727605998516083,cpu,cuda:0,0,671.4296875,48
5730,1,DDT900_num50.txt,fixed,1022,8,127.75,14.122234344482422,6.066904067993164,8.342946784978267e-06,-3.8,-0.342761401,0.26249998807907104,0.05332682281732559,0.20000000298023224,0.3799999952316284,0.17578264325857162,0.18170908838510513,0.0026866564294323325,0.7269783914089203,0.010916159546468407,0.026434206869453192,0.0003,295,105,92.33722758863792,6.090180158615112,4.97794508934021,11.068125247955322,422,0.1985581018961966,0,0,TRUE,pair,151,2.8185238011647016,4.789628177939562,45,0,6.768211920529802,2.8185238011647016,0.25122249708510935,2.866775493370369,cpu,cuda:0,0,671.42724609375,49
5731,1,DDT900_num50.txt,fixed,960,8,120,10.816654205322266,4.865978717803955,7.130669018806657e-06,-4.04,-0.334744654,0.2475000023841858,0.041155196726322174,0.2199999988079071,0.3400000035762787,-0.160350007,-0.154831499,0.002815098222345114,0.6926051139831543,0.009958843048661948,0.03283708058297634,0.0003,301,99,100.6090576570171,4.885087966918945,4.656796455383301,9.541884422302246,421,0.1735929986461997,0,0,TRUE,pair,146,2.1427581992466003,4.804166663686434,30,0,6.575342465753424,2.1427581992466003,0.2094165978487581,2.4062300035730004,cpu,cuda:0,0,671.4267578,48
5732,1,DDT900_num50.txt,fixed,1025,8,128.125,12.44425106048584,4.978915214538574,8.106231689453125e-06,-3.84,-0.340780578,0.25999999046325684,0.034641019999980927,0.20000000298023224,0.30000001192092896,-0.036354528,-0.030665962,0.002735942485742271,0.705654400587082,0.013007469265721739,0.0584357725456357,0.0003,296,104,72.7550290298408,4.995880603790283,9.092492580413818,14.088373184204102,427,0.1755462009459734,0,0,TRUE,pair,148,2.0574811003170907,4.697560976074963,45,0,6.925675675675675,2.0574811003170907,0.1895151014905423,2.6276620994322,cpu,cuda:0,0,671.42919921875,48
5733,1,DDT900_num50.txt,fixed,993,8,124.125,10.948030471801758,4.808516502380371,7.16645172360586e-06,-3.92,-0.339376424,0.2549999952316284,0.03708099201321602,0.20000000298023224,0.3400000035762787,-0.223289117,-0.218274429,0.002049896866083145,0.6039641499519348,0.045330557972192764,0.030188679695129395,0.0003,298,102,163.12559398687065,4.827337980270386,1.2599961757659912,6.087334156036377,430,0.18042899970896542,0,0,TRUE,pair,150,2.0431371005252004,4.79657603198548,40,0,6.62,2.0431371005252004,0.17758629610762,2.4882171966601163,cpu,cuda:0,0,361.7597656,47
5734,1,DDT900_num50.txt,fixed,994,8,124.25,9.364160537719727,4.834942817687988,6.63729224470444e-06,-3.92,-0.336722055,0.2549999952316284,0.04092676565051079,0.20000000298023224,0.3400000035762787,-0.137279448,-0.131158105,0.0026379250106401742,0.7440309524536133,0.013528575305826962,0.060905859991908076,0.0003,298,102,104.12630909393657,4.855672121047974,4.690426349639893,9.546098470687866,403,0.16604540310800076,0,0,TRUE,pair,147,2.0925387002062052,4.792756538275982,30,0,6.761904761904762,2.0925387002062052,0.1772054019384086,2.4654863046016544,cpu,cuda:0,0,671.42724609375,48
5735,1,DDT900_num50.txt,fixed,1028,8,128.5,13.114876747131348,6.237561225891113,3.656325861811638e-05,-3.6,-0.337954454,0.2750000059604645,0.05074445530772209,0.20000000298023224,0.3799999952316284,0.004890276526566595,0.010437275981530547,0.0023076382603903767,0.6700823325663805,0.014501618352369405,0.08953679422847927,0.0003,290,110,46.80762079733278,6.260330438613892,15.701905250549316,21.962235689163208,431,0.22282050177454948,0,0,TRUE,pair,147,2.864224098622799,4.543774319066148,30,0,6.993197278911564,2.864224098622799,0.248685201164335,2.9877456955146044,cpu,cuda:0,0,671.42919921875,48
5736,1,DDT900_num50.txt,fixed,1044,8,130.5,14.525838851928711,5.599996566772461,9.719761692394968e-06,-3.44,-0.317921644,0.2849999964237213,0.04555216804146767,0.2199999988079071,0.3799999952316284,0.14158914078559195,0.1463699004213725,0.0025978869899907814,0.6079697757959366,0.014945484481618873,0.11031520912157637,0.0003,286,114,60.377229485580635,5.62103796005249,11.670248985290527,17.291286945343018,429,0.18847970105707645,0,0,TRUE,pair,153,2.4007745003327727,4.634099616629867,50,0,6.823529411764706,2.4007745003327727,0.21214809943921864,2.8702296959236264,cpu,cuda:0,0,671.42919921875,48
5737,1,DDT900_num50.txt,fixed,994,8,124.25,9.483538627624512,4.809540748596191,8.210742635128554e-06,-3.84,-0.307026681,0.25999999046325684,0.020000005140900612,0.23999999463558197,0.30000001192092896,-0.094674284,-0.087479008,0.0011408200080040842,0.7765686710675558,0.01550476061594155,0.08012265794807011,0.0003,296,104,89.30802787440592,4.829614162445068,6.30040431022644,11.130018472671509,419,0.17687559663318098,0,0,TRUE,pair,139,2.0312151999678463,4.872233401361846,35,0,7.151079136690647,2.0312151999678463,0.17642830731347203,2.5026694058906287,cpu,cuda:0,0,671.42724609375,48
5738,1,DDT900_num50.txt,fixed,1026,8,128.25,9.562295913696289,4.937435150146484,6.41518772681593e-06,-3.64,-0.301749685,0.2724999785423279,0.03307189419865608,0.23999999463558197,0.3199999928474426,0.012622402049601078,0.018198922431717317,0.0026660904210681715,0.6909566422303518,0.018651692274337012,0.033546830217043556,0.0003,291,109,107.31855247899568,4.956522464752197,4.603800296783447,9.560322761535645,441,0.1767838012892753,0,0,TRUE,pair,144,2.0961974975652993,4.6910331384015596,30,0,7.125,2.0961974975652993,0.18877269886434078,2.549491599202156,cpu,cuda:0,0,671.42919921875,47
5739,1,DDT900_num50.txt,fixed,1054,8,131.75,14.575236320495605,5.3070478439331055,9.023757229442708e-06,-3.68,-0.281044637,0.26999998092651367,0.04242640361189842,0.2199999988079071,0.3199999928474426,0.03337119426578283,0.03964439183473587,0.001928586361464113,0.7237494349479675,0.01945063192397356,0.06502984538674354,0.0003,292,108,99.50223220726552,5.3259077072143555,5.266819477081299,10.592727184295654,433,0.2514636046253145,0,0,TRUE,pair,154,2.276111299172044,4.75521821473536,35,0,6.8441558441558445,2.276111299172044,0.2002213050145656,2.719674297841266,cpu,cuda:0,0,671.42919921875,48
5740,1,DDT900_num50.txt,fixed,1031,8,128.875,10.564534187316895,5.06428337097168,6.583548383787274e-06,-3.76,-0.259008516,0.26499998569488525,0.019364923238754272,0.23999999463558197,0.30000001192092896,-0.023306196,-0.017334926,0.002092887828540471,0.7017714579900106,0.012943382788863447,0.0756531147700217,0.0003,294,106,74.30548786785842,5.087485074996948,8.787667751312256,13.875152826309204,427,0.17387809953652322,0,0,TRUE,pair,148,2.14890669984743,4.62172647868396,30,0,6.966216216216216,2.14890669984743,0.18233199580572546,2.6300555940251797,cpu,cuda:0,0,671.42919921875,49
5741,1,DDT900_num50.txt,fixed,1035,8,129.375,13.085655212402344,5.188209056854248,9.24006599234417e-06,-3.72,-0.269564415,0.26749998331069946,0.05562148988246918,0.20000000298023224,0.4000000059604645,-0.099100779,-0.092920441,0.002392500877613202,0.7376584827899932,0.015045425668358803,0.08348726239055396,0.0003,293,107,71.9048446050529,5.212486743927002,9.181536436080933,14.394023180007935,422,0.18512099795043468,0,0,TRUE,pair,153,2.3180148019455373,4.715942023917672,30,0,6.764705882352941,2.3180148019455373,0.1976968958042562,2.5651094056665897,cpu,cuda:0,0,671.42919921875,48
5742,1,DDT900_num50.txt,fixed,1001,8,125.125,9.116434097290039,4.864311218261719,7.198109415185172e-06,-3.72,-0.240068563,0.26749998331069946,0.026339134201407433,0.2199999988079071,0.3199999928474426,-0.096305749,-0.089688937,0.0025437648873776197,0.7888693451881409,0.011126167327165603,0.04445323795080185,0.0003,293,107,98.82951077453956,4.882001638412476,5.246551990509033,10.128553628921509,408,0.1698565986007452,0,0,TRUE,pair,142,2.171517900424078,4.777222776031875,40,0,7.049295774647887,2.171517900424078,0.17449749656952918,2.4211122966371477,cpu,cuda:0,0,671.42724609375,48
5743,1,DDT900_num50.txt,fixed,984,8,123,11.445523262023926,4.811325550079346,8.378640814044047e-06,-4,-0.257819037,0.25,0.030000001192092896,0.20000000298023224,0.30000001192092896,-0.305642154,-0.298808301,0.000981145848830541,0.7324421207110087,0.02305832939843337,0.05834193341434002,0.0003,300,100,184.88363659625205,4.8288044929504395,0.49346208572387695,5.322266578674316,428,0.23635080410167575,0,0,TRUE,pair,150,2.0165869013871998,4.853658538281433,30,0,6.56,2.0165869013871998,0.18212310108356178,2.509058703435585,cpu,cuda:0,0,80.6328125,47
5744,1,DDT900_num50.txt,fixed,1061,8,132.625,14.343443870544434,5.051959037780762,9.088095794140827e-06,-3.84,-0.256784179,0.25999999046325684,0.033166248351335526,0.20000000298023224,0.3199999928474426,-0.100470286,-0.093550658,0.0020208440287711304,0.7930051220787896,0.009454402891505096,0.09199164559443791,0.0003,296,104,46.75314500757379,5.070515394210815,17.62314510345459,22.693660497665405,431,0.17522129602730274,0,0,TRUE,pair,160,2.166303601814434,4.771913287551981,35,0,6.63125,2.166303601814434,0.18676390405744314,2.5944029022939503,cpu,cuda:0,0,671.42919921875,48
5745,1,DDT900_num50.txt,fixed,1005,8,125.625,11.34611701965332,4.787458896636963,8.032265213842038e-06,-4.16,-0.261787482,0.24000000953674316,0.04472135752439499,0.18000000715255737,0.30000001192092896,-0.341055072,-0.334754308,0.0012630226944262783,0.6932273705800375,0.01276425450729827,0.06656347215175629,0.0003,304,96,153.48539713762437,4.806036710739136,1.7418174743652344,6.54785418510437,416,0.17153029912151396,0,0,TRUE,pair,148,2.0402270995546132,4.801990047853384,35,0,6.79054054054054,2.0402270995546132,0.1804958952125162,2.466262402944267,cpu,cuda:0,0,349.0048828,47
5746,1,DDT900_num50.txt,fixed,1059,8,132.375,13.728960990905762,5.102734088897705,9.727068572829012e-06,-4.04,-0.264827872,0.2475000023841858,0.022220486775040627,0.2199999988079071,0.2800000011920929,-0.095927604,-0.088706222,0.0017139219780801795,0.807834230363369,0.011920840508537367,0.06041140062734485,0.0003,301,99,98.01583336314197,5.125986337661743,5.6783905029296875,10.80437684059143,444,0.17984230280853808,0,0,TRUE,pair,151,2.1761621008627117,4.589235125227398,35,0,7.013245033112582,2.1761621008627117,0.18633309961296618,2.636008501285687,cpu,cuda:0,0,671.42919921875,47
5747,1,DDT900_num50.txt,fixed,1060,8,132.5,14.230249404907227,5.044610500335693,7.558282504760427e-06,-3.52,-0.273489987,0.2799999713897705,0.05656854063272476,0.18000000715255737,0.3799999952316284,-0.197895276,-0.191259868,0.0016696066086296923,0.7470217123627663,0.01735964382532984,0.1004100264981389,0.0003,288,112,98.51736401014901,5.061715364456177,5.697809219360352,10.759524583816528,438,0.18155299895443022,0,0,TRUE,pair,155,2.150507102487609,4.7377358490566035,30,0,6.838709677419355,2.150507102487609,0.18986389646306634,2.5974905944895,cpu,cuda:0,0,671.42919921875,47
5748,1,DDT900_num50.txt,fixed,1054,8,131.75,13.745453834533691,5.532653331756592,8.823098141874652e-06,-3.6,-0.267259471,0.2750000059604645,0.04555216804146767,0.20000000298023224,0.3400000035762787,-0.037990139,-0.0310505,0.0019758110089848437,0.792754610379537,0.020813512693469722,0.04423023387789726,0.0003,290,110,113.4690795737473,5.555523872375488,3.7333502769470215,9.28887414932251,431,0.19553020014427602,0,0,TRUE,pair,151,2.4281309980433434,4.912713470223733,48,0,6.9801324503311255,2.4281309980433434,0.23722669994458556,2.7475336987990886,cpu,cuda:0,0,671.42919921875,47
5749,1,DDT900_num50.txt,fixed,960,8,120,5.220153331756592,4.6769328117370605,5.099594545754371e-06,-4,-0.272975841,0.25,0.014142132364213467,0.2199999988079071,0.25999999046325684,0.07523141304651897,0.08232583105564117,0.001493265328463167,0.7841057578722636,0.017613209745225806,0.09479571940998237,0.0003,300,100,117.87501009240988,4.693673133850098,3.4505467414855957,8.144219875335693,435,0.24722060305066407,0,0,TRUE,pair,131,1.9624987023416907,4.90833333482345,35,0,7.32824427480916,1.9624987023416907,0.1705571988131851,2.450251803500578,cpu,cuda:0,0,671.4267578,48
5750,1,DDT900_num50.txt,fixed,1030,8,128.75,11.121488571166992,5.3240065574646,6.605098405998433e-06,-3.72,-0.269476119,0.26750001311302185,0.028173577040433884,0.2199999988079071,0.30000001192092896,-0.138614284,-0.132889594,0.0007993536225209633,0.6124366521835327,0.031987064673254885,0.05843133665621281,0.0003,293,107,146.85029821249265,5.341991662979126,1.6719539165496826,7.013945579528809,429,0.1923183964099735,0,0,TRUE,pair,155,2.315147401764989,4.688349513174261,35,0,6.645161290322581,2.315147401764989,0.22899800050072372,2.6615365019533783,cpu,cuda:0,0,362.81591796875,47
5751,1,DDT900_num50.txt,fixed,1001,8,125.125,11.373626708984375,4.83625602722168,6.95716698828619e-06,-4,-0.27795566,0.25,0.05000000074505806,0.18000000715255737,0.3400000035762787,-0.507454157,-0.503040195,0.002464892342686653,0.5646405220031738,0.0592498853802681,0.13636364042758942,0.0003,300,100,197.504712830807,4.853435039520264,0.2147984504699707,5.068233489990234,429,0.2731809988617897,0,0,TRUE,pair,153,2.039023001678288,4.721278721993262,35,0,6.542483660130719,2.039023001678288,0.17849790421314538,2.5220264934469014,cpu,cuda:0,0,89.63232422,46
5752,1,DDT900_num50.txt,fixed,988,8,123.5,12.083045959472656,4.782462120056152,7.605141490785172e-06,-4,-0.283863657,0.25,0.03872983530163765,0.20000000298023224,0.3400000035762787,-0.301429729,-0.295618926,0.002276974031701684,0.6949294805526733,0.04285258607706055,0.07217994301269452,0.0003,300,100,96.16630941711851,4.803260326385498,5.4706079959869385,10.273868322372437,420,0.17971149971708655,0,0,TRUE,pair,145,2.0353943982627243,4.766194333431692,25,0,6.813793103448276,2.0353943982627243,0.18182870070450008,2.4646574989892542,cpu,cuda:0,0,671.42724609375,47
5753,1,DDT900_num50.txt,fixed,939,8,117.375,4.741769313812256,4.490970611572266,2.7238214897806756e-05,-4.04,-0.274022359,0.2475000023841858,0.024366986006498337,0.20000000298023224,0.2800000011920929,-0.291757145,-0.285508394,0.001928315682259078,0.7212902820772595,0.00994677471721338,0.08080787035740084,0.0003,301,99,45.07104233663248,4.511770725250244,16.32200527191162,20.833775997161865,415,0.17462179996073246,0,0,TRUE,pair,125,1.8947672988288105,5.183173588416574,35,0,7.512,1.8947672988288105,0.16660340153612196,2.3369185007177293,cpu,cuda:0,0,671.4267578,48
5754,1,DDT900_num50.txt,fixed,1026,8,128.25,10.6858549118042,5.870765686035156,7.552639999630628e-06,-3.4,-0.260056536,0.2874999940395355,0.02633914165198803,0.25999999046325684,0.3400000035762787,-0.064564333,-0.059589497,0.0024041291180765256,0.617690484970808,0.015226971328957006,0.04500408889725804,0.0003,285,115,67.1657021571549,5.888309478759766,9.387344121932983,15.275653600692749,442,0.19977029925212264,0,0,TRUE,pair,151,2.6907347997184843,4.880116958831951,35,0,6.7947019867549665,2.6907347997184843,0.2523158001713455,2.802856404101476,cpu,cuda:0,0,671.42919921875,48
5755,1,DDT900_num50.txt,fixed,992,8,124,10.793516159057617,4.764502048492432,6.8811750679742545e-06,-3.76,-0.260663025,0.26499998569488525,0.023979157209396362,0.23999999463558197,0.3199999928474426,-0.035047454,-0.03075744,0.0013323949533514678,0.4956209858258565,0.015629152262893815,0.01476890097061793,0.0003,294,106,158.553169095491,4.780586004257202,1.4759902954101562,6.256576299667358,416,0.2337662992067635,0,0,TRUE,pair,146,1.9893588011618704,4.85383064516129,40,0,6.794520547945205,1.9893588011618704,0.1805537014734,2.4948876020498574,cpu,cuda:0,0,334.4716797,47
5756,1,DDT900_num50.txt,fixed,1070,8,133.75,17.09349250793457,5.468125343322754,1.0501248652872164e-05,-3.52,-0.249029829,0.2800000011920929,0.05656854435801506,0.20000000298023224,0.3799999952316284,0.0264518532785587,0.03081172071688343,0.0016095123282866552,0.5164620354771614,0.010110610492120031,0.040348558919504285,0.0003,288,112,52.90597293809443,5.485339403152466,14.739220142364502,20.224559545516968,422,0.1886303040664643,0,0,TRUE,pair,160,2.327658500056714,4.610280374500239,35,0,6.6875,2.327658500056714,0.220461507095024,2.7972338998224586,cpu,cuda:0,0,671.42919921875,47
5757,1,DDT900_num50.txt,fixed,1031,8,128.875,11.151653289794922,5.661178112030029,8.819876711640973e-06,-3.76,-0.238774166,0.26499998569488525,0.03968626633286476,0.2199999988079071,0.3199999928474426,-0.004143501,0.0015800874680280685,0.0016026693192543462,0.6524919718503952,0.011120996612589806,0.04952287953346968,0.0003,294,106,115.63005046666322,5.680477142333984,3.2358901500701904,8.916367292404175,432,0.19383460353128612,0,0,TRUE,pair,150,2.53764539770782,4.582929194031354,40,0,6.873333333333333,2.53764539770782,0.23308899626135826,2.766436100937426,cpu,cuda:0,0,671.42919921875,47
5758,1,DDT900_num50.txt,fixed,1045,8,130.625,13.837787628173828,4.95302677154541,6.887367817398626e-06,-3.32,-0.216892029,0.29249998927116394,0.057391200214624405,0.20000000298023224,0.3799999952316284,0.07872722018510103,0.08326866700580078,0.0020428140165417324,0.5562858475106103,0.011501015446680998,0.06003191228955984,0.0003,283,117,53.305137091403935,4.9704508781433105,14.633663415908813,19.604114294052124,433,0.17517449823208153,0,0,TRUE,pair,156,2.1365659984294325,4.469856459101992,30,0,6.698717948717949,2.1365659984294325,0.18556780158542097,2.528404701501131,cpu,cuda:0,0,671.42919921875,48
5759,1,DDT900_num50.txt,fixed,1029,8,128.625,13.142845153808594,5.04538631439209,7.79340734879952e-06,-3.88,-0.237985478,0.2574999928474426,0.027271779254078865,0.2199999988079071,0.3199999928474426,0.11490971688181162,0.12116329558193684,0.0014964796100684907,0.7001819163560867,0.013611876238428522,0.07425515726208687,0.0003,297,103,96.53895375163835,5.06247878074646,5.596431016921997,10.658909797668457,438,0.18099059886299074,0,0,TRUE,pair,152,2.1943219997920096,4.774538384697991,30,0,6.769736842105263,2.1943219997920096,0.18432429782114923,2.5635030968114734,cpu,cuda:0,0,671.42919921875,47
5760,1,DDT900_num50.txt,fixed,1004,8,125.5,11.67261791229248,5.131872653961182,8.501553566020448e-06,-3.84,-0.238284356,0.2600000202655792,0.04000000283122063,0.2199999988079071,0.3400000035762787,-0.021228897,-0.015943232,0.0017602571008157814,0.6165792958603965,0.00828083838213287,0.04959608862797419,0.0003,296,104,49.46209762372973,5.1496148109436035,15.14875602722168,20.298370838165283,420,0.16943219932727516,0,0,TRUE,pair,146,2.3052363998722285,4.65239043848448,30,0,6.876712328767123,2.3052363998722285,0.19723679730668664,2.527406702749431,cpu,cuda:0,0,671.42724609375,48
5761,1,DDT900_num50.txt,fixed,991,8,123.875,9.930225372314453,5.617480754852295,8.553214684070554e-06,-4.04,-0.24622748,0.2475000023841858,0.026339136064052582,0.2199999988079071,0.30000001192092896,-0.118923319,-0.113229726,0.0020486936438828705,0.6717938840389251,0.009351879250607454,0.0423660509288311,0.0003,301,99,93.43908877496858,5.641812086105347,4.964027643203735,10.605839729309082,432,0.22261329949833453,0,0,TRUE,pair,147,2.459924897644669,4.705348132477037,30,0,6.741496598639456,2.459924897644669,0.22148230182938278,2.8183848997578025,cpu,cuda:0,0,671.42724609375,47
5762,1,DDT900_num50.txt,fixed,1001,8,125.125,7.865073204040527,4.787446022033691,5.783801043435233e-06,-3.8,-0.248105745,0.26249998807907104,0.01854049786925316,0.2199999988079071,0.2800000011920929,-0.176590001,-0.171165651,0.0022211252191268347,0.65349122355966,0.012143471031723654,0.07745368307565942,0.0003,295,105,49.67671436646782,4.8120832443237305,15.338202714920044,20.150285959243774,434,0.1787954978644848,0,0,TRUE,pair,143,2.0070655001327395,4.817182815277374,30,0,7,2.0070655001327395,0.18656779662705958,2.4930069020483643,cpu,cuda:0,0,671.42724609375,48
5763,1,DDT900_num50.txt,fixed,963,8,120.375,5.611093997955322,4.585040092468262,5.185261670703767e-06,-3.92,-0.26642408,0.2549999952316284,0.025980764999985695,0.2199999988079071,0.30000001192092896,-0.291923211,-0.286232448,0.0014692115406173148,0.6425374469586781,0.007701106211503169,0.05047604960522482,0.0003,298,102,54.89442022157852,4.609083652496338,12.933682918548584,17.542766571044922,425,0.17429860075935721,0,0,TRUE,pair,131,1.9616396005731076,4.844236760124611,35,0,7.351145038167939,1.9616396005731076,0.16697559761814773,2.363710399949923,cpu,cuda:0,0,671.42724609375,48
5764,1,DDT900_num50.txt,fixed,1010,8,126.25,9.024272918701172,4.803530216217041,5.560828867601231e-06,-3.96,-0.258076806,0.2524999976158142,0.01984313875436783,0.23999999463558197,0.30000001192092896,-0.123172599,-0.117382576,0.0014720888575538993,0.6526067644357681,0.01076848227530718,0.07597297057509422,0.0003,299,101,77.76646729616016,4.826551198959351,8.161051750183105,12.987602949142456,433,0.17178390105254948,0,0,TRUE,pair,145,2.0744672014843673,4.564356435171448,30,0,6.9655172413793105,2.0744672014843673,0.1807706975378096,2.4493467991705984,cpu,cuda:0,0,671.42724609375,48
5765,1,DDT900_num50.txt,fixed,960,8,120,9.394146919250488,4.855912685394287,7.0444521043100394e-06,-4.12,-0.247892486,0.24250000715255737,0.03230711817741394,0.18000000715255737,0.2800000011920929,-0.115961741,-0.11009815,0.0018772991956211627,0.6802242279052735,0.015142356930300593,0.052167690545320514,0.0003,303,97,100.75208377382569,4.8766398429870605,4.651699066162109,9.52833890914917,426,0.24206600082106888,0,0,TRUE,pair,135,2.124889099271968,4.713541665424903,30,0,7.111111111111111,2.124889099271968,0.18420190270990133,2.448007899802178,cpu,cuda:0,0,671.4267578,48
5766,1,DDT900_num50.txt,fixed,962,8,120.25,4.293890953063965,4.6065521240234375,6.285393737925915e-06,-4.12,-0.266035396,0.24250000715255737,0.027271779254078865,0.20000000298023224,0.2800000011920929,-0.158577953,-0.15246775,0.00167018754776412,0.6945292601982752,0.012099300094026452,0.059899198512236275,0.0003,303,97,97.93618415530717,4.628087282180786,5.194635629653931,9.822722911834717,424,0.1727807961869985,0,0,TRUE,pair,127,1.971496399026364,4.916839914361553,35,0,7.574803149606299,1.971496399026364,0.1661514979787171,2.3748359004966915,cpu,cuda:0,0,671.42724609375,48
5767,1,DDT900_num50.txt,fixed,978,8,122.25,4.175823211669922,4.77104377746582,4.8040010369732045e-06,-4.28,-0.262439856,0.23250000178813934,0.024366984143853188,0.20000000298023224,0.2800000011920929,0.12447392319639523,0.1294329079488913,0.0016123629951228697,0.5765164196491241,0.019689043945011992,0.06806257631008823,0.0003,307,93,101.10738942832437,4.79181694984436,4.881066560745239,9.6728835105896,432,0.18157920078374445,0,0,TRUE,pair,131,2.031251899432391,4.713701429055025,30,0,7.465648854961832,2.031251899432391,0.17824539775028825,2.4628858973737806,cpu,cuda:0,0,671.42724609375,47
5768,1,DDT900_num50.txt,fixed,990,8,123.75,10.556396484375,4.891472816467285,7.202056622190867e-06,-3.96,-0.291799055,0.2524999976158142,0.0489259697496891,0.20000000298023224,0.36000001430511475,-0.055597824,-0.050611406,0.0016983872539220522,0.5835611820220947,0.012200604425743222,0.08954179014724034,0.0003,299,101,58.95060017056708,4.9090659618377686,11.884656190872192,16.79372215270996,430,0.2746896967291832,0,0,TRUE,pair,147,2.044625998241827,4.701010103177542,30,0,6.73469387755102,2.044625998241827,0.1748690940439701,2.572326098335907,cpu,cuda:0,0,671.42724609375,47
5769,1,DDT900_num50.txt,fixed,975,8,121.875,4.9607834815979,4.687412261962891,4.774328317580512e-06,-4.04,-0.28670897,0.2475000023841858,0.026339134201407433,0.20000000298023224,0.2800000011920929,-0.096880644,-0.091402924,0.0018131294742819261,0.6384282030842521,0.011077378220348195,0.035946635868061676,0.0003,301,99,65.6736019830781,4.70787501335144,10.138272762298584,14.846147775650024,432,0.17761110002174973,0,0,TRUE,pair,133,1.9472252984996885,4.694358976070697,35,0,7.330827067669173,1.9472252984996885,0.1623249021358788,2.483561996370554,cpu,cuda:0,0,671.42724609375,48
5770,1,DDT900_num50.txt,fixed,1047,8,130.875,13.232890129089355,5.080892562866211,9.261571904062293e-06,-3.76,-0.315283274,0.26499998569488525,0.04974937438964844,0.20000000298023224,0.36000001430511475,-0.134790168,-0.130072936,0.0023360602014387646,0.5885261644919714,0.07883047624394142,0.06609762832522392,0.0003,294,106,102.27410435207489,5.102574586868286,5.134620904922485,10.237195491790771,424,0.16738449595868587,0,0,TRUE,pair,154,2.1349936013575643,4.604584529725505,40,0,6.798701298701299,2.1349936013575643,0.18895189929753542,2.652609599288553,cpu,cuda:0,0,671.42919921875,47
5771,1,DDT900_num50.txt,fixed,982,8,122.75,6.851094722747803,4.662383556365967,5.3921617109153885e-06,-4.04,-0.302493398,0.2475000023841858,0.031523801386356354,0.20000000298023224,0.30000001192092896,-0.404799348,-0.399968529,0.0019126185216009617,0.5787138342857361,0.014320487403892912,0.06430698046460748,0.0003,301,99,146.45472869560524,4.68016791343689,2.0249757766723633,6.705143690109253,418,0.17555929976515472,0,0,TRUE,pair,134,1.9621934001334012,4.812627290756785,35,0,7.3283582089552235,1.9621934001334012,0.17270040046423674,2.430515096988529,cpu,cuda:0,0,385.2441406,48
5772,1,DDT900_num50.txt,fixed,994,8,124.25,4.630064964294434,5.58246374130249,4.6841819312248845e-06,-3.6,-0.262005893,0.2749999761581421,0.02397916093468666,0.23999999463558197,0.3199999928474426,-0.172396804,-0.168035364,0.0013638136636776228,0.5043343802293142,0.016923565475735813,0.012978565879166126,0.0003,290,110,134.60491782737364,5.602452516555786,1.7821216583251953,7.3845741748809814,413,0.19020200124941766,0,0,TRUE,pair,133,2.5096457987092435,4.7293762577851295,30,0,7.473684210526316,2.5096457987092435,0.22729140031151474,2.7276992003899068,cpu,cuda:0,0,383.75732421875,47
5773,1,DDT900_num50.txt,fixed,1005,8,125.625,3.038811445236206,4.727245330810547,4.76837158203125e-06,-3.8,-0.248742047,0.26249998807907104,0.021065380424261093,0.23999999463558197,0.30000001192092896,0.08853369951248169,0.094047412276268,0.00163660473190248,0.6332019597291947,0.01470235816668719,0.08227567188441753,0.0003,295,105,77.28790609870998,4.749622106552124,8.253705978393555,13.003328084945679,438,0.1759884008206427,0,0,TRUE,pair,131,2.0158317002933472,4.82388059748939,35,0,7.67175572519084,2.0158317002933472,0.1769868996925652,2.4367282995954156,cpu,cuda:0,0,671.42724609375,48
5774,1,DDT900_num50.txt,fixed,1050,8,131.25,6.832825183868408,5.309786796569824,6.542407390952576e-06,-3.56,-0.257018872,0.2775000035762787,0.02904738113284111,0.23999999463558197,0.3400000035762787,0.15053881704807281,0.15363401174545288,0.0010708860354498029,0.36306408047676086,0.04567919299006462,0.056680165231227875,0.0003,289,111,160.22304230870355,5.326996803283691,1.226367712020874,6.553364515304565,444,0.18599349725991488,0,0,TRUE,pair,144,2.3054114994592965,4.7171428564616615,40,0,7.291666666666667,2.3054114994592965,0.22564000613056123,2.6640141988173127,cpu,cuda:0,0,340.55224609375,47
5775,1,DDT900_num50.txt,fixed,1017,8,127.125,9.752403259277344,4.834869384765625,8.053467354329769e-06,-3.68,-0.268613201,0.27000001072883606,0.034641019999980927,0.2199999988079071,0.3199999928474426,-0.390786797,-0.383773699,0.0014079685497563332,0.7717084288597107,0.18642214857391082,0.0555555559694767,0.0003,292,108,193.96154596950487,4.857734441757202,0.3855729103088379,5.24330735206604,433,0.18023939989507198,0,0,TRUE,pair,146,2.053387299645692,4.585054078753836,30,0,6.965753424657534,2.053387299645692,0.17983160261064768,2.501651404891163,cpu,cuda:0,0,91.9453125,46
5776,1,DDT900_num50.txt,fixed,1038,8,129.75,12.517487525939941,4.926681995391846,7.679521331738215e-06,-3.88,-0.268854461,0.2574999928474426,0.03072051890194416,0.2199999988079071,0.30000001192092896,-0.055411782,-0.049418097,0.00042052558274008334,0.6203949749469757,0.01800859096692875,0.06340579874813557,0.0003,297,103,193.8783549118269,4.944742679595947,0.4091298580169678,5.353872537612915,437,0.1834625992923975,0,0,TRUE,pair,154,2.0770957013592124,4.556840077415827,28,0,6.740259740259741,2.0770957013592124,0.18339429493062198,2.5623959952499717,cpu,cuda:0,0,94.41064453,44
5777,1,DDT900_num50.txt,fixed,994,8,124.25,7.361216068267822,5.173908710479736,5.447225248644827e-06,-4.08,-0.261895571,0.24500000476837158,0.034278273582458496,0.20000000298023224,0.30000001192092896,-0.07891613,-0.073485928,0.001734873658278957,0.6297642886638641,0.010913341991706856,0.060632977013786636,0.0003,302,98,67.97447198881805,5.195106506347656,9.428030252456665,14.623136758804321,431,0.1909452003892511,0,0,TRUE,pair,136,2.3178854000288993,4.818913480405596,45,0,7.3088235294117645,2.3178854000288993,0.2022462987806648,2.5481766941957176,cpu,cuda:0,0,671.42724609375,48
5778,1,DDT900_num50.txt,fixed,977,8,122.125,6.5467071533203125,4.733544826507568,5.707125183107564e-06,-4.24,-0.26796284,0.23500001430511475,0.023979155346751213,0.20000000298023224,0.2800000011920929,-0.177065708,-0.171470731,0.0011686022451613098,0.6179277002811432,0.011121650284621865,0.04548153802752495,0.0003,306,94,81.86417236054777,4.7560789585113525,7.178323745727539,11.934402704238892,425,0.17752380133606493,0,0,TRUE,pair,131,2.01622929982841,4.847492324171193,30,0,7.458015267175573,2.01622929982841,0.17706610215827823,2.442591395229101,cpu,cuda:0,0,671.42724609375,47
5779,1,DDT900_num50.txt,fixed,992,8,124,7.449832439422607,4.750204563140869,1.025338497129269e-05,-4.12,-0.264097482,0.24249999225139618,0.04175823554396629,0.1599999964237213,0.30000001192092896,-0.07423094,-0.068141628,0.002796037879306823,0.7487327605485916,0.02048958561499603,0.06718895398080349,0.0003,303,97,117.29277087712168,4.77012825012207,3.6873409748077393,8.45746922492981,430,0.178659396013245,0,0,TRUE,pair,132,2.0150597007013857,4.910282259025881,35,0,7.515151515151516,2.0150597007013857,0.18650590139441192,2.4490086939185858,cpu,cuda:0,0,671.42724609375,47
5780,1,DDT900_num50.txt,fixed,1082,8,135.25,8.771402359008789,5.790746212005615,6.148241482151207e-06,-3.72,-0.256554361,0.26750001311302185,0.03152380511164665,0.2199999988079071,0.30000001192092896,0.009291291236877441,0.01471371464431286,0.0011676290741888806,0.6006238400936127,0.008485398124321364,0.04400208406150341,0.0003,293,107,69.36577024113755,5.81365966796875,9.784811973571777,15.598471641540527,447,0.19769760104827583,0,0,TRUE,pair,154,2.5723787993192673,4.601663585731591,25,0,7.025974025974026,2.5723787993192673,0.22354419762268662,2.8755147010087967,cpu,cuda:0,0,671.42919921875,47
5781,1,DDT900_num50.txt,fixed,987,8,123.375,5.764926433563232,4.755160331726074,5.984258677926846e-06,-3.84,-0.259706432,0.25999999046325684,0.03872983530163765,0.20000000298023224,0.3199999928474426,0.05923894629813731,0.06515174871310592,0.0014618968780268915,0.6643750034272671,0.010224913285128423,0.06970984232611954,0.0003,296,104,49.59105844923848,4.774342060089111,15.12843942642212,19.90278148651123,400,0.16945759975351393,0,0,TRUE,pair,134,1.9913125012535602,4.8389057733850755,30,0,7.365671641791045,1.9913125012535602,0.1851852999534458,2.4780020033940673,cpu,cuda:0,0,671.42724609375,48
5782,1,DDT900_num50.txt,fixed,1023,8,127.875,7.769129753112793,4.8609418869018555,5.815654276375426e-06,-3.56,-0.280960265,0.2775000035762787,0.023318450897932053,0.23999999463558197,0.3199999928474426,-0.070534719,-0.064168712,0.0020944434800185263,0.7413239181041718,0.018006163571650784,0.08022552418212096,0.0003,289,111,100.36796811034988,4.879622459411621,5.312872409820557,10.192494869232178,414,0.17153300251811743,0,0,TRUE,pair,146,2.0510412987787277,4.608993156214963,28,0,7.006849315068493,2.0510412987787277,0.19336389983072877,2.5139163001440465,cpu,cuda:0,0,671.42724609375,47
5783,1,DDT900_num50.txt,fixed,995,8,124.375,5.977823734283447,4.859103679656982,5.859473276359495e-06,-4.08,-0.275551032,0.24500000476837158,0.034278273582458496,0.18000000715255737,0.30000001192092896,-0.621535331,-0.615777999,0.001407306845067069,0.6461003124713898,0.021009485004469752,0.05246872780844569,0.0003,302,98,154.66882827516747,4.943120956420898,1.4899787902832031,6.433099746704102,437,0.1868197985459119,0,0,TRUE,pair,136,2.0691125991288573,4.908542714765923,35,0,7.3161764705882355,2.0691125991288573,0.17730940226465464,2.5127458965871483,cpu,cuda:0,0,337.5537109,48
5784,1,DDT900_num50.txt,fixed,1006,8,125.75,7.8541388511657715,6.099356174468994,5.746827355324058e-06,-4.12,-0.269562196,0.24250000715255737,0.03230711445212364,0.18000000715255737,0.2800000011920929,-0.243673742,-0.236852431,0.001520062455840941,0.7581345779555184,0.01720988823633109,0.10428336236093726,0.0003,303,97,80.80545786505762,6.124478816986084,6.3251752853393555,12.44965410232544,436,0.21062209527008235,0,0,TRUE,pair,138,2.866847097640857,4.779324056,32,0,7.2898550724637685,2.866847097640857,0.27359819947741926,2.829419902758673,cpu,cuda:0,0,671.42724609375,48
5785,1,DDT900_num50.txt,fixed,965,8,120.625,5.588772296905518,4.652659893035889,5.506901288754307e-06,-4.24,-0.266007664,0.23499999940395355,0.027838818728923798,0.20000000298023224,0.2800000011920929,-0.237806765,-0.231032898,0.0015179056693644573,0.7532828152179718,0.008379354493323868,0.048982191209991775,0.0003,306,94,101.15311860366377,4.6769750118255615,4.863017559051514,9.539992570877075,408,0.16712530166842043,0,0,TRUE,pair,131,1.9668167014606297,5.04041450480723,30,0,7.366412213740458,1.9668167014606297,0.1733060018159449,2.4162588010076433,cpu,cuda:0,0,671.42724609375,48
5786,1,DDT900_num50.txt,fixed,991,8,123.875,9.584329605102539,4.948521614074707,6.551089882123051e-06,-4.08,-0.294206963,0.24500000476837158,0.02958040125668049,0.20000000298023224,0.30000001192092896,-0.178192705,-0.173441354,0.0041820197948254645,0.6842359378933907,0.012657972125452943,0.0314701187890023,0.0003,302,98,101.55512916460589,4.968904972076416,4.789341688156128,9.758246660232544,427,0.18049270007759333,0,0,TRUE,pair,144,2.1098371003754437,5.068617559706286,35,0,6.881944444444445,2.1098371003754437,0.1839655013754964,2.553728796541691,cpu,cuda:0,0,671.42724609375,48
5787,1,DDT900_num50.txt,fixed,1024,8,128,12.854960441589355,4.924907207489014,8.058759703999385e-06,-3.96,-0.274513144,0.2524999976158142,0.04351723939180374,0.20000000298023224,0.3400000035762787,-0.238519251,-0.231919558,0.0022777361181479964,0.7738561792807146,0.015830501025034624,0.06518418866802346,0.0003,299,101,64.8775879141816,4.941826343536377,10.841744422912598,15.783570766448975,450,0.18702989956364036,0,0,TRUE,pair,152,2.1240702997893095,4.786132811801508,35,0,6.7368421052631575,2.1240702997893095,0.17553919344209135,2.524464303161949,cpu,cuda:0,0,671.42724609375,48
5788,1,DDT900_num50.txt,fixed,1068,8,133.5,11.575837135314941,5.055773735046387,9.189172487822361e-06,-3.6,-0.273310335,0.2750000059604645,0.04769696295261383,0.20000000298023224,0.36000001430511475,-0.037482146,-0.031188553,0.0015960553791956045,0.7091619931161404,0.012725784952635877,0.050812378991395235,0.0003,290,110,75.39316555545403,5.078986644744873,9.086753606796265,14.165740251541138,435,0.17566909897141159,0,0,TRUE,pair,155,2.1795538002625108,4.74438202381134,35,0,6.890322580645162,2.1795538002625108,0.18377039721235633,2.5885620969347656,cpu,cuda:0,0,671.42919921875,47
5789,1,DDT900_num50.txt,fixed,998,8,124.75,5.539629936218262,4.889036178588867,6.09018297836883e-06,-4,-0.273976852,0.25,0.024494899436831474,0.2199999988079071,0.30000001192092896,-0.701980442,-0.694995433,0.0030202165944501758,0.8495102524757385,0.12308079866488697,0.035087719559669495,0.0003,300,100,186.8865909419873,4.909216403961182,0.4309206008911133,5.340137004852295,423,0.17832420184276998,0,0,TRUE,pair,133,2.0957828999962658,5.017034064791724,40,0,7.503759398496241,2.0957828999962658,0.1857942994683981,2.505344801582396,cpu,cuda:0,0,108.05810546875,46
5790,1,DDT900_num50.txt,fixed,1024,8,128,10.58300495147705,4.985092639923096,7.811619980202522e-06,-3.8,-0.259104296,0.26249998807907104,0.04293891414999962,0.2199999988079071,0.36000001430511475,-0.17126257,-0.16367368,0.000645186664769426,0.7911487817764282,0.026386619079858065,0.11161616444587708,0.0003,295,105,188.28546415504073,5.007509469985962,0.43104100227355957,5.4385504722595215,432,0.2620520999189466,0,0,TRUE,pair,150,2.0777179994620383,4.823242188431323,35,0,6.826666666666667,2.0777179994620383,0.17868150142021477,2.628274500137195,cpu,cuda:0,0,91.96630859,46
5791,1,DDT900_num50.txt,fixed,1032,8,129,11.979148864746094,4.93781852722168,6.979599675105419e-06,-3.84,-0.239900961,0.25999999046325684,0.020000005140900612,0.23999999463558197,0.30000001192092896,-0.01609915,-0.010121125,0.002012516742979642,0.6984284780919552,0.012721314647933468,0.06575356458779424,0.0003,296,104,69.79494237604655,4.9658074378967285,9.820364236831665,14.786171674728394,441,0.18364520044997334,0,0,TRUE,pair,148,2.1134711005724967,4.765503874351812,30,0,6.972972972972973,2.1134711005724967,0.18800219963304698,2.5319544018711895,cpu,cuda:0,0,671.42919921875,47
5792,1,DDT900_num50.txt,fixed,1050,8,131.25,10.744184494018555,5.204071998596191,6.511926585517358e-06,-3.76,-0.258332938,0.26499998569488525,0.031224992126226425,0.2199999988079071,0.3199999928474426,-0.084589502,-0.078444704,0.0031173742027021945,0.770348209887743,0.015827156748855487,0.05393084813840687,0.0003,294,106,74.61841589385661,5.221912860870361,8.849680423736572,14.071593284606934,441,0.18108710134401917,0,0,TRUE,pair,149,2.199675700161606,4.835238097508748,25,0,7.046979865771812,2.199675700161606,0.18885529949329793,2.7100032006856054,cpu,cuda:0,0,671.42919921875,48
5793,1,DDT900_num50.txt,fixed,1015,8,126.875,7.149082183837891,4.909214973449707,6.692728220514255e-06,-4.24,-0.260131634,0.23499999940395355,0.03570713847875595,0.18000000715255737,0.2800000011920929,-0.026042629,-0.019492807,0.002034189904489639,0.7566915073178031,0.01525366006535478,0.07254571907899597,0.0003,306,94,66.95187340030274,4.926846742630005,10.233296632766724,15.160143375396729,439,0.2561714027542621,0,0,TRUE,pair,137,2.05673160078004,4.774384238802154,40,0,7.408759124087592,2.05673160078004,0.18114699819125235,2.5721562984399498,cpu,cuda:0,0,671.42724609375,48
5794,1,DDT900_num50.txt,fixed,1039,8,129.875,10.154278755187988,5.527559280395508,7.414012998196995e-06,-4.08,-0.274384438,0.24500000476837158,0.013228753581643105,0.2199999988079071,0.25999999046325684,-0.067458842,-0.0611904,0.0025017252968003354,0.7519299785296122,0.010046469254626168,0.07095592220624287,0.0003,302,98,72.4144756705857,5.551600933074951,8.796359062194824,14.347959995269775,451,0.2005698976572603,0,0,TRUE,pair,148,2.543601801386103,4.865255052017638,35,0,7.02027027027027,2.543601801386103,0.20219280337914824,2.6731767973396927,cpu,cuda:0,0,671.42919921875,48
5795,1,DDT900_num50.txt,fixed,1082,8,135.25,13.890193939208984,5.186745643615723,9.247752132068854e-06,-3.84,-0.302415663,0.25999999046325684,0.04690415784716606,0.20000000298023224,0.3400000035762787,-0.03220504,-0.0258928,0.0014474511382800033,0.703596434172462,0.011493796208763825,0.07280835509300232,0.0003,296,104,50.52379381686065,5.206190824508667,16.209461450576782,21.41565227508545,436,0.17753900145180523,0,0,TRUE,pair,156,2.2299770982936025,4.7162661724302115,25,0,6.935897435897436,2.2299770982936025,0.19891000003553927,2.647860099328682,cpu,cuda:0,0,671.42919921875,47
5796,1,DDT900_num50.txt,fixed,1040,8,130,8.8034086227417,5.008937835693359,7.605141490785172e-06,-4.2,-0.330336239,0.23749999701976776,0.025372227653861046,0.20000000298023224,0.2800000011920929,-0.645067155,-0.639006734,0.002126782899722457,0.7123857140541077,0.059952717274427414,0.11999999731779099,0.0003,305,95,199.23038490757074,5.031319856643677,0.1887674331665039,5.220087289810181,441,0.18386720214039087,0,0,TRUE,pair,146,2.1545693001244217,4.989423078298569,40,0,7.123287671232877,2.1545693001244217,0.18328290130011737,2.567998997401446,cpu,cuda:0,0,64.38964844,44
5797,1,DDT900_num50.txt,fixed,1078,8,134.75,11.14394474029541,5.390279293060303,1.0784323421830777e-05,-3.52,-0.320085598,0.2799999713897705,0.024494901299476624,0.23999999463558197,0.3199999928474426,0.04972401261329651,0.05709296837449074,0.0008775652968324721,0.780773937702179,0.22137974202632904,0.14705882966518402,0.0003,288,112,191.30392725520315,5.408892393112183,0.2261199951171875,5.63501238822937,440,0.18994170217774808,0,0,TRUE,pair,156,2.3261952023021877,4.6465677202079645,30,0,6.910256410256411,2.3261952023021877,0.20257799071259797,2.748654098948464,cpu,cuda:0,0,75.79101563,47
5798,1,DDT900_num50.txt,fixed,1023,8,127.875,9.102712631225586,5.083477973937988,6.711811238346854e-06,-3.72,-0.324834044,0.26749998331069946,0.04683749005198479,0.20000000298023224,0.36000001430511475,-0.332707554,-0.328480419,0.0027699677739292383,0.5612130910158157,0.029816557304002345,0.01675191894173622,0.0003,293,107,156.02122117227262,5.106284856796265,1.4505155086517334,6.556800365447998,425,0.24561449815519154,0,0,TRUE,pair,144,2.168254500022158,4.824046919888882,30,0,7.104166666666667,2.168254500022158,0.18956600059755147,2.6206662976182997,cpu,cuda:0,0,349.0048828,47
5799,1,DDT900_num50.txt,fixed,1030,8,128.75,12.507497787475586,4.95734977722168,8.727552994969301e-06,-3.92,-0.320062905,0.2549999952316284,0.03570714220404625,0.18000000715255737,0.30000001192092896,-0.201334164,-0.195313774,0.0020441579496643194,0.704246977965037,0.029586917177463572,0.06830850150436163,0.0003,298,102,100.80351505959275,4.976705074310303,5.241192579269409,10.217897653579712,437,0.1748758980538696,0,0,TRUE,pair,150,2.1398608998861164,4.7728155314343645,40,0,6.866666666666666,2.1398608998861164,0.18483060179278255,2.530487902229652,cpu,cuda:0,0,671.42919921875,47
5800,1,DDT900_num50.txt,fixed,988,8,123.5,7.905694007873535,5.021003723144531,5.883675839868374e-06,-4,-0.320168515,0.25,0.030000001192092896,0.20000000298023224,0.30000001192092896,-0.373069644,-0.3655487,0.001777303172275424,0.840958833694458,0.0439131036400795,0.1458333432674408,0.0003,300,100,186.66078837412638,5.040571689605713,0.25245213508605957,5.2930238246917725,435,0.185303796781227,0,0,TRUE,pair,143,2.1305569994729012,4.928137652545805,40,0,6.909090909090909,2.1305569994729012,0.18997630337253213,2.596772398101166,cpu,cuda:0,0,94.83203125,45
5801,1,DDT900_num50.txt,fixed,1080,8,135,9.110433578491211,5.175245761871338,6.341665084619308e-06,-3.56,-0.309752265,0.2774999737739563,0.044087979942560196,0.2199999988079071,0.3799999952316284,-0.013120515,-0.006994695,0.0020224556369198995,0.7137046293778853,0.017286437235518613,0.05568250048566948,0.0003,289,111,67.43683580773522,5.19660210609436,10.818384170532227,16.014986276626587,455,0.19196389941498637,0,0,TRUE,pair,153,2.2067379006184638,4.696296297841602,35,0,7.0588235294117645,2.2067379006184638,0.1949476038571447,2.6634878017939627,cpu,cuda:0,0,671.42919921875,48
5802,1,DDT900_num50.txt,fixed,1049,8,131.125,5.182602882385254,4.998379230499268,5.0576218200149015e-06,-3.36,-0.29231201,0.28999999165534973,0.030000003054738045,0.25999999046325684,0.3400000035762787,0.06481195241212845,0.07266801223158836,0.0008833119936753064,0.8297723233699799,0.04728341568261385,0.040178571827709675,0.0003,284,116,192.67900541620344,5.0229575634002686,0.42133045196533203,5.444288015365601,440,0.17681719711981714,0,0,TRUE,pair,137,2.126204700442031,4.830314586910324,30,0,7.656934306569343,2.126204700442031,0.1884093014523387,2.5795584039296955,cpu,cuda:0,0,106.6972656,44
5803,1,DDT900_num50.txt,fixed,1013,8,126.625,6.7070393562316895,4.951396465301514,6.178216153784888e-06,-3.64,-0.291750738,0.2724999785423279,0.02633913792669773,0.23999999463558197,0.3199999928474426,-0.173101264,-0.166764958,0.0019357612715490784,0.7304190869132677,0.03168089032988064,0.05536537695055207,0.0003,291,109,65.95905276960247,4.971760034561157,10.386253118515015,15.358013153076172,417,0.168728498974815,0,0,TRUE,pair,138,2.103875999804586,4.891411646921096,55,0,7.340579710144928,2.103875999804586,0.1859904972370714,2.558084997581318,cpu,cuda:0,0,671.42724609375,47
5804,1,DDT900_num50.txt,fixed,1067,8,133.375,8.873239517211914,5.0628790855407715,6.097179266362218e-06,-3.72,-0.295890911,0.26750001311302185,0.03596873953938484,0.2199999988079071,0.3400000035762787,-0.136615376,-0.130500571,0.001862959110770713,0.7046284187923778,0.012849106167612428,0.04739270647141067,0.0003,293,107,67.33315674008706,5.0786261558532715,10.767950057983398,15.84657621383667,444,0.18137279944494367,0,0,TRUE,pair,149,2.175994998542592,4.8847235232284385,45,0,7.1610738255033555,2.175994998542592,0.18606210290454328,2.59654219658114,cpu,cuda:0,0,671.42919921875,48
5805,1,DDT900_num50.txt,fixed,1063,8,132.875,14.04846477508545,5.287379264831543,9.850467904470861e-06,-3.56,-0.280353473,0.2775000035762787,0.033819377422332764,0.2199999988079071,0.3400000035762787,0.054755665361881256,0.05680952966213226,0.0014996961690485477,0.2803713083267212,0.06254967302083969,0.018450185656547546,0.0003,289,111,160.76452654235658,5.305915594100952,1.3062396049499512,6.612155199050903,427,0.17585170082747936,0,0,TRUE,pair,152,2.3717138012871146,4.689557854566278,40,0,6.993421052631579,2.3717138012871146,0.20788659900426865,2.598210404161364,cpu,cuda:0,0,382.85693359375,46
5806,1,DDT900_num50.txt,fixed,1013,8,126.625,6.909006595611572,4.825821399688721,6.182815013744403e-06,-3.88,-0.270134797,0.2574999928474426,0.02904737927019596,0.2199999988079071,0.30000001192092896,-0.167604771,-0.162007284,0.0018459892249666154,0.6520483285188675,0.013369376957416534,0.08189844377338887,0.0003,297,103,68.29998993382786,4.843668699264526,9.987958669662476,14.831627368927002,420,0.16512209828943014,0,0,TRUE,pair,136,2.0280185001902282,4.787759131999265,30,0,7.448529411764706,2.0280185001902282,0.17406980460509658,2.526262601604685,cpu,cuda:0,0,671.42724609375,47
5807,1,DDT900_num50.txt,fixed,980,8,122.5,8.5,4.777804374694824,6.310215212579351e-06,-3.96,-0.26640276,0.2524999976158142,0.031523801386356354,0.2199999988079071,0.3199999928474426,-0.053871183,-0.048065686,0.001614564799820073,0.661278122663498,0.014035624614916743,0.06803311523981392,0.0003,299,101,68.08738927958592,4.795840740203857,9.597426652908325,14.393267393112183,429,0.17536929855123162,0,0,TRUE,pair,137,2.0272377997171134,4.924489793728809,40,0,7.153284671532846,2.0272377997171134,0.17655589734204113,2.475853799143806,cpu,cuda:0,0,671.42724609375,47
5808,1,DDT900_num50.txt,fixed,999,8,124.875,6.5467071533203125,4.850470542907715,6.406321062968345e-06,-3.84,-0.270344866,0.25999999046325684,0.033166248351335526,0.2199999988079071,0.3199999928474426,-0.063146658,-0.057304455,0.0011848028145984492,0.6434605907310139,0.010525774295357141,0.052492392334071075,0.0003,296,104,70.73214063159853,4.870802402496338,9.252904176712036,14.123706579208374,428,0.17539810040034354,0,0,TRUE,pair,135,2.119007400004193,4.886886887602858,40,0,7.4,2.119007400004193,0.19372220104560256,2.435508797876537,cpu,cuda:0,0,671.42724609375,47
5809,1,DDT900_num50.txt,fixed,1028,8,128.5,4.582575798034668,4.82750129699707,5.40006249138969e-06,-3.88,-0.274014136,0.2574999928474426,0.025372233241796494,0.2199999988079071,0.30000001192092896,-0.059624773,-0.054950312,0.0006906565395183861,0.5019792467355728,0.08666429063305259,0.11047501547727734,0.0003,297,103,159.09942735202978,4.845917463302612,1.6154508590698242,6.4613683223724365,443,0.1749467987101525,0,0,TRUE,pair,138,2.02482369937934,4.824902723503484,36,0,7.449275362318841,2.02482369937934,0.182278802851215,2.520021995296702,cpu,cuda:0,0,385.2460938,46
5810,1,DDT900_num50.txt,fixed,1001,8,125.125,7.061117172241211,5.885595321655273,3.193919110344723e-05,-3.88,-0.270766341,0.2574999928474426,0.023318450897932053,0.2199999988079071,0.30000001192092896,-0.034537814,-0.02883295,0.001571657066961052,0.6490691304206848,0.010421163358842023,0.08681467722635716,0.0003,297,103,52.87333480726393,5.906588315963745,13.025449991226196,18.93203830718994,435,0.19449289562180638,0,0,TRUE,pair,131,2.7104921981226653,4.924075923480473,35,0,7.641221374045801,2.7104921981226653,0.2353318987879902,2.817677902523428,cpu,cuda:0,0,671.42724609375,48
5811,1,DDT900_num50.txt,fixed,1002,8,125.25,8.828221321105957,4.835423469543457,6.518470399896614e-06,-3.68,-0.270690748,0.26999998092651367,0.02449490688741207,0.23999999463558197,0.30000001192092896,0.0014370525669720438,0.007940688273972936,0.0016368350027025575,0.7322050995296903,0.013224913868018322,0.04318983376853996,0.0003,292,108,84.33338697781214,4.854382276535034,7.027033090591431,11.881415367126465,428,0.17319389805197716,0,0,TRUE,pair,143,2.0798054004553705,5.121756487501833,50,0,7.006993006993007,2.0798054004553705,0.1786035061813891,2.478740100050345,cpu,cuda:0,0,671.42724609375,47
5812,1,DDT900_num50.txt,fixed,1030,8,128.75,6.456585884094238,4.855074882507324,7.094705779309152e-06,-3.52,-0.26212337,0.2800000011920929,0.030000001192092896,0.23999999463558197,0.3199999928474426,0.1484237089753151,0.15541546046733856,0.0004800445312866941,0.7231771647930145,0.019331675401190296,0.042553190141916275,0.0003,288,112,193.38641179122988,4.879669189453125,0.4464547634124756,5.326123952865601,443,0.18090159725397825,0,0,TRUE,pair,139,2.014711301540956,5.100970871471664,40,0,7.410071942446043,2.014711301540956,0.18626170232892036,2.553599603706971,cpu,cuda:0,0,94.55810547,46
5813,1,DDT900_num50.txt,fixed,1068,8,133.5,7.176350116729736,5.113285541534424,6.41518772681593e-06,-3.48,-0.278676628,0.2824999988079071,0.01854049786925316,0.25999999046325684,0.3199999928474426,0.10512145608663559,0.11033201962709427,0.0012419685954228044,0.5831548571586609,0.042493853718042374,0.09433962404727936,0.0003,287,113,197.07576951103349,5.132520914077759,0.2867145538330078,5.419235467910767,438,0.18139970302581787,0,0,TRUE,pair,143,2.1514057987369597,4.856741575266091,35,0,7.468531468531468,2.1514057987369597,0.19449929730035365,2.659534104866907,cpu,cuda:0,0,101.140625,44
5814,1,DDT900_num50.txt,fixed,1022,8,127.75,9.310612678527832,5.324454307556152,6.468133960879641e-06,-3.56,-0.271387345,0.2775000035762787,0.03799671307206154,0.2199999988079071,0.3400000035762787,-0.020432048,-0.013569988,0.0012055234983563423,0.7464820444583893,0.031622468726709485,0.10047003719955683,0.0003,289,111,177.67643561706953,5.34262490272522,0.40940403938293457,5.752028942108154,439,0.18398180324584246,0,0,TRUE,pair,141,2.3254544003866613,5.043052837106813,36,0,7.24822695035461,2.3254544003866613,0.21413950063288212,2.6725212971214205,cpu,cuda:0,0,94.45117188,46
5815,1,DDT900_num50.txt,fixed,1023,8,127.875,9.558209419250488,4.896018028259277,7.116704637155635e-06,-3.68,-0.285485405,0.27000001072883606,0.034641019999980927,0.2199999988079071,0.3199999928474426,-0.013144822,-0.00913348,0.0018845812883228064,0.4953632354736328,0.15828877687454224,0.07407407462596893,0.0003,292,108,196.68500131283068,4.915442705154419,0.2857673168182373,5.201210021972656,429,0.23949640151113272,0,0,TRUE,pair,144,2.050465399865061,4.987292275517334,55,0,7.104166666666667,2.050465399865061,0.19040349940769374,2.5533569008111954,cpu,cuda:0,0,102.45947265625,44
5816,1,DDT900_num50.txt,fixed,1040,8,130,10.488088607788086,4.856931686401367,7.952251507958863e-06,-3.6,-0.29177316,0.2749999761581421,0.025980761274695396,0.2199999988079071,0.3199999928474426,-0.192349784,-0.186763763,0.0011105886369477957,0.6141314506530762,0.048883798386668786,0.05128205195069313,0.0003,290,110,200.1323346222114,4.876799583435059,0.3197619915008545,5.196561574935913,441,0.18289709882810712,0,0,TRUE,pair,149,2.025658098515123,5.067307690702952,55,0,6.97986577181208,2.025658098515123,0.18264919985085726,2.5468940045684576,cpu,cuda:0,0,81.82763672,46
5817,1,DDT900_num50.txt,fixed,1011,8,126.375,5.45292329788208,5.373941421508789,8.963714208221063e-06,-3.84,-0.28986909,0.25999999046325684,0.024494905024766922,0.23999999463558197,0.30000001192092896,-0.134740267,-0.129006947,0.0016614116611890495,0.6564019322395325,0.014265837206039578,0.0442254738882184,0.0003,296,104,106.71815342047172,5.39364218711853,4.079910039901733,9.473552227020264,441,0.19158750399947166,0,0,TRUE,pair,138,2.353828799445182,4.871414440675729,40,0,7.326086956521739,2.353828799445182,0.21127239288762212,2.6988796971272677,cpu,cuda:0,0,671.42724609375,47
5818,1,DDT900_num50.txt,fixed,1041,8,130.125,6.989948272705078,4.896965026855469,5.984258677926846e-06,-3.24,-0.273163961,0.29749998450279236,0.025372229516506195,0.25999999046325684,0.3400000035762787,0.017444774663696688,0.022566420879835885,0.0017077631831246738,0.5975527142484983,0.010158521802319834,0.06951077825700243,0.0003,281,119,68.05850517833754,4.916178226470947,10.379485368728638,15.295663595199585,419,0.16716680000536144,0,0,TRUE,pair,144,2.0714247005525976,4.88568683659996,35,0,7.229166666666667,2.0714247005525976,0.18840350327081978,2.5345040056854486,cpu,cuda:0,0,671.42919921875,47
5819,1,DDT900_num50.txt,fixed,1023,8,127.875,6.954090595245361,5.0291948318481445,6.159787517390214e-06,-3.64,-0.245410248,0.2724999785423279,0.019843142479658127,0.23999999463558197,0.30000001192092896,0.013405954610789195,0.01959025306859985,0.0017261939246964175,0.704739585518837,0.01394565578084439,0.07655695220455527,0.0003,291,109,97.55177319902079,5.0465452671051025,5.4401938915252686,10.486739158630371,427,0.1764043984003365,0,0,TRUE,pair,139,2.158719799714163,5.173998044033554,30,0,7.359712230215828,2.158719799714163,0.20438489830121398,2.558802197454497,cpu,cuda:0,0,671.42724609375,46
5820,1,DDT900_num50.txt,fixed,1062,8,132.75,11.310946464538574,5.0318169593811035,6.862563168397173e-06,-3.48,-0.271867793,0.2824999988079071,0.03665720298886299,0.23999999463558197,0.36000001430511475,-0.142356022,-0.137139524,0.0019802953582257034,0.6206652820110321,0.009508954989723862,0.0697733961045742,0.0003,287,113,71.95751823173303,5.047900438308716,9.71080756187439,14.758708000183105,440,0.179960303241387,0,0,TRUE,pair,148,2.073007501428947,4.697740114678098,55,0,7.175675675675675,2.073007501428947,0.18681070185266435,2.666751797311008,cpu,cuda:0,0,671.42919921875,47
5821,1,DDT900_num50.txt,fixed,986,8,123.25,5.825590133666992,4.599280834197998,1.0645062502590008e-05,-3.68,-0.255178754,0.26999998092651367,0.030000001192092896,0.2199999988079071,0.3199999928474426,-0.813191175,-0.808618069,0.001962922979146242,0.5554532408714294,0.0587322823703289,0.03125,0.0003,292,108,206.48844115043812,4.62677526473999,0.14831042289733887,4.775085687637329,434,0.17008159961551428,0,0,TRUE,pair,136,1.9623628025874496,5.13691683521619,45,0,7.25,1.9623628025874496,0.17275520088151097,2.369885000633076,cpu,cuda:0,0,73.38769531,44
5822,1,DDT900_num50.txt,fixed,979,8,122.375,4.3857011795043945,4.554471969604492,4.958304089086596e-06,-3.72,-0.251253026,0.26749998331069946,0.022220490500330925,0.23999999463558197,0.30000001192092896,-0.364410569,-0.359806995,0.001072045318627109,0.5139599541823069,0.021227453951723874,0.03668430385490259,0.0003,293,107,155.445082342794,4.634737253189087,1.6633069515228271,6.298044204711914,426,0.16748779965564609,0,0,TRUE,pair,131,1.9132957009132951,4.994892747214671,40,0,7.473282442748092,1.9132957009132951,0.17186009441502392,2.375325002707541,cpu,cuda:0,0,382.62939453125,48
5823,1,DDT900_num50.txt,fixed,1034,8,129.25,8.011710166931152,5.2658514976501465,5.832734132127371e-06,-3.52,-0.234476901,0.2800000011920929,0.01732051372528076,0.23999999463558197,0.30000001192092896,-0.264772773,-0.25869903,0.0008000815287232399,0.6473772525787354,0.19776645302772522,0.19354838132858276,0.0003,288,112,190.04232707412024,5.286978721618652,0.1539144515991211,5.440893173217773,446,0.18184999795630574,0,0,TRUE,pair,143,2.3889260988216847,5.090909091370249,50,0,7.230769230769231,2.3889260988216847,0.1993930011522025,2.570223605260253,cpu,cuda:0,0,72.26464844,45
5824,1,DDT900_num50.txt,fixed,1075,8,134.375,9.109576225280762,5.083162784576416,8.202084245567676e-06,-3.44,-0.226804055,0.2849999964237213,0.02179449424147606,0.25999999046325684,0.3199999928474426,-0.049815245,-0.045104835,0.0015941113476098205,0.5507467091083527,0.022379709388284635,0.044960357869664826,0.0003,286,114,103.49036709947434,5.104216575622559,5.283223628997803,10.387440204620361,456,0.18398090079426765,0,0,TRUE,pair,149,2.1430665992666036,5.000000001774278,65,0,7.214765100671141,2.1430665992666036,0.1984448037110269,2.634376598522067,cpu,cuda:0,0,671.42919921875,46
5825,1,DDT900_num50.txt,fixed,1053,8,131.625,9.109576225280762,5.113903045654297,7.575185009045526e-06,-3.28,-0.217762677,0.29499998688697815,0.029580403119325638,0.23999999463558197,0.3400000035762787,-0.060004769,-0.05528434,0.001968104953994043,0.5704480752348899,0.01536185789736919,0.08385863052681089,0.0003,282,118,69.90662236009874,5.134722709655762,9.92822790145874,15.062950611114502,435,0.18240049807354808,0,0,TRUE,pair,146,2.1719071990810335,4.694207025276177,45,0,7.212328767123288,2.1719071990810335,0.19362560263834894,2.640731996158138,cpu,cuda:0,0,671.42919921875,46
5826,1,DDT900_num50.txt,fixed,1105,8,138.125,10.421582221984863,5.256972312927246,6.457139079429908e-06,-3.16,-0.21954499,0.30250000953674316,0.054256338626146317,0.2199999988079071,0.3799999952316284,-0.022232599,-0.01713419,0.0019217216018164022,0.6059268631718375,0.015530858210033992,0.05018728632818569,0.0003,279,121,65.40579050001828,5.275591611862183,11.618937015533447,16.89452862739563,442,0.2502364043612033,0,0,TRUE,pair,148,2.1762806992046535,4.760180993749006,32,0,7.466216216216216,2.1762806992046535,0.20124919805675745,2.77090180083178,cpu,cuda:0,0,671.4296875,47
5827,1,DDT900_num50.txt,fixed,1032,8,129,6.363961219787598,5.008692741394043,5.72452881897334e-06,-3.36,-0.220387406,0.28999999165534973,0.03464101627469063,0.23999999463558197,0.3400000035762787,-0.127542634,-0.121773898,0.001970946666551754,0.6754204879204432,0.0076409731700550765,0.0525006291611741,0.0003,284,116,56.35419529522882,5.039607286453247,13.27313756942749,18.312744855880737,427,0.1776134017854929,0,0,TRUE,pair,141,2.17628130200319,5.046511626982873,45,0,7.319148936170213,2.17628130200319,0.19315440254285932,2.536026596557349,cpu,cuda:0,0,671.42919921875,47
5828,1,DDT900_num50.txt,fixed,1051,8,131.375,8.788309097290039,5.1061859130859375,7.5394573286757804e-06,-3.24,-0.204397809,0.29749998450279236,0.015612492337822914,0.2800000011920929,0.3199999928474426,-0.463441283,-0.457464069,0.0012641511857509613,0.6609300374984741,0.12123750150203705,0.06451612710952759,0.0003,281,119,192.674463631069,5.130964040756226,0.32383251190185547,5.454796552658081,424,0.17020339844748378,0,0,TRUE,pair,151,2.247758800163865,4.857278782339123,35,0,6.960264900662252,2.247758800163865,0.19564109668135643,2.5558603988029063,cpu,cuda:0,0,113.19482421875,46
5829,1,DDT900_num50.txt,fixed,1047,8,130.875,3.9508702754974365,4.963757514953613,4.7414737309736665e-06,-3.6,-0.210683313,0.2749999761581421,0.02397916093468666,0.23999999463558197,0.3199999928474426,-0.0990826,-0.093111455,0.0009994688152801245,0.6470882818102837,0.014296136767370626,0.04784447874408215,0.0003,290,110,151.83678631180243,4.981685161590576,1.913877010345459,6.895562171936035,434,0.23679289943538606,0,0,TRUE,pair,137,2.0714186986442655,5.0000000013662955,35,0,7.642335766423358,2.0714186986442655,0.18635470187291503,2.604020106373355,cpu,cuda:0,0,384.45654296875,46
5830,1,DDT900_num50.txt,fixed,1036,8,129.5,10.307764053344727,5.114747524261475,6.388550445990404e-06,-3.52,-0.21758673,0.2799999713897705,0.020000003278255463,0.25999999046325684,0.3199999928474426,-0.196311131,-0.192160651,0.0012530326494015753,0.4776982367038727,0.015579953607812058,0.1111111119389534,0.0003,288,112,145.08286863822,5.133195638656616,2.0075509548187256,7.140746593475342,434,0.18190200324170291,0,0,TRUE,pair,148,2.226183099905029,4.824324325244859,45,0,7,2.226183099905029,0.20344040333293378,2.5765891992487013,cpu,cuda:0,0,386.3066406,47
5831,1,DDT900_num50.txt,fixed,1007,8,125.875,6.152997016906738,5.187923431396484,5.344512828742154e-06,-3.68,-0.225489541,0.26999998092651367,0.020000005140900612,0.23999999463558197,0.30000001192092896,-0.305356423,-0.300927723,0.002411642218551909,0.5634516626596451,0.017016357684042305,0.06180876540020108,0.0003,292,108,99.02110018142886,5.2071332931518555,4.962416410446167,10.169549703598022,424,0.18042729957960546,0,0,TRUE,pair,138,2.275693598901853,5.0347567028416895,40,0,7.297101449275362,2.275693598901853,0.2372012969572097,2.5639282988850027,cpu,cuda:0,0,671.42724609375,46
5832,1,DDT900_num50.txt,fixed,1031,8,128.875,7.389815807342529,4.884164810180664,9.213883458869532e-06,-3.28,-0.224629444,0.29499998688697815,0.02179449424147606,0.25999999046325684,0.3199999928474426,-0.055292187,-0.050386442,0.0016169709075863163,0.571422869960467,0.06421185713406885,0.04458824607233206,0.0003,282,118,100.71168996954215,4.905541658401489,5.331601619720459,10.237143278121948,425,0.17241099965758622,0,0,TRUE,pair,143,2.0580523998942226,5.033947624591343,35,0,7.20979020979021,2.0580523998942226,0.19076479878276587,2.5326139971148223,cpu,cuda:0,0,671.42919921875,47
5833,1,DDT900_num50.txt,fixed,999,8,124.875,5.775757312774658,5.8528571128845215,6.228613983694231e-06,-3.52,-0.229269497,0.2799999713897705,0.02000000700354576,0.23999999463558197,0.30000001192092896,-0.302461866,-0.297791318,0.0015513228572672233,0.5446202466264367,0.01163362237275578,0.07089517678832635,0.0003,288,112,56.29117623311729,5.871232509613037,11.875776290893555,17.747008800506592,423,0.18167059891857207,0,0,TRUE,pair,135,2.8040344989858568,4.847847848086505,25,0,7.4,2.8040344989858568,0.2656137994490564,2.6582449031993747,cpu,cuda:0,0,671.42724609375,47
5834,1,DDT900_num50.txt,fixed,1015,8,126.875,6.173279285430908,4.85948371887207,5.3895255405223e-06,-3.56,-0.238521654,0.2775000035762787,0.03526684641838074,0.23999999463558197,0.3400000035762787,-0.3248753,-0.319962159,0.0019435269835715492,0.5884899298350016,0.016198074522738654,0.07633112495144208,0.0003,289,111,99.46584327413063,4.879126310348511,5.325381755828857,10.204508066177368,425,0.17558169877156615,0,0,TRUE,pair,138,2.082021200330928,4.988177339901478,35,0,7.355072463768116,2.082021200330928,0.17708300100639462,2.5014652989339083,cpu,cuda:0,0,671.42724609375,47
5835,1,DDT900_num50.txt,fixed,1033,8,129.125,7.540515422821045,5.011319637298584,6.525007393065607e-06,-3.48,-0.224676683,0.2824999988079071,0.03072051890194416,0.23999999463558197,0.3400000035762787,-0.121936495,-0.117034813,0.0019252937701013354,0.5864328179094527,0.012930846883035783,0.03745439752108521,0.0003,287,113,71.86511640813681,5.029744863510132,9.34440565109253,14.374150514602661,429,0.17876160074956715,0,0,TRUE,pair,147,2.088034198852256,5.0735721193463155,40,0,7.0272108843537415,2.088034198852256,0.1957540987059474,2.6200209024827927,cpu,cuda:0,0,671.42919921875,47
5836,1,DDT900_num50.txt,fixed,992,8,124,4.949747562408447,5.65397310256958,5.674662588717183e-06,-3.88,-0.240885543,0.2574999928474426,0.029047373682260513,0.2199999988079071,0.3199999928474426,-0.16757431,-0.163294083,0.002407895983196795,0.5484183132648468,0.07311473577283323,0.02530756196938455,0.0003,297,103,92.22173691888025,5.671194791793823,5.085488319396973,10.756683111190796,434,0.1884992008563131,0,0,TRUE,pair,133,2.637063700472936,4.851814514686985,40,0,7.458646616541353,2.637063700472936,0.22335469676181674,2.6755767047870904,cpu,cuda:0,0,671.42724609375,47
5837,1,DDT900_num50.txt,fixed,1026,8,128.25,3.526684045791626,4.84869384765625,4.65984840047895e-06,-3.56,-0.24211241,0.2775000035762787,0.023318450897932053,0.23999999463558197,0.3199999928474426,-0.318912625,-0.313211368,0.002043386804871261,0.6722956498463949,0.013417164470107915,0.046764753836517535,0.0003,289,111,103.60418376056514,4.866993427276611,5.036081552505493,9.903074979782104,441,0.17472239979542792,0,0,TRUE,pair,134,2.060676101129502,4.933723196416338,40,0,7.656716417910448,2.060676101129502,0.181019896408543,2.5078108021989465,cpu,cuda:0,0,671.42919921875,47
5838,1,DDT900_num50.txt,fixed,1045,8,130.625,8.290619850158691,5.128688335418701,6.029209544067271e-06,-3.4,-0.232883635,0.2874999940395355,0.041155196726322174,0.23999999463558197,0.3799999952316284,0.05891963839530945,0.06368350237607956,0.0008843652904033661,0.5206039845943451,0.0345840796653647,0.06439393945038319,0.0003,285,115,152.22654620096617,5.144872426986694,1.7198960781097412,6.8647685050964355,440,0.2510367976501584,0,0,TRUE,pair,149,2.2728592013008893,5.107177032352064,48,0,7.0134228187919465,2.2728592013008893,0.1962320040911436,2.5576684011612087,cpu,cuda:0,0,360.7011719,48
5839,1,DDT900_num50.txt,fixed,1028,8,128.5,3.3541018962860107,6.210104942321777,4.5330889406614006e-06,-3.56,-0.244213244,0.2774999737739563,0.025372231379151344,0.23999999463558197,0.3199999928474426,-0.315257293,-0.311264947,0.002080709246608118,0.5032703181107839,0.011082287276318917,0.045238095335662365,0.0003,289,111,129.83894445764892,6.227872848510742,1.6896283626556396,7.917501211166382,440,0.2055523949675262,0,0,TRUE,pair,135,2.9398659996222705,5.166342411059814,45,0,7.614814814814815,2.9398659996222705,0.2725065974518657,2.8637528063263744,cpu,cuda:0,0,384.97607421875,47
5840,1,DDT900_num50.txt,fixed,1064,8,133,10.012492179870605,5.113393306732178,6.452736215578625e-06,-3.28,-0.233762097,0.29500001668930054,0.027838828042149544,0.25999999046325684,0.36000001430511475,-0.046632775,-0.040364056,0.0019852505647577345,0.7261345386505127,0.020049994192959275,0.06713922321796417,0.0003,282,118,119.39305023391356,5.133750915527344,3.7779905796051025,8.911741495132446,431,0.24862940120510757,0,0,TRUE,pair,152,2.151595401810482,5.120300750983389,60,0,7,2.151595401810482,0.1935292009729892,2.663903300650418,cpu,cuda:0,0,671.42919921875,47
5841,1,DDT900_num50.txt,fixed,1004,8,125.5,4.873397350311279,4.750993728637695,5.687170414603315e-06,-3.72,-0.230090856,0.26749998331069946,0.009682463482022285,0.25999999046325684,0.2800000011920929,-0.15059793,-0.14568162,0.0011053903920886417,0.5469021499156952,0.015422489494085312,0.08300150806705157,0.0003,293,107,150.65866246094657,4.773951053619385,1.8901197910308838,6.6640708446502686,417,0.1673473990522325,0,0,TRUE,pair,135,2.0291545998770744,5.231075697686093,50,0,7.437037037037037,2.0291545998770744,0.18209149688482285,2.4403333065565675,cpu,cuda:0,0,382.4072266,47
5842,1,DDT900_num50.txt,fixed,1020,8,127.5,6.652067184448242,6.005356788635254,6.143617156340042e-06,-3.48,-0.225441376,0.2824999988079071,0.018540505319833755,0.25999999046325684,0.30000001192092896,-0.181380143,-0.177110905,0.0017331413691863418,0.5135804116725922,0.024436129334693153,0.04047532565891743,0.0003,287,113,127.34587681122709,6.023681163787842,1.9860010147094727,8.009682178497314,420,0.190630596363917,0,0,TRUE,pair,142,2.8461427013389766,5.049999999766256,40,0,7.183098591549296,2.8461427013389766,0.24292890261858702,2.7936348060611635,cpu,cuda:0,0,357.5693359,47
5843,1,DDT900_num50.txt,fixed,1002,8,125.25,5.931905269622803,5.695042610168457,5.304478690959513e-06,-3.68,-0.225473519,0.26999998092651367,0.01732051372528076,0.23999999463558197,0.30000001192092896,-0.136277526,-0.131147043,0.0017974586096695727,0.6029215885533227,0.014193286821763549,0.07006689326630698,0.0003,292,108,71.00922947576724,5.71593976020813,8.394901990890503,14.110841751098633,417,0.1929757995530963,0,0,TRUE,pair,136,2.5862848991528153,4.935129739329248,60,0,7.367647058823529,2.5862848991528153,0.24665779597125947,2.7385579005349427,cpu,cuda:0,0,671.42724609375,48
5844,1,DDT900_num50.txt,fixed,1014,8,126.75,6.437196731567383,5.755422592163086,6.09018297836883e-06,-3.44,-0.21687451,0.2849999964237213,0.027838826179504395,0.23999999463558197,0.3400000035762787,-0.023204967,-0.017405867,0.0015360357189950133,0.6567121275833675,0.009599083469116263,0.07968412605779511,0.0003,286,114,81.81030723586592,5.773199796676636,6.621326446533203,12.394526243209839,438,0.18260289914906025,0,0,TRUE,pair,140,2.750282001681626,4.896449702496124,45,0,7.242857142857143,2.750282001681626,0.2636848019901663,2.6167141953483224,cpu,cuda:0,0,671.42724609375,48
5845,1,DDT900_num50.txt,fixed,1037,8,129.625,6.799586296081543,6.208241939544678,5.386888460634509e-06,-3.6,-0.231047779,0.2749999761581421,0.02397916093468666,0.23999999463558197,0.3199999928474426,-0.092674722,-0.087482778,0.0025550534233583938,0.6469470943723407,0.014220319804735482,0.09547394168164049,0.0003,290,110,82.29437038086772,6.226900577545166,6.374204397201538,12.601104974746704,430,0.1969955984968692,0,0,TRUE,pair,138,2.96522079850547,4.891996145018501,40,0,7.5144927536231885,2.96522079850547,0.27568530198186636,2.8360127042979,cpu,cuda:0,0,671.42919921875,48
5846,1,DDT900_num50.txt,fixed,1048,8,131,7.6157732009887695,4.960822105407715,5.798523943667533e-06,-3.64,-0.219801737,0.27250000834465027,0.022220492362976074,0.23999999463558197,0.30000001192092896,0.11771248281002045,0.12336086481809616,0.002771545473175744,0.7034159104029337,0.027029366717518617,0.038766572872797646,0.0003,291,109,125.78765448378387,4.979209661483765,3.3522915840148926,8.331501245498657,437,0.17038919986225665,0,0,TRUE,pair,148,2.1350683979690075,4.866412213285461,30,0,7.081081081081081,2.1350683979690075,0.179449099348858,2.545737001579255,cpu,cuda:0,0,671.42919921875,48
5847,1,DDT900_num50.txt,fixed,1037,8,129.625,10.487343788146973,5.000952243804932,6.379646492860047e-06,-3.44,-0.238678177,0.2849999666213989,0.03708099573850632,0.23999999463558197,0.3400000035762787,-0.066228584,-0.060592804,0.0021594598753533014,0.6715514014164606,0.016397760637725394,0.07185212150216103,0.0003,286,114,92.7756969829049,5.017811298370361,6.159684896469116,11.177496194839478,431,0.17790170200169086,0,0,TRUE,pair,151,2.1269470998086035,5.093539054046602,50,0,6.867549668874172,2.1269470998086035,0.19276159815490246,2.5758866004180163,cpu,cuda:0,0,671.42919921875,48
5848,1,DDT900_num50.txt,fixed,1017,8,127.125,5.688529968261719,4.89222526550293,5.274926934362156e-06,-3.8,-0.248360092,0.26249998807907104,0.029047377407550812,0.20000000298023224,0.30000001192092896,-0.147342239,-0.141484697,0.0018915151886176318,0.6803301334381103,0.009597637807019055,0.08484793715178966,0.0003,295,105,72.20482709176893,4.914777755737305,9.170153141021729,14.084930896759033,431,0.17197480029426515,0,0,TRUE,pair,137,2.021055599907413,5.574237954534495,35,0,7.423357664233577,2.021055599907413,0.18423190084286034,2.585144494427368,cpu,cuda:0,0,671.42724609375,48
5849,1,DDT900_num50.txt,fixed,1042,8,130.25,5.332682132720947,5.67839241027832,4.874479145655641e-06,-3.56,-0.240041511,0.2775000035762787,0.023318450897932053,0.23999999463558197,0.3199999928474426,0.008971872739493847,0.014609700068831444,0.0013736116525251418,0.632462851703167,0.023713021888397634,0.0893610242055729,0.0003,289,111,94.93637111316546,5.6958167552948,5.279955625534058,10.975772380828857,445,0.20182539825327694,0,0,TRUE,pair,139,2.4522163013461977,5.594049905174753,50,0,7.496402877697841,2.4522163013461977,0.22218769951723516,2.885852800216526,cpu,cuda:0,0,671.42919921875,48
5850,1,DDT900_num50.txt,fixed,1052,8,131.5,6.892024517059326,5.649127006530762,6.598640538868494e-06,-3.56,-0.240560069,0.2774999737739563,0.021065378561615944,0.25999999046325684,0.3199999928474426,-0.065894349,-0.059405349,0.0007557276112493128,0.6866860091686249,0.018501498503610492,0.06209016405045986,0.0003,289,111,171.0906617987109,5.669338703155518,0.4794480800628662,6.148786783218384,448,0.19277599989436567,0,0,TRUE,pair,146,2.520708701107651,5.182509503663719,50,0,7.205479452054795,2.520708701107651,0.24190489877946675,2.7632835968397558,cpu,cuda:0,0,111.72998046875,46
5851,1,DDT900_num50.txt,fixed,1044,8,130.5,6.224949836730957,5.035641670227051,5.854620667378185e-06,-3.12,-0.244308117,0.304999977350235,0.034278273582458496,0.25999999046325684,0.3799999952316284,-0.088931946,-0.082361469,0.0019372668000869453,0.7539115190505982,0.015580610930919647,0.10123519655317068,0.0003,278,122,75.0281103709883,5.056321859359741,8.858462810516357,13.914784669876099,436,0.17540169646963477,0,0,TRUE,pair,141,2.118226000573486,5.408045976554754,50,0,7.404255319148936,2.118226000573486,0.18618159648030996,2.6289797031786293,cpu,cuda:0,0,671.42919921875,48
5852,1,DDT900_num50.txt,fixed,1064,8,133,5.894913196563721,5.410866737365723,5.61170691071311e-06,-3.28,-0.231528704,0.29500001668930054,0.029580403119325638,0.25999999046325684,0.3400000035762787,-0.172549788,-0.16665189,0.0010708206391427666,0.6433298587799072,0.13287776848301291,0.09025974199175835,0.0003,282,118,180.00992496257808,5.428805828094482,0.4819793701171875,5.91078519821167,444,0.1826265009585768,0,0,TRUE,pair,145,2.449732901994139,5.562969922571254,70,0,7.337931034482758,2.449732901994139,0.20843580621294677,2.642035096650943,cpu,cuda:0,0,103.9726563,46
5853,1,DDT900_num50.txt,fixed,1026,8,128.25,1.4790199995040894,4.967702865600586,4.801041995960986e-06,-3.72,-0.239913237,0.26749998331069946,0.02633913978934288,0.2199999988079071,0.30000001192092896,-0.015069427,-0.009658874,0.0018065538606606424,0.6313830390572548,0.01408989424817264,0.024280321318656206,0.0003,293,107,108.59603435943683,4.988267660140991,4.4595911502838135,9.447858810424805,439,0.17463479796424508,0,0,TRUE,pair,131,2.1525184982456267,5.385964910421688,60,0,7.8320610687022905,2.1525184982456267,0.18965419847518206,2.522947700228542,cpu,cuda:0,0,671.42919921875,47
5854,1,DDT900_num50.txt,fixed,1026,8,128.25,5.695393085479736,5.365898609161377,6.3618012973165605e-06,-3.68,-0.239693177,0.26999998092651367,0.03162277489900589,0.2199999988079071,0.3199999928474426,-0.195734948,-0.189307472,0.0020995312370359898,0.7477235734462738,0.025910025369375943,0.08069602786563337,0.0003,292,108,88.49451738212052,5.385807514190674,6.2081310749053955,11.59393858909607,443,0.18834219872951508,0,0,TRUE,pair,139,2.371074899798259,5.341130608471281,45,0,7.381294964028777,2.371074899798259,0.20623209862969816,2.6811234951019287,cpu,cuda:0,0,671.42919921875,49
5855,1,DDT900_num50.txt,fixed,1004,8,125.5,4.663689613342285,5.504157543182373,5.553157279791776e-06,-3.64,-0.249197007,0.27250000834465027,0.013919418677687645,0.25999999046325684,0.30000001192092896,-0.340883404,-0.333656013,0.0006269295117817819,0.7540837526321411,0.038373906165361404,0.1627907007932663,0.0003,291,109,173.44065672073083,5.52565860748291,0.2630648612976074,5.788723468780518,420,0.18180890125222504,0,0,TRUE,pair,135,2.551179798087105,5.432270916809599,50,0,7.437037037037037,2.551179798087105,0.2299311936367303,2.6099715027958155,cpu,cuda:0,0,89.62402344,48
5856,1,DDT900_num50.txt,fixed,1034,8,129.25,7.066647052764893,6.118898868560791,6.41518772681593e-06,-3.48,-0.238202195,0.2824999988079071,0.021065378561615944,0.25999999046325684,0.3199999928474426,-0.115296669,-0.107773259,0.0012103635468520223,0.8128596425056458,0.01279040239751339,0.0927000381052494,0.0003,287,113,94.21890513065892,6.138838052749634,4.835604906082153,10.974442958831787,441,0.18844639952294528,0,0,TRUE,pair,141,2.940178400138393,5.230174081929648,55,0,7.333333333333333,2.940178400138393,0.24785780510865152,2.8054563039913774,cpu,cuda:0,0,671.42919921875,49
5857,1,DDT900_num50.txt,fixed,1064,8,133,5.123475551605225,6.323550224304199,4.6841819312248845e-06,-3.48,-0.242664487,0.2824999988079071,0.03665720298886299,0.2199999988079071,0.36000001430511475,-0.290009439,-0.28429383,0.001754006720148027,0.6592590808868408,0.037320200353860855,0.1666666716337204,0.0003,287,113,162.10272093478906,6.340577602386475,0.2231616973876953,6.56373929977417,440,0.2024660031311214,0,0,TRUE,pair,140,2.9259011019021273,5.658834587362476,50,0,7.6,2.9259011019021273,0.2730421000160277,2.9912676005624235,cpu,cuda:0,0,71.03125,48
5858,1,DDT900_num50.txt,fixed,1024,8,128,5.147815227508545,5.740522384643555,6.435093837353634e-06,-3.76,-0.247322532,0.26500001549720764,0.02397916465997696,0.23999999463558197,0.30000001192092896,-0.336812139,-0.331725851,0.0013178461037265758,0.574520101149877,0.016465172559643786,0.02651992750664552,0.0003,294,106,135.07121345096874,5.760693073272705,1.8204929828643799,7.581186056137085,431,0.1969126018229872,0,0,TRUE,pair,136,2.5844259997829795,5.528320313896984,60,0,7.529411764705882,2.5844259997829795,0.2439282003324479,2.791382097871974,cpu,cuda:0,0,351.2480469,49
5859,1,DDT900_num50.txt,fixed,1042,8,130.25,3.1523799896240234,6.0576019287109375,4.5767674237140454e-06,-3.68,-0.244259196,0.27000001072883606,0.02000000886619091,0.23999999463558197,0.30000001192092896,-0.118693065,-0.112360647,0.0012506394220205645,0.6957738714085685,0.009348208265792992,0.048131924846933946,0.0003,292,108,72.7812969093853,6.07457160949707,8.242293357849121,14.316864967346191,450,0.21438269643113017,0,0,TRUE,pair,135,2.6189741000998765,5.196737041171361,40,0,7.718518518518518,2.6189741000998765,0.2612755980808288,3.044677398633212,cpu,cuda:0,0,671.42919921875,48
5860,1,DDT900_num50.txt,fixed,1028,8,128.5,9.759610176086426,4.882232666015625,5.902966677240329e-06,-3.8,-0.264641358,0.26249998807907104,0.030720515176653862,0.2199999988079071,0.3199999928474426,-0.179399601,-0.172623922,0.0028045131022938425,0.8177939603726069,0.011214249482792284,0.05470593051157064,0.0003,295,105,69.45620146043538,4.904829978942871,9.895864248275757,14.800694227218628,434,0.17391049838624895,0,0,TRUE,pair,152,2.0580033001024276,5.546692604916569,80,0,6.7631578947368425,2.0580033001024276,0.18697289400734007,2.535674202721566,cpu,cuda:0,0,671.42919921875,49
5861,1,DDT900_num50.txt,fixed,1043,8,130.375,3.497767210006714,5.7938361167907715,5.4341658142220695e-06,-3.56,-0.266829341,0.2775000035762787,0.01561250351369381,0.25999999046325684,0.30000001192092896,-0.142030551,-0.135375533,0.0025786547557800077,0.79443434253335,0.012151588161941618,0.0923148721922189,0.0003,289,111,65.12180165443704,5.816803693771362,10.19933795928955,16.016141653060913,440,0.18489459855481982,0,0,TRUE,pair,135,2.702978801680729,5.131351869606903,55,0,7.725925925925926,2.702978801680729,0.24438580102287233,2.725299404002726,cpu,cuda:0,0,671.42919921875,50
5862,1,DDT900_num50.txt,fixed,1022,8,127.75,6.015604496002197,6.150271892547607,5.452440746012144e-06,-3.6,-0.278198953,0.2749999761581421,0.01658312976360321,0.23999999463558197,0.30000001192092896,-0.492048874,-0.487459186,0.0018037175759673119,0.5491549223661423,0.013563886750489473,0.042885202914476395,0.0003,290,110,127.04988290225984,6.174440383911133,1.8696441650390625,8.044084548950195,437,0.21041310159489512,0,0,TRUE,pair,138,2.8404482991900295,5.215264186700496,65,0,7.405797101449275,2.8404482991900295,0.28919049515388906,2.883783699478954,cpu,cuda:0,0,382.62939453125,49
5863,1,DDT900_num50.txt,fixed,1064,8,133,7.123903274536133,5.019001007080078,6.040982952981722e-06,-3.4,-0.248354582,0.2874999940395355,0.03455068916082382,0.2199999988079071,0.3400000035762787,0.11837587257226308,0.12622619047760963,0.0018489493910844128,0.8774795532226562,0.01302238084220638,0.027268073831995327,0.0003,285,115,125.1990018955725,5.036197185516357,3.462273120880127,8.498470306396484,416,0.16264700097963214,0,0,TRUE,pair,148,2.1579923999961466,5.3092105249713235,40,0,7.1891891891891895,2.1579923999961466,0.19247109862044454,2.5644946033135056,cpu,cuda:0,0,671.42919921875,48
5864,1,DDT900_num50.txt,fixed,1055,8,131.875,4.284784317016602,5.041785717010498,5.1051647460553795e-06,-3.84,-0.255548219,0.25999999046325684,0.02828427404165268,0.2199999988079071,0.30000001192092896,-0.125350769,-0.117881457,0.0016041841216584934,0.82714025250503,0.008766849928568783,0.03885785603363599,0.0003,296,104,48.93094258200047,5.058306694030762,16.502692222595215,21.560998916625977,436,0.17930860398337245,0,0,TRUE,pair,141,2.1626365003176033,5.470142179642808,45,0,7.4822695035460995,2.1626365003176033,0.19772230205126107,2.575614399276674,cpu,cuda:0,0,671.42919921875,50
5865,1,DDT900_num50.txt,fixed,1044,8,130.5,6.78233003616333,6.126809597015381,1.3440549992083106e-05,-3.6,-0.267174128,0.2749999761581421,0.013228763826191425,0.25999999046325684,0.30000001192092896,-0.461703517,-0.455446698,0.0029385959496721625,0.7726126313209534,0.0613360122370068,0.05769231170415878,0.0003,290,110,155.61544561489848,6.145756006240845,0.5630896091461182,6.708845615386963,439,0.20092789828777313,0,0,TRUE,pair,140,2.8762221983633935,5.3045977018345365,45,0,7.457142857142857,2.8762221983633935,0.2673534038476646,2.852865398861468,cpu,cuda:0,0,99.453125,50
5866,1,DDT900_num50.txt,fixed,1031,8,128.875,6.112231731414795,6.188867568969727,4.806958258996019e-06,-3.2,-0.267413443,0.29999998211860657,0.02828427590429783,0.25999999046325684,0.36000001430511475,-0.131919126,-0.126364574,0.0025084920149917402,0.680880015095075,0.012741055766430994,0.054681336196760334,0.0003,280,120,81.88235600646435,6.208202600479126,6.383032560348511,12.591235160827637,417,0.1969466006848961,0,0,TRUE,pair,137,2.934920000145212,5.427740061202174,40,0,7.525547445255475,2.934920000145212,0.30390630033798516,2.812025601277128,cpu,cuda:0,0,671.42919921875,50
5867,1,DDT900_num50.txt,fixed,1075,8,134.375,8.123076438903809,6.156169891357422,6.944900178496027e-06,-3.24,-0.27123521,0.29749998450279236,0.021065378561615944,0.25999999046325684,0.3400000035762787,0.026289261877536774,0.03193030133843422,0.0012300756061449647,0.6256077885627747,0.05383123829960823,0.01923076994717121,0.0003,281,119,164.53422441869918,6.174102306365967,0.35949277877807617,6.533595085144043,445,0.20221479889005423,0,0,TRUE,pair,146,2.9256254015490413,5.019534885938778,40,0,7.363013698630137,2.9256254015490413,0.2562540031503886,2.8444010969251394,cpu,cuda:0,0,99.51171875,49
5868,1,DDT900_num50.txt,fixed,1050,8,131.25,8.968695640563965,5.864238739013672,7.809800990798976e-06,-3.44,-0.277529172,0.2849999964237213,0.03968627750873566,0.23999999463558197,0.36000001430511475,-0.159886194,-0.15454733,0.0022722717121188693,0.6474998067407047,0.012455803931088132,0.08482814980122973,0.0003,286,114,50.56190634363857,5.884235620498657,14.882386445999146,20.766622066497803,425,0.17628059932030737,0,0,TRUE,pair,150,2.707118700025603,5.308571429706755,48,0,7,2.707118700025603,0.2516210018657148,2.782434396445751,cpu,cuda:0,0,671.42919921875,49
5869,1,DDT900_num50.txt,fixed,1079,8,134.875,5.925316333770752,5.209311008453369,5.309833795763552e-06,-3.48,-0.242011697,0.2824999988079071,0.018540505319833755,0.25999999046325684,0.30000001192092896,-0.134255111,-0.127700895,0.0007523302920162678,0.6930387616157532,0.03169883042573929,0.16393440961837769,0.0003,287,113,195.1664037655592,5.230331182479858,0.29828429222106934,5.528615474700928,440,0.17091389885172248,0,0,TRUE,pair,145,2.2959433004725724,5.48934198530655,45,0,7.441379310344828,2.2959433004725724,0.20494390139356256,2.601358206011355,cpu,cuda:0,0,111.81689453125,46
5870,1,DDT900_num50.txt,fixed,1045,8,130.625,5.956876277923584,4.990992546081543,4.992578396922909e-06,-3.12,-0.240602852,0.304999977350235,0.01322875078767538,0.2800000011920929,0.3199999928474426,-0.059268236,-0.053244159,0.001752237498294562,0.6900194883346558,0.013906484172912315,0.07050980068743229,0.0003,278,122,76.89969758553542,5.008493661880493,8.580636501312256,13.589130163192749,440,0.17798639670945704,0,0,TRUE,pair,144,2.100705799413845,5.32440191159408,60,0,7.256944444444445,2.100705799413845,0.18869620142504573,2.5985670995432884,cpu,cuda:0,0,671.42919921875,50
5871,1,DDT900_num50.txt,fixed,1061,8,132.625,8.410372734069824,6.759230613708496,7.331128927035024e-06,-3.48,-0.242373364,0.2824999988079071,0.021065382286906242,0.23999999463558197,0.30000001192092896,-0.051390843,-0.044119559,0.0011619252851232885,0.7852245092391967,0.011525605525821447,0.06628247164189816,0.0003,287,113,90.37191291012809,6.776882648468018,4.963490724563599,11.740373373031616,438,0.21064759930595756,0,0,TRUE,pair,149,3.1505310996435583,5.3298774749799005,50,0,7.120805369127517,3.1505310996435583,0.307213096646592,3.1505560025107116,cpu,cuda:0,0,671.42919921875,50
5872,1,DDT900_num50.txt,fixed,1053,8,131.625,4.3571062088012695,5.988173007965088,5.542911367228953e-06,-3.24,-0.239555329,0.29749998450279236,0.01854049228131771,0.2800000011920929,0.3199999928474426,0.28462111949920654,0.2936044931411743,0.0006119779427535832,0.9289369583129883,0.03001227416098118,0.125,0.0003,281,119,169.1731773883682,6.006901264190674,0.21748971939086914,6.224390983581543,424,0.17948830197565258,0,0,TRUE,pair,140,2.817765401909128,5.325735990591312,80,0,7.521428571428571,2.817765401909128,0.2487094011157751,2.792634505080059,cpu,cuda:0,0,82.98144531,49
5873,1,DDT900_num50.txt,fixed,1040,8,130,3.240370273590088,5.837971210479736,4.274945695215138e-06,-3.6,-0.249887127,0.2749999761581421,0.02397916093468666,0.23999999463558197,0.3199999928474426,-0.247120067,-0.23901511,0.0010973952012136579,0.8653653264045715,0.025565147516317666,0.12076649162918329,0.0003,290,110,164.69813269861598,5.855256080627441,0.45932674407958984,6.314582824707031,434,0.19952659960836172,0,0,TRUE,pair,134,2.743496199604124,5.149038461538462,45,0,7.7611940298507465,2.743496199604124,0.2477045024279505,2.7216926000546664,cpu,cuda:0,0,75.83251953,50
5874,1,DDT900_num50.txt,fixed,1028,8,128.5,2.8284270763397217,5.930210590362549,7.820711289241444e-06,-3.48,-0.250678545,0.2824999690055847,0.03230712190270424,0.23999999463558197,0.3400000035762787,0.023431736587857206,0.030415511534859736,0.001030176264369705,0.7498863923052946,0.017865652373681467,0.12903305422514677,0.0003,287,113,55.263608768296116,5.952263116836548,12.649489879608154,18.601752996444702,439,0.19511460000649095,0,0,TRUE,pair,132,2.745772000402212,5.183852140773595,44,0,7.787878787878788,2.745772000402212,0.2556605003774166,2.803706697653979,cpu,cuda:0,0,671.42919921875,50
5875,1,DDT900_num50.txt,fixed,1036,8,129.5,9.460443496704102,4.919641017913818,6.11579662290751e-06,-3.68,-0.255130663,0.26999998092651367,0.02828427404165268,0.23999999463558197,0.3199999928474426,-0.267083168,-0.265704721,0.0011112953070551157,0.1934083104133606,0.03487757220864296,0.004032257944345474,0.0003,292,108,167.9097811905449,4.937296152114868,1.2326838970184326,6.169980049133301,451,0.18545219884254038,0,0,TRUE,pair,154,2.0827880976721644,5.157335904574302,60,0,6.7272727272727275,2.0827880976721644,0.18775109900161624,2.547137095592916,cpu,cuda:0,0,341.4833984,50
5876,1,DDT900_num50.txt,fixed,1120,8,140,8.185352325439453,5.347878456115723,6.148241482151207e-06,-3.4,-0.257906746,0.2874999940395355,0.019843140617012978,0.23999999463558197,0.30000001192092896,0.077031160145998,0.08376599624752998,0.0016680039232596755,0.756882706284523,0.015472666756249965,0.05979529358446598,0.0003,285,115,105.09513141811924,5.364757776260376,5.292253494262695,10.657011270523071,447,0.1822417986113578,0,0,TRUE,pair,151,2.239218401024118,4.889285711944103,40,0,7.417218543046357,2.239218401024118,0.20157439867034554,2.7962610989343375,cpu,cuda:0,0,671.4296875,50
5877,1,DDT900_num50.txt,fixed,1061,8,132.625,7.825239658355713,5.9981770515441895,6.1459295466193e-06,-3.76,-0.261048739,0.26499998569488525,0.04330127686262131,0.2199999988079071,0.36000001430511475,-0.083850847,-0.076254724,0.001785595031833509,0.8488920535892248,0.012617868022061884,0.11163157876580954,0.0003,294,106,65.14502623071022,6.017023324966431,10.269715070724487,16.286738395690918,446,0.1892929021269083,0,0,TRUE,pair,152,2.9385405003558844,5.2488218652651515,55,0,6.980263157894737,2.9385405003558844,0.23704159981571138,2.7053404981270432,cpu,cuda:0,0,671.42919921875,50
5878,1,DDT900_num50.txt,fixed,1058,8,132.25,8.08934497833252,5.07228946685791,5.631929525407031e-06,-4.04,-0.275043208,0.2475000023841858,0.03455068916082382,0.18000000715255737,0.30000001192092896,-0.222812928,-0.214794946,0.0012642990720147889,0.8650128444035848,0.022599438205361366,0.16144769887129465,0.0003,301,99,156.16244185794855,5.09398341178894,1.6810131072998047,6.774996519088745,465,0.18957000318914652,0,0,TRUE,pair,142,2.1132275979034603,5.281663518096188,50,0,7.450704225352113,2.1132275979034603,0.19795880024321377,2.6549101932905614,cpu,cuda:0,0,308.7773438,49
5879,1,DDT900_num50.txt,fixed,1098,8,137.25,8.073877334594727,5.395113945007324,6.287654287007172e-06,-3.24,-0.254708232,0.29749998450279236,0.029047375544905663,0.23999999463558197,0.3400000035762787,0.02311555886020263,0.03141702346814176,0.0013677137152020198,0.8985322515169779,0.01693902040521304,0.10696098580956459,0.0003,281,119,96.25298224944032,5.4145448207855225,5.992893934249878,11.4074387550354,439,0.2734051034785807,0,0,TRUE,pair,151,2.266605401644483,5.235883422670903,48,0,7.271523178807947,2.266605401644483,0.20255260006524622,2.8139204988256097,cpu,cuda:0,0,671.4296875,50
5880,1,DDT900_num50.txt,fixed,1043,8,130.375,12.449272155761719,5.794849872589111,8.398968930123374e-06,-3.84,-0.277315704,0.25999999046325684,0.04472136124968529,0.18000000715255737,0.3199999928474426,0.0020147711038589478,0.009722679853439331,0.002662712320064505,0.9039271473884583,0.04499546422933539,0.14204332729180655,0.0003,296,104,89.66392718434761,5.81320333480835,5.819122314453125,11.632325649261475,444,0.18704250128939748,0,0,TRUE,pair,150,2.721988199977204,5.215723874356351,55,0,6.953333333333333,2.721988199977204,0.2428367978427559,2.707962203072384,cpu,cuda:0,0,671.42919921875,50
5881,1,DDT900_num50.txt,fixed,1056,8,132,4.527692794799805,6.098830699920654,4.699326382251456e-06,-3.48,-0.259281957,0.2824999988079071,0.029047377407550812,0.2199999988079071,0.3199999928474426,-0.084411773,-0.075741674,0.0014325614087283612,0.938637912273407,0.018216784670948984,0.1432438999414444,0.0003,287,113,83.9211154762963,6.116837739944458,6.466407775878906,12.583245515823364,451,0.20398400095291436,0,0,TRUE,pair,137,2.9008857025764883,5.232954545906096,45,0,7.708029197080292,2.9008857025764883,0.25906300265341997,2.812667498132214,cpu,cuda:0,0,671.42919921875,51
5882,1,DDT900_num50.txt,fixed,1027,8,128.375,4.4141106605529785,5.654070854187012,1.534330476715695e-05,-4.36,-0.289693146,0.22750000655651093,0.033071890473365784,0.1599999964237213,0.2800000011920929,0.09525280197461446,0.10522942741711934,0.003074074125227829,1.1513667503992717,0.023902947083115578,0.16832669079303741,0.0003,309,91,105.92878810886673,5.68010687828064,4.015085697174072,9.695192575454712,459,0.19965139823034406,0,0,TRUE,pair,137,2.7094116006046534,5.2405063291139244,45,0,7.4963503649635035,2.7094116006046534,0.23281159973703325,2.598616896662861,cpu,cuda:0,0,671.42919921875,51
5883,1,DDT900_num50.txt,fixed,1090,8,136.25,10.485108375549316,6.149743556976318,6.997900072747143e-06,-3.44,-0.281151413,0.2849999964237213,0.029580403119325638,0.25999999046325684,0.3400000035762787,0.03423192538321018,0.044644023291766644,0.0018767913279589266,1.1350493431091309,0.03655047109350562,0.09278151672333479,0.0003,286,114,107.03331479674577,6.167104005813599,4.016641139984131,10.18374514579773,435,0.20042449980974197,0,0,TRUE,pair,150,2.841918501770124,5.71743119266055,70,0,7.266666666666667,2.841918501770124,0.28005369985476136,2.8920457996428013,cpu,cuda:0,0,671.4296875,50
5884,1,DDT900_num50.txt,fixed,1087,8,135.875,11.794464111328125,5.197519779205322,8.539912414562423e-06,-3.72,-0.311334291,0.26749998331069946,0.037332963198423386,0.2199999988079071,0.3199999928474426,-0.034975717,-0.02575855,0.0022449083238219223,1.0339621901512146,0.029233189920584362,0.09051874528328578,0.0003,293,107,116.56192376518655,5.215178728103638,4.110336542129517,9.325515270233154,456,0.18106190161779523,0,0,TRUE,pair,157,2.232028100406751,5.551977921979846,85,0,6.923566878980892,2.232028100406751,0.2030621999874711,2.6529339058324695,cpu,cuda:0,0,671.42919921875,49
5885,1,DDT900_num50.txt,fixed,1115,8,139.375,11.863151550292969,6.195948123931885,0.00010254798689857125,-3.56,-0.323618143,0.2775000035762787,0.021065382286906242,0.23999999463558197,0.30000001192092896,0.07239553332328796,0.08121950924396515,0.0012604655930772424,0.9454205632209778,0.03841441124677658,0.2142857313156128,0.0003,289,111,169.00736587001256,6.2265238761901855,0.3708217144012451,6.597345590591431,453,0.18949290039017797,0,0,TRUE,pair,154,2.8503059011418372,5.359641253680926,45,0,7.240259740259741,2.8503059011418372,0.2465037025976926,2.975732801714912,cpu,cuda:0,0,106.6308594,50
5886,1,DDT900_num50.txt,fixed,1056,8,132,5.5677642822265625,6.167102336883545,5.280312052491354e-06,-3.36,-0.32077742,0.28999999165534973,0.022360682487487793,0.25999999046325684,0.3199999928474426,-0.164528391,-0.156598461,0.0026931493543088437,0.9276506304740906,0.02752371821552515,0.08537516891956329,0.0003,284,116,84.7580736299312,6.194957971572876,6.2640321254730225,12.458990097045898,435,0.1959897002670914,0,0,TRUE,pair,144,2.866477099712938,5.521780303481854,40,0,7.333333333333333,2.866477099712938,0.2746619984973222,2.8893622970208526,cpu,cuda:0,0,671.42919921875,51
5887,1,DDT900_num50.txt,fixed,1065,8,133.125,7.235977649688721,6.444720268249512,7.008046395640122e-06,-4,-0.319286081,0.25,0.02828427404165268,0.20000000298023224,0.30000001192092896,-0.187479459,-0.179812809,0.002606089886588355,0.8969697629412016,0.01489394852736344,0.10800707588593166,0.0003,300,100,80.11096546533109,6.463918447494507,6.83014178276062,13.294060230255127,453,0.20495059783570468,0,0,TRUE,pair,146,3.068671698914841,5.924882628212512,45,0,7.294520547945205,3.068671698914841,0.2844221997074783,2.9505292975809425,cpu,cuda:0,0,671.42919921875,51
5888,1,DDT900_num50.txt,fixed,1075,8,134.375,8.425222396850586,5.261600971221924,6.2831327340973075e-06,-3.76,-0.295444234,0.26499998569488525,0.02958040125668049,0.20000000298023224,0.30000001192092896,-0.2601192,-0.253275879,0.0012963846093043685,0.7491518259048462,0.03357209381647408,0.030834914185106754,0.0003,294,106,192.48788358335742,5.282207727432251,0.30255937576293945,5.58476710319519,444,0.24402900016866624,0,0,TRUE,pair,148,2.2390075996518135,5.833488372536593,45,0,7.263513513513513,2.2390075996518135,0.21067340578883886,2.6992371985688806,cpu,cuda:0,0,75.78222656,47
5889,1,DDT900_num50.txt,fixed,1083,8,135.375,8.380595207214355,5.068938255310059,6.50537685942254e-06,-3.4,-0.275869728,0.2874999940395355,0.03307189792394638,0.23999999463558197,0.36000001430511475,-0.121162225,-0.112845864,0.0007854923605918884,0.8709107935428619,0.11671122908592224,0.12486744672060013,0.0003,285,115,196.04083580562155,5.087904691696167,0.43645453453063965,5.524359226226807,452,0.17349439556710422,0,0,TRUE,pair,149,2.1753172005992383,5.518005537744594,45,0,7.268456375838926,2.1753172005992383,0.19953040243126452,2.589076004223898,cpu,cuda:0,0,94.43408203,48
5890,1,DDT900_num50.txt,fixed,1078,8,134.75,4.656983852386475,5.325294017791748,5.702142971131252e-06,-3.56,-0.286679218,0.2774999737739563,0.025372233241796494,0.2199999988079071,0.30000001192092896,-0.012113479,-0.007184513,0.0010075584092798333,0.543273871143659,0.029952251662810642,0.05473206316431364,0.0003,289,111,145.8518923818602,5.3453168869018555,2.0457425117492676,7.391059398651123,450,0.1885445995721966,0,0,TRUE,pair,142,2.2123511999379843,5.3812615953261425,40,0,7.591549295774648,2.2123511999379843,0.21098579629324377,2.7873697995673865,cpu,cuda:0,0,322.6865234,50
5891,1,DDT900_num50.txt,fixed,1053,8,131.625,6.927075386047363,6.032536506652832,1.9578650608309545e-05,-3.28,-0.277388479,0.29499998688697815,0.016583122313022614,0.2800000011920929,0.3199999928474426,0.12435815632343292,0.13044621646404267,0.0011518009123392403,0.6663962483406067,0.01595686296932399,0.09416930899024009,0.0003,282,118,90.05947482786273,6.071296691894531,5.620976686477661,11.692273378372192,440,0.21172679960727692,0,0,TRUE,pair,140,2.724228200269863,5.666666666666667,40,0,7.521428571428571,2.724228200269863,0.2615057041402906,2.917182000586763,cpu,cuda:0,0,671.42919921875,50
5892,1,DDT900_num50.txt,fixed,1082,8,135.25,5.494315147399902,5.903690338134766,4.851100584346568e-06,-3.28,-0.255130916,0.29499998688697815,0.02179449424147606,0.25999999046325684,0.3199999928474426,-0.06220482,-0.055338358,0.0015578437984610598,0.7645381490389506,0.0933068652326862,0.09055868784586589,0.0003,282,118,103.5733384650201,5.923694610595703,4.523009300231934,10.446703910827637,442,0.19433149974793196,0,0,TRUE,pair,147,2.610100298654288,5.490757853398702,55,0,7.360544217687075,2.610100298654288,0.23237679968588054,2.939516097540036,cpu,cuda:0,0,671.42919921875,51
5893,1,DDT900_num50.txt,fixed,1019,8,127.375,3.705991744995117,5.429998397827148,4.7832495511102024e-06,-3.64,-0.268623971,0.27250000834465027,0.022220492362976074,0.23999999463558197,0.30000001192092896,0.01816381886601448,0.02443667221814394,0.001784400490578264,0.7165055125951767,0.02468225290067494,0.05490718316286802,0.0003,291,109,100.77761242698125,5.452492952346802,4.65887975692749,10.111372709274292,434,0.17926039942540228,0,0,TRUE,pair,134,2.5396073004230857,5.982335620352283,60,0,7.604477611940299,2.5396073004230857,0.23484910186380148,2.5384402009658515,cpu,cuda:0,0,671.42724609375,49
5894,1,DDT900_num50.txt,fixed,1070,8,133.75,4.4087982177734375,5.070404529571533,5.2641398724517785e-06,-3.36,-0.264315033,0.2900000214576721,0.026457516476511955,0.23999999463558197,0.3400000035762787,-0.128003811,-0.120773771,0.0014657407475169749,0.796291247010231,0.013201319426298142,0.12437999285757542,0.0003,284,116,70.9417331298405,5.089600324630737,9.993200063705444,15.082800388336182,439,0.17883209697902203,0,0,TRUE,pair,140,2.1323807009030133,5.739252336671419,80,0,7.642857142857143,2.1323807009030133,0.19734249892644584,2.6342574995942414,cpu,cuda:0,0,671.42919921875,50
5895,1,DDT900_num50.txt,fixed,1090,8,136.25,6.199798583984375,6.427433490753174,1.5820289263501763e-05,-3.56,-0.270098142,0.2775000035762787,0.03799671307206154,0.2199999988079071,0.3400000035762787,-0.037530722,-0.030747494,0.0026646701153367758,0.8115565975507101,0.0431873577957352,0.08762598410248756,0.0003,289,111,97.26232482329286,6.457254886627197,4.749551057815552,11.206805944442749,441,0.20418869610875845,0,0,TRUE,pair,144,2.9956995006650686,5.580733941235674,45,0,7.569444444444445,2.9956995006650686,0.266464798245579,3.0250991946086287,cpu,cuda:0,0,671.4296875,50
5896,1,DDT900_num50.txt,fixed,1085,8,135.625,4.181432247161865,5.979008674621582,5.357790996640688e-06,-3.44,-0.267876597,0.2849999964237213,0.02958039939403534,0.23999999463558197,0.3199999928474426,-0.077259096,-0.070360473,0.0017795615596696735,0.7788408756256103,0.017994063813239335,0.1298720732331276,0.0003,286,114,97.47632437463817,6.000345945358276,5.13056206703186,11.130908012390137,449,0.20189509633928537,0,0,TRUE,pair,144,2.647531498922035,5.512442396093624,60,0,7.534722222222222,2.647531498922035,0.2593846011441201,2.9395215031690896,cpu,cuda:0,0,671.42919921875,50
5897,1,DDT900_num50.txt,fixed,1056,8,132,4.41588020324707,4.975717067718506,5.043553301220527e-06,-3.76,-0.28776007,0.26499998569488525,0.02397916465997696,0.23999999463558197,0.30000001192092896,-0.511250317,-0.50636059,0.0013023762730881572,0.5540910959243774,0.03591415658593178,0.1190476194024086,0.0003,294,106,202.80255210099978,5.00022029876709,0.20681476593017578,5.207035064697266,443,0.17437130026519299,0,0,TRUE,pair,139,2.0827327012084424,5.89015151492574,60,0,7.597122302158273,2.0827327012084424,0.19198129512369633,2.596487001515925,cpu,cuda:0,0,89.56591797,47
5898,1,DDT900_num50.txt,fixed,1067,8,133.375,7.983381271362305,5.39882755279541,6.529361598950345e-06,-3.64,-0.278325114,0.27250000834465027,0.029895653948187828,0.2199999988079071,0.3199999928474426,-0.374385819,-0.367298901,0.0015023946180008352,0.7838108539581299,0.023731553927063942,0.1711389422416687,0.0003,291,109,180.03168683452913,5.417568683624268,0.5091657638549805,5.926734447479248,440,0.2582819995004684,0,0,TRUE,pair,146,2.3197202002629638,5.729147141294828,50,0,7.308219178082192,2.3197202002629638,0.20451010181568563,2.7611778036225587,cpu,cuda:0,0,89.67773438,49
5899,1,DDT900_num50.txt,fixed,1063,8,132.875,5.555121421813965,6.005460739135742,5.746827355324058e-06,-3.64,-0.267511488,0.2724999785423279,0.029895653948187828,0.2199999988079071,0.3199999928474426,0.007461165077984333,0.015256011858582497,0.0018321206007385626,0.8710907250642776,0.018996027996763587,0.1563788391649723,0.0003,291,109,96.27316504633492,6.0236382484436035,5.017860174179077,11.04149842262268,452,0.1964826004114002,0,0,TRUE,pair,138,2.771207798505202,5.591721540336214,50,0,7.702898550724638,2.771207798505202,0.27977050142362714,2.8231625044718385,cpu,cuda:0,0,671.42919921875,50
5900,1,DDT900_num50.txt,fixed,1068,8,133.5,6.557438373565674,6.439176559448242,6.237733487068908e-06,-3.6,-0.263650151,0.2749999761581421,0.01658313348889351,0.25999999046325684,0.30000001192092896,-0.062881522,-0.055728588,0.0014859341754345223,0.7895902153104544,0.015231626253807917,0.103743807063438,0.0003,290,110,45.53955584443762,6.456826686859131,16.995312452316284,23.452139139175415,429,0.2686898005194962,0,0,TRUE,pair,144,2.990959900431335,5.952247191904189,70,0,7.416666666666667,2.990959900431335,0.28461199603043497,3.022977098589763,cpu,cuda:0,0,671.42919921875,51
5901,1,DDT900_num50.txt,fixed,1089,8,136.125,7.817248344421387,5.1872944831848145,7.190207725216169e-06,-3.48,-0.259903098,0.2824999988079071,0.033819373697042465,0.2199999988079071,0.3199999928474426,-0.088066887,-0.080511827,0.0013387005569206344,0.8224411507447561,0.018434169702231884,0.13764323708083895,0.0003,287,113,71.72060000328173,5.2103025913238525,9.97361946105957,15.183922052383423,453,0.24731669784523547,0,0,TRUE,pair,151,2.152937999693677,5.739210282913362,70,0,7.211920529801325,2.152937999693677,0.20134840137325227,2.7237071965355426,cpu,cuda:0,0,671.4296875,50
5902,1,DDT900_num50.txt,fixed,1032,8,129,4.153311729431152,5.879648208618164,5.542911367228953e-06,-3.92,-0.270393544,0.2549999952316284,0.031224988400936127,0.18000000715255737,0.30000001192092896,-0.02938139,-0.021644887,0.0016001366505709786,0.8536571164925894,0.03036704023058216,0.11318199491749208,0.0003,298,102,81.97922883851348,5.899029970169067,6.6895246505737305,12.588554620742798,454,0.20415840134955943,0,0,TRUE,pair,139,2.6523892988916487,5.8226744181426,45,0,7.424460431654676,2.6523892988916487,0.26529440097510815,2.837517904350534,cpu,cuda:0,0,671.42919921875,51
5903,1,DDT900_num50.txt,fixed,1058,8,132.25,5.695393085479736,6.2798357009887695,4.932441697746981e-06,-3.6,-0.273698652,0.2749999761581421,0.013228763826191425,0.25999999046325684,0.30000001192092896,0.059412563840548195,0.06802907586097717,0.0016514841699972749,0.9442239006360372,0.022945222406027217,0.04036009435852369,0.0003,290,110,96.41678440726052,6.300930976867676,4.672262191772461,10.973193168640137,460,0.21702500130049884,0,0,TRUE,pair,147,2.8772505011875182,5.818525518947378,65,0,7.197278911564626,2.8772505011875182,0.2943962989374995,2.9642080951016396,cpu,cuda:0,0,671.42919921875,51
5904,1,DDT900_num50.txt,fixed,1066,8,133.25,5.402545928955078,5.983894348144531,5.776425041403854e-06,-3.8,-0.294564604,0.26250001788139343,0.03072051890194416,0.2199999988079071,0.30000001192092896,0.0646483302116394,0.07298021763563156,0.0011345595121383667,0.8899168968200684,0.09624562412500381,0.09756097197532654,0.0003,295,105,171.62736792729135,6.000971555709839,0.2101590633392334,6.211130619049072,444,0.20018869847990572,0,0,TRUE,pair,144,2.7941211978904903,5.841463414634147,50,0,7.402777777777778,2.7941211978904903,0.2684447967913002,2.7923473003320396,cpu,cuda:0,0,86.51708984,48
5905,1,DDT900_num50.txt,fixed,1073,8,134.125,6.450532913208008,5.135732650756836,5.023791345593054e-06,-3.96,-0.299077549,0.2524999976158142,0.022220488637685776,0.2199999988079071,0.2800000011920929,-0.389876872,-0.384186804,0.001420860644429922,0.6400496959686279,0.0804191380739212,0.06772908568382263,0.0003,299,101,166.52570963153485,5.156866550445557,1.2865829467773438,6.4434494972229,457,0.18436979851685464,0,0,TRUE,pair,149,2.2230511009693146,5.61696178604261,45,0,7.201342281879195,2.2230511009693146,0.19658049778081477,2.6094025978818536,cpu,cuda:0,0,344.53955078125,52
5906,1,DDT900_num50.txt,fixed,1085,8,135.625,5.808130264282227,5.097940444946289,5.499154212884605e-06,-3.6,-0.288370819,0.2749999761581421,0.031224992126226425,0.23999999463558197,0.3199999928474426,0.03192965127527714,0.04029028955847025,0.0018068444624077529,0.9264060258865356,0.07048582297284156,0.09220708254724741,0.0003,290,110,115.79843343530072,5.115662336349487,4.2540671825408936,9.36972951889038,463,0.18463700008578598,0,0,TRUE,pair,142,2.135433001210913,5.516129027863252,45,0,7.640845070422535,2.135433001210913,0.20379599882289767,2.6505506003741175,cpu,cuda:0,0,671.42919921875,50
5907,1,DDT900_num50.txt,fixed,1093,8,136.625,7.415144920349121,6.210355758666992,2.1427185856737196e-05,-3.92,-0.300758686,0.2549999952316284,0.019364917650818825,0.2199999988079071,0.2800000011920929,-0.000897943,0.007508760628600915,0.0012904870285031695,0.9051949381828308,0.023430006345734,0.12120882049202919,0.0003,298,102,82.1566796386204,6.2317795753479,7.072068691253662,13.303848266601562,465,0.2049713011365384,0,0,TRUE,pair,151,2.855517699383199,5.666971632895509,40,0,7.23841059602649,2.855517699383199,0.24617449566721916,2.9816682976670563,cpu,cuda:0,0,671.4296875,51
5908,1,DDT900_num50.txt,fixed,1095,8,136.875,6.112231731414795,6.144435405731201,5.220767889113631e-06,-3.44,-0.283158994,0.2849999666213989,0.019364919513463974,0.25999999046325684,0.3199999928474426,-0.15897201,-0.150643431,0.0014286240475485101,0.9042892456054688,0.0218648468144238,0.07310924679040909,0.0003,286,114,137.5738608031116,6.162201642990112,1.797159194946289,7.959360837936401,450,0.20954749826341867,0,0,TRUE,pair,147,2.7802585996687412,5.742465751465053,60,0,7.448979591836735,2.7802585996687412,0.25663870060816407,2.9735278009902686,cpu,cuda:0,0,349.00732421875,50
5909,1,DDT900_num50.txt,fixed,1067,8,133.375,6.632071495056152,5.1281914710998535,5.491396223078482e-06,-3.6,-0.29775189,0.2749999761581421,0.03708099201321602,0.20000000298023224,0.3199999928474426,-0.080499658,-0.072809988,0.0024332700995728374,0.8906306147575378,0.02350802798755467,0.07914168909192085,0.0003,290,110,112.23308050818086,5.147005319595337,4.359995603561401,9.507000923156738,444,0.18048059870488942,0,0,TRUE,pair,146,2.1187708012294024,5.1415182748685515,40,0,7.308219178082192,2.1187708012294024,0.1999537937808782,2.7012736019678414,cpu,cuda:0,0,671.42919921875,52
5910,1,DDT900_num50.txt,fixed,1059,8,132.375,6.556247234344482,4.929534435272217,5.986632913845824e-06,-4,-0.286635007,0.25,0.033166252076625824,0.2199999988079071,0.30000001192092896,0.16875220835208893,0.17725330591201782,0.000898180907825008,0.8950181007385254,0.02472791774198413,0.045329672284424305,0.0003,300,100,188.37047699576055,4.94644832611084,0.6754517555236816,5.6219000816345215,459,0.18142180237919092,0,0,TRUE,pair,140,2.062380300136283,5.121813030035796,36,0,7.564285714285714,2.062380300136283,0.19316410296596587,2.5713782026432455,cpu,cuda:0,0,99.44873047,50
5911,1,DDT900_num50.txt,fixed,1039,8,129.875,4.075459957122803,5.479668617248535,4.889034244115464e-06,-3.88,-0.282132304,0.2574999928474426,0.03230712190270424,0.20000000298023224,0.30000001192092896,0.07186186251540978,0.08039336180081591,0.0015878802223596722,0.9325439731280009,0.0321942443260923,0.10284384402136008,0.0003,297,103,87.88551727806939,5.500348329544067,6.321849822998047,11.822198152542114,454,0.19373280345462263,0,0,TRUE,pair,137,2.490363399265334,5.279114533434474,40,0,7.583941605839416,2.490363399265334,0.22508950089104474,2.6519553028047085,cpu,cuda:0,0,671.42919921875,50
5912,1,DDT900_num50.txt,fixed,1066,8,133.25,10.304732322692871,6.0456461906433105,6.5271847233816516e-06,-3.92,-0.302344818,0.2549999952316284,0.03708099201321602,0.2199999988079071,0.3400000035762787,0.0612802017480135,0.06984480954706669,0.0016552873945329337,0.9392253220081329,0.018528965581208468,0.13418470583856107,0.0003,298,102,58.75059864501427,6.062473297119141,12.082022666931152,18.144495964050293,453,0.19861049787141383,0,0,TRUE,pair,155,2.757984501076862,5.091932458009773,35,0,6.877419354838709,2.757984501076862,0.2566983997821808,2.9023321031127125,cpu,cuda:0,0,671.42919921875,51
5913,1,DDT900_num50.txt,fixed,1041,8,130.125,8.63767147064209,5.945167064666748,7.196134902187623e-06,-4.28,-0.317882356,0.23250001668930054,0.0386490635573864,0.18000000715255737,0.30000001192092896,0.14612655341625214,0.15437071025371552,0.0011055576615035534,0.8796930909156799,0.058624230325222015,0.095238097012043,0.0003,307,93,166.21636840493372,5.963681697845459,0.2992393970489502,6.262921094894409,465,0.20727580203674734,0,0,TRUE,pair,146,2.849208398954943,4.9250720463385385,36,0,7.13013698630137,2.849208398954943,0.2471899010706693,2.725405098637566,cpu,cuda:0,0,89.54589844,50
5914,1,DDT900_num50.txt,fixed,1055,8,131.875,7.720710754394531,6.231000900268555,7.738510248600505e-06,-3.96,-0.316110268,0.2524999976158142,0.029895653948187828,0.20000000298023224,0.30000001192092896,0.1975584328174591,0.20474271476268768,0.0012095830170437694,0.7789074778556824,0.15093092620372772,0.06060606241226196,0.0003,299,101,163.1139171924383,6.248934507369995,0.21893787384033203,6.467872381210327,465,0.20721879927441478,0,0,TRUE,pair,141,2.8014604025520384,4.842654027306073,55,0,7.4822695035460995,2.8014604025520384,0.26058379490859807,2.9671228018123657,cpu,cuda:0,0,74.63623047,50
5915,1,DDT900_num50.txt,fixed,1057,8,132.125,8.55040168762207,4.981551647186279,5.669652182405116e-06,-4.48,-0.323503145,0.2200000137090683,0.028284268453717232,0.18000000715255737,0.2800000011920929,0.00883523906980242,0.017709916723626002,0.001457082257339997,0.9603218180792672,0.023984428628214767,0.09225116723350116,0.0003,312,88,101.5044155565366,5.002211809158325,5.411128282546997,10.413340091705322,458,0.18196380138397217,0,0,TRUE,pair,147,2.0826678993180394,4.9167455084050955,35,0,7.190476190476191,2.0826678993180394,0.19262619758956134,2.6002399986609817,cpu,cuda:0,0,671.42919921875,50
5916,1,DDT900_num50.txt,fixed,1049,8,131.125,8.373133659362793,4.910008907318115,6.54457926430041e-06,-4.44,-0.357491218,0.2224999964237213,0.04054318740963936,0.1599999964237213,0.2800000011920929,0.21950393915176392,0.2283241997162501,0.002542882187602421,1.0091699163119,0.12030516432908674,0.10063061739007632,0.0003,311,89,109.22474961525913,4.932894229888916,4.671156167984009,9.604050397872925,453,0.17968860175460577,0,0,TRUE,pair,143,2.096531600691378,4.954242132185072,40,0,7.335664335664336,2.096531600691378,0.20132750179618597,2.508198904339224,cpu,cuda:0,0,671.42919921875,50
5917,1,DDT900_num50.txt,fixed,1062,8,132.75,8.317902565002441,6.293018817901611,5.796072855446255e-06,-3.92,-0.374698393,0.2549999952316284,0.025980764999985695,0.2199999988079071,0.30000001192092896,-1.111326456,-1.108648539,0.009251248091459274,0.7303595542907715,0.09775125235319138,0.04471544548869133,0.0003,298,102,137.67003832791738,6.312966585159302,1.401130199432373,7.714096784591675,450,0.27213920280337334,0,0,TRUE,pair,149,2.8738891002722085,5.376647833152455,75,0,7.12751677852349,2.8738891002722085,0.2693897031713277,3.0123732986394316,cpu,cuda:0,0,339.6210938,50
5918,1,DDT900_num50.txt,fixed,1058,8,132.25,10.182705879211426,6.2192063331604,1.1029275810869876e-05,-3.84,-0.370473123,0.25999999046325684,0.034641019999980927,0.20000000298023224,0.30000001192092896,0.0006822720170021057,0.00964830070734024,0.00112182239536196,0.9526937305927277,0.1585117345675826,0.14303959161043167,0.0003,296,104,154.97182150908932,6.239336252212524,0.5877113342285156,6.82704758644104,454,0.20945539814420044,0,0,TRUE,pair,147,2.9864777012262493,4.775047256951071,33,0,7.197278911564626,2.9864777012262493,0.2615596957039088,2.841423101024702,cpu,cuda:0,0,108.44873046875,52
5919,1,DDT900_num50.txt,fixed,1013,8,126.625,3.3888604640960693,5.691038608551025,1.2543627235572785e-05,-4.16,-0.375938659,0.23999999463558197,0.029999999329447746,0.20000000298023224,0.2800000011920929,-0.125483941,-0.118893607,0.0036191473288151124,0.8399911820888519,0.020198774058371782,0.11249307915568352,0.0003,304,96,84.71946360722715,5.7261741161346436,6.230936527252197,11.95711064338684,447,0.2507989020086825,0,0,TRUE,pair,131,2.6753736999817193,4.988153998731743,55,0,7.732824427480916,2.6753736999817193,0.2742850964423269,2.6160863956902176,cpu,cuda:0,0,671.42724609375,51
5920,1,DDT900_num50.txt,fixed,1033,8,129.125,9.479418754577637,6.288127422332764,2.8141472284914926e-05,-4.04,-0.390138198,0.2475000023841858,0.033071890473365784,0.20000000298023224,0.30000001192092896,-0.444277165,-0.437446153,0.0039592722508435445,0.8810650110244751,0.10100696779166658,0.11702457691232364,0.0003,301,99,120.15987252512124,6.324059724807739,2.272820234298706,8.596879959106445,449,0.20841639838181436,0,0,TRUE,pair,150,2.9732667980715632,5.074540175172967,40,0,6.886666666666667,2.9732667980715632,0.2825797002296895,2.896688597043976,cpu,cuda:0,0,354.43896484375,51
5921,1,DDT900_num50.txt,fixed,1098,8,137.25,10.219467163085938,5.423075199127197,7.5545212894212455e-06,-3.88,-0.375528664,0.2574999928474426,0.047368235886096954,0.18000000715255737,0.3199999928474426,-0.155310631,-0.148511104,0.0036279676714912057,0.8613503277301788,0.02651971986051649,0.06560021638870239,0.0003,297,103,105.43122556462825,5.442975997924805,4.971395969390869,10.414371967315674,463,0.19125320296734571,0,0,TRUE,pair,152,2.298389398958534,4.9672131134512645,35,0,7.223684210526316,2.298389398958534,0.21321839769370854,2.798859602306038,cpu,cuda:0,0,671.4296875,50
5922,1,DDT900_num50.txt,fixed,1034,8,129.25,7.806247711181641,4.799934387207031,6.155171831778716e-06,-4.12,-0.382818916,0.24250000715255737,0.041758228093385696,0.18000000715255737,0.3199999928474426,0.23112188279628754,0.23985798160235086,0.0021698782996584973,0.982103149096171,0.021799353106568258,0.059939839566747345,0.0003,303,97,122.3870297656659,4.819779396057129,3.628828287124634,8.448607683181763,445,0.17762800073251128,0,0,TRUE,pair,145,2.021815499989316,5.080270796726013,35,0,7.13103448275862,2.021815499989316,0.18095939722843468,2.4968381985090673,cpu,cuda:0,0,671.42919921875,50
5923,1,DDT900_num50.txt,fixed,967,8,120.875,7.507287979125977,5.610306262969971,6.942853815417038e-06,-4.56,-0.408377105,0.21500001847743988,0.03278718888759613,0.1599999964237213,0.25999999046325684,-0.218905588,-0.211327627,0.004301892962151517,0.9728903472423553,0.024262162604524445,0.07873247377574444,0.0003,314,86,83.21499879513536,5.630403518676758,5.990097761154175,11.620501279830933,432,0.20453659817576408,0,0,TRUE,pair,130,2.58793040108867,5.291623579802409,35,0,7.438461538461539,2.58793040108867,0.25670740148052573,2.645537899574265,cpu,cuda:0,0,671.42724609375,51
5924,1,DDT900_num50.txt,fixed,1077,8,134.625,9.745992660522461,6.0857977867126465,6.253660558286356e-06,-3.84,-0.366132437,0.25999999046325684,0.037416573613882065,0.20000000298023224,0.3199999928474426,-0.198583807,-0.190869061,0.0020653186802519485,0.8747417852282524,0.019190634484402835,0.10450284602120519,0.0003,296,104,83.09148775240523,6.102889537811279,6.858726978302002,12.961616516113281,450,0.20792070077732205,0,0,TRUE,pair,146,2.6528797005303204,4.974001857674332,44,0,7.376712328767123,2.6528797005303204,0.23385520069859922,3.0712740998715162,cpu,cuda:0,0,671.42919921875,51
5925,1,DDT900_num50.txt,fixed,1082,8,135.25,8.46684741973877,5.907393455505371,7.146594271034701e-06,-3.44,-0.313775106,0.2849999964237213,0.01658313348889351,0.25999999046325684,0.30000001192092896,0.022391138970851897,0.0303810678422451,0.0018795745563693345,0.8929717421531678,0.05296003147959709,0.08955502510070801,0.0003,286,114,107.42095741634698,5.924499988555908,4.148022413253784,10.072522401809692,450,0.21191840525716543,0,0,TRUE,pair,147,2.57114270189777,5.087800366821218,40,0,7.360544217687075,2.57114270189777,0.2350323952268809,2.9757128972560167,cpu,cuda:0,0,671.42919921875,50
5926,1,DDT900_num50.txt,fixed,1072,8,134,8.8034086227417,5.044288158416748,1.784877895261161e-05,-3.68,-0.320508395,0.26999998092651367,0.030000001192092896,0.2199999988079071,0.3199999928474426,-0.061499878,-0.053556552,0.0019255190854892135,0.8906086938721793,0.01678933116740414,0.09402078177247729,0.0003,292,108,84.15810537448395,5.0657525062561035,7.672176837921143,12.737929344177246,442,0.1855220024008304,0,0,TRUE,pair,150,2.1168957997579128,4.968283579420688,45,0,7.1466666666666665,2.1168957997579128,0.19417840195819736,2.627293098717928,cpu,cuda:0,0,671.42919921875,50
5927,1,DDT900_num50.txt,fixed,1091,8,136.375,7.983381271362305,6.415616035461426,6.35285960015608e-06,-3.64,-0.282506057,0.27250000834465027,0.022220496088266373,0.23999999463558197,0.30000001192092896,0.23066749423742294,0.23926261812448502,0.0009021393489092588,0.9046193063259125,0.11230543721467257,0.11815662309527397,0.0003,291,109,155.7313065693361,6.434295892715454,0.5713603496551514,7.0056562423706055,451,0.2183820973150432,0,0,TRUE,pair,150,2.807281899964437,5.151237397757722,70,0,7.273333333333333,2.807281899964437,0.2908108977135271,3.17221540492028,cpu,cuda:0,0,81.80566406,51
5928,1,DDT900_num50.txt,fixed,1078,8,134.75,8.671072959899902,5.805172443389893,8.630818774690852e-05,-3.68,-0.279926901,0.27000001072883606,0.033166252076625824,0.23999999463558197,0.3400000035762787,0.03187199588865042,0.03995410283096135,0.0021385156869655475,0.9151360541582108,0.01561767962994054,0.07887420244514942,0.0003,292,108,66.98686587936582,5.843106031417847,10.249600887298584,16.09270691871643,465,0.19170679827220738,0,0,TRUE,pair,147,2.722215097397566,5.0287569524627,35,0,7.333333333333333,2.722215097397566,0.24057859927415848,2.7235471007879823,cpu,cuda:0,0,671.42919921875,51
5929,1,DDT900_num50.txt,fixed,1040,8,130,6.324555397033691,5.8464460372924805,4.938200618198607e-06,-3.56,-0.272307217,0.2774999737739563,0.01854049786925316,0.25999999046325684,0.3199999928474426,-0.034606266,-0.02701789,0.0019902227342956597,0.8583487901422713,0.010420751680309573,0.09674275976916154,0.0003,289,111,46.000050259608386,5.865063667297363,16.74360728263855,22.608670949935913,445,0.1987164996098727,0,0,TRUE,pair,137,2.6482411986216903,5.057692307921556,50,0,7.591240875912408,2.6482411986216903,0.23977839923463762,2.8356904017273337,cpu,cuda:0,0,671.42919921875,50
5930,1,DDT900_num50.txt,fixed,1059,8,132.375,4.68874979019165,4.9161376953125,5.020961907575838e-06,-3.56,-0.265031823,0.2774999737739563,0.033819373697042465,0.2199999988079071,0.3199999928474426,0.012127318978309631,0.019321472197771073,0.0013465066440403461,0.7867404997348786,0.020567619893699884,0.10632903203368187,0.0003,289,111,111.16002436638917,4.934049367904663,4.592756748199463,9.526806116104126,426,0.16889450163580477,0,0,TRUE,pair,138,2.07181829912588,4.909348441926346,48,0,7.673913043478261,2.07181829912588,0.18820420559495687,2.5540275992825627,cpu,cuda:0,0,671.42919921875,51
5931,1,DDT900_num50.txt,fixed,1065,8,133.125,6.173279285430908,6.306680679321289,4.093133975402452e-05,-3.64,-0.249121374,0.27250000834465027,0.02633913792669773,0.23999999463558197,0.3199999928474426,0.28336670994758606,0.2869577407836914,0.001054770895279944,0.41184043884277344,0.13980896770954132,0.06772908568382263,0.0003,291,109,132.81948033659756,6.333269834518433,1.6851322650909424,8.018402099609375,466,0.29825450433418155,0,0,TRUE,pair,148,2.8441135990433395,4.855399059465793,30,0,7.195945945945946,2.8441135990433395,0.2787240003235638,3.0514565992634743,cpu,cuda:0,0,344.53955078125,51
5932,1,DDT900_num50.txt,fixed,1031,8,128.875,7.061117172241211,5.033121585845947,6.265012416406535e-06,-3.64,-0.244021234,0.27250000834465027,0.03992180526256561,0.2199999988079071,0.36000001430511475,-0.042540497,-0.035399884,0.0021017469582147895,0.819148576259613,0.030319469654932617,0.05423723123967648,0.0003,291,109,105.26935018917592,5.062206029891968,4.731717824935913,9.79392385482788,447,0.16330719948746264,0,0,TRUE,pair,141,2.221254001604393,5.2153249249425935,45,0,7.3120567375886525,2.221254001604393,0.2104404957499355,2.496582802152261,cpu,cuda:0,0,671.42919921875,50
5933,1,DDT900_num50.txt,fixed,1047,8,130.875,7.865073204040527,5.0315117835998535,6.040982952981722e-06,-3.64,-0.249500265,0.2724999785423279,0.02989565208554268,0.23999999463558197,0.3199999928474426,-0.023945801,-0.015664515,0.001689466362586245,0.912601774930954,0.013024853961542248,0.08568037115037441,0.0003,291,109,69.05958474764823,5.050776481628418,10.110044479370117,15.160820960998535,450,0.17564700008369982,0,0,TRUE,pair,145,2.0727736002299935,5.000955111203927,40,0,7.220689655172414,2.0727736002299935,0.18763809651136398,2.668550004484132,cpu,cuda:0,0,671.42919921875,51
5934,1,DDT900_num50.txt,fixed,1083,8,135.375,7.515608787536621,6.256789684295654,5.87642534810584e-06,-3.56,-0.255210965,0.2775000035762787,0.018540505319833755,0.25999999046325684,0.30000001192092896,-0.090746942,-0.082739663,0.0016826519692715789,0.8848604134150914,0.013760152938110488,0.11298190429806709,0.0003,289,111,84.46952811176367,6.279177188873291,6.5420143604278564,12.821191549301147,468,0.21058820001780987,0,0,TRUE,pair,146,2.8246976998634636,5.1911357342921685,45,0,7.417808219178082,2.8246976998634636,0.27227400126866996,3.021797001361847,cpu,cuda:0,0,671.42919921875,50
5935,1,DDT900_num50.txt,fixed,1035,8,129.375,7.244609832763672,4.85614538192749,5.771502856077859e-06,-3.8,-0.267362729,0.26249998807907104,0.033819373697042465,0.2199999988079071,0.3199999928474426,0.2015986144542694,0.21235069632530212,0.0013612585607916117,1.143270492553711,0.11434005200862885,0.07692307978868484,0.0003,295,105,204.37305615472206,4.876577138900757,0.18718862533569336,5.064268350601196,448,0.17957100085914135,0,0,TRUE,pair,137,2.0356442001648247,5.164251205195551,35,0,7.554744525547445,2.0356442001648247,0.19548620120622218,2.522079096408561,cpu,cuda:0,0,81.85302734,47
5936,1,DDT900_num50.txt,fixed,1029,8,128.625,5.808130264282227,4.823245525360107,5.371036877477309e-06,-3.88,-0.271828262,0.2574999928474426,0.015612496994435787,0.23999999463558197,0.2800000011920929,-0.390451431,-0.383539766,0.0008359018247574568,0.7329625487327576,0.032503627240657806,0.05263157933950424,0.0003,297,103,204.08606406738227,4.843032598495483,0.1989579200744629,5.041990518569946,444,0.25060880137607455,0,0,TRUE,pair,136,1.9808520006481558,5.082604469201076,40,0,7.5661764705882355,1.9808520006481558,0.1871344952378422,2.5545662969816476,cpu,cuda:0,0,80.53515625,48
5937,1,DDT900_num50.txt,fixed,1047,8,130.875,11.218706130981445,5.835809707641602,7.590178029204253e-06,-3.76,-0.268890084,0.26499998569488525,0.03708099201321602,0.20000000298023224,0.3199999928474426,-0.110442527,-0.101830767,0.0017833789461292326,0.950344497958819,0.01143059647680881,0.06256203353404999,0.0003,294,106,56.21367563971042,5.853598117828369,12.77176284790039,18.62536096572876,442,0.19317939993925393,0,0,TRUE,pair,149,2.626307901693508,5.086914995224451,45,0,7.026845637583893,2.626307901693508,0.26548249972984195,2.813032500911504,cpu,cuda:0,0,671.42919921875,51
5938,1,DDT900_num50.txt,fixed,1057,8,132.125,8.176757813,6.208713531494141,5.888504347240087e-06,-3.68,-0.277275262,0.27000001072883606,0.02449490688741207,0.23999999463558197,0.30000001192092896,-0.301054518,-0.291869457,0.001240058831172064,0.9805070757865906,0.017281957319937646,0.08492063544690609,0.0003,292,108,152.30541146048083,6.228367567062378,0.7116353511810303,6.940002918243408,439,0.2031775985378772,0,0,TRUE,pair,145,2.8841709999833256,5.093661307386328,35,0,7.289655172413793,2.8841709999833256,0.27091539883986115,2.9220560006797314,cpu,cuda:0,0,102.67041015625,51
5939,1,DDT900_num50.txt,fixed,1036,8,129.5,4.9749369621276855,5.806678295135498,5.152269295649603e-06,-3.68,-0.273790959,0.27000001072883606,0.026457514613866806,0.23999999463558197,0.3199999928474426,-0.262474456,-0.25448359,0.0015674258000217378,0.8774576187133789,0.016359989112243057,0.08931344971060753,0.0003,292,108,93.0263239962524,5.825819492340088,5.3108131885528564,11.136632680892944,431,0.19721800042316318,0,0,TRUE,pair,140,2.6676278985105455,5.351351349970549,40,0,7.4,2.6676278985105455,0.25350639526732266,2.7611970987636596,cpu,cuda:0,0,671.42919921875,51
5940,1,DDT900_num50.txt,fixed,1052,8,131.5,6.224949836730957,5.699085712432861,4.7015029849717394e-05,-3.6,-0.256592568,0.2749999761581421,0.029580403119325638,0.23999999463558197,0.3400000035762787,-0.053083871,-0.045525289,0.0017917689466331569,0.8454470038414001,0.010872244731419616,0.06247980075163974,0.0003,290,110,69.24508813338021,5.723717451095581,9.468695878982544,15.192413330078125,437,0.18901639757677913,0,0,TRUE,pair,142,2.6184266982600093,5.132129275753471,40,0,7.408450704225352,2.6184266982600093,0.26620350149460137,2.688994999974966,cpu,cuda:0,0,671.42919921875,50
5941,1,DDT900_num50.txt,fixed,1069,8,133.625,8.52844524383545,5.030813217163086,5.6091739679686725e-06,-4.08,-0.271110819,0.24500000476837158,0.016583120450377464,0.2199999988079071,0.25999999046325684,-0.076485796,-0.067537795,0.0015638595796190202,0.9729939937591553,0.034952697437256576,0.054924522340297696,0.0003,302,98,115.70655926355099,5.04874587059021,4.190142631530762,9.238888502120972,448,0.18059200001880527,0,0,TRUE,pair,146,2.073806299827993,5.207670719407227,40,0,7.321917808219178,2.073806299827993,0.2004688992165029,2.64643100136891,cpu,cuda:0,0,671.42919921875,50
5942,1,DDT900_num50.txt,fixed,1043,8,130.375,9.164299011230469,5.500266075134277,6.624433353863424e-06,-3.84,-0.270631749,0.25999999046325684,0.02828427404165268,0.2199999988079071,0.30000001192092896,-0.393415272,-0.386927043,0.0010876782568326842,0.7032069265842438,0.05716385459527373,0.09787080436944962,0.0003,296,104,140.04427447026646,5.521791696548462,1.9258530139923096,7.4476447105407715,449,0.19543169834651053,0,0,TRUE,pair,150,2.428651900496334,5.308724832443354,36,0,6.953333333333333,2.428651900496334,0.22925050253979862,2.7239287968259305,cpu,cuda:0,0,323.81884765625,50
5943,1,DDT900_num50.txt,fixed,1085,8,135.625,6.725650310516357,6.306501388549805,1.086571592168184e-05,-3.6,-0.266481699,0.2750000059604645,0.04213074967265129,0.20000000298023224,0.3400000035762787,0.06471344331900279,0.07319073875745137,0.0027510592869172492,0.9852816065152487,0.01566491834819317,0.03844713171323141,0.0003,290,110,98.10292432444807,6.334736585617065,4.72507643699646,11.059813022613525,453,0.21234220056794584,0,0,TRUE,pair,144,2.926786098163575,5.107834099404823,55,0,7.534722222222222,2.926786098163575,0.27950750617310405,2.961462102131918,cpu,cuda:0,0,671.42919921875,51
5944,1,DDT900_num50.txt,fixed,1091,8,136.375,4.525966644287109,5.928060531616211,5.304478690959513e-06,-3.36,-0.260763253,0.28999999165534973,0.026457516476511955,0.25999999046325684,0.3400000035762787,-0.147466572,-0.139996013,0.0023065466394958396,0.8623826483885447,0.0108678479368488,0.0886876679956913,0.0003,284,116,44.32030305884271,5.950252532958984,18.66600513458252,24.616257667541504,446,0.19315319950692356,0,0,TRUE,pair,145,2.6652717981487513,5.053162240413872,35,0,7.524137931034483,2.6652717981487513,0.2696832995861769,2.864147706422955,cpu,cuda:0,0,671.4296875,51
5945,1,DDT900_num50.txt,fixed,1042,8,130.25,8.058381080627441,5.927260398864746,5.84003873882466e-06,-3.68,-0.242454834,0.26999998092651367,0.01732051372528076,0.23999999463558197,0.30000001192092896,-0.142940289,-0.135077813,0.0017632468273707975,0.8744100977977117,0.01382320913641403,0.06028032209724188,0.0003,292,108,65.11779723452223,5.945978403091431,10.05579137802124,16.00176978111267,444,0.19080769829452038,0,0,TRUE,pair,143,2.8250907014589757,4.953934740196492,65,0,7.286713286713287,2.8250907014589757,0.2511207996867597,2.7278730992693454,cpu,cuda:0,0,671.42919921875,50
5946,1,DDT900_num50.txt,fixed,1025,8,128.125,8.55040168762207,4.912278652191162,6.7392797973298e-06,-3.84,-0.253128152,0.25999999046325684,0.036055512726306915,0.2199999988079071,0.3400000035762787,-0.208215821,-0.199897069,0.0018200022750534117,0.9228765845298768,0.07514879531227052,0.06512877084314823,0.0003,296,104,68.73894456221437,4.931334733963013,9.980154037475586,14.911488771438599,447,0.24700269708409905,0,0,TRUE,pair,142,2.0185685015749186,5.070243903136835,40,0,7.21830985915493,2.0185685015749186,0.18351739831268787,2.6079069073311985,cpu,cuda:0,0,671.42919921875,51
5947,1,DDT900_num50.txt,fixed,1057,8,132.125,5.7104620933532715,31.42120361328125,6.069146365916822e-06,-3.56,-0.268975413,0.2775000035762787,0.025372233241796494,0.23999999463558197,0.3199999928474426,-0.342919439,-0.335284144,0.0009854771196842194,0.8128054141998291,0.11005114763975143,0.09615384787321091,0.0003,289,111,33.31141761338111,31.45273447036743,0.27812767028808594,31.730862140655518,440,1.2092231991700828,0,0,TRUE,pair,143,10.467922399984673,5.140018923054806,50,0,7.391608391608392,10.467922399984673,1.668536800891161,18.21111239795573,cpu,cuda:0,0,99.51025391,46
5948,1,DDT900_num50.txt,fixed,1033,8,129.125,7.043392181396484,11.88525391,6.397441666194936e-06,-3.72,-0.273228752,0.26749998331069946,0.026339136064052582,0.23999999463558197,0.3199999928474426,-0.665072799,-0.658153951,0.0015325522981584072,0.7685151696205139,0.1665821522474289,0.0784313753247261,0.0003,293,107,83.76654441131005,11.904448986053467,0.427443265914917,12.331892251968384,452,0.42222190322354436,0,0,TRUE,pair,141,5.403726896736771,5.289448206791689,50,0,7.326241134751773,5.403726896736771,0.4197409984190017,5.846254101488739,cpu,cuda:0,0,99.06884766,47
5949,1,DDT900_num50.txt,fixed,1013,8,126.625,3.966657876968384,5.4636311531066895,9.028480235429015e-06,-3.8,-0.278015074,0.26249998807907104,0.029047375544905663,0.2199999988079071,0.3199999928474426,-0.22071743,-0.212401867,0.0013007835950702429,0.8965952396392822,0.023081614868715405,0.051914893090724945,0.0003,295,105,168.88113388684098,5.486772537231445,0.5115292072296143,5.99830174446106,442,0.2075293017551303,0,0,TRUE,pair,134,2.3472720994614065,5.398815399567208,40,0,7.559701492537314,2.3472720994614065,0.22404179675504565,2.770417300518602,cpu,cuda:0,0,94.59472656,48
5950,1,DDT900_num50.txt,fixed,1033,8,129.125,7.655675888061523,5.979483604431152,6.298944754234981e-06,-3.8,-0.281442474,0.26250001788139343,0.03072051890194416,0.2199999988079071,0.30000001192092896,-0.078360267,-0.069609456,0.0017077652591979131,0.9604697823524475,0.01646269831690006,0.05008577182888985,0.0003,295,105,93.06549860557996,6.00395941734314,5.095750093460083,11.099709510803223,452,0.31527839903719723,0,0,TRUE,pair,142,2.665051998803392,5.522749272112925,50,0,7.274647887323944,2.665051998803392,0.23458790010772645,2.9524927001912147,cpu,cuda:0,0,671.42919921875,49
5951,1,DDT900_num50.txt,fixed,1047,8,130.875,7.061117172241211,5.906801700592041,5.793620402982924e-06,-3.4,-0.274522573,0.2874999940395355,0.03596873953938484,0.23999999463558197,0.3400000035762787,-0.201847024,-0.194388563,0.00194707256014226,0.8432003725320101,0.015762442133564036,0.07350636809132993,0.0003,285,115,45.778930000941656,5.924723863601685,16.946059703826904,22.87078356742859,432,0.20356720127165318,0,0,TRUE,pair,145,2.633041000459343,5.351480422525488,40,0,7.220689655172414,2.633041000459343,0.24124309793114662,2.9064836010802537,cpu,cuda:0,0,671.42919921875,49
5952,1,DDT900_num50.txt,fixed,1042,8,130.25,7.741931438446045,4.929874420166016,5.825420430483064e-06,-3.6,-0.259599292,0.2749999761581421,0.03278719261288643,0.23999999463558197,0.3199999928474426,-0.150241689,-0.143663755,0.001723725942429155,0.7439797490835189,0.013001555879600345,0.10299801751971245,0.0003,290,110,87.38208457886215,4.947080373764038,6.977560758590698,11.924641132354736,436,0.1767789013683796,0,0,TRUE,pair,144,1.9918146985583007,5.058541265192965,35,0,7.236111111111111,1.9918146985583007,0.19477819744497538,2.63857940165326,cpu,cuda:0,0,671.42919921875,49
5953,1,DDT900_num50.txt,fixed,1036,8,129.5,5.4543561935424805,5.469138145446777,6.127404049038887e-06,-3.72,-0.262357231,0.26749998331069946,0.017139142379164696,0.23999999463558197,0.30000001192092896,-0.043382197,-0.035978855,0.0018669492481941624,0.8336820006370544,0.01404311421460339,0.0780634278697627,0.0003,293,107,97.15569265577419,5.489970922470093,5.173326015472412,10.663296937942505,443,0.19063529884442687,0,0,TRUE,pair,141,2.4700183011591434,5.326254823493221,50,0,7.347517730496454,2.4700183011591434,0.2178454026579857,2.6682157022878528,cpu,cuda:0,0,671.42919921875,49
5954,1,DDT900_num50.txt,fixed,1025,8,128.125,6.936092376708984,4.8716511726379395,6.5010062826331705e-06,-3.6,-0.258834473,0.2749999761581421,0.013228763826191425,0.25999999046325684,0.30000001192092896,0.22718089818954468,0.23567688465118408,0.0005587860359810293,0.877537727355957,0.08852051943540573,0.12903225421905518,0.0003,290,110,202.7644255995015,4.890971422195435,0.1641559600830078,5.055127382278442,442,0.18046870082616806,0,0,TRUE,pair,140,2.031957102008164,5.119999996045741,40,0,7.321428571428571,2.031957102008164,0.18673360091634095,2.551352602429688,cpu,cuda:0,0,72.30224609,46
5955,1,DDT900_num50.txt,fixed,1083,8,135.375,5.566360950469971,5.078430652618408,6.43950897938339e-06,-3.4,-0.256248734,0.2874999940395355,0.013919418677687645,0.25999999046325684,0.30000001192092896,0.09072176473481315,0.09858764708042145,0.0017924726375245623,0.8762122733252389,0.021197739788996323,0.10854289733937808,0.0003,285,115,73.53668692791578,5.101655006408691,9.625687837600708,14.7273428440094,445,0.17587140016257763,0,0,TRUE,pair,144,2.0811648999806494,5.084949212941657,35,0,7.520833333333333,2.0811648999806494,0.19560050568543375,2.6959622018039227,cpu,cuda:0,0,671.42919921875,49
5956,1,DDT900_num50.txt,fixed,1021,8,127.625,8.410372734069824,5.8765997886657715,1.3963270248495974e-05,-3.6,-0.266422069,0.2750000059604645,0.029580403119325638,0.2199999988079071,0.3199999928474426,0.0016532465815544128,0.009266528893600811,0.0016624902941244231,0.8444524732503024,0.014553426278077743,0.07523103295402093,0.0003,290,110,57.56995330046664,5.905752897262573,11.829192876815796,17.73494577407837,434,0.1978486985899508,0,0,TRUE,pair,142,2.7297625972423702,5.2438785492731705,45,0,7.190140845070423,2.7297625972423702,0.23824900249019265,2.788181598065421,cpu,cuda:0,0,671.42724609375,49
5957,1,DDT900_num50.txt,fixed,1072,8,134,9.77241039276123,4.968540668487549,7.876838935771957e-06,-3.68,-0.279700836,0.26999998092651367,0.026457512751221657,0.2199999988079071,0.3199999928474426,-0.274449103,-0.268000739,0.0015222081371272604,0.7209465901056925,0.021741268845895927,0.085294043024381,0.0003,292,108,162.1691785737446,4.986129283905029,1.624251365661621,6.61038064956665,442,0.17286869953386486,0,0,TRUE,pair,149,2.084106399444863,5.044776120959823,45,0,7.194630872483222,2.084106399444863,0.19534569862298667,2.5844134013168514,cpu,cuda:0,0,362.81591796875,48
5958,1,DDT900_num50.txt,fixed,1053,8,131.625,7.261843681335449,5.054387092590332,5.220767889113631e-06,-3.68,-0.271712694,0.26999998092651367,0.01000000536441803,0.25999999046325684,0.2800000011920929,-0.01877691,-0.01124383,0.0018275734619237483,0.8446880479653677,0.017884596270353843,0.05156743216017882,0.0003,292,108,93.31577855474453,5.073492050170898,6.210773229598999,11.284265279769897,439,0.18481310247443616,0,0,TRUE,pair,144,2.1311242994852364,5.000000000226418,60,0,7.3125,2.1311242994852364,0.19450649991631508,2.620714792981744,cpu,cuda:0,0,671.42919921875,50
5959,1,DDT900_num50.txt,fixed,1007,8,125.875,6.293598175048828,5.598831653594971,1.8765525965136476e-05,-3.8,-0.263699753,0.26249998807907104,0.01854049786925316,0.2199999988079071,0.2800000011920929,-0.105435155,-0.09797653,0.0014280828298069536,0.8172667622566223,0.02544804667122662,0.07216626256704331,0.0003,295,105,87.81944034981697,5.625976800918579,5.840732574462891,11.46670937538147,448,0.20111959800124168,0,0,TRUE,pair,133,2.520095999352634,5.009930485883559,40,0,7.571428571428571,2.520095999352634,0.2430828004144132,2.7169808987528086,cpu,cuda:0,0,671.42724609375,50
5960,1,DDT900_num50.txt,fixed,1024,8,128,6.304759979248047,6.074931621551514,5.488807801157236e-06,-4.16,-0.278646878,0.23999999463558197,0.022360678762197495,0.20000000298023224,0.2800000011920929,-0.461288273,-0.453929285,0.0009414684803535541,0.7829729517300924,0.01147964889726912,0.05225806310772896,0.0003,304,96,129.7475400570259,6.091888666152954,1.800361156463623,7.892249822616577,446,0.21494370023719966,0,0,TRUE,pair,143,2.807899799896404,5.016601562965661,55,0,7.160839160839161,2.807899799896404,0.27316559525206685,2.8644716003909707,cpu,cuda:0,0,341.4814453,49
5961,1,DDT900_num50.txt,fixed,1022,8,127.75,5.910795211791992,4.781173229217529,5.943751602899283e-06,-3.96,-0.269322167,0.2524999976158142,0.022220492362976074,0.23999999463558197,0.30000001192092896,-0.11362436,-0.105994814,0.0022402601482878837,0.874967268535069,0.013817801805479186,0.05197960005274841,0.0003,299,101,83.1090333081668,4.801787614822388,7.495311260223389,12.297098875045776,455,0.17504660063423216,0,0,TRUE,pair,141,2.001531499903649,4.877690802814909,40,0,7.24822695035461,2.001531499903649,0.18737679719924927,2.491895202314481,cpu,cuda:0,0,671.42724609375,49
5962,1,DDT900_num50.txt,fixed,1007,8,125.875,3.059309482574463,5.0810370445251465,2.939421619885252e-06,-3.88,-0.261882875,0.2574999928474426,0.015612496994435787,0.23999999463558197,0.2800000011920929,0.006140079349279404,0.01343427412211895,0.0021342377294786274,0.8361297100782394,0.017244725197087973,0.07067602989263833,0.0003,297,103,92.09770328570511,5.104245662689209,5.829794645309448,10.934040307998657,447,0.19137639738619328,0,0,TRUE,pair,133,2.232051198836416,4.94240317586162,30,0,7.571428571428571,2.232051198836416,0.1928589018061757,2.5517549961805344,cpu,cuda:0,0,671.42724609375,50
5963,1,DDT900_num50.txt,fixed,1027,8,128.375,10.331233024597168,5.743666172027588,7.008046395640122e-06,-4.08,-0.282140415,0.24500000476837158,0.03570714220404625,0.20000000298023224,0.3199999928474426,-0.139032704,-0.131953616,0.0021611326723359526,0.8159653186798096,0.014295315183699132,0.07244520038366317,0.0003,302,98,87.73850072282849,5.762046813964844,5.943190813064575,11.705237627029419,441,0.20814479980617762,0,0,TRUE,pair,151,2.6332018997054547,5.046738072054528,45,0,6.801324503311259,2.6332018997054547,0.24913820112124085,2.7390407018829137,cpu,cuda:0,0,671.42919921875,50
5964,1,DDT900_num50.txt,fixed,1035,8,129.375,7.175261497497559,5.86752986907959,6.134357590781292e-06,-3.68,-0.275469189,0.26999998092651367,0.02236068621277809,0.23999999463558197,0.30000001192092896,-0.122649182,-0.116438779,0.0025452351430431007,0.7483022630214691,0.02522034556604922,0.10534912943840027,0.0003,292,108,57.96973334431896,5.88911509513855,11.96502947807312,17.85414457321167,442,0.1900876988656819,0,0,TRUE,pair,141,2.6886922009289265,4.991304348747511,40,0,7.340425531914893,2.6886922009289265,0.24411850166507065,2.815707904053852,cpu,cuda:0,0,671.42919921875,50
5965,1,DDT900_num50.txt,fixed,1071,8,133.875,8.535770416259766,5.89603328704834,7.533800726378104e-06,-3.88,-0.272831222,0.2574999928474426,0.045207858085632324,0.20000000298023224,0.36000001430511475,-0.087399498,-0.082692243,0.0012779291719198227,0.5346218943595886,0.03197423368692398,0.051094889640808105,0.0003,297,103,147.22358545589074,5.917520999908447,1.357128620147705,7.274649620056152,458,0.2041903983335942,0,0,TRUE,pair,150,2.5930354986339808,4.8534080287655526,30,0,7.14,2.5930354986339808,0.25042320042848587,2.9249251959845424,cpu,cuda:0,0,383.53564453125,50
5966,1,DDT900_num50.txt,fixed,992,8,124,7.516648292541504,4.6320343017578125,6.260474037844688e-06,-3.92,-0.275328103,0.2549999952316284,0.019364917650818825,0.2199999988079071,0.2800000011920929,-0.228677079,-0.221824065,0.0004937039338983595,0.7099862694740295,0.03174159303307533,0.09999999403953552,0.0003,298,102,202.39023429016024,4.65455174446106,0.2468705177307129,4.9014222621917725,445,0.178038400830701,0,0,TRUE,pair,137,1.9485342013649642,4.806451612903226,30,0,7.240875912408759,1.9485342013649642,0.17015810636803508,2.4185167006216943,cpu,cuda:0,0,98.89892578,47
5967,1,DDT900_num50.txt,fixed,1048,8,131,9.848857879638672,4.923501968383789,6.879109605506528e-06,-3.84,-0.269392172,0.25999999046325684,0.026457510888576508,0.2199999988079071,0.3199999928474426,-0.108102812,-0.101136835,0.0015445852574581902,0.773827334245046,0.013994260225445032,0.09451852273195982,0.0003,296,104,99.03395460358013,4.947433710098267,5.634795427322388,10.582229137420654,441,0.17475869855843484,0,0,TRUE,pair,151,2.1199695009272546,4.907442748091603,40,0,6.940397350993377,2.1199695009272546,0.1798718038480729,2.522862099809572,cpu,cuda:0,0,671.42919921875,50
5968,1,DDT900_num50.txt,fixed,1015,8,126.875,6.00910758972168,5.979261875152588,5.588869044004241e-06,-4.32,-0.285828175,0.23000000417232513,0.022360678762197495,0.20000000298023224,0.2800000011920929,0.024437546730041504,0.03189641237258911,0.002989287177721659,0.8953518271446228,0.032667073886841536,0.05612955490748087,0.0003,308,92,86.85117925993416,5.998764514923096,5.6878931522369385,11.686657667160034,456,0.22463429905474186,0,0,TRUE,pair,141,2.774446500465274,5.060098519818536,35,0,7.198581560283688,2.774446500465274,0.25659000175073743,2.8172835018485785,cpu,cuda:0,0,671.42724609375,50
5969,1,DDT900_num50.txt,fixed,1029,8,128.625,5.337075710296631,6.343521595001221,5.905373654968571e-06,-4.28,-0.286531246,0.23250000178813934,0.01713913306593895,0.20000000298023224,0.25999999046325684,-0.124301721,-0.115850111,0.0016913595951764898,0.9297290689804975,0.016970989075215423,0.09164771854000933,0.0003,307,93,45.041763636717704,6.362130880355835,16.483333349227905,22.84546422958374,459,0.23627869924530387,0,0,TRUE,pair,137,2.922654302092269,4.914480077050286,45,0,7.510948905109489,2.922654302092269,0.25287270406261086,3.0327441978733987,cpu,cuda:0,0,671.42919921875,49
5970,1,DDT900_num50.txt,fixed,1016,8,127,6.855654716491699,4.757135391235352,8.868081749824341e-06,-4.24,-0.307328964,0.23500001430511475,0.03570714220404625,0.18000000715255737,0.30000001192092896,-0.153787067,-0.145533626,0.0014335285328949492,0.8970197439193726,0.018881426037599642,0.08766244351863861,0.0003,306,94,160.2302062016731,4.774505376815796,1.5663714408874512,6.340876817703247,449,0.17999650398269296,0,0,TRUE,pair,142,1.9755121993366629,5.044291338348013,40,0,7.154929577464789,1.9755121993366629,0.17928499775007367,2.504198102746159,cpu,cuda:0,0,344.53759765625,50
5971,1,DDT900_num50.txt,fixed,1026,8,128.25,12.397076606750488,5.681416988372803,7.954038665047847e-06,-4,-0.295015408,0.25,0.03999999538064003,0.18000000715255737,0.3199999928474426,-0.002357806,0.004534137590477864,0.002364472306605118,0.8074179788430532,0.01465521624777466,0.10021001876642306,0.0003,300,100,56.406310058232634,5.700041770935059,12.489412546157837,18.189454317092896,444,0.20072590257041156,0,0,TRUE,pair,156,2.6215594017412513,5.169590643042477,45,0,6.576923076923077,2.6215594017412513,0.2218048966024071,2.7229038951918483,cpu,cuda:0,0,671.42919921875,50
5972,1,DDT900_num50.txt,fixed,1039,8,129.875,8.964339256286621,5.702192783355713,6.531537565024337e-06,-4.04,-0.303145688,0.2474999874830246,0.01984313316643238,0.2199999988079071,0.2800000011920929,-0.036332612,-0.028661402,0.0017392079171258956,0.8540818616747856,0.022405386305763386,0.0892934207804501,0.0003,301,99,81.54237630618925,5.719858169555664,7.021982908248901,12.741841077804565,458,0.18651279876939952,0,0,TRUE,pair,144,2.7855389984324574,5.099133782368423,55,0,7.215277777777778,2.7855389984324574,0.2239675037562847,2.5802019021939486,cpu,cuda:0,0,671.42919921875,50
5973,1,DDT900_num50.txt,fixed,1024,8,128,4.898979663848877,6.219466686248779,5.124612926010741e-06,-4.2,-0.310826948,0.23750001192092896,0.033819373697042465,0.18000000715255737,0.30000001192092896,-0.18859385,-0.181465065,0.0026072667096741498,0.8432408571243286,0.01174405065830797,0.08849874958395958,0.0003,305,95,81.79406732733288,6.236920118331909,6.282325267791748,12.519245386123657,438,0.21016510226763785,0,0,TRUE,pair,136,2.819540402153507,5.284179687267169,55,0,7.529411764705882,2.819540402153507,0.25877740141004324,3.008300695568323,cpu,cuda:0,0,671.42724609375,51
5974,1,DDT900_num50.txt,fixed,1043,8,130.375,7.614747047424316,5.778428077697754,6.057427526684478e-06,-3.68,-0.315843237,0.27000001072883606,0.026457516476511955,0.23999999463558197,0.3199999928474426,-0.331073269,-0.324767262,0.0015857252001296729,0.7098863124847412,0.04860339476726949,0.03932484891265631,0.0003,292,108,146.27565275539772,5.795943975448608,1.3344292640686035,7.130373239517212,447,0.1975737027823925,0,0,TRUE,pair,140,2.666802200023085,5.23873442108542,80,0,7.45,2.666802200023085,0.2571530952118337,2.7294700029306114,cpu,cuda:0,0,339.6210938,51
5975,1,DDT900_num50.txt,fixed,1079,8,134.875,8.491724014282227,5.141587257385254,7.001960511843208e-06,-3.52,-0.298608639,0.2800000011920929,0.024494901299476624,0.23999999463558197,0.3199999928474426,0.033573935925960544,0.04143395721912384,0.0016145185742061584,0.8667283415794372,0.009774619387462736,0.06544811390340328,0.0003,288,112,106.88634795677598,5.16614556312561,4.928689002990723,10.094834566116333,446,0.18855770025402308,0,0,TRUE,pair,148,2.102515099802986,5.152919369123952,40,0,7.29054054054054,2.102515099802986,0.19822450052015483,2.7335179031360894,cpu,cuda:0,0,671.42919921875,49
5976,1,DDT900_num50.txt,fixed,1062,8,132.75,4.630064964294434,5.17850399017334,9.798394785320852e-06,-3.68,-0.297408802,0.26999998092651367,0.01732051372528076,0.23999999463558197,0.30000001192092896,-0.07675986,-0.068850661,0.001724110191306946,0.877125469121066,0.012787462254478172,0.08705998144366524,0.0003,292,108,64.42373606398651,5.204959392547607,11.279648065567017,16.484607458114624,458,0.18570980057120323,0,0,TRUE,pair,141,2.2384093997534364,5.161016948703543,40,0,7.531914893617022,2.2384093997534364,0.19905830640345812,2.633430205285549,cpu,cuda:0,0,671.42919921875,50
5977,1,DDT900_num50.txt,fixed,1008,8,126,5.074445724487305,5.13787317276001,5.626880465570139e-06,-3.84,-0.294174425,0.25999999046325684,0.010000001639127731,0.23999999463558197,0.2800000011920929,-0.488852352,-0.480360329,0.000752176740206778,0.886809766292572,0.048388585448265076,0.10000000149011612,0.0003,296,104,188.2778436317073,5.155425548553467,0.1983642578125,5.353789806365967,446,0.18164739990606904,0,0,TRUE,pair,135,2.2953781988471746,5.079365077472868,40,0,7.466666666666667,2.2953781988471746,0.20774659817107022,2.5294635973405093,cpu,cuda:0,0,82.93017578,49
5978,1,DDT900_num50.txt,fixed,1048,8,131,11.54339599609375,4.8863725662231445,7.354353328992147e-06,-3.68,-0.289225596,0.26999998092651367,0.04123105853796005,0.2199999988079071,0.3400000035762787,-0.188645948,-0.180834722,0.0012845322722569107,0.8453488171100616,0.02678732234053314,0.04642038382589817,0.0003,292,108,114.10103597703458,4.903432607650757,4.281409502029419,9.184842109680176,448,0.24312260188162327,0,0,TRUE,pair,151,2.006540999049321,5.186068700697586,55,0,6.940397350993377,2.006540999049321,0.1855246014893055,2.5920535016339272,cpu,cuda:0,0,671.42919921875,49
5979,1,DDT900_num50.txt,fixed,1046,8,130.75,6.628536701202393,5.288030624389648,5.87642534810584e-06,-3.88,-0.290337767,0.2574999928474426,0.015612496994435787,0.23999999463558197,0.2800000011920929,-0.093047025,-0.085200592,0.0014491144441611443,0.8570987979571024,0.016902750396790605,0.08312774263322353,0.0003,297,103,86.8109448969872,5.306658029556274,6.74251389503479,12.049171924591064,452,0.19687780109234154,0,0,TRUE,pair,140,2.2129350991453975,5.0210325047801145,32,0,7.4714285714285715,2.2129350991453975,0.20483630034141243,2.754488099133596,cpu,cuda:0,0,671.42919921875,50
5980,1,DDT900_num50.txt,fixed,1081,8,135.125,4.935521602630615,6.1956377029418945,5.815654276375426e-06,-3.76,-0.285933424,0.26499998569488525,0.013228763826191425,0.25999999046325684,0.30000001192092896,-0.064936495,-0.057498335,0.0017448380822315812,0.8310582041740417,0.1138082718825899,0.06270610727369785,0.0003,294,106,91.53029388054073,6.213439226150513,5.596858263015747,11.81029748916626,467,0.22379569872282445,0,0,TRUE,pair,145,2.92957920092158,5.061979646709205,50,0,7.455172413793103,2.92957920092158,0.2643747010733932,2.863414693856612,cpu,cuda:0,0,671.42919921875,49
5981,1,DDT900_num50.txt,fixed,1036,8,129.5,4.27200174331665,4.946634292602539,5.198946382733993e-06,-3.76,-0.28413898,0.26499998569488525,0.02179449424147606,0.23999999463558197,0.3199999928474426,-0.565392862,-0.558690319,0.0015370432132234175,0.7471043864885966,0.07755398796871305,0.06673465607066949,0.0003,294,106,156.10464564204494,4.97369647026062,1.6628773212432861,6.636573791503906,448,0.26021700189448893,0,0,TRUE,pair,136,2.031215100316331,5.06949806949807,55,0,7.617647058823529,2.031215100316331,0.185920394025743,2.6279044961556792,cpu,cuda:0,0,355.44091796875,49
5982,1,DDT900_num50.txt,fixed,1065,8,133.125,11.428445816040039,4.971530914306641,7.970101250975858e-06,-3.84,-0.280650861,0.25999999046325684,0.03464101627469063,0.20000000298023224,0.3199999928474426,-0.131050228,-0.123352904,0.001712142654772227,0.8553393383820852,0.020628944621421397,0.08459846302866936,0.0003,296,104,97.44017483735844,4.995199203491211,5.934584140777588,10.929783344268799,453,0.18364490172825754,0,0,TRUE,pair,148,2.0631656020414084,5.061971831881384,45,0,7.195945945945946,2.0631656020414084,0.19411719776690006,2.6086836964823306,cpu,cuda:0,0,671.42919921875,50
5983,1,DDT900_num50.txt,fixed,1058,8,132.25,4.656983852386475,5.721216678619385,5.110729034640826e-06,-3.72,-0.253707171,0.26749998331069946,0.024366989731788635,0.2199999988079071,0.30000001192092896,-0.132897627,-0.124816853,0.0011428975590711667,0.8652223447958628,0.017778740549046133,0.07541941561632687,0.0003,293,107,62.73511858613859,5.740850925445557,11.123706340789795,16.86455726623535,450,0.22052859840914607,0,0,TRUE,pair,139,2.517670001136139,5.019848770815844,35,0,7.611510791366906,2.517670001136139,0.245115997036919,2.834181394195184,cpu,cuda:0,0,671.42919921875,50
5984,1,DDT900_num50.txt,fixed,1034,8,129.25,8.181533813476562,5.372287273406982,6.274079169088509e-06,-4,-0.268900318,0.25,0.030000001192092896,0.20000000298023224,0.30000001192092896,-0.204178551,-0.19635831,0.0015023112419940946,0.8571393042802811,0.0105283203560652,0.0748799139012893,0.0003,300,100,50.94675088689942,5.3922364711761475,14.903464078903198,20.295700550079346,449,0.1851751976646483,0,0,TRUE,pair,142,2.4132277998141944,5.164410058257658,40,0,7.28169014084507,2.4132277998141944,0.2131961020641029,2.635783500270918,cpu,cuda:0,0,671.42919921875,49
5985,1,DDT900_num50.txt,fixed,1054,8,131.75,6.684871196746826,6.3789777755737305,2.8344749807729386e-05,-3.64,-0.265061995,0.2724999785423279,0.028173571452498436,0.2199999988079071,0.3199999928474426,-0.143705156,-0.136174562,0.0014586485413019545,0.8259911015629768,0.011098798965880027,0.08005715208128095,0.0003,291,109,54.2774732293286,6.4037864208221436,13.01495099067688,19.418737411499023,460,0.22728629759512842,0,0,TRUE,pair,141,2.7938065987545997,5.101518026113058,55,0,7.475177304964539,2.7938065987545997,0.2870877042878419,3.157958999508992,cpu,cuda:0,0,671.42919921875,50
5986,1,DDT900_num50.txt,fixed,1093,8,136.625,8.138450622558594,6.462394714355469,6.0855145420646295e-06,-3.48,-0.272142286,0.2824999988079071,0.03072051703929901,0.23999999463558197,0.3400000035762787,-0.181938308,-0.17403144,0.0010569540900178254,0.8435346053706275,0.021218320341884263,0.04682407610946231,0.0003,287,113,78.01175090499176,6.47988224029541,7.530827522277832,14.010709762573242,447,0.21421510237269104,0,0,TRUE,pair,150,2.9850753992795944,5.059469347357859,40,0,7.286666666666667,2.9850753992795944,0.27727790060453117,3.058651501778513,cpu,cuda:0,0,671.4296875,50
5987,1,DDT900_num50.txt,fixed,1038,8,129.75,8.166241645812988,6.03788948059082,7.941522198962048e-06,-3.68,-0.272206992,0.26999998092651367,0.030000001192092896,0.2199999988079071,0.3199999928474426,-0.208884502,-0.201688917,0.0018585952105543886,0.8124880840380987,0.00980915098140637,0.07785457289881176,0.0003,292,108,44.546727560431194,6.082104206085205,17.219270706176758,23.301374912261963,444,0.20054040499962866,0,0,TRUE,pair,138,2.953139399178326,5.1473988425524935,35,0,7.521739130434782,2.953139399178326,0.2600654005073011,2.7018448982853442,cpu,cuda:0,0,671.42919921875,50
5988,1,DDT900_num50.txt,fixed,1045,8,130.625,5.699506759643555,4.914844989776611,5.902966677240329e-06,-3.44,-0.248605574,0.2849999964237213,0.016583124175667763,0.25999999046325684,0.3199999928474426,0.00734686240967777,0.015489745057291456,0.0011813888526780324,0.8733576536178589,0.016767905947441857,0.08400701865967777,0.0003,286,114,75.74641123957369,4.937206268310547,8.858826875686646,13.796033143997192,439,0.1719461993779987,0,0,TRUE,pair,143,2.0285742001142353,5.337799039411773,45,0,7.3076923076923075,2.0285742001142353,0.18634959729388356,2.5991832988802344,cpu,cuda:0,0,671.42919921875,50
5989,1,DDT900_num50.txt,fixed,1049,8,131.125,4.728569984436035,5.803462028503418,5.0716512305371e-06,-3.92,-0.252230986,0.2549999952316284,0.02397915907204151,0.2199999988079071,0.2800000011920929,-0.071183767,-0.062801531,0.0012738304503727704,0.9019151429335276,0.015613629521491626,0.054792651596168675,0.0003,298,102,84.62551337273847,5.831167936325073,6.5646209716796875,12.39578890800476,450,0.19451670092530549,0,0,TRUE,pair,139,2.703173198271543,5.407054336555125,55,0,7.546762589928058,2.703173198271543,0.25754169886931777,2.7193255017045885,cpu,cuda:0,0,671.42919921875,51
5990,1,DDT900_num50.txt,fixed,1045,8,130.625,5.2900261878967285,5.904489517211914,5.015298029320547e-06,-3.64,-0.255664715,0.2724999785423279,0.04575751721858978,0.20000000298023224,0.36000001430511475,-0.072445187,-0.063475775,0.0016071098041720688,0.97729651927948,0.012691303994506598,0.04452236071228981,0.0003,291,109,85.98021240785133,5.922248840332031,6.231710433959961,12.153959274291992,443,0.19916309951804578,0,0,TRUE,pair,139,2.688946000067517,5.395215311917392,50,0,7.517985611510792,2.688946000067517,0.2782278014346957,2.8044068976305425,cpu,cuda:0,0,671.42919921875,51
5991,1,DDT900_num50.txt,fixed,1044,8,130.5,9.643651008605957,6.609344005584717,6.762435077689588e-06,-3.8,-0.270287096,0.26249998807907104,0.03526684269309044,0.20000000298023224,0.30000001192092896,0.04791770130395889,0.05711727465192477,0.002124081637399892,1.0261613527933757,0.02707407169509679,0.0642259990175565,0.0003,295,105,93.33010107802967,6.629364252090454,4.556737422943115,11.18610167503357,445,0.28594290232285857,0,0,TRUE,pair,143,3.140732600353658,5.175287357692061,40,0,7.300699300699301,3.140732600353658,0.2849012028891593,3.0239246950950474,cpu,cuda:0,0,671.42919921875,51
5992,1,DDT900_num50.txt,fixed,1063,8,132.875,7.253232002258301,6.170185089111328,5.974752639303915e-06,-3.6,-0.263229587,0.2749999761581421,0.034278277307748795,0.2199999988079071,0.3199999928474426,-0.213841854,-0.206016416,0.0021133721456862986,0.8882119730114937,0.04976983237429522,0.06201074551790953,0.0003,290,110,87.05231604749117,6.188235521316528,6.022812366485596,12.211047887802124,428,0.1986895026639104,0,0,TRUE,pair,144,2.9265167000703514,5.451552209378635,60,0,7.381944444444445,2.9265167000703514,0.23074880638159811,2.874655599007383,cpu,cuda:0,0,671.42919921875,50
5993,1,DDT900_num50.txt,fixed,1080,8,135,5.172039985656738,5.214247703552246,5.0632384045457e-06,-3.88,-0.272089603,0.2574999928474426,0.025372227653861046,0.20000000298023224,0.2800000011920929,-0.047701929,-0.039499357,0.0004630948242265731,0.8434121012687683,0.08328894368605688,0.04545454680919647,0.0003,297,103,194.4953199123634,5.235382080078125,0.31745076179504395,5.552832841873169,463,0.18738509784452617,0,0,TRUE,pair,144,2.168027700856328,5.09722222133919,40,0,7.5,2.168027700856328,0.21333880024030805,2.7066971003077924,cpu,cuda:0,0,89.67138672,47
5994,1,DDT900_num50.txt,fixed,1070,8,133.75,8.584142684936523,5.125345230102539,6.837668479420245e-06,-3.84,-0.264091946,0.25999999046325684,0.04000000283122063,0.18000000715255737,0.30000001192092896,-0.123874354,-0.114821953,0.0011980116283262356,0.9651408923996819,0.014416662096563313,0.07936857868399885,0.0003,296,104,80.06568379089185,5.147830009460449,8.216197490692139,13.364027500152588,455,0.18432850274257362,0,0,TRUE,pair,151,2.1463813995942473,5.053271030265594,55,0,7.086092715231788,2.1463813995942473,0.19235300016589463,2.6643415961880237,cpu,cuda:0,0,671.42919921875,52
5995,1,DDT900_num50.txt,fixed,1093,8,136.625,6.183394908905029,6.6537394523620605,5.009627784602344e-06,-3.92,-0.271331248,0.2549999952316284,0.02958039753139019,0.2199999988079071,0.3199999928474426,-0.01931037,-0.011436903,0.0016180557082407176,0.8682497382164002,0.022566500632092357,0.06096674762666225,0.0003,298,102,82.64918839137643,6.676907539367676,6.547662734985352,13.224570274353027,462,0.23745659925043583,0,0,TRUE,pair,150,3.0114247009623796,4.8956999080724275,30,0,7.286666666666667,3.0114247009623796,0.29446320282295346,3.176420804578811,cpu,cuda:0,0,671.4296875,50
5996,1,DDT900_num50.txt,fixed,1089,8,136.125,10.982230186462402,6.694210052490234,7.59953354645404e-06,-3.4,-0.272848289,0.2874999940395355,0.04465143010020256,0.2199999988079071,0.3400000035762787,0.026977051794528962,0.03540950119495392,0.0014385961461812259,0.9151745438575745,0.013203855056781321,0.04364127367734909,0.0003,285,115,91.98442418097993,6.7139012813568115,5.125059604644775,11.838960886001587,459,0.21534729865379632,0,0,TRUE,pair,155,3.2044181989040226,4.842975204641169,35,0,7.025806451612903,3.2044181989040226,0.28974739904515445,3.0406912981998175,cpu,cuda:0,0,671.4296875,51
5997,1,DDT900_num50.txt,fixed,1081,8,135.125,5.418429374694824,6.419845104217529,5.146749572304543e-06,-3.68,-0.284865649,0.27000001072883606,0.026457518339157104,0.2199999988079071,0.30000001192092896,-0.048518161,-0.040319254,0.002071360514188806,0.923458993434906,0.09440326030987005,0.042506009650727115,0.0003,292,108,94.27311246117274,6.44019341468811,5.026490688323975,11.466684103012085,447,0.2141393015626818,0,0,TRUE,pair,145,2.8854658019263297,5.132284922912978,55,0,7.455172413793103,2.8854658019263297,0.28870730381459,3.081757302163169,cpu,cuda:0,0,671.42919921875,51
5998,1,DDT900_num50.txt,fixed,1060,8,132.5,4.769696235656738,5.39315128326416,5.465456524689216e-06,-3.96,-0.298192447,0.2524999976158142,0.022220486775040627,0.2199999988079071,0.2800000011920929,-0.476337045,-0.467691422,0.0008520703995600343,0.907164990901947,0.33707261085510254,0.05000000074505806,0.0003,299,101,189.7804389002322,5.412503480911255,0.1728982925415039,5.585401773452759,444,0.1955008008517325,0,0,TRUE,pair,142,2.33846100140363,5.124528298962791,45,0,7.464788732394366,2.33846100140363,0.2134464003611356,2.7089331971947104,cpu,cuda:0,0,82.93066406,47
5999,1,DDT900_num50.txt,fixed,1047,8,130.875,8.579590797424316,5.291157245635986,7.237486443045782e-06,-4.08,-0.311720796,0.2449999898672104,0.023979155346751213,0.20000000298023224,0.2800000011920929,-0.018094973,-0.008764964,0.001771055452991277,1.0215538501739503,0.030010345950722696,0.06605121791362763,0.0003,302,98,113.94990449242891,5.31220006942749,3.8760480880737305,9.18824815750122,460,0.19525700202211738,0,0,TRUE,pair,142,2.211958100553602,5.50716332127736,60,0,7.373239436619718,2.211958100553602,0.21095899841748178,2.740399298025295,cpu,cuda:0,0,671.42919921875,50
